time,open,high,low,close
1775832300,72865.03,72963.05,72703.83,72909
1775833200,72909,73123.37,72844,73026.4
1775834100,73026.39,73289.96,72761.32,72782.95
1775835000,72782.96,72842,72596.38,72745.81
1775835900,72745.8,72763.42,72355.87,72460.51
1775836800,72460.52,72707.34,72387.41,72695
1775837700,72695,72816.26,72575.08,72768.87
1775838600,72768.87,72799.47,72600,72719.54
1775839500,72719.54,73069.4,72708.89,72992.33
1775840400,72992.32,73004.85,72802.96,72865.04
1775841300,72865.04,73029.51,72803.69,72966.97
1775842200,72966.96,72966.97,72803.16,72918
1775843100,72918,73146,72918,73121.66
1775844000,73121.66,73136.39,72880.95,73087.79
1775844900,73087.79,73159.81,72889.54,72983.07
1775845800,72983.07,73015.01,72916.69,72952.8
1775846700,72952.79,73110.96,72939.18,73107.07
1775847600,73107.07,73255.25,73078,73175.77
1775848500,73175.78,73185,72990,72996.94
1775849400,72996.94,73017.03,72904.52,72945.98
1775850300,72945.99,73264.76,72900,73236.11
1775851200,73236.11,73265.25,73130.53,73242.98
1775852100,73242.98,73275.25,73131.11,73249.2
1775853000,73249.21,73434,73051.97,73240.68
1775853900,73240.69,73418,73150.59,73361.68
1775854800,73361.68,73364.47,73026.37,73079.24
1775855700,73079.24,73182,73057.66,73096.9
1775856600,73096.9,73099.61,72934.53,73064.01
1775857500,73064,73204.12,73036.97,73190.67
1775858400,73190.68,73244.03,73101.91,73157.53
1775859300,73157.54,73199,73000,73011.99
1775860200,73012,73024.3,72700.6,72858.2
1775861100,72858.21,72899.71,72832.78,72877
1775862000,72877.01,72889.35,72791.96,72879.93
1775862900,72879.94,72939.91,72811.25,72892.97
1775863800,72892.98,72928.59,72840,72904.39
1775864700,72904.39,72967.79,72904.39,72962.7
1775865600,72962.71,72962.71,72810.62,72871.39
1775866500,72871.39,72915.16,72817.97,72898.42
1775867400,72898.43,72938.28,72843.99,72862.4
1775868300,72862.4,72862.4,72787.94,72828.42
1775869200,72828.42,72846.68,72771.66,72809.38
1775870100,72809.38,72835.5,72670,72835.5
1775871000,72835.49,72936.66,72827.12,72854.63
1775871900,72854.64,72999.99,72854.64,72954.39
1775872800,72954.39,72999.07,72910.93,72966.26
1775873700,72966.26,73038.71,72966.25,72993.76
1775874600,72993.75,73094.89,72976.42,72999.96
1775875500,72999.95,72999.96,72922.95,72966.57
1775876400,72966.58,73075.34,72966.57,73044.28
1775877300,73044.28,73051.34,72994.84,72999.27
1775878200,72999.27,73023.99,72930,72980.04
1775879100,72980.03,72984.99,72814.42,72866.63
1775880000,72866.62,72954.28,72807.98,72837.99
1775880900,72838,72839.69,72681.9,72731.45
1775881800,72731.45,72824.76,72731.44,72804.46
1775882700,72804.46,72825.5,72768.58,72806.08
1775883600,72806.08,72826.4,72699.98,72709.99
1775884500,72709.99,72810.15,72679.08,72810.15
1775885400,72810.16,72836.55,72801.99,72802
1775886300,72802,72802,72716.58,72722.28
1775887200,72722.28,72722.29,72612.16,72673.87
1775888100,72673.87,72731.06,72634,72695.04
1775889000,72695.04,72756.77,72665.34,72727.21
1775889900,72727.21,72771.32,72715.71,72762
1775890800,72762.01,72777.67,72743.35,72758.34
1775891700,72758.34,72832,72755.72,72799.11
1775892600,72799.12,72815.63,72737.5,72737.5
1775893500,72737.5,72745.38,72672.56,72745.38
1775894400,72745.38,72784.22,72715.13,72770.73
1775895300,72770.73,72799.57,72740.57,72740.58
1775896200,72740.58,72760.54,72688.52,72732.87
1775897100,72732.88,72743.58,72638.44,72664.17
1775898000,72664.16,72675.71,72617.75,72673.88
1775898900,72673.89,72900,72673.89,72858.96
1775899800,72858.95,72858.96,72758.13,72829.8
1775900700,72829.8,72908,72829.8,72907.11
1775901600,72907.12,72915.95,72790,72810.14
1775902500,72810.13,72880.44,72773.6,72872.85
1775903400,72872.86,72872.86,72760.9,72783.36
1775904300,72783.36,72847.43,72768.88,72843.71
1775905200,72843.7,72884.63,72826.37,72865.78
1775906100,72865.78,72879.86,72826.37,72833.03
1775907000,72833.03,72848.08,72828.98,72848.08
1775907900,72848.07,72912,72842.3,72907.05
1775908800,72907.05,72946.1,72887.38,72927.87
1775909700,72927.87,72949.47,72814.97,72861.86
1775910600,72861.85,72964.3,72849.2,72962.73
1775911500,72962.73,72982.4,72920,72940.49
1775912400,72940.5,72940.5,72513.09,72605.99
1775913300,72605.99,72774.14,72605.98,72616.78
1775914200,72616.79,72716.56,72578.18,72668.01
1775915100,72668,72706,72641.53,72658.07
1775916000,72658.07,72727.32,72617.8,72704.9
1775916900,72704.9,72770.91,72700,72712.93
1775917800,72712.93,72715.12,72609.27,72657.3
1775918700,72657.3,72737.89,72643.38,72704.67
1775919600,72704.66,72737.89,72678,72700.71
1775920500,72700.72,72896.03,72696.27,72754.02
1775921400,72754.03,72813.86,72754.03,72771.17
1775922300,72771.17,72872.54,72733.03,72858.17
1775923200,72858.18,72872.54,72812.94,72872.54
1775924100,72872.54,72929.75,72851.68,72882.09
1775925000,72882.09,73204.74,72866,73107.53
1775925900,73107.54,73200,73025.05,73034.33
1775926800,73034.34,73049.78,72994.47,73002.93
1775927700,73002.93,73099.61,72942.06,73077.71
1775928600,73077.7,73169.04,73077.7,73154.44
1775929500,73154.45,73164.72,73061.03,73095.97
1775930400,73095.97,73110.73,73032.61,73110.72
1775931300,73110.73,73244,73110.72,73196.53
1775932200,73196.52,73726.13,73191.24,73463.42
1775933100,73463.43,73630,73430.18,73547.89
1775934000,73547.9,73790,73482,73570
1775934900,73570,73659.96,73472.38,73618.41
1775935800,73618.42,73790,73618.41,73692.43
1775936700,73692.43,73692.44,73609.34,73687.15
1775937600,73687.16,73689.97,73492.63,73493.28
1775938500,73493.28,73522.28,73402.68,73423.67
1775939400,73423.68,73423.68,73226.28,73363.35
1775940300,73363.36,73440,73285.22,73290.43
1775941200,73290.43,73434.89,73200.48,73420.81
1775942100,73420.82,73444,73313.9,73342.44
1775943000,73342.45,73470.6,73317.4,73437.07
1775943900,73437.07,73548.08,73406.01,73427.04
1775944800,73427.04,73541.77,73373.75,73505.47
1775945700,73505.46,73574,73393.96,73442
1775946600,73442,73455.91,73234.25,73328.04
1775947500,73328.05,73387.96,73254.22,73376.01
1775948400,73376.01,73376.01,72907.4,73045.51
1775949300,73045.51,73210,73035.13,73136
1775950200,73136,73176.4,73071.58,73071.72
1775951100,73071.73,73114.45,73009.45,73043.16
1775952000,73043.16,73071.33,72873.25,73015.01
1775952900,73015,73107.31,72931.39,73090
1775953800,73090,73117.32,72984.73,73016
1775954700,73016,73092.51,73009.99,73079.96
1775955600,73079.96,73137.24,72981.54,73077.99
1775956500,73077.99,73088.17,72994.15,73017.61
1775957400,73017.62,73017.62,71555,71735.99
1775958300,71736,71736,71310,71643.69
1775959200,71643.69,71857.08,71352.47,71789.64
1775960100,71789.65,71982.46,71678.46,71780.19
1775961000,71780.2,71932.2,71780.19,71891.77
1775961900,71891.77,71903.7,71761.34,71761.35
1775962800,71761.35,71861.33,71638.76,71750.09
1775963700,71750.19,71772.48,71619.21,71728
1775964600,71728,71759.92,71600.04,71673.03
1775965500,71673.03,71698,71593.18,71593.19
1775966400,71593.18,71685.31,71519,71589.95
1775967300,71589.94,71637.78,71488.4,71514.23
1775968200,71514.22,71594.68,71477.62,71560.54
1775969100,71560.54,71578.52,71444.68,71466.53
1775970000,71466.53,71578.51,71417.22,71508.35
1775970900,71508.35,71688.42,71488.07,71672.46
1775971800,71672.46,71724.12,71623.88,71649.43
1775972700,71649.44,71781,71649.18,71710.2
1775973600,71710.19,71753.33,71691.19,71738.1
1775974500,71738.11,71744.22,71657.88,71710.18
1775975400,71710.17,71710.17,71650,71658
1775976300,71658,71687.61,71633.77,71668.01
1775977200,71668.01,71681.21,71588.57,71620.82
1775978100,71620.82,71654.76,71605.43,71630
1775979000,71630,71742.27,71624,71739.13
1775979900,71739.14,71747.31,71649.01,71665
1775980800,71664.99,71710.69,71632.56,71644.28
1775981700,71644.28,71711.25,71637.82,71695
1775982600,71695.01,71805.85,71680.37,71747.31
1775983500,71747.31,71747.31,71595,71629.21
1775984400,71629.21,71633.01,71541,71591.73
1775985300,71591.74,71622.91,71582.67,71592.1
1775986200,71592.11,71632.43,71561.41,71576.69
1775987100,71576.69,71582,71488.45,71531.94
1775988000,71531.95,71682.72,71510.44,71630
1775988900,71630.01,71659.31,71610.96,71612.01
1775989800,71612,71612,71510.65,71519.54
1775990700,71519.54,71522.08,71357.76,71452.89
1775991600,71452.89,71542.89,71412.57,71516.79
1775992500,71516.78,71556.12,71480.22,71517.84
1775993400,71517.84,71523.93,71420.67,71449.14
1775994300,71449.14,71486.29,71433.76,71468.55
1775995200,71468.54,71468.54,71332.17,71394.03
1775996100,71394.02,71450,71373.99,71415
1775997000,71415,71500,71337.53,71488.23
1775997900,71488.24,71488.24,71077.44,71084.01
1775998800,71084.01,71146.03,70912.65,70985.84
1775999700,70985.84,71116.33,70985.84,71048.49
1776000600,71048.49,71093.25,70940.73,70984.8
1776001500,70984.8,71009.99,70866.82,70889.42
1776002400,70889.42,71027.75,70867.14,70990
1776003300,70990,71092.78,70989.99,71077.24
1776004200,71077.24,71088.84,70770.23,70844.92
1776005100,70844.92,70884.82,70700,70748.34
1776006000,70748.34,70844.27,70740.94,70838.08
1776006900,70838.08,70850,70719.94,70720.21
1776007800,70720.21,70896.55,70604.07,70872.37
1776008700,70872.38,70932,70852.24,70892.03
1776009600,70892.04,70959.51,70849.11,70935.4
1776010500,70935.39,70943.78,70821.05,70925.98
1776011400,70925.99,70950,70844.92,70876.92
1776012300,70876.91,70939.46,70822.44,70936.27
1776013200,70936.27,70999.5,70900,70900
1776014100,70900.01,71007.05,70900,70997.06
1776015000,70997.05,71020.01,70952.39,71014.75
1776015900,71014.74,71202,70927.27,71140.51
1776016800,71140.51,71182,71056.2,71175.75
1776017700,71175.75,71214.08,71065.16,71091.42
1776018600,71091.42,71205.31,71091.41,71119.42
1776019500,71119.42,71158.29,71104.55,71137.64
1776020400,71137.65,71222.58,71133.63,71133.64
1776021300,71133.64,71165.88,71123.8,71165.86
1776022200,71165.86,71165.87,71081.6,71102.47
1776023100,71102.47,71118.16,71078.76,71084.18
1776024000,71084.18,71106.76,70991.27,71017.36
1776024900,71017.36,71065.5,70956.83,71057.29
1776025800,71057.29,71440,71057.29,71321.85
1776026700,71321.85,71374.61,71227.52,71335.43
1776027600,71335.43,71452,71163.01,71220.52
1776028500,71220.52,71323.85,71220.51,71304.27
1776029400,71304.27,71355.57,71228.11,71311.59
1776030300,71311.58,71364.02,71215.05,71364.02
1776031200,71364.03,71367.85,70700,70948.05
1776032100,70948.05,70961.69,70538.53,70667.02
1776033000,70667.01,70927.32,70505.88,70817.47
1776033900,70817.47,70934.92,70783.97,70912.73
1776034800,70912.73,70912.73,70632.51,70632.51
1776035700,70632.51,70760.74,70600,70719.47
1776036600,70719.48,70733.28,70571.66,70733.27
1776037500,70733.27,70790.02,70592.29,70740.98
1776038400,70741.56,70916.96,70615.3,70916.18
1776039300,70916.18,71089.6,70831.13,70982.39
1776040200,70982.39,71129.31,70954.72,71063.99
1776041100,71064,71262.63,71019.48,71172.62
1776042000,71172.63,71227.28,71098.28,71132.95
1776042900,71132.95,71166.69,71055.9,71100.72
1776043800,71100.71,71201.56,71027.26,71147.76
1776044700,71147.77,71225.5,71119.42,71197.64
1776045600,71197.64,71258.72,70986.71,71001.38
1776046500,71001.38,71259.57,71001.38,71223.66
1776047400,71223.67,71271.78,71038.49,71042.64
1776048300,71042.63,71081.12,70994.99,71073.14
1776049200,71073.14,71118.71,70992.53,71056.97
1776050100,71056.97,71155.42,71000,71029.55
1776051000,71029.55,71056.28,70917.27,70973.43
1776051900,70973.43,71000,70929.14,70976
1776052800,70975.99,71000,70907.28,70951.74
1776053700,70951.74,71043.87,70914.68,71029.98
1776054600,71029.97,71144,71023.5,71023.5
1776055500,71023.5,71023.51,70854.29,70890.3
1776056400,70890.3,70920,70787.86,70823.44
1776057300,70823.45,70871.77,70766.4,70860.01
1776058200,70860.01,70860.01,70672.72,70747.21
1776059100,70747.21,70889.24,70747.21,70878.82
1776060000,70878.82,71010.66,70878.82,71000.37
1776060900,71000.36,71070,70980.18,71017.97
1776061800,71017.96,71046.78,70998.46,71046.77
1776062700,71046.78,71106.54,71017.56,71017.66
1776063600,71017.66,71067.91,70888,70896.13
1776064500,70896.12,70906.68,70686.03,70704
1776065400,70704,70810.23,70685.25,70778.76
1776066300,70778.76,70841.43,70762.92,70813.88
1776067200,70813.88,70861.01,70707.27,70730.55
1776068100,70730.55,70822.34,70651.3,70761
1776069000,70761.01,70761.01,70592.53,70600.01
1776069900,70600.01,70697.6,70566.99,70680.7
1776070800,70680.7,70910.68,70680.7,70715.54
1776071700,70715.54,70816.99,70678,70789.38
1776072600,70789.38,70832.19,70760.01,70789.41
1776073500,70789.4,70807.96,70749.99,70792.88
1776074400,70792.89,70846.9,70762.43,70820.72
1776075300,70820.72,70820.72,70718,70768.58
1776076200,70768.59,70835.11,70688.28,70771.83
1776077100,70771.83,70805.76,70709.63,70755.88
1776078000,70755.89,70875.24,70736.29,70870.78
1776078900,70870.79,70906.67,70842.48,70866.32
1776079800,70866.32,70950,70806.22,70936.04
1776080700,70936.03,70997.12,70915.2,70929.68
1776081600,70929.68,71061.21,70841.35,70965.7
1776082500,70965.69,70993.77,70862.06,70862.06
1776083400,70862.07,70905.56,70758.5,70836.58
1776084300,70836.58,71219.8,70836.57,71074.91
1776085200,71074.92,71200,71071.85,71199.99
1776086100,71200,71267.74,71111.95,71185.04
1776087000,71185.04,71227.08,70818.57,71038.44
1776087900,71038.43,71700.82,70953.29,71662.65
1776088800,71662.65,71768,71454.84,71622.24
1776089700,71622.25,71740,71375.24,71639.99
1776090600,71640,72000,71600,71989.14
1776091500,71989.13,72401,71866.95,72400.15
1776092400,72400.15,72464.28,71912.96,71951.39
1776093300,71951.4,72017.19,71850.94,71955.68
1776094200,71955.67,71955.67,71652.65,71837.57
1776095100,71837.56,71931.19,71728.08,71866.59
1776096000,71866.59,72044.16,71679.8,72030.33
1776096900,72030.33,72270,71922,72244.41
1776097800,72244.42,72370,72166.06,72301.56
1776098700,72301.56,72437.25,72066.89,72202.36
1776099600,72202.37,72433.33,72137.96,72300.39
1776100500,72300.38,72444.18,72278.93,72444.17
1776101400,72444.18,72600,72378.8,72444.15
1776102300,72444.15,72500,72069.01,72148.87
1776103200,72148.87,72216.93,72077.59,72191.22
1776104100,72191.22,72274,72053.78,72173.37
1776105000,72173.37,72421.94,72173.36,72334.19
1776105900,72334.19,72460.42,72306.33,72424.86
1776106800,72424.86,72428.85,72298.93,72318.67
1776107700,72318.67,72908,72318.67,72853.59
1776108600,72853.6,73200.22,72829.98,73015.75
1776109500,73015.75,73480,73015.75,73322.82
1776110400,73322,73394.37,73040.36,73060
1776111300,73060,73161.18,73007.08,73097
1776112200,73097,73277.23,73064.18,73219.63
1776113100,73219.63,73250,73071.21,73149.36
1776114000,73149.36,73306.66,73072.85,73224.02
1776114900,73224.03,73284,73117.96,73127.2
1776115800,73127.19,73368.08,73106.75,73265.68
1776116700,73265.69,73290.71,73179.7,73179.71
1776117600,73179.71,73900,73172.01,73753.26
1776118500,73753.26,74465,73753.26,74134.65
1776119400,74134.65,74350.96,74052.72,74259.99
1776120300,74260,74746.61,74152.47,74627.04
1776121200,74627.04,74900,74448.54,74653.32
1776122100,74653.32,74805.6,74531.75,74730.84
1776123000,74730.84,74877.48,74547.51,74562.65
1776123900,74562.65,74598.23,74405.64,74417.99
1776124800,74418,74517.31,74231.11,74338.01
1776125700,74338.01,74463.54,74218.55,74259.61
1776126600,74259.61,74446.35,74165.22,74422.87
1776127500,74422.87,74425.44,74102.39,74163.82
1776128400,74163.82,74300,73954.86,74299.99
1776129300,74299.99,74400,74219.69,74297.5
1776130200,74297.5,74329.99,74233.35,74322.27
1776131100,74322.27,74431,74322.27,74386.02
1776132000,74386.03,74490.94,74359.99,74487.41
1776132900,74487.4,74579.32,74395.53,74395.53
1776133800,74395.53,74458.81,74283.2,74429.98
1776134700,74429.99,74439.07,74311.05,74330.98
1776135600,74330.99,74412,74293.19,74342.81
1776136500,74343.1,74364.57,74252.35,74292
1776137400,74291.99,74496.9,74278.85,74472.9
1776138300,74472.89,74485.99,74397.97,74444.43
1776139200,74444.44,74500,74384.09,74466.56
1776140100,74466.56,74498.93,74432.68,74494
1776141000,74493.99,74504.52,74358.62,74378.93
1776141900,74378.94,74436.79,74351.55,74387.85
1776142800,74387.85,74387.86,74300.01,74325
1776143700,74324.99,74434.41,74306.04,74339.78
1776144600,74339.78,74359.63,74271.1,74290.74
1776145500,74290.73,74298.24,74150.6,74210.11
1776146400,74210.12,74350,74210.12,74328.27
1776147300,74328.28,74446.45,74313.39,74386.89
1776148200,74386.88,74449.1,74348.66,74374.99
1776149100,74375,74550,74374.99,74522.73
1776150000,74522.72,74924.64,74430.92,74775.02
1776150900,74775.03,74796.49,74615,74669.73
1776151800,74669.73,74685.25,74491.52,74493.32
1776152700,74493.32,74555.9,74461.55,74546
1776153600,74545.99,74600.01,74460.64,74541.44
1776154500,74541.44,74639.54,74504.31,74639.53
1776155400,74639.54,74910,74626,74653.38
1776156300,74653.39,74843.28,74595.79,74750
1776157200,74750,74797.94,74654.03,74796
1776158100,74796,74830.93,74629.26,74670.46
1776159000,74670.46,74694.17,74500.26,74510.87
1776159900,74510.88,74542,74435.12,74500
1776160800,74500,74555.01,74452.22,74548.04
1776161700,74548.05,74592.53,74500,74558.33
1776162600,74558.32,74617.92,74352.46,74358.88
1776163500,74358.88,74435.74,74333.46,74350.01
1776164400,74350.01,74431.74,74322.54,74393.5
1776165300,74393.49,74450.63,74356.99,74356.99
1776166200,74357,74396.55,74321.28,74324.36
1776167100,74324.36,74450.63,74307.35,74376.52
1776168000,74376.52,74430.79,74292,74306.93
1776168900,74306.93,74419.32,74277.19,74293.55
1776169800,74293.54,74406.63,74292.7,74307.87
1776170700,74307.87,74485.06,74307.87,74452
1776171600,74452,74613.13,74407.74,74576.51
1776172500,74576.52,74732.94,74500,74500.01
1776173400,74500,75241.3,74500,75188.5
1776174300,75188.5,75532.94,75068,75525.94
1776175200,75525.94,75627.2,75329.55,75573.99
1776176100,75573.99,75861.32,75500,75855.08
1776177000,75855.08,76038,75231.02,75376.44
1776177900,75376.45,75408.33,75013.61,75013.62
1776178800,75013.61,75122.34,74564.34,74756.43
1776179700,74756.43,74940.95,74684,74811.86
1776180600,74811.86,75310.81,74800,75284
1776181500,75284,75441.99,75167.82,75317.07
1776182400,75317.06,75688,75310.15,75489.99
1776183300,75489.99,75496,75185.1,75253.23
1776184200,75253.23,75287.31,75100.34,75208.5
1776185100,75208.5,75233.07,74527.02,74652.2
1776186000,74652.2,74821.52,74580.64,74793.84
1776186900,74793.84,74948.78,74632.22,74632.23
1776187800,74632.23,74689.99,74244.63,74550.05
1776188700,74550.05,74766,74544,74748.9
1776189600,74748.89,74814.99,74613.71,74676
1776190500,74675.99,74744,74444.75,74524.36
1776191400,74524.36,74570.38,74150,74298.3
1776192300,74298.29,74343.57,73795.47,74093.19
1776193200,74093.18,74398.43,74057.19,74262.61
1776194100,74262.6,74368.63,73882.79,74160.34
1776195000,74160.34,74273.67,74038.01,74119.19
1776195900,74119.19,74266.55,74089.53,74223.18
1776196800,74223.3,74434.33,74220.64,74413.65
1776197700,74413.66,74431.58,74124,74187.72
1776198600,74187.72,74276,74134.85,74250
1776199500,74249.99,74301.69,74015.53,74102.29
1776200400,74102.28,74294,74102.28,74206.8
1776201300,74206.8,74206.81,74055,74125.99
1776202200,74125.99,74146.68,73951.64,74016.8
1776203100,74016.8,74320.44,73986.01,74277.15
1776204000,74277.16,74373.19,74132.14,74310.94
1776204900,74310.93,74310.93,73902.34,73911.82
1776205800,73911.83,74085.62,73806.09,73970
1776206700,73970,74123.94,73964.07,74023.15
1776207600,74023.16,74160.82,74001.08,74094.8
1776208500,74094.8,74222.31,74050,74107.38
1776209400,74107.38,74206.15,74037.12,74136.15
1776210300,74136.16,74232.83,74035.92,74131.55
1776211200,74131.55,74677.19,74126.32,74542.32
1776212100,74542.33,74642.78,74392.38,74584.95
1776213000,74584.95,74606,74445.15,74554.89
1776213900,74554.89,74597.44,74434.51,74568.36
1776214800,74568.37,74751.72,74512.47,74742.65
1776215700,74742.66,74786.72,74589.8,74677.06
1776216600,74677.69,74702.93,74500,74634.94
1776217500,74634.93,74747.8,74579.39,74613.28
1776218400,74613.28,74697.47,74526.27,74543.15
1776219300,74543.16,74599.65,74328.8,74348.57
1776220200,74348.57,74356.7,74188,74276.59
1776221100,74276.6,74350,74195.39,74322
1776222000,74322.01,74327.4,74214.16,74226.08
1776222900,74226.07,74371.1,74173.75,74299.65
1776223800,74299.64,74341.4,74207.19,74233.7
1776224700,74233.69,74372.84,74220.5,74345.97
1776225600,74345.98,74434.51,74335.39,74344.14
1776226500,74344.14,74400,74300,74318.14
1776227400,74318.13,74410.15,74273.23,74332.16
1776228300,74332.15,74350.32,74261.47,74340.38
1776229200,74340.38,74434,74197.27,74207.36
1776230100,74207.36,74234,74000,74013.83
1776231000,74013.83,74034.5,73864.01,73948.83
1776231900,73948.83,74037.63,73907.73,74021.5
1776232800,74021.5,74048.95,73909.99,73938
1776233700,73938,74021.54,73910,73925.09
1776234600,73925.09,74000,73896.27,73999.99
1776235500,74000,74018.95,73855.49,73891.62
1776236400,73891.62,74016.67,73814.93,73913.7
1776237300,73913.71,73913.71,73592.36,73711.33
1776238200,73711.33,73713.25,73575.01,73593.15
1776239100,73593.14,73781.63,73514,73730.43
1776240000,73730.43,73849.47,73675.96,73846.59
1776240900,73846.6,73992.24,73839.02,73990.51
1776241800,73990.5,74172.52,73972.47,74094.97
1776242700,74094.97,74181.9,74033.01,74110.51
1776243600,74110.52,74176.49,73960.13,74029.5
1776244500,74029.51,74083.64,73930.97,73957.34
1776245400,73957.34,74004.81,73909.49,73966
1776246300,73966.01,74024.94,73925.03,74011.69
1776247200,74011.7,74179.26,73984.31,74109.49
1776248100,74109.5,74115.46,73884.69,73904.46
1776249000,73904.45,74051.65,73789.5,74051.65
1776249900,74051.65,74250,73831.12,73864.75
1776250800,73864.76,74088.77,73864.76,74023.5
1776251700,74023.51,74023.51,73928.9,73956.41
1776252600,73956.41,74057.37,73940.01,74049.21
1776253500,74049.21,74256.44,74034,74201.78
1776254400,74201.78,74255.01,74051.64,74201.76
1776255300,74201.76,74257.7,74119,74177.1
1776256200,74177.1,74466.1,74177.09,74333.96
1776257100,74333.96,74370.01,74273.77,74273.77
1776258000,74273.77,74376.81,74182.17,74322.02
1776258900,74322.01,74434.51,74250,74398.09
1776259800,74398.09,74417.04,73861.84,73879.18
1776260700,73879.18,74134.06,73817.23,74063.92
1776261600,74063.91,74154.48,73830,74154.48
1776262500,74154.47,74506.84,74129.87,74429.99
1776263400,74429.99,74462.95,73919.33,73962.75
1776264300,73962.76,74257.3,73954.89,74151.81
1776265200,74151.81,74299.07,73976,74275.11
1776266100,74274.27,74298.02,73985.29,74026.71
1776267000,74026.71,74026.72,73580.85,73853.38
1776267900,73853.38,73991.28,73733.39,73844.08
1776268800,73844.07,74017.63,73762.89,74010.35
1776269700,74010.35,74176,73978.41,74095.13
1776270600,74095.13,74157.42,73866.25,73899.17
1776271500,73899.17,74024,73820.46,73941.09
1776272400,73941.09,74110.22,73915.48,74038.84
1776273300,74038.84,74242,73959.73,74116.23
1776274200,74116.23,74191.31,73916.96,73980
1776275100,73980,74173.36,73936.44,74134.95
1776276000,74134.95,74306.78,74073.61,74283.8
1776276900,74283.79,74360,74149.99,74202.93
1776277800,74202.94,74327.27,74195.52,74311.69
1776278700,74311.7,74399.75,74284.29,74390.29
1776279600,74390.29,74712.36,74355.46,74644.74
1776280500,74644.74,74720,74561.85,74719.99
1776281400,74719.99,75281,74719.99,75068.15
1776282300,75068.15,75136.9,74939.92,75002.6
1776283200,75002.6,75039.92,74590.3,74668.55
1776284100,74668.54,74779.16,74512.06,74766.13
1776285000,74766.14,74914.28,74633.57,74738.77
1776285900,74738.77,74874,74725.31,74841.68
1776286800,74841.67,74855.16,74724.36,74724.37
1776287700,74724.36,74724.37,74588.89,74639.56
1776288600,74639.56,74815.36,74540.23,74730.02
1776289500,74730.01,74824.65,74706.26,74743.1
1776290400,74743.1,75156.62,74740.02,75040.14
1776291300,75040.15,75057.31,74900,74990.54
1776292200,74990.54,75425,74918.34,75054.01
1776293100,75054,75200,74912.05,74964
1776294000,74964.01,74964.01,74706,74748.92
1776294900,74748.92,74764,74650,74737.87
1776295800,74737.88,74779.16,74620.95,74656.21
1776296700,74656.2,74858.86,74656.18,74809.99
1776297600,74809.99,74829.89,74607.54,74607.54
1776298500,74607.54,74660.4,74451.49,74595.58
1776299400,74595.59,74874.93,74595.59,74770.18
1776300300,74770.17,74847.88,74690.48,74815.1
1776301200,74815.09,74815.09,74454.09,74568.23
1776302100,74568.24,74688,74520.3,74617.47
1776303000,74617.47,74702,74583.91,74688
1776303900,74687.99,74710,74560,74657.66
1776304800,74657.67,74750,74601.27,74678.54
1776305700,74678.54,74905.91,74610.59,74896.51
1776306600,74896.52,75245.5,74896.51,75197.93
1776307500,75197.93,75267.85,74810.17,74887.24
1776308400,74887.23,75125.4,74876.37,74955.38
1776309300,74955.07,75159.26,74955.06,75037.84
1776310200,75037.85,75048,74950.75,74965.68
1776311100,74965.68,74981.32,74865.5,74888.21
1776312000,74888.21,75010,74839.51,74940.11
1776312900,74940.11,74975.4,74881.32,74921.99
1776313800,74922,75174.38,74871.86,75109.36
1776314700,75109.36,75109.36,74728,74944.15
1776315600,74944.15,75009.99,74900,74913.89
1776316500,74913.89,75106.92,74900,75070.23
1776317400,75070.23,75139.82,75016.78,75055.51
1776318300,75055.51,75079.98,75006.37,75043.48
1776319200,75043.47,75115.12,75004.73,75009.79
1776320100,75009.8,75082.86,75005.25,75020.18
1776321000,75020.17,75027.19,74853.72,74940.92
1776321900,74940.92,75045.03,74909.47,75045.01
1776322800,75045.01,75082.78,74889.31,74905.19
1776323700,74905.2,74937.77,74866.9,74903.01
1776324600,74903.01,74905.19,74828,74859.84
1776325500,74859.84,74859.85,74636,74707.03
1776326400,74707.02,74744.35,74500,74520.72
1776327300,74520.72,74731.44,74520.72,74688.78
1776328200,74688.78,74730.54,74555.08,74672.37
1776329100,74672.38,74737,74647.17,74677.91
1776330000,74677.91,74753.48,74619.91,74747.3
1776330900,74747.29,74901.5,74747.29,74824.36
1776331800,74824.37,74851.74,74693.42,74697.89
1776332700,74697.88,74719.8,74594.01,74594.02
1776333600,74594.02,74653.12,74398,74424.38
1776334500,74424.37,74524.45,74310.51,74460.66
1776335400,74460.66,74514.49,74380,74394
1776336300,74394,74412.13,74277.34,74313
1776337200,74312.99,74381.86,74285,74322.54
1776338100,74322.54,74384.67,74285.01,74378.97
1776339000,74378.96,74663.27,74345.93,74453.88
1776339900,74453.88,74598.17,74438.98,74574.79
1776340800,74574.8,74872,74574.79,74748.87
1776341700,74748.88,74805.67,74676.97,74713.25
1776342600,74713.26,74749.4,74607.52,74664.66
1776343500,74664.65,74664.66,74580,74624
1776344400,74624.01,74851.9,74590.64,74819.06
1776345300,74819.05,75014.66,74796.83,74975.5
1776346200,74975.5,75030.39,74485.07,74601.26
1776347100,74601.26,74606.23,73309.85,73788.03
1776348000,73788.03,73970.37,73588.37,73836.01
1776348900,73836,73898.85,73426.94,73781.35
1776349800,73781.35,74043.76,73767.47,73970.76
1776350700,73970.75,74197.32,73850.46,73973.33
1776351600,73973.33,74444.73,73934.44,74308
1776352500,74308.01,74419.48,74189.53,74189.61
1776353400,74189.61,74878.99,74168.08,74549.34
1776354300,74549.34,74786.69,74457.83,74697.19
1776355200,74697.2,74932,74642,74658.58
1776356100,74658.59,74872,74568.58,74570.37
1776357000,74570.37,74633.11,74221.71,74324.81
1776357900,74324.81,74416.42,74063,74175.57
1776358800,74175.58,74200,73963.23,73963.24
1776359700,73963.23,74275.08,73912.23,74219.59
1776360600,74219.52,74407.11,74096.01,74377.93
1776361500,74377.93,74438.31,74197.42,74343.25
1776362400,74343.25,74527.87,74240,74410.89
1776363300,74410.88,74493.1,74274.36,74406.91
1776364200,74406.9,74586.02,74366.26,74578.25
1776365100,74578.26,75089,74578.25,75026.71
1776366000,75026.71,75098.96,74717.97,74823.97
1776366900,74823.98,75066.84,74789.5,75018.57
1776367800,75018,75309.96,74970,75232
1776368700,75232,75410.71,75216.67,75342.99
1776369600,75343,75534.76,75240.72,75415.24
1776370500,75415.24,75431.54,75102,75195.37
1776371400,75195.37,75195.38,75001,75078.6
1776372300,75078.61,75249.74,75040.73,75223.47
1776373200,75223.48,75286.51,75143.34,75143.34
1776374100,75143.34,75160,74789.5,74924
1776375000,74923.99,74997.03,74841.54,74940.23
1776375900,74940.24,75010.57,74902.86,74934.24
1776376800,74934.24,75117,74934.24,74971.1
1776377700,74971.1,74986.99,74833.14,74925.23
1776378600,74925.24,74986,74888.17,74925.54
1776379500,74925.53,74969.96,74833.14,74867.92
1776380400,74867.92,75023.83,74840.92,74979.21
1776381300,74979.2,75126.88,74914.6,75024.49
1776382200,75024.49,75177.76,75011.51,75136.48
1776383100,75136.48,75173.75,75050,75154.29
1776384000,75154.28,75154.77,74950,74959
1776384900,74959,75000,74886.82,74996.66
1776385800,74996.67,75108,74959.24,74959.24
1776386700,74959.24,74982,74898.1,74944.98
1776387600,74944.99,75034.49,74881.19,74890.6
1776388500,74890.61,74930.01,74633.56,74752.53
1776389400,74752.53,74819.99,74660.33,74719.27
1776390300,74719.28,74853.67,74569.99,74750
1776391200,74750,74802.98,74641.11,74716.03
1776392100,74716.04,74730.64,74599.43,74600.96
1776393000,74600.67,74735.65,74529.4,74660.71
1776393900,74660.71,74700,74623.66,74700
1776394800,74700,74720.9,74606.12,74689.37
1776395700,74689.38,74766.99,74681.5,74730.55
1776396600,74730.54,74839.31,74673.69,74780.01
1776397500,74780.01,74805.36,74607.46,74615.82
1776398400,74615.82,74689.53,74589.88,74672.83
1776399300,74672.83,74793.6,74672.83,74749.21
1776400200,74749.21,74871.11,74741.09,74808.88
1776401100,74808.88,74830.84,74756,74791.39
1776402000,74791.39,74801.13,74555.12,74627.48
1776402900,74627.49,74750,74608.31,74666.03
1776403800,74666.03,74690.85,74610.9,74648.03
1776404700,74648.04,74731.15,74635.13,74637.77
1776405600,74637.77,74778.81,74604.62,74757.62
1776406500,74757.62,74809.82,74732.68,74805.84
1776407400,74805.84,74864.74,74760.37,74856.87
1776408300,74856.87,74950,74823.29,74938.52
1776409200,74938.53,75089.51,74938.52,75031.11
1776410100,75031.1,75031.11,74938.79,74973.79
1776411000,74973.79,75015.29,74930,75015.28
1776411900,75015.28,75074.77,74947.01,75074.77
1776412800,75074.76,75176.47,75006.01,75064
1776413700,75064.01,75153.91,74993.24,75109.56
1776414600,75109.56,75407.26,75092.66,75339.32
1776415500,75339.33,75881.95,75275.99,75780.38
1776416400,75780.38,75929,75601.56,75902.82
1776417300,75902.83,76370.25,75718.38,76284.96
1776418200,76284.96,76322.73,75518.78,75752.91
1776419100,75752.91,75900,75670.51,75779.99
1776420000,75779.99,75886.01,75611.1,75619.47
1776420900,75619.47,75728.89,75221.1,75224.72
1776421800,75224.72,75364.64,75095.93,75189.23
1776422700,75189.22,75301.15,75100.74,75278.77
1776423600,75278.77,75414,75246.65,75315.67
1776424500,75315.66,75487.42,75311.99,75465.07
1776425400,75465.07,75578.52,75390.03,75391.7
1776426300,75391.69,75609.77,75376.79,75589.7
1776427200,75589.7,75724,75531.97,75688.01
1776428100,75688,75980,75630,75776.49
1776429000,75776.5,75908.97,75651.41,75754.16
1776429900,75754.16,76265.82,75740,76233.05
1776430800,76233.06,76910,76061.57,76909.99
1776431700,76909.99,76997.11,76432.01,76586.01
1776432600,76586.01,76928.88,76130.42,76892.44
1776433500,76892.45,77417.61,76650,77340.12
1776434400,77340.11,77550,77015.39,77089.99
1776435300,77090,77742.52,77085.19,77454.27
1776436200,77454.27,78050,77454.27,77983.13
1776437100,77983.12,78052.49,77701.13,77886.77
1776438000,77886.77,77969.6,77558.72,77831.99
1776438900,77832,77999,77684.86,77744.99
1776439800,77744.99,77850,77456.35,77520.21
1776440700,77520.21,77879.15,77444.44,77785.02
1776441600,77785.03,78038,77705.2,77863.38
1776442500,77863.38,78333,77803.08,78161.62
1776443400,78161.61,78278.38,77974.68,78084.29
1776444300,78084.29,78088.82,77789.4,77857.14
1776445200,77857.15,77917.77,77351.66,77499.63
1776446100,77499.63,77589.03,77101.49,77242.61
1776447000,77242.6,77537.15,77242.6,77462.46
1776447900,77462.45,77651.96,77431.02,77520.59
1776448800,77520.59,77565.63,77095.17,77143.8
1776449700,77143.8,77362.38,77088.88,77198
1776450600,77198.01,77389.21,77137.85,77377.45
1776451500,77377.44,77381.14,77088.23,77159.89
1776452400,77159.88,77267.91,77000,77233.44
1776453300,77233.45,77382.93,77233.44,77274
1776454200,77274,77399.4,77210.55,77349.71
1776455100,77349.7,77473.44,77230.04,77393.58
1776456000,77393.58,77611.68,77354,77518
1776456900,77518,77518.69,77362.92,77368.09
1776457800,77368.08,77389.29,77160.12,77251.42
1776458700,77251.42,77358.47,77206.13,77337.64
1776459600,77337.64,77414.64,77317.14,77381.04
1776460500,77381.03,77487.81,77289.3,77441.94
1776461400,77441.94,77442.39,77278.72,77413.42
1776462300,77413.42,77494.69,77376.67,77445.73
1776463200,77445.74,77510,77391.52,77415.46
1776464100,77415.47,77449.17,77312.64,77393.78
1776465000,77393.77,77476.27,77336.65,77420.71
1776465900,77420.71,77441.28,77274.56,77301.25
1776466800,77301.25,77302,77170.76,77209.46
1776467700,77209.46,77209.47,76911,77057.54
1776468600,77057.55,77122.05,76986.34,77036.77
1776469500,77036.78,77144.48,77036.78,77072
1776470400,77072.01,77205.53,77044.79,77096.85
1776471300,77096.85,77232,77096.85,77218.8
1776472200,77218.8,77258.55,77018,77018.01
1776473100,77018,77210,76978.17,77168
1776474000,77168.22,77320.08,77115.77,77319.12
1776474900,77319.12,77330,77279.1,77293.39
1776475800,77293.39,77297.42,77200,77200.01
1776476700,77200.01,77313.51,77146,77218.07
1776477600,77218.06,77294.67,77124.63,77294.67
1776478500,77294.67,77420.08,77294.66,77326.27
1776479400,77326.28,77411.27,77266.66,77317.24
1776480300,77317.24,77332.78,77279,77292.52
1776481200,77292.53,77296.95,77229.82,77257.86
1776482100,77257.87,77258.07,77155.01,77185.89
1776483000,77185.89,77200,77115.45,77168.44
1776483900,77168.43,77208.54,76962.67,77005.47
1776484800,77005.47,77095,76963.81,77084.19
1776485700,77084.19,77084.19,76944.14,76995.67
1776486600,76995.67,77080.23,76884.1,76989.02
1776487500,76989.02,77162.08,76989.02,77100.74
1776488400,77100.73,77278.58,77100.73,77206.58
1776489300,77206.58,77225.19,77130.52,77155.72
1776490200,77155.72,77190.53,77114.96,77154.01
1776491100,77154.02,77154.02,77126.21,77134.66
1776492000,77134.66,77217,77102.29,77163.97
1776492900,77163.96,77174.3,77058.4,77090.82
1776493800,77090.81,77141.34,77083.16,77141.34
1776494700,77141.34,77156.06,77107.63,77136.01
1776495600,77136.01,77136.01,77066.59,77066.6
1776496500,77066.6,77095.62,77047,77093.08
1776497400,77093.07,77093.08,76971.77,77034.72
1776498300,77034.71,77034.72,76890,76997.8
1776499200,76997.79,77048,76800,76803.51
1776500100,76803.51,76858.54,76630.02,76683.9
1776501000,76683.89,76761.02,76501,76552.52
1776501900,76552.53,76789.78,76537.92,76738.63
1776502800,76738.62,76738.63,76453.42,76537.49
1776503700,76537.49,76583.12,76409.37,76579.94
1776504600,76579.93,76669.53,76556.53,76624.2
1776505500,76624.2,76699.96,76525.99,76599.89
1776506400,76599.89,76599.9,76208.57,76291.59
1776507300,76291.59,76387.5,76278.4,76324.28
1776508200,76324.28,76324.28,76220,76226.41
1776509100,76226.42,76286.17,76132.32,76189.56
1776510000,76189.55,76189.56,75911.04,75957.62
1776510900,75957.61,76096.85,75932.24,76074.06
1776511800,76074.06,76169.46,75763.76,75849.35
1776512700,75849.35,76099.83,75794.13,76039.05
1776513600,76039.06,76225.88,76039.05,76210.29
1776514500,76210.28,76300,76133.3,76143.85
1776515400,76143.84,76216.37,76050,76172.76
1776516300,76172.76,76272.25,76172.75,76206.97
1776517200,76206.98,76207.2,76135.47,76155.34
1776518100,76155.34,76212.7,76057.82,76088.92
1776519000,76088.92,76096.53,75797.53,75949.95
1776519900,75949.96,76171.28,75899.99,76122.87
1776520800,76122.88,76170,76081.67,76169.33
1776521700,76169.33,76191.49,75959.68,76148.71
1776522600,76148.72,76288.4,76148.71,76193.42
1776523500,76193.41,76255.04,76167.45,76249.99
1776524400,76250,76363.75,76129.35,76218
1776525300,76218,76270,76140.05,76210.47
1776526200,76210.48,76235.84,76131,76131
1776527100,76131.01,76198.87,76003.97,76167.34
1776528000,76167.33,76211.57,76031.73,76194.23
1776528900,76194.24,76194.24,75691.03,76082.66
1776529800,76082.67,76126,75987.01,75987.41
1776530700,75987.41,76018.95,75860.89,75943.35
1776531600,75943.34,75958.23,75778.69,75830
1776532500,75830.01,75896.91,75800,75860.75
1776533400,75860.75,75896.04,75853.86,75878.7
1776534300,75878.7,75895.64,75828.5,75828.51
1776535200,75828.51,75844.66,75691.48,75803.95
1776536100,75803.96,75803.96,75602,75665.73
1776537000,75665.74,75676.21,75445.16,75574.09
1776537900,75574.1,75727.58,75538.76,75651.78
1776538800,75651.78,75792.04,75626.02,75745.35
1776539700,75745.35,75796.32,75622,75693.97
1776540600,75693.97,75694.63,75574.22,75596.16
1776541500,75596.16,75679.84,75576,75649.85
1776542400,75649.86,75709.91,75608.44,75697.97
1776543300,75697.97,75777.97,75623.57,75718
1776544200,75718.01,75789.68,75705.99,75789.67
1776545100,75789.67,75834.3,75732,75754.78
1776546000,75754.77,75839.1,75710.22,75730.29
1776546900,75730.3,75749.64,75599.64,75741.2
1776547800,75741.2,75748.74,75665.11,75723.43
1776548700,75723.42,75821.35,75723.42,75821.34
1776549600,75821.35,75821.35,75610.34,75610.35
1776550500,75610.34,75729.04,75608.89,75722.26
1776551400,75722.26,75815.7,75722.25,75775.78
1776552300,75775.78,75873.1,75775.77,75813.53
1776553200,75813.53,75891.64,75807.31,75818.23
1776554100,75818.23,75847.2,75802.44,75816.86
1776555000,75816.86,75816.86,75698.7,75753.35
1776555900,75753.35,75763.41,75685.69,75691.76
1776556800,75691.76,75847.42,75685.99,75771.13
1776557700,75771.14,75771.14,75570,75610.54
1776558600,75610.54,75645.68,75551.73,75576.78
1776559500,75576.79,75693.11,75576.79,75693.01
1776560400,75693,75798.47,75609.12,75682.12
1776561300,75681.72,75681.72,75544.78,75544.79
1776562200,75544.79,75578.7,75457.11,75546.42
1776563100,75546.43,75642.53,75546.42,75621.95
1776564000,75621.96,75634.85,75586,75634.84
1776564900,75634.84,75683.2,75407.84,75487.99
1776565800,75487.98,75722.21,75445.5,75652.92
1776566700,75652.92,75683.13,75496,75496
1776567600,75496.01,75540.16,75357,75540.15
1776568500,75540.16,75555.68,75468.85,75519.82
1776569400,75519.83,75610.97,75490,75598.06
1776570300,75598.06,75637.44,75509.54,75515.77
1776571200,75515.76,75739.94,75515.76,75701.92
1776572100,75701.91,75782.63,75660.1,75676.35
1776573000,75676.36,75676.36,75424.4,75535.22
1776573900,75535.22,75707.43,75512.61,75664.62
1776574800,75664.62,75687.04,75528.26,75555.88
1776575700,75555.87,75559.99,75516.39,75556.22
1776576600,75556.22,75664.98,75556.21,75600
1776577500,75600,75600.01,75535.22,75545.6
1776578400,75545.6,75545.6,75389.39,75389.39
1776579300,75389.4,75434.86,75280.92,75406
1776580200,75406.01,75478,75406,75422.93
1776581100,75422.92,75424.43,75361.35,75400.09
1776582000,75400.09,75400.09,75209.09,75238
1776582900,75238,75238.01,74867.72,74979.99
1776583800,74980,75253.04,74979.99,75181.27
1776584700,75181.27,75287.05,75139.69,75252.34
1776585600,75252.33,75283.33,75173.51,75265.99
1776586500,75265.99,75299.99,75140,75140
1776587400,75140.01,75254.13,75071.58,75228.09
1776588300,75228.09,75265,75170.01,75257.6
1776589200,75257.59,75265,75166.73,75169.71
1776590100,75169.71,75184.83,74955.46,75091.54
1776591000,75091.54,75167.41,75055.01,75063.21
1776591900,75063.21,75063.22,74921.74,75015
1776592800,75015,75091,74933.87,75033.81
1776593700,75033.8,75121.28,74996,75077.93
1776594600,75077.93,75102.19,75055.34,75088.98
1776595500,75088.97,75243.02,75049.68,75222.45
1776596400,75222.46,75450,75216.96,75424.42
1776597300,75424.42,75544,75343.31,75371.18
1776598200,75371.17,75535.23,75371.17,75520
1776599100,75520.01,75641.99,75500,75604.11
1776600000,75604.11,75679.82,75507.7,75673.04
1776600900,75673.03,75700,75502.22,75520
1776601800,75520,75540.85,75432.07,75501.46
1776602700,75501.46,75680.86,75468.6,75571.6
1776603600,75571.61,75770,75552.44,75764.6
1776604500,75764.59,76240.66,75722.7,76045.85
1776605400,76045.85,76109.62,75934.79,76028.51
1776606300,76028.5,76028.51,75867.65,75921.75
1776607200,75921.75,76014.82,75674.55,75794.34
1776608100,75794.34,76028.57,75764.42,75960.01
1776609000,75960.01,75992.86,75792.76,75974.87
1776609900,75974.87,76147.01,75946,76024.01
1776610800,76024.02,76041.13,75871.89,76011.31
1776611700,76011.32,76155.3,75894.52,75963.13
1776612600,75963.14,75992.7,75401.44,75724.88
1776613500,75724.88,75880.26,75693.04,75846.63
1776614400,75846.63,75853.26,75622,75667.98
1776615300,75667.98,75762.3,75550.53,75569.99
1776616200,75569.99,75702.04,75503.82,75563.51
1776617100,75563.51,75634.7,75311.11,75382.86
1776618000,75382.87,75382.87,75012.49,75264
1776618900,75264,75381.76,75161.86,75271.22
1776619800,75271.22,75363.41,75084.53,75189.15
1776620700,75189.14,75222,74638.31,74791.26
1776621600,74791.27,74908.62,74675.77,74835.52
1776622500,74835.52,74872.56,74608,74810.67
1776623400,74810.68,74820.79,74650.51,74699.99
1776624300,74700,74794.01,74612.85,74770.11
1776625200,74770.11,74982.55,74770.11,74950.82
1776626100,74950.81,75033.26,74844.22,74950.78
1776627000,74950.78,75071.61,74936.62,74967.23
1776627900,74967.22,75023.98,74892.6,74965.47
1776628800,74965.46,74965.47,74700,74799.87
1776629700,74799.88,74800,74640,74755.01
1776630600,74755.01,74867.33,74459.62,74537
1776631500,74537,74717.07,74427.53,74630
1776632400,74630.01,74740,74572.5,74687.8
1776633300,74687.81,74766.27,74582.69,74746.1
1776634200,74746.11,74810,74730,74743.21
1776635100,74743.21,74796.42,74368.6,74425.15
1776636000,74425.16,74425.16,73818.61,74021.14
1776636900,74021.14,74070,73762.9,73943.57
1776637800,73943.57,74181.81,73920,74140.59
1776638700,74140.59,74196.98,74028.88,74047.34
1776639600,74047.34,74054.22,73822.13,74026.01
1776640500,74026.01,74026.01,73790,73882.07
1776641400,73882.07,73955.99,73814.5,73888.92
1776642300,73888.93,73977.41,73795,73801.79
1776643200,73801.8,74187.79,73724.31,74044.28
1776644100,74044.29,74280,74044.28,74228.92
1776645000,74228.92,74274.25,74150,74184.58
1776645900,74184.58,74360.43,74171.86,74280.01
1776646800,74280.01,74363.5,74214.67,74360
1776647700,74360,74360,74217.26,74298.03
1776648600,74298.03,74706,74298.02,74681.18
1776649500,74681.19,74746.93,74560,74595.13
1776650400,74595.12,74627.99,74344.72,74393.71
1776651300,74393.71,74472,74304.84,74451.55
1776652200,74451.55,74517.01,74402.16,74517.01
1776653100,74517,74517.01,74410,74410.01
1776654000,74410.01,74505.07,74359.04,74495.52
1776654900,74495.52,74593.67,74394.55,74505.21
1776655800,74505.2,74575.65,74457.52,74575.64
1776656700,74575.65,74640.65,74543.77,74634
1776657600,74634.01,74637.43,74506.78,74506.78
1776658500,74506.78,74521.88,74435.19,74500
1776659400,74499.99,74513.12,74437.31,74465.43
1776660300,74465.43,74610.17,74465.42,74567.64
1776661200,74567.63,74567.63,74260.03,74355.36
1776662100,74355.36,74355.36,74128.47,74139.55
1776663000,74139.55,74221.41,74109.71,74119.85
1776663900,74119.85,74297.21,74095.18,74264.15
1776664800,74264.16,74432.16,74263.91,74297.54
1776665700,74297.53,74401.32,74250,74344.14
1776666600,74344.14,74894.11,74344.14,74781.29
1776667500,74781.29,74821.62,74654.81,74786.59
1776668400,74786.59,74863.94,74689.07,74802
1776669300,74801.99,75572,74722.85,75211.03
1776670200,75211.02,75246.77,74848.11,74947.53
1776671100,74947.53,75018.68,74670.86,74837.17
1776672000,74837.18,74876.01,74663.36,74833.6
1776672900,74833.6,74998.83,74713.97,74817.71
1776673800,74817.72,74931.35,74751,74835.51
1776674700,74835.51,74859.73,74619.41,74728.91
1776675600,74728.92,75085.71,74706.87,75032.24
1776676500,75032.23,75143.86,75000,75027.84
1776677400,75027.84,75196.47,74976.34,75159.63
1776678300,75159.62,75233,75020.19,75062.77
1776679200,75062.77,75345.32,75062.77,75342.96
1776680100,75342.96,75404.63,75268.32,75303.69
1776681000,75303.69,75303.69,75146.37,75174.45
1776681900,75174.45,75186.09,75003.63,75027.26
1776682800,75027.26,75185.52,74957.51,75171.23
1776683700,75171.24,75266.46,75059.39,75170.49
1776684600,75170.49,75287.88,75083.22,75215.78
1776685500,75215.78,75274.85,75149.98,75192.71
1776686400,75192.72,75393.55,75075.04,75354.1
1776687300,75354.09,75650,75294.61,75412.1
1776688200,75412.1,75450,75043.86,75215.38
1776689100,75215.39,75378.92,75215.39,75289.9
1776690000,75289.91,75350,75120.05,75221.38
1776690900,75221.38,75267.52,75000,75192.79
1776691800,75192.8,75434.41,74859.11,75227.04
1776692700,75227.03,75321.31,74972.44,75269.38
1776693600,75269.37,75300,75030,75070.99
1776694500,75070.98,75766.74,75030.73,75570.61
1776695400,75570.61,75669.82,75200,75329.8
1776696300,75329.79,75435.11,74921.42,75034.79
1776697200,75034.79,75081.9,74702,75063.13
1776698100,75063.13,75772.72,75042.02,75754.4
1776699000,75754.39,75754.39,75516.65,75580.57
1776699900,75580.56,75729.5,75541.15,75716.77
1776700800,75716.78,75723.99,75409.72,75419.01
1776701700,75419.01,75516.64,75325.84,75359.76
1776702600,75359.77,75568.81,75311.25,75481.83
1776703500,75481.83,75558.6,75299.26,75338.74
1776704400,75338.75,75683.46,75289.92,75644.87
1776705300,75644.87,75887.99,75607.22,75719.67
1776706200,75719.67,75844.58,75607.83,75762.03
1776707100,75762.04,75991.47,75697.1,75898.14
1776708000,75898.14,76300,75898.14,76275.24
1776708900,76275.24,76319.99,76082.94,76102
1776709800,76102,76268.78,76001,76173.07
1776710700,76173.06,76453.19,76097.28,76423.69
1776711600,76423.69,76486.67,76302.98,76333.75
1776712500,76333.74,76338.48,76157.76,76211.09
1776713400,76211.09,76257.79,76154.49,76250.57
1776714300,76250.57,76347.45,76209.07,76296.96
1776715200,76296.97,76372.86,76113.07,76333.2
1776716100,76333.2,76558.62,76297.57,76325.12
1776717000,76325.12,76325.13,76199.94,76250.81
1776717900,76250.81,76311.91,76237.57,76276.17
1776718800,76276.18,76357.2,75918.07,76004.79
1776719700,76004.8,76037.57,75854.54,75926.87
1776720600,75926.87,75945.05,75784.05,75888.73
1776721500,75888.73,75968.25,75857.59,75954.71
1776722400,75954.72,76143.71,75954.72,76067.97
1776723300,76067.96,76108.43,75904.39,75919.99
1776724200,75920,76066.87,75904.83,75991.55
1776725100,75991.55,75995.53,75928.27,75974.24
1776726000,75974.24,75974.24,75727,75753.42
1776726900,75753.41,75755.95,75617.6,75658
1776727800,75657.99,75806.8,75636.75,75775.52
1776728700,75775.53,75882.81,75757.51,75840.97
1776729600,75840.97,75924.42,75700,75867.21
1776730500,75867.21,75928.63,75808.18,75909.51
1776731400,75909.51,75993.22,75861.58,75881.61
1776732300,75881.62,76099.19,75881.61,76092.45
1776733200,76092.46,76263.4,76024.72,76129.94
1776734100,76129.94,76142.49,75987.94,76133.01
1776735000,76133,76226.4,75990.82,76072.2
1776735900,76072.2,76072.21,75866.01,75927.59
1776736800,75927.58,75932.7,75703.61,75731.99
1776737700,75732,75794.34,75691.03,75721.38
1776738600,75721.39,75797.94,75600,75603.87
1776739500,75603.88,75672.42,75580,75581.33
1776740400,75581.33,75635.78,75474.77,75568.07
1776741300,75568.07,75663.09,75500.01,75630.58
1776742200,75630.57,75720.84,75492.67,75556.81
1776743100,75556.81,75721.12,75548.82,75710.3
1776744000,75710.31,75763.07,75611.05,75611.05
1776744900,75611.05,75712.89,75600,75633.63
1776745800,75633.63,75729.46,75623.2,75711.19
1776746700,75711.19,75823.49,75689.91,75813.81
1776747600,75813.8,75970.68,75804,75900
1776748500,75900,75981.1,75850,75892.42
1776749400,75892.41,75892.42,75829.79,75841.62
1776750300,75841.62,75841.62,75782.75,75802
1776751200,75802,75817.54,75734.15,75788.54
1776752100,75788.53,75800.06,75703.85,75760.41
1776753000,75760.41,76129.95,75760.41,75992.06
1776753900,75992.07,76045.71,75964.29,75974.11
1776754800,75974.12,75982.13,75814.26,75955.87
1776755700,75955.88,76300,75938,76179.82
1776756600,76179.82,76300,76028.7,76194.84
1776757500,76194.84,76293.36,76084.33,76084.34
1776758400,76084.34,76211.79,76063.98,76132.47
1776759300,76132.46,76370,76115.62,76352.16
1776760200,76352.15,76496.68,76250,76458.78
1776761100,76458.78,76927.57,76419.87,76507.21
1776762000,76507.21,76587.82,76349.82,76476.68
1776762900,76476.69,76531,76196.05,76246.75
1776763800,76246.76,76322.27,76155,76301.26
1776764700,76301.25,76381.61,76250,76362.77
1776765600,76362.78,76502.72,76349.59,76438
1776766500,76437.99,76574,76373.03,76511.72
1776767400,76511.73,76598.56,76471.27,76572.11
1776768300,76572.1,76866.55,76550.86,76746.41
1776769200,76746.41,76750.68,76344.34,76405.37
1776770100,76405.37,76723.87,76342,76669.07
1776771000,76669.07,76691.98,76468.24,76473.9
1776771900,76473.9,76491.6,76417.16,76452.94
1776772800,76452.94,76494.11,76258.76,76258.76
1776773700,76258.76,76386.59,76247.09,76381.19
1776774600,76381.2,76528.11,75709.03,75829.94
1776775500,75829.95,76059.79,75745.13,76009.46
1776776400,76009.46,76088.52,75900,75991.69
1776777300,75991.39,76129.95,75970,76029.46
1776778200,76029.46,76179.75,75736.33,76012.01
1776779100,76012,76053.99,75770.65,75899.98
1776780000,75899.98,75933.37,75700,75838.23
1776780900,75838.24,76300.73,75838.24,76117.39
1776781800,76117.38,76595.3,76110.29,76463.52
1776782700,76463.51,76472.85,75625.28,75675.05
1776783600,75675.04,75850,75430.62,75771.19
1776784500,75771.18,75979.78,75594,75694.9
1776785400,75694.9,75820.19,75529.98,75701.5
1776786300,75701.5,75834.66,75620,75834.65
1776787200,75834.66,76001,75822.71,75960.96
1776788100,75960.97,75986.36,75846,75863.67
1776789000,75863.67,76190.72,75845.22,75891.52
1776789900,75891.52,76046,75760,75781.18
1776790800,75781.19,75822.38,75441.2,75540.23
1776791700,75540.24,75549.42,75052.64,75332.73
1776792600,75332.73,75912.98,75273.03,75768.03
1776793500,75768.02,75820,75506.95,75545.62
1776794400,75545.62,75639.52,75495.55,75582.15
1776795300,75582.15,75668.24,75380,75475.53
1776796200,75475.53,75599.26,75470,75524.79
1776797100,75524.78,75639.46,75310.88,75610.21
1776798000,75610.21,75795.79,75567.06,75607.58
1776798900,75607.58,75919.5,75540,75773.73
1776799800,75773.74,75786.45,74823,74866
1776800700,74866.01,75093.72,74821.57,75023.43
1776801600,75023.43,75614.29,74967.58,75576.01
1776802500,75576,75779.99,75451.37,75646.81
1776803400,75646.8,75859.56,75646.8,75667.13
1776804300,75667.12,75771,75583.3,75698.51
1776805200,75698.51,75777.38,75535.47,75578
1776806100,75578.01,75673.16,75550.11,75577.84
1776807000,75577.84,75628,75449.95,75452.81
1776807900,75452.8,75585.88,75431.62,75549.99
1776808800,75549.99,75594,75490,75550.74
1776809700,75550.74,75550.74,75302.31,75368
1776810600,75367.99,75540.85,75302.01,75527.96
1776811500,75527.43,75650.04,75489.63,75650.04
1776812400,75650.03,75857.82,75622,75775.05
1776813300,75775.05,75868.91,75754.74,75787.26
1776814200,75787.25,76111.88,75780.96,76083.62
1776815100,76083.62,76425.37,76077.55,76336.15
1776816000,76336.14,76500,76311.99,76417.85
1776816900,76417.85,76439.29,76242.8,76274.01
1776817800,76274,76400,76220.4,76338
1776818700,76337.99,76374.33,76249.41,76370.45
1776819600,76370.46,76416.24,76281.73,76397.37
1776820500,76397.37,76397.37,76140.09,76160.58
1776821400,76160.59,76271.13,76132.95,76250.2
1776822300,76250.2,76350,76209.2,76297.99
1776823200,76297.99,76879.52,76223.9,76739.94
1776824100,76739.93,77250,76739.93,77239.56
1776825000,77239.57,77347.92,77067.43,77242.46
1776825900,77242.46,77645.35,77144.24,77604.71
1776826800,77604.7,77733.11,77466.67,77606.78
1776827700,77606.78,77606.78,77402.94,77529.09
1776828600,77529.09,77592.83,77397.88,77583.32
1776829500,77583.33,77614.78,77500,77521.48
1776830400,77521.47,77624.4,77484.11,77484.26
1776831300,77484.27,77515.46,77364.25,77507.02
1776832200,77507.03,77700,77473.87,77562.02
1776833100,77562.02,77589.71,77450.33,77523
1776834000,77523.01,77589.78,77450,77548.62
1776834900,77548.62,78452.18,77525.33,78258.53
1776835800,78258.53,78368.91,78002.62,78133.52
1776836700,78133.52,78211.14,77962.42,77994.93
1776837600,77994.92,78015.16,77913.23,77950.76
1776838500,77950.76,78042.84,77921.48,77972.85
1776839400,77972.86,78012.85,77900,77971.26
1776840300,77971.26,78018,77925.06,78010.72
1776841200,78010.73,78111,77967.31,78105.21
1776842100,78105.22,78105.22,77825,77893.9
1776843000,77893.9,78067.11,77837.86,78062.69
1776843900,78063.39,78110,77972.57,78012.79
1776844800,78012.78,78182,78012.78,78141.2
1776845700,78141.2,78219.41,77965.76,77965.76
1776846600,77965.76,78018.82,77944.2,77944.2
1776847500,77944.2,78070.94,77941.59,78010.92
1776848400,78010.92,78096,77956.76,78039.35
1776849300,78039.36,78157.13,77960.78,78157.12
1776850200,78157.13,78184.7,78057.19,78145.72
1776851100,78145.73,78145.73,77978.29,78001.95
1776852000,78001.96,78051.56,77951.17,78039.48
1776852900,78039.48,78076.99,77973.97,78067.9
1776853800,78067.9,78180,78067.89,78119.59
1776854700,78119.59,78171.59,78056.99,78157.41
1776855600,78157.41,78280,78102,78152.34
1776856500,78152.34,78314.65,78152.33,78314.64
1776857400,78314.65,78399,78174.02,78209.83
1776858300,78209.83,78316.07,78209.83,78300
1776859200,78300,78463.31,78228,78429.85
1776860100,78429.85,78508.18,78138.8,78185.37
1776861000,78185.36,78281.7,78114.04,78188.79
1776861900,78188.8,78330.23,78178.33,78236.05
1776862800,78236.05,78445.7,78162.64,78373.95
1776863700,78373.96,78500,78345.15,78467.85
1776864600,78467.85,78672.67,78283.06,78616.93
1776865500,78616.92,78850,78527.29,78840.94
1776866400,78840.94,79079.25,78703.13,79057.81
1776867300,79057.81,79174.68,78778.2,79008.31
1776868200,79008.3,79042.72,78577.86,78699.54
1776869100,78699.53,79095.34,78693.8,79045.75
1776870000,79045.75,79123,78852.02,78947.64
1776870900,78947.64,79127.01,78837.66,79068.15
1776871800,79068.16,79317.73,79009.99,79279.92
1776872700,79279.92,79400,79218.5,79272.9
1776873600,79272.91,79472.82,79114.11,79201.01
1776874500,79201,79208,78881.13,78932
1776875400,78932,79030.23,78777,78813.9
1776876300,78813.9,78847.18,78632.37,78743.59
1776877200,78743.6,79034.73,78743.59,78980.25
1776878100,78980.24,79008.14,78705.71,78832.18
1776879000,78832.19,78890.15,78763.66,78815.99
1776879900,78815.98,78994.4,78708.31,78900
1776880800,78900.01,78989.71,78828.76,78958.51
1776881700,78958.51,78991.81,78885.84,78905.02
1776882600,78905.02,79031.56,78857.16,78960.97
1776883500,78960.97,79163.66,78957.72,79022.39
1776884400,79022.4,79050.51,78706.81,78855.72
1776885300,78855.72,79067.6,78828.67,79027.6
1776886200,79027.59,79062,78762.9,78860.1
1776887100,78860.1,78967.34,78782.59,78846.62
1776888000,78846.62,78915.84,78747.25,78748.46
1776888900,78748.46,78758,78484.42,78595.14
1776889800,78595.13,78617.87,78487.56,78513.37
1776890700,78513.37,78521.26,78410,78436.68
1776891600,78436.69,78599.99,78425,78583.99
1776892500,78584,78599.92,78550,78580.09
1776893400,78580.08,78753.51,78580.08,78749.99
1776894300,78750,78821.86,78712.73,78762.69
1776895200,78762.68,78824,78701.15,78762.61
1776896100,78762.62,78766.29,78530,78541.59
1776897000,78541.6,78599.06,78480,78499.86
1776897900,78499.86,78630,78456.15,78607.95
1776898800,78607.95,78607.95,78454,78562.58
1776899700,78562.59,78584.88,78155.83,78331.01
1776900600,78331.01,78331.01,78189.86,78254.9
1776901500,78254.9,78305.04,78157.13,78178.23
1776902400,78178.22,78403.02,77888,77888.01
1776903300,77888.01,78480,77582.17,78443.42
1776904200,78443.41,78574.44,78311.99,78421.96
1776905100,78421.96,78458.03,78271.99,78424.29
1776906000,78424.3,78472.95,78234.59,78265.12
1776906900,78265.12,78275.75,78057.5,78087.43
1776907800,78087.43,78393.6,78066.41,78291.84
1776908700,78291.85,78430.23,78230,78359.23
1776909600,78359.71,78359.72,78164.09,78164.09
1776910500,78164.09,78217.99,77987.42,78036
1776911400,78035.99,78112.35,77761.2,77872.01
1776912300,77872.01,78018,77765.53,77939.92
1776913200,77939.91,78025.99,77725.09,77725.09
1776914100,77725.17,77748.74,77623.34,77687.86
1776915000,77687.98,77714.54,77453.43,77627.04
1776915900,77627.05,77761.63,77542.57,77746.46
1776916800,77746.47,77873.86,77675.8,77854.57
1776917700,77854.56,77928.48,77746.26,77795.85
1776918600,77795.86,77914.41,77795.85,77876.25
1776919500,77876.26,77949.09,77839.35,77920.09
1776920400,77920.09,78050.26,77901.51,77990
1776921300,77990,78014.4,77888,77905.52
1776922200,77905.53,77905.53,77750,77862.68
1776923100,77862.68,78110.01,77862.67,78033.87
1776924000,78034,78286.47,78034,78196.63
1776924900,78196.63,78337.93,78160,78282.37
1776925800,78282.36,78339.35,78137.17,78178.39
1776926700,78178.39,78243.72,78100.07,78211.43
1776927600,78211.43,78248.39,78132,78142.26
1776928500,78142.26,78191.78,78112.83,78149.99
1776929400,78149.99,78172.76,78036.07,78099.54
1776930300,78099.53,78147.14,77981.88,78048.62
1776931200,78048.61,78175.52,77920.58,78109
1776932100,78109.01,78121.4,77957.12,77983.91
1776933000,77983.53,77983.53,77715.9,77734.68
1776933900,77734.68,77891.32,77714.86,77858.35
1776934800,77858.34,77860.8,77440.85,77580.17
1776935700,77580.17,77704.96,77513.48,77620.34
1776936600,77620.34,77761.94,77620.34,77726
1776937500,77726,77741.67,77544.71,77655.34
1776938400,77655.35,77709.16,77174.01,77217.46
1776939300,77217.47,77395.92,77204.96,77387.52
1776940200,77387.52,77444.68,77352,77376.04
1776941100,77376.03,77469.63,77300,77403.63
1776942000,77403.63,77495.3,77365.57,77398.55
1776942900,77398.55,77501.61,77384.45,77460.6
1776943800,77460.6,77588.21,77384.44,77588.2
1776944700,77588.2,77757.31,77583.33,77704.62
1776945600,77704.61,77865.41,77698.15,77714.64
1776946500,77714.64,77766.62,77622.2,77766.2
1776947400,77766.19,77868.6,77720.26,77764.49
1776948300,77764.48,77870.54,77491.18,77870.53
1776949200,77870.54,77904.37,77630,77661.49
1776950100,77661.5,77714.11,77576.84,77595.82
1776951000,77595.81,77692.57,77521.2,77541.29
1776951900,77541.29,77665.27,77379.92,77532.23
1776952800,77532.23,77649.8,77414,77523.53
1776953700,77523.53,77954.94,77476,77727.98
1776954600,77727.98,77973.68,77727.98,77902
1776955500,77902,78201.53,77850,78180.77
1776956400,78180.78,78199.99,77983.25,78109.99
1776957300,78109.99,78662.5,78067.49,78386.89
1776958200,78386.88,78600.01,78310.13,78488
1776959100,78487.99,78488,78265.38,78376.76
1776960000,78376.77,78509.82,78302.65,78302.65
1776960900,78302.65,78441.24,78236.84,78300.01
1776961800,78300,78458.5,78278.38,78335.01
1776962700,78335,78375.54,78030,78103.72
1776963600,78103.72,78184.85,77672.23,77841.95
1776964500,77841.95,77850.79,77559.89,77588.24
1776965400,77588.23,77725.56,76982.25,77191.88
1776966300,77191.87,77812.64,76960,77769.21
1776967200,77769.2,78146.75,77742.87,77978.01
1776968100,77978,78063.6,77837.5,77907.85
1776969000,77907.85,78122.72,77907.84,78026.05
1776969900,78026.05,78054.82,77678.65,77678.65
1776970800,77678.65,77767.59,77592.92,77697.2
1776971700,77697.2,77884.61,77697.2,77852.61
1776972600,77852.62,77886.88,77638.36,77643.45
1776973500,77643.46,77812,77593.83,77727.26
1776974400,77727.25,77912.59,77637.5,77797.33
1776975300,77797.34,77830.98,77678.59,77744.17
1776976200,77744.17,78050,77720.38,77992.15
1776977100,77992.14,78025.56,77852.29,77886.97
1776978000,77886.97,77913.47,77828.2,77879.97
1776978900,77879.96,77917.05,77800,77917.05
1776979800,77917.06,78070,77917.05,78069.99
1776980700,78069.99,78069.99,77863.5,77864.83
1776981600,77864.84,78173.15,77864.83,78062.31
1776982500,78062.31,78267.99,78043.26,78178.34
1776983400,78178.33,78306,78178.33,78306
1776984300,78306.37,78331,78207.47,78235.3
1776985200,78235.29,78235.29,78088.53,78096.78
1776986100,78096.78,78152,78030,78134.01
1776987000,78134.01,78277.57,78134.01,78257.98
1776987900,78257.98,78298.01,78220.48,78257.48
1776988800,78257.48,78344.07,78172.01,78295.92
1776989700,78295.93,78473.84,78259.06,78407.99
1776990600,78408,78490.83,78377.03,78383.67
1776991500,78383.67,78473.29,78326.28,78417.22
1776992400,78417.22,78428.76,78076.09,78156.01
1776993300,78156,78182.29,77984.68,78025.99
1776994200,78025.99,78141.97,77952.16,78051.46
1776995100,78051.45,78450,78033.66,78429.73
1776996000,78429.73,78581.93,78302.94,78392
1776996900,78392,78401.35,78250,78259.96
1776997800,78259.97,78413.93,78258.68,78413.92
1776998700,78413.92,78431.72,78067.17,78125.65
1776999600,78125.65,78178.4,78078.56,78131.89
1777000500,78131.89,78131.9,77667.99,77750.41
1777001400,77750.41,77750.41,77555,77644.59
1777002300,77644.6,77742.32,77636.5,77737.85
1777003200,77737.84,77740,77675.71,77726.08
1777004100,77726.08,77854.57,77608,77613.28
1777005000,77613.07,77665.94,77482.49,77653.17
1777005900,77653.16,77750,77609.54,77670
1777006800,77670.01,77695.68,77557.59,77565.57
1777007700,77565.57,77653.64,77457,77640
1777008600,77640,77758.83,77640,77714.55
1777009500,77714.55,78057.65,77714.55,77953.48
1777010400,77953.48,77979.54,77891.35,77939.34
1777011300,77939.35,77965.77,77816.26,77840.4
1777012200,77840.4,77897.39,77761.2,77817.5
1777013100,77817.5,77915.83,77782.96,77789.75
1777014000,77789.75,77855.67,77750,77761.16
1777014900,77761.15,77780.2,77649.85,77720.32
1777015800,77720.31,77735.04,77609.45,77644.64
1777016700,77644.64,77730.03,77543.52,77644.6
1777017600,77644.59,77699.41,77550.73,77694.88
1777018500,77694.88,78000,77694.87,77855.62
1777019400,77855.62,77855.63,77731.37,77744.11
1777020300,77744.12,77875.01,77744.11,77785.71
1777021200,77785.7,77804.23,77402.01,77508
1777022100,77508,77608.42,77442.18,77500.01
1777023000,77500.01,77581.5,77404.24,77581.49
1777023900,77581.49,77581.5,77468.28,77527.69
1777024800,77527.7,77531.84,77444.95,77510.65
1777025700,77510.66,77759.25,77510.65,77685.16
1777026600,77685.15,77705.43,77625.15,77653.63
1777027500,77653.63,77784,77613.7,77752.36
1777028400,77752.37,78296.23,77752.37,78217.83
1777029300,78217.82,78324.03,78100,78324.02
1777030200,78324.02,78372.58,78223.11,78295.33
1777031100,78295.34,78295.34,78172.65,78240.26
1777032000,78240.27,78325.83,78176.11,78318.41
1777032900,78318.41,78345.15,78187.61,78268.9
1777033800,78268.91,78284.22,78168,78189.1
1777034700,78189.09,78275.66,78016.51,78275.66
1777035600,78275.65,78479.37,78275.65,78357.99
1777036500,78357.99,78399,78146.62,78167.89
1777037400,78167.89,78293.14,78053.3,78184.67
1777038300,78184.68,78242.3,77913.27,78093.79
1777039200,78093.8,78093.8,77800,77875.01
1777040100,77875,78019.97,77688,77702.14
1777041000,77702.15,78007.88,77681.74,77971.12
1777041900,77971.11,78056.34,77875.63,78037.64
1777042800,78037.65,78037.65,77577.22,77727.71
1777043700,77727.72,77875.01,77683.3,77825.99
1777044600,77825.99,78013.81,77717.61,77983.7
1777045500,77983.7,78233.18,77924.7,78038.62
1777046400,78038.63,78060.29,77792.45,77792.45
1777047300,77792.46,77792.46,77640.01,77727.69
1777048200,77727.7,77902.48,77586.86,77708.13
1777049100,77708.13,77783.54,77630,77777.28
1777050000,77776.76,77776.76,77612.86,77752.53
1777050900,77752.53,77752.54,77590.01,77678.47
1777051800,77678.47,77709.79,77489.6,77602.07
1777052700,77602.07,77829.17,77562.44,77681.71
1777053600,77681.72,77717.08,77520.45,77529.33
1777054500,77529.33,77545.49,77363.63,77499
1777055400,77499.01,77636.72,77483.99,77573.48
1777056300,77573.48,77625.58,77548.23,77618.24
1777057200,77618.25,77748.66,77570,77600.51
1777058100,77600.52,77674.21,77532.46,77575.13
1777059000,77575.12,77651.56,77561.43,77614.84
1777059900,77614.83,77636.62,77544.61,77628.85
1777060800,77628.84,77636.62,77532,77636.61
1777061700,77636.62,77644.61,77458,77537.87
1777062600,77537.86,77662.68,77537.86,77624.4
1777063500,77624.41,77757.14,77624.4,77718.31
1777064400,77718.31,77756.15,77592.5,77592.5
1777065300,77592.51,77660.33,77580,77625.72
1777066200,77625.71,77629.68,77553.28,77557.35
1777067100,77557.35,77592,77536.48,77536.48
1777068000,77536.49,77601.14,77515.05,77601.13
1777068900,77601.12,77616.78,77546.91,77546.91
1777069800,77546.91,77546.92,77264.08,77282.23
1777070700,77282.23,77380.67,77282.23,77328.91
1777071600,77328.92,77405.84,77328.92,77388.39
1777072500,77388.4,77426.59,77337.6,77409.61
1777073400,77409.62,77456.87,77396,77443.67
1777074300,77443.67,77445,77418,77437.13
1777075200,77437.13,77502.99,77409.42,77427.38
1777076100,77427.38,77444.18,77309.92,77318.99
1777077000,77318.99,77430.75,77318.98,77373.7
1777077900,77373.7,77456.88,77373.69,77456.88
1777078800,77456.88,77519.82,77440.8,77514.19
1777079700,77514.18,77547.7,77476.12,77486.2
1777080600,77486.21,77554.26,77486.2,77554.25
1777081500,77554.26,77620.52,77541.62,77541.63
1777082400,77541.63,77632.2,77504.43,77547.93
1777083300,77547.94,77635.71,77534.44,77633.18
1777084200,77633.18,77644.04,77621.61,77622.97
1777085100,77622.97,77634.66,77593.5,77607.8
1777086000,77607.8,77688,77561.4,77581.14
1777086900,77581.14,77596.93,77550.27,77558.48
1777087800,77558.48,77689.33,77558.47,77678.96
1777088700,77678.95,77711.87,77636.84,77679.07
1777089600,77679.08,77691.23,77608.74,77675.18
1777090500,77675.17,77685.58,77634.83,77644.65
1777091400,77644.64,77644.65,77596.37,77611.4
1777092300,77611.4,77630.35,77596.74,77619.05
1777093200,77619.05,77619.05,77485.51,77502.32
1777094100,77502.32,77532,77494,77494.01
1777095000,77494,77552.69,77494,77535.28
1777095900,77535.29,77553.38,77510.27,77510.28
1777096800,77510.27,77555.97,77510.27,77540
1777097700,77539.99,77551.56,77489.35,77491.14
1777098600,77491.13,77555.97,77491.13,77531.81
1777099500,77531.81,77582.28,77503.62,77503.63
1777100400,77503.63,77503.63,77450,77479.25
1777101300,77479.24,77535.69,77479.24,77532.1
1777102200,77532.11,77566.26,77506.62,77531.4
1777103100,77531.39,77556.74,77497.14,77501.19
1777104000,77501.19,77584.32,77491.36,77560.56
1777104900,77560.57,77583.43,77541.9,77571.81
1777105800,77571.8,77654.41,77571.8,77641.05
1777106700,77641.05,77643.38,77618,77643.37
1777107600,77643.38,77660.05,77611.3,77628.9
1777108500,77628.9,77632.3,77587.1,77590.1
1777109400,77590.1,77757.13,77590.1,77733.23
1777110300,77733.24,77779.65,77714.55,77714.55
1777111200,77714.56,77800.76,77714.55,77767.97
1777112100,77767.97,77843.34,77767.97,77826.08
1777113000,77826.07,77885.35,77776.65,77812.07
1777113900,77812.06,77824.89,77784.54,77787.77
1777114800,77787.76,77787.77,77741.07,77741.07
1777115700,77741.07,77755.77,77644.22,77678.93
1777116600,77678.94,77682.44,77629.33,77644.63
1777117500,77644.64,77693.43,77607.03,77682.3
1777118400,77682.29,77717.95,77626.17,77694.95
1777119300,77694.95,77711.59,77610.71,77610.71
1777120200,77610.72,77611.63,77550.61,77562.14
1777121100,77562.14,77578.67,77550.61,77557.14
1777122000,77557.14,77645.36,77557.14,77645.35
1777122900,77645.36,77645.36,77609.45,77615.62
1777123800,77615.62,77676.82,77604.65,77676.82
1777124700,77676.81,77710.91,77650.02,77691.69
1777125600,77691.7,77750,77638,77692.67
1777126500,77692.67,77742.34,77664,77729.81
1777127400,77729.81,77745.33,77713.21,77738.22
1777128300,77738.22,77752.54,77650,77656.75
1777129200,77656.74,77677.72,77643.71,77670.39
1777130100,77670.39,77718.57,77670.38,77700.09
1777131000,77700.09,77722.7,77670,77670
1777131900,77670,77670.01,77299.89,77330.26
1777132800,77330.25,77451.57,77295.01,77451.56
1777133700,77451.57,77454.31,77327.65,77394.82
1777134600,77394.82,77430.69,77140.23,77368.27
1777135500,77368.27,77408.74,77346,77397.27
1777136400,77397.27,77400,77352.21,77355.47
1777137300,77355.47,77407.03,77300,77324.87
1777138200,77324.88,77335,77255.14,77306.96
1777139100,77306.95,77306.96,77210.96,77245.77
1777140000,77245.78,77330.11,77216.29,77280.35
1777140900,77280.35,77326.43,77264.1,77326.42
1777141800,77326.43,77389.01,77311.67,77311.67
1777142700,77311.67,77358.23,77300,77313
1777143600,77313,77343.81,77282.88,77330.06
1777144500,77330.05,77339,77255.69,77255.7
1777145400,77255.7,77255.7,77193.79,77193.8
1777146300,77193.79,77335.06,77193.79,77330.01
1777147200,77330,77381.9,77311.05,77358
1777148100,77357.99,77428.76,77350.5,77415.99
1777149000,77415.99,77431.55,77393.81,77400.2
1777149900,77400.2,77481.7,77400.2,77479.13
1777150800,77479.14,77530,77479.13,77500.57
1777151700,77500.58,77519.92,77486.98,77518.89
1777152600,77518.88,77520,77415.2,77468.03
1777153500,77468.02,77528,77466.91,77525.84
1777154400,77525.83,77551.65,77498.81,77509.75
1777155300,77509.76,77573.75,77503.59,77556.65
1777156200,77556.65,77634.77,77556.65,77600
1777157100,77599.99,77599.99,77532.09,77557.01
1777158000,77557.01,77624,77530,77585.48
1777158900,77585.49,77605.8,77562,77594.46
1777159800,77594.46,77650,77580.9,77606.76
1777160700,77606.77,77625,77600,77625
1777161600,77625,77642.43,77519.76,77550.27
1777162500,77550.27,77550.27,77472.29,77472.3
1777163400,77472.3,77550.87,77445.94,77545.55
1777164300,77545.55,77592.84,77463.73,77502.4
1777165200,77502.39,77525.52,77486.2,77506.5
1777166100,77506.51,77572.81,77500,77506.41
1777167000,77506.41,77555,77506.41,77555
1777167900,77554.99,77554.99,77451.16,77461.16
1777168800,77461.16,77569.44,77452.07,77569.44
1777169700,77569.44,77590.97,77522.23,77559.97
1777170600,77559.96,77584.43,77522.23,77522.24
1777171500,77522.24,77522.24,77478.08,77512.67
1777172400,77512.67,77526.99,77483.06,77526.98
1777173300,77526.99,77541.96,77425.39,77432.65
1777174200,77432.66,77432.66,77326.51,77380
1777175100,77380,77420.39,77367.94,77400.21
1777176000,77400.21,77494.52,77383.46,77476.89
1777176900,77476.89,77494.86,77473.01,77481.97
1777177800,77481.97,77522.42,77433.87,77517.94
1777178700,77517.94,77814.43,77517.93,77774.29
1777179600,77774.29,78150,77719.77,78138.86
1777180500,78138.86,78200,78026.58,78100.37
1777181400,78100.38,78190,78019.22,78044
1777182300,78043.99,78052,77983.3,77983.31
1777183200,77983.31,78038,77983.31,78015.24
1777184100,78015.25,78015.25,77926.8,77948.99
1777185000,77948.99,78045,77930.03,78012.01
1777185900,78012.01,78013,77899.45,77999.04
1777186800,77999.04,78021,77987.15,78009.99
1777187700,78009.99,78029.77,77988.97,77998.01
1777188600,77998.01,77998.01,77968.36,77980.54
1777189500,77980.54,78121.45,77974.13,78102.53
1777190400,78102.53,78138.43,78040.37,78077.87
1777191300,78077.88,78087.47,78025.76,78087.46
1777192200,78087.46,78210,78019.65,78044
1777193100,78044,78051.66,78023.39,78032.59
1777194000,78032.59,78032.59,77969.56,78009.73
1777194900,78009.73,78058.45,77992.57,78009.97
1777195800,78009.98,78010,77926.59,77976.34
1777196700,77976.35,78000,77945.26,77999.99
1777197600,78000,78050.19,77954,78040.14
1777198500,78040.13,78047.29,78001.28,78008.05
1777199400,78008.05,78018.24,77982.2,77992.34
1777200300,77992.34,78004.49,77972.28,78002.43
1777201200,78002.43,78086,78002.42,78048.58
1777202100,78048.58,78149.99,78036.15,78139.55
1777203000,78139.55,78141.96,78074.29,78077.42
1777203900,78077.41,78128.7,78050.33,78101.44
1777204800,78101.43,78101.5,77981.87,77981.87
1777205700,77981.87,78027.3,77957.34,77976.6
1777206600,77976.59,77987.41,77950,77950
1777207500,77950,77950.01,77770,77833.08
1777208400,77833.08,77938.59,77797.13,77905.13
1777209300,77905.13,77941.22,77818.08,77874.43
1777210200,77874.43,77991.65,77873.38,77989.74
1777211100,77989.74,77996.69,77917.75,77977.79
1777212000,77977.79,77977.8,77871.85,77958.74
1777212900,77958.75,78173.15,77927.85,78065.97
1777213800,78065.97,78140.44,78011.45,78047.92
1777214700,78047.93,78157.67,77977.88,78095.66
1777215600,78095.65,78120.08,78035.7,78088.18
1777216500,78088.17,78121.92,77988.89,78099.98
1777217400,78099.99,78117.3,78028.11,78046.31
1777218300,78046.31,78057.9,78000.01,78049
1777219200,78049,78068,78010.16,78020.4
1777220100,78020.4,78050.08,78020.39,78050.07
1777221000,78050.07,78086.47,78000.17,78000.18
1777221900,78000.17,78034.1,77919.42,77919.43
1777222800,77919.43,78013.99,77850,78012.58
1777223700,78012.59,78049.99,77982.22,78016.85
1777224600,78016.86,78022.4,77955.4,78020.07
1777225500,78020.06,78050,78000,78018.57
1777226400,78018.57,78159.97,77988.11,78093.29
1777227300,78093.29,78346.89,78067.87,78177.33
1777228200,78177.32,78221.83,78139.41,78216.29
1777229100,78216.28,78293.5,78186.61,78283.96
1777230000,78283.97,78430,78179.18,78389.21
1777230900,78389.22,78500,78013.76,78194.78
1777231800,78194.78,78220.99,78048.15,78181.24
1777232700,78181.24,78282.37,78178.47,78221.16
1777233600,78221.17,78261.29,78190,78190
1777234500,78190,78233.88,78158.04,78231.16
1777235400,78231.16,78377.77,78231.15,78292.05
1777236300,78292.06,78350,78191.67,78194.22
1777237200,78194.21,78282.93,78182.31,78233.75
1777238100,78233.75,78275.85,78181.24,78192.11
1777239000,78192.12,78192.12,77953.84,77989.34
1777239900,77989.34,78961,77843.75,78417.41
1777240800,78417.41,78584,78350,78569.52
1777241700,78569.52,78850.3,78506,78524.36
1777242600,78524.36,78524.36,77953.26,78281.52
1777243500,78281.52,78436.27,78263.35,78313.52
1777244400,78313.52,78406.08,78258.37,78360.83
1777245300,78360.83,78461.45,78153.2,78154.16
1777246200,78154.16,78610.99,78041.05,78608.09
1777247100,78608.08,78901.63,78600.73,78657.55
1777248000,78657.55,78876.66,78562.5,78582.59
1777248900,78582.58,78650,78400.03,78485.44
1777249800,78485.43,78828.42,78407.22,78813.85
1777250700,78813.86,79392.4,78773.91,79308.6
1777251600,79309,79485.66,79111.59,79127.83
1777252500,79127.84,79127.84,78730.71,78908.39
1777253400,78908.37,79159.65,78846.35,79051.26
1777254300,79051.26,79375,79051.26,79283.66
1777255200,79283.65,79304,79088.64,79184
1777256100,79184,79256.51,79030.91,79123.48
1777257000,79123.48,79258.87,79039.14,79070.13
1777257900,79070.12,79198.9,79066.12,79130.01
1777258800,79130.01,79250,79077.81,79209.04
1777259700,79209.04,79269.87,79175.62,79246.9
1777260600,79246.91,79316.5,79173.17,79237.1
1777261500,79237.1,79252.17,79079.48,79105.49
1777262400,79105.5,79130.63,79009.5,79057.82
1777263300,79057.82,79118.23,79003.34,79118.22
1777264200,79118.23,79160,79028.6,79072.73
1777265100,79072.72,79086.42,78872.42,78924.22
1777266000,78924.21,78938,78392.26,78406.39
1777266900,78406.39,78414.42,77822.86,77835.63
1777267800,77835.62,77875.14,77562.63,77804.13
1777268700,77804.14,77867.72,77743.48,77785.54
1777269600,77785.55,77801.25,77666.66,77737.47
1777270500,77737.46,77871.9,77691.2,77725.14
1777271400,77725.14,77725.15,77465.05,77618.1
1777272300,77618.11,77739.05,77610.44,77700.12
1777273200,77700.12,77734.79,77563.1,77647.68
1777274100,77647.69,77734,77562.08,77690.95
1777275000,77690.95,77690.95,77587.5,77679.41
1777275900,77679.42,77732.55,77606.59,77606.6
1777276800,77606.59,77727.43,77592.46,77632.09
1777277700,77632.09,77693.83,77560.99,77572.38
1777278600,77572.39,77664.58,77553.23,77617.13
1777279500,77617.14,77816.18,77617.13,77804.34
1777280400,77804.34,77861.28,77783.4,77857.61
1777281300,77857.62,77857.62,77700,77775.96
1777282200,77775.96,77961.46,77755.37,77943.44
1777283100,77943.45,77980,77894.65,77900.01
1777284000,77900.01,77935.66,77801.89,77814.84
1777284900,77814.85,77833.68,77792.46,77809.43
1777285800,77809.43,77924.63,77800.5,77874.65
1777286700,77874.65,77897.68,77849.44,77850.01
1777287600,77850.01,77880,77740.39,77783.21
1777288500,77783.21,77883,77746.73,77860
1777289400,77860.01,77885.46,77780,77803.1
1777290300,77803.1,77855,77780,77844.26
1777291200,77844.25,77867.33,77736.49,77825
1777292100,77824.99,77858.41,77720.21,77743.36
1777293000,77743.36,77775,77650,77737.99
1777293900,77738,77774,77620,77667.36
1777294800,77667.36,77783.25,77637.57,77717.42
1777295700,77717.42,77797.64,77650,77712.69
1777296600,77712.75,77966.8,77627.15,77854.21
1777297500,77854.2,77862,77571.79,77746.74
1777298400,77746.74,77916.52,77680,77855.23
1777299300,77855.22,77920,77828.15,77881.23
1777300200,77881.23,78220,77849.44,78178.37
1777301100,78178.38,78265.34,77793.15,77815.25
1777302000,77815.26,77827.17,77305.71,77375.62
1777302900,77375.62,77375.62,76564.33,76855.08
1777303800,76855.08,77095.91,76832.25,77056.82
1777304700,77056.82,77056.82,76734.93,76793.09
1777305600,76793.1,76847.67,76652.64,76770.98
1777306500,76770.98,76868.01,76724.91,76745.82
1777307400,76745.83,76817.7,76597.43,76597.43
1777308300,76597.44,76687.2,76546,76618.59
1777309200,76618.59,76811.14,76618.59,76699.88
1777310100,76699.88,76888.73,76627.68,76832.66
1777311000,76832.66,76990.43,76763.71,76867.32
1777311900,76867.32,76890.08,76700,76743.24
1777312800,76743.23,76811.93,76676.43,76750.66
1777313700,76750.66,76841.02,76668.52,76694.97
1777314600,76694.97,76767.71,76676,76767.7
1777315500,76767.71,76890.99,76729.24,76834.06
1777316400,76834.05,76889.74,76732.7,76879.77
1777317300,76879.78,76894.7,76623.66,76623.66
1777318200,76623.66,76782.19,76459.64,76782.18
1777319100,76782.18,76878.07,76763.55,76878.07
1777320000,76878.23,76994.23,76844.16,76895.84
1777320900,76895.84,76994.26,76895.84,76994.26
1777321800,76994.26,77067.8,76956.72,76992.95
1777322700,76992.94,77003.81,76940.52,76960.43
1777323600,76960.43,76960.43,76829.01,76885.37
1777324500,76885.37,76941.69,76853.43,76913.92
1777325400,76913.91,76981.53,76883.49,76897.52
1777326300,76897.51,76944.35,76786.8,76786.81
1777327200,76786.81,76900,76763.71,76857.32
1777328100,76857.31,76972.33,76850,76971.44
1777329000,76971.44,77040,76959.8,77005.82
1777329900,77005.81,77082.78,77005.81,77066.42
1777330800,77066.42,77084,77018.56,77039.04
1777331700,77039.05,77208.72,77039.04,77137.15
1777332600,77137.15,77305.71,77137.14,77305.7
1777333500,77305.7,77450,77287.08,77371.32
1777334400,77371.32,77437.82,77256.38,77326.88
1777335300,77326.87,77446.5,77229.89,77233.5
1777336200,77233.49,77478,77210.92,77400.92
1777337100,77400.92,77473.42,77294.11,77379.62
1777338000,77379.62,77394.1,77323.15,77344.75
1777338900,77344.75,77344.75,77194.49,77235.84
1777339800,77235.83,77235.83,77088.88,77105
1777340700,77105,77134.8,77038.1,77084.68
1777341600,77084.69,77215.49,77045.03,77159.77
1777342500,77159.76,77227.03,77005.07,77005.07
1777343400,77005.07,77032,76672.56,76707.6
1777344300,76707.6,76901.96,76681.58,76890.93
1777345200,76890.92,76890.92,76672,76765.49
1777346100,76765.48,76790.16,76699.99,76763.72
1777347000,76763.72,76842.44,76753.6,76800.43
1777347900,76800.42,76842.84,76786.81,76815.18
1777348800,76815.18,76877.1,76777.73,76877.1
1777349700,76877.09,76930.33,76701.35,76797.41
1777350600,76797.4,76878,76749.96,76829.76
1777351500,76829.76,76950,76829.75,76888.08
1777352400,76888.08,77058.61,76888.08,76963.82
1777353300,76963.81,77154,76907.6,77063.45
1777354200,77063.45,77072.51,76811.01,76865.14
1777355100,76865.14,76972.33,76865.13,76885.98
1777356000,76885.97,77027.91,76885.97,76999.62
1777356900,76999.62,77006.32,76836.85,76905.63
1777357800,76905.64,76941.02,76593,76602.16
1777358700,76602.17,76763.71,76588,76720
1777359600,76720.01,76720.01,76557.64,76557.65
1777360500,76557.65,76663.47,76424.9,76642.43
1777361400,76642.43,76889.02,76617.7,76858.01
1777362300,76858,76922.22,76757.76,76879.28
1777363200,76879.28,76895,76786.48,76844.97
1777364100,76844.96,76977.26,76842.81,76976.63
1777365000,76976.64,77013.63,76802.45,76815.83
1777365900,76815.83,76868.03,76741.12,76858.59
1777366800,76858.59,76863.54,76790.01,76831.05
1777367700,76831.05,76831.05,76717.67,76790.7
1777368600,76790.7,76790.7,76637.63,76657.42
1777369500,76657.42,76659.41,76495.91,76598
1777370400,76597.99,76692.19,76514.76,76521.04
1777371300,76521.04,76569.16,76484.7,76523.47
1777372200,76523.48,76620,76523.47,76614.61
1777373100,76614.61,76630.02,76564.86,76618.35
1777374000,76618.35,76649.86,76440.86,76460.97
1777374900,76460.96,76480.84,76283.82,76342.7
1777375800,76342.7,76346.49,76145,76288.89
1777376700,76288.9,76296.99,76130.1,76229
1777377600,76228.99,76314.97,76186.45,76273.92
1777378500,76273.92,76365.99,76168.84,76221.48
1777379400,76221.48,76316.32,76180,76315.2
1777380300,76315.21,76421.94,76295.47,76372.05
1777381200,76372.04,76372.05,75924.98,76135.79
1777382100,76135.78,76244,76028,76192.9
1777383000,76192.9,76357.3,76061.97,76264.45
1777383900,76264.44,76411.72,76033.6,76189.84
1777384800,76189.85,76199.99,76018,76076.73
1777385700,76076.74,76085.71,75769.4,75829.12
1777386600,75829.12,75904,75666.6,75862.78
1777387500,75862.78,75950,75691.06,75949.99
1777388400,75950,76068.12,75836.88,75990.25
1777389300,75990.24,76065.22,75945,76024.99
1777390200,76024.99,76057,75882.21,75933.7
1777391100,75933.7,76085.42,75916.35,76066.38
1777392000,76066.37,76095.46,75958.15,76020.45
1777392900,76020.46,76033.56,75947.74,75954.58
1777393800,75954.59,76007.63,75881.28,75912.55
1777394700,75912.55,76218.06,75889,76125.04
1777395600,76125.04,76220.61,76000,76033.56
1777396500,76033.56,76137.87,75959.05,76096.13
1777397400,76096.13,76262.63,76096.12,76192.44
1777398300,76192.44,76220.79,76117.99,76187.3
1777399200,76187.3,76266.66,76137.86,76141.01
1777400100,76141.01,76280.91,76141.01,76233.34
1777401000,76233.34,76238.94,76168.69,76168.69
1777401900,76168.69,76250,76152.41,76242.18
1777402800,76242.17,76242.18,76086,76086.61
1777403700,76086.61,76170.94,76066.35,76170.93
1777404600,76170.93,76320.95,76136.27,76319.4
1777405500,76319.4,76380.83,76273.91,76330.97
1777406400,76330.97,76446.71,76323.71,76397.69
1777407300,76397.69,76400.78,76338.4,76367.1
1777408200,76367.09,76436.73,76360.05,76415.64
1777409100,76415.65,76480,76415.64,76463.95
1777410000,76463.95,76481.3,76350.84,76365.38
1777410900,76365.62,76375.35,76288.31,76301.3
1777411800,76301.31,76410.45,76301.3,76315.82
1777412700,76315.82,76417.94,76267.61,76357.15
1777413600,76357.15,76446.26,76332,76364.27
1777414500,76364.27,76371.83,76318.71,76329.44
1777415400,76329.44,76364.3,76292.19,76292.19
1777416300,76292.2,76297.77,76218,76242.17
1777417200,76242.17,76346.89,76197.02,76346.89
1777418100,76346.88,76363.21,76266.94,76285.52
1777419000,76285.53,76305.16,76249.31,76300.72
1777419900,76300.72,76370,76300.72,76342.77
1777420800,76342.78,76385.28,76303.13,76332.4
1777421700,76332.4,76346.33,76276,76319.24
1777422600,76319.25,76419.15,76288.98,76400.46
1777423500,76400.46,76557.97,76391.15,76512
1777424400,76511.99,76545.14,76316.65,76359.67
1777425300,76359.67,76399.58,76221.49,76236.14
1777426200,76236.15,76410.47,76187.75,76410.47
1777427100,76410.46,76668.02,76395.74,76571
1777428000,76571,76666.82,76513.07,76548.32
1777428900,76548.31,76565.76,76460.96,76460.97
1777429800,76460.97,76468.62,76402.72,76435.21
1777430700,76435.21,76531.43,76434.29,76531.29
1777431600,76531.29,76622.78,76519.94,76622.78
1777432500,76622.77,76899.83,76622.77,76882
1777433400,76881.99,77127.62,76802.44,77079.11
1777434300,77079.12,77082.24,76933.66,76994.78
1777435200,76994.77,77008.68,76880,76926.06
1777436100,76926.06,77057.11,76926.06,77041.81
1777437000,77041.81,77455.71,77020.73,77318.1
1777437900,77318.09,77368.77,77250.48,77269.76
1777438800,77269.76,77301.82,77200,77224.34
1777439700,77224.35,77272.45,77198.07,77272.45
1777440600,77272.45,77301,77221.02,77248.12
1777441500,77248.12,77329.31,77248.11,77288.38
1777442400,77288.39,77337.57,77192.07,77218.53
1777443300,77218.52,77227,77083.38,77083.39
1777444200,77083.39,77117.16,77011.2,77011.22
1777445100,77011.22,77260.22,76907.07,77031.06
1777446000,77031.07,77107.87,77031.06,77092.66
1777446900,77092.66,77108.29,77050.29,77064.19
1777447800,77064.19,77182.91,77064.19,77127.55
1777448700,77127.54,77127.55,77031.06,77053.64
1777449600,77053.65,77087.15,76984.88,77030.54
1777450500,77030.55,77148.79,77020.78,77106.01
1777451400,77106.01,77106.01,76972.32,77064.9
1777452300,77064.89,77074.62,77025.93,77046.32
1777453200,77046.31,77072.96,76972.32,77072.95
1777454100,77072.95,77142,77057.41,77127.74
1777455000,77127.74,77285,77127.73,77258
1777455900,77258,77800,77242.53,77642
1777456800,77642,77817.57,77642,77720.85
1777457700,77720.85,77899.86,77710,77885.28
1777458600,77885.28,77904.93,77563.8,77563.81
1777459500,77563.81,77666.35,77559.19,77619.61
1777460400,77619.62,77673.2,77506.88,77579.69
1777461300,77579.7,77607.4,77485.81,77515
1777462200,77515,77670.73,77508.07,77571.53
1777463100,77571.53,77694.61,77546,77590.03
1777464000,77590.04,77596.39,76850,77310.12
1777464900,77310.12,77415.98,76908.47,77145.78
1777465800,77145.78,77175.64,76992.5,77162.2
1777466700,77162.19,77208.72,77125.92,77143.68
1777467600,77143.68,77205.72,77072.39,77178.95
1777468500,77178.96,77240,76859.09,76924.1
1777469400,76924.11,76924.11,76563,76563
1777470300,76563.01,76877.15,76425.62,76783.43
1777471200,76783.42,76783.43,76543.51,76588.85
1777472100,76588.5,76767.71,76503.2,76717.99
1777473000,76717.99,76927.69,76584.42,76602.26
1777473900,76602.27,76668.45,76489.99,76570
1777474800,76570,76634.61,76150,76255
1777475700,76254.99,76364.88,76194.4,76230.53
1777476600,76230.53,76335.12,75971.07,75975
1777477500,75975.01,76041.8,75705.32,75924.25
1777478400,75924.24,76125.47,75847.71,76031.77
1777479300,76031.77,76116.47,75696.13,75837.01
1777480200,75837,75911.04,75720.96,75887.34
1777481100,75887.33,75908,75707.69,75803.54
1777482000,75803.55,76015.27,75803.55,75936.36
1777482900,75936.36,76112.98,75811.24,75891.4
1777483800,75891.4,76018.34,75881.59,76018.33
1777484700,76018.33,76184.01,75940.12,76184.01
1777485600,76184,76274.8,74937.52,75192.52
1777486500,75192.51,75385.24,75084,75150.37
1777487400,75150.37,75361.68,74958.66,75242.43
1777488300,75242.42,75517.33,75225,75513.91
1777489200,75513.92,75570.18,75374.49,75568.41
1777490100,75567.04,75591.83,75454.76,75531.29
1777491000,75531.29,75531.3,75302.31,75438.56
1777491900,75438.55,75565.69,75432.49,75563.86
1777492800,75563.87,75716.54,75497.43,75528.81
1777493700,75528.82,75688.09,75524.41,75679.7
1777494600,75679.7,75857.32,75586,75773.61
1777495500,75773.61,75856.08,75666.79,75676.79
1777496400,75676.79,75850,75607.7,75794.67
1777497300,75794.67,75898.67,75794.67,75822.88
1777498200,75822.88,75973.5,75801.67,75942.49
1777499100,75942.49,76088.9,75932.76,75933.93
1777500000,75933.94,75969.42,75850,75965.73
1777500900,75965.73,76004.14,75818.14,75839.75
1777501800,75839.74,75975.38,75839.74,75962.86
1777502700,75962.85,75970.65,75891.28,75927.38
1777503600,75927.38,75990.06,75864.95,75987.62
1777504500,75987.62,75989.29,75692.33,75771.21
1777505400,75771.2,75864.91,75771.2,75861.06
1777506300,75861.07,75880.71,75774.6,75780
1777507200,75780,75867.49,75715.44,75719.89
1777508100,75719.9,75817.99,75656.03,75817.99
1777509000,75818,76172.34,75818,76091.35
1777509900,76091.35,76344.61,76091.35,76248.74
1777510800,76248.76,76360.56,76180.5,76234.02
1777511700,76234.01,76408.83,76178.73,76349.59
1777512600,76349.58,76412.41,76239.76,76346
1777513500,76346,76473.26,76218.94,76232.8
1777514400,76232.81,76351.04,76232.8,76316.7
1777515300,76316.7,76343.54,76107.82,76122.64
1777516200,76122.64,76122.64,75494.7,75614.11
1777517100,75614.11,75760.88,75560.29,75704.74
1777518000,75704.74,75865.12,75659.85,75828.64
1777518900,75828.65,75897.39,75770.67,75893.97
1777519800,75893.97,75987.84,75845.7,75949.04
1777520700,75949.03,75994.26,75900.83,75928.1
1777521600,75928.09,75963.92,75707.52,75792.03
1777522500,75792.04,75801.1,75670.02,75683.43
1777523400,75683.44,75687.21,75414.57,75426.62
1777524300,75426.61,75534.65,75426.61,75497
1777525200,75497.01,75627.33,75480,75611.77
1777526100,75611.78,75626.08,75323.65,75429.05
1777527000,75429.06,75750,75422.72,75707.4
1777527900,75707.4,75743.5,75595.99,75600.09
1777528800,75600.09,75682.19,75569.99,75594.9
1777529700,75594.89,75696.32,75594.89,75676
1777530600,75676,75867.9,75676,75744.04
1777531500,75744.03,75786.34,75709.99,75753.53
1777532400,75753.54,75849.69,75718.5,75806.02
1777533300,75806.01,75893.58,75782.56,75884.53
1777534200,75884.54,76082.97,75884.53,76075.28
1777535100,76075.29,76179.91,76068.23,76161.67
1777536000,76161.67,76208.92,76076.06,76092.07
1777536900,76092.07,76163.25,76019.57,76075.92
1777537800,76075.92,76144.16,76050,76135
1777538700,76135,76146.75,76058.16,76058.17
1777539600,76058.17,76097.85,76019.57,76077.09
1777540500,76077.09,76220.2,76012.6,76216.77
1777541400,76216.77,76339.38,76079.81,76079.81
1777542300,76079.82,76196.31,76075.69,76097.19
1777543200,76097.19,76163.52,76036.79,76036.8
1777544100,76036.8,76069.11,75974.93,75974.94
1777545000,75974.94,76119.19,75974.94,76043.02
1777545900,76043.02,76069.11,75999.9,76028.66
1777546800,76028.66,76244.36,76028.66,76150.47
1777547700,76150.48,76191.45,76093.11,76109.21
1777548600,76109.21,76140.33,75910.44,75929.48
1777549500,75929.48,76085.62,75876.29,76059.43
1777550400,76059.42,76169.55,76042.75,76146.61
1777551300,76146.61,76500,76141.11,76344.23
1777552200,76344.23,76511.22,76255.01,76255.01
1777553100,76255.01,76420,76254,76308.48
1777554000,76308.48,76367.65,76270.94,76315.8
1777554900,76315.8,76347.63,76159.45,76186.63
1777555800,76186.63,76644.44,76116.2,76638.04
1777556700,76638.04,76669.14,76412,76420.44
1777557600,76420.45,76597.51,76278.04,76360.52
1777558500,76360.52,76368.16,76093.81,76354.2
1777559400,76354.2,76557.97,76216.89,76346.36
1777560300,76346,76470.99,76272.19,76301.24
1777561200,76301.25,76439.32,76163.16,76424.65
1777562100,76424.66,76500,76370.4,76500
1777563000,76500,76653.6,76378,76465.74
1777563900,76465.74,76529.14,76331.34,76473.6
1777564800,76473.6,76484.6,76362.59,76473.61
1777565700,76473.6,76473.61,76300,76355.18
1777566600,76355.19,76419.55,76325.14,76342.62
1777567500,76342.62,76376.85,76228.27,76261.03
1777568400,76261.04,76328.71,76214.46,76224.25
1777569300,76224.26,76224.26,76111,76143.12
1777570200,76143.12,76263.45,76143.12,76160.87
1777571100,76160.86,76300.2,76160.86,76250.01
1777572000,76250,76372.28,76246,76269.6
1777572900,76269.6,76468.84,76268.65,76281.25
1777573800,76281.26,76404.83,76204.4,76398.64
1777574700,76398.64,76468.27,76350,76350
1777575600,76350,76482.61,76308.33,76451.53
1777576500,76451.53,76511.48,76425.96,76471.71
1777577400,76471.7,76514.8,76418.46,76443.27
1777578300,76443.27,76459.56,76377.14,76412.8
1777579200,76412.8,76472.97,76358.18,76447.85
1777580100,76447.86,76564,76318.31,76476.42
1777581000,76476.42,76550.96,76452.29,76521.21
1777581900,76521.21,76568.9,76492.45,76492.46
1777582800,76492.45,76535.42,76452.42,76494.59
1777583700,76494.58,76494.59,76323.04,76337.5
1777584600,76337.5,76458,76337.5,76390.41
1777585500,76390.41,76390.41,76240.78,76241.78
1777586400,76241.77,76366.79,76240.78,76366.78
1777587300,76366.79,76449.16,76366.19,76439.54
1777588200,76439.53,76442.02,76275.1,76334.97
1777589100,76334.97,76373.16,76206.02,76237.06
1777590000,76237.07,76323.07,76217.96,76299.08
1777590900,76299.07,76334.72,76290.85,76334.71
1777591800,76334.72,76375.99,76322.15,76334.37
1777592700,76334.36,76380.2,76305.07,76346.57
1777593600,76346.58,76514,76320.42,76469.81
1777594500,76469.8,76578,76469.8,76531.81
1777595400,76531.82,76560,76458,76528.37
1777596300,76528.37,76591,76402.91,76458.05
1777597200,76458.06,76589.34,76449.5,76564
1777598100,76564,76630,76530.01,76536.81
1777599000,76536.81,76640.64,76536.81,76618.08
1777599900,76618.07,76776.21,76615.97,76686.13
1777600800,76686.12,76744.6,76622.21,76674.82
1777601700,76674.82,76729.7,76610.1,76628.9
1777602600,76628.9,76639.95,76564.58,76596.02
1777603500,76596.01,76615.01,76533.74,76592.54
1777604400,76592.54,76700.84,76555.06,76698.98
1777605300,76698.97,77453.74,76698.97,77198.27
1777606200,77198.27,77285.79,77082.32,77158.4
1777607100,77158.4,77208,77072.09,77131.08
1777608000,77131.08,77176,77068.18,77116.28
1777608900,77116.28,77206.38,76653.6,77012.35
1777609800,77012.35,77083.98,76997.11,77081.86
1777610700,77081.86,77104.22,77018.64,77042.44
1777611600,77042.44,77184.96,77033.91,77140.27
1777612500,77140.27,77141.26,77054.65,77079.96
1777613400,77079.97,77137.6,77058.41,77125
1777614300,77125,77176.67,77115.85,77165.98
1777615200,77165.99,77176.67,77087.57,77145.49
1777616100,77145.49,77179.53,77112.06,77150.04
1777617000,77150.04,77170,76956.2,77066
1777617900,77066,77112.54,76882,76993.48
1777618800,76993.49,77094,76970.23,77038.9
1777619700,77038.9,77106.5,76994.11,77004.14
1777620600,77004.13,77049.82,76957.04,76996.88
1777621500,76996.87,77140.36,76996.74,77130.54
1777622400,77130.54,77250,77048,77250
1777623300,77249.99,77500,77227.75,77440.73
1777624200,77440.74,77457.99,77361.82,77370.66
1777625100,77370.67,77382.46,77358.15,77377.47
1777626000,77377.48,77391.99,77289.18,77338.73
1777626900,77338.74,77377.91,77299.34,77346.8
1777627800,77346.81,77346.81,77275.23,77279.94
1777628700,77279.94,77279.94,77200.15,77268.55
1777629600,77268.56,77268.56,77146.48,77159.42
1777630500,77159.41,77433.72,77159.41,77349.1
1777631400,77349.11,77361.77,77251,77251.01
1777632300,77251,77305.39,77251,77304.34
1777633200,77303.8,77331,77263.66,77324.48
1777634100,77324.48,77600,77307.5,77382.63
1777635000,77382.64,77429.8,77344.78,77412.88
1777635900,77412.88,77474.01,77344.78,77463.98
1777636800,77463.98,77677.77,77408.73,77553.65
1777637700,77553.64,77799.48,77550.72,77763.04
1777638600,77763.04,78170.2,77760.53,77959.08
1777639500,77959.08,78042.37,77896,77896.01
1777640400,77896.01,78430.2,77896,78344.38
1777641300,78344.37,78399.72,78260.35,78279.65
1777642200,78279.65,78539.25,78137.36,78259.08
1777643100,78259.07,78914.12,78190,78737.25
1777644000,78737.26,78871.8,78599,78681.2
1777644900,78681.2,78718,78145.82,78275.86
1777645800,78275.87,78295.02,78051.86,78196.74
1777646700,78196.74,78449.96,78146.32,78358.75
1777647600,78358.74,78474.22,78176.06,78460.94
1777648500,78460.95,78600,78422.55,78536.02
1777649400,78536.01,78735.92,78528.05,78663.98
1777650300,78663.97,78683.67,78177.1,78445.89
1777651200,78445.88,78683.23,78390.33,78390.33
1777652100,78390.33,78474.48,78173.15,78328
1777653000,78328.01,78390,78173.15,78278.22
1777653900,78278.21,78351.82,78167.53,78214.36
1777654800,78214.36,78330,78131.02,78330
1777655700,78330,78350,78185.82,78250.82
1777656600,78250.83,78552.47,78183.72,78438.28
1777657500,78438.28,78584.61,78420.66,78552.94
1777658400,78552.93,78609.11,78466.4,78527.36
1777659300,78527.36,78623.37,78480,78586.48
1777660200,78586.49,78586.49,78413.23,78428.53
1777661100,78428.54,78507.97,78375.53,78423.9
1777662000,78423.91,78540,78416.96,78489.06
1777662900,78489.07,78494.07,78350,78415.73
1777663800,78415.14,78417.43,78313.16,78341.41
1777664700,78341.42,78466.59,78336,78360
1777665600,78360.01,78422.81,78291.33,78291.33
1777666500,78291.33,78300.09,78100.07,78153.28
1777667400,78153.27,78180.48,77945.28,77985.19
1777668300,77985.2,78031.07,77752,77880.18
1777669200,77880.18,77979.99,77857.97,77955.16
1777670100,77955.16,78064.85,77932.75,78021.45
1777671000,78021.46,78185.7,78021.45,78117.06
1777671900,78117.06,78200,78117.06,78199.99
1777672800,78200,78314,78200,78282.61
1777673700,78282.6,78411.13,78280.54,78353.41
1777674600,78353.41,78369.59,78228,78263.61
1777675500,78263.6,78263.6,78144.7,78153.38
1777676400,78153.37,78183.15,78100,78124
1777677300,78124.01,78139.22,78043.28,78044.17
1777678200,78044.16,78144.35,78044.16,78112.21
1777679100,78112.2,78249.6,78112.2,78231.13
1777680000,78231.13,78299.04,78200.09,78200.1
1777680900,78200.09,78360.77,78166.48,78280.85
1777681800,78280.86,78339.99,78250.89,78323.86
1777682700,78323.86,78393.39,78290,78341.75
1777683600,78341.75,78392.34,78294.19,78380.14
1777684500,78380.14,78380.14,78304,78345.36
1777685400,78345.36,78441.31,78322.18,78372.51
1777686300,78372.51,78372.51,78300,78355
1777687200,78355,78355,78281.43,78293.36
1777688100,78293.37,78340,78260.95,78270.2
1777689000,78270.2,78395,78266.5,78359.95
1777689900,78359.95,78513.7,78353.92,78353.93
1777690800,78353.93,78384.21,78250,78277.31
1777691700,78277.31,78411.31,78237.25,78382.22
1777692600,78382.22,78514.82,78368,78399.16
1777693500,78399.16,78471.04,78368,78400
1777694400,78399.99,78448.99,78262.39,78292.12
1777695300,78292.12,78304.39,78260.76,78278.59
1777696200,78278.6,78287.1,78175.37,78223.12
1777697100,78223.12,78233.3,78123.53,78175.5
1777698000,78175.5,78186,78061.54,78089.34
1777698900,78089.34,78126.77,78040,78110.64
1777699800,78110.65,78218.03,78110.64,78198.47
1777700700,78198.47,78235.25,78173.99,78174
1777701600,78174,78288,78169.99,78170
1777702500,78170,78220.39,78148.24,78150
1777703400,78150,78229.82,78150,78229.81
1777704300,78229.81,78363.21,78229.81,78327.8
1777705200,78327.8,78342.18,78303.11,78320.08
1777706100,78320.08,78339.6,78308.24,78320.83
1777707000,78320.84,78324.7,78218.04,78227.11
1777707900,78227.11,78247.52,78207.2,78220
1777708800,78220,78266.01,78165.3,78262.66
1777709700,78262.66,78294.86,78237.76,78283.4
1777710600,78283.4,78350,78283.4,78329.3
1777711500,78329.3,78356.51,78290.02,78315.37
1777712400,78315.36,78328.14,78294.16,78305.7
1777713300,78305.69,78341.78,78305.69,78308.63
1777714200,78308.64,78394,78220,78311.57
1777715100,78311.58,78316.02,78285.79,78293.57
1777716000,78293.57,78311.97,78280.31,78288.56
1777716900,78288.55,78297,78228.37,78251.51
1777717800,78251.52,78267.07,78225.22,78249.59
1777718700,78249.6,78262.6,78231.31,78249.3
1777719600,78249.31,78249.31,78169,78170.58
1777720500,78170.58,78227.86,78170.57,78210.98
1777721400,78210.99,78210.99,78129.4,78169
1777722300,78169.01,78169.01,78094.43,78143.08
1777723200,78143.09,78161.72,78108.41,78144.43
1777724100,78144.43,78262.37,78144.42,78242.85
1777725000,78242.86,78261.56,78191.08,78227.71
1777725900,78227.71,78227.71,78184.98,78211.24
1777726800,78211.24,78423.85,78211.24,78392.44
1777727700,78392.43,78392.44,78306.79,78306.79
1777728600,78306.8,78361.34,78304.92,78361.34
1777729500,78361.33,78391.42,78322.33,78367.06
1777730400,78367.06,78397.11,78309.84,78309.84
1777731300,78309.84,78484.42,78309.84,78420.43
1777732200,78420.43,78461.55,78385,78398.57
1777733100,78398.58,78480,78398.57,78423.98
1777734000,78423.98,78480,78423.98,78435.26
1777734900,78435.26,78435.26,78365.96,78374.95
1777735800,78374.95,78444,78374.94,78443.41
1777736700,78443.41,78487.68,78417.47,78487.67
1777737600,78487.67,78557.62,78462.1,78545.99
1777738500,78546,78596.61,78505.62,78510.63
1777739400,78510.62,78510.62,78430.07,78430.08
1777740300,78430.07,78500,78430.07,78455.02
1777741200,78455.02,78459.5,78418.91,78435.01
1777742100,78435.01,78450,78415.47,78415.7
1777743000,78415.7,78485.53,78415.7,78426.85
1777743900,78426.85,78430.94,78368.24,78398.02
1777744800,78398.03,78398.03,78310.54,78324.71
1777745700,78324.71,78394.04,78310.84,78391.92
1777746600,78391.92,78454.64,78391.91,78411.5
1777747500,78411.5,78493.31,78411.49,78466.62
1777748400,78466.63,78510,78447.97,78470.19
1777749300,78470.19,78475.53,78440.11,78457
1777750200,78457,78521.68,78450.55,78497.46
1777751100,78497.46,78497.47,78457,78486
1777752000,78486.23,78491.26,78434.14,78434.14
1777752900,78434.14,78434.15,78421.41,78426.31
1777753800,78426.31,78479.5,78426.31,78433.16
1777754700,78433.15,78452.19,78418.32,78451.38
1777755600,78451.37,78513.8,78450.55,78450.55
1777756500,78450.56,78493.98,78439.51,78493.97
1777757400,78493.97,79199.48,78493.97,78806.68
1777758300,78806.67,78911.82,78719.77,78719.78
1777759200,78719.78,78799.48,78664.66,78771.13
1777760100,78771.13,78776.37,78610.46,78620
1777761000,78619.99,78750,78619.99,78660.16
1777761900,78660.16,78872.39,78660.15,78832.98
1777762800,78832.98,78832.98,78689.2,78740.13
1777763700,78740.14,78802.63,78722.06,78802.28
1777764600,78802.29,78819.99,78689.2,78689.21
1777765500,78689.2,78706.84,78631.9,78686.85
1777766400,78686.84,78754.55,78557.61,78573.12
1777767300,78573.11,78635.58,78501,78629.5
1777768200,78629.5,78677,78620.63,78633.17
1777769100,78633.17,78647.44,78490.61,78542.32
1777770000,78542.33,78542.33,78257.61,78361.03
1777770900,78361.03,78394.1,78214.88,78280.68
1777771800,78280.68,78280.68,78152.25,78236.45
1777772700,78236.45,78285,78227.2,78240.83
1777773600,78240.84,78309.09,78120,78193.43
1777774500,78193.44,78199.85,78108.75,78113.07
1777775400,78113.06,78170,78113.06,78122.61
1777776300,78122.61,78199.06,78121.77,78171.85
1777777200,78171.86,78189.35,78121.95,78134.7
1777778100,78134.7,78149.08,78109.94,78109.94
1777779000,78109.95,78208,78109.94,78132.52
1777779900,78132.52,78217.59,78132.51,78203.08
1777780800,78203.07,78206.84,78120,78147.03
1777781700,78147.02,78236.45,78147.02,78222.95
1777782600,78222.95,78236.45,78186.53,78186.53
1777783500,78186.54,78194,78144.68,78163.19
1777784400,78163.19,78260.15,78163.17,78239.87
1777785300,78239.86,78260.75,78223.22,78226.16
1777786200,78226.17,78230,78206.26,78206.26
1777787100,78206.26,78254.82,78206.26,78249.42
1777788000,78249.41,78249.42,78144.9,78151.37
1777788900,78150.85,78150.86,78084.08,78115.33
1777789800,78115.33,78166.76,78115.33,78140
1777790700,78139.99,78337.26,78139.99,78288.3
1777791600,78288.3,78444.18,78288.29,78346.65
1777792500,78346.65,78483.67,78343.51,78412.76
1777793400,78412.76,78448.4,78378.86,78378.86
1777794300,78378.87,78400.58,78361.33,78363.25
1777795200,78363.24,78505.92,78363.24,78450.55
1777796100,78450.56,78481.76,78411.15,78417.59
1777797000,78417.58,78441.78,78388.3,78439.45
1777797900,78439.45,78455,78387.86,78387.86
1777798800,78387.87,78440.49,78354.53,78402.79
1777799700,78402.79,78526.14,78402.78,78500.01
1777800600,78500,78604.67,78454,78514.83
1777801500,78514.83,78550,78486.73,78529.57
1777802400,78529.57,78534.4,78428.81,78491.26
1777803300,78491.26,78491.27,78430.59,78430.59
1777804200,78430.6,78465.05,78430.59,78450.55
1777805100,78450.55,78450.55,78406.97,78408.01
1777806000,78408.01,78554.67,78380,78526.2
1777806900,78526.21,78530.41,78501.2,78508.7
1777807800,78508.71,78747.43,78508.7,78717.09
1777808700,78717.1,78849.22,78656,78656.01
1777809600,78656.01,78878.77,78656,78856.8
1777810500,78856.79,78856.8,78747.76,78773.22
1777811400,78773.22,78792.54,78687.5,78792.53
1777812300,78792.53,78830.6,78721.16,78747.09
1777813200,78747.09,78769.63,78715.43,78750.7
1777814100,78750.7,78750.7,78592.13,78643.99
1777815000,78644,78703.74,78586.99,78620
1777815900,78619.99,78699.52,78614.28,78670.01
1777816800,78670.01,78785.95,78664.29,78730
1777817700,78729.99,78759.98,78608.7,78693.38
1777818600,78693.38,78713.28,78671.04,78708.85
1777819500,78708.85,78786.57,78660,78741
1777820400,78741,78815.19,78716.8,78745.01
1777821300,78745.01,78772.22,78720.06,78769
1777822200,78768.99,78798.03,78672.49,78701.77
1777823100,78701.77,78701.78,78633.4,78668.36
1777824000,78668.36,78700,78619.09,78623.9
1777824900,78623.9,78666,78600,78662.04
1777825800,78662.03,78784.56,78662.03,78720.89
1777826700,78720.9,78733.21,78645.49,78654
1777827600,78654.01,78718.55,78558.65,78689.6
1777828500,78689.61,78795.05,78689.6,78734.07
1777829400,78734.06,78822.83,78730.63,78804.99
1777830300,78804.99,78805,78722.28,78725.76
1777831200,78725.76,78744.84,78672.47,78672.47
1777832100,78672.47,78755.22,78631.61,78736.97
1777833000,78736.98,78736.98,78680.39,78686.98
1777833900,78686.98,78763.57,78686.6,78739.67
1777834800,78739.68,78764.86,78694,78708.26
1777835700,78708.25,78719.27,78676.67,78681.7
1777836600,78681.71,78853.32,78679.9,78801.22
1777837500,78801.22,78815,78760.31,78760.32
1777838400,78760.32,78795.56,78732.04,78732.57
1777839300,78732.57,78999,78732.56,78921.69
1777840200,78921.68,79268,78902.24,79007.79
1777841100,79007.79,79019.76,78836.71,78915.99
1777842000,78915.99,79056.59,78855,79010.55
1777842900,79010.55,79010.56,78917.42,78917.42
1777843800,78917.42,78922,78661.75,78700
1777844700,78700,78845.33,78650,78831.59
1777845600,78831.6,79365.14,78831.6,79259.35
1777846500,79259.35,79447,78965.16,79085.31
1777847400,79085.31,79315.51,78991.63,79268
1777848300,79268,79383.78,79157.37,79177.29
1777849200,79177.29,79287.82,79047.89,79075
1777850100,79075,79080.67,78623,78657.46
1777851000,78657.46,78736.65,78593.81,78593.81
1777851900,78593.81,78597.62,78484.42,78568.57
1777852800,78568.58,78572.57,78423.43,78511.67
1777853700,78511.67,78527.08,78288.88,78367.27
1777854600,78367.27,78446.78,78332.42,78397.89
1777855500,78397.89,78572.19,78397.89,78547.14
1777856400,78547.15,78585.86,78412.49,78456.26
1777857300,78456.26,78606.62,78419.17,78605.69
1777858200,78605.69,79145.2,78597.83,78800
1777859100,78800,79848.84,78799.27,79769.43
1777860000,79769.43,80100,79540.05,79932.69
1777860900,79932.69,79945.88,79618,79705.2
1777861800,79705.2,80328.05,79705.19,80163.87
1777862700,80163.87,80420.9,80023.49,80173.3
1777863600,80173.3,80458,79972,80380.07
1777864500,80380.07,80380.07,80054.14,80118.6
1777865400,80118.61,80137.78,79926.9,79997.01
1777866300,79997.02,80323.58,79969.58,80316.31
1777867200,80316.3,80484.07,80316.3,80450
1777868100,80450,80635.51,80246.39,80351.87
1777869000,80351.87,80440.31,80302.83,80350.88
1777869900,80350.88,80393.8,80233.04,80332.06
1777870800,80332.06,80395.96,80117.84,80145.09
1777871700,80145.09,80152.36,79956.25,80004.17
1777872600,80004.18,80110.04,79960.69,80079.99
1777873500,80079.99,80080,80000,80027.26
1777874400,80027.26,80048.64,79917.61,79918
1777875300,79918.01,79918.01,79500,79704.25
1777876200,79704.25,79771.64,79641.34,79758.37
1777877100,79758.37,79981.69,79758.36,79877.9
1777878000,79877.91,79946.33,79818.13,79897.06
1777878900,79897.06,79923,79819.34,79855.44
1777879800,79855.43,79873.85,79684.31,79856.96
1777880700,79856.95,79907.58,79672,79696.75
1777881600,79696.75,79796.37,79602.32,79796.36
1777882500,79796.37,79800,79632.8,79740.01
1777883400,79740,79787.47,79700.67,79716.88
1777884300,79716.88,79767.6,79621.17,79708.3
1777885200,79708.3,79797.08,79647.87,79733.25
1777886100,79733.25,79823.25,79717,79725.42
1777887000,79725.43,79887.83,79692.89,79857.55
1777887900,79857.56,79930,79792.14,79838.48
1777888800,79838.49,79880,78600.42,78754.85
1777889700,78754.85,78773.43,78202,78508.32
1777890600,78508.32,79033.09,78452.45,78916.91
1777891500,78916.91,79099.98,78841.73,78940.26
1777892400,78940.27,79084.93,78897.92,79048
1777893300,79048,79124.83,78921.45,78949.99
1777894200,78949.99,78950,78708.87,78735.04
1777895100,78735.04,78862.15,78735.03,78793.67
1777896000,78793.67,78848.93,78718.55,78805.68
1777896900,78805.68,79020,78750.68,78960
1777897800,78960,79000.01,78851.14,78990.97
1777898700,78990.98,79011.55,78850.63,78857.18
1777899600,78857.18,78984.75,78581.74,78923.2
1777900500,78923.21,79059.04,78901,78965.91
1777901400,78965.91,79124.83,78850,78869.83
1777902300,78869.82,78948.32,78734.68,78790
1777903200,78790.01,78982.02,78500,78957.72
1777904100,78957.72,79397.34,78947.01,79246.84
1777905000,79246.84,79588.73,79232.28,79533.51
1777905900,79533.51,80545.17,79533.5,80216.16
1777906800,80216.15,80367.93,79934,80102.62
1777907700,80102.61,80216.94,79320.28,79700.37
1777908600,79700.37,79926.71,79475.35,79909.99
1777909500,79909.99,80131.59,79567.49,80028.85
1777910400,80028.85,80076.28,79660.16,79724.79
1777911300,79724.79,80395.68,79619.33,80243.97
1777912200,80243.96,80365.81,80151.3,80275.66
1777913100,80275.66,80329.64,79959.58,80025.03
1777914000,80025.03,80463.65,80021.5,80384.58
1777914900,80384.57,80505.06,80367.99,80448.16
1777915800,80448.17,80452.15,80261.94,80275.32
1777916700,80275.32,80776.99,80265.84,80390.81
1777917600,80390.8,80439.18,80263.6,80388.47
1777918500,80388.46,80388.47,80154,80271.14
1777919400,80271.15,80311.72,80159.09,80179
1777920300,80178.99,80178.99,80035.32,80114.91
1777921200,80114.91,80138,79950,80085.18
1777922100,80085.19,80092,79900,79930
1777923000,79930,80006.46,79900,79998.06
1777923900,79998.05,80094.13,79970,80053.31
1777924800,80053.31,80123.18,79960.68,80123.17
1777925700,80123.17,80154.12,79920.01,80027.23
1777926600,80027.23,80039.31,79901,79917.14
1777927500,79917.14,80010,79913.97,79936.7
1777928400,79936.7,80150.76,79936.7,80115.99
1777929300,80115.99,80287.9,80073.7,80201.24
1777930200,80201.24,80290,80201.23,80244.06
1777931100,80244.06,80383.15,80243.89,80259.17
1777932000,80259.18,80388.74,80235.18,80359.64
1777932900,80359.64,80397.19,80268.73,80268.73
1777933800,80268.74,80268.74,80116.88,80116.88
1777934700,80116.89,80200,80042.84,80067.23
1777935600,80067.22,80067.22,79905,79930.08
1777936500,79930.09,79975.83,79882.35,79975.83
1777937400,79975.83,79975.83,79744.91,79772.8
1777938300,79772.8,79872,79760.76,79861.01
1777939200,79861.01,80010,79808.72,79953.36
1777940100,79953.36,79963.13,79861,79861.01
1777941000,79861.01,80142.22,79861,80076.28
1777941900,80076.28,80183.33,80040,80170.66
1777942800,80170.66,80259.75,80080.76,80199.62
1777943700,80199.61,80286.08,80189.46,80273
1777944600,80273,80335.68,80166.88,80246.01
1777945500,80246,80385.06,80246,80352
1777946400,80351.99,80517.21,80300,80456.36
1777947300,80456.36,80530.71,80375.2,80458.55
1777948200,80458.56,80812.06,80448.21,80809.05
1777949100,80809.04,80900,80500.89,80554.68
1777950000,80554.69,80720.35,80457.93,80678.15
1777950900,80678.14,80858.68,80636.92,80796.22
1777951800,80796.22,81083.98,80752.91,80910.54
1777952700,80910.54,80950,80822.56,80893.08
1777953600,80893.08,80982.59,80781.42,80808.24
1777954500,80808.24,80919.72,80793.68,80793.69
1777955400,80793.69,80846.22,80725,80769.3
1777956300,80769.31,80951.48,80732.28,80902.44
1777957200,80902.44,80984.38,80830.06,80868.69
1777958100,80868.69,81188,80868.69,81061.53
1777959000,81061.53,81323.52,81020.01,81040.42
1777959900,81040.42,81065.62,80912.51,80970
1777960800,80969.99,81016.42,80900,80958.93
1777961700,80958.94,80972.06,80810,80824.93
1777962600,80824.94,80889.41,80800,80811.51
1777963500,80811.51,80976,80811.51,80976
1777964400,80976,81026.7,80900.34,80995.36
1777965300,80995.35,81095,80973.5,81050.01
1777966200,81050,81136.59,80994.83,81011.05
1777967100,81011.05,81029.57,80826,80855.59
1777968000,80855.59,80895.5,80839.71,80859.32
1777968900,80859.32,80879.24,80812.83,80842.63
1777969800,80842.64,80869.25,80723.2,80741.27
1777970700,80741.28,80833.99,80741.27,80815.24
1777971600,80815.24,80815.24,80667.77,80667.77
1777972500,80667.78,80688.61,80597.99,80657.73
1777973400,80657.73,80701.48,80564.13,80589.59
1777974300,80589.59,80610,80527.76,80586.02
1777975200,80586.02,80707.98,80530.82,80677.56
1777976100,80677.56,80749.05,80677.55,80732.38
1777977000,80732.39,80831.87,80732.38,80822.42
1777977900,80822.42,80829.24,80708.82,80823.61
1777978800,80823.61,80978.99,80780,80942.73
1777979700,80942.73,80967.52,80818.72,80949.23
1777980600,80949.23,81095.48,80936.38,81039.01
1777981500,81039,81055.79,80874,81014.05
1777982400,81014.05,81134.06,80932.54,81105.01
1777983300,81105.02,81245.73,81063.6,81222.9
1777984200,81222.91,81307.68,81173.2,81307.68
1777985100,81307.68,81329.61,81192.29,81279.41
1777986000,81279.4,81666,81270,81622
1777986900,81621.99,81712.32,81418.81,81460.27
1777987800,81460.28,81538.44,81215.25,81414.1
1777988700,81414.11,81671.5,81196,81330
1777989600,81330,81434.46,81090,81104.08
1777990500,81104.08,81456,80939.87,81409.03
1777991400,81409.03,81500,81127.8,81244.87
1777992300,81244.88,81392,81128,81336.59
1777993200,81336.59,81664.97,81235,81564.86
1777994100,81564.85,81670,81518.86,81609.99
1777995000,81610,81670,81547.88,81625
1777995900,81625,81689.2,81519.99,81525.19
1777996800,81525.19,81615.33,81429.85,81449.23
1777997700,81449.24,81552.31,81334.98,81419.99
1777998600,81420,81420,81052.5,81075.79
1777999500,81075.8,81293.77,81050.04,81285.75
1778000400,81285.75,81372.01,81185.02,81331.99
1778001300,81331.99,81458.26,81310.82,81418.14
1778002200,81418.14,81418.14,81248.04,81304.22
1778003100,81304.22,81356.67,81259.35,81270.6
1778004000,81270.61,81599,81270.61,81562.07
1778004900,81562.07,81575.26,81422.03,81459.38
1778005800,81459.38,81537.44,81426.08,81517.24
1778006700,81517.24,81560,81414.69,81515
1778007600,81515,81515,81407.58,81467.29
1778008500,81467.29,81580,81432.04,81538.09
1778009400,81538.09,81666.66,81517.85,81654.17
1778010300,81654.16,81680,81526,81606.35
1778011200,81606.35,81770,81510.13,81700.01
1778012100,81700,81700,81545.01,81554.07
1778013000,81554.07,81738.22,81545.01,81658.01
1778013900,81658.01,81668,81569.51,81646.38
1778014800,81646.39,81791.48,81591.69,81591.7
1778015700,81591.69,81651.64,81448.51,81474.85
1778016600,81474.85,81474.85,81305.27,81362.45
1778017500,81362.45,81511.33,81345.01,81407.11
1778018400,81407.11,81600,81356.86,81382.14
1778019300,81382.14,81520,81324.05,81438.84
1778020200,81438.84,81438.84,80817.72,81021.72
1778021100,81021.72,81357.28,80986.55,81111.27
1778022000,81111.27,81222.03,81028.63,81213.22
1778022900,81213.23,81213.23,80878.72,80883.57
1778023800,80883.57,80968.32,80790,80926.79
1778024700,80926.79,80978.86,80882.02,80905.52
1778025600,80905.53,81251.84,80880,81156.91
1778026500,81156.91,81262.28,80922.15,80922.16
1778027400,80922.16,81045.99,80906.3,80906.31
1778028300,80906.31,81070,80731.14,81030.01
1778029200,81030,81169.21,80996,81161.58
1778030100,81161.58,81346.78,81161.57,81250
1778031000,81250.01,81360.15,81240,81318.3
1778031900,81318.29,81534.23,81316.66,81439.34
1778032800,81439.34,81449.04,81252.71,81330
1778033700,81330,81330,81138,81144.57
1778034600,81144.58,81262.99,81047.01,81213.06
1778035500,81213.06,81395.87,81205.61,81363.54
1778036400,81363.54,81466.64,81358.17,81410.01
1778037300,81410,81760.84,81367.71,81616.29
1778038200,81616.28,81699.99,81526.67,81543.58
1778039100,81543.58,81641.71,81494.63,81581.69
1778040000,81581.7,81649.99,81530.98,81602.25
1778040900,81602.25,81606.45,81428.57,81431.84
1778041800,81431.84,81440,81343.45,81398.28
1778042700,81398.29,81495.95,81270,81331.1
1778043600,81331.1,81360.3,81247.47,81278.8
1778044500,81278.8,81320.39,81230.01,81259.77
1778045400,81259.77,81259.77,81060,81166.04
1778046300,81166.04,81333.15,81166.03,81333
1778047200,81333,81396.97,81222.6,81263.04
1778048100,81263.04,81393.23,81211.34,81372.27
1778049000,81372.27,81472.74,81342.26,81472.73
1778049900,81472.74,81516.9,81454.01,81476.71
1778050800,81476.71,81611,81458.34,81458.34
1778051700,81458.35,81596.15,81453.45,81553.78
1778052600,81553.78,81553.78,81400,81412.5
1778053500,81412.5,81461.26,81307.81,81359.82
1778054400,81359.82,81620.92,81328.68,81547.5
1778055300,81547.51,81579.95,81500,81570
1778056200,81570,81884.42,81569,81700.01
1778057100,81700.01,81986,81621.49,81945.66
1778058000,81945.66,81966,81761.84,81815.2
1778058900,81815.21,81865.6,81682.7,81765.8
1778059800,81765.8,82060,81760,82014.77
1778060700,82014.78,82014.78,81767.72,81997
1778061600,81997,82131,81953.25,82042.78
1778062500,82042.79,82243.2,82004.95,82191.51
1778063400,82191.51,82298.2,82162.51,82250.01
1778064300,82250,82390,82137.77,82290.04
1778065200,82290.03,82484.21,82261.6,82417.55
1778066100,82417.55,82850,82412.15,82684.01
1778067000,82684,82770.4,82500,82501.85
1778067900,82501.85,82587.26,82482.72,82522.89
1778068800,82522.88,82539.33,82200,82200.47
1778069700,82200.47,82487.7,82184.21,82388.49
1778070600,82388.48,82430.8,82296.58,82347.7
1778071500,82347.71,82424.72,82164.61,82220.47
1778072400,82220.47,82220.47,81840,82109.73
1778073300,82109.72,82164.05,81880,81952.97
1778074200,81952.98,82059.89,81762.78,81912.3
1778075100,81912.29,81921.26,81600,81670.89
1778076000,81670.9,81695.25,81136,81451.76
1778076900,81451.77,81760.92,81313.71,81618.81
1778077800,81618.81,81879.97,81606.14,81879.96
1778078700,81879.96,81980.72,81493.6,81526.73
1778079600,81526.74,81615.41,81316.28,81410
1778080500,81409.99,81823,81409.99,81659.76
1778081400,81659.75,81745.59,81480.04,81626.17
1778082300,81626.17,81773.93,81626.17,81704.25
1778083200,81704.25,81897.06,81585.23,81760.27
1778084100,81760.26,81835.89,81510.79,81510.79
1778085000,81510.79,81699.5,81431.16,81685.52
1778085900,81685.52,81907.51,81577.89,81630.94
1778086800,81630.94,81709.32,81539.37,81675.86
1778087700,81675.86,81675.86,81405,81474.4
1778088600,81474.4,81550,81461.18,81544.02
1778089500,81544.01,81550,81394,81452.63
1778090400,81452.63,81498.75,81271.06,81480.01
1778091300,81480.01,81559.17,81459.85,81469.33
1778092200,81469.33,81515.99,81296,81382.44
1778093100,81382.45,81431.15,81293.69,81353.14
1778094000,81353.15,81428,81214.88,81249.3
1778094900,81249.3,81396.68,81200,81335.85
1778095800,81335.85,81480.01,81263.66,81437.49
1778096700,81437.5,81522.41,81410.78,81464.87
1778097600,81464.86,81650.01,81464.86,81638.17
1778098500,81638.18,81700,81560,81560.01
1778099400,81560,81565,81302.35,81367.67
1778100300,81367.67,81430.34,81314,81427.52
1778101200,81427.52,81500,81294.64,81373.58
1778102100,81373.58,81449.68,81373.57,81442.11
1778103000,81442.12,81618.77,81433.63,81572.16
1778103900,81572.17,81616,81522.1,81539.16
1778104800,81539.16,81540.91,81354.03,81381.72
1778105700,81381.72,81387.14,81240,81249.99
1778106600,81250,81333.47,81249.99,81318.92
1778107500,81318.92,81398.59,81263.66,81342.39
1778108400,81342.39,81342.39,81000,81230.01
1778109300,81230,81395.06,81225,81386.21
1778110200,81386.21,81415,81322.53,81357.88
1778111100,81357.88,81447.3,81333.48,81447.01
1778112000,81447.01,81490.03,81366.49,81426.58
1778112900,81426.58,81438.84,81227.27,81227.27
1778113800,81227.28,81239.74,80987,81027.98
1778114700,81027.98,81138.47,80980,81016.96
1778115600,81016.96,81155.36,80830.23,81151.53
1778116500,81151.53,81222.76,80976,81210.01
1778117400,81210,81284.67,81130.69,81278.6
1778118300,81278.6,81278.6,81130.92,81167.8
1778119200,81167.79,81180.74,80915.71,80933.63
1778120100,80933.64,80999.03,80883.54,80898
1778121000,80898,81045.88,80892.04,80967.9
1778121900,80967.9,81153.9,80964.55,81113.34
1778122800,81113.35,81113.35,81020.07,81020.17
1778123700,81020.18,81072.03,80866.13,80971.54
1778124600,80971.55,81006,80910,80980.01
1778125500,80980.01,81013.43,80834.61,80834.91
1778126400,80834.92,80907.43,80725.09,80869.87
1778127300,80869.87,80978,80852.33,80933.34
1778128200,80933.34,80978,80860.47,80887.12
1778129100,80887.12,80989.59,80887.11,80979.19
1778130000,80979.19,81172.27,80974.06,81116.85
1778130900,81116.85,81155.72,81057.99,81102.02
1778131800,81102.03,81149.95,81037.61,81080.11
1778132700,81080.1,81088,81003.42,81088
1778133600,81088,81088,80874.41,80899.21
1778134500,80899.21,81030.13,80899.2,81030.12
1778135400,81030.12,81382.28,81030.12,81369.7
1778136300,81369.7,81443.21,81298.49,81438.61
1778137200,81438.62,81665.84,81390.3,81656.75
1778138100,81656.75,81706.86,81558,81561.36
1778139000,81561.36,81708.32,81545.54,81588.06
1778139900,81588.05,81600,81469.33,81518.58
1778140800,81518.57,81590,81448.17,81508.85
1778141700,81508.85,81508.85,81314.37,81419.05
1778142600,81419.04,81483.36,81243.33,81256.53
1778143500,81256.53,81313.23,81194.74,81231.24
1778144400,81231.25,81231.25,81117.48,81179.07
1778145300,81179.07,81213.03,80993.37,81037.93
1778146200,81037.93,81100,80852.33,80894.62
1778147100,80894.63,80966.54,80882.33,80929
1778148000,80929,80997,80815.26,80882.85
1778148900,80882.85,80939.4,80572.4,80614.46
1778149800,80614.46,80881.09,80614.45,80881.09
1778150700,80881.09,80911.19,80820.44,80850.75
1778151600,80850.76,81041.15,80837.48,80948.96
1778152500,80948.96,80991.97,80866.79,80896.87
1778153400,80896.88,81000.98,80896.87,80984
1778154300,80984,80984.01,80786.5,80866.65
1778155200,80866.65,81095.48,80846.87,81079.99
1778156100,81080,81104.45,80973.49,81062
1778157000,81061.99,81084.56,81004.46,81065.46
1778157900,81065.46,81180,81016.85,81162.01
1778158800,81162,81162.01,80901,80931.72
1778159700,80931.73,81138.48,80867.08,80964.25
1778160600,80964.26,80965.87,80572.4,80572.4
1778161500,80572.4,80642.26,80260.98,80503.68
1778162400,80503.69,80685.7,80366.8,80666.64
1778163300,80666.63,80682.29,80398.27,80400.5
1778164200,80400.5,80433.13,80046,80142.01
1778165100,80142.01,80304.96,80124.64,80171.38
1778166000,80171.37,80271.42,80060.9,80158.36
1778166900,80158.35,80210,79699.52,79850
1778167800,79849.99,80054.18,79794.5,79972.02
1778168700,79972.02,80069.01,79849.87,79890.63
1778169600,79890,79979.33,79646.79,79837.61
1778170500,79837.61,80010.1,79710.4,79987.42
1778171400,79987.41,80020,79766.92,79891.01
1778172300,79891.01,79943.99,79753.25,79801.08
1778173200,79801.08,79932,79773.47,79891.87
1778174100,79891.87,79934.29,79500,79690.83
1778175000,79690.83,79915,79660,79880.01
1778175900,79880,80135.17,79828.27,80094.52
1778176800,80094.52,80215.23,80080.64,80159.72
1778177700,80159.72,80204.63,80126.04,80126.04
1778178600,80126.05,80249.06,80078.23,80125.99
1778179500,80126,80269.06,80004.4,80200.59
1778180400,80200.6,80200.6,80067.09,80172.4
1778181300,80172.4,80195.9,79934.3,79972.66
1778182200,79972.67,80181.79,79972.67,80129.11
1778183100,80129.12,80224,80006.29,80146.11
1778184000,80146.77,80371.23,80144.87,80144.88
1778184900,80144.88,80187.48,80096.58,80178.25
1778185800,80178.25,80178.26,79907.01,79970
1778186700,79970,80017.87,79859.51,79879.99
1778187600,79880,79899.99,79660,79792.71
1778188500,79792.71,79919.7,79724.8,79919.7
1778189400,79919.7,79934.92,79776.69,79776.69
1778190300,79776.7,79855.19,79735,79735.01
1778191200,79735,79849.28,79582.95,79816.93
1778192100,79816.93,79990,79816.93,79903.32
1778193000,79903.32,79949.38,79750,79839.14
1778193900,79839.15,79950,79832.34,79919.01
1778194800,79919,80006.27,79890,79958.3
1778195700,79958.29,79995.45,79871.98,79958.3
1778196600,79958.3,80017.71,79919.3,80011.99
1778197500,80012,80068.03,80005.99,80006
1778198400,80006,80115.1,80006,80086.43
1778199300,80086.42,80142.84,79990.28,80020.63
1778200200,80020.62,80042.62,79910.6,79935
1778201100,79935,79935,79729.72,79831.99
1778202000,79831.98,79900.11,79702.51,79702.51
1778202900,79702.51,79784.92,79612.63,79748.87
1778203800,79748.88,79824.83,79698.37,79779.89
1778204700,79779.9,79842.38,79730.22,79740.01
1778205600,79740.01,79761.61,79523.55,79620.36
1778206500,79620.36,79628.71,79316.99,79485.62
1778207400,79485.63,79669.09,79447.14,79520
1778208300,79520,79620.9,79441.45,79488.46
1778209200,79488.47,79495.59,79181.48,79469.99
1778210100,79469.99,79622.11,79469.99,79579.47
1778211000,79579.47,79646.14,79579.47,79646.13
1778211900,79646.13,79666.66,79563.34,79578.85
1778212800,79578.84,79727.27,79575.35,79723.66
1778213700,79723.67,79748,79671.37,79729.75
1778214600,79729.76,79736,79551.26,79567.34
1778215500,79567.34,79674.89,79567.33,79655.23
1778216400,79655.22,79670.93,79600,79639.69
1778217300,79639.68,79666,79600,79627.64
1778218200,79627.64,79753.25,79627.64,79751.94
1778219100,79751.95,79778.95,79600,79600.01
1778220000,79600.01,79622.87,79450.13,79603.77
1778220900,79603.78,79654,79542.37,79546.8
1778221800,79546.79,79591.92,79411,79535
1778222700,79535,79561.21,79483.05,79525.76
1778223600,79525.77,79525.77,79300,79318.26
1778224500,79318.27,79389.5,79248.58,79350.32
1778225400,79350.33,79599,79350.33,79580.84
1778226300,79580.83,79727,79562.79,79682.4
1778227200,79682.4,79748.58,79666.05,79724.63
1778228100,79724.63,79805.16,79702.75,79756.74
1778229000,79756.73,79899.39,79750.06,79893.69
1778229900,79893.69,79987.27,79880.99,79886.01
1778230800,79886,80000,79831.21,79980.31
1778231700,79980.31,80061.17,79900.03,79908.1
1778232600,79908.1,79934.19,79847.81,79863.71
1778233500,79863.72,79894,79794.88,79872.72
1778234400,79872.72,80020,79788.01,79818.83
1778235300,79818.83,79928,79818.83,79899.4
1778236200,79899.4,80169.7,79899.4,80158.88
1778237100,80158.89,80278.92,80130.67,80212.56
1778238000,80212.55,80340.94,80182.71,80227.97
1778238900,80227.98,80319.98,80183.94,80300
1778239800,80300,80327.87,80127.54,80141.08
1778240700,80141.09,80280.15,80141.09,80231.22
1778241600,80231.22,80309.5,80140.98,80267.99
1778242500,80268,80327.5,80248.95,80318.38
1778243400,80318.38,80500,80185.15,80225.3
1778244300,80225.3,80225.3,79966.14,80025.82
1778245200,80025.81,80095.99,79654.84,79692.86
1778246100,79692.87,79815.94,79607.93,79612.52
1778247000,79612.52,79826.88,79573.45,79595.75
1778247900,79595.76,79676,79549.54,79647.8
1778248800,79647.81,79990,79647.8,79927.33
1778249700,79927.33,80441.79,79897.4,80072.76
1778250600,80072.75,80275.84,79798.37,80222.49
1778251500,80222.5,80300,80084.91,80150.97
1778252400,80150.97,80200,79870.23,79897.49
1778253300,79897.49,79918.15,79627.26,79713.36
1778254200,79713.72,80040.78,79625,79966.14
1778255100,79966.15,80197.65,79958.41,80142.14
1778256000,80142.13,80182.18,79965.75,79965.76
1778256900,79965.75,80047,79919.05,79950
1778257800,79950,79950.01,79741.3,79790
1778258700,79790.01,79875.94,79766.58,79802.34
1778259600,79802.35,79955.79,79738.75,79862
1778260500,79861.99,80045.23,79846.77,80001.23
1778261400,80001.24,80261.87,80001.24,80125.63
1778262300,80125.62,80256.28,79971.87,80060
1778263200,80060,80253.01,80059.99,80202.42
1778264100,80202.41,80299.99,80160.8,80239.43
1778265000,80239.42,80289.21,80110.25,80157.33
1778265900,80157.33,80252.02,80070.09,80078.4
1778266800,80078.39,80086.18,79954.54,80055.35
1778267700,80055.34,80137.73,80000.02,80029.93
1778268600,80029.94,80128,80022.29,80108
1778269500,80108.01,80181.66,80067.44,80179.94
1778270400,80180,80230,80142,80229.99
1778271300,80230,80299.93,80182.39,80259.42
1778272200,80259.42,80265.12,80155.7,80249.68
1778273100,80249.69,80276.87,80089.76,80133.09
1778274000,80133.08,80192.47,80116.32,80148.38
1778274900,80148.38,80254.78,80148.38,80200.17
1778275800,80200.18,80258.99,80170.45,80242.01
1778276700,80242,80264,80174.06,80263.99
1778277600,80264,80399.98,80238.42,80390.74
1778278500,80390.74,80409.09,80295.44,80348.96
1778279400,80348.96,80369.03,80295.08,80311.98
1778280300,80311.97,80342.86,80262,80262
1778281200,80262,80299.27,80213.52,80213.52
1778282100,80213.53,80245.43,80158.32,80198.01
1778283000,80198.01,80198.01,80111.02,80139.01
1778283900,80139.01,80198,80139,80193.17
1778284800,80193.18,80205.74,80133.08,80161.45
1778285700,80161.44,80208.66,80129.85,80155.7
1778286600,80155.71,80218,80155.71,80195.09
1778287500,80195.1,80240.87,80191.02,80238.76
1778288400,80238.75,80320.56,80217.46,80320.56
1778289300,80320.56,80349.99,80252.42,80274.87
1778290200,80274.87,80399.93,80274.86,80381.15
1778291100,80381.15,80446.58,80327.75,80327.75
1778292000,80327.75,80465.93,80327.75,80436.01
1778292900,80436,80458.78,80390,80428.65
1778293800,80428.66,80477.47,80385,80394.57
1778294700,80394.58,80437.96,80372.3,80417.87
1778295600,80417.88,80477.47,80372.3,80427.99
1778296500,80428,80550.67,80400.27,80433.4
1778297400,80433.39,80433.4,80307.76,80347.61
1778298300,80347.61,80395.85,80332.02,80383.95
1778299200,80383.96,80666.66,80383.95,80572.94
1778300100,80572.93,80572.94,80442,80476.66
1778301000,80476.66,80476.67,80400,80409.99
1778301900,80409.99,80471.17,80373.55,80379.9
1778302800,80379.9,80408.23,80343,80371.87
1778303700,80371.88,80466.74,80364.29,80450.06
1778304600,80450.06,80480.49,80423.52,80478.67
1778305500,80478.67,80478.68,80378.04,80379.49
1778306400,80379.5,80428.01,80378.11,80411.73
1778307300,80411.73,80411.73,80304.85,80308.3
1778308200,80308.3,80365.03,80208.33,80222.14
1778309100,80222.14,80281.13,80201.6,80263.92
1778310000,80263.93,80263.93,80135,80189.99
1778310900,80190,80309.05,80189.99,80248.69
1778311800,80248.68,80272.01,80200,80241.26
1778312700,80241.26,80241.26,80175.93,80228.89
1778313600,80228.88,80400,80220,80399.99
1778314500,80400,80416.66,80378,80404.89
1778315400,80404.88,80452.44,80393.54,80432.06
1778316300,80432.06,80432.07,80407.11,80407.12
1778317200,80407.12,80415.83,80334.55,80342.35
1778318100,80342.36,80342.36,80230.55,80255.29
1778319000,80255.28,80278.67,80232.05,80243.28
1778319900,80243.28,80248.58,80214,80242.53
1778320800,80242.54,80254.43,80166.26,80217.68
1778321700,80217.69,80250,80194.22,80205.7
1778322600,80205.03,80346.94,80205.03,80329.99
1778323500,80329.99,80330,80264.01,80264.02
1778324400,80264.01,80332.74,80256.95,80319.87
1778325300,80319.88,80366.07,80319.87,80340.93
1778326200,80340.92,80354.96,80339.18,80339.19
1778327100,80339.19,80365.31,80332,80345.46
1778328000,80345.47,80372.3,80304.06,80315.5
1778328900,80315.5,80416.21,80274.03,80416.2
1778329800,80416.21,80416.21,80324.37,80350.95
1778330700,80350.95,80408,80350.95,80397.97
1778331600,80397.97,80422,80379.77,80421.99
1778332500,80422,80422,80346.48,80346.48
1778333400,80346.48,80390,80318.7,80341.68
1778334300,80341.69,80391.18,80340.19,80391.18
1778335200,80391.18,80426.9,80357.75,80387.76
1778336100,80387.75,80390.5,80254.71,80324.11
1778337000,80324.1,80347.66,80254.86,80336.16
1778337900,80336.17,80372.3,80258.64,80332.22
1778338800,80332.23,80349.4,80234,80299.81
1778339700,80299.82,80411.77,80299.81,80410.99
1778340600,80410.99,80600,80410.99,80476.82
1778341500,80476.82,80575.15,80476.82,80527.92
1778342400,80527.92,80621.87,80487.4,80577.96
1778343300,80577.96,80777,80577.96,80655.86
1778344200,80655.85,80655.85,80593.56,80638.57
1778345100,80638.57,80650,80596.12,80625.01
1778346000,80625,80817.99,80625,80741.34
1778346900,80741.33,80833.33,80689.43,80832.45
1778347800,80832.44,80928.56,80826.21,80826.22
1778348700,80826.22,80841.4,80735.44,80812.7
1778349600,80812.69,80869.93,80787.39,80833.31
1778350500,80833.31,81045.08,80812.59,81040.54
1778351400,81040.53,81080,80900,80902.01
1778352300,80902.02,80926.07,80865.75,80907.65
1778353200,80907.66,80927.66,80865.75,80888.94
1778354100,80888.94,80917.36,80776.99,80825.89
1778355000,80825.9,80844.91,80795.6,80844.9
1778355900,80844.9,80958,80820,80938.53
1778356800,80938.53,80938.53,80831.5,80831.5
1778357700,80831.51,80841.92,80773.48,80797.14
1778358600,80797.15,80813.7,80744.98,80805.51
1778359500,80805.51,80818.7,80783.45,80805.5
1778360400,80805.51,80896,80805.51,80856.19
1778361300,80856.2,80871.33,80780,80809.53
1778362200,80809.54,80809.54,80749.81,80749.81
1778363100,80749.81,80816.48,80744.98,80780.83
1778364000,80780.83,80797.32,80727.72,80750.37
1778364900,80750.37,80786.01,80750.36,80758.76
1778365800,80758.76,80823.24,80670.01,80817.05
1778366700,80817.06,80817.06,80750.66,80782.38
1778367600,80782.38,80850,80700,80732.5
1778368500,80732.5,80732.51,80660.42,80673.25
1778369400,80673.26,80689.98,80621.88,80666.94
1778370300,80666.94,80707.3,80662.58,80678.4
1778371200,80678.41,80728.53,80610.64,80714.49
1778372100,80714.5,80770.51,80706,80714
1778373000,80714,80770.32,80660.43,80738.12
1778373900,80738.12,80741.77,80632.34,80680.04
1778374800,80680.03,80680.04,80579.34,80625.03
1778375700,80625.03,80658.85,80572.77,80603.57
1778376600,80603.58,80646.13,80574.39,80630.4
1778377500,80630.4,80690.73,80621.99,80685.56
1778378400,80685.55,80685.56,80611,80628.94
1778379300,80628.94,80757.52,80628.93,80740.71
1778380200,80740.71,80779.79,80713.4,80758.12
1778381100,80758.12,80790,80703.03,80777.42
1778382000,80777.42,80832.72,80761.59,80784.8
1778382900,80784.79,80784.8,80737.23,80744.02
1778383800,80744.01,80887.15,80709.59,80805.51
1778384700,80805.5,80832.32,80774.74,80775
1778385600,80774.99,80796.71,80747.48,80782.15
1778386500,80782.16,80806.17,80755.19,80792.78
1778387400,80792.78,80840,80769.97,80769.98
1778388300,80769.98,80781.95,80722.78,80759.93
1778389200,80759.93,80766.16,80724.29,80766.16
1778390100,80766.15,80816.52,80749.99,80749.99
1778391000,80750,80810.71,80723.9,80730
1778391900,80729.99,80752.6,80682,80700.77
1778392800,80700.76,80740.6,80687.89,80719.16
1778393700,80719.16,80724.94,80658.97,80658.97
1778394600,80658.98,80729.98,80658.97,80710
1778395500,80710,80753.04,80709.99,80733.75
1778396400,80733.75,80792.79,80727.18,80727.19
1778397300,80727.19,80827.14,80720.1,80784.62
1778398200,80784.61,80795.01,80769.16,80795
1778399100,80795,80795,80729.56,80736.03
1778400000,80736.03,80815.77,80715.33,80769.93
1778400900,80769.92,80900,80750.32,80873.64
1778401800,80873.63,80909.65,80805.5,80836.72
1778402700,80836.72,80850,80820.8,80830.33
1778403600,80830.34,80913.8,80830.34,80850.59
1778404500,80850.6,80864.25,80820.02,80820.02
1778405400,80820.02,80831.33,80756.53,80762.35
1778406300,80762.35,80807.96,80762.34,80807.96
1778407200,80807.95,80843.67,80710.14,80729.5
1778408100,80729.5,80813.58,80691,80813.57
1778409000,80813.58,80833.04,80766.39,80802.15
1778409900,80802.15,80883.48,80795.78,80873.79
1778410800,80873.8,80975.4,80872.87,80913.81
1778411700,80913.81,80934,80750,80792.94
1778412600,80792.93,80840,80792.93,80833.57
1778413500,80833.58,80855.3,80808.09,80821.21
1778414400,80821.21,80865.05,80784.2,80865.03
1778415300,80865.04,80934.82,80852.91,80927.32
1778416200,80927.32,80933.62,80872,80922.42
1778417100,80922.43,80950,80900.01,80927.72
1778418000,80927.71,80945.79,80865.44,80925.3
1778418900,80925.3,81000.01,80900,80974.3
1778419800,80974.29,80995.64,80933.33,80984.7
1778420700,80984.7,80984.7,80939.7,80971.67
1778421600,80971.66,80992.55,80913.79,80945
1778422500,80945,80945.01,80890.76,80909.94
1778423400,80909.94,80980,80876.01,80893.87
1778424300,80893.86,80999.36,80816.22,80990.11
1778425200,80990.11,81110,80936,81044.73
1778426100,81044.73,81044.73,80954.78,80954.79
1778427000,80954.78,81191.7,80952.29,81141.02
1778427900,81141.01,81442.81,81130.4,81418.01
1778428800,81418.01,81500,81361.43,81477.8
1778429700,81477.8,81483.36,81258.6,81260.09
1778430600,81260.1,81319.24,81200,81247.62
1778431500,81247.62,81378.25,81222.38,81378.25
1778432400,81378.25,81435.27,81220,81340.62
1778433300,81340.62,81438.46,81288.69,81390.4
1778434200,81390.4,81409.19,81291,81381.31
1778435100,81381.3,81583.11,81348,81476.18
1778436000,81476.18,81493.11,81396,81451.97
1778436900,81451.98,81451.98,81333.33,81355.26
1778437800,81355.27,81412.87,81250.8,81259.58
1778438700,81259.58,81293.99,81231.14,81271.96
1778439600,81271.96,81383.29,81148,81360.01
1778440500,81360,81481.37,81353.53,81481.36
1778441400,81481.36,81481.92,81391.51,81430.25
1778442300,81430.25,81439.62,81333.05,81437.83
1778443200,81437.83,81459.66,81167.49,81191.73
1778444100,81191.73,81221.35,81055.38,81151.86
1778445000,81151.87,81151.87,80799.96,80800
1778445900,80800,80800,80279.77,80734.88
1778446800,80734.88,80944.44,80571.97,80659.28
1778447700,80659.27,80888,80658.05,80839.99
1778448600,80840,80938.8,80775.97,80840
1778449500,80840,80917.99,80714.28,80720.47
1778450400,80720.47,81432.79,80666.66,81317.02
1778451300,81317.02,81718,81213.52,81503.71
1778452200,81503.71,82109.03,81467.09,81887.88
1778453100,81887.88,82171.96,81828.42,82044.49
1778454000,82044.49,82430,82044.49,82400
1778454900,82400,82479.32,82201.16,82231.49
1778455800,82231.49,82414.76,82201.81,82387.86
1778456700,82387.86,82409.54,82080,82210.07
1778457600,82210.07,82380,81877.72,81877.72
1778458500,81877.73,81877.73,81414.66,81679.99
1778459400,81680,81840.08,81488.17,81596.31
1778460300,81596.32,81648,81280,81471.13
1778461200,81471.13,81591.99,81291.23,81502.96
1778462100,81502.95,81744.85,81466.2,81626.88
1778463000,81626.88,81676.85,81456.92,81493.77
1778463900,81493.77,81593.86,81400,81501.72
1778464800,81501.73,81572.4,81362.14,81406.17
1778465700,81406.17,81406.17,81141.81,81241.58
1778466600,81241.58,81277.09,81117.64,81208.02
1778467500,81208.03,81263.6,81166.16,81169.08
1778468400,81169.09,81188.97,80610,80615.01
1778469300,80615.01,80719.52,80567.51,80603.05
1778470200,80603.05,80732.15,80525,80722.19
1778471100,80722.19,80766.08,80684.02,80736.01
1778472000,80736,80766.15,80639.99,80640
1778472900,80640,80789.99,80639.99,80752.81
1778473800,80752.8,80822.08,80708.71,80822.08
1778474700,80822.07,80879.12,80729.63,80824.61
1778475600,80824.61,80890.9,80810.31,80840.73
1778476500,80840.72,80965.09,80840.72,80963.61
1778477400,80963.61,80981.8,80794.08,80794.09
1778478300,80794.08,80860.62,80761.73,80832.33
1778479200,80832.34,80985.6,80797.01,80913.46
1778480100,80913.46,81049.51,80830.84,80988
1778481000,80987.99,81016.78,80803.12,80820.37
1778481900,80820.37,80873.68,80762,80822.86
1778482800,80822.86,80823,80700,80759.99
1778483700,80759.99,80840.3,80700,80737.9
1778484600,80737.89,80767.58,80663.11,80728.97
1778485500,80728.97,80800,80716.78,80740.4
1778486400,80740.4,80785.96,80646.56,80750.23
1778487300,80750.23,80800.01,80646.83,80646.84
1778488200,80646.83,80846.62,80621.87,80836.34
1778489100,80836.33,80863.42,80732.83,80767.97
1778490000,80767.97,80925.36,80758.3,80925.35
1778490900,80925.36,80950,80900,80918.98
1778491800,80918.98,80947.93,80853.39,80924.39
1778492700,80924.4,80997.63,80899.67,80966.57
1778493600,80966.58,81095.48,80957.37,81031.3
1778494500,81031.29,81198.88,81020,81180.01
1778495400,81180,81200,81000,81069.36
1778496300,81069.36,81095.54,80940,80940
1778497200,80940,81023.94,80900,80961.43
1778498100,80961.42,81158.66,80961.42,81100.33
1778499000,81100.33,81175.61,81100.33,81144.52
1778499900,81144.53,81196.95,81100,81196.94
1778500800,81196.95,81246.08,81069.46,81095.25
1778501700,81095.25,81336,81072.68,81302.23
1778502600,81302.24,81356.46,81150.66,81163.24
1778503500,81163.25,81225.51,81029.77,81054.65
1778504400,81054.65,81295.83,81054.64,81285.13
1778505300,81285.12,81332.29,81143.62,81151.64
1778506200,81151.65,81250,80739.63,81079.06
1778507100,81079.07,81119.96,80934.88,81072
1778508000,81072.01,81252.72,81072,81137.39
1778508900,81137.39,81173.32,80750,80750.01
1778509800,80750.01,80900,80462.97,80804.35
1778510700,80804.35,80970.28,80721.35,80953.38
1778511600,80953.39,81090.8,80826.02,81011.28
1778512500,81011.29,81423.55,80942.18,81343.39
1778513400,81343.38,81436.08,81217.17,81232.68
1778514300,81232.67,81458,81212.01,81445.9
1778515200,81445.89,81786.73,81344.72,81786.73
1778516100,81786.72,81869.55,81680,81779.55
1778517000,81779.55,81910.35,81558,81579.64
1778517900,81579.65,81758.24,81572.02,81575.85
1778518800,81575.84,81630.18,81369.42,81519.99
1778519700,81520,81670.78,81516.09,81637.93
1778520600,81637.93,82024.41,81596.31,81978
1778521500,81978.01,82071.77,81903.94,81941.09
1778522400,81941.09,82100,81911.32,81964.85
1778523300,81964.86,82059.99,81843.58,82042.69
1778524200,82042.69,82137.26,81944.79,81951.45
1778525100,81951.45,82094.55,81836.15,81858.96
1778526000,81858.97,81976.38,81739.09,81917.86
1778526900,81917.86,82081.37,81826.53,81902.53
1778527800,81902.53,82091.11,81848.03,82006.48
1778528700,82006.48,82026.91,81926.11,81961.99
1778529600,81961.99,82078.91,81858.56,81915.27
1778530500,81915.27,81969.18,81859.02,81903.95
1778531400,81903.95,81921.2,81758.5,81821.41
1778532300,81821.41,81932.18,81803.31,81821.02
1778533200,81821.03,81880,81683.13,81731.13
1778534100,81731.14,81758.45,81638.27,81639.26
1778535000,81639.25,81770,81600,81740.12
1778535900,81740.13,81906.35,81666.35,81821.18
1778536800,81821.18,81969.99,81805.01,81847.36
1778537700,81847.36,81927.3,81729.99,81730
1778538600,81729.99,81805,81729.99,81788.21
1778539500,81788.22,81924.63,81755.66,81833.92
1778540400,81833.92,81833.92,81687.95,81728.31
1778541300,81728.3,81734.38,81596.31,81625.16
1778542200,81625.16,81822.17,81615.69,81785.04
1778543100,81785.03,81788.01,81742.08,81745.65
1778544000,81745.66,81788,81617.03,81618
1778544900,81617.84,81676.66,81498.59,81566.11
1778545800,81566.11,81655.9,81478.75,81494.33
1778546700,81494.33,81585,81494.32,81545.2
1778547600,81545.2,81615.67,81388,81397.07
1778548500,81397.08,81471.6,81258.82,81372.3
1778549400,81372.3,81372.3,80714.28,81068.31
1778550300,81068.31,81316.32,81016.94,81199.18
1778551200,81199.18,81332.29,81159.4,81316.02
1778552100,81316.03,81316.03,81087.63,81267.13
1778553000,81267.14,81270.76,81103.23,81129.66
1778553900,81129.65,81280,81129.65,81249.93
1778554800,81249.93,81294.42,81186.14,81217.48
1778555700,81217.48,81234.49,81148.54,81171.31
1778556600,81171.32,81225.92,81161.97,81201.36
1778557500,81201.36,81201.36,81024.41,81058.8
1778558400,81058.79,81077.08,81003.1,81003.11
1778559300,81003.1,81227.01,81000,81211.96
1778560200,81211.95,81285.87,81202.11,81251.78
1778561100,81251.78,81303.99,81215.37,81240.01
1778562000,81240.01,81283.8,81203.81,81233.51
1778562900,81233.51,81293.86,81224.72,81292.62
1778563800,81292.62,81305.24,81181.56,81252.49
1778564700,81252.48,81279.4,81220,81224.03
1778565600,81224.04,81267.4,81181.8,81255.85
1778566500,81255.85,81300,81217.28,81217.29
1778567400,81217.29,81221.55,81066.87,81097.67
1778568300,81097.68,81133.59,81010.01,81022.44
1778569200,81022.44,81100,80880,81076.28
1778570100,81076.29,81137.27,80900,81020.25
1778571000,81020.25,81094,80948.34,80948.35
1778571900,80948.34,80975.34,80800.77,80865.4
1778572800,80865.4,80932.14,80798.03,80824.65
1778573700,80824.65,80938.26,80760.53,80871.65
1778574600,80871.66,80960,80845.75,80952.8
1778575500,80952.81,80964.13,80839.87,80843.31
1778576400,80843.3,80897,80758.87,80765.16
1778577300,80765.16,80797.83,80720,80737.81
1778578200,80737.81,80963.35,80737.8,80925.25
1778579100,80925.18,80952.36,80808.48,80837.15
1778580000,80837.15,80848.27,80778,80804
1778580900,80804,80835.86,80680.6,80724.15
1778581800,80724.15,80751.72,80634,80684.99
1778582700,80685,80700,80601.27,80666.37
1778583600,80666.38,80695.41,80535.87,80583.88
1778584500,80583.87,80651.47,80496.57,80635.79
1778585400,80635.79,80733.13,80635.78,80732.75
1778586300,80732.75,80785.38,80710,80784.87
1778587200,80784.86,80840,80700,80832.26
1778588100,80832.25,80857.56,80744.69,80820.38
1778589000,80820.38,80999,80619.19,80860
1778589900,80860.01,80980,80853.27,80881.26
1778590800,80881.25,80928.26,80800,80800
1778591700,80800,80810.36,80632.35,80661.67
1778592600,80661.66,80824.24,80588.23,80771.23
1778593500,80771.24,80878.07,80397.07,80466.91
1778594400,80466.91,80725.19,80397.88,80707.23
1778595300,80707.23,80846.17,80560,80648.61
1778596200,80648.61,80888.01,80413.41,80795.12
1778597100,80795.12,80795.13,80468.69,80540
1778598000,80540,80676.78,80426.25,80617.15
1778598900,80617.15,80617.15,80188.65,80222
1778599800,80222,80480,80222,80376
1778600700,80375.99,80452.67,80284.34,80336.01
1778601600,80336.01,80435.99,80204.69,80385.98
1778602500,80385.97,80410.05,80158.32,80290
1778603400,80290.01,80340,80216,80250.82
1778604300,80250.83,80280,79843.59,80000.01
1778605200,80000.01,80211.41,79951.05,80208.37
1778606100,80208.37,80446.17,80208.36,80426.27
1778607000,80426.27,80515.62,80415.07,80515.61
1778607900,80515.62,80593.06,80466,80527.69
1778608800,80527.69,80552,80430,80545
1778609700,80544.99,80572.96,80472.95,80500
1778610600,80500,80688.28,80499.99,80667.54
1778611500,80667.53,80763.81,80620,80679.12
1778612400,80679.11,80836.85,80679.11,80815.27
1778613300,80815.27,80836.85,80716.14,80716.15
1778614200,80716.14,80812.74,80716.14,80751.7
1778615100,80751.7,80874.42,80751.7,80834.64
1778616000,80835.3,80896.25,80738,80766.59
1778616900,80766.58,80818.96,80748.77,80809.99
1778617800,80809.99,80810,80644.27,80700
1778618700,80699.99,80713.24,80642.85,80696.87
1778619600,80696.87,80738,80674.34,80699.99
1778620500,80699.99,80728.97,80630,80655.81
1778621400,80655.81,80655.82,80544.33,80583.65
1778622300,80583.65,80600,80497,80587.44
1778623200,80587.45,80791.94,80587.45,80628
1778624100,80628.01,80699.56,80616.96,80657.97
1778625000,80657.97,80719.54,80625.14,80659.99
1778625900,80660,80719.54,80640,80656.43
1778626800,80656.44,80714,80573.7,80608.5
1778627700,80608.51,80669.94,80601.9,80657.89
1778628600,80657.9,80664.28,80488.16,80515.24
1778629500,80515.25,80535.42,80439.91,80504.47
1778630400,80504.47,80533.6,80412.15,80460
1778631300,80460,80749.17,80457.97,80654.44
1778632200,80654.44,80768.95,80634,80740.1
1778633100,80740.1,80740.1,80612.91,80718
1778634000,80718,80994.44,80683.12,80954.89
1778634900,80954.89,81113.01,80868.64,81064.57
1778635800,81064.57,81154.62,81035.51,81110.78
1778636700,81110.78,81195.69,80984.61,81006
1778637600,81005.99,81080,80934.69,81063.46
1778638500,81063.46,81281.66,81031.98,81120.86
1778639400,81120.86,81136.8,81015.28,81060
1778640300,81060,81086.45,81020.17,81050
1778641200,81050,81091.06,80990.35,81012.69
1778642100,81012.69,81097.11,80976.27,81093.61
1778643000,81093.6,81200,81052.55,81199.99
1778643900,81199.99,81299.99,81180.01,81249.99
1778644800,81249.99,81262.62,81147.4,81166.91
1778645700,81166.91,81216.24,81124.87,81209.99
1778646600,81210,81281.07,81180.02,81196.83
1778647500,81196.82,81250.24,81180,81231.96
1778648400,81231.96,81247.22,81167.74,81167.75
1778649300,81167.74,81167.74,81100,81124.8
1778650200,81124.8,81137.95,81022.92,81026.54
1778651100,81026.55,81086.73,80999.99,81019.99
1778652000,81020,81100,80999,81099.99
1778652900,81099.99,81160.36,81040,81112.07
1778653800,81112.07,81120.7,81020.67,81057.59
1778654700,81057.58,81058.92,80972.94,80980.05
1778655600,80980.06,81021.48,80980.05,81016
1778656500,81016,81049.01,80902.37,80920
1778657400,80920.01,80980,80889.12,80960.05
1778658300,80960.04,81033.82,80937.53,81026.92
1778659200,81026.92,81068.78,80972.57,81014.37
1778660100,81014.37,81120,81014.37,81042.6
1778661000,81042.6,81180,80943.63,81156.19
1778661900,81156.19,81200,81132.56,81196.57
1778662800,81196.57,81324.64,81171.49,81234.16
1778663700,81234.17,81243.98,81137.77,81170
1778664600,81170,81300,81170,81240.01
1778665500,81240,81293.43,81227.24,81291.38
1778666400,81291.37,81298.5,81095.05,81106.95
1778667300,81106.95,81152,80974,80974.02
1778668200,80974.02,81034.75,80825.8,80854.56
1778669100,80854.55,80880.53,80809.01,80809.01
1778670000,80809.01,80843.87,80572.68,80573.06
1778670900,80573.07,80683.19,80544.32,80570.8
1778671800,80570.8,80678.65,80560.92,80674.03
1778672700,80674.02,80696,80494.98,80501.22
1778673600,80501.22,80592.65,80454.74,80537.05
1778674500,80537.05,80557.71,80177,80349.31
1778675400,80349.31,80359.35,79852,80163.53
1778676300,80163.53,80280,80140.69,80202.78
1778677200,80202.78,80345.45,80199,80301
1778678100,80301.01,80337.01,80144.34,80149.74
1778679000,80149.73,80210,79780,79850
1778679900,79850,79850,79576.47,79656.01
1778680800,79656.01,79785.99,79481.56,79714.97
1778681700,79714.98,79898,79673.29,79852.73
1778682600,79852.73,79862.91,79706.99,79707
1778683500,79707,79817.64,79650.4,79756.01
1778684400,79756.02,79856.08,79414,79436.11
1778685300,79436.11,79478.98,79252.5,79283.08
1778686200,79283.09,79348.2,79228.35,79251.39
1778687100,79251.39,79261.1,78807.22,78827.21
1778688000,78827.21,79020.92,78754.65,78922.12
1778688900,78922.11,79060.06,78856.86,79058.15
1778689800,79058.15,79169.7,79043.05,79142.75
1778690700,79142.75,79222.22,79078.7,79108.39
1778691600,79108.39,79238.6,79108.39,79233
1778692500,79232.99,79378.54,79100,79331.97
1778693400,79331.96,79433.01,79324.29,79430.61
1778694300,79430.61,79556.36,79391.7,79514.97
1778695200,79514.97,79615.01,79514.97,79606.3
1778696100,79606.3,79800,79555.87,79767.98
1778697000,79767.97,79800,79647.29,79647.29
1778697900,79647.29,79676.68,79558.28,79598.15
1778698800,79598.15,79615.7,79472.92,79514.68
1778699700,79514.68,79544.19,79400,79495.94
1778700600,79495.93,79603.95,79456.45,79514.87
1778701500,79514.87,79646.29,79487.6,79642.41
1778702400,79642.41,79754.67,79626.96,79645.13
1778703300,79645.13,79726.87,79622.7,79622.7
1778704200,79622.7,79744.21,79622.7,79719.97
1778705100,79719.97,79760,79675.7,79698.95
1778706000,79698.95,79705.73,79340.39,79449.2
1778706900,79449.19,79449.19,79385.39,79418.65
1778707800,79418.65,79508.07,79418.64,79479.67
1778708700,79479.67,79527.42,79381.12,79398.54
1778709600,79398.54,79451.46,79228,79409.43
1778710500,79409.43,79409.43,79275.46,79317.55
1778711400,79317.56,79406,79241.11,79406
1778712300,79406,79470,79400.28,79428.46
1778713200,79428.46,79499.01,79350.79,79377.39
1778714100,79377.4,79436.72,79290.63,79349.02
1778715000,79349.01,79376.45,79252.09,79308.69
1778715900,79308.68,79316,79233.83,79313.61
1778716800,79313.61,79525.75,79308,79525.75
1778717700,79525.75,79589.99,79442,79462
1778718600,79462,79647.82,79462,79647.81
1778719500,79647.81,79681.73,79552.94,79580
1778720400,79580,79681.73,79547.44,79620.69
1778721300,79620.7,79640,79504.54,79540.21
1778722200,79540.21,79591.42,79409.42,79485.99
1778723100,79486,79667.91,79441.44,79604.6
1778724000,79604.61,79676.11,79580.99,79580.99
1778724900,79581,79658,79562,79657.99
1778725800,79657.99,79670.01,79550,79590.11
1778726700,79590.11,79594.04,79222.22,79370.24
1778727600,79370.24,79460,79144.45,79274.15
1778728500,79274.14,79359.99,79001.16,79316
1778729400,79316.01,79400,79171.16,79205.28
1778730300,79205.27,79205.28,78922,79044.85
1778731200,79044.86,79262.78,78982.06,79259.71
1778732100,79259.7,79366.4,79246.33,79317.66
1778733000,79317.65,79385.08,79305.9,79385.08
1778733900,79385.08,79474.41,79320.14,79451.63
1778734800,79451.62,79479.4,79395.8,79403
1778735700,79403,79612.09,79359.49,79596.69
1778736600,79596.68,79767.92,79596.68,79710.03
1778737500,79710.03,79998,79710.03,79809.16
1778738400,79809.15,79953.35,79809.15,79918.26
1778739300,79918.25,79924.5,79823.48,79823.48
1778740200,79823.48,79890,79769.12,79880.88
1778741100,79880.89,79885.62,79804.71,79804.71
1778742000,79804.72,79868.7,79725.25,79745.14
1778742900,79745.15,79856.09,79702.05,79796.01
1778743800,79796,79937.59,79796,79913.15
1778744700,79913.16,79913.16,79740.01,79745.98
1778745600,79745.99,79884.55,79644.44,79837.12
1778746500,79837.12,79864.71,79719.96,79784.25
1778747400,79784.25,79936.98,79776.26,79898
1778748300,79898.01,79898.78,79788.03,79821.56
1778749200,79821.55,79905.99,79811.27,79832.11
1778750100,79832.11,79844.55,79724.42,79735.51
1778751000,79735.51,79738.46,79587.98,79664.06
1778751900,79664.05,79664.58,79569.81,79635.52
1778752800,79635.53,79737.23,79564,79618.85
1778753700,79618.85,79756.98,79618.85,79686.96
1778754600,79686.96,79686.97,79409.42,79453.86
1778755500,79453.85,79626.45,79453.85,79570.01
1778756400,79570.01,79600,79500,79500
1778757300,79500,79555.95,79264.7,79360.58
1778758200,79360.59,79395.34,79272.51,79285
1778759100,79285.01,79333.13,79234,79258.27
1778760000,79258.27,79404.62,79230.31,79357.67
1778760900,79357.67,79452.56,79290.6,79423.19
1778761800,79423.19,79682.76,79403.26,79682.76
1778762700,79682.76,79775.02,79666.81,79767.11
1778763600,79767.1,79883.9,79711.7,79883.84
1778764500,79883.83,80059.71,79766.23,79946
1778765400,79946.01,79978,79693.59,79854.01
1778766300,79854.01,80045.87,79670.88,79701.73
1778767200,79701.73,79972.97,79561.52,79958.28
1778768100,79958.28,80247.9,79950.33,80143.4
1778769000,80143.39,80377.13,80090.52,80337.99
1778769900,80337.99,81020,80337.99,80964.85
1778770800,80964.84,81155,80816.08,80988.41
1778771700,80988.41,81145.55,80902.2,80999.99
1778772600,80999.99,81086.29,80816.36,81020
1778773500,81020,81332.23,81010,81301.23
1778774400,81301.22,81590.29,81301.22,81551.04
1778775300,81551.04,81601.29,81400,81558.72
1778776200,81558.73,81640.81,81350.93,81505.92
1778777100,81505.91,81904.44,81080.25,81888.4
1778778000,81888.4,82048.13,81710.86,81726.4
1778778900,81726.4,81726.41,81271,81477.68
1778779800,81477.67,81722.54,81441.79,81646
1778780700,81645.99,81794.7,81645.99,81668.48
1778781600,81668.49,81852.07,81479.69,81852.06
1778782500,81852.07,81949.15,81752.75,81870.97
1778783400,81870.96,81872.48,81500,81538.15
1778784300,81538.15,81644.6,81440.38,81581.99
1778785200,81582,81718.73,81538.14,81546
1778786100,81546.01,81637.93,81330.12,81349.17
1778787000,81349.18,81480,81336.81,81446.27
1778787900,81446.27,81477.7,81379.15,81419.74
1778788800,81419.75,81590.19,81350,81350
1778789700,81350.01,81416.9,81230.16,81276.26
1778790600,81276.26,81300,81166.22,81244.46
1778791500,81244.46,81458.92,81244.46,81412.04
1778792400,81412.05,81473.7,81320.3,81327.55
1778793300,81327.55,81463.43,81268.38,81422.08
1778794200,81422.08,81526.08,81415.05,81456.64
1778795100,81456.64,81465.35,81374.4,81396.61
1778796000,81396.61,81500.71,81335.48,81500.71
1778796900,81500.71,81500.71,81411.53,81450
1778797800,81449.99,81535.99,81444.56,81510.83
1778798700,81510.83,81559.71,81427.85,81456
1778799600,81456,81456,81173.43,81252.46
1778800500,81252.46,81378,81202,81370.96
1778801400,81370.96,81370.97,81218.26,81218.26
1778802300,81218.27,81218.27,81059.93,81089.99
1778803200,81090,81480.3,81068.52,81480.29
1778804100,81480.29,81496.09,81360.01,81460
1778805000,81460,81664.45,81269.37,81343.03
1778805900,81343.03,81580,81341.91,81518.67
1778806800,81518.66,81612.73,81500.01,81522
1778807700,81521.99,81589.69,81390.19,81390.19
1778808600,81390.2,81471.82,81207.87,81385.65
1778809500,81385.65,81390,81106.2,81131.01
1778810400,81131,81197.57,80862.14,80944.78
1778811300,80944.79,81034.89,80874.44,80910.01
1778812200,80910.01,81122.51,80750,81088
1778813100,81088,81350,81088,81299.14
1778814000,81299.14,81340.81,81134.01,81230
1778814900,81229.99,81265.21,81160,81265.01
1778815800,81265.01,81265.01,80930.82,80991.84
1778816700,80991.84,81115.62,80973.58,81059.15
1778817600,81059.15,81100,80960,81030.06
1778818500,81030.06,81068.64,80910.28,80912.59
1778819400,80912.59,81043.51,80883.54,80932.03
1778820300,80932.03,80950,80709.09,80724.71
1778821200,80724.71,80850,80666.66,80833.97
1778822100,80833.97,80882.45,80757.18,80792.1
1778823000,80792.11,80811.55,80324,80476
1778823900,80476.01,80558.4,80314,80360.01
1778824800,80360.01,80458.57,80314.01,80396.71
1778825700,80405.03,80524.85,80314.37,80524.85
1778826600,80524.85,80633.19,80499.94,80601.59
1778827500,80601.58,80644.5,80562.01,80580
1778828400,80580,80780,80559.88,80768
1778829300,80767.99,81003.37,80708.78,80915
1778830200,80915,80915.01,80734.92,80820.01
1778831100,80820.01,80872.5,80780.09,80814.88
1778832000,80814.88,80822.95,80670.5,80735.07
1778832900,80735.07,80735.08,80520,80529.35
1778833800,80529.35,80716.87,80415.84,80687.78
1778834700,80687.78,80687.78,80568,80638
1778835600,80638,80670.51,80550,80570.4
1778836500,80570.41,80575.24,80453.98,80573.75
1778837400,80573.75,80637.04,80420,80420
1778838300,80420.01,80500,80369,80489.8
1778839200,80489.81,80599.76,80407.6,80589.12
1778840100,80589.12,80589.12,80495,80512.28
1778841000,80512.28,80573.76,80450,80539.4
1778841900,80539.41,80776.33,80531.98,80716.23
1778842800,80716.22,80750.56,80590.08,80677.08
1778843700,80677.07,80716.87,80598.75,80628.45
1778844600,80628.45,80656.26,80598.52,80639.79
1778845500,80639.8,80709.88,80595,80628.53
1778846400,80628.52,80635.44,80400.02,80414.7
1778847300,80414.71,80584.92,80370.88,80535.92
1778848200,80535.91,80555.09,80400,80410.01
1778849100,80410,80444.13,80340.83,80385.11
1778850000,80385.1,80385.11,80068.01,80134.22
1778850900,80134.23,80203.58,80006.08,80006.1
1778851800,80006.09,80015.48,79100,79149.8
1778852700,79149.81,79287.57,78698.69,78758.59
1778853600,78758.59,79353.32,78659,79256
1778854500,79255.99,79322.09,79009,79082
1778855400,79082,79292.88,79002,79223.77
1778856300,79223.78,79311.01,78958.38,79150.37
1778857200,79150.36,79329.41,79086.1,79239.98
1778858100,79239.97,79369.36,79111.82,79139.71
1778859000,79139.87,79227,79076.28,79089.49
1778859900,79089.5,79245.85,79013.81,79150.27
1778860800,79150.26,79245.85,79131.01,79204
1778861700,79204,79316,79140,79312
1778862600,79312,79382.3,79255.46,79279.84
1778863500,79279.84,79336.23,79146.02,79294.31
1778864400,79294.31,79351.25,79228.26,79260
1778865300,79259.99,79450,79224,79375.13
1778866200,79375.12,79488,79374.22,79405.08
1778867100,79405.07,79504.83,79377,79460
1778868000,79460,79561.94,79425.38,79480.01
1778868900,79480,79488.89,79206.99,79282.49
1778869800,79282.49,79325.21,79170.47,79287.28
1778870700,79287.28,79336.82,79202.42,79284
1778871600,79284.01,79290,79051,79080
1778872500,79080.01,79168.81,79080.01,79123.28
1778873400,79123.28,79193.53,79090.01,79125.62
1778874300,79125.62,79188.57,79113.29,79146.5
1778875200,79146.5,79217.07,79078.88,79147.1
1778876100,79147.09,79169.7,79069.32,79168.88
1778877000,79168.89,79193.5,79077.2,79090
1778877900,79089.99,79125.96,79000,79123.12
1778878800,79123.13,79189.43,79102.99,79181.99
1778879700,79182,79200,79115.88,79131.91
1778880600,79131.92,79160.05,79076.18,79135.31
1778881500,79135.31,79148.6,78911.42,78973.5
1778882400,78973.5,79093.13,78973.49,79070.75
1778883300,79070.75,79087.97,79003.67,79075
1778884200,79075,79145.44,79058.46,79122.12
1778885100,79122.11,79145.44,79088.02,79107.38
1778886000,79107.38,79145.43,79086.8,79105.53
1778886900,79105.53,79161.86,79077.96,79115.97
1778887800,79115.97,79134.92,79078,79134.91
1778888700,79134.91,79134.92,79100.08,79113.21
1778889600,79113.2,79189,79079.76,79172.86
1778890500,79172.87,79199.22,79162.89,79178.31
1778891400,79178.3,79227.77,79165.01,79165.03
1778892300,79165.03,79169.77,79075.09,79111.92
1778893200,79111.92,79148.13,79087.63,79139.49
1778894100,79139.49,79155.94,79032.27,79037.13
1778895000,79037.12,79070.93,79010,79030
1778895900,79030.01,79186.05,79030,79168
1778896800,79168,79211.77,79103.18,79192.72
1778897700,79192.72,79207.41,79141.81,79155.38
1778898600,79155.38,79155.38,79080.1,79088.68
1778899500,79088.67,79158.4,79080.94,79155.54
1778900400,79155.55,79187.71,79135.5,79175.01
1778901300,79175.01,79186.54,79155.4,79179.57
1778902200,79179.57,79179.58,79078.13,79078.13
1778903100,79078.12,79137.88,79059.77,79083.18
1778904000,79083.19,79129.71,79044.08,79084.15
1778904900,79084.14,79097.14,79051.6,79051.6
1778905800,79051.61,79052.77,78860,78993.75
1778906700,78993.75,79035.26,78962.66,79035.26
1778907600,79035.25,79035.26,78933.63,79031.19
1778908500,79031.19,79032.05,79024.92,79025.33
1778909400,79025.33,79039.49,78940.91,79004
1778910300,79004.01,79027.37,78972,79027.37
1778911200,79027.36,79047.94,78920.65,78936.65
1778912100,78936.65,78936.66,78800,78824.77
1778913000,78824.78,78899.07,78730.26,78745.74
1778913900,78745.74,78778.68,78459.87,78648
1778914800,78648,78651.63,78122,78259.33
1778915700,78259.33,78519.85,78066,78463.5
1778916600,78463.5,78560.6,78353.08,78500.02
1778917500,78500.03,78513.42,78343.5,78369.77
1778918400,78369.78,78472.82,78334.21,78420
1778919300,78420.01,78432.72,78374.13,78404.54
1778920200,78404.55,78530.52,78392.15,78467
1778921100,78467,78467.65,78380,78426.56
1778922000,78426.55,78440.81,78246.31,78263.4
1778922900,78263.41,78274.25,77906.1,78058.02
1778923800,78058.02,78188.48,78031,78122.91
1778924700,78122.92,78207.92,78015.65,78083.48
1778925600,78083.47,78101.43,77810.1,77906.82
1778926500,77906.83,77953.8,77640,77773.35
1778927400,77772.28,77979.26,77753.31,77892.54
1778928300,77892.54,77984.41,77877.97,77960
1778929200,77959.99,78105.54,77959.99,78084.01
1778930100,78084,78159.39,78070,78135.28
1778931000,78135.29,78193.88,78104.17,78161.23
1778931900,78161.22,78161.23,78075.14,78081.71
1778932800,78080.46,78133.38,78040.01,78058.47
1778933700,78058.47,78058.47,77918.62,77987.16
1778934600,77988,78074,77987.99,78060.15
1778935500,78060.16,78117.01,78007.23,78007.23
1778936400,78007.24,78007.24,77890,77898.46
1778937300,77898.46,77987.97,77863.89,77964.33
1778938200,77964.34,77982.65,77833.4,77901.11
1778939100,77901.11,78014.6,77894.2,78014.6
1778940000,78014.6,78048,77895.2,77957.3
1778940900,77957.3,78062.97,77902.08,77982
1778941800,77982,78227.67,77982,78219.02
1778942700,78219.01,78346,78104.65,78130.55
1778943600,78130.55,78224.44,78078.22,78119.96
1778944500,78119.97,78192.69,78079.94,78128.42
1778945400,78128.42,78231.98,78128.42,78215.37
1778946300,78215.37,78285,78212.51,78238.67
1778947200,78238.68,78364.65,78185.08,78246.45
1778948100,78246.44,78333.85,78212.03,78290
1778949000,78290,78318.47,78119.72,78150.74
1778949900,78150.74,78222.01,78146.89,78205.96
1778950800,78205.96,78271.06,78199,78270.94
1778951700,78270.93,78318,78232.17,78289.7
1778952600,78289.7,78320.41,78266.17,78266.17
1778953500,78266.18,78290,78201.49,78201.5
1778954400,78201.5,78241.34,78171.02,78191.85
1778955300,78191.84,78217.26,78142.99,78196.92
1778956200,78196.93,78271.36,78184.64,78255.75
1778957100,78255.74,78327.75,78218.02,78229.81
1778958000,78229.82,78263.98,78204.22,78241.95
1778958900,78241.96,78301.95,78224,78285.04
1778959800,78285.04,78314.69,78262.8,78264.02
1778960700,78264.03,78304.17,78226.02,78259.66
1778961600,78259.67,78300,78259.66,78299.99
1778962500,78299.99,78318.94,78272.43,78272.43
1778963400,78272.43,78278,78201.42,78223.41
1778964300,78223.4,78266.01,78215.94,78261
1778965200,78261,78308.33,78222.64,78302.55
1778966100,78302.56,78302.56,78234.51,78273.69
1778967000,78273.68,78289.72,78206.85,78289.72
1778967900,78289.71,78300,78246,78265.73
1778968800,78265.73,78275.81,78171.02,78241.38
1778969700,78241.38,78279.28,78241.38,78268.14
1778970600,78268.13,78270.18,78224.7,78224.71
1778971500,78224.7,78229.33,78186.24,78186.25
1778972400,78186.25,78202.42,78156.67,78184
1778973300,78184.01,78267.46,78184.01,78234.99
1778974200,78234.99,78257.88,78203.42,78219.8
1778975100,78219.8,78235.19,78125.32,78148.05
1778976000,78148.05,78243.19,78148.04,78195.31
1778976900,78195.32,78218.51,78143,78195.99
1778977800,78196,78228.39,78125,78140.47
1778978700,78140.47,78154.01,77812,77945.85
1778979600,77945.85,78114,77826.9,78057.52
1778980500,78057.53,78090,77909.07,77988.02
1778981400,77988.02,78000.76,77721.19,77787.4
1778982300,77787.4,77873.99,77725.71,77725.71
1778983200,77725.72,77929.9,77725.71,77868.15
1778984100,77868.15,77929.79,77843.02,77895.53
1778985000,77895.53,77938,77861.24,77915.32
1778985900,77915.32,77931.26,77852.73,77895.51
1778986800,77895.5,78013.27,77888,77958.57
1778987700,77958.57,78010.52,77958.56,78000.75
1778988600,78000.76,78066.25,77978.99,78031.94
1778989500,78031.94,78079.3,78000.59,78028.88
1778990400,78028.88,78080,78003.35,78049
1778991300,78049,78145.76,78048.99,78096.21
1778992200,78096.21,78198.76,78054.46,78186.11
1778993100,78186.11,78203.93,78157.76,78158.09
1778994000,78158.08,78323.96,78135.34,78246.25
1778994900,78246.25,78246.26,78178,78178.01
1778995800,78178.01,78204.01,78150,78154.85
1778996700,78154.86,78175.09,78102.42,78121.41
1778997600,78121.41,78204.01,78121.4,78185.13
1778998500,78185.14,78200,78017,78082.53
1778999400,78082.52,78121.09,78040.15,78045.34
1779000300,78045.33,78105.39,78045.33,78104.8
1779001200,78104.79,78114.43,78078,78097.39
1779002100,78097.4,78143.96,78053.79,78121.99
1779003000,78121.98,78208.69,78104.25,78151.96
1779003900,78151.96,78196.67,78151.96,78180.01
1779004800,78180,78200.91,78143.93,78148.72
1779005700,78148.72,78149,78066.24,78066.25
1779006600,78066.25,78107.27,78033.01,78101.12
1779007500,78101.12,78101.12,78077.8,78089.8
1779008400,78089.8,78137.68,78073.52,78128.27
1779009300,78128.27,78154.87,78100.67,78150
1779010200,78149.99,78149.99,78092.43,78123.87
1779011100,78123.88,78293.97,78123.87,78249.33
1779012000,78249.33,78525.74,78249.03,78446.99
1779012900,78446.98,78599.99,78399.26,78527.22
1779013800,78527.22,78535.21,78422.09,78480.99
1779014700,78480.99,78483.14,78427.22,78465.99
1779015600,78465.99,78473.82,78357.57,78357.58
1779016500,78357.58,78380.58,78308.61,78350.04
1779017400,78350.03,78435.75,78289,78411.25
1779018300,78411.26,78469.83,78384.42,78415.99
1779019200,78415.99,78457.97,78378.95,78390.34
1779020100,78390.34,78438,78352,78434.42
1779021000,78434.43,78550,78421.33,78474.99
1779021900,78474.99,78500.92,78333.8,78364.83
1779022800,78364.83,78364.83,78257.31,78261.12
1779023700,78261.11,78292.63,78173.15,78292.62
1779024600,78292.63,78343.39,78250,78261.73
1779025500,78261.74,78293.83,78184.1,78202.91
1779026400,78202.91,78217.33,78061.46,78072.81
1779027300,78072.81,78117.89,77850,78040
1779028200,78040,78066.25,77957.58,78007.91
1779029100,78007.91,78091.98,78007.91,78051.51
1779030000,78051.51,78119.42,78007.91,78089.47
1779030900,78089.47,78089.47,77920.76,77990.07
1779031800,77990.06,78059.21,77981.99,78034
1779032700,78034,78066.25,78012.41,78051.41
1779033600,78051.42,78127.22,78051.41,78062.83
1779034500,78062.83,78142.85,78048.36,78141.36
1779035400,78141.36,78193.66,78111.72,78171.03
1779036300,78171.02,78171.03,78025.23,78034.36
1779037200,78034.37,78055.8,77892.18,77920.16
1779038100,77920.17,77987.62,77856.69,77987.62
1779039000,77987.62,78050,77902.2,78049.99
1779039900,78050,78092.44,78022.19,78089.98
1779040800,78089.99,78245.15,78076.2,78125.48
1779041700,78125.48,78146.29,78014.33,78136.99
1779042600,78136.98,78171.03,78124.5,78130.33
1779043500,78130.33,78271.59,78118,78268.05
1779044400,78268.04,78298,78225.4,78262.91
1779045300,78262.9,78300,78228.17,78228.18
1779046200,78228.17,78420.32,78209.96,78383.93
1779047100,78383.92,78468.46,78354.01,78415.3
1779048000,78415.29,78435.32,78332.43,78341.07
1779048900,78341.07,78346.93,78248.8,78291.02
1779049800,78291.01,78367.49,78249.35,78295.26
1779050700,78295.26,78305.68,78277.35,78277.36
1779051600,78277.36,78295.14,78243.5,78295.13
1779052500,78295.13,78435.34,78269.41,78431.52
1779053400,78431.52,78485.36,78368.63,78430.64
1779054300,78430.64,78471.46,78392.38,78405.72
1779055200,78405.72,78414.16,77950,78117.01
1779056100,78117.01,78146.11,77947.36,77999.84
1779057000,77999.26,78127.69,77950,78048
1779057900,78048,78048,77830,77997.24
1779058800,77997.24,78008.18,77771.11,77855.01
1779059700,77855.01,77975.95,77680.28,77836.13
1779060600,77836.12,77893.15,76735.16,77250
1779061500,77250,77543.38,77118.96,77457.67
1779062400,77457.67,77477.99,76916.6,77207.12
1779063300,77207.12,77330,77092.71,77152.52
1779064200,77152.52,77220.02,76964.66,77019.82
1779065100,77019.82,77226.31,76958,77209.95
1779066000,77209.95,77291.54,77068.49,77068.49
1779066900,77068.5,77068.75,76846.13,76900
1779067800,76900.01,76931.83,76771.62,76836.8
1779068700,76836.8,77160.32,76744.95,77109.22
1779069600,77109.21,77222.03,77055,77170.51
1779070500,77170.52,77176.49,76961.03,77039.18
1779071400,77039.18,77049.46,76832.96,76874.64
1779072300,76874.65,76934.75,76707.61,76835.41
1779073200,76835.41,77014.24,76835,76872.96
1779074100,76872.96,76992.48,76846.24,76963.01
1779075000,76963.01,77030.42,76817.14,77002.71
1779075900,77002.7,77005.81,76886.57,76924.65
1779076800,76924.66,77037.62,76924.65,77028.72
1779077700,77028.71,77033.86,76772.01,76817.04
1779078600,76817.04,77000,76781.06,76999.99
1779079500,76999.99,77069.77,76913.69,77038.49
1779080400,77038.49,77080.93,76998.41,77025.47
1779081300,77025.46,77048.14,76934.56,77027.03
1779082200,77027.03,77061.69,76890.65,76897.95
1779083100,76897.95,76975.4,76884.33,76931.4
1779084000,76931.4,76957.36,76583.33,76891.82
1779084900,76891.82,76967.8,76695.04,76732.34
1779085800,76732.35,76840,76664.86,76825.25
1779086700,76825.25,76954.71,76825.25,76912.52
1779087600,76912.53,76989,76873.31,76947.43
1779088500,76947.42,77068,76771.53,77035.47
1779089400,77035.47,77080.6,76932.46,76971.04
1779090300,76971.04,77089.29,76971.03,77073.69
1779091200,77073.69,77181.88,77020,77038.8
1779092100,77038.79,77074.49,76965.7,76980.54
1779093000,76980.55,76996,76890.34,76957.13
1779093900,76957.13,77040.43,76898.91,77040.42
1779094800,77040.43,77048.14,76877.17,76910.09
1779095700,76910.09,76984.92,76897.88,76969.79
1779096600,76969.78,77027.21,76908.15,76951.61
1779097500,76951.62,76990,76916.11,76933.16
1779098400,76933.17,76957.35,76778.17,76785.09
1779099300,76785.1,76829.11,76716.99,76818.38
1779100200,76818.38,76855.59,76766,76816
1779101100,76816.01,76894.13,76764.74,76764.74
1779102000,76764.75,76784.89,76668.58,76759.53
1779102900,76759.52,76868,76752.01,76814.7
1779103800,76814.7,77403.48,76782.24,77356.01
1779104700,77356,77373.27,77209.17,77285.83
1779105600,77285.83,77483.52,77275.96,77425.79
1779106500,77425.79,77550,77302.65,77340.9
1779107400,77340.89,77726.23,77300,77726.22
1779108300,77726.22,77800,77588.46,77639.98
1779109200,77639.99,77639.99,77465,77480.86
1779110100,77480.85,77492.66,77280.91,77280.91
1779111000,77280.92,77287.91,76763.16,76819.96
1779111900,76819.97,77146.19,76695.31,76937.7
1779112800,76937.7,76954.25,76675.69,76695.04
1779113700,76695.04,76822.55,76430,76641.66
1779114600,76641.67,76719.18,76230.02,76484.62
1779115500,76484.61,76502.01,76315.89,76393.65
1779116400,76393.66,76439.98,76104.25,76282.01
1779117300,76282.01,76308,76065.3,76087.58
1779118200,76087.59,76360.42,76051,76324.33
1779119100,76324.33,76485.29,76278.36,76409.46
1779120000,76409.46,76582,76241,76509.23
1779120900,76509.22,76665.68,76218,76278.34
1779121800,76278.34,76536.54,76235.74,76461.14
1779122700,76461.14,76543.34,76400,76410.01
1779123600,76410,76646.42,76366.13,76561.48
1779124500,76561.49,76696.12,76561.48,76666
1779125400,76665.99,76683.06,76553.71,76660.36
1779126300,76660.36,76757.21,76648.3,76706.39
1779127200,76706.38,76706.38,76436.11,76438
1779128100,76438,76451.34,76144.24,76354.74
1779129000,76354.74,76410,76265.09,76328.27
1779129900,76328.28,76385.64,76211.55,76252.5
1779130800,76252.01,76919.68,76235,76619.76
1779131700,76619.77,76720,76550.01,76638.35
1779132600,76638.34,76921.4,76618,76900.97
1779133500,76900.96,76995,76839.65,76928
1779134400,76928,77074.66,76874.73,77057.01
1779135300,77057,77161.37,77048.13,77139.08
1779136200,77139.08,77182.14,76960.81,76966.21
1779137100,76966.22,77048.11,76886.24,76909.92
1779138000,76909.92,77014.24,76800,76917.76
1779138900,76917.77,77077.8,76917.76,77018.82
1779139800,77018.83,77174.23,76976.54,77029.99
1779140700,77030,77126.66,76980,77103.05
1779141600,77103.04,77167.75,77050.96,77144.99
1779142500,77144.99,77222.79,77099.19,77139.1
1779143400,77139.1,77169.59,77033.39,77046.71
1779144300,77046.72,77079.88,76937.19,77078.22
1779145200,77078.22,77160.79,77055.11,77084
1779146100,77084.01,77084.01,77027,77033.77
1779147000,77033.77,77118.54,76994,77118.54
1779147900,77118.54,77118.54,76948.8,77001.87
1779148800,77001.88,77156.2,76955.99,77116.08
1779149700,77116.07,77414.62,77097.83,77213.18
1779150600,77213.18,77265.64,77124.67,77183.41
1779151500,77183.42,77312.25,77140.86,77140.87
1779152400,77140.86,77156.2,77046.24,77118.31
1779153300,77118.3,77131.43,76679.57,76765.54
1779154200,76765.54,76930,76681.29,76856.89
1779155100,76856.89,76864.68,76667,76667.01
1779156000,76667.01,76725.46,76487.83,76720.6
1779156900,76720.6,76997.33,76669.66,76826.87
1779157800,76826.86,76846.03,76732.31,76749.98
1779158700,76749.98,76789.23,76608.86,76617.47
1779159600,76617.46,76772.15,76586.11,76772.15
1779160500,76772.14,76867.23,76693.63,76748.62
1779161400,76748.63,76850.51,76748.62,76850.5
1779162300,76850.5,76860,76764.64,76787.11
1779163200,76787.1,76943.75,76732.84,76892.2
1779164100,76892.2,76892.21,76700,76735.79
1779165000,76735.8,76902,76735.8,76881.48
1779165900,76881.47,76936,76870,76927.25
1779166800,76927.25,76941.67,76842.92,76859.85
1779167700,76859.84,76860.77,76644.98,76817.82
1779168600,76817.82,77000,76752.82,76914.91
1779169500,76914.91,76986.41,76874,76911.24
1779170400,76911.25,77014.72,76886.13,76991.8
1779171300,76991.8,77045.61,76940.93,77009.99
1779172200,77009.99,77108.68,76944.98,77085.65
1779173100,77085.66,77092.4,77018.22,77029.4
1779174000,77029.41,77140.26,76974.72,77139.39
1779174900,77139.39,77263.33,77111.03,77140.39
1779175800,77140.4,77274,77135.15,77260.49
1779176700,77260.49,77278.57,77221.01,77233.69
1779177600,77233.68,77245.66,77051.17,77108.43
1779178500,77108.42,77195.35,76972.96,77077.25
1779179400,77077.25,77317.02,77017.81,77186
1779180300,77186.01,77212.71,77042,77048.71
1779181200,77048.72,77074.05,77001.96,77034.56
1779182100,77034.55,77034.55,76740,76773.32
1779183000,76773.33,76850,76709.29,76796.96
1779183900,76796.96,76840,76756.37,76818.8
1779184800,76818.8,76872.46,76760.97,76805.21
1779185700,76805.21,76837.55,76752.41,76837.54
1779186600,76837.54,76979.49,76750,76752.93
1779187500,76752.92,77103.97,76704,77041.87
1779188400,77041.87,77076.53,76974.55,76999.95
1779189300,76999.96,77026.78,76850,76885.34
1779190200,76885.34,76896.32,76633.83,76666.96
1779191100,76666.97,76759.93,76662.43,76714.62
1779192000,76714.61,76792.88,76650.06,76786.88
1779192900,76786.88,76850,76763.39,76849.98
1779193800,76849.98,76959.75,76845.69,76909.04
1779194700,76909.03,76982.89,76890,76940.21
1779195600,76940.2,76980,76752.24,76824.33
1779196500,76824.34,76844.2,76601,76601.01
1779197400,76601.01,77048.72,76596,76734.28
1779198300,76734.27,77029.35,76720,76872.75
1779199200,76872.74,77023.75,76616.8,76616.8
1779200100,76616.81,76645.43,76300,76450
1779201000,76450.01,76589,76250.02,76461.66
1779201900,76461.66,76474.41,76144.71,76392.43
1779202800,76392.43,76593.28,76337.97,76590.89
1779203700,76590.9,76670.21,76415.3,76500
1779204600,76499.99,76675.76,76445.12,76485.79
1779205500,76485.79,76579.36,76422.92,76521.23
1779206400,76521.24,76580.56,76407.72,76470.67
1779207300,76470.67,76612,76468.72,76612
1779208200,76611.99,76795.56,76611.99,76795.56
1779209100,76795.55,76911,76752.24,76894.59
1779210000,76894.59,76968.58,76866.69,76956.61
1779210900,76956.61,77015.41,76877.27,76879.99
1779211800,76879.99,77012.07,76759.39,76911.13
1779212700,76911.13,76911.14,76768.13,76856.76
1779213600,76856.76,76946.47,76794,76919.16
1779214500,76919.16,76947.2,76766.25,76773.9
1779215400,76773.91,76864.54,76744.8,76851.09
1779216300,76851.09,76895.63,76769.13,76803.28
1779217200,76803.28,77056.62,76803.27,77056.56
1779218100,77056.56,77065.8,76765.14,76813.33
1779219000,76813.34,76909.68,76789.33,76877.06
1779219900,76877.05,76886.05,76776,76818.74
1779220800,76818.73,76949.17,76818.73,76949.16
1779221700,76949.16,76949.17,76900.58,76925.71
1779222600,76925.72,76986.75,76925.72,76934.51
1779223500,76934.51,77040.24,76934.51,77022.23
1779224400,77022.22,77033.72,76973.76,77008.42
1779225300,77008.42,77040.83,76973.77,76997.91
1779226200,76997.91,77040.22,76997.91,77025.12
1779227100,77025.11,77033.31,76982.33,76982.34
1779228000,76982.34,76982.34,76789.24,76789.24
1779228900,76789.25,76789.25,76642.95,76670.88
1779229800,76670.87,76791.14,76649.49,76758.95
1779230700,76758.96,76760.4,76706.91,76712.21
1779231600,76712.22,76845.35,76670.52,76810.72
1779232500,76810.73,76903.89,76806.51,76903.88
1779233400,76903.88,76980.07,76884.43,76915.08
1779234300,76915.08,76920.93,76822.52,76834.36
1779235200,76834.36,76896.5,76551.42,76581.46
1779236100,76581.46,76695.28,76516.74,76695.27
1779237000,76695.28,76852.64,76629.64,76720.7
1779237900,76720.7,76788.83,76687.83,76788.83
1779238800,76788.83,76917.06,76714.44,76871.32
1779239700,76871.31,76900.95,76562,76578.3
1779240600,76578.31,76706.08,76536.59,76599.42
1779241500,76599.43,76922.46,76570.58,76820.98
1779242400,76820.98,76852.65,76754.98,76808.27
1779243300,76808.28,76909.62,76770.98,76775.35
1779244200,76775.35,76775.36,76610.98,76622.22
1779245100,76622.23,76709.97,76600,76690.42
1779246000,76690.42,76690.42,76604.99,76650.15
1779246900,76650.15,76829.61,76628.44,76815.64
1779247800,76815.63,76815.63,76741.87,76750
1779248700,76750,76762.85,76723.54,76723.54
1779249600,76723.55,76836.82,76723.55,76825.73
1779250500,76825.74,76825.74,76772.82,76772.83
1779251400,76772.82,76785.27,76692,76738.98
1779252300,76738.98,76813.33,76738.98,76780.37
1779253200,76780.37,77277.08,76780.37,77230
1779254100,77229.99,77240,77130,77165
1779255000,77165,77320,77155,77155
1779255900,77155,77217.94,77155,77196.99
1779256800,77196.99,77241.92,77179.93,77236.79
1779257700,77236.79,77362.37,77236.78,77286.01
1779258600,77286.01,77320.17,77250,77320.17
1779259500,77320.17,77422,77276.22,77414.11
1779260400,77414.1,77422,77320.64,77385.44
1779261300,77385.44,77472.21,77322.32,77399.56
1779262200,77399.57,77408,77335.52,77376.92
1779263100,77376.91,77376.92,77241.13,77282.64
1779264000,77282.65,77331.91,77253.33,77281.1
1779264900,77281.11,77297.82,77210.33,77282.19
1779265800,77282.2,77635.52,77282.2,77526.68
1779266700,77526.68,77550.01,77449.99,77458.04
1779267600,77458.05,77483.3,77395.67,77424.3
1779268500,77424.3,77507.07,77365.94,77499.75
1779269400,77499.76,77543.59,77492.92,77509.63
1779270300,77509.63,77523.68,77451.99,77485.13
1779271200,77485.14,77605.24,77485.14,77605.23
1779272100,77605.24,77656.25,77565.54,77631.49
1779273000,77631.5,77663,77522.27,77555.33
1779273900,77555.33,77592.59,77517.45,77517.45
1779274800,77517.46,77569.1,77471.62,77475.8
1779275700,77475.8,77506.21,77460.84,77467.9
1779276600,77467.9,77488.2,77350,77391.69
1779277500,77391.69,77417.57,77328.2,77382.49
1779278400,77382.5,77476.3,77365.52,77445.74
1779279300,77445.75,77533.69,77376.28,77501.54
1779280200,77501.55,77550,77498.86,77529.98
1779281100,77529.98,77748.05,77529.98,77617.26
1779282000,77617.26,77650.62,77459.03,77466.07
1779282900,77466.07,77483.4,77281.25,77303.08
1779283800,77303.08,77344.41,76968.05,77091.99
1779284700,77091.48,77361.16,77054.22,77204.61
1779285600,77204.61,77272.83,76891.61,77113.81
1779286500,77113.82,77574.29,77113.82,77412.9
1779287400,77412.9,77509.38,77280.77,77395.75
1779288300,77395.74,77557.47,77381.52,77446.08
1779289200,77446.01,77472.74,77300,77322
1779290100,77322.01,77853.04,77322,77553.46
1779291000,77553.47,77641.01,77374.42,77450.57
1779291900,77450.58,77580,77382,77455.46
1779292800,77455.45,77557,77434,77494.08
1779293700,77494.08,77494.08,77018.38,77088
1779294600,77088,77356.34,77030.88,77337.7
1779295500,77337.7,77361.64,77244.07,77338.6
1779296400,77338.6,77450,77230.86,77396.35
1779297300,77396.36,77641.7,77350,77570
1779298200,77570.01,77710.02,77518,77661.29
1779299100,77661.28,77713.66,77536.06,77568.95
1779300000,77568.95,77597.52,77480.43,77480.44
1779300900,77480.43,77634.52,77443.77,77516.16
1779301800,77516.16,77557.02,77459.18,77489.27
1779302700,77489.28,77493.48,77398.63,77415.09
1779303600,77415.09,77461.68,77350.71,77404.36
1779304500,77404.36,77562.72,77372.21,77562.71
1779305400,77562.71,77647.45,77535.83,77632.06
1779306300,77632.06,77709.68,77599.23,77667.49
1779307200,77667.49,77750.59,77582.22,77740.61
1779308100,77740.61,77743.59,77476.19,77684.04
1779309000,77684.23,77740.41,77598.51,77691.17
1779309900,77691.18,77760,77679.32,77720.01
1779310800,77720.01,77766.6,77639.37,77754.24
1779311700,77754.24,77759.73,77603.36,77615.51
1779312600,77615.5,77651.52,77590.07,77624.73
1779313500,77624.73,77660.31,77500,77500.01
1779314400,77500.01,77500.01,77300,77373.88
1779315300,77373.89,77443.45,77226.61,77434.01
1779316200,77434.01,77496.82,77379.34,77442.31
1779317100,77442.31,77504.69,77442.3,77504.69
1779318000,77504.69,77504.69,77399.75,77456.51
1779318900,77456.52,77462.01,77386.93,77394.19
1779319800,77394.19,77489.29,77394.18,77485.69
1779320700,77485.69,77559.34,77459,77552.23
1779321600,77552.24,77686,77525,77664.96
1779322500,77664.97,77728.64,77605.06,77728.64
1779323400,77728.64,77749.99,77698.66,77734.99
1779324300,77735,78071.42,77734.99,77967.09
1779325200,77967.09,78132.01,77929.02,78129.27
1779326100,78129.26,78173.15,77818.96,77877
1779327000,77877,77974.98,77820,77894.86
1779327900,77894.86,77970.75,77800,77863.85
1779328800,77863.85,77913.77,77820.1,77874
1779329700,77874,78100,77868,78037.41
1779330600,78037.4,78073.4,77990,78031.86
1779331500,78031.86,78031.86,77948.75,77955.78
1779332400,77955.78,78019.5,77928.5,77959.68
1779333300,77959.68,78042.01,77908,78034.9
1779334200,78034.9,78034.9,77996.09,78019.05
1779335100,78019.05,78098.85,78000,78078.72
1779336000,78078.72,78180.01,77968.6,77977.76
1779336900,77977.77,78030.01,77965.36,78026.32
1779337800,78026.33,78035.77,77969.07,77982.13
1779338700,77982.14,78052.21,77982.13,78035.8
1779339600,78035.8,78147.07,77891.31,77912.54
1779340500,77912.55,77947.77,77866.66,77869.36
1779341400,77869.35,77914.34,77842.42,77860.02
1779342300,77860.01,77860.02,77714.94,77828
1779343200,77828,77873.15,77730.16,77769.96
1779344100,77769.96,77855.44,77715,77777
1779345000,77777.01,77817,77648.32,77675.6
1779345900,77675.6,77675.6,77533.45,77622.14
1779346800,77622.14,77698.52,77564.64,77607.14
1779347700,77607.15,77611.97,77521,77611.97
1779348600,77611.97,77720.25,77611.96,77720.25
1779349500,77720.24,77901.06,77720.24,77889.01
1779350400,77889.01,78200,77889.01,78137.12
1779351300,78137.11,78174.73,77935.97,78055.35
1779352200,78055.35,78055.36,77890.69,77926.99
1779353100,77927,77955.25,77885.53,77924.63
1779354000,77924.63,77977.53,77883,77935.68
1779354900,77935.67,77953.31,77917.14,77928.4
1779355800,77928.39,77940.27,77675.29,77690.41
1779356700,77690.41,77710,77633.02,77633.02
1779357600,77633.03,77675.68,77621.02,77632.07
1779358500,77632.08,77678.01,77190.09,77383.3
1779359400,77383.3,77445.31,77210,77363.33
1779360300,77363.33,77371.99,77192.37,77198.08
1779361200,77198.09,77345.7,77147.15,77310.69
1779362100,77310.69,77370.62,77278,77323.1
1779363000,77323.1,77372,77216.85,77256.82
1779363900,77256.82,77260.01,77182,77189.1
1779364800,77189.1,77278.37,77168.17,77194
1779365700,77194,77220.45,77097.16,77115.08
1779366600,77115.09,77323.13,77080.72,77243.74
1779367500,77243.73,77363.32,77243.73,77278.53
1779368400,77278.52,77358.05,77255.22,77263
1779369300,77263,77308.58,77202.14,77303.73
1779370200,77303.73,77315.4,76719.47,76756.6
1779371100,76756.6,77190,76746.48,77122.68
1779372000,77122.67,77240.82,77046,77086
1779372900,77086.01,77090.54,76788.8,77059.58
1779373800,77059.58,77197.81,76946.77,76986.01
1779374700,76986.01,77034.01,76888,76984.61
1779375600,76984.61,77230.01,76900,77152.94
1779376500,77152.93,77319.82,77120.13,77272
1779377400,77271.99,77287.09,77069.77,77218.96
1779378300,77218.97,77402.12,77168,77259.46
1779379200,77259.45,77344.01,77226.09,77275.9
1779380100,77275.89,77287.93,77112.52,77182.01
1779381000,77182,77287.48,77034.2,77059.57
1779381900,77059.58,77207.93,77008.75,77207.93
1779382800,77207.92,77570.83,77181.83,77510.01
1779383700,77510.01,78000,77498.85,77980.54
1779384600,77980.54,78047.46,77862.51,77898.95
1779385500,77898.95,78098.16,77790.38,77869.38
1779386400,77869.38,77922.01,77630,77697.17
1779387300,77697.17,77897.36,77638.01,77741.59
1779388200,77741.6,77810.8,77724,77757.69
1779389100,77757.69,77757.7,77230,77387.74
1779390000,77387.74,77593.86,77365.97,77540.01
1779390900,77540.01,77615.73,77519.69,77541.21
1779391800,77541.21,77645.14,77541.21,77628.01
1779392700,77628,77802.51,77617.25,77690.56
1779393600,77690.56,77739.18,77664.72,77712.56
1779394500,77712.56,77727.73,77692,77692.01
1779395400,77692.01,77804.75,77647.75,77694.01
1779396300,77694.01,77801.98,77658.2,77705.81
1779397200,77705.8,77810.05,77705.8,77775.15
1779398100,77775.15,77812.76,77762.55,77812.76
1779399000,77813.22,77813.35,77701.78,77722.12
1779399900,77722.12,77722.12,77645.4,77672.29
1779400800,77672.3,77750.61,77617.17,77658.44
1779401700,77658.44,77698.95,77600,77698.95
1779402600,77698.95,77716.4,77555.33,77640.67
1779403500,77640.68,77660.95,77610.07,77628
1779404400,77628.01,77717.24,77565.59,77565.6
1779405300,77565.6,77660.6,77534.43,77655.11
1779406200,77655.12,77745.39,77638.01,77708.92
1779407100,77708.92,77741.59,77599.13,77615.52
1779408000,77615.52,77628.38,77440.85,77442.49
1779408900,77442.5,77547.56,77416.83,77484
1779409800,77484,77562.01,77394.3,77472.95
1779410700,77472.95,77510.67,77369.49,77373.57
1779411600,77373.57,77514.01,77327.28,77514.01
1779412500,77514,77541.8,77446.31,77473.44
1779413400,77473.43,77521.64,77356.66,77521.64
1779414300,77521.64,77673.5,77521.63,77616
1779415200,77616,77700.83,77615.99,77669.97
1779416100,77669.96,77728.01,77619.32,77663.73
1779417000,77663.73,77705.27,77608.06,77631.05
1779417900,77631.04,77704.75,77593.16,77673.36
1779418800,77673.37,77779.71,77673.36,77713.89
1779419700,77713.89,77794.92,77686.1,77794.91
1779420600,77794.91,77806.25,77750.6,77787.14
1779421500,77787.13,77817.8,77748.65,77779.98
1779422400,77779.98,77889.52,77779.98,77878.32
1779423300,77878.31,77900,77775,77803.92
1779424200,77803.92,77810.58,77687.17,77692.58
1779425100,77692.58,77696.7,77637.99,77655.42
1779426000,77655.43,77726,77621,77687.42
1779426900,77687.43,77699.2,77575.51,77602.39
1779427800,77602.39,77637.3,77532.6,77591.4
1779428700,77591.39,77669.9,77454.56,77489
1779429600,77489,77525.85,77433.16,77490.06
1779430500,77490.05,77490.06,77417.65,77466.28
1779431400,77466.29,77481.62,77406.61,77481.42
1779432300,77481.42,77515,77370.4,77423.41
1779433200,77423.41,77426.73,77288.77,77374.96
1779434100,77374.96,77524.3,77374.95,77509.05
1779435000,77509.04,77543.38,77441.27,77479.04
1779435900,77479.04,77479.04,77400,77408.06
1779436800,77408.07,77464.82,77367.92,77404.82
1779437700,77404.81,77535,77404.81,77490.56
1779438600,77490.55,77495.48,77216,77324.41
1779439500,77324.41,77357.43,77257.58,77267.38
1779440400,77267.39,77292.04,77207.48,77212.36
1779441300,77212.36,77308.85,77200,77266.01
1779442200,77266,77321.75,77207.39,77315.9
1779443100,77315.9,77360,77260.18,77307.11
1779444000,77307.12,77349.76,77289.44,77315.25
1779444900,77315.25,77350.17,77261.73,77347.24
1779445800,77347.23,77363.01,77303.96,77336.15
1779446700,77336.15,77338.17,77282.91,77312
1779447600,77311.99,77360,77292.26,77303.79
1779448500,77303.79,77357.21,77184.45,77315.24
1779449400,77315.23,77349.44,77304.13,77343.9
1779450300,77343.9,77430.55,77330.86,77428.84
1779451200,77428.83,77558.01,77395.45,77535.89
1779452100,77535.89,77584.94,77413.33,77432.23
1779453000,77432.23,77463.37,77405.4,77424.94
1779453900,77424.95,77533.91,77424.94,77533.9
1779454800,77533.91,77547.56,77464.05,77493.12
1779455700,77493.11,77528.61,77306.59,77306.59
1779456600,77306.59,77371.38,77130.99,77199.33
1779457500,77199.33,77296.14,77155.35,77290.01
1779458400,77290,77290,76950.17,77066.4
1779459300,77066.4,77102.37,76777,76857.59
1779460200,76857.59,76857.6,76781.11,76826.5
1779461100,76826.5,76861.56,76751,76774.23
1779462000,76774.23,76963.98,76676,76770.99
1779462900,76771,76912.97,76570,76912.96
1779463800,76912.96,77030.64,76647,76719.99
1779464700,76719.99,76823.7,76664.88,76790.59
1779465600,76790.6,76891.88,76767,76869.36
1779466500,76869.37,76947.84,76809.39,76938.67
1779467400,76938.66,76975.1,76867.41,76896.64
1779468300,76896.64,77006.69,76896.64,76950.68
1779469200,76950.67,77012.19,76891.43,76962.78
1779470100,76962.79,77069.77,76777,77060.14
1779471000,77060.13,77093.72,76920,76970.01
1779471900,76970.01,76973.62,76750,76750
1779472800,76750.01,76823.05,76695.44,76821.92
1779473700,76821.92,76898,76801.05,76806.58
1779474600,76806.57,76812.86,76589,76589
1779475500,76589.01,76593.13,76101,76537.47
1779476400,76537.47,76590.68,76210,76241.93
1779477300,76241.94,76405.1,76200,76259.51
1779478200,76259.52,76276.56,75668.76,75814.49
1779479100,75814.49,75947.43,75689.84,75860.44
1779480000,75860.44,76018,75835.69,75927.69
1779480900,75927.68,75984.47,75886,75972.1
1779481800,75972.09,75972.09,75826,75933.5
1779482700,75933.5,76080.95,75895.84,75984.47
1779483600,75984.47,76027.8,75951.6,75995.96
1779484500,75995.96,76038.35,75974.75,76031.97
1779485400,76031.97,76087.85,75926.2,75991.93
1779486300,75991.99,76068.39,75976.29,75978.83
1779487200,75978.83,75978.84,75844.73,75915.39
1779488100,75915.39,75915.4,75757.88,75799.42
1779489000,75799.42,75873.54,75558.28,75654.62
1779489900,75654.62,75757.61,75632.49,75737.52
1779490800,75737.53,75881.18,75737.53,75855.76
1779491700,75855.76,75862.34,75681.93,75681.93
1779492600,75681.93,75809.89,75662.89,75796.09
1779493500,75796.09,75796.09,75359.18,75539.5
1779494400,75539.5,75635.59,75421.01,75462.86
1779495300,75462.86,75519.57,75408.26,75486.11
1779496200,75486.12,75494.84,75220,75283.02
1779497100,75283.02,75419.87,75283.01,75352.64
1779498000,75352.64,75500,75352.63,75408.88
1779498900,75408.88,75491.06,75368.34,75468
1779499800,75468,75500,75409.48,75463.15
1779500700,75463.15,75500,75350,75489.84
1779501600,75489.83,75542.23,75417.56,75471.48
1779502500,75471.48,75541.94,75462.89,75473.06
1779503400,75473.06,75520,75464.47,75494.95
1779504300,75494.95,75581.27,75494.94,75572.07
1779505200,75572.07,75611.83,75563.33,75611.82
1779506100,75611.83,75623.93,75584.48,75599
1779507000,75599.01,75664.62,75595.15,75662.12
1779507900,75662.12,75662.13,75633.14,75635.22
1779508800,75635.22,75646.79,75629,75640
1779509700,75640,75640,75557.75,75588
1779510600,75587.99,75650.63,75518,75518.01
1779511500,75518,75543.33,75507.01,75539.77
1779512400,75539.77,75562.4,75518,75523.81
1779513300,75523.81,75552.4,75478.43,75488.61
1779514200,75488.6,75519.78,75470.97,75519.78
1779515100,75519.78,75526.48,75469.89,75482.68
1779516000,75482.68,75501.09,75472.06,75472.98
1779516900,75472.99,75495.1,75450.01,75458.4
1779517800,75458.41,75491.31,75419.72,75452.45
1779518700,75452.44,75452.45,75394.54,75398.33
1779519600,75398.33,75443.44,75266.74,75363.4
1779520500,75363.4,75363.4,75222.22,75292.79
1779521400,75292.78,75348.17,75158.44,75292.6
1779522300,75292.6,75292.61,74289.6,74609.36
1779523200,74609.37,74712.78,74501.77,74658.4
1779524100,74658.39,74746.67,74600.76,74608.87
1779525000,74608.88,74618.5,74303.56,74451.64
1779525900,74451.63,74687.25,74417.88,74684.3
1779526800,74684.29,74688.23,74624.5,74662.02
1779527700,74662.01,74692,74662.01,74687.73
1779528600,74687.73,74749.99,74661.44,74740.26
1779529500,74740.26,74752.45,74656.9,74656.91
1779530400,74656.91,74754.12,74656.91,74744.32
1779531300,74745.18,74754,74718.65,74745.76
1779532200,74745.77,74797.01,74725.25,74766.83
1779533100,74766.84,74786.76,74704.79,74705
1779534000,74705,74812.85,74704.99,74779.99
1779534900,74780,74873.55,74780,74853.96
1779535800,74853.95,74853.96,74779.99,74780
1779536700,74780,74832.49,74779.99,74789.99
1779537600,74789.99,74798.41,74697.66,74722.56
1779538500,74722.56,74755.2,74660.05,74736.9
1779539400,74736.9,74780.01,74732.53,74737.07
1779540300,74737.08,74753.94,74720.54,74753.93
1779541200,74753.94,75000,74753.93,74929.99
1779542100,74929.98,75048.78,74929.98,74988.01
1779543000,74988.01,75039.65,74885.42,74939.45
1779543900,74939.45,75262.86,74939.45,75213.9
1779544800,75213.9,75246.25,75108.15,75190
1779545700,75190,75350,75189.99,75323.05
1779546600,75323.06,75479.36,75291.46,75467.23
1779547500,75467.23,75726.3,75400.36,75537.72
1779548400,75537.73,75654.02,75487.19,75649.55
1779549300,75649.54,75676,75519.89,75544.74
1779550200,75544.74,75544.74,75405.4,75503.43
1779551100,75503.42,75545.29,75479.05,75520
1779552000,75519.99,75638.62,75519.99,75535.04
1779552900,75535.04,75554.43,75415.17,75475.39
1779553800,75475.4,75565.4,75471.52,75500
1779554700,75500.01,75539.99,75419.7,75444.7
1779555600,75444.71,75520,75427.99,75454.67
1779556500,75454.67,75502.99,75422.65,75474.8
1779557400,75474.8,75511.26,75413.73,75427.66
1779558300,75427.65,75522,75371.72,75488.18
1779559200,75488.17,75827.62,75472.04,75700.09
1779560100,75700.09,75935,75660,75835.15
1779561000,75835.15,75986.24,75818.66,75896.16
1779561900,75896.17,75905.86,75761.33,75845.82
1779562800,75845.82,75874.87,75780.9,75795.35
1779563700,75795.36,76000,75795.36,75956.04
1779564600,75956.04,75977.25,75881.38,75933.73
1779565500,75933.73,76012.22,75899.71,75983.45
1779566400,75983.45,76177.46,75953.94,76085.84
1779567300,76085.84,76192.23,76000,76000.01
1779568200,76000.01,76940,75968.75,76830.63
1779569100,76831.11,77300,76700.44,77287.58
1779570000,77286.08,77404.18,76894.82,76978.82
1779570900,76978.81,77100,76752.12,76752.13
1779571800,76752.12,76920,76538.04,76700
1779572700,76699.99,76820,76576.46,76804.99
1779573600,76805,76885,76654.91,76654.91
1779574500,76654.92,76700,76538.4,76545.28
1779575400,76545.28,76599.43,76396.06,76550
1779576300,76550,76619.15,76499.05,76584.45
1779577200,76584.45,76784,76538.36,76679.63
1779578100,76679.63,76754.66,76584.45,76639.33
1779579000,76639.33,76768.64,76639.32,76708
1779579900,76708.01,76822,76685.64,76752.01
1779580800,76752,76794.88,76656,76691.47
1779581700,76691.48,76732.78,76629.02,76689.22
1779582600,76689.22,76822,76689.21,76748.25
1779583500,76748.24,76930.65,76737.46,76835.16
1779584400,76835.16,76882,76754.53,76790.4
1779585300,76790.4,76920,76786.72,76905.01
1779586200,76905,76921.45,76814.52,76829.46
1779587100,76829.47,76899.85,76804,76890.04
1779588000,76890.04,76924.41,76850,76914.97
1779588900,76914.97,76968.04,76704.32,76752.82
1779589800,76752.83,76852.04,76752.82,76825.78
1779590700,76825.79,76850,76821.6,76830
1779591600,76830.01,77011.62,76804.22,76924.99
1779592500,76925,76925,76868.82,76909.34
1779593400,76909.34,76909.34,76738.5,76757.39
1779594300,76757.4,76804,76750,76750
1779595200,76750.01,76858.26,76750.01,76842.44
1779596100,76842.45,76844.69,76763.51,76765.39
1779597000,76765.4,76777.56,76730,76777.44
1779597900,76777.44,76818.19,76740.7,76786.5
1779598800,76786.5,76786.5,76730,76742.5
1779599700,76742.5,76742.5,76676.88,76705.91
1779600600,76705.9,76725.99,76651.59,76651.6
1779601500,76651.6,76861.78,76651.59,76822.23
1779602400,76822.23,76861.78,76812.79,76851.55
1779603300,76851.56,76851.56,76716.02,76743
1779604200,76743.01,76816.63,76734.22,76816.63
1779605100,76816.63,77065.94,76795.52,76987.58
1779606000,76987.58,77014.24,76900,76902.68
1779606900,76902.68,76908,76870,76898.79
1779607800,76898.79,76917.2,76843.1,76889.27
1779608700,76889.26,76889.27,76786.2,76799.99
1779609600,76799.99,76824.39,76734.42,76741.31
1779610500,76741.32,76847.24,76741.31,76818.66
1779611400,76818.66,76861.77,76788.73,76807.56
1779612300,76807.56,76830.69,76794.74,76830.69
1779613200,76830.69,76908,76821.86,76899.57
1779614100,76899.57,76989.08,76892.02,76956.07
1779615000,76956.07,77046.67,76909.05,76987.2
1779615900,76987.19,77033.54,76970.93,77020.53
1779616800,77020.54,77028.28,76927.04,76946.22
1779617700,76946.21,77543.15,76946.21,77240
1779618600,77239.99,77240,77085.66,77194.69
1779619500,77194.69,77200.29,77129.88,77190.74
1779620400,77190.73,77356.62,77190.73,77300
1779621300,77300,77352.61,77257.82,77286.48
1779622200,77286.48,77323.05,77220,77248.28
1779623100,77248.28,77321.22,77231.76,77320.06
1779624000,77320.06,77325.72,77166.2,77215.99
1779624900,77215.99,77216,77054,77083.84
1779625800,77083.84,77127.09,77044.73,77127.09
1779626700,77127.09,77127.55,77089.83,77118.73
1779627600,77118.72,77127.54,77013.59,77047.68
1779628500,77047.69,77121.66,76956.61,76959.48
1779629400,76959.49,77018.24,76849.03,76980.1
1779630300,76980.11,77000.84,76688.89,76802.23
1779631200,76802.23,76840.01,76444.01,76515.11
1779632100,76515.11,76570,76195.36,76419.22
1779633000,76419.22,76539.51,76408.32,76458.71
1779633900,76458.72,76520.01,76388,76465.16
1779634800,76465.15,76539.38,76427.31,76509.2
1779635700,76509.2,76538.85,76417.92,76448.15
1779636600,76448.15,76507.15,76430,76451.78
1779637500,76451.79,76474,76362.78,76371.59
1779638400,76371.59,76693.32,76371.59,76605.77
1779639300,76605.77,76734.3,76560,76595.99
1779640200,76596,76596,76439.58,76518.64
1779641100,76518.64,76700,76518.63,76671.7
1779642000,76671.69,76733.73,76619.86,76639.2
1779642900,76639.19,76666.13,76566.15,76615.25
1779643800,76615.25,76723.55,76595.3,76698.07
1779644700,76698.08,76799.99,76681.5,76693.34
1779645600,76693.34,76769.34,76630.75,76737.46
1779646500,76737.46,76788.01,76676.88,76680.47
1779647400,76680.48,76708.01,76609.99,76639.91
1779648300,76639.91,76676.89,76596,76665.73
1779649200,76665.72,76742.49,76638.46,76638.46
1779650100,76638.45,76745.42,76611.17,76660.73
1779651000,76660.74,76735.44,76644.48,76710
1779651900,76710,76783.51,76709.99,76773.34
1779652800,76773.33,76796.18,76659.74,76688.94
1779653700,76688.95,76714.41,76596.37,76684.25
1779654600,76684.25,76723.92,76652.99,76695.09
1779655500,76695.08,76726.01,76625.12,76668.4
1779656400,76668.41,76748.12,76655.39,76723.46
1779657300,76723.46,76738.77,76477.24,76534.65
1779658200,76534.66,76578.42,76126.71,76147.39
1779659100,76147.4,76278.33,76108,76151.14
1779660000,76151.14,77012.01,76132,76984.71
1779660900,76984.7,76984.7,76811.11,76847.83
1779661800,76847.84,76968.04,76676.92,76782.63
1779662700,76782.63,76995.87,76782.62,76803.99
1779663600,76803.99,76966.22,76803.99,76959.55
1779664500,76959.55,77017.03,76819.2,76861.13
1779665400,76861.13,77225.97,76853.26,77200.28
1779666300,77200.27,77200.28,77056.44,77064.96
1779667200,77064.96,77204,77064.95,77189.88
1779668100,77189.89,77256.51,77125.76,77214.07
1779669000,77214.07,77258.59,77124.7,77124.7
1779669900,77124.71,77288,77094,77153.01
1779670800,77153.01,77199.33,77021.08,77179.41
1779671700,77179.41,77245.67,77142.94,77175.86
1779672600,77175.85,77219.96,77101.19,77126.66
1779673500,77126.66,77189.29,76914.25,76945.27
1779674400,76945.28,77485,76945.28,77403.24
1779675300,77403.23,77403.24,77036,77141.28
1779676200,77141.29,77175.79,77064.51,77164.23
1779677100,77164.23,77175.79,77083.61,77108.77
1779678000,77108.77,77169.88,77066.3,77093.75
1779678900,77093.75,77150,77067.24,77083.7
1779679800,77083.7,77122.45,77024.57,77078.67
1779680700,77078.67,77078.68,77002.3,77026.67
1779681600,77026.68,77074.09,77004,77034.38
1779682500,77034.38,77175.44,76990.78,77175.44
1779683400,77175.43,77244,77134.74,77244
1779684300,77243.99,77450,77241.64,77391.07
1779685200,77391.07,77450,77324,77421.27
1779686100,77421.26,77473.62,77361.33,77393.63
1779687000,77393.63,77498,77391.36,77462.34
1779687900,77462.33,77462.34,77388.66,77407
1779688800,77406.99,77650,77324,77332
1779689700,77332.01,77352.56,77222.22,77277.15
1779690600,77277.15,77428,77277.14,77413.03
1779691500,77413.04,77520,77400.34,77419.87
1779692400,77419.87,77520,77306.08,77327.07
1779693300,77327.07,77354.97,77184.62,77212.84
1779694200,77212.84,77335.97,77198.29,77317.71
1779695100,77317.71,77401.12,77300,77401.12
1779696000,77401.11,77416.45,77280.32,77293.45
1779696900,77293.44,77366.31,77293.44,77314.01
1779697800,77314,77390,77314,77347.4
1779698700,77347.41,77469.64,77326.07,77456.94
1779699600,77456.94,77498.77,77431.64,77460
1779700500,77459.94,77539.6,77425.17,77520
1779701400,77520.01,77699.97,77516,77584.78
1779702300,77584.79,77671.2,77563.15,77604.56
1779703200,77604.56,77631.58,77563.15,77631.58
1779704100,77631.58,77681.37,77520.67,77535.42
1779705000,77535.41,77585.37,77516.76,77516.76
1779705900,77516.76,77561.72,77490.37,77545.65
1779706800,77545.65,77545.65,77416.44,77444
1779707700,77444.01,77444.01,77412.86,77416.44
1779708600,77416.45,77516.16,77416.44,77467.49
1779709500,77467.49,77497.74,77333.33,77357.5
1779710400,77357.5,77371.91,77286.5,77365.33
1779711300,77365.33,77420.86,77324.21,77394.75
1779712200,77394.75,77420.86,77354.32,77358.46
1779713100,77358.46,77440.46,77299.53,77367.98
1779714000,77367.98,77450,77318.73,77323.81
1779714900,77323.81,77369.15,77286.5,77334.01
1779715800,77334.01,77364.2,77298,77356.31
1779716700,77356.32,77359.99,77310.07,77341.05
1779717600,77341.05,77524.01,77304.84,77478.86
1779718500,77478.87,77620,77475.22,77619.97
1779719400,77619.97,77619.97,77545.1,77577.32
1779720300,77577.31,77773.69,77577.31,77714
1779721200,77713.99,77905.52,77687.3,77711.99
1779722100,77712,77750.35,77598.26,77603
1779723000,77603,77683.11,77577.32,77655.5
1779723900,77655.5,77655.5,77557,77628.82
1779724800,77628.82,77636,77512,77512.01
1779725700,77512.01,77622.75,77508.88,77590
1779726600,77590.01,77683.61,77580.15,77683.61
1779727500,77683.6,77807.29,77670.2,77735.69
1779728400,77735.69,77804.48,77682.94,77686.58
1779729300,77686.58,77686.59,77584.65,77649.28
1779730200,77649.27,77649.28,77570,77582.63
1779731100,77582.64,77587.76,77550.39,77564.01
1779732000,77564,77658.01,77543.38,77640.32
1779732900,77640.32,77654.01,77598.3,77638.01
1779733800,77638.01,77640.01,77584.96,77618.57
1779734700,77618.57,77628.07,77543.38,77543.39
1779735600,77543.39,77543.39,77426.5,77493.5
1779736500,77493.5,77514.72,77448.54,77514.72
1779737400,77514.72,77521.61,77343.61,77405.28
1779738300,77405.28,77461.08,77396.14,77441.86
1779739200,77441.85,77472.14,77414.06,77440
1779740100,77440,77500,77435,77440.02
1779741000,77440.02,77466,77220,77263.87
1779741900,77263.87,77346.67,77253.33,77273.06
1779742800,77273.06,77363.81,77273.05,77362.01
1779743700,77362.01,77362.01,77282.2,77353.59
1779744600,77353.59,77371.42,77277.46,77297.99
1779745500,77297.99,77396.08,77290.22,77367.03
1779746400,77367.03,77449.94,77280,77408.1
1779747300,77408.1,77431.31,77274.41,77297.07
1779748200,77297.06,77297.06,77019.82,77186.24
1779749100,77186.25,77242.73,77116.21,77116.21
1779750000,77116.21,77286,77072.36,77286
1779750900,77286,77320,77258.71,77280.05
1779751800,77280.06,77360,77264,77340.01
1779752700,77340,77367.44,77292.05,77322.01
1779753600,77322.01,77345,77214,77231.99
1779754500,77231.99,77244.41,77088,77119.99
1779755400,77120,77195.25,76832.53,76870
1779756300,76870,76930.01,76575.49,76792.71
1779757200,76792.24,76878.43,76615.97,76835.07
1779758100,76835.06,76888.01,76737.08,76799.49
1779759000,76799.5,76799.5,76590.9,76666
1779759900,76666,76791.5,76662,76756.98
1779760800,76756.98,76810,76630.33,76750
1779761700,76749.99,76775.04,76662.99,76666.45
1779762600,76666.45,76736.53,76596,76596.02
1779763500,76596.01,76676.89,76512.98,76660
1779764400,76660,76660,76565.72,76565.73
1779765300,76565.73,76606.01,76475.59,76585.34
1779766200,76585.34,76705.71,76562.25,76655.57
1779767100,76655.58,76676.89,76636.83,76664.01
1779768000,76664,76700,76627.95,76661.42
1779768900,76661.42,76756.24,76606.79,76741.99
1779769800,76741.99,76786.01,76738.65,76768.94
1779770700,76768.93,76817.28,76749.08,76749.5
1779771600,76749.51,76836,76704.8,76802.36
1779772500,76802.36,76895.69,76802.35,76864.42
1779773400,76864.43,76989.23,76860,76918.25
1779774300,76918.25,76930.01,76853.21,76930.01
1779775200,76930,76930,76832.11,76877.99
1779776100,76878,76911.18,76775,76844.23
1779777000,76844.24,77059.74,76834.55,76980.01
1779777900,76980.01,76980.01,76908,76908.01
1779778800,76908,76924.55,76667.5,76680.07
1779779700,76680.07,76712.79,76603.73,76700.01
1779780600,76700.01,76700.01,76620.78,76654.56
1779781500,76654.57,76770.01,76654.57,76730.84
1779782400,76730.84,76816.01,76693.21,76794.11
1779783300,76794.11,76816.27,76726.38,76807.73
1779784200,76807.72,76852.01,76757.99,76830.02
1779785100,76830.02,76832.85,76723.12,76726.37
1779786000,76726.37,76745.97,76667.1,76690.42
1779786900,76690.43,76804,76649.79,76737.44
1779787800,76737.44,76792.78,76665.45,76691.56
1779788700,76691.55,76699.85,76650.19,76672.19
1779789600,76672.2,76720,76586.94,76713.35
1779790500,76713.35,77268.57,76713.35,77229.75
1779791400,77229.74,77569.19,77172,77505.21
1779792300,77505.21,77621.75,77412.22,77430
1779793200,77430,77516.93,77260,77267.73
1779794100,77267.74,77359.5,77222.34,77238.01
1779795000,77238.01,77319.53,77174.94,77231.39
1779795900,77231.39,77279.06,77183.55,77183.55
1779796800,77183.56,77232.52,76877.94,77053.55
1779797700,77053.56,77100.76,76960.01,77016.74
1779798600,77016.73,77107.55,76974,77098.59
1779799500,77098.6,77143.23,77066.46,77132.5
1779800400,77132.51,77151.75,77054.12,77086.73
1779801300,77086.74,77091.21,76794.7,76798.04
1779802200,76798.05,76995.12,76691.88,76906.01
1779803100,76906.01,77464.01,76906.01,77231.56
1779804000,77231.56,77411.67,77144.91,77411.67
1779804900,77411.67,78080,77364.25,77958.4
1779805800,77958.4,77996.09,76770,76820
1779806700,76820.01,77193.53,76724.63,76908.01
1779807600,76908.01,77012,76690,76969.64
1779808500,76969.64,76977.85,76559.9,76644
1779809400,76644.01,76693.86,76357.14,76527
1779810300,76527,76551.38,76272.63,76518.1
1779811200,76518.1,76533.69,76209.58,76350
1779812100,76350,76572.01,76312.33,76545.63
1779813000,76545.63,76710.01,76500.01,76551.47
1779813900,76551.46,76599.2,76412.02,76558
1779814800,76558,76649.91,76472.58,76481.18
1779815700,76481.18,76481.18,76057.1,76069.82
1779816600,76069.83,76069.83,75850,76029.77
1779817500,76029.78,76146.52,75929.11,75935.08
1779818400,75935.09,76029.78,75863.78,76018
1779819300,76018.01,76273.66,76010.65,76100.75
1779820200,76100.75,76142.5,75894.15,75918.62
1779821100,75918.63,76005.14,75779.3,75840.55
1779822000,75840.55,75937.34,75836,75860.57
1779822900,75860.56,75931.68,75805.23,75916.68
1779823800,75916.68,76058.01,75884,76027.01
1779824700,76027,76104.49,75994.17,76052
1779825600,76052,76122.23,76038.56,76115.49
1779826500,76115.49,76168.63,76017.46,76161.5
1779827400,76161.49,76180,75982.64,76075.66
1779828300,76075.67,76128.34,76074.05,76106.86
1779829200,76106.86,76117.31,75850,75896.01
1779830100,75896.01,76057.34,75888.85,76048.64
1779831000,76048.64,76079.08,75985.1,76001.96
1779831900,76001.97,76044.01,75866.67,75890
1779832800,75890,75998.94,75720.45,75792.05
1779833700,75792.06,75841.23,75752.44,75799.96
1779834600,75799.96,75868.51,75770.87,75804.22
1779835500,75804.21,75804.22,75677.97,75749.02
1779836400,75749.02,75937.34,75749.02,75891.96
1779837300,75891.96,75945.02,75874,75905.99
1779838200,75906,75986.45,75894.26,75952.01
1779839100,75952.01,75964,75905,75930.01
1779840000,75930.01,76018.66,75919.99,75981.36
1779840900,75981.35,75981.36,75872.71,75935.26
1779841800,75935.27,76044.51,75903.47,75970.75
1779842700,75970.75,76089.7,75949.92,76085.01
1779843600,76085,76104.02,76000,76076.82
1779844500,76076.82,76076.82,75824,75880.49
1779845400,75880.5,75932.41,75835.99,75863
1779846300,75863,75985.1,75853.59,75877.44
1779847200,75877.44,75890.59,75764,75811.94
1779848100,75811.94,75830.78,75682.99,75769.82
1779849000,75769.82,75836.01,75705.14,75744.9
1779849900,75744.9,75879.31,75737.37,75879
1779850800,75879.01,75966.91,75840.26,75890.27
1779851700,75890.27,75890.27,75809.88,75844.88
1779852600,75844.89,75863.96,75737.36,75764
1779853500,75764,75773.9,75607.62,75683
1779854400,75683,75706.77,75630,75630.01
1779855300,75630.01,75630.01,75506,75509.15
1779856200,75509.15,75518,75310.9,75351.96
1779857100,75351.96,75603.51,75351.96,75579.01
1779858000,75579.01,75640.65,75579,75630
1779858900,75629.99,75713.63,75591.94,75655
1779859800,75655,75723.21,75586,75635.49
1779860700,75635.5,75739.36,75630.01,75697.99
1779861600,75697.99,75811.81,75697.99,75751.28
1779862500,75751.27,75751.27,75690.01,75744.56
1779863400,75744.56,75826.67,75709.39,75826.66
1779864300,75826.67,75900,75818,75838.65
1779865200,75838.65,75890.01,75771.3,75795.44
1779866100,75795.44,75872.12,75764,75863.83
1779867000,75863.84,75973.07,75858.23,75886.01
1779867900,75886.01,75980,75886,75977.17
1779868800,75977.16,76008.9,75900,75919
1779869700,75919,76071.41,75896.78,76048.53
1779870600,76048.53,76048.53,75956.89,75966
1779871500,75966,75986.01,75843.02,75873.24
1779872400,75873.25,75876.01,75739.17,75753.77
1779873300,75753.78,75849.27,75710.76,75814.47
1779874200,75814.48,75978.01,75811,75934.08
1779875100,75934.09,75940.91,75870.65,75912.6
1779876000,75912.61,75959.36,75883.36,75959.36
1779876900,75959.35,76043.94,75948.05,76000.01
1779877800,76000,76018.74,75880,75915.87
1779878700,75915.86,75952.24,75892.13,75909.82
1779879600,75909.82,76000,75885.71,75959.97
1779880500,75959.97,76029.24,75916.1,75916.11
1779881400,75916.11,75916.11,75800,75834.84
1779882300,75834.85,75834.85,75754.1,75769.18
1779883200,75769.18,75777.17,75602.66,75626.3
1779884100,75626.31,76174.15,75575.75,75942.94
1779885000,75942.93,75992.12,75826.48,75921.59
1779885900,75921.6,75921.6,75688,75688
1779886800,75688.01,75760,75397,75440.56
1779887700,75440.56,75485.02,75200,75200.01
1779888600,75200.01,75320.05,74868.99,74928.5
1779889500,74928.51,75102.18,74866.18,75073.4
1779890400,75073.4,75274.11,74950.64,75002.57
1779891300,75002.58,75172.87,74758.33,74875.96
1779892200,74875.96,75134.24,74781.64,75064
1779893100,75064,75155.32,75000.01,75031.92
1779894000,75031.92,75159.09,74983.77,75130
1779894900,75130.01,75399.88,75108.42,75352.89
1779895800,75352.89,75502.29,75166.54,75202.01
1779896700,75202.01,75429.26,75193.76,75326.01
1779897600,75326.02,75408.01,75200.56,75290.2
1779898500,75290.2,75304.01,75050,75098.01
1779899400,75098,75169.03,75000,75151.26
1779900300,75151.26,75324.78,75123.01,75304.01
1779901200,75304.01,75344.01,74960.72,74968.25
1779902100,74968.26,75083.49,74880,74997.29
1779903000,74997.3,75036.78,74857.19,74908
1779903900,74908,74975.81,74685.58,74860.42
1779904800,74860.42,74938.01,74663.45,74738.01
1779905700,74738,74926.86,74708.48,74903.5
1779906600,74903.49,74999,74886.51,74985.79
1779907500,74985.78,75032.01,74958,75026.67
1779908400,75026.67,75064.01,74972.4,75048.61
1779909300,75048.6,75085.6,74982.08,75039.88
1779910200,75039.89,75105.17,74953.41,75012.27
1779911100,75012.27,75074.61,74952.36,75066.08
1779912000,75066.09,75312.71,75056.25,75309.33
1779912900,75309.32,75415.81,75273.96,75282
1779913800,75282.01,75294.63,75214,75252
1779914700,75252.01,75290.23,75241.97,75274.58
1779915600,75274.58,75274.58,75148.67,75167.16
1779916500,75167.16,75204.6,75100,75100.01
1779917400,75100.01,75100.01,74428,74628
1779918300,74628.01,74628.01,74341.76,74473.01
1779919200,74473.01,74775.5,74319.9,74402.67
1779920100,74402.67,74644.83,74260.91,74606
1779921000,74606,74664.97,74491.55,74633.6
1779921900,74632.02,74650.01,74418.12,74418.13
1779922800,74418.12,74473.09,74361.2,74455.14
1779923700,74455.15,74572,74243.99,74297.14
1779924600,74297.14,74400.01,74262.64,74377.66
1779925500,74377.66,74491.52,74312.95,74449.3
1779926400,74449.31,74580,74423.95,74431.7
1779927300,74431.7,74570.99,74366.89,74477.18
1779928200,74477.18,74573.77,74470.75,74573.76
1779929100,74573.76,74577.57,74454,74570.66
1779930000,74570.67,74590.77,74451.59,74480.95
1779930900,74480.95,74536.24,74156,74286.46
1779931800,74286.46,74408.52,74172,74271.67
1779932700,74271.67,74377.66,74255.26,74344.08
1779933600,74344.07,74400,74239.45,74365.28
1779934500,74365.29,74390.01,74182,74214.6
1779935400,74214.6,74298.78,74127.57,74264.74
1779936300,74264.74,74365.7,74242.34,74287.42
1779937200,74287.43,74380.39,74140.47,74212
1779938100,74212.01,74242.34,73500,73746.57
1779939000,73746.58,73786.37,73360.36,73430.01
1779939900,73430,73560,73060.59,73258.01
1779940800,73258,73260.01,72728.85,73082.08
1779941700,73082.07,73126.59,72813.67,73004.4
1779942600,73004.4,73201.4,72954.66,73180.01
1779943500,73180.01,73196.81,73096,73181.95
1779944400,73181.95,73181.95,72995.79,73024.46
1779945300,73024.46,73039.87,72926.74,72958.01
1779946200,72958.01,73079.73,72926.18,73031.2
1779947100,73031.2,73077.55,72908.67,72990.87
1779948000,72990.87,73035.62,72961.22,73010.01
1779948900,73010.01,73030.71,72879.4,72940.09
1779949800,72940.09,72946.41,72761.11,72912.81
1779950700,72912.81,73213.11,72912.8,73202.7
1779951600,73202.71,73234.61,73158,73213.29
1779952500,73213.3,73329.1,73213.3,73259.03
1779953400,73259.03,73512.14,73259.03,73502
1779954300,73502.01,73502.01,73385,73498
1779955200,73498,73500,73340.85,73448.97
1779956100,73448.97,73448.98,73228.89,73263.27
1779957000,73263.27,73313.15,73193.13,73292.92
1779957900,73292.92,73376.84,73290.42,73325.88
1779958800,73325.88,73398.64,73261.6,73311.19
1779959700,73311.18,73418.76,73306.56,73404.3
1779960600,73404.3,73495.74,73365.57,73491.3
1779961500,73491.31,73560,73491.31,73541.24
1779962400,73541.25,73616,73500,73579.66
1779963300,73579.65,73579.66,73349.91,73429.73
1779964200,73429.73,73513.95,73404.34,73510.19
1779965100,73510.2,73599.44,73374.06,73400.01
1779966000,73400.01,73460.92,73347.05,73440.96
1779966900,73440.97,73462.67,73339.11,73354.86
1779967800,73354.85,73478.75,73319.36,73478.74
1779968700,73478.75,73532.01,73434.92,73505.66
1779969600,73505.65,73520.26,73407.34,73408
1779970500,73408,73416.01,73245.56,73378.41
1779971400,73378.41,73543.67,73354.03,73487.27
1779972300,73487.27,73580.75,73485.46,73518.01
1779973200,73518.01,73574.6,73336.05,73338.35
1779974100,73338.35,73338.35,73000,73160.52
1779975000,73160.53,73167.16,72771.64,72785.2
1779975900,72785.2,73083.53,72785.19,73022.02
1779976800,73022.01,73329.35,72582.82,73314.62
1779977700,73314.35,73573.21,72885.6,72965.07
1779978600,72965.08,73061.71,72794.15,72855.8
1779979500,72855.79,73047.63,72699.22,73033.06
1779980400,73033.06,73180.01,72861.92,72861.93
1779981300,72861.93,72973.49,72700,72968.35
1779982200,72968.36,73013.39,72838.72,73013.39
1779983100,73013.38,73062.32,72890.38,72928.73
1779984000,72928.73,73160.55,72741.4,73109.55
1779984900,73109.55,73307.47,73053.42,73150.02
1779985800,73150.02,73357.73,73150.01,73357.72
1779986700,73357.72,73440.67,73273.32,73440.67
1779987600,73440.66,73500,73325,73485.81
1779988500,73485.81,73486.5,73316.31,73364
1779989400,73364.01,73535.81,73340.65,73470.91
1779990300,73470.91,73734.72,73470.9,73554.82
1779991200,73554.81,73738.8,73514.57,73638.76
1779992100,73638.75,73749.69,73588.87,73588.87
1779993000,73588.88,73684.9,73580.77,73602
1779993900,73602,73736.11,73582.54,73652.88
1779994800,73652.87,73652.88,73457.62,73482.25
1779995700,73482.25,73560,73429.49,73559.99
1779996600,73560,73593.26,73423.12,73434.69
1779997500,73434.68,73525.32,73381.81,73419.32
1779998400,73419.31,73541.72,73241.48,73443.82
1779999300,73443.81,73668.61,73440,73647.4
1780000200,73647.39,73721.45,73618.38,73702
1780001100,73702,73702,73572,73579.99
1780002000,73580,73716.95,73560.45,73694.32
1780002900,73694.31,73749.69,73670.75,73693.61
1780003800,73693.61,73926.22,73686.05,73908
1780004700,73907.99,73907.99,73801.44,73817.31
1780005600,73817.31,73949.22,73694.31,73711.99
1780006500,73711.99,73718.8,73604.33,73614.01
1780007400,73614,73614,73492,73500.73
1780008300,73500.73,73592.16,73448.55,73464.8
1780009200,73464.8,73597.06,73464.79,73597.05
1780010100,73597.06,73694.61,73566.55,73684.18
1780011000,73684.18,73714.9,73544.99,73599.18
1780011900,73599.18,73645.84,73534.99,73617.51
1780012800,73617.52,73788.22,73617.51,73745.47
1780013700,73745.48,73854.77,73681.84,73778
1780014600,73778.01,73851.96,73754.3,73849.45
1780015500,73849.45,73849.45,73679.26,73716.37
1780016400,73716.37,73868.33,73716.36,73778.98
1780017300,73778.99,73800,73578.11,73591.64
1780018200,73591.64,73591.64,73486.49,73526.01
1780019100,73526.01,73626.77,73463.52,73586.83
1780020000,73586.83,73640,73554.62,73623.19
1780020900,73623.19,73646.68,73370.24,73388.22
1780021800,73388.22,73482.02,73314.67,73340.09
1780022700,73340.1,73399.08,73189.11,73225.06
1780023600,73225.07,73456.63,73225.07,73446.97
1780024500,73446.97,73446.97,73385.32,73394.25
1780025400,73394.25,73445.44,73317.81,73365.51
1780026300,73365.52,73367.02,73261.02,73301.52
1780027200,73301.53,73376.09,73210.21,73227.75
1780028100,73227.75,73380.01,73227.75,73373.85
1780029000,73373.85,73440.67,73354.2,73418.01
1780029900,73418.01,73508.97,73403.56,73507.69
1780030800,73507.68,73638.45,73503.32,73597.35
1780031700,73597.36,73620.01,73532.47,73582.92
1780032600,73582.93,73582.93,73500,73512
1780033500,73511.99,73719.39,73511.99,73706
1780034400,73706,73709.15,73641.05,73700
1780035300,73700.01,73939.19,73700,73772.03
1780036200,73772.04,73772.04,73669.8,73702.55
1780037100,73702.55,73810,73702.54,73786.32
1780038000,73786.32,73816.02,73755,73816
1780038900,73816,73830.01,73750.11,73770.33
1780039800,73770.32,73770.33,73392.68,73407.79
1780040700,73407.78,73535.79,73373.37,73528.56
1780041600,73528.55,73724.01,73524,73718
1780042500,73717.99,73835.58,73700,73787.98
1780043400,73787.98,73829.23,73722.98,73818.37
1780044300,73818.37,73818.38,73635.6,73653.4
1780045200,73653.4,73877.17,73649.58,73816.7
1780046100,73816.7,73902.85,73814,73887.03
1780047000,73887.03,73887.12,73817.04,73831.75
1780047900,73831.74,73831.75,73719.05,73744.96
1780048800,73744.96,73744.96,73676.89,73703.86
1780049700,73703.87,73703.87,73619.99,73624.03
1780050600,73624.03,73749.53,73588.13,73618.21
1780051500,73618.21,73697.06,73600,73634.64
1780052400,73634.64,73688,73600,73652.81
1780053300,73652.82,73700.41,73565.01,73571.64
1780054200,73571.64,73592.65,73486.49,73491.64
1780055100,73491.63,73526.21,73341.85,73487.98
1780056000,73487.98,73487.98,73344.58,73367.24
1780056900,73367.24,73413.33,73313,73326.8
1780057800,73326.81,73339.77,73230.51,73277.32
1780058700,73277.32,73374,73202,73295.73
1780059600,73295.73,73295.73,73084.32,73125.27
1780060500,73125.27,73140,72976.21,73069.76
1780061400,73069.76,73306.71,72900.46,73261.99
1780062300,73262,73346.04,73062.08,73135.7
1780063200,73135.7,73198.17,72895.36,73013.79
1780064100,73013.79,73070,72512.49,72722.64
1780065000,72722.64,72886,72573.1,72648.68
1780065900,72648.68,73190.48,72613,73096.85
1780066800,73096.84,73756.19,73008.98,73695.75
1780067700,73695.74,73753.88,73474.1,73670
1780068600,73670.01,74200,73665.97,73825.99
1780069500,73825.99,73882,73711.18,73808.26
1780070400,73808.25,74020,73790,73953.9
1780071300,73953.91,73969.99,73565.73,73649.23
1780072200,73649.23,74095,73642.6,74065
1780073100,74064.99,74124.73,73924,74056.5
1780074000,74056.49,74410.37,73925.33,74257.7
1780074900,74257.71,74514.1,74168.25,74228.02
1780075800,74228.01,74324,74213.33,74213.79
1780076700,74213.79,74213.79,73925.33,73980.94
1780077600,73980.94,74065.29,73947.03,74038
1780078500,74038,74045.85,73742.16,73790.36
1780079400,73790.36,73856.76,73761.92,73796.4
1780080300,73796.4,73796.4,73187.25,73374.52
1780081200,73374.51,73510.95,73300,73428
1780082100,73428,73448,73239.36,73332.99
1780083000,73332.99,73727.95,73332.98,73682.93
1780083900,73682.94,73714,73517.1,73520.28
1780084800,73520.29,73681.64,73514,73657.98
1780085700,73657.97,73755.65,73596.46,73708.26
1780086600,73708.26,73760,73691.24,73701.18
1780087500,73701.18,73750,73623.42,73673.61
1780088400,73673.62,73844,73647.03,73804.15
1780089300,73804.14,73808.39,73538.86,73538.86
1780090200,73538.86,73600,73471.21,73600
1780091100,73600,73614,73408.8,73409.27
1780092000,73409.27,73490,73379.79,73403.35
1780092900,73403.36,73571.81,73403.35,73523.84
1780093800,73523.85,73551.5,73440,73466.06
1780094700,73466.05,73521.47,73406,73483.52
1780095600,73483.51,73510,73399.51,73415.19
1780096500,73415.19,73464,73320,73384.42
1780097400,73384.42,73431.75,73320.02,73431.73
1780098300,73431.72,73500,73411.54,73460.78
1780099200,73460.78,73526.69,73428.1,73491.46
1780100100,73491.47,73542.84,73467.93,73467.93
1780101000,73467.93,73518.01,73408.62,73517.54
1780101900,73517.54,73579.82,73498.8,73498.8
1780102800,73498.8,73606,73472.8,73577.94
1780103700,73577.94,73650.78,73555.74,73627.81
1780104600,73627.8,73663.08,73593.62,73598.75
1780105500,73598.76,73657.9,73590.85,73657.9
1780106400,73657.9,73708,73657.89,73673.42
1780107300,73673.43,73690.59,73613.85,73623.43
1780108200,73623.42,73727,73623.42,73708.18
1780109100,73708.18,73786.7,73699.83,73786.69
1780110000,73786.7,73796.43,73733,73765.82
1780110900,73765.82,73765.82,73649.99,73664.19
1780111800,73664.18,73664.19,73538,73538.01
1780112700,73538,73597.31,73524.01,73524.01
1780113600,73524.01,73575,73352.03,73489.99
1780114500,73490,73490.02,73300,73347.29
1780115400,73347.3,73348,73216,73310
1780116300,73310,73402.85,73291.22,73402.84
1780117200,73402.85,73628,73346.85,73501.33
1780118100,73501.32,73553.72,73501.32,73520.01
1780119000,73520,73579.26,73520,73579.25
1780119900,73579.26,73635,73579.25,73604.99
1780120800,73604.99,73622.85,73530,73536.51
1780121700,73536.5,73624,73536.5,73607.81
1780122600,73607.82,73709.91,73607.82,73660.07
1780123500,73660.07,73668.36,73560.49,73584.99
1780124400,73584.99,73588.2,73533.67,73533.68
1780125300,73533.68,73574.56,73532,73563.19
1780126200,73563.2,73576.16,73492.48,73495.91
1780127100,73495.9,73548.6,73486,73548.6
1780128000,73548.6,73567.59,73534.93,73567.59
1780128900,73567.58,73567.59,73514,73548.34
1780129800,73548.34,73559.82,73519.61,73520.91
1780130700,73520.92,73535.01,73500.02,73530.07
1780131600,73530.07,73548.72,73503.07,73546.38
1780132500,73546.39,73579.08,73536.51,73566.51
1780133400,73566.5,73578,73550,73572
1780134300,73572.01,73615.47,73565.49,73615.46
1780135200,73615.46,73660.56,73592.57,73637.4
1780136100,73637.4,73680.75,73622.07,73630.08
1780137000,73630.07,73647.64,73614.83,73641.16
1780137900,73641.16,73658.19,73616.22,73655.85
1780138800,73655.85,73655.86,73612.24,73614.56
1780139700,73614.56,73621.74,73564.62,73583
1780140600,73583,73635.19,73583,73629.69
1780141500,73629.68,73629.69,73584.27,73602.02
1780142400,73602.01,73610.59,73594.4,73605.59
1780143300,73605.59,73686.94,73605.59,73651.27
1780144200,73651.26,73717.07,73651.25,73689.31
1780145100,73689.31,73698.18,73655.05,73698.18
1780146000,73698.17,73784,73698.17,73746.4
1780146900,73746.4,73832,73715.49,73773.44
1780147800,73773.44,73773.44,73676.1,73748
1780148700,73747.99,73837.06,73740.8,73829.31
1780149600,73829.31,74011.99,73820.91,73940.01
1780150500,73940,74054.11,73884.55,74048.27
1780151400,74048.28,74100,74000,74000.01
1780152300,74000,74021.37,73916.01,73929.11
1780153200,73929.11,74042.88,73872.19,74030.01
1780154100,74030.01,74037.97,73844,73940.01
1780155000,73940,73948.53,73836.7,73875
1780155900,73875.01,73968.55,73875,73930.14
1780156800,73930.13,73979.23,73880.1,73968.03
1780157700,73968.03,73980,73900,73909.99
1780158600,73909.99,73985.84,73905.52,73957.53
1780159500,73957.54,73979.23,73910,73934.99
1780160400,73935,73948.13,73882,73907.51
1780161300,73907.52,74047.26,73907.51,73934.86
1780162200,73934.86,73955.95,73811.3,73955.94
1780163100,73955.94,74023.66,73955.94,74020.07
1780164000,74020.06,74030,74001.44,74018.26
1780164900,74018.26,74116,73945,73969.36
1780165800,73969.37,74095.74,73962.6,74095.74
1780166700,74095.73,74143.76,74005.92,74043.38
1780167600,74043.39,74043.81,74006,74040.71
1780168500,74040.71,74072,73993.76,73993.76
1780169400,73993.76,74040.02,73971.3,74017.96
1780170300,74017.97,74069.97,74016.64,74016.65
1780171200,74016.64,74016.65,73938,73961.24
1780172100,73961.25,73969.37,73957.25,73966.29
1780173000,73966.29,73979.98,73931.35,73932.9
1780173900,73932.89,73980.98,73926.68,73979.84
1780174800,73979.85,73989.5,73967,73988.2
1780175700,73988.2,74008,73983.61,73992.11
1780176600,73992.11,74054,73967,73978.2
1780177500,73978.2,74018,73929.07,73981.99
1780178400,73981.99,73982,73829.92,73890
1780179300,73890,73932.39,73860,73898
1780180200,73898,73906.47,73796.01,73805.99
1780181100,73805.99,73887.5,73805.99,73883.3
1780182000,73883.3,73995.98,73844.46,73848.74
1780182900,73848.74,73883.45,73826.34,73838
1780183800,73838,73845.66,73781.3,73798.35
1780184700,73798.35,73884.38,73798.35,73884.38
1780185600,73884.38,73932,73858.56,73880
1780186500,73879.99,74026.79,73879.99,73967.81
1780187400,73967.81,74028,73940,73953.46
1780188300,73953.47,74041.72,73924,74038.2
1780189200,74038.2,74166,74028.64,74137.99
1780190100,74137.99,74275.66,74092,74097.16
1780191000,74097.16,74218,74074.05,74074.06
1780191900,74074.06,74146.01,74058,74058.01
1780192800,74058.01,74166,74058,74166
1780193700,74166,74243.94,73970,73970.01
1780194600,73970.01,74025,73890.49,73972
1780195500,73972,74110,73944.17,74090.84
1780196400,74090.84,74170.78,74074.05,74153.99
1780197300,74153.99,74222,74119.7,74214.76
1780198200,74214.76,74226.78,74139.07,74168
1780199100,74168,74189.15,74145,74150.64
1780200000,74150.64,74162.58,74118,74118
1780200900,74118.01,74216,74109,74182.48
1780201800,74182.49,74209.89,74150,74197.92
1780202700,74197.92,74221.33,74164,74178.4
1780203600,74178.41,74207.2,74156.97,74176.63
1780204500,74176.64,74192,74134.78,74165.99
1780205400,74166,74184,74079.37,74112.22
1780206300,74112.23,74112.23,74055.16,74055.98
1780207200,74055.99,74056,73999,74000
1780208100,74000,74045.27,73985.34,74013.52
1780209000,74013.52,74109.39,74013.52,74068
1780209900,74068,74074.2,74054.87,74054.87
1780210800,74054.86,74054.87,73960,73964.33
1780211700,73964.34,73968.59,73892.37,73892.37
1780212600,73892.37,73903.82,73836,73853.46
1780213500,73853.46,73902.79,73853.46,73871.24
1780214400,73871.25,73971.31,73868.61,73906.13
1780215300,73906.14,73980,73906.13,73976.53
1780216200,73976.53,73976.53,73856,73890
1780217100,73890.01,73971.99,73850.05,73937.61
1780218000,73937.62,73937.62,73868.56,73889.99
1780218900,73889.99,73979.4,73888.72,73955.97
1780219800,73955.98,74024,73942.39,73982.57
1780220700,73982.56,74000.24,73813.44,73841.79
1780221600,73841.79,73865.66,73817.69,73855.14
1780222500,73855.14,73855.14,73699.2,73801.84
1780223400,73801.84,73840.93,73801.83,73840.92
1780224300,73840.92,73900,73804.62,73900
1780225200,73900,73942,73899.99,73907.98
1780226100,73907.98,73971.31,73901.16,73971.31
1780227000,73971.31,73971.97,73925.34,73959.29
1780227900,73959.3,73972,73905.62,73937.79
1780228800,73937.63,73980.43,73874,73917.99
1780229700,73918,73995.88,73917.99,73933.21
1780230600,73933.21,73974.89,73906,73974.89
1780231500,73974.88,73979.23,73880,73920
1780232400,73920,73957.04,73880,73948.21
1780233300,73948.21,74023.99,73936,73961.16
1780234200,73961.17,73971.68,73887.63,73896.64
1780235100,73896.64,73900.33,73807.43,73872.8
1780236000,73872.8,73872.8,73670.08,73719.41
1780236900,73719.4,73783.17,73483.05,73582.78
1780237800,73582.79,73740.23,73582.78,73615.95
1780238700,73615.95,73699.99,73588.81,73602.17
1780239600,73602.18,73682,73588.8,73677.18
1780240500,73677.18,73775.79,73658.45,73748.67
1780241400,73748.66,73754.91,73616,73638.46
1780242300,73638.47,73681.99,73625.65,73655.21
1780243200,73655.2,73730,73603.37,73617.58
1780244100,73617.58,73629.48,73518.67,73610.36
1780245000,73610.35,73610.36,73400,73493.97
1780245900,73493.97,73544.03,73442.88,73526.14
1780246800,73526.15,73556.46,73466.67,73518
1780247700,73517.99,73598.71,73517.99,73598.32
1780248600,73598.32,73724.96,73598.32,73724.96
1780249500,73724.95,73734,73685.71,73709.44
1780250400,73709.43,73713.34,73616,73654
1780251300,73654,73680,73611.74,73630.21
1780252200,73630.21,73708.8,73630.21,73642.72
1780253100,73642.71,73642.72,73585.49,73603.69
1780254000,73603.68,73649.93,73590.38,73590.39
1780254900,73590.38,73618.93,73457.09,73526
1780255800,73526,73543.82,73456.48,73520.41
1780256700,73520.41,73581.63,73511.71,73563.42
1780257600,73563.41,73700,73563.41,73692.79
1780258500,73692.79,73748,73666.67,73682.28
1780259400,73682.28,73718,73674.36,73692.84
1780260300,73692.83,73760,73692.83,73739.66
1780261200,73739.67,73754,73688,73688
1780262100,73688,73732,73626.67,73650.51
1780263000,73650.52,73748.54,73634.01,73746
1780263900,73745.99,73924,73745.99,73892.52
1780264800,73892.52,73965.21,73686,73912
1780265700,73911.99,73996,73814,73892.01
1780266600,73892,73997.56,73876,73901.27
1780267500,73901.27,73997.56,73901.27,73944.62
1780268400,73944.62,74198,73936,73936
1780269300,73936.01,73962,73794,73831.29
1780270200,73831.29,73831.3,73500,73584.64
1780271100,73584.65,73716,73568.52,73674.39
1780272000,73674.39,73879.67,73654.06,73806.15
1780272900,73806.15,73971.31,73720.94,73960
1780273800,73960,74092,73836,73946.01
1780274700,73946,74016.16,73876.17,73885
1780275600,73885.01,73916.01,73573,73573
1780276500,73573,73649.92,73573,73604
1780277400,73604.01,73652,73461.35,73498
1780278300,73498,73572,73278.02,73292.92
1780279200,73292.92,73562.29,73222,73548.46
1780280100,73548.45,73553.52,73454,73523.99
1780281000,73524,73892.52,73468.86,73782.01
1780281900,73782,73858.85,73746,73790
1780282800,73789.99,74019.58,73788.01,73882.01
1780283700,73882,73974,73800,73921.77
1780284600,73921.78,73979.23,73800,73849.99
1780285500,73850,73909.05,73735.47,73769.06
1780286400,73769.06,73841.37,73584.93,73604.91
1780287300,73604.91,73619.48,73407.86,73408.01
1780288200,73408.01,73492.5,73408,73491.99
1780289100,73491.99,73589.51,73348.74,73536.01
1780290000,73536.01,73540.1,73457.57,73540
1780290900,73540,73541.48,73350.39,73351.7
1780291800,73351.7,73426.38,73328.32,73426.37
1780292700,73426.37,73465.56,73340,73350
1780293600,73349.99,73368,73242.02,73289.99
1780294500,73289.98,73326,73144,73192.82
1780295400,73192.81,73234,73004.99,73009.81
1780296300,73009.81,73211.91,72950.01,73135.74
1780297200,73135.75,73203.85,73046.59,73117.33
1780298100,73117.33,73136.32,72954.36,72979.71
1780299000,72979.72,72996,72866,72952.4
1780299900,72952.4,72963.92,72704,72818
1780300800,72818,72862.17,72784.69,72821.33
1780301700,72821.33,72862.43,72642.85,72733.03
1780302600,72733.03,72860,72610.03,72756.73
1780303500,72756.72,72921.38,72756.72,72902.65
1780304400,72902.64,73018.14,72902.64,72973.34
1780305300,72973.34,73095.64,72939.24,73011.7
1780306200,73011.7,73048.07,72919.77,72948.38
1780307100,72948.38,73006.44,72600,72880
1780308000,72880,72900.73,72772.82,72785.46
1780308900,72785.46,72800.28,72668.73,72705.71
1780309800,72705.72,72790.25,72592.27,72704.49
1780310700,72704.48,72796.74,72704.48,72748.88
1780311600,72748.88,72763.16,72659.33,72683.25
1780312500,72683.25,72737.69,72654.24,72672
1780313400,72672.01,72741.28,72610.17,72721.07
1780314300,72721.07,72768.11,72290,72479.99
1780315200,72480,72610,71902.98,72052.55
1780316100,72052.55,72298.44,72028,72227.44
1780317000,72227.44,72321.95,72188.88,72275.22
1780317900,72275.22,72294,72116.34,72221.73
1780318800,72221.74,72243.52,71736.2,71843.01
1780319700,71843.02,72025.99,71750,71828.58
1780320600,71828.59,72051.2,71581.03,71599.99
1780321500,71599.99,72094.7,71389.88,71711.89
1780322400,71711.89,71887.6,71526.7,71670.49
1780323300,71670.49,71735.17,71472,71532
1780324200,71532,71597.8,71363.43,71491.98
1780325100,71491.99,71617.09,71414.28,71567.91
1780326000,71567.91,71677.55,71426.15,71515.92
1780326900,71515.92,71528.65,71066.33,71084.35
1780327800,71084.35,71491.77,71076,71274.43
1780328700,71274.42,71298,71072.57,71129.62
1780329600,71129.62,71196.25,70686.68,70884.01
1780330500,70884.01,71092,70813.88,71092
1780331400,71091.99,71356,71042.58,71344
1780332300,71344,71599.95,71341.94,71564.01
1780333200,71564.01,71628,71473.16,71586.96
1780334100,71586.95,71736.87,71469.64,71733.33
1780335000,71733.32,71780.4,71531.51,71722.16
1780335900,71722.16,71800.73,71622.67,71646.01
1780336800,71646,71687.28,71465.28,71477.46
1780337700,71477.46,71545.16,71382,71545.15
1780338600,71545.16,71675.99,71506.67,71506.67
1780339500,71506.67,71553.32,71396,71498.64
1780340400,71498.64,71499.85,71414.21,71433.02
1780341300,71433.02,71621.62,71386,71621.61
1780342200,71621.61,71666,71535.94,71638.93
1780343100,71638.01,71638.01,71507.6,71595.24
1780344000,71595.24,71595.24,71520.01,71570.8
1780344900,71570.8,71690,71525.1,71602
1780345800,71602,71670.01,71577.41,71591.65
1780346700,71591.65,71608,71419.64,71446
1780347600,71445.99,71449.98,71154.36,71220
1780348500,71220,71230,71083.33,71148.56
1780349400,71148.57,71158,70941.95,71014.38
1780350300,71014.37,71120,70974.06,71038.01
1780351200,71038.01,71038.01,70840.9,70976.01
1780352100,70976.01,71326,70976,71284.3
1780353000,71284.29,71357.5,71082,71141.29
1780353900,71141.29,71460,71141.28,71408
1780354800,71407.99,71441.42,71320.27,71366.24
1780355700,71366.24,71470,71248,71248
1780356600,71248.01,71583.29,71225.29,71510.01
1780357500,71510,71552,71372.21,71408.9
1780358400,71408.9,71408.9,71255.16,71268.01
1780359300,71268.01,71303.77,71154.01,71230
1780360200,71230,71300,71100,71180
1780361100,71180.01,71303.09,71149.99,71289.23
1780362000,71289.24,71372,71228.01,71369.99
1780362900,71369.99,71370,71200,71207.77
1780363800,71207.77,71223.13,70788.02,70960.01
1780364700,70960.01,70960.01,70607.57,70652.47
1780365600,70652.47,70724.01,70111,70346.64
1780366500,70346.64,70822,70157.8,70807.51
1780367400,70807.51,70880.63,70581.18,70599.26
1780368300,70599.26,70846.65,70583,70846.49
1780369200,70846.48,71041.04,70806,70901.43
1780370100,70901.43,71000.11,70823.74,70958
1780371000,70958,71004.72,70914,70989.26
1780371900,70989.27,71014.54,70936.49,70953.69
1780372800,70953.7,71013.9,70713.54,70770.81
1780373700,70770.81,71028.25,70770.81,70975.89
1780374600,70975.9,71048,70922,71027.34
1780375500,71027.35,71027.35,70764,70810
1780376400,70810,70847.66,70590,70810.01
1780377300,70810,70814.01,70582.29,70602.61
1780378200,70602.61,70723.73,70437.95,70534.91
1780379100,70534.37,70534.37,70267.79,70268.96
1780380000,70268.97,70442,70230,70310.01
1780380900,70310.01,70393.99,70230.45,70370.19
1780381800,70370.2,70424.4,70258,70258
1780382700,70258,70335.39,69958.49,70106.31
1780383600,70106.31,70166.66,69733,70050.38
1780384500,70050.38,70275.86,69835.65,69913.99
1780385400,69914,70257.8,69907.17,70213.38
1780386300,70213.38,70218.49,70073.71,70118.42
1780387200,70118.42,70172,69966.97,70055.01
1780388100,70055.01,70088,69873.19,70020
1780389000,70019.99,70080,69860.03,69861.75
1780389900,69861.75,69943.33,69705.3,69821.99
1780390800,69822,69849,69500,69555.96
1780391700,69555.97,69628.53,69324.65,69399.1
1780392600,69399.1,69566.96,69349.03,69490.01
1780393500,69490.01,69524,69380.01,69426.01
1780394400,69426.01,69756,69336.98,69657.99
1780395300,69658,69724.16,69518,69646.01
1780396200,69646,69673.93,69448,69474
1780397100,69474,69690.18,69470.73,69652.19
1780398000,69652.18,69659.47,69497.14,69552
1780398900,69551.99,69566.06,69430,69495.99
1780399800,69495.99,69531.76,69397.83,69474
1780400700,69474,69607.03,69461.72,69461.72
1780401600,69461.73,69548.13,69288,69343.99
1780402500,69344,69439.85,69242.02,69286.03
1780403400,69286.03,69286.04,69074,69215.51
1780404300,69215.52,69250,68989.61,69010.42
1780405200,69010.41,69180,68899,68918.81
1780406100,68918.81,69100,68872,69020
1780407000,69019.99,69106,68768.01,68879.76
1780407900,68879.76,68980.45,68757.03,68811.91
1780408800,68809.93,68836,68307.8,68584
1780409700,68584.01,68584.01,67617.85,67884.28
1780410600,67884.29,68280,67860,68023.58
1780411500,68023.58,68280,67980.66,68019.3
1780412400,68019.3,68094.6,67822,67854.49
1780413300,67854.49,67854.49,67372.61,67450
1780414200,67450.01,67499.69,67076,67277.59
1780415100,67277.59,67495.13,67112.7,67304.28
1780416000,67304.29,67969.68,67228.45,67928.45
1780416900,67928.45,68146.3,67787.28,67863.72
1780417800,67863.72,67868.75,67541.65,67631.67
1780418700,67631.68,67833.96,67404.31,67413.44
1780419600,67413.44,67626,67378,67507.19
1780420500,67507.18,67806,67460,67740.01
1780421400,67740,67837.53,67477.39,67496.25
1780422300,67496.25,67524,67390.6,67492.34
1780423200,67492.34,67661.7,67490,67600.01
1780424100,67600,67616,67288.78,67301.56
1780425000,67301.56,67363.38,67200,67300
1780425900,67300,67358.88,67124.2,67341.99
1780426800,67341.99,67424.3,67230.48,67344.89
1780427700,67344.9,67372.93,66932,66978.2
1780428600,66978.21,67018,66432,66925.61
1780429500,66925.61,67498,66874.14,67315.14
1780430400,67315.14,67487.5,67091.79,67381.97
1780431300,67381.98,67405.18,66911.2,66962.17
1780432200,66962.18,67362.81,66949.9,67302
1780433100,67301.99,67689.65,67301.99,67587.77
1780434000,67587.78,67806.92,67412,67470.97
1780434900,67470.96,67918,67470.96,67887.99
1780435800,67887.99,67923.24,67712,67732
1780436700,67732,67732,67511,67566.01
1780437600,67566.01,67566.01,67212.97,67217.79
1780438500,67217.8,67434,66933.33,67294
1780439400,67294.01,67310,66804,66956.01
1780440300,66956,66956,66244.02,66385.2
1780441200,66385.2,66692,66201.77,66692
1780442100,66692,66769.24,66193,66443.99
1780443000,66443.99,66736,66252,66724.34
1780443900,66724.33,66868.62,66674.01,66760.83
1780444800,66760.84,66912,66654,66822.01
1780445700,66822.01,67122.3,66770.01,66776.34
1780446600,66776.35,67204.15,66705.35,67075.07
1780447500,67075.07,67150,66938,66938.01
1780448400,66938.01,66952,66672.58,66829.16
1780449300,66829.16,67038.3,66814,67024.01
1780450200,67024.01,67050,66472.65,66511.99
1780451100,66511.98,67039.83,66504.04,66920
1780452000,66920,66920.01,66723.06,66820.23
1780452900,66820.23,66920,66638,66651.55
1780453800,66651.56,66848,66605.85,66742
1780454700,66742,66818,66586.17,66620.01
1780455600,66620,66653.67,66400,66515.87
1780456500,66515.87,66622,66090.1,66147.81
1780457400,66147.81,66261.74,65737.61,65755.01
1780458300,65755,65978,65426.34,65849.9
1780459200,65849.9,66603.41,65834,66340
1780460100,66339.99,66623.44,66324.91,66579.32
1780461000,66579.32,66579.32,66311.28,66440.91
1780461900,66440.91,66510.01,66278.23,66465.98
1780462800,66465.99,67268.63,66465.99,67135.99
1780463700,67135.99,67284.02,66980.65,67103.06
1780464600,67103.07,67103.07,66775,67026.14
1780465500,67026.14,67398.28,67024.6,67330.01
1780466400,67330,67374,67109.06,67160
1780467300,67160,67366.93,67150,67253.63
1780468200,67253.64,67516,67179.47,67316.83
1780469100,67316.83,67337,66962.95,66983.27
1780470000,66983.27,67150,66872.01,67072
1780470900,67072,67334.4,67028,67191.55
1780471800,67191.54,67287.12,67078.91,67208.49
1780472700,67208.5,67322.9,67188.01,67220.03
1780473600,67220.03,67264.34,67066.55,67070
1780474500,67069.99,67146.67,67006.06,67027.6
1780475400,67027.61,67232.88,66974,67088.32
1780476300,67088.33,67177.82,66978,67028
1780477200,67028.01,67105.03,66942,66962.05
1780478100,66962.05,66964,66808.27,66832.01
1780479000,66832.01,66864.36,66728.19,66733.42
1780479900,66733.42,67322,66656.48,67075.17
1780480800,67075.18,67476.69,67068.51,67305.99
1780481700,67305.98,67332,67192.88,67318
1780482600,67318,67414,67202.54,67234.15
1780483500,67234.15,67320.44,67182.72,67294.52
1780484400,67294.51,67366.82,67203.18,67341.5
1780485300,67341.5,67363.38,67292.94,67329.99
1780486200,67330,67330,67111,67150
1780487100,67150.01,67150.01,67056.58,67067.37
1780488000,67067.37,67129.11,66886.87,66972.76
1780488900,66972.75,67082,66782.65,67032.01
1780489800,67032.02,67163.82,66840,66968.46
1780490700,66968.46,67138.12,66925.37,67078.72
1780491600,67078.72,67219.98,66984,67122.01
1780492500,67122.01,67244.62,66834.05,66838.01
1780493400,66838.01,67192,66717.82,66744.27
1780494300,66744.26,67041.72,66635,66906.01
1780495200,66906,66948,66739.56,66903.72
1780496100,66903.72,66934,66643.96,66791.99
1780497000,66792,66990.66,66707.21,66752
1780497900,66751.99,66935.88,66744,66864.95
1780498800,66864.95,66898,66500,66525.55
1780499700,66525.55,66663.54,66256.52,66597.74
1780500600,66597.74,66678,66226.82,66304.01
1780501500,66304.01,66378.42,66076,66076.01
1780502400,66076.01,66373.18,65872.5,66172.97
1780503300,66172.97,66228.97,65555,65606.94
1780504200,65606.94,65984.87,65586.44,65924
1780505100,65924,66071.04,65822.4,66061.83
1780506000,66061.83,66126,65704.8,65715.23
1780506900,65715.23,65984.88,65715.23,65945.93
1780507800,65945.93,66189.8,65851.81,66109.39
1780508700,66109.38,66114,65806,65964.08
1780509600,65964.08,66092,65860.73,65972.81
1780510500,65972.8,65972.8,65744.01,65899.99
1780511400,65900,66098,65784.07,66044.17
1780512300,66044.16,66161.24,66018,66036.57
1780513200,66036.56,66048,65902,65970.02
1780514100,65970.02,66054,65600,65658.18
1780515000,65658.01,65825.1,65624.89,65764.01
1780515900,65764,65847.99,65251,65462
1780516800,65461.99,65614.74,65252,65580.01
1780517700,65580,65594,65283.69,65548.01
1780518600,65548.01,65566,65179.99,65190.63
1780519500,65190.63,65233.83,64766,65007.27
1780520400,65007.27,65579.58,64960.87,65413.39
1780521300,65413.38,65592.11,65401.38,65522.01
1780522200,65522,65720.01,65300,65518
1780523100,65517.99,65860,65480,65768.88
1780524000,65768.89,65841.23,65300,65328
1780524900,65328,65328,65000,65168.01
1780525800,65168,65257.33,64938.35,65065.99
1780526700,65065.99,65094,64778.15,64912.98
1780527600,64912.97,64979.99,64409,64604.63
1780528500,64604.62,64650.46,64362.79,64505.4
1780529400,64505.4,64633.5,64252.51,64260
1780530300,64260,64346.54,64092.49,64142.75
1780531200,64142.75,64428,64127.5,64316.53
1780532100,64316.53,64387.44,63358.01,63358.01
1780533000,63358.01,63815.74,63070,63595.33
1780533900,63595.34,63601.41,63000,63344.97
1780534800,63344.98,63500,63100.01,63124
1780535700,63124,63134,62569,62699.99
1780536600,62700,63161.43,62697.37,62825
1780537500,62825,62873.78,62100.01,62178.1
1780538400,62178.1,62491.24,61383.56,62402.13
1780539300,62402.14,63100,62150,62997.98
1780540200,62997.97,63499.41,62901,63410
1780541100,63410,63622.7,63155.7,63231.99
1780542000,63232,64029.36,63218.48,63960.77
1780542900,63960.77,64142.85,63884.35,63919.99
1780543800,63920,64540.3,63903.98,64389.18
1780544700,64389.17,64458,64254.98,64363.49
1780545600,64363.49,64685.91,64338,64630
1780546500,64630,64764.32,64504,64574
1780547400,64574.01,64613.85,64265.73,64415.99
1780548300,64415.99,64464.66,64309.06,64399.99
1780549200,64399.99,64400,63716.78,63958
1780550100,63958,64017.51,63648.01,63842.13
1780551000,63842.12,64337.85,63768.87,64282
1780551900,64281.99,64282,63915,63955.47
1780552800,63955.48,64260,63892,64260
1780553700,64259.99,64481.22,64180.03,64255.99
1780554600,64256,64438,64075.18,64336
1780555500,64335.99,64335.99,63976,64027.99
1780556400,64027.99,64062.81,63721.24,63811.2
1780557300,63811.21,63829.98,63492.89,63696.01
1780558200,63696.01,64048,63692.01,63930.55
1780559100,63930.54,63952,63602,63603.15
1780560000,63603.15,63904.63,63333,63360
1780560900,63360.01,63593,63245.9,63484
1780561800,63484,63682,63372.63,63417.62
1780562700,63417.61,63755.95,63407.57,63629.99
1780563600,63629.99,63644,63200,63337.74
1780564500,63337.75,63337.75,62806.89,62863.99
1780565400,62864,63000,62703.33,62899.44
1780566300,62899.44,63272.01,62895.15,63266
1780567200,63266.01,63276,62820.01,62872.58
1780568100,62872.58,63006,62500,62501.51
1780569000,62501.51,62792,62415.94,62723.46
1780569900,62723.47,62800.53,62301.21,62420
1780570800,62420.01,62670,62223,62272.6
1780571700,62272.61,62650.89,62238,62617.38
1780572600,62617.37,62833.82,62205,62237.98
1780573500,62237.99,62555.27,62237.98,62545.99
1780574400,62546,62706,62392,62530
1780575300,62530,63400,62525.74,63267.99
1780576200,63267.99,63720.85,63148.8,63564
1780577100,63564,63966.48,63506,63766.82
1780578000,63766.82,63841.1,63546,63586.85
1780578900,63586.85,63624,63068.41,63229.99
1780579800,63230,64244,63194.22,63798.61
1780580700,63798.61,64230,63668.01,64230
1780581600,64230,64494.92,63980,64365.73
1780582500,64365.74,64411.2,64052,64144
1780583400,64144,64148,63844.68,64000.91
1780584300,64000.9,64078,63785.33,63958.97
1780585200,63958.97,64370,63850.98,64365.52
1780586100,64365.51,64404,63800,63982.45
1780587000,63982.44,64085.56,63802.56,63842.53
1780587900,63842.53,64000,63691.7,63896.17
1780588800,63896.16,63920,63648,63660
1780589700,63660.01,63878,63632.05,63646.01
1780590600,63646.01,63862,63456,63780.08
1780591500,63780.07,63920,63510.7,63563.51
1780592400,63563.51,63722,63446,63591.99
1780593300,63592,63592,63116,63224
1780594200,63224,63306,62969.69,63041.23
1780595100,63041.24,63650,62944.91,63540.97
1780596000,63540.96,63578.99,63149.76,63158.01
1780596900,63158.02,63932.52,63150,63896.27
1780597800,63896.26,64110.28,63732.02,63924.93
1780598700,63924.93,64100,63819.62,63819.62
1780599600,63819.62,63889.74,63620.64,63886.33
1780600500,63886.33,64163.93,63867.05,64128
1780601400,64128,64144,63764.01,63786.01
1780602300,63786.01,63786.01,63544,63629.38
1780603200,63629.38,63636,63249.26,63505.31
1780604100,63505.31,63538,63182.84,63341
1780605000,63341.01,63653.2,63338,63560.93
1780605900,63560.93,63648,63424.53,63638.4
1780606800,63638.4,63876,63606,63804.82
1780607700,63804.82,63817.72,63438,63495.63
1780608600,63495.64,63516.93,63106.04,63496
1780609500,63496,63530.71,63264.93,63286.21
1780610400,63286.21,63496,63194,63292
1780611300,63292.01,63445.28,63291.06,63352.14
1780612200,63352.14,63592.28,63230,63504.15
1780613100,63504.14,63772,63442,63735.43
1780614000,63735.42,63852,63604,63604.01
1780614900,63604.01,63620,63376,63461.99
1780615800,63461.99,63796,63461.99,63762.33
1780616700,63762.32,63918,63698,63885.99
1780617600,63885.99,63885.99,63647.99,63662.77
1780618500,63662.77,63909.97,63592.27,63909.52
1780619400,63909.53,63978,63679.99,63697.94
1780620300,63697.94,63797.71,63396.57,63426.72
1780621200,63426.73,63426.73,63052,63361.92
1780622100,63361.91,63424.62,63144.58,63343.99
1780623000,63344,63566,63270,63440
1780623900,63440,63446,63244,63374.67
1780624800,63374.67,63436,63180,63180
1780625700,63180,63270,62700,62705.48
1780626600,62705.49,62954,62588.77,62742.01
1780627500,62742,62861.95,62600,62617.72
1780628400,62617.72,62656.79,62339,62379.62
1780629300,62379.61,62820,62379.61,62599.18
1780630200,62599.18,62888,62584.22,62665.41
1780631100,62665.41,62861.64,62654,62730
1780632000,62730,62980,62487.24,62861.3
1780632900,62861.3,63240.48,62659.71,63240.32
1780633800,63240.32,63240.32,62990.81,63025.12
1780634700,63025.11,63646,62846.28,63615.23
1780635600,63615.22,63688,63344,63384.33
1780636500,63384.34,63561.2,63278,63510.02
1780637400,63510.01,63562.45,62887,62893.14
1780638300,62893.14,62970,62278,62329.35
1780639200,62329.36,62634.53,62027.78,62082.93
1780640100,62082.94,62256,61126.01,61681.21
1780641000,61681.2,62192,61644,62146.11
1780641900,62146.11,62203.29,61784,61946.57
1780642800,61946.57,61985.36,61378.38,61497.53
1780643700,61497.52,62356.13,61491.74,62252.95
1780644600,62252.94,62902,62190,62881.98
1780645500,62881.98,63116,62753.53,63115.99
1780646400,63115.99,63120.98,62704,62805.61
1780647300,62805.61,62873.99,62584.58,62816.13
1780648200,62816.28,62932.63,62516.09,62540
1780649100,62540.01,62612,62288.88,62454.64
1780650000,62454.64,63099.65,62442,63099.64
1780650900,63099.65,63259.9,62901.1,63114.43
1780651800,63114.43,63124,62775,62819.49
1780652700,62819.49,62994,62804,62860.09
1780653600,62860.09,62931.81,62652,62748.76
1780654500,62748.77,62748.77,62501.76,62586.01
1780655400,62586.01,62711.99,62375,62675.51
1780656300,62675.51,62675.52,62453,62536.87
1780657200,62536.87,62538.83,62255.28,62326.53
1780658100,62326.53,62644.48,62246,62471.91
1780659000,62473.18,62521.92,62114.4,62114.4
1780659900,62114.41,62260,61964.98,61964.99
1780660800,61964.99,62281.13,61647.06,62148.67
1780661700,62148.68,62457.86,62148.67,62219.04
1780662600,62220.48,62400,61620.47,61974.89
1780663500,61974.89,62089.87,61863.82,61959.73
1780664400,61959.72,62172,61922,61985
1780665300,61984.99,62315.99,61892,62116
1780666200,62116,62326,61675.49,61846
1780667100,61846,61877.99,60732.35,60732.36
1780668000,60732.36,61227.98,60461.88,60865.45
1780668900,60865.45,61061.28,60340,60394.6
1780669800,60394.59,61195.99,60334.97,60845.87
1780670700,60845.87,61135.19,60624,60868.97
1780671600,60868.98,61033.99,60532.86,60609.59
1780672500,60609.6,61126,60506,60790.36
1780673400,60789.63,60852.9,60000,60370
1780674300,60370,60635,60192.01,60438.01
1780675200,60438,61085.7,59786,60897.63
1780676100,60897.63,61547.24,60720.59,60926.89
1780677000,60926.89,61062,60710.01,60832.49
1780677900,60832.49,61475.12,60806.74,61394.39
1780678800,61394.38,61508.85,60930.8,61061.06
1780679700,61061.07,61077.09,60660,60697.27
1780680600,60697.27,61151.67,60688,60755.83
1780681500,60755.82,60849.23,60664.01,60813.99
1780682400,60814,60950,60612,60624.35
1780683300,60624.36,60664,60108.03,60158
1780684200,60158.01,60340.09,59668,59952
1780685100,59952,59972,59141,59395.99
1780686000,59396,59612.67,59145,59392.25
1780686900,59392,59869.98,59130.91,59858.27
1780687800,59858.28,59897.32,59485.45,59752.15
1780688700,59752.14,60459.41,59744,60300.24
1780689600,60300.24,60981.13,59940.01,60855.6
1780690500,60855.6,61076.58,60713.57,60945.4
1780691400,60945.4,61305.64,60894.01,61268.39
1780692300,61268.39,61787.01,61210.57,61620.01
1780693200,61620.01,61995,61568,61860
1780694100,61859.99,62000,61567.56,61578.1
1780695000,61578.01,61944.88,61444.2,61873.99
1780695900,61873.99,61909.86,61629.95,61670.38
1780696800,61670.38,61670.38,61207.82,61397.54
1780697700,61397.53,61649.09,61296.35,61488.45
1780698600,61488.45,61877,61406.28,61758.01
1780699500,61758,61966,61551.18,61584.49
1780700400,61584.49,61776,61308,61308
1780701300,61308.01,61308.01,60825.75,60946.01
1780702200,60946.01,60946.01,60518,60814.26
1780703100,60814.26,61070,60700,61056.47
1780704000,61056.47,61462,61045.01,61425.56
1780704900,61425.56,61530.05,61151.4,61310.39
1780705800,61310.39,61420,61180.23,61198.01
1780706700,61198,61386,61184,61273.29
1780707600,61273.29,61380,61112,61145.76
1780708500,61145.76,61295.99,60976,61294.52
1780709400,61294.52,61304.57,61018,61053.44
1780710300,61053.43,61170,60954.36,61058.95
1780711200,61058.95,61095.05,60868,60879.73
1780712100,60879.73,60990.51,60678,60796.81
1780713000,60796.81,61056.34,60775.08,60938.01
1780713900,60938,61176,60866,60951.64
1780714800,60951.63,60966.86,60794.12,60874.09
1780715700,60874.09,60940,60715.51,60799.99
1780716600,60799.99,60799.99,60520,60708.33
1780717500,60708.33,60796,60618,60687.04
1780718400,60687.05,60866,60087.2,60131.47
1780719300,60131.48,60344,59845.52,59964.29
1780720200,59964.29,60050,59500,59796.66
1780721100,59796.01,60302.21,59708.15,60101.27
1780722000,60101.28,60251.99,59621.22,59890.01
1780722900,59890.01,61062,59870,60751.3
1780723800,60751.29,60967.2,60608.02,60824.38
1780724700,60824.38,61051.9,60750.47,60942.38
1780725600,60942.37,61276.95,60942.37,61152.06
1780726500,61152.06,61245.05,60994,61024.6
1780727400,61024.59,61181.72,60804,60804
1780728300,60804,60964,60681,60786.96
1780729200,60786.96,61137.75,60733.14,61093
1780730100,61092.99,61229.17,60840.86,60889.97
1780731000,60889.97,61096,60870.27,61049.19
1780731900,61049.19,61105,60969.05,61004.95
1780732800,61004.95,61166,60884,61144.52
1780733700,61144.52,61451.76,61030.25,61402
1780734600,61402,61500,61290.84,61364.26
1780735500,61364.25,61475.12,61240.05,61264
1780736400,61264,61315.42,61131.16,61228.01
1780737300,61228,61322,61105.18,61313.37
1780738200,61313.36,61313.36,61058.33,61102.98
1780739100,61102.44,61116,60875.55,60981.24
1780740000,60981.24,60981.24,60589,60620.83
1780740900,60620.83,60751.91,60488,60527.28
1780741800,60527.5,60540.71,60198,60420.79
1780742700,60420.79,60613.07,60350.01,60593
1780743600,60593,60800.41,60552.95,60646
1780744500,60645.99,60859.98,60607.36,60809.59
1780745400,60809.59,60870.32,60734.81,60830.53
1780746300,60830.52,60968,60746,60802.91
1780747200,60802.9,61100,60802.9,61049.18
1780748100,61049.18,61100,60732,60737.04
1780749000,60737.05,60866,60641.2,60830.33
1780749900,60830.33,61185.26,60788,61030.63
1780750800,61030.63,61100,60968,61009.47
1780751700,61009.47,61049.94,60868.41,60878.23
1780752600,60878.24,60899.59,60701.41,60899.59
1780753500,60899.59,61046,60764.39,60801.2
1780754400,60801.2,61000,60770.08,60902.72
1780755300,60902.73,61016,60794,60888
1780756200,60887.99,61001.98,60827.53,60956.01
1780757100,60956.01,61004,60768,60791.05
1780758000,60791.06,60876,60557.24,60616.34
1780758900,60616.34,60687.43,60396,60673.84
1780759800,60673.84,60915.41,60578,60861.54
1780760700,60861.53,60929.2,60724,60784
1780761600,60784.01,60971.24,60698.86,60784.72
1780762500,60784.72,60818,60600,60624.08
1780763400,60624.08,60770,60466.56,60767.99
1780764300,60767.99,60864,60696.67,60774
1780765200,60774,60844,60605.87,60722.59
1780766100,60722.59,60770,60589.36,60680
1780767000,60680,60804,60596,60710
1780767900,60709.99,60740.25,60501,60576.2
1780768800,60576.19,60622,60454.66,60486.18
1780769700,60486.19,60754.74,60393.96,60702.98
1780770600,60702.98,60702.98,60538,60606
1780771500,60606,60680,60502,60637.21
1780772400,60637.2,60786,60560.31,60728.01
1780773300,60728,60733.92,60600,60611.06
1780774200,60611.06,60642.68,60536,60622
1780775100,60622,60682,60600,60600.01
1780776000,60600,60634,60522,60576.01
1780776900,60576,60647.64,60531.12,60594
1780777800,60594,60754.87,60580.01,60734.36
1780778700,60734.36,60756,60650,60711.69
1780779600,60711.69,60899.65,60707.93,60860
1780780500,60859.99,60944,60834,60890.94
1780781400,60890.94,61000,60802.78,60821.15
1780782300,60821.14,60868.26,60746.08,60751.21
1780783200,60751.22,60818,60592,60631.15
1780784100,60631.15,60767.82,60440,60460.62
1780785000,60460.63,60601.99,60429.09,60585.93
1780785900,60586,60715.73,60540.34,60543.53
1780786800,60543.52,60763.27,60543.52,60710
1780787700,60709.99,60748.75,60592,60713.58
1780788600,60713.57,60922.38,60680,60856.01
1780789500,60856.01,60942.75,60812,60884.62
1780790400,60884.62,60933.29,60800,60811.46
1780791300,60811.47,60886,60780,60843.03
1780792200,60843.03,60987.99,60795.88,60798.24
1780793100,60798.24,60812.52,60746,60782.01
1780794000,60782,61400,60758,61316
1780794900,61316,61664.13,61255.54,61638.78
1780795800,61638.78,61648.6,61403.24,61455.01
1780796700,61455.01,61595,61372.31,61479.75
1780797600,61479.75,61552,61411.1,61411.11
1780798500,61411.1,61427.49,61184,61254.83
1780799400,61254.83,61320.3,61194,61320.3
1780800300,61320.29,61568,61319.39,61506.74
1780801200,61506.73,61530.48,61416.1,61530.48
1780802100,61530.48,61778.33,61490.76,61664.2
1780803000,61664.21,61684.5,61550,61663.85
1780803900,61663.85,61732,61581.14,61701.07
1780804800,61701.06,61709.89,61512.35,61552
1780805700,61552,61631.73,61482.46,61554.96
1780806600,61554.95,61838.07,61547.48,61741.19
1780807500,61741.18,61907.07,61700,61890.92
1780808400,61890.92,61973.27,61793.53,61884.01
1780809300,61884.01,62159,61734.44,61740.49
1780810200,61740.49,61872,61647,61872
1780811100,61871.99,61872,61700,61748.1
1780812000,61748.11,61762.45,61619.4,61678.01
1780812900,61678.01,62016.56,61658.43,61970.18
1780813800,61970.18,62272,61962.62,62192.69
1780814700,62192.69,62233.83,62030.15,62101
1780815600,62101.01,62268.88,61983.46,62131.32
1780816500,62131.32,62244.95,62059.6,62231.99
1780817400,62231.99,62267.94,62191.38,62234.19
1780818300,62234.19,62416.26,62183.68,62404.73
1780819200,62404.72,62444.15,62259.37,62383.58
1780820100,62383.59,62582.13,62312.66,62536.59
1780821000,62536.6,62666,62400,62550
1780821900,62549.99,62960,62549.99,62855.01
1780822800,62855,62900,62720,62827.59
1780823700,62827.59,62882.09,62606,62685.47
1780824600,62685.48,62690,62500.01,62539.99
1780825500,62540,62636.02,62374.63,62530
1780826400,62530,62565.97,62382,62408.72
1780827300,62408.72,62570.31,62389.68,62510.96
1780828200,62510.95,62559.99,62312.66,62362
1780829100,62361.99,62462,62298.39,62370.52
1780830000,62370.53,62520,62359.44,62460.01
1780830900,62460.01,62555.54,62422.71,62531.71
1780831800,62531.7,62680,62448,62680
1780832700,62679.99,62754.45,62567.56,62621.96
1780833600,62621.97,62643.97,62061.25,62085.16
1780834500,62085.16,62232.82,61875,61935.92
1780835400,61935.92,61952.06,61577.12,61648.65
1780836300,61648.65,61998.59,61642.01,61900.67
1780837200,61900.66,61907.64,61649.12,61775.43
1780838100,61775.44,61853.75,61652.98,61848.45
1780839000,61848.44,61906.34,61676,61739.53
1780839900,61739.53,61818,61694,61700.13
1780840800,61700.14,61824.89,61696.98,61793.43
1780841700,61793.44,62159.65,61752,62081.99
1780842600,62081.99,62312.67,61934.81,61996.49
1780843500,61996.5,62001.34,61746,61905.49
1780844400,61905.49,61905.49,61674.51,61838.47
1780845300,61838.47,61972,61718.15,61963.2
1780846200,61963.2,62157.29,61958,62110.8
1780847100,62110.79,62219.92,61978,62093.99
1780848000,62093.99,62188.86,61966,62158
1780848900,62158,62332,62106,62179.15
1780849800,62179.14,62287.51,62154.66,62159.99
1780850700,62159.99,62239.99,61987.52,62083.64
1780851600,62083.64,62324.88,62046.62,62287.44
1780852500,62287.45,62330,62241.05,62251.35
1780853400,62251.36,62320.52,62234.29,62273.65
1780854300,62273.65,62273.65,62096.94,62160.01
1780855200,62160.01,62296,62143.27,62282.2
1780856100,62282.2,62282.2,62144,62227.82
1780857000,62227.82,62292,62165.05,62205.84
1780857900,62205.84,62237.76,62022,62030.14
1780858800,62030.15,62036.78,61584.02,61657.61
1780859700,61657.62,61657.62,61275,61482.97
1780860600,61482.97,61496,61200,61218.01
1780861500,61218.01,61466,61184,61328
1780862400,61327.99,61712,61217.17,61580.18
1780863300,61580.18,61882,61462.12,61745.41
1780864200,61745.42,61828,61699.95,61783.18
1780865100,61783.17,61962.47,61756,61878.01
1780866000,61878,62017.71,61706,61954.49
1780866900,61954.48,62004,61720.04,61781.85
1780867800,61781.86,61846,61680.22,61710
1780868700,61710.01,61788,61652.01,61778.41
1780869600,61778.42,63737.99,61728.11,63586.98
1780870500,63586.98,64234.68,62882.29,62995.37
1780871400,62995.38,63399.97,62782.16,63161.57
1780872300,63161.56,63308,62848.76,62865.87
1780873200,62865.87,63060.96,62803.42,63012.72
1780874100,63012.71,63272.5,62812,63260.14
1780875000,63260.14,63327.66,63124,63297.33
1780875900,63297.33,63444.11,63104,63332.01
1780876800,63332.01,63344,63147.1,63242.84
1780877700,63242.84,63521.02,63138.37,63504
1780878600,63504,63863.06,63408.66,63719.01
1780879500,63719,63788,63556,63631.42
1780880400,63631.43,63643.99,63066,63066.01
1780881300,63066.01,63172,62756.36,62827.73
1780882200,62827.74,63122,62720.86,63114
1780883100,63113.99,63244.56,62997.76,63211.41
1780884000,63211.41,63260,63004,63128.01
1780884900,63128.01,63220,62965.07,63107.17
1780885800,63107.18,63190,62918,63069.17
1780886700,63069.17,63139.03,62948,63129.93
1780887600,63129.94,63458,62978.36,63284.01
1780888500,63284.01,63357.99,63149.25,63151.99
1780889400,63152,63234.01,63072.07,63147.99
1780890300,63148,63180,63080,63130.12
1780891200,63130.12,63171.1,62804.17,63004
1780892100,63004,63047.23,62842,62939.81
1780893000,62939.82,62986,62657.07,62704
1780893900,62704.01,62900.64,62684.6,62684.61
1780894800,62684.61,62825.27,62550,62575.46
1780895700,62575.47,62748.84,62500,62722
1780896600,62721.99,62735.07,62408,62478.63
1780897500,62478.01,62782.55,62458,62764
1780898400,62763.99,62972.94,62734,62947.38
1780899300,62947.37,63144,62888,63076.01
1780900200,63076,63099.57,62922.37,63036
1780901100,63035.99,63046.08,62935.05,62988.03
1780902000,62988.58,63204.27,62812,63084.57
1780902900,63084.57,63273.01,62970.94,63189.25
1780903800,63189.26,63276,63082,63114.27
1780904700,63114.26,63350,63107.2,63283.99
1780905600,63284,63284,63062,63190.74
1780906500,63190.74,63220,62992.01,63103.99
1780907400,63103.99,63196,63046,63166
1780908300,63166,63184,63029.05,63132.83
1780909200,63132.84,63339.51,63128.47,63337.2
1780910100,63337.19,63577.86,63294.01,63388.55
1780911000,63388.55,63412.74,63170,63363.13
1780911900,63363.14,63504.81,63333.34,63502
1780912800,63501.99,63568.19,63366.87,63387.99
1780913700,63387.98,63387.99,63109.33,63152
1780914600,63152,63426,63138,63218.01
1780915500,63218.01,63234,63096.88,63172.3
1780916400,63172.3,63454.54,63058,63445.99
1780917300,63446,63670,63370.7,63616.37
1780918200,63616.37,63873.08,63541.94,63632.9
1780919100,63632.89,63663.99,63421.04,63479.61
1780920000,63479.62,63656,62718.3,62720.81
1780920900,62720.81,63104,62720.8,63103.99
1780921800,63103.99,63666.66,63103.99,63638.73
1780922700,63638.73,63933.18,63526,63872
1780923600,63872,63943.56,63717.94,63780.65
1780924500,63780.64,63920,63576,63593.01
1780925400,63593.01,63762.67,63362.1,63486
1780926300,63486,63874,63420.01,63758
1780927200,63758,63910.04,63560.68,63874
1780928100,63874,63887.45,63605.63,63756.37
1780929000,63756.37,63940.4,63756.37,63905.73
1780929900,63905.73,64077.57,63828,63964.08
1780930800,63964.07,64198,63884.01,64184
1780931700,64183.99,64200,63937.53,64000.01
1780932600,64000.01,64006,63800.75,63866
1780933500,63865.99,64028,63711,63774.48
1780934400,63774.48,63938,63668.51,63800.01
1780935300,63800.01,64046.86,63800,63874.01
1780936200,63874.01,63878,63583.28,63677.99
1780937100,63678,63692,63472,63532.01
1780938000,63532.01,63581.77,63301.77,63356.05
1780938900,63356.05,63646,63356.05,63626
1780939800,63625.99,63626,63268.01,63380.55
1780940700,63380.56,63550,63380.17,63550
1780941600,63549.99,63636.12,63517.59,63588.65
1780942500,63588.65,63657.02,63532.47,63640.03
1780943400,63640.03,63690,63433.5,63500.01
1780944300,63500.01,63516,63339.98,63466.83
1780945200,63466.83,63556,63382,63428
1780946100,63428.01,63568,63368,63526
1780947000,63526,63596,63436,63488
1780947900,63488.01,63556.45,63356,63372.01
1780948800,63372.01,63432.84,63210,63250
1780949700,63250,63312,63160.31,63170.9
1780950600,63170.89,63411.98,63166.98,63388
1780951500,63388,63485.49,63368.11,63485.49
1780952400,63485.49,63792.92,63483.41,63730.84
1780953300,63730.83,63770,63622,63714.75
1780954200,63714.76,63850,63633.46,63837.99
1780955100,63838,63838,63728.96,63728.96
1780956000,63728.96,63728.96,63294,63294.01
1780956900,63294.01,63449.33,63210,63364.83
1780957800,63364.83,63387.48,63246,63306.01
1780958700,63306.01,63456,63236.22,63440.01
1780959600,63440,63587.81,63406,63587.81
1780960500,63587.81,63594,63078,63152.01
1780961400,63152.01,63196,63013.5,63134
1780962300,63134,63134,62978.66,63085.99
1780963200,63086,63148.38,63000,63004.7
1780964100,63004.71,63184,62457,62728
1780965000,62728,62775.3,62561.22,62714
1780965900,62714.01,62714.01,62423.07,62562
1780966800,62562,62720.17,62546.62,62666
1780967700,62666,62865.17,62622,62778
1780968600,62778,62879.1,62670.21,62710
1780969500,62710,62855.28,62708,62764.01
1780970400,62764,62870.07,62737.13,62744.63
1780971300,62744.62,62776,62580,62775.99
1780972200,62776,62830,62544.11,62654.38
1780973100,62654.38,62874,62654.38,62868
1780974000,62867.99,62933.89,62814,62914.01
1780974900,62914.01,62979.94,62778,62808
1780975800,62808,62858,62702,62825.06
1780976700,62825.05,62890,62750,62875.17
1780977600,62875.18,62974.72,62748,62899.93
1780978500,62899.93,62911.26,62788.02,62793.65
1780979400,62793.64,63396,62763.11,63244.01
1780980300,63244,63424,63220.09,63242.36
1780981200,63242.36,63310,63120.24,63252.02
1780982100,63252.01,63360,63252.01,63315.84
1780983000,63315.85,63526.01,63308,63367.59
1780983900,63367.59,63453.72,63302.31,63338.68
1780984800,63338.69,63418,63276,63368.98
1780985700,63368.99,63506,63340.39,63429.7
1780986600,63429.69,63460.23,63323.68,63355.58
1780987500,63355.58,63410,63230,63300
1780988400,63300,63443.6,63298.42,63298.43
1780989300,63298.42,63362.72,63012,63030.82
1780990200,63030.82,63207.12,63030.82,63191.03
1780991100,63191.03,63216,63123.73,63198.44
1780992000,63198.44,63208.86,62769.52,62923.49
1780992900,62923.49,62978,62869.16,62869.16
1780993800,62869.15,63012,62806.86,62984.88
1780994700,62984.88,63003.43,62834,62849.75
1780995600,62849.75,62892.93,62714.14,62853.94
1780996500,62853.95,62944.43,62819.68,62819.76
1780997400,62819.76,62819.76,62590,62673.23
1780998300,62673.23,62725.28,62648,62715.37
1780999200,62715.37,62797.36,62596,62776
1781000100,62775.99,62776,62699.65,62741.38
1781001000,62741.39,62755.99,62638,62701.25
1781001900,62701.24,62835.37,62654.02,62786.01
1781002800,62786,62818,62523.55,62526.76
1781003700,62526.76,62640,62498.75,62592
1781004600,62591.99,62669.24,62526,62632.28
1781005500,62632.27,62729.28,62572,62711.12
1781006400,62711.12,62895.18,62691.13,62836.89
1781007300,62836.9,62844,62646.28,62661.06
1781008200,62661.05,62669.99,62517.28,62520.83
1781009100,62520.83,62668.89,62421.24,62645.15
1781010000,62645.14,62738,62545.21,62556.61
1781010900,62556.62,62568,62262.57,62342.28
1781011800,62342.29,62508,62140,62434
1781012700,62433.99,62540,62273.43,62273.61
1781013600,62273.62,62395.01,61962.8,62014.11
1781014500,62014.11,62074,61555,61601.27
1781015400,61601.27,61691.99,61314.04,61362.82
1781016300,61362.83,61541.95,61148.07,61541.95
1781017200,61541.95,61704.29,61335.11,61651.12
1781018100,61651.13,61706.86,61303.7,61311.99
1781019000,61311.32,61422.86,61214.08,61325.59
1781019900,61325.6,61408.93,61037,61131.84
1781020800,61131.85,61215.72,60940,60996.99
1781021700,60997,61127.97,60856,61044
1781022600,61043.99,61322.8,60780,61246.01
1781023500,61246,61484.67,61172,61390.51
1781024400,61390.51,61677.92,61390.51,61599.99
1781025300,61599.99,61889,61579.39,61746.59
1781026200,61746.59,61842.01,61691.59,61692.15
1781027100,61692.15,61858.54,61599.39,61692.01
1781028000,61692.01,61827.92,61609.53,61750.8
1781028900,61750.8,61964,61661.49,61732
1781029800,61732,61820,61602,61602.01
1781030700,61602.01,61826,61602.01,61792.01
1781031600,61792,61914.01,61738,61780.01
1781032500,61780,61911.69,61722,61872.99
1781033400,61872.98,62050,61764.01,61884.95
1781034300,61884.95,62103.39,61770,62098.09
1781035200,62098.09,62212.72,61954.39,62212.72
1781036100,62212.71,62272,62009.33,62091.99
1781037000,62091.99,62180.87,61986,62132
1781037900,62132,62160,62053.55,62160
1781038800,62159.99,62176.86,62044,62134
1781039700,62134,62142,61780.92,61803.66
1781040600,61803.66,61906,61778.5,61792.89
1781041500,61792.9,61831.99,61698,61761.2
1781042400,61761.21,61852,61666.66,61838.81
1781043300,61838.82,61949.98,61786,61810
1781044200,61810,61976,61779.32,61856
1781045100,61856.01,61876,61678.83,61717.5
1781046000,61717.5,61800,61653.03,61750.01
1781046900,61750.01,61878,61684.8,61691.99
1781047800,61691.99,61732,61556,61632
1781048700,61632,61748,61590,61730
1781049600,61730,61896.92,61701.1,61832.58
1781050500,61832.58,61868,61723.82,61852.8
1781051400,61852.8,61873.04,61440,61519.99
1781052300,61519.99,61930,61498,61923.16
1781053200,61923.16,61974.7,61677.74,61824
1781054100,61824,61892,61744.06,61826
1781055000,61826,61896,61590,61638.89
1781055900,61638.9,61846,61620,61714
1781056800,61714,61837.67,61550,61559.36
1781057700,61559.37,61574,61350,61491.99
1781058600,61492,61546.01,61299.49,61373.99
1781059500,61373.99,61384,61235.29,61302.36
1781060400,61302.37,61478,61286,61433.35
1781061300,61433.35,61594,61341.57,61576.48
1781062200,61576.48,61576.49,61435.8,61527.47
1781063100,61527.48,61583.48,61488.28,61549.64
1781064000,61549.64,61560,61446,61509.99
1781064900,61509.98,61546.31,61455.37,61471.99
1781065800,61471.99,61471.99,61182.65,61228.58
1781066700,61228.59,61370,61196.52,61295.99
1781067600,61296,61324,61124.69,61175.39
1781068500,61175.4,61263.99,61080,61263.99
1781069400,61263.99,61337.83,61190,61280.59
1781070300,61280.59,61400.01,61216,61361.17
1781071200,61361.17,61427.5,61296.02,61393.44
1781072100,61393.44,61486,61326,61351.99
1781073000,61351.99,61456,61145.5,61433.57
1781073900,61433.58,61521.99,61427.98,61472.89
1781074800,61472.89,61593.99,61440,61577.68
1781075700,61577.68,61720.58,61560.29,61647.76
1781076600,61647.76,61813.34,61566.56,61756
1781077500,61756,61772.49,61661.07,61687.56
1781078400,61687.56,61720.95,61545.71,61620.77
1781079300,61620.77,61736,61500,61537.99
1781080200,61537.99,61607.56,61242.92,61243
1781081100,61243,61323.14,61168,61261.55
1781082000,61261.56,61322,61064,61064.3
1781082900,61064.3,61244,60755,61210.46
1781083800,61210.45,61421.46,61192,61268.01
1781084700,61268,61406.64,61160,61334.94
1781085600,61334.95,61347.71,61172,61241.75
1781086500,61241.76,61356.18,61151.4,61335.69
1781087400,61335.7,61456,61268,61310.02
1781088300,61310.02,61410,61286.27,61386.09
1781089200,61386.09,61430,60867.19,61170.01
1781090100,61170.01,61259.99,60888.01,60966.06
1781091000,60966.06,61058,60922.77,61022.01
1781091900,61022,61110,60976,61034.04
1781092800,61034.04,61223.9,60960,61189.99
1781093700,61189.99,61245.99,61047.03,61167.99
1781094600,61168,61950,61141.17,61685.99
1781095500,61685.99,61802.35,61564,61564.01
1781096400,61564,61622,61500,61528.81
1781097300,61528.8,61586,61444.87,61553.79
1781098200,61553.79,62380.01,61498.01,62380.01
1781099100,62380.22,62446,62071.3,62146.42
1781100000,62146.43,62258.01,61998.81,62004.49
1781100900,62004.49,62164,61862,62052.76
1781101800,62052.77,62116,61822,61950.01
1781102700,61950,62196.51,61814.79,62195.99
1781103600,62195.99,62423.36,61866,61942
1781104500,61942,62352,61852,62262
1781105400,62262,62416,62194,62387.5
1781106300,62387.51,62857.99,62134,62639.23
1781107200,62639.23,62646,62324,62340.02
1781108100,62340.02,62450.01,62110,62284
1781109000,62283.99,62411.99,62160.43,62230
1781109900,62230,62230,61930,62219.33
1781110800,62219.33,62360,62012,62092.42
1781111700,62092.43,62192,61894,61903.45
1781112600,61903.45,61926,61654.54,61747.47
1781113500,61747.47,62044.73,61726,61969.99
1781114400,61969.99,62162.9,61916.99,61959.7
1781115300,61959.7,62020.01,61849.49,62016
1781116200,62016,62016,61745.99,61775.99
1781117100,61776,61892,61588.8,61882
1781118000,61881.99,61940,61738,61752
1781118900,61752,61830,61673.79,61793.55
1781119800,61793.54,62062.98,61789.82,62020
1781120700,62019.99,62044.55,61844.4,61942.44
1781121600,61942.45,61949.21,61688,61816.01
1781122500,61816.01,61942,61746,61914
1781123400,61913.99,61924.64,61805.27,61810.9
1781124300,61810.9,61836,61704.23,61805.51
1781125200,61805.5,61805.51,61504.47,61547.5
1781126100,61547.5,61700,61540,61576
1781127000,61576,61717.99,61576,61683.99
1781127900,61684,61692,61179.19,61356.18
1781128800,61356.18,61365.1,61169.99,61245.06
1781129700,61245.07,61344.29,61104.24,61253.99
1781130600,61253.99,61574,61245.99,61555.99
1781131500,61555.99,61561.75,61370,61381.46
1781132400,61381.46,61381.46,61189.77,61207.15
1781133300,61207.15,61573.46,61166,61556
1781134200,61556,61604,61470.5,61544.01
1781135100,61544,61585.44,61478,61510.99
1781136000,61510.99,61692.1,61510.99,61690.01
1781136900,61690,61974.7,61690,61884
1781137800,61884,61898.02,61776.21,61784
1781138700,61784.01,61928,61784.01,61812
1781139600,61812,62114.77,61812,62040
1781140500,62039.54,62228.57,62018,62175.99
1781141400,62176,62378,62098,62263.97
1781142300,62263.96,62294,62177.49,62206.01
1781143200,62206.01,62278,62110,62180.85
1781144100,62180.85,62304,62050.27,62058.59
1781145000,62058.58,62101.92,61944.19,62074.17
1781145900,62074.16,62223.65,62008.07,62148
1781146800,62148.01,62187.99,62012,62065.48
1781147700,62065.48,62126.01,62022,62109.45
1781148600,62109.46,62562,62109.46,62367.87
1781149500,62367.87,62848,62363.91,62689.48
1781150400,62689.47,62736,62578.25,62671.37
1781151300,62671.38,62706,62605.78,62625.19
1781152200,62625.19,62696,62546.34,62665.61
1781153100,62665.61,62854,62664.85,62726.86
1781154000,62726.85,62726.86,62556.84,62624.32
1781154900,62624.33,62719.47,62580.01,62636
1781155800,62636,62700,62598,62700
1781156700,62700,62710,62603.56,62610
1781157600,62610,62812.77,62544.89,62781.99
1781158500,62782,62997.53,62731.97,62874.93
1781159400,62874.93,62994,62855.12,62953
1781160300,62952.99,62954,62756,62772
1781161200,62772.01,62784.38,62612.01,62660
1781162100,62660,62798,62646,62787.7
1781163000,62787.71,62842.92,62615.82,62674.01
1781163900,62674,62750,62674,62719.39
1781164800,62719.39,62876.71,62719.38,62833.31
1781165700,62833.3,62955.89,62806,62949.59
1781166600,62949.59,62982.55,62850,62858
1781167500,62858.01,63050,62858,62957.99
1781168400,62958,62961.99,62822.56,62873.11
1781169300,62873.11,62873.11,62790,62817.88
1781170200,62817.89,62963.49,62817.88,62938.95
1781171100,62938.94,62989.97,62901.91,62927.49
1781172000,62927.49,62979.38,62839.48,62913.68
1781172900,62913.69,62926.91,62789.62,62852.91
1781173800,62852.92,62955,62848,62919.7
1781174700,62919.7,63214.97,62919.69,63148
1781175600,63148,63207.5,63040.01,63189.91
1781176500,63189.91,63226,63106,63162
1781177400,63162.01,63257.21,63084,63136.59
1781178300,63136.59,63245.88,63088.52,63108
1781179200,63108.01,63190,63000.01,63157.32
1781180100,63157.32,63187.28,62669.12,62684.01
1781181000,62684,62949.99,62500,62918.01
1781181900,62918,63038.31,62859.66,63010.01
1781182800,63010,63010.01,62862,62907.88
1781183700,62907.88,63041.6,62796.85,62815.46
1781184600,62815.46,62964,62677.84,62964
1781185500,62964,63239.43,62946.28,63077.57
1781186400,63077.71,63100,62752,62794.01
1781187300,62794,63029.74,62732.6,63018.32
1781188200,63018.32,63068,62850.01,62858.01
1781189100,62858.01,63008,62734.01,62734.02
1781190000,62734.02,62861.4,62518.1,62700.83
1781190900,62700.83,62813.74,62630,62731.6
1781191800,62729.1,62887.88,62643.99,62686
1781192700,62686,62749.44,62568.65,62749.44
1781193600,62749.44,62832.01,62675.99,62825.99
1781194500,62826,62842,62570,62639.78
1781195400,62639.78,62809.1,62548.79,62662
1781196300,62661.99,62686.78,62582,62582.45
1781197200,62582.45,62630,62385.75,62467.12
1781198100,62467.12,63019.12,62348,63012.41
1781199000,63016.23,63488.88,62979.46,63331.99
1781199900,63331.99,63655.83,63318.02,63644.19
1781200800,63644.18,63788,63324.35,63475.77
1781201700,63475.76,63613.99,63350,63388.51
1781202600,63388.51,63565.6,63376,63544.49
1781203500,63544.49,63581.08,63461.11,63461.12
1781204400,63461.12,63598,63390,63532.01
1781205300,63532.02,63705.18,63532.01,63593.64
1781206200,63593.64,63933.02,63593.64,63685.52
1781207100,63685.52,63722.02,63598.41,63605.68
1781208000,63605.69,63663.4,63492.89,63535.05
1781208900,63535.04,63548.78,63327.3,63367.88
1781209800,63367.89,63408,63288.94,63288.95
1781210700,63288.94,63406,63270,63393.67
1781211600,63393.67,63599.99,63393.66,63557.61
1781212500,63557.61,63560,63446.09,63477.99
1781213400,63478,63542,63460,63531.99
1781214300,63532,63584.38,63458,63519.99
1781215200,63519.99,63659.39,63506.13,63631.53
1781216100,63632.97,63670,63536,63592.65
1781217000,63592.65,63639.92,63496,63502.62
1781217900,63502.62,63578,63462,63500.01
1781218800,63500,63500.01,63362,63409.99
1781219700,63409.99,63428,63376,63379.51
1781220600,63379.51,63700,63379.5,63634.34
1781221500,63634.34,63655.79,63520.86,63625.99
1781222400,63626,63810.01,63544.52,63736.58
1781223300,63736.57,63736.58,63520.86,63616
1781224200,63616,63742,63568,63650.78
1781225100,63650.78,63727.44,63632,63648.8
1781226000,63648.8,63648.8,63469.86,63486.46
1781226900,63486.46,63532,63301.53,63355.93
1781227800,63355.79,63414,63313.22,63362
1781228700,63362,63461.67,63362,63426.2
1781229600,63426.21,63779.11,63426.2,63665.21
1781230500,63665.2,63692,63531.94,63555.98
1781231400,63555.98,63645,63499.65,63635.98
1781232300,63635.98,63636,63556,63624.07
1781233200,63624.07,63649.99,63519.14,63531
1781234100,63530.99,63531,63357.7,63441.34
1781235000,63441.34,63525.18,63441.33,63474.56
1781235900,63474.56,63530,63458,63524.82
1781236800,63524.81,63555.21,63426.48,63503.62
1781237700,63503.62,63805,63503.61,63797.51
1781238600,63797.51,63863.98,63692,63721.26
1781239500,63721.26,63752.51,63692,63700
1781240400,63700,63721.31,63420.74,63439.65
1781241300,63439.65,63540,63439.64,63486.82
1781242200,63486.82,63500,63341.81,63400.01
1781243100,63400,63410.01,63310,63358.2
1781244000,63358.2,63411.5,63269.73,63304.35
1781244900,63304.35,63304.35,63103.07,63150.01
1781245800,63150,63150.01,62829.81,62924.08
1781246700,62924.08,63020,62914.6,62980.45
1781247600,62980.46,63116.98,62980.46,62983.33
1781248500,62983.32,63079.68,62956,63030.38
1781249400,63030.38,63094.66,62972,63062.09
1781250300,63062.09,63211.74,63008,63100.8
1781251200,63100.8,63346,63100.8,63304.41
1781252100,63304.42,63615.84,63292.71,63533.37
1781253000,63533.36,63541.87,63380.62,63395
1781253900,63395.01,63492.82,63354.69,63470.81
1781254800,63470.81,63584.78,63438,63566
1781255700,63565.99,63789.03,63555.25,63771.85
1781256600,63771.85,63953.84,63766.32,63888.82
1781257500,63888.81,63938,63744.56,63752.93
1781258400,63752.93,63852,63690.46,63771.98
1781259300,63771.99,63814,63588.34,63618.81
1781260200,63618.82,63762.32,63618.81,63684
1781261100,63683.99,63742.21,63666,63702.01
1781262000,63702.01,63884,63684.44,63831.35
1781262900,63831.35,63880,63762.07,63828
1781263800,63828,63828.01,63690,63801.73
1781264700,63801.73,63884.49,63766,63766.01
1781265600,63766.01,63775,63624.07,63634.98
1781266500,63634.97,63681.99,63463.03,63463.19
1781267400,63463.19,63568.56,63388.76,63430.8
1781268300,63430.8,63550.15,63378,63465.51
1781269200,63465.52,63507.76,63368.97,63487.96
1781270100,63487.96,63532.59,63353.64,63407.99
1781271000,63407.99,63452,63045.29,63138.01
1781271900,63138.01,63264,63106.01,63229.1
1781272800,63229.1,63558,63190,63450.48
1781273700,63450.48,63656.27,63320,63631.99
1781274600,63631.99,63784,63482,63504.59
1781275500,63504.6,64000,63463.59,63999.99
1781276400,63999.99,64380,63895,64372
1781277300,64372,64394.44,64132.04,64132.04
1781278200,64132.05,64132.05,63808.2,63900
1781279100,63900,63934,63551.9,63593.02
1781280000,63593.02,63986.71,63510.16,63861.34
1781280900,63861.33,63996,63768,63900
1781281800,63900,63995.25,63762.98,63844.99
1781282700,63844.99,63982.49,63832.01,63982.48
1781283600,63982.48,64111.1,63875.02,63910.09
1781284500,63910.08,63916,63745.99,63832
1781285400,63832,63913.99,63764,63828
1781286300,63828,63884.39,63806,63865.44
1781287200,63865.45,63934.34,63699.77,63818
1781288100,63818.01,63834,63686,63782.62
1781289000,63782.61,63915.82,63728.38,63864.43
1781289900,63864.43,63900,63686,63694
1781290800,63694.01,63780,63671.71,63712.29
1781291700,63712.29,63786.01,63651.04,63726.11
1781292600,63726.1,63830.93,63638,63640.55
1781293500,63640.55,63672,63589.27,63589.27
1781294400,63589.28,63696.41,63568,63626
1781295300,63626,63640,63510,63524.67
1781296200,63524.68,63572,63509.7,63522
1781297100,63522,63533.76,63400,63449
1781298000,63449.01,63624.08,63440.01,63600
1781298900,63600.01,63624.62,63500.03,63510
1781299800,63510,63578.73,63505.64,63537.99
1781300700,63538,63549.99,63450,63472
1781301600,63471.99,63562,63471.99,63510.68
1781302500,63510.79,63658,63494,63604.01
1781303400,63604.01,63619.73,63472.69,63507.99
1781304300,63508,63536.71,63492.01,63502
1781305200,63502,63525.44,63448,63463.92
1781306100,63463.92,63497.61,63426.83,63453.32
1781307000,63453.32,63569.99,63439,63505.01
1781307900,63505.01,63580.01,63505.01,63580.01
1781308800,63580,63608.58,63535.3,63592.05
1781309700,63592.05,63594,63530,63530
1781310600,63530.01,63626.92,63507.39,63588.02
1781311500,63588.01,63652.11,63554.32,63600.01
1781312400,63600.01,63699.58,63600.01,63656
1781313300,63655.99,63676.02,63612,63653.99
1781314200,63654,63839.99,63640.29,63754.91
1781315100,63754.92,63840,63754.91,63837.89
1781316000,63837.88,63837.89,63772.26,63794
1781316900,63794,63802,63694,63713.43
1781317800,63713.43,63726,63624.07,63624.08
1781318700,63624.08,63656,63558,63646.01
1781319600,63646.01,63720.88,63646,63662.51
1781320500,63662.51,63681.19,63418.66,63511.81
1781321400,63511.81,63522.08,63478.92,63504.72
1781322300,63504.72,63556,63500,63532
1781323200,63532,63568.11,63484,63513.73
1781324100,63513.73,63584,63497.31,63542.01
1781325000,63542.01,63625.99,63536,63623.43
1781325900,63623.43,63663.91,63512,63512.01
1781326800,63512.01,63590,63493.16,63568.58
1781327700,63568.59,63596,63536.01,63552
1781328600,63552,63588.92,63523.38,63566.95
1781329500,63566.94,63584.03,63493.17,63584.03
1781330400,63584.03,63611.73,63554.82,63582.54
1781331300,63582.53,63680,63550.51,63679.99
1781332200,63680,63720.29,63648,63681
1781333100,63681,63740,63680.99,63735.74
1781334000,63736,63750,63674.98,63728
1781334900,63728,63808,63680.01,63779.09
1781335800,63779.09,63840.36,63752.45,63821.82
1781336700,63821.82,63883.47,63805.17,63846
1781337600,63845.99,63883.5,63776.62,63792
1781338500,63792,63831.22,63766.18,63810.01
1781339400,63810.01,63910,63795.93,63878.02
1781340300,63878.01,63878.02,63791.01,63806
1781341200,63806,63843.99,63783.41,63806
1781342100,63806,63867.65,63804.85,63815.99
1781343000,63815.99,63831.96,63791.99,63814.27
1781343900,63814.28,63814.28,63742.57,63743.12
1781344800,63743.13,63782,63726.57,63782
1781345700,63781.99,63794,63756,63782
1781346600,63782.01,63888,63782,63854.3
1781347500,63854.3,63908.48,63800,63843.01
1781348400,63843.01,63949.99,63843.01,63924.41
1781349300,63924.41,63984.53,63924.31,63952.18
1781350200,63952.18,63952.19,63890.83,63905.2
1781351100,63905.21,63980.01,63896.85,63971.28
1781352000,63971.28,63971.69,63921.33,63938.42
1781352900,63938.41,63989.47,63928.02,63949.85
1781353800,63949.85,64022,63949.84,64002.61
1781354700,64002.6,64214,64002.6,64133.12
1781355600,64133.12,64175.93,64078.01,64172.23
1781356500,64172.22,64234,64118.73,64230.26
1781357400,64230.25,64245.88,64155.23,64155.24
1781358300,64155.24,64194,64060,64102.69
1781359200,64102.61,64183.98,64090.09,64154.46
1781360100,64154.47,64184.72,64105.48,64132.8
1781361000,64132.81,64211.85,64132.8,64179.97
1781361900,64179.97,64233.73,64179.96,64220.97
1781362800,64220.96,64310.22,64186.97,64287.3
1781363700,64287.3,64331.71,64235.5,64295.54
1781364600,64295.55,64350,64242.01,64242.02
1781365500,64242.02,64326.63,64193.58,64296.15
1781366400,64296.15,64307.52,64002.72,64097.34
1781367300,64097.35,64097.35,63978.79,63982.04
1781368200,63982.05,64072,63975.6,64062.39
1781369100,64062.4,64165.84,63920.05,64029.17
1781370000,64029.17,64057.99,63951.59,63964.16
1781370900,63964.16,64098,63944,64097.99
1781371800,64098,64120,64069.22,64105.99
1781372700,64106,64120,63948,63971.19
1781373600,63971.2,64070.84,63971.19,64057.06
1781374500,64057.06,64206,64028,64194.06
1781375400,64194.05,64282.19,64174.39,64265.76
1781376300,64265.77,64268,64054.48,64161.46
1781377200,64161.46,64210.52,64152,64204.49
1781378100,64204.48,64204.49,64152,64193.94
1781379000,64193.93,64312.75,64158,64290.9
1781379900,64290.9,64333.62,64284.83,64296.59
1781380800,64296.59,64296.6,64234,64274.63
1781381700,64274.62,64288,64241.54,64241.55
1781382600,64241.55,64264.28,64226.83,64254.8
1781383500,64253.81,64290,64243.45,64278.31
1781384400,64278.31,64312,64226.38,64242.28
1781385300,64242.29,64272,64233.6,64244.53
1781386200,64244.52,64762.77,64244.52,64567.77
1781387100,64567.76,64573.36,64441.04,64471.04
1781388000,64471.04,64471.04,64383.61,64421.99
1781388900,64421.99,64532.7,64384,64522.13
1781389800,64522.13,64556,64490.53,64522.73
1781390700,64522.73,64522.74,64456.47,64456.47
1781391600,64456.46,64472.9,64438.99,64439.29
1781392500,64439.3,64596.99,64439.29,64451.69
1781393400,64451.69,64490,64439.29,64454.02
1781394300,64454.02,64464.92,64382.42,64458.01
1781395200,64458.01,64473.99,64380.7,64427.39
1781396100,64427.39,64534,64390,64460
1781397000,64460,64560,64455.79,64555.75
1781397900,64555.74,64579.03,64516,64565
1781398800,64565.01,64689.83,64507.25,64638
1781399700,64637.99,64710,64626.3,64660
1781400600,64660.01,64660.01,64562.9,64564.99
1781401500,64564.99,64636,64561.24,64563
1781402400,64563,64634,64562.99,64621.37
1781403300,64621.38,64636,64520.41,64539.99
1781404200,64540,64560.55,64509.99,64510
1781405100,64510,64510,64476.01,64490.01
1781406000,64490.01,64520,64474.04,64496.01
1781406900,64496.01,64540,64492.76,64530.19
1781407800,64530.19,64539.69,64466,64482.66
1781408700,64482.85,64545.4,64466.46,64545.3
1781409600,64545.3,64563.48,64492.53,64498.39
1781410500,64498.38,64520,64470,64470
1781411400,64470.01,64474.59,64386.59,64393.21
1781412300,64393.21,64393.21,64325.61,64339.07
1781413200,64339.07,64393.64,64332,64373.75
1781414100,64373.75,64373.75,64298,64306.32
1781415000,64306.33,64411.2,64293.41,64360.64
1781415900,64360.64,64386.18,64336,64338
1781416800,64338,64487.8,64338,64475.36
1781417700,64475.37,64475.37,64330,64389.93
1781418600,64389.94,64389.94,64232.12,64244.01
1781419500,64244.01,64293.99,64244.01,64286.1
1781420400,64286.1,64295.01,64214,64217.4
1781421300,64217.4,64372.94,64217.4,64356.96
1781422200,64356.95,64356.96,64298.05,64304.03
1781423100,64304.02,64445.95,64304.02,64429.39
1781424000,64429.39,64460,64392,64440.01
1781424900,64440,64513.82,64440,64485.84
1781425800,64485.85,64502,64448.1,64458.15
1781426700,64458.15,64480.64,64446.02,64456.33
1781427600,64456.33,64482.41,64418,64428.44
1781428500,64428.44,64428.44,64321.18,64353.99
1781429400,64353.98,64590,64347.8,64553.54
1781430300,64553.54,64617.99,64541.56,64616
1781431200,64616,64616,64498.01,64527.14
1781432100,64527.15,64647.5,64517.37,64598
1781433000,64598,64664,64594,64606
1781433900,64606,64613.89,64513.27,64521.13
1781434800,64521.13,64577.99,64460,64562.28
1781435700,64562.27,64592,64509.12,64582.78
1781436600,64582.78,64638.01,64582.77,64612.31
1781437500,64612.31,64641.9,64546,64546
1781438400,64546.01,64560.66,64470.81,64476.53
1781439300,64476.53,64504.99,64466,64467.25
1781440200,64467.25,64476.01,64323.99,64358.12
1781441100,64358.12,64375.98,64295.06,64327.53
1781442000,64327.54,64384.01,64308.59,64360.01
1781442900,64360.01,64398.14,64258.43,64277.56
1781443800,64277.57,64380,64244,64368
1781444700,64368,64387.93,64286,64317.99
1781445600,64318,64341.43,64264.04,64308.33
1781446500,64308.34,64330,64151.2,64158.23
1781447400,64158.24,64175.09,63888,63938
1781448300,63938,63984,63866.66,63983.55
1781449200,63983.56,64153.75,63980.35,64100.21
1781450100,64100.21,64132,63995.67,64059.37
1781451000,64059.36,64114,64000.01,64034.01
1781451900,64034.01,64075.6,64000,64025.07
1781452800,64025.06,64132.84,64006.11,64108.01
1781453700,64108.01,64208.92,64089.33,64135.53
1781454600,64135.52,64190,64135.52,64160.08
1781455500,64160.09,64169.54,63936,63942.63
1781456400,63942.63,64019.38,63891.86,63965.58
1781457300,63965.58,63996,63900.59,63903.25
1781458200,63903.24,63967.28,63760.4,63843.69
1781459100,63843.69,63878,63694.11,63732.64
1781460000,63732.65,63786,63678.83,63727.19
1781460900,63727.19,63776,63681.55,63727.07
1781461800,63727.07,63794.87,63727.06,63777.32
1781462700,63777.32,63813.3,63760,63813.3
1781463600,63813.3,63834.76,63734.71,63790.82
1781464500,63790.83,63861.86,63787.84,63797.57
1781465400,63797.56,63832,63752.5,63760.95
1781466300,63760.95,63802,63741.36,63802
1781467200,63801.99,63864,63794.09,63815.98
1781468100,63815.98,63960,63815.98,63923.99
1781469000,63923.99,64092.4,63919.36,64044.71
1781469900,64044.71,64078.01,64004,64008.64
1781470800,64008.64,64103.53,64007.24,64103.52
1781471700,64103.52,64949,64103.52,64774.97
1781472600,64774.97,65437.74,64680.69,65270.67
1781473500,65270.67,65666,65250.22,65311.59
1781474400,65311.59,65534.94,64946.12,65122.65
1781475300,65122.64,65256,65000,65216.27
1781476200,65216.28,65580,65175.07,65469.44
1781477100,65469.44,65499.99,65340.27,65426.78
1781478000,65426.78,65620,65256.21,65562
1781478900,65561.99,65740,65501.99,65684.64
1781479800,65684.64,65749.99,65530.45,65569.45
1781480700,65569.45,65800,65558,65746.45
1781481600,65746.45,65923,65630.48,65888
1781482500,65888.01,65888.01,65666.29,65760
1781483400,65760.01,65771.31,65480.69,65555.48
1781484300,65555.49,65647.89,65504,65625.99
1781485200,65626,65626,65354,65511.28
1781486100,65511.28,65529.61,65358,65400.01
1781487000,65400,65734.87,65380.01,65718.01
1781487900,65718,65718.01,65477.44,65525
1781488800,65525.01,65658,65446,65654.9
1781489700,65654.89,65775.15,65636,65639.3
1781490600,65639.29,65670,65570.44,65570.45
1781491500,65570.44,65570.44,65415.02,65472.01
1781492400,65472.01,65730,65422.83,65727.99
1781493300,65727.99,65735.89,65664.78,65726.01
1781494200,65726.01,65930.52,65692,65908.01
1781495100,65908,65995,65834.31,65927.1
1781496000,65927.11,65927.11,65712.52,65718.89
1781496900,65718.9,65772.49,65700,65721.66
1781497800,65721.66,65741.73,65653.5,65695
1781498700,65695.01,65719.79,65633.28,65644.01
1781499600,65644,65688.4,65611.01,65686
1781500500,65686,65872,65685.99,65828.03
1781501400,65828.04,65832.8,65704,65724.01
1781502300,65724.01,65858.01,65712,65858.01
1781503200,65858,65918,65816.53,65890.01
1781504100,65890,65967.27,65859.76,65942.01
1781505000,65942.01,65948.39,65775.45,65812.01
1781505900,65812,65892.16,65801.33,65812.01
1781506800,65812.01,65868,65688,65816.57
1781507700,65816.58,66000,65816.57,65958.02
1781508600,65958.01,65958.02,65726.65,65747.15
1781509500,65747.15,65776,65628.45,65674.76
1781510400,65674.76,65753.66,65628,65732
1781511300,65732,65752,65620,65675.56
1781512200,65675.56,65790,65664,65768.01
1781513100,65768,65800,65638,65662.01
1781514000,65662,65712,65662,65681.39
1781514900,65681.4,65779.5,65644.16,65644.17
1781515800,65644.17,65655.26,65512,65571.99
1781516700,65571.99,65615.16,65516.46,65596.86
1781517600,65596.86,65764,65584.37,65740.01
1781518500,65740.01,65757.45,65704,65715.53
1781519400,65715.52,65762,65712,65762
1781520300,65762,65973.15,65734.07,65917.37
1781521200,65917.37,66018.38,65832.78,65942.39
1781522100,65942.39,66385.12,65930.01,66258.96
1781523000,66258.95,66298,66128,66151.93
1781523900,66151.92,66244,66126.01,66233.9
1781524800,66233.89,66316.64,66106,66284
1781525700,66284,66338,66188.02,66283.99
1781526600,66284,66470,66194,66470
1781527500,66469.99,66600.91,66420.01,66563.49
1781528400,66563.48,66699.35,66480.84,66618.66
1781529300,66618.66,66949.22,66600,66841.92
1781530200,66841.92,66886,66474,66573.58
1781531100,66573.59,66656,66412,66447.05
1781532000,66447.06,66460.53,66251.58,66442.03
1781532900,66442.02,66560,66400,66559.99
1781533800,66560,66563.28,66421.59,66536.09
1781534700,66536.09,66675.83,66536.09,66591.55
1781535600,66591.54,66692,66580.42,66625.29
1781536500,66625.29,66750,66588.83,66658.01
1781537400,66658,66920,66611.27,66910.03
1781538300,66910.03,67292.15,66910.03,67292.14
1781539200,67292.15,67292.15,67098.25,67260
1781540100,67260,67268,67100.01,67185.99
1781541000,67186,67268,67147.14,67170.67
1781541900,67170.68,67214,67088.83,67157.99
1781542800,67158,67158,66585.26,66896.66
1781543700,66896.66,66971.45,66768,66818.01
1781544600,66818,66924.52,66678,66884.01
1781545500,66884.01,66944.7,66836.66,66851.79
1781546400,66851.8,66933.86,66715.61,66803.99
1781547300,66804,66886,66800.52,66826.43
1781548200,66826.43,66875.38,66746.25,66803.45
1781549100,66803.45,66920,66760,66766.12
1781550000,66766.13,66886.02,66728,66854
1781550900,66853.99,66889.85,66348,66530.54
1781551800,66530.54,66728.63,66530,66722
1781552700,66721.99,66749.95,66502.47,66614.35
1781553600,66615.98,66630,66506.43,66557.99
1781554500,66558,66610.41,66520,66577.99
1781555400,66578,66681.3,66577.99,66592.02
1781556300,66592.01,66592.01,66489.86,66519.98
1781557200,66519.99,66532,66430.22,66517.44
1781558100,66517.44,66567.38,66395.64,66410
1781559000,66410,66474,66314.34,66436
1781559900,66435.99,66447.99,66364.01,66368.15
1781560800,66368.15,66476.64,66364,66364.01
1781561700,66364.01,66412,66102.91,66162.01
1781562600,66162.01,66371.66,66076.56,66296.13
1781563500,66296,66326,66198.74,66206.34
1781564400,66206.34,66286,66184,66270.4
1781565300,66270.4,66295.64,66150,66226.07
1781566200,66226.07,66269.52,66116.59,66269.52
1781567100,66269.52,66368,66246.13,66328.74
1781568000,66328.74,66405.17,66276.67,66391.97
1781568900,66391.97,66418.73,66242,66247.99
1781569800,66248,66463.26,66244,66414.53
1781570700,66414.53,66435.99,66243.21,66250
1781571600,66250,66362.65,66248.93,66285.14
1781572500,66285.14,66382.3,66260.77,66376.66
1781573400,66376.67,66415.53,66354.7,66359.22
1781574300,66359.23,66418.01,66327.5,66346.52
1781575200,66346.51,66367.69,66033.52,66065.07
1781576100,66065.07,66160,65753.25,65776.01
1781577000,65776.01,65928.86,65750.57,65878
1781577900,65878,65887.82,65678.14,65741.99
1781578800,65742,65850,65678.9,65810
1781579700,65810.01,66007.19,65650,65980.46
1781580600,65980.45,66125,65980.45,66125
1781581500,66125,66166.61,66100,66165.21
1781582400,66165.21,66301.83,66134,66150.77
1781583300,66150.77,66162,65980,65980
1781584200,65980,65980,65802,65886.65
1781585100,65886.64,65899.22,65806.02,65840.09
1781586000,65840.1,66068,65840.09,66026
1781586900,66026,66114,65966,66076.01
1781587800,66076.01,66118,66010.99,66089.38
1781588700,66089.38,66150.22,66044.99,66045
1781589600,66044.99,66190,66044.99,66188.92
1781590500,66188.91,66347.07,66154.11,66339.05
1781591400,66339.04,66572.99,66296,66398.52
1781592300,66398.52,66549.96,66394,66446
1781593200,66446.01,66527.23,66348.32,66348.32
1781594100,66348.32,66477.89,66318.6,66338.01
1781595000,66338.01,66426,66314.7,66320.21
1781595900,66320.2,66383.24,66300.1,66372
1781596800,66372,66503.24,66345.06,66472
1781597700,66472,66595.32,66369.3,66554.96
1781598600,66554.95,66652.76,66514.32,66618
1781599500,66618,66992,66570,66899.61
1781600400,66899.61,66923.99,66726,66763.36
1781601300,66763.35,66763.36,66560,66618
1781602200,66618,66733.99,66586,66701.83
1781603100,66701.83,66727.77,66474.74,66510
1781604000,66510.01,66593.34,66500.56,66540.02
1781604900,66540.02,66778,66540.02,66672.17
1781605800,66672.16,66672.17,66578,66617.99
1781606700,66617.99,66622,66486.38,66514
1781607600,66514.01,66643.23,66448.64,66511.99
1781608500,66512,66582,66396.74,66477.05
1781609400,66477.05,66478.6,66368.36,66403.17
1781610300,66403.18,66490.33,66380,66481.73
1781611200,66481.73,66569.8,66406.15,66556.52
1781612100,66556.53,66682.87,66547.38,66582.58
1781613000,66582.59,66818,66442,66498.01
1781613900,66498,66500,66368,66429.83
1781614800,66429.84,66463.13,66010,66207.56
1781615700,66207.57,66274.63,66011.23,66019.2
1781616600,66019.19,66166,65928.16,66128.93
1781617500,66128.93,66210,66006.63,66052
1781618400,66052.01,66265.8,66007.63,66027.23
1781619300,66027.23,66068,65516,65553.07
1781620200,65553.07,65748,65360.92,65689.59
1781621100,65689.58,65780,65609.99,65654.9
1781622000,65654.9,65880.41,65614.3,65858.05
1781622900,65858.05,65908,65712.64,65814.01
1781623800,65814.01,65999.78,65803.27,65846.01
1781624700,65846,65986,65679.48,65859.76
1781625600,65859.76,65953.97,65776.01,65776.01
1781626500,65776.02,65822,65726.15,65785.99
1781627400,65786,65866,65706,65808.01
1781628300,65808.01,65827.39,65706,65758.07
1781629200,65758.07,65851.78,65740.01,65792.01
1781630100,65792.01,65861.66,65710.34,65747.17
1781631000,65747.16,65820,65713.96,65750.92
1781631900,65750.92,66011.47,65740,65978.79
1781632800,65978.78,66248.69,65951.35,66137.04
1781633700,66136.83,66136.84,65872,65909.99
1781634600,65910,65970,65802,65846
1781635500,65846.01,65932.03,65828.01,65847.99
1781636400,65848,65848,65654.9,65670
1781637300,65670.01,65722,65560,65706.64
1781638200,65706.65,65780,65602,65642.66
1781639100,65642.65,65726,65566,65675.88
1781640000,65675.89,65760,65592,65759.99
1781640900,65759.99,65849.03,65694,65721.39
1781641800,65721.39,65844,65720.34,65843.99
1781642700,65843.99,65865.92,65830,65854
1781643600,65854,65938,65838.22,65918
1781644500,65917.99,65918,65726.55,65728.01
1781645400,65728.01,65753.96,65654.9,65733.02
1781646300,65733.01,65787.73,65710.05,65776.97
1781647200,65776.97,65880,65714.84,65842
1781648100,65842.01,65882,65720.65,65776.92
1781649000,65776.92,65792.01,65704,65720.64
1781649900,65720.64,65792,65680,65780
1781650800,65780.01,65834.19,65727.19,65762.92
1781651700,65762.93,65762.94,65644,65732
1781652600,65732,65778,65712,65722.68
1781653500,65722.67,65722.67,65626.9,65675.01
1781654400,65675.02,65806.57,65675.02,65751.09
1781655300,65751.08,65797.06,65707.28,65725.95
1781656200,65725.96,65840,65692.27,65832.01
1781657100,65832.01,65848,65699.99,65700
1781658000,65700,65832,65688,65805.29
1781658900,65805.28,65805.29,65477.5,65585.74
1781659800,65585.74,65817.96,65544.49,65759.76
1781660700,65759.76,65956.56,65759.76,65940
1781661600,65940,65940.01,65840,65905.21
1781662500,65905.21,66200,65879.75,66106
1781663400,66105.99,66107.99,65788,65858.05
1781664300,65858.05,65914.53,65834,65904
1781665200,65903.99,65904,65808,65820.01
1781666100,65820.01,65820.01,65703.45,65780
1781667000,65780,65882.99,65780,65797.98
1781667900,65797.98,65853.8,65770,65851.99
1781668800,65852,65902.44,65824,65839.34
1781669700,65839.33,65909.01,65788.31,65906.95
1781670600,65906.96,65945.1,65864.01,65927.99
1781671500,65928,66048.19,65892,65892
1781672400,65892.01,65978,65794,65818
1781673300,65818,65861.66,65746.51,65856
1781674200,65856.01,65927.71,65814.43,65919.03
1781675100,65919.02,65934.02,65774.01,65836.3
1781676000,65836.3,65864,65790.24,65862
1781676900,65862.01,65896.45,65650,65650.01
1781677800,65650,65739.62,65582.63,65639.25
1781678700,65639.25,65679.73,65602.43,65624
1781679600,65624.01,65700,65556.33,65688
1781680500,65688,65710,65482.41,65555.79
1781681400,65555.8,65584.57,65477.28,65540.1
1781682300,65540.11,65594,65251,65539.5
1781683200,65539.51,65574,65340.49,65340.5
1781684100,65340.5,65393.46,65241.39,65330.01
1781685000,65330.01,65330.01,64920,64920.01
1781685900,64920.01,65020,64833.07,64926.02
1781686800,64926.02,65036.87,64912.55,64975.99
1781687700,64975.99,65076.76,64932.97,65045.99
1781688600,65045.98,65068,64928.01,64947.74
1781689500,64947.74,65000,64842.01,64909.44
1781690400,64909.44,64993.97,64809.98,64879.98
1781691300,64879.98,64981.43,64851.6,64936
1781692200,64936,64974,64872,64924
1781693100,64924,64944,64768,64798
1781694000,64798,64853.99,64577,64605.59
1781694900,64605.59,64745.59,64565,64704.91
1781695800,64704.91,64800,64670,64790.71
1781696700,64790.71,64868.21,64790.71,64810.01
1781697600,64810.01,64873.99,64755.06,64850.18
1781698500,64850.18,64856.36,64650,64687.99
1781699400,64688,64918,64590.53,64914.6
1781700300,64914.6,65108,64914.6,65040.88
1781701200,65040.88,65098,64983.27,65083.99
1781702100,65084,65084,64867.27,64927.99
1781703000,64927.99,65342.71,64850,65280
1781703900,65279.99,65369.53,65233.4,65278
1781704800,65278,65351.62,65134,65345.99
1781705700,65345.99,65461.38,65142,65252
1781706600,65252,65291.37,65049.49,65111.42
1781707500,65111.42,65288,64772.72,65101.45
1781708400,65101.45,65241.38,64987.74,65234.27
1781709300,65234.27,65420,65198,65327.76
1781710200,65327.77,65516.43,65262,65493.99
1781711100,65493.99,65855.66,65478,65752
1781712000,65751.99,65881,65722,65847.99
1781712900,65847.99,66445.93,65820,66258
1781713800,66258,66326.87,65895.25,65970.1
1781714700,65970.11,66015.14,65844,65864.12
1781715600,65864.13,65978,65800,65864.01
1781716500,65864.01,66010,65840.01,65973.99
1781717400,65973.99,66012,65842,65858.66
1781718300,65858.66,66191.98,65823.34,66104.08
1781719200,66107.99,66107.99,64800,65301.52
1781720100,65301.52,65536.34,65272.05,65404.14
1781721000,65404.13,66057.99,65272.74,66036.87
1781721900,66036.87,66042.32,65350,65516
1781722800,65516,65666,65094.24,65366.01
1781723700,65366.01,65380.01,64316.17,64470
1781724600,64470,64680,64150,64178.25
1781725500,64178.25,64314.36,63998.35,64301.85
1781726400,64301.85,64457.89,64186.85,64214.69
1781727300,64214.69,64457.96,64207.9,64361.11
1781728200,64361.1,64488.96,64232.17,64232.17
1781729100,64232.17,64439.84,64181.33,64434.36
1781730000,64434.36,64452,64262,64328.92
1781730900,64328.92,64379.5,64266,64266
1781731800,64266.01,64416,64159.36,64190
1781732700,64190.01,64277.53,64142,64257.77
1781733600,64257.77,64257.99,63915.77,64103.99
1781734500,64104,64371.06,64072,64364.42
1781735400,64364.42,64434.84,64244,64266.01
1781736300,64266.01,64422.54,64257.83,64300.01
1781737200,64300.01,64405.45,64248,64317.99
1781738100,64318,64529.2,64318,64496
1781739000,64495.99,64522.49,64405.22,64443.69
1781739900,64443.68,64516,64400,64509.4
1781740800,64509.4,64657.8,64490,64634.91
1781741700,64634.92,64702,64548.92,64593.59
1781742600,64593.59,64698,64501,64589.97
1781743500,64589.77,64614,64457.67,64468.01
1781744400,64468.01,64806,64466.3,64729.6
1781745300,64729.6,64740,64624.37,64658.77
1781746200,64658.77,64750.54,64608.09,64619.61
1781747100,64619.6,64619.61,64477.26,64548.74
1781748000,64548.75,64674,64532.05,64569.38
1781748900,64569.37,64747.19,64488,64702.2
1781749800,64702.19,64764.88,64681.87,64762.29
1781750700,64762.29,64776.66,64682,64689.5
1781751600,64689.5,64689.5,64525.42,64525.43
1781752500,64525.43,64530,64317.45,64320
1781753400,64320,64403.34,64267.86,64328.03
1781754300,64328.02,64407.48,64274.38,64282.82
1781755200,64282.82,64347.09,63826.93,63939.93
1781756100,63939.92,64108,63856.46,63951.98
1781757000,63951.98,63984.4,63880,63884.01
1781757900,63884.01,63975.88,63830.28,63883.41
1781758800,63883.26,63971.69,63696.29,63921.26
1781759700,63921.27,63996,63909.28,63919.66
1781760600,63919.94,64020,63852.37,63927.25
1781761500,63927.24,63999.56,63882,63994
1781762400,63994,64074.78,63886,63957
1781763300,63957,63991.52,63850,63979.99
1781764200,63979.99,64099.99,63970.39,64099.86
1781765100,64099.87,64134.33,64060,64083.41
1781766000,64084,64105.57,64015.42,64091.2
1781766900,64091.2,64319.15,64083.06,64304.59
1781767800,64304.58,64454.01,64260.71,64438.09
1781768700,64438.09,64510.5,64423.35,64510.44
1781769600,64510.45,64646.75,64386.46,64535.99
1781770500,64535.99,64607.38,64514,64578
1781771400,64578.01,64605.4,64517,64517.01
1781772300,64517,64528,64378.25,64399.92
1781773200,64399.93,64411.61,64309.16,64390.31
1781774100,64390.31,64478,64245.59,64248.38
1781775000,64248.38,64307.99,64205.88,64282.66
1781775900,64282.66,64325.65,64196.14,64199.53
1781776800,64199.53,64199.53,63991.18,64009.99
1781777700,64009.99,64045.99,63910,63965.48
1781778600,63965.47,64081.99,63951.39,64000.82
1781779500,64000.81,64223.79,64000.81,64078.61
1781780400,64078.61,64196,64004.01,64032.01
1781781300,64032.01,64084,63912.01,64069.99
1781782200,64069.99,64089.66,63878.14,63970
1781783100,63970,64036,63890,63974.4
1781784000,63974.4,64043.43,63922,64007.99
1781784900,64007.98,64207.58,63992,64201.31
1781785800,64201.32,64263.48,64130.73,64257.19
1781786700,64257.2,64402.01,64257.19,64378.07
1781787600,64378.06,64445.19,64288,64395.44
1781788500,64395.43,64438.67,64332,64363.39
1781789400,64363.39,64386,63876.01,63885.66
1781790300,63885.67,64161.23,63800,63984
1781791200,63983.99,64087.08,63724.83,63780
1781792100,63780,64203.66,63720.56,63812.02
1781793000,63812.01,64082,63767.24,63872.01
1781793900,63872,63993.69,63587.3,63816.61
1781794800,63816.61,63825.99,63566.01,63566.01
1781795700,63566.01,63600,63198,63237.99
1781796600,63238,63375.85,62700,62786.01
1781797500,62786.01,62885.46,62293.76,62369.44
1781798400,62369.43,62730,62349.42,62639.99
1781799300,62640,62766.93,62522,62599.99
1781800200,62600,62769.86,62518,62717.99
1781801100,62717.99,62814,62637.13,62688
1781802000,62688,62706.21,62411.76,62506.4
1781802900,62506.39,62643.92,62272.07,62583.02
1781803800,62583.03,62750,62520,62650.01
1781804700,62650,62727.77,62520.29,62606
1781805600,62606,62738.64,62580.01,62710.76
1781806500,62710.76,62959.75,62608.64,62847.62
1781807400,62847.62,62847.63,62680.03,62772
1781808300,62772.01,62884,62619.89,62708.92
1781809200,62708.93,62735.59,62636,62681.99
1781810100,62681.99,62804,62642.33,62777.01
1781811000,62777.01,62993.44,62761.94,62970
1781811900,62970,63008.33,62906,62950.79
1781812800,62950.79,63225.16,62950.79,63172
1781813700,63172,63274.19,63099.58,63118.01
1781814600,63118.01,63173.65,63049.08,63133.9
1781815500,63133.91,63135.06,63040,63086
1781816400,63086,63121.81,62913.69,62920
1781817300,62919.99,63045.24,62870.39,62958.01
1781818200,62958,62990.72,62874,62913.99
1781819100,62913.99,62999.53,62893,62971.32
1781820000,62971.32,62990,62910.45,62921.36
1781820900,62921.36,62925.56,62779.19,62831.99
1781821800,62832,62850,62742,62812.28
1781822700,62812.28,62896.66,62786,62885.85
1781823600,62885.84,62929.13,62756.6,62761.34
1781824500,62761.35,62884,62761.33,62884
1781825400,62884,62950,62884,62914.42
1781826300,62914.42,62985.12,62858,62958.01
1781827200,62958.01,62984,62840,62862
1781828100,62862,62994,62854,62972.01
1781829000,62972,63058,62951.86,63057.99
1781829900,63057.99,63086,62976.42,63020
1781830800,63020,63086.17,62900,62978.3
1781831700,62978.29,63100,62920,62926
1781832600,62926,62953.79,62852.01,62916.59
1781833500,62916.6,63032.06,62916.59,63021.86
1781834400,63021.86,63110.29,63017.95,63020.22
1781835300,63020.21,63065.99,62956.08,62956.08
1781836200,62956.08,63023.96,62922,62944.71
1781837100,62944.71,63018.9,62893.71,63006
1781838000,63006.01,63029.64,62716.53,62734.87
1781838900,62734.87,62863.62,62386.9,62848.4
1781839800,62848.4,62848.4,62618,62697.86
1781840700,62697.87,62812,62634,62773.51
1781841600,62773.52,62875.7,62618,62869.99
1781842500,62869.99,62916.66,62718,62730.87
1781843400,62730.87,62732.01,62522.12,62605.99
1781844300,62606,62684.48,62409.55,62452.01
1781845200,62452.01,62670.89,62452,62669.99
1781846100,62670,62670,62576,62616
1781847000,62616,62670.89,62561.58,62651.99
1781847900,62651.99,62744.92,62651.99,62739.2
1781848800,62739.2,62852.46,62728,62849.99
1781849700,62850,62860.22,62762.35,62839.38
1781850600,62839.38,62880,62733.44,62824
1781851500,62823.99,62914.73,62766.27,62894.08
1781852400,62894.09,62917.32,62780,62780
1781853300,62780,62829.58,62718,62741.19
1781854200,62741.19,62827.68,62504.27,62554.32
1781855100,62554.32,62685.21,62506.02,62629.99
1781856000,62630,62675.59,62533.33,62671.99
1781856900,62671.99,62722.95,62612.2,62668
1781857800,62668,62782,62586,62660.27
1781858700,62660.27,62670,62572.66,62603.99
1781859600,62604,62654,62329.42,62432.54
1781860500,62432.55,62476.92,62316.44,62382
1781861400,62382.01,62498,62382,62418.29
1781862300,62418.29,62433.91,62339.66,62390
1781863200,62390.01,62559.01,62383.76,62559
1781864100,62559,62559,62431.99,62502.01
1781865000,62502.01,62502.01,62412.44,62418
1781865900,62417.99,62587.27,62404,62533.25
1781866800,62533.24,62567.99,62452.52,62502
1781867700,62502,62684,62464,62646
1781868600,62646.01,62683.79,62590,62660
1781869500,62660,62680,62600.63,62626
1781870400,62626,62687.98,62605.01,62623.62
1781871300,62623.61,62623.61,62490,62562
1781872200,62562,62596.57,62399.15,62508.18
1781873100,62508.19,62872.99,62353,62830.01
1781874000,62830.01,62982.43,62754.91,62788
1781874900,62788,62812,62666,62791.88
1781875800,62791.89,63100,62748,63091.1
1781876700,63091.09,63415,63082.56,63210
1781877600,63210,63256,63044,63089.99
1781878500,63090,63295,63010,63267.67
1781879400,63267.67,63419.27,63165.28,63311.45
1781880300,63311.45,63362,63196.01,63203.53
1781881200,63203.54,63253.55,63118,63183.99
1781882100,63184,63211.99,63019.26,63054.81
1781883000,63054.81,63283.86,63054.8,63252.15
1781883900,63252.15,63279.45,63197.37,63214.01
1781884800,63214.01,63387.8,63094,63387.32
1781885700,63387.32,63387.33,63264.01,63312.01
1781886600,63312,63376,63244,63244
1781887500,63244,63244,62918.98,62971.99
1781888400,62972,63024,62880.84,63002
1781889300,63001.99,63150.33,62866.99,62925.99
1781890200,62925.99,63108.32,62916.58,63099.99
1781891100,63099.99,63263.49,63034,63198.01
1781892000,63198,63201.95,63111.84,63157.99
1781892900,63157.99,63167.15,63112.29,63116
1781893800,63116.01,63184,62991.37,63051.99
1781894700,63051.99,63140,63016,63110.01
1781895600,63110.01,63110.64,63000,63052.7
1781896500,63052.69,63056.6,62942,62998.45
1781897400,62998.45,63023.91,62960.43,62998.57
1781898300,62998.56,63140,62984,63021.6
1781899200,63021.6,63079.99,63013.25,63071.99
1781900100,63071.99,63077.6,62958.59,63077.59
1781901000,63077.6,63100,63027.24,63089.8
1781901900,63089.8,63274,63089.79,63250.01
1781902800,63250.01,63275.64,63148.22,63266
1781903700,63266,63266,63156.77,63156.77
1781904600,63156.78,63166,63082.27,63087.55
1781905500,63087.55,63135.54,63060,63075.98
1781906400,63075.99,63109.93,63048,63097.99
1781907300,63098,63300,63097.99,63268
1781908200,63268,63338,63232.71,63323.96
1781909100,63323.95,63369.48,63302,63315.28
1781910000,63315.29,63340,63276,63295.49
1781910900,63295.49,63333,63280.49,63322.64
1781911800,63322.65,63371.53,63302.21,63337.13
1781912700,63337.13,63666,63300,63543.91
1781913600,63543.9,63606,63470,63523.99
1781914500,63523.99,63640.26,63472,63618.01
1781915400,63618,63777,63536.08,63607.3
1781916300,63607.31,63608,63517.03,63530.01
1781917200,63530.01,63540,63429.65,63448.61
1781918100,63448.62,63518,63404,63511.19
1781919000,63511.19,63616.23,63511.19,63563.99
1781919900,63564,63592.36,63542.87,63586.28
1781920800,63586.27,63586.27,63468,63474
1781921700,63474,63474,63393.99,63407.99
1781922600,63407.99,63494,63365.36,63404
1781923500,63404.01,63432.78,63336.01,63340.57
1781924400,63340.58,63382.5,63320.14,63350.94
1781925300,63350.94,63455.99,63350.94,63443.94
1781926200,63443.93,63510,63418,63491.12
1781927100,63491.12,63505.3,63434.88,63476.79
1781928000,63476.79,63476.8,63402,63423.61
1781928900,63423.62,63570.76,63423.61,63568.81
1781929800,63568.82,63613.59,63516.8,63606
1781930700,63606,63607.99,63542,63583.53
1781931600,63583.53,63907.07,63543.46,63814.01
1781932500,63814,63834,63633.11,63633.12
1781933400,63633.12,63729.95,63633.11,63637.23
1781934300,63637.23,63711.34,63586.71,63678.07
1781935200,63678.07,63720,63644.01,63677.99
1781936100,63678,63755.61,63640.36,63700
1781937000,63700,63752.44,63694,63752.43
1781937900,63752.43,63761.99,63724.26,63744.61
1781938800,63744.61,63744.61,63594.37,63661.84
1781939700,63661.85,63792.01,63661.84,63792
1781940600,63792,63800,63716,63752.68
1781941500,63752.68,63773.99,63647.36,63655.21
1781942400,63655.21,63664.39,63500,63546
1781943300,63545.99,63577.12,63474.59,63482
1781944200,63482.01,63492.01,63430.07,63449.4
1781945100,63449.4,63456,63392.41,63417.97
1781946000,63417.98,63530.34,63417.98,63520
1781946900,63520,63587.64,63514.13,63570.42
1781947800,63570.42,63713.51,63559,63700.02
1781948700,63700.01,63787.74,63640,63741.16
1781949600,63741.16,63777.5,63690,63692.01
1781950500,63692,63721.89,63645,63678.64
1781951400,63678.64,63699.91,63592.44,63598
1781952300,63598,63678,63598,63674.7
1781953200,63674.71,63712,63620.74,63667.35
1781954100,63667.35,63744,63666.05,63700
1781955000,63700,63736.38,63687.26,63732
1781955900,63732,63798.76,63687.99,63688
1781956800,63688,63785.76,63672.01,63753.9
1781957700,63753.9,63766,63702.66,63738.72
1781958600,63738.72,63748.01,63584.19,63625.91
1781959500,63625.9,63655.83,63537.99,63655.09
1781960400,63655.1,63655.1,63586,63586
1781961300,63586.01,63624.13,63278,63348.94
1781962200,63348.95,63464.35,63346,63450
1781963100,63449.99,63491.68,63364.01,63397.78
1781964000,63397.77,63412,63184.21,63209.27
1781964900,63209.27,63370,63209.26,63369.99
1781965800,63369.99,63525,63340.92,63508
1781966700,63508,64150,63496.01,63949.9
1781967600,63949.9,64046,63836,64004.1
1781968500,64004.09,64388,63966,64185.99
1781969400,64185.99,64208.57,64074.6,64116
1781970300,64116.01,64200,64078.22,64160.04
1781971200,64160.04,64167.26,63974,63994.98
1781972100,63994.98,64101.62,63980.43,63998
1781973000,63998,64054.96,63902.58,63998.9
1781973900,63998.9,64047.8,63959.6,64034.31
1781974800,64034.31,64034.31,63893.01,63956
1781975700,63956,63993.6,63872.47,63992.72
1781976600,63992.72,64041.07,63730.21,63863.7
1781977500,63863.71,63893.06,63814.01,63834.7
1781978400,63834.7,63928.4,63800,63828
1781979300,63828.01,63882.77,63828.01,63866
1781980200,63865.99,63888.2,63788,63814
1781981100,63813.99,63840,63788,63805.89
1781982000,63805.9,63924,63798,63899.99
1781982900,63900,63932.86,63844.88,63865.99
1781983800,63866,63968,63844,63939.99
1781984700,63939.99,63952,63920.67,63936
1781985600,63935.99,63981.09,63924.18,63970
1781986500,63970,63976,63905.15,63907.99
1781987400,63907.99,63918,63853.31,63874.9
1781988300,63874.89,63934,63874.89,63925.99
1781989200,63926,64048,63922,63990.49
1781990100,63990.5,63990.9,63924.09,63932.89
1781991000,63932.89,64052,63918.29,64030
1781991900,64030.01,64092.91,63994.05,64012.4
1781992800,64012.39,64162,63978.12,64131.01
1781993700,64131.01,64331.38,64066.16,64296
1781994600,64296,64350,64244,64275.99
1781995500,64275.99,64319.55,64250,64272.01
1781996400,64272,64303.38,64250.02,64260.79
1781997300,64260.78,64316.1,64260.58,64276.43
1781998200,64276.43,64330.89,64256.22,64330.88
1781999100,64330.88,64336.91,64280,64298.01
1782000000,64298.01,64302.25,64242.15,64268.11
1782000900,64268.1,64307.14,64237.31,64270.71
1782001800,64270.72,64322.91,64248,64286
1782002700,64286,64318,64251.92,64294
1782003600,64294,64317.32,64246.81,64250.31
1782004500,64250.31,64259.28,64234.05,64241.85
1782005400,64241.86,64291.96,64206.17,64253.48
1782006300,64253.48,64323.68,64248,64248
1782007200,64248,64263.38,64226.69,64263.37
1782008100,64263.37,64263.38,64222.83,64230.43
1782009000,64230.43,64265.19,64216.05,64237.78
1782009900,64237.78,64275.12,64237.77,64241.25
1782010800,64241.26,64299.77,64234,64299.77
1782011700,64299.77,64472.99,64284.98,64357.34
1782012600,64357.34,64462,64306,64452.01
1782013500,64452,64460.01,64409.85,64426
1782014400,64426,64432,64382.93,64405.7
1782015300,64405.7,64570,64405.69,64530
1782016200,64530.01,64588,64488,64488.01
1782017100,64488.01,64488.01,64269.45,64276.12
1782018000,64276.12,64305.57,64238,64238.01
1782018900,64238.01,64302,64225.6,64302
1782019800,64302,64365.43,64293,64306.38
1782020700,64306.38,64306.38,64234.01,64256.55
1782021600,64256.56,64259.54,64200,64216.01
1782022500,64216,64300,64214,64287.47
1782023400,64287.47,64323.99,64263.54,64314.01
1782024300,64314.01,64320.34,64294,64303.46
1782025200,64303.47,64303.47,64252.47,64258
1782026100,64258,64274.01,64176.59,64179.46
1782027000,64179.45,64249.99,64173.08,64249.99
1782027900,64250,64259.67,64179.22,64191.07
1782028800,64191.06,64228,64116.79,64120.6
1782029700,64120.61,64121.22,64053.18,64053.18
1782030600,64053.19,64067.62,63900.17,63982.73
1782031500,63982.74,64014,63923,64014
1782032400,64014,64023.13,63961.68,63976
1782033300,63976.01,64088.64,63961.28,64050
1782034200,64050.01,64246,64050,64135.99
1782035100,64136,64230,64120,64209.16
1782036000,64209.16,64291.14,64204,64282.01
1782036900,64282,64382,64251.99,64310
1782037800,64310,64383.99,64302,64349.98
1782038700,64349.99,64408,64322.52,64365.99
1782039600,64366,64483.95,64337.07,64422
1782040500,64422,64422,64120,64384.74
1782041400,64384.75,64406.7,64233.16,64293.65
1782042300,64293.65,64293.65,64112.01,64176
1782043200,64176,64235.13,64061.44,64077.99
1782044100,64077.99,64106,63994,64021.55
1782045000,64021.55,64085.99,63952,64056.01
1782045900,64056.01,64218,64051.31,64200
1782046800,64200,64200,64112.95,64118.41
1782047700,64118.42,64180,64118.42,64164
1782048600,64163.99,64169.96,64020.01,64048
1782049500,64048.01,64146,64042.34,64146
1782050400,64146,64154,64066,64075.99
1782051300,64076,64090,64011.19,64034
1782052200,64033.99,64083.85,64004,64056.04
1782053100,64056.05,64152,64008.9,64145.97
1782054000,64145.97,64300,64120,64206.82
1782054900,64206.82,64274,64190,64260.97
1782055800,64260.97,64355.88,64194,64300
1782056700,64299.99,64315.12,64224,64224
1782057600,64224,64251.46,64113.77,64141.99
1782058500,64142,64254.38,64122.51,64186.06
1782059400,64186.07,64194.76,64046,64108.03
1782060300,64108.03,64210,64108,64145.31
1782061200,64145.32,64221.44,64116,64210.16
1782062100,64210.17,64210.17,64104.59,64104.6
1782063000,64104.6,64130,64080,64128.55
1782063900,64128.55,64192.96,64128.55,64151.46
1782064800,64151.47,64157.89,63933.47,64010
1782065700,64009.99,64060,64002,64042
1782066600,64042,64240,64038.37,64186.01
1782067500,64186,64213.82,64142.18,64213.81
1782068400,64213.82,64298.84,64168.73,64220.01
1782069300,64220.01,64240,64196.56,64219.38
1782070200,64219.39,64240,64178.05,64212.73
1782071100,64212.74,64231.44,64182.4,64207.12
1782072000,64207.13,64271.21,64137.03,64166
1782072900,64165.99,64168.73,64066.66,64109.66
1782073800,64109.65,64126,63962.65,63975.49
1782074700,63975.49,63978.76,63700,63848
1782075600,63848,63878.57,63526.99,63630.43
1782076500,63630.42,63786.77,63510,63688.58
1782077400,63688.58,63969.59,63688.58,63893.85
1782078300,63893.84,63932,63775.8,63808.01
1782079200,63808,63864,63575.04,63632.97
1782080100,63632.97,63776,63632.97,63726
1782081000,63725.99,63725.99,63586,63674.01
1782081900,63674,63863.52,63666.01,63801.59
1782082800,63801.6,63801.6,63618.1,63706
1782083700,63706,63796.98,63630.3,63636.99
1782084600,63635.63,63660,63302.4,63321.75
1782085500,63321.75,63387.39,63270,63311.99
1782086400,63312,63590,63312,63512.43
1782087300,63512.43,63757.22,63500,63720.01
1782088200,63720.01,64094,63700.01,63915.99
1782089100,63916,64002.39,63734.06,63896.01
1782090000,63896,64053.56,63850.8,63895.42
1782090900,63895.43,64823.52,63895.42,64654.01
1782091800,64654.01,64713.99,64373.51,64516.79
1782092700,64516.79,64696,64486,64606
1782093600,64606,64663.99,64500.3,64552
1782094500,64552,64642.42,64512,64544.01
1782095400,64544,64584,64469.51,64489.99
1782096300,64490,64496,64250,64257.99
1782097200,64258,64262.15,63894.98,64052.01
1782098100,64052.01,64459.44,64052,64281.99
1782099000,64281.99,64440,64166,64177.99
1782099900,64178,64209.44,63919.96,63974.01
1782100800,63974.01,64017.87,63868.41,63970
1782101700,63970,64024.06,63902,63968.88
1782102600,63968.88,64058,63958.54,63958.54
1782103500,63958.55,64116.44,63958.54,64100.02
1782104400,64100.01,64298,64088.64,64288.01
1782105300,64288,64298.07,64206.36,64235.3
1782106200,64235.3,64344.17,64180,64263.89
1782107100,64263.89,64273.01,64190,64247.74
1782108000,64247.74,64326,64150,64224.83
1782108900,64224.83,64233.79,64091.93,64124
1782109800,64123.99,64156,64000.91,64010.29
1782110700,64010.29,64048,63946,63989.95
1782111600,63989.96,64250,63968.23,64212.01
1782112500,64212,64300,64202.5,64262.56
1782113400,64262.57,64397.57,64246.13,64255.81
1782114300,64255.81,64272,64167.78,64211.19
1782115200,64211.2,64313.6,64106.7,64313.6
1782116100,64313.6,64350.58,64188.26,64188.27
1782117000,64188.27,64266,64044,64262.01
1782117900,64262.01,64290,64106,64165.99
1782118800,64166,64256.2,64148,64184.01
1782119700,64184,64200,64094,64116.82
1782120600,64116.82,64186.46,64052.17,64127.89
1782121500,64127.88,64146,64094.3,64145.39
1782122400,64145.4,64272,64130,64214
1782123300,64214.01,64239.03,64142.4,64174.21
1782124200,64174.2,64204,64065.18,64081.11
1782125100,64081.11,64173.63,64081.11,64139.21
1782126000,64139.21,64399,64097.08,64309.46
1782126900,64309.46,64464.46,64226.23,64359.14
1782127800,64359.15,64750,64359.14,64618.02
1782128700,64618.01,64768.46,64568,64657.22
1782129600,64657.22,64910.65,64579.08,64756.01
1782130500,64756,64985,64691.8,64945.83
1782131400,64945.83,65176,64838,65058.65
1782132300,65058.65,65222.45,64987.69,65149.57
1782133200,65149.58,65198.12,65034.76,65146
1782134100,65146,65156,64945.53,64994
1782135000,64994,65452.01,64976.21,65410
1782135900,65410,65589.76,65372,65578
1782136800,65577.99,65622.83,65283.81,65295.46
1782137700,65295.46,65301.98,64970.02,64970.02
1782138600,64970.03,65070.47,64857.87,64908.01
1782139500,64908.01,65045.24,64835,64980.39
1782140400,64980.39,65146,64916,65084.71
1782141300,65084.72,65108,64930.81,65045.99
1782142200,65046,65125.66,65016.7,65064.19
1782143100,65064.2,65079.85,64757.11,64836.95
1782144000,64836.95,64862,64659.24,64730
1782144900,64730.01,64790,64638,64688.7
1782145800,64688.7,64695.04,64547.2,64581.99
1782146700,64581.99,64805.07,64519,64719.77
1782147600,64719.77,64769.98,64628.2,64674.66
1782148500,64674.65,64698,64529.52,64529.52
1782149400,64529.52,64529.52,64388.16,64426.81
1782150300,64426.82,64648,64426.82,64602
1782151200,64602,64730.15,64602,64673.82
1782152100,64673.83,64722,64569.88,64596
1782153000,64596,64619.99,64498.2,64515.52
1782153900,64515.51,64520,64311,64334.01
1782154800,64334.01,64421.67,64308,64416.01
1782155700,64416,64430.98,64286,64347.76
1782156600,64347.76,64450,64346,64400.92
1782157500,64400.93,64499.28,64276,64472
1782158400,64472.51,64659.43,64470.02,64524
1782159300,64524.01,64546,64356.95,64410.44
1782160200,64410.44,64505.43,64409.1,64484.55
1782161100,64484.54,64484.54,64398,64433.8
1782162000,64433.8,64480,64346.95,64402
1782162900,64402,64402,64252,64296.97
1782163800,64296.98,64336.48,64134.39,64182.85
1782164700,64182.85,64320.58,64176,64320.57
1782165600,64320.57,64396.45,64270.09,64310.03
1782166500,64310.03,64310.7,63906.88,64029.99
1782167400,64030,64136,63804.59,63838.5
1782168300,63838.5,63997.83,63832,63971.12
1782169200,63971.13,64034.51,63905.33,63941.23
1782170100,63941.24,64053.33,63877.61,64042.37
1782171000,64042.37,64042.38,63955.3,63986
1782171900,63985.99,64053.32,63955.02,64020.01
1782172800,64020.01,64034.67,63894.61,63963.01
1782173700,63963,64001.23,63828.93,63855.94
1782174600,63855.94,64119.86,63855.94,64111
1782175500,64111,64162.02,64052.6,64154.99
1782176400,64154.99,64273.09,64136.01,64217.12
1782177300,64217.13,64265.43,64148,64209.73
1782178200,64209.73,64242.4,64004,64053.1
1782179100,64053.11,64178,63893.33,64156
1782180000,64156,64183.33,64042.01,64118.51
1782180900,64118.51,64225.35,64118.5,64173.99
1782181800,64174,64248.23,64160.4,64205.19
1782182700,64205.19,64275.38,64164,64204.01
1782183600,64204.01,64204.01,63968.43,64017.99
1782184500,64017.99,64095.55,64016,64095.54
1782185400,64095.55,64095.55,63968.42,63997.99
1782186300,63997.99,64079.99,63996,64065.35
1782187200,64065.34,64095.55,64014.68,64050.26
1782188100,64050.27,64052,63906.52,63974.95
1782189000,63974.95,63974.96,63810,63816.01
1782189900,63816.01,63859.99,63612.62,63623.02
1782190800,63623.03,63728,63612.62,63617.91
1782191700,63617.91,63676.92,63400,63482.29
1782192600,63482.29,63537.22,63385,63445.66
1782193500,63445.65,63453.92,63342.34,63400
1782194400,63400,63400,63111.49,63207.16
1782195300,63207.17,63282.5,62568.9,62768.8
1782196200,62768.81,62991.46,62693,62946.03
1782197100,62946.02,63048,62915,62936.01
1782198000,62936.01,63056,62888,63036.01
1782198900,63036,63095,62984,62997.36
1782199800,62997.36,63040.28,62872.01,62896.28
1782200700,62896.29,62995.9,62872,62886.03
1782201600,62886.04,62945.08,62639.61,62664
1782202500,62664,62680.22,61938,62044
1782203400,62044.01,62501.78,62027.62,62391.44
1782204300,62391.43,62480.01,62315.92,62385.99
1782205200,62386,62473.82,62358,62437.5
1782206100,62437.87,62528.13,62437.87,62520.01
1782207000,62520,62520.01,62350.44,62372.01
1782207900,62372.01,62422,62356.57,62386
1782208800,62386,62586,62385.99,62464
1782209700,62464,62468.66,62333.24,62372.95
1782210600,62372.95,62388.7,62247.2,62270.64
1782211500,62270.63,62358.47,62253.99,62328.01
1782212400,62328.01,62422,62328,62394.79
1782213300,62394.79,62587.27,62394.5,62552.11
1782214200,62552.11,62643.99,62547.25,62571.98
1782215100,62571.98,62603.98,62430.7,62507.06
1782216000,62507.05,62558,62396.9,62431.99
1782216900,62431.99,62454,62342,62408
1782217800,62407.99,62478.81,62295.21,62335.03
1782218700,62335.03,62335.55,62189.42,62256.6
1782219600,62256.61,62290.07,62069.28,62183.99
1782220500,62183.99,62184,62020.42,62050.01
1782221400,62050.01,62451.75,61960,62400
1782222300,62400,62538.72,62272,62475.99
1782223200,62476,62744.01,62434.01,62732.42
1782224100,62732.42,62855.98,62461,62575.99
1782225000,62576,62782,62461,62513.99
1782225900,62514,62612,62406.25,62493.63
1782226800,62493.63,62507.99,62315.44,62381.99
1782227700,62381.99,62382,62198,62277.09
1782228600,62277.08,62496,62277.08,62300
1782229500,62300.01,62487.79,62210.01,62487.79
1782230400,62487.79,62846,62428.01,62787.26
1782231300,62787.25,62826.47,62571.2,62586.01
1782232200,62586.01,62655,62576.33,62622.01
1782233100,62622.01,62636,62491.19,62558
1782234000,62558,62558,62395.21,62435.96
1782234900,62435.97,62666.12,62430,62642.43
1782235800,62642.42,62693.48,62503.12,62527.71
1782236700,62527.72,62554,62327.95,62358.02
1782237600,62358.03,62445.21,62274,62372
1782238500,62372,62408,62323.19,62350.01
1782239400,62350,62350,62140.4,62148.25
1782240300,62148.24,62266,62104.7,62241.99
1782241200,62242,62428,62230,62371.56
1782242100,62371.55,62442,62255.17,62442
1782243000,62442,62480,62287.79,62297.54
1782243900,62297.54,62423.75,62263.32,62388.49
1782244800,62388.49,62531.27,62388.48,62438.64
1782245700,62438.65,62515.12,62410.71,62494.31
1782246600,62494.3,62494.3,62456,62476.85
1782247500,62476.86,62477.1,62380.25,62470.7
1782248400,62470.7,62612.79,62470.7,62515.17
1782249300,62515.17,62578.38,62475.53,62572.65
1782250200,62572.64,62634,62557.24,62624.01
1782251100,62624,62658.93,62582,62599.77
1782252000,62599.77,62778,62588.54,62746.01
1782252900,62746.01,62779.82,62563.02,62614
1782253800,62614.01,62628.74,62536.83,62551.38
1782254700,62551.38,62620,62526,62590
1782255600,62590,62615.72,62480.39,62522
1782256500,62522.01,62688,62522,62667.47
1782257400,62667.48,62679.71,62594.55,62620.35
1782258300,62620.35,62799.99,62616,62734.57
1782259200,62734.57,62927.45,62733.29,62899
1782260100,62899.01,62927.06,62820,62849.99
1782261000,62850,63024.4,62800.39,62958.7
1782261900,62958.69,63022,62904.71,63014
1782262800,63014,63024.42,62856,62982
1782263700,62982.01,62982.01,62772.15,62910
1782264600,62910,63119.45,62910,62943.99
1782265500,62944,63027.11,62925.88,62932.19
1782266400,62932.19,63013.12,62816,62877.67
1782267300,62877.67,62877.68,62685.31,62763.58
1782268200,62763.58,62806.61,62606.09,62726.65
1782269100,62726.65,62774.57,62606.21,62630
1782270000,62630.01,62682.02,62569.53,62588.55
1782270900,62588.55,62670,62461.87,62669.87
1782271800,62669.87,62830,62669.86,62797.87
1782272700,62797.87,62827.78,62725.04,62729.78
1782273600,62729.78,62753.91,62635.2,62664.97
1782274500,62664.96,62698,62525.49,62588.27
1782275400,62588.28,62744,62588.27,62655.14
1782276300,62655.14,62799.62,62655.13,62744.42
1782277200,62744.41,62845.21,62706,62788.15
1782278100,62788.15,62886.41,62765.32,62883.65
1782279000,62883.66,63073.44,62861.71,62930.01
1782279900,62930.01,62958.43,62862,62890
1782280800,62889.99,62896,62768.72,62838
1782281700,62838,62909.98,62782.82,62850.72
1782282600,62850.72,62876,62784,62784
1782283500,62784,62795.44,62728.73,62780
1782284400,62780.01,62844,62692.89,62815.01
1782285300,62815,62816.77,62672.86,62673.23
1782286200,62673.23,62729.48,62630.01,62697.99
1782287100,62697.99,62733.23,62610.11,62657.99
1782288000,62658,62704.96,62605.28,62657.99
1782288900,62658,62716.58,62647.23,62706.02
1782289800,62706.02,62797.87,62672.55,62795.99
1782290700,62796,62807.46,62748,62800
1782291600,62800,62800.01,62680.17,62771.57
1782292500,62771.57,62776,62678.37,62678.37
1782293400,62678.38,62700,62640,62662
1782294300,62662.01,62717.96,62637.08,62681.7
1782295200,62681.7,62681.7,62562.02,62612.61
1782296100,62612.62,62636,62480.93,62546.53
1782297000,62546.54,62633.92,62520,62604
1782297900,62604.01,62604.01,62412.05,62445.99
1782298800,62445.99,62478,62318.88,62382
1782299700,62382.01,62422,62320.03,62382.48
1782300600,62382.48,62750.76,62382.48,62743.2
1782301500,62743.21,63239.06,62720,62921.19
1782302400,62921.19,62973.2,62811.34,62843.44
1782303300,62843.44,62903.64,62754.21,62826.01
1782304200,62826.01,62906,62768,62850.01
1782305100,62850.01,62857.99,62585.2,62618.31
1782306000,62618.31,62628.75,61990,62045.87
1782306900,62045.86,62230,61696,61855.71
1782307800,61855.7,62152,61411.25,61501.44
1782308700,61500.7,61647.99,61255.74,61338.01
1782309600,61338,61456,61114.01,61232.27
1782310500,61232.28,61314.2,60888,61231.99
1782311400,61231.99,61382,61067.16,61160.96
1782312300,61160.96,61254,60954,61113.1
1782313200,61113.1,61120,60837.3,60896.01
1782314100,60896.01,61150.13,60817.5,60873.99
1782315000,60874,60883.37,60526.11,60576.58
1782315900,60576.58,60590.93,60249.82,60250
1782316800,60250,60556,60219.51,60524.49
1782317700,60524.5,60678.1,60425,60550
1782318600,60550.01,60564.88,60170,60262
1782319500,60262,60262,59622,59850
1782320400,59850,60057.18,59720,59839.72
1782321300,59839.71,59877.02,59339,59686.01
1782322200,59686.01,59754,59293.96,59332.43
1782323100,59332.43,59500,59102.7,59404
1782324000,59404,59626.26,59310.85,59601.99
1782324900,59602,59930,59579.32,59718
1782325800,59718,59758.06,59494,59563.14
1782326700,59563.13,59653.4,59418,59599.99
1782327600,59600,59740.76,59530,59686.87
1782328500,59686.86,59851.54,59598.01,59829.99
1782329400,59829.99,59911.16,59736,59787.32
1782330300,59787.32,60000,59748.43,59958.3
1782331200,59958.3,60832.71,59854,60684.01
1782332100,60684,60830.94,60594,60773.99
1782333000,60774,60921.96,60684.73,60884.02
1782333900,60884.01,61208.48,60870,60956
1782334800,60956,61028.69,60665.75,60728
1782335700,60728,60902,60692,60853.99
1782336600,60854,61138.96,60800,61088.01
1782337500,61088,61144.63,61008.01,61110
1782338400,61109.99,61276,60999.1,61000
1782339300,61000,61011.65,60882.35,60886
1782340200,60886,60952.17,60802.66,60923.99
1782341100,60924,60924,60820,60873.99
1782342000,60874,60959.52,60830.01,60888
1782342900,60888,61032,60842,60988
1782343800,60987.99,61066,60956,61028.7
1782344700,61028.71,61112,60944,61077.99
1782345600,61078,61163.16,61034.03,61097.95
1782346500,61097.95,61107.24,60920.94,60920.95
1782347400,60920.95,60987.88,60842,60842.01
1782348300,60842,60920,60726.77,60832
1782349200,60832,60881.86,60732.2,60773.08
1782350100,60773.08,60935.99,60720.23,60862.01
1782351000,60862.01,60907.6,60810.97,60826.83
1782351900,60826.83,60988,60800,60928
1782352800,60928,60966,60724,60782
1782353700,60782,60943.55,60746.62,60936
1782354600,60936,60939.26,60757.82,60766.32
1782355500,60766.32,60824.49,60700.01,60799.08
1782356400,60799.08,60872,60724,60760.8
1782357300,60760.81,60841.3,60684.94,60798.07
1782358200,60798.06,60847.91,60746.01,60747.38
1782359100,60747.38,60910.63,60747.37,60883.65
1782360000,60883.66,60906,60820,60820.01
1782360900,60820.01,60920,60792,60901.2
1782361800,60901.2,60973.88,60808.33,60973.67
1782362700,60973.66,61410,60973.66,61357.63
1782363600,61357.63,61747,61280,61647.6
1782364500,61647.6,61807.04,61483.82,61614
1782365400,61613.99,61658.98,61530,61536.01
1782366300,61536.01,61683.77,61522,61600.01
1782367200,61600.02,61771.23,61600.01,61715.82
1782368100,61715.82,61800.33,61646,61676.3
1782369000,61676.29,61764.59,61660.11,61764.59
1782369900,61764.58,61869.02,61720,61732.06
1782370800,61732.06,61832,61670,61758
1782371700,61758,61892.13,61756.76,61807.88
1782372600,61807.88,61962.4,61807.88,61916.25
1782373500,61916.25,61944.54,61807.87,61911.04
1782374400,61911.03,61920,61760,61799.5
1782375300,61799.5,61799.51,61710.5,61779.61
1782376200,61779.61,61779.61,61714,61757.19
1782377100,61757.18,61804.45,61684.87,61712.35
1782378000,61712.36,61792,61680.92,61740.82
1782378900,61740.82,61766.34,61614.32,61696.01
1782379800,61696,61772.87,61688.73,61753.01
1782380700,61753.01,61780.46,61706,61739.29
1782381600,61739.29,61751.07,61658,61688.01
1782382500,61688.01,61751.07,61572.24,61574.89
1782383400,61574.89,61593.01,61388.96,61393.82
1782384300,61393.82,61400,61257.79,61269.94
1782385200,61269.95,61362,61066,61358.01
1782386100,61358.01,61422.52,61242,61242
1782387000,61242.01,61390,61242.01,61318
1782387900,61318,61318,61152.36,61282.01
1782388800,61282,61372,61147.51,61221.6
1782389700,61221.59,61269.27,61080,61098.29
1782390600,61098.29,61761.35,61098.29,61382.34
1782391500,61382.33,61413.51,61156,61244.01
1782392400,61244.01,61362,61172.54,61326.01
1782393300,61326,61369.18,61192,61240.01
1782394200,61240.01,61343.9,60072.01,60077.99
1782395100,60078,60250,58115.01,58290.17
1782396000,58291.7,59750,58291.7,59268.19
1782396900,59268.19,59568.22,58797.2,59329.16
1782397800,59329.16,60485.51,59179.06,59489.48
1782398700,59489.48,59787.99,59345.43,59471.5
1782399600,59471.49,59480,59049.64,59057.87
1782400500,59057.86,59385.17,58874.85,59261.99
1782401400,59262,59550,59077,59198.01
1782402300,59198.01,59655.86,59176,59557.99
1782403200,59557.99,60067,59468,59762
1782404100,59762.01,59842.23,59682,59742.98
1782405000,59742.99,59742.99,59241.98,59265.99
1782405900,59266,59389.08,59157.63,59312.64
1782406800,59312.64,59464,59139.96,59399.77
1782407700,59399.77,59602,59342.4,59556.01
1782408600,59556,59740.9,59496.49,59535.81
1782409500,59535.81,59684,59443.8,59676.01
1782410400,59676,59793.34,59400,59400.01
1782411300,59400.01,59749.99,59398.01,59718.02
1782412200,59718.01,59718.02,59382.43,59423.88
1782413100,59423.88,59594.77,59364,59512.71
1782414000,59512.71,59516,59227.15,59242.01
1782414900,59242.01,59359.19,59168.82,59348.05
1782415800,59348.04,59434.05,59289.61,59301.99
1782416700,59301.99,59365.84,59188.25,59320
1782417600,59319.99,59741.95,59319.99,59580
1782418500,59580,59730,59553.39,59628
1782419400,59628,59660,59414.04,59522.01
1782420300,59522.01,59522.01,59344,59456.62
1782421200,59456.62,59622.09,59452.01,59622.09
1782422100,59622.09,59711.99,59557.6,59711.99
1782423000,59712,60005,59700.01,59958.01
1782423900,59958,60273.81,59898,60211.87
1782424800,60211.86,60211.86,59879.66,59887.06
1782425700,59887.05,60012,59794,59794.01
1782426600,59794.01,59874.02,59750,59794
1782427500,59793.99,59921.71,59740,59851.27
1782428400,59851.27,59967.44,59796.02,59946
1782429300,59946,60170.17,59926,60104.51
1782430200,60104.51,60191.55,59965.99,59986
1782431100,59986,59986.01,59739.99,59794
1782432000,59794.64,59906.71,59771.13,59884.01
1782432900,59884,59884,59679.63,59771.99
1782433800,59771.99,59871.99,59704,59789.8
1782434700,59789.79,59818,59642.77,59667.09
1782435600,59667.09,59789.07,59450,59595.99
1782436500,59596,59664,59300.09,59300.09
1782437400,59300.1,59379.34,59228,59313.93
1782438300,59313.92,59439.31,59271.18,59431.5
1782439200,59431.49,59456,58608.2,58678
1782440100,58678,58892.21,58358.77,58882.01
1782441000,58882.01,59012.48,58690.69,58817.88
1782441900,58817.88,58828.48,58435.32,58561.99
1782442800,58562,58970,58337,58898.01
1782443700,58898,59186.53,58804,59100.36
1782444600,59100.37,59539.49,59014.9,59494.16
1782445500,59494.16,60131.37,59484.21,60036.01
1782446400,60036,60091.99,59836.17,59914.73
1782447300,59914.73,60238.77,59891.49,59994.01
1782448200,59994,60020.31,59891.78,59973.73
1782449100,59973.73,59979.35,59836.77,59920.47
1782450000,59920.47,59976,59838.01,59976
1782450900,59976,60040,59736,59958
1782451800,59958.01,60047.68,59847.05,59881.74
1782452700,59881.74,59973.6,59780.04,59953.3
1782453600,59953.3,59953.31,59702,59719.27
1782454500,59719.27,60093.38,59715.76,60045.49
1782455400,60045.48,60414,59954.31,60390.93
1782456300,60390.92,60459.55,60240,60324
1782457200,60324,60546,60283.08,60514.88
1782458100,60514.89,60713.26,60470,60590.01
1782459000,60590.01,60759.99,60559.57,60594.01
1782459900,60594,60642.92,60500,60532
1782460800,60532,60580,60233.31,60276.04
1782461700,60276.17,60375.47,60191.04,60314.5
1782462600,60314.51,60348.98,60153.75,60214
1782463500,60214,60280,60150.56,60245.67
1782464400,60245.9,60259.37,60080.18,60175.68
1782465300,60175.68,60179.36,60084.01,60134
1782466200,60133.99,60133.99,59957.04,60003.51
1782467100,60003.51,60024.43,59583.33,59736.01
1782468000,59736.01,59825.09,59656,59752
1782468900,59752.01,59858.93,59718.78,59723.7
1782469800,59723.7,59809,59459.83,59558.01
1782470700,59558.01,59566,59239.78,59313.26
1782471600,59313.26,59588,59259.78,59486
1782472500,59486,59500,59368.85,59419.01
1782473400,59419.02,59532,59390.12,59452.58
1782474300,59452.58,59453.07,59275.41,59413.24
1782475200,59413.24,59517.52,59343.44,59455.39
1782476100,59455.4,59726,59453.39,59726
1782477000,59725.99,60007.91,58969.9,59145.33
1782477900,59145.33,59600,59072.73,59185.02
1782478800,59185.02,59279.84,58947.16,59093.9
1782479700,59093.9,59174.84,58500.1,58914.35
1782480600,58914.35,59508.2,58842,59480.49
1782481500,59480.48,60216.14,59328.79,60175.43
1782482400,60175.42,60294,59815.34,59989.99
1782483300,59989.99,60253.04,59821.24,60059.34
1782484200,60059.35,60080.36,59556,59600
1782485100,59600,59906,59390,59590.73
1782486000,59590.73,60100,59584.01,59834.01
1782486900,59834,60376,59786,60185.99
1782487800,60185.98,60500,60129.99,60424.13
1782488700,60424.13,60438,60144.82,60328.32
1782489600,60328.18,60583,60147.36,60178
1782490500,60178,60278,59970,60042.99
1782491400,60042.99,60387.99,60042.99,60066.13
1782492300,60066.12,60181.68,60014,60041.75
1782493200,60041.76,60287.9,60011.04,60211.99
1782494100,60211.99,60254.2,60036.79,60178.01
1782495000,60178,60216,59952,60065.5
1782495900,60065.5,60108,59960,60023.97
1782496800,60023.96,60158,60021.17,60083.99
1782497700,60084,60110,59812,59829.12
1782498600,59829.12,59881.93,59744.38,59778
1782499500,59778.01,59778.01,59556,59668.01
1782500400,59668.01,60098,59617.37,60019.17
1782501300,60019.16,60019.17,59884,59937.95
1782502200,59937.95,60092,59884,59884
1782503100,59884.01,59936.5,59726,59751.97
1782504000,59751.96,59994,59689.57,59730
1782504900,59730,59814,59701.34,59784.01
1782505800,59784.01,59784.01,59571.31,59657.99
1782506700,59657.98,59796,59644,59718
1782507600,59717.99,59768,59678,59765.11
1782508500,59765.11,59882.2,59690,59874
1782509400,59874,60050,59864,60023.99
1782510300,60023.99,60048,59918.7,59918.7
1782511200,59918.7,59951.52,59754,59915.35
1782512100,59915.34,59985.15,59894,59894
1782513000,59894.01,59985.18,59865.19,59969.66
1782513900,59969.66,60080,59918,60048
1782514800,60048,60117.64,60014.83,60091.45
1782515700,60091.45,60091.45,59979.96,59979.97
1782516600,59979.96,60084.93,59923.27,60068.01
1782517500,60068,60116,60060,60097.27
1782518400,60097.27,60197,60068,60114
1782519300,60114,60124,60036,60050.63
1782520200,60050.64,60050.64,59876.22,59977.99
1782521100,59978,60071.94,59952.18,60059.07
1782522000,60059.09,60068,59960,59964.68
1782522900,59964.68,60013.8,59940,59995.99
1782523800,59996,60000,59936.07,59968.01
1782524700,59968,59996.1,59937.08,59945.53
1782525600,59945.53,60120.42,59921.68,60113.99
1782526500,60114,60377.47,60078.82,60297.23
1782527400,60297.22,60322.58,60200,60284.06
1782528300,60284.07,60378.23,60266,60290.01
1782529200,60290.01,60412,60159.91,60170
1782530100,60170,60345.35,60169.99,60310.21
1782531000,60310.21,60395.7,60286,60306.01
1782531900,60306,60360.43,60258.56,60305.73
1782532800,60305.73,60452,60305.73,60407.55
1782533700,60407.55,60482,60380.01,60396.22
1782534600,60396.22,60444,60355.8,60374.01
1782535500,60374.02,60374.02,60217.26,60239.99
1782536400,60240,60311,60200,60309.99
1782537300,60309.99,60309.99,60164,60164.01
1782538200,60164.01,60236.33,60136,60236.01
1782539100,60236,60268,60227.49,60236.76
1782540000,60236.75,60236.76,60114.34,60147.99
1782540900,60147.99,60230,60093.33,60203
1782541800,60203,60437.89,60202.99,60408
1782542700,60407.99,60500,60350.9,60370.62
1782543600,60370.63,60392.88,60300,60321.98
1782544500,60321.99,60444.82,60316.08,60429.99
1782545400,60430,60467,60388,60442.8
1782546300,60442.79,60574,60442.79,60548.07
1782547200,60548.06,60548.74,60452,60480.01
1782548100,60480.01,60526.62,60446.73,60446.76
1782549000,60446.75,60459.79,60371.62,60373.21
1782549900,60373.21,60520,60373.2,60456
1782550800,60456,60511.99,60348.8,60367.17
1782551700,60367.17,60370,60289.55,60368.25
1782552600,60368.24,60444.32,60368.24,60394.18
1782553500,60394.18,60445.37,60388.99,60414.62
1782554400,60414.62,60472,60402.51,60472
1782555300,60471.99,60487.31,60445.33,60457.69
1782556200,60457.68,60457.69,60410,60428.52
1782557100,60428.53,60428.53,60380,60420.28
1782558000,60420.28,60447.8,60368,60401.59
1782558900,60401.58,60401.59,60237.1,60263.27
1782559800,60263.27,60301.99,60198.94,60267.45
1782560700,60267.44,60416.65,60267.44,60363.65
1782561600,60363.65,60363.66,60257.03,60291.87
1782562500,60291.87,60348,60291.86,60345.97
1782563400,60345.98,60387.09,60310,60329.27
1782564300,60329.27,60430.01,60310,60430
1782565200,60430,60479.98,60394,60438
1782566100,60438,60490,60399.49,60468.75
1782567000,60468.76,60665.74,60452,60600.89
1782567900,60600.89,60629.18,60544.34,60588.35
1782568800,60588.35,60728,60510,60670.61
1782569700,60670.6,60670.6,60590.94,60590.95
1782570600,60590.94,60658,60526.48,60640.01
1782571500,60640,60672,60604.68,60611.5
1782572400,60611.49,60908.83,60570,60877.5
1782573300,60877.49,60877.5,60717.08,60811.67
1782574200,60811.67,60941.17,60760.28,60794.01
1782575100,60794.01,60861.35,60749.99,60840.06
1782576000,60840.06,60855.03,60738.9,60749.95
1782576900,60749.94,60749.95,60683.37,60716.63
1782577800,60716.63,60793.97,60673.64,60793.97
1782578700,60793.97,60824,60761.76,60807.99
1782579600,60808,60818.76,60413.15,60563.38
1782580500,60563.38,60615.73,60469.15,60578.9
1782581400,60578.89,60655.61,60504.46,60599.29
1782582300,60599.29,60621.1,60524.88,60524.88
1782583200,60524.89,60563.06,60446.25,60522.14
1782584100,60522.14,60560,60460,60516
1782585000,60515.99,60566,60500.08,60562.52
1782585900,60562.51,60576.03,60520,60570.86
1782586800,60570.86,60605.41,60560.59,60599.34
1782587700,60599.35,60599.35,60262,60323.37
1782588600,60323.36,60330.32,60085.88,60200.41
1782589500,60200.41,60243.57,60144.24,60175.95
1782590400,60175.95,60294,60173.07,60258.5
1782591300,60258.5,60306,60256,60277.89
1782592200,60277.88,60281.68,60255.81,60255.82
1782593100,60255.82,60300,60255.82,60300
1782594000,60300,60401.18,60299.99,60391.73
1782594900,60391.73,60454.99,60360.99,60451
1782595800,60451.01,60482.18,60228.81,60249.68
1782596700,60249.69,60295.99,60142,60203.82
1782597600,60203.83,60203.83,60043.36,60120.04
1782598500,60120.05,60170.7,59855.16,60133.99
1782599400,60133.98,60256.56,60128,60177.96
1782600300,60177.96,60241.8,60160,60228.95
1782601200,60228.96,60320,60024,60044.43
1782602100,60044.43,60098,59952,59985.99
1782603000,59985.99,60094,59971.5,60055.01
1782603900,60055,60091.93,60010,60029
1782604800,60029.01,60145.39,60018,60137.3
1782605700,60137.3,60188,60136.02,60166.8
1782606600,60166.8,60176.87,60088.17,60176.87
1782607500,60176.87,60190,60135.03,60146
1782608400,60146,60166.6,59986,60081.99
1782609300,60082,60234.43,60061.59,60204.78
1782610200,60204.78,60269.76,60188.21,60258.88
1782611100,60258.88,60273.38,60206,60222.22
1782612000,60222.21,60296.6,60222.21,60285.62
1782612900,60285.62,60339.99,60054,60111.49
1782613800,60111.49,60154.83,60102,60138.76
1782614700,60138.76,60188.49,60110,60150.45
1782615600,60150.46,60266,60150.45,60263.86
1782616500,60263.86,60274.98,60201.4,60262.57
1782617400,60262.57,60275,60187.01,60197.27
1782618300,60197.27,60220.06,60162,60197.04
1782619200,60197.03,60230,60144,60215.64
1782620100,60215.64,60231.83,60198.27,60199.18
1782621000,60199.17,60199.18,60088.04,60174.01
1782621900,60174,60194,60121.06,60133
1782622800,60133.01,60140,59970,60012.77
1782623700,60012.77,60021.64,59753.48,59836.09
1782624600,59836.09,59954.29,59795.99,59918.64
1782625500,59918.64,60015.22,59918.63,59989.17
1782626400,59989.18,60024.25,59842,59842.01
1782627300,59842.01,59956.25,59808,59925.28
1782628200,59925.28,59990,59925.27,59966.87
1782629100,59966.87,60030,59958.48,60002.82
1782630000,60002.82,60186,60000,60140.94
1782630900,60140.94,60143.65,60106,60108.42
1782631800,60108.42,60249.48,60106.77,60222.86
1782632700,60222.87,60259.68,60198.58,60219.99
1782633600,60220,60248,60140.14,60179.54
1782634500,60179.54,60230,60159.99,60224.61
1782635400,60224.61,60545.01,60218,60449.42
1782636300,60449.41,60482,60370,60370
1782637200,60370.01,60462,60290.01,60368.03
1782638100,60368.03,60390,60318,60323.36
1782639000,60323.36,60409.32,60310.26,60378.88
1782639900,60378.88,60394.75,60250.81,60258.84
1782640800,60258.85,60292.48,60172.52,60260.37
1782641700,60260.36,60286,60068,60105.02
1782642600,60105.03,60138,60078,60127.2
1782643500,60127.21,60176,60127.2,60166.71
1782644400,60166.71,60262.39,60100,60125.42
1782645300,60125.41,60363,60123.9,60312.01
1782646200,60312.01,60324.98,60260.28,60302.95
1782647100,60302.95,60374.05,60251.5,60342
1782648000,60341.99,60400,60281.21,60298.55
1782648900,60298.55,60345.99,60190,60338.47
1782649800,60338.46,60457.02,60204,60238.16
1782650700,60238.17,60312,60238.16,60293.51
1782651600,60293.5,60293.51,59963.86,60124.4
1782652500,60124.4,60170,60078,60127.99
1782653400,60127.99,60183.84,60045.32,60123.88
1782654300,60123.89,60129.91,60056,60071.88
1782655200,60071.89,60175.69,60034.63,60175.69
1782656100,60175.69,60250,60104,60155.49
1782657000,60155.49,60195.13,60084,60109.69
1782657900,60109.69,60170.01,60018,60033
1782658800,60033.01,60098,59888,60082.09
1782659700,60081.63,60130,60006,60040.08
1782660600,60040.07,60094,59900,59975.53
1782661500,59975.52,60006,59817.28,59890
1782662400,59890.35,59943.9,59822,59832.46
1782663300,59832.46,59905.98,59671.28,59772.99
1782664200,59772.99,59794.01,59606.73,59622.59
1782665100,59622.59,59740,59582.34,59690.62
1782666000,59690.62,59848,59556,59641.17
1782666900,59641.18,59684.27,59600,59600.01
1782667800,59600.01,59642,59403.77,59532.76
1782668700,59533.81,59631.97,59523.77,59586.01
1782669600,59586,59700,59578,59647.4
1782670500,59647.41,59674,59602,59611.97
1782671400,59611.97,59671.68,59582.08,59601
1782672300,59601,59625.56,59502,59614.46
1782673200,59614.46,59614.46,59462.61,59504.06
1782674100,59504.06,59550,59441.75,59549.99
1782675000,59549.99,59682,59421.8,59442.84
1782675900,59442.84,59500,59270.26,59481.79
1782676800,59481.78,59678,59474.28,59663.35
1782677700,59663.34,59765.9,59651.11,59713.73
1782678600,59713.72,59720.08,59630.01,59670.01
1782679500,59670,59721.33,59650,59660
1782680400,59660,59701.6,59645,59692
1782681300,59691.99,59743.82,59660,59713.4
1782682200,59713.4,59796.66,59660,59660
1782683100,59660.01,59678.66,59333.33,59445.95
1782684000,59445.96,59906,59445.96,59630
1782684900,59630.01,59638.37,59170,59381.12
1782685800,59381.12,59460,59087.47,59109.29
1782686700,59109.3,59216.99,58905,59067.01
1782687600,59067,59370,59011.99,59267.94
1782688500,59267.94,59583.99,59252.23,59546.54
1782689400,59546.54,59848,59530,59730
1782690300,59729.99,59795.99,59577,59577.01
1782691200,59577.01,59694,59270.73,59584
1782692100,59584,59597.99,59192.12,59214.01
1782693000,59214.01,59380.02,59000.01,59380.02
1782693900,59380.01,59700,59177,59667.01
1782694800,59667,59697,59460,59482.12
1782695700,59482.12,59512.72,59232.16,59300.1
1782696600,59300.1,59574,59206,59546.01
1782697500,59546.01,59588,59434,59440.95
1782698400,59440.95,59512.72,58900.01,59023.9
1782699300,59024,59596,58980,59546
1782700200,59545.99,59800,59496.43,59777.51
1782701100,59777.5,59812,59698.44,59757.46
1782702000,59757.47,60186.81,59757.47,60003.71
1782702900,60003.71,60233,59966,60172.68
1782703800,60172.68,60209.35,59878.27,59920.01
1782704700,59920.01,60076.01,59881.45,60049.46
1782705600,60049.45,60053.99,59900,59924
1782706500,59924,60000.01,59846,59955.14
1782707400,59955.13,59963.95,59746,59845.26
1782708300,59845.26,59906,59786,59830
1782709200,59830.01,59861.57,59392.02,59534.01
1782710100,59534.01,59717.93,59534.01,59685.99
1782711000,59685.99,59923.13,59646,59914.62
1782711900,59914.61,60102.8,59904,60102.8
1782712800,60102.8,60222.05,60080.96,60178
1782713700,60178,60346.27,60124.25,60169.84
1782714600,60169.84,60202.06,60068.84,60080.52
1782715500,60080.53,60162,60050.67,60075.49
1782716400,60075.5,60085.01,59936,60084
1782717300,60083.99,60186.94,60026.61,60106.02
1782718200,60106.02,60138,60049.99,60050.01
1782719100,60050.01,60135.92,60026,60026
1782720000,60026.01,60093.99,59896.65,59960
1782720900,59960,60058,59804.01,59831.01
1782721800,59831.01,59912,59745.46,59870
1782722700,59869.99,59940,59840,59840
1782723600,59840.01,59955.13,59800.06,59948
1782724500,59948.01,60104,59778.76,59929.25
1782725400,59929.26,60000,59888,59968.92
1782726300,59968.92,60072,59928,60057
1782727200,60057,60310,60056.99,60232.56
1782728100,60232.57,60311.95,60187.54,60215.78
1782729000,60215.79,60215.79,60075,60130.62
1782729900,60130.62,60156.33,60065.49,60088
1782730800,60088,60094,59944.69,59944.69
1782731700,59944.7,60000,59880,59990.6
1782732600,59990.6,60216,59806.57,59858.79
1782733500,59858.78,59993,59796,59956.05
1782734400,59956.05,60780.57,59595.09,60672
1782735300,60672.01,60771.18,60416.72,60440.01
1782736200,60440.01,60460,59822.63,59951.68
1782737100,59951.69,60050.43,59789.01,59948.78
1782738000,59948.79,60340,59948.79,60214
1782738900,60213.99,60304,59955.58,59978.01
1782739800,59978,60276.53,59431.76,59460.01
1782740700,59460,59600,59319.9,59580
1782741600,59580,59593.74,59084.86,59090.91
1782742500,59090.9,59560,59011,59510
1782743400,59510,59699.99,59306.4,59320.01
1782744300,59320,59614.46,59253.69,59469.67
1782745200,59469.45,59478.07,59097.58,59258.13
1782746100,59258.14,59495.73,59140,59491.99
1782747000,59492,59875,59492,59831.61
1782747900,59831.61,59960,59762,59824.01
