time,open,high,low,close
1754553600,3396.31,3396.645,3372.395,3378.51
1754557200,3378.49,3381.315,3373.535,3376.68
1754560800,3376.715,3378.91,3371.92,3373.095
1754564400,3373.155,3383.415,3371.87,3378.29
1754568000,3378.335,3389.98,3375.14,3380.735
1754571600,3380.74,3393.965,3379.97,3384.995
1754575200,3385.015,3390.5,3374.77,3387.815
1754578800,3387.865,3391.065,3384.33,3390.255
1754582400,3390.25,3392.685,3387.2,3388.9
1754586000,3388.855,3393.12,3384.375,3392.4
1754589600,3392.425,3394.18,3387.625,3388.26
1754593200,3388.255,3400.895,3387.33,3399.945
1754596800,3399.91,3401.885,3392.765,3396.48
1754604000,3400.365,3409.43,3387.965,3405.44
1754607600,3405.38,3407.425,3396.485,3400.625
1754611200,3400.64,3402.34,3387.155,3388.802
1754614800,3389.42,3390.68,3381.215,3383.54
1754618400,3383.53,3389.925,3383.21,3388.425
1754622000,3388.43,3398.21,3383.58,3396.05
1754625600,3396.12,3399.595,3393.36,3394.475
1754629200,3394.5,3395.88,3390.04,3392.44
1754632800,3392.38,3398.18,3388.8,3393.695
1754636400,3393.63,3404.28,3391.775,3402.33
1754640000,3402.225,3402.635,3394.16,3394.455
1754643600,3394.445,3401.755,3393.9,3400.795
1754647200,3400.735,3401.24,3384.535,3385.155
1754650800,3385.12,3388.705,3380.455,3386.17
1754654400,3386.18,3402.57,3385.15,3391.615
1754658000,3391.575,3401.82,3387.585,3400.16
1754661600,3400.145,3401.34,3381.32,3390.715
1754665200,3390.73,3395.505,3388.905,3395.42
1754668800,3395.425,3400.75,3393.495,3397.57
1754672400,3397.47,3399.59,3378.335,3381.835
1754676000,3382.88,3403.96,3376.575,3395.555
1754679600,3395.5,3400.885,3392.4,3398.585
1754683200,3398.76,3400.065,3391.965,3397.765
1754863200,3399.75,3401.395,3378.895,3395.295
1754866800,3395.205,3397.035,3390.115,3391.39
1754870400,3391.535,3391.825,3381.425,3381.74
1754874000,3381.745,3383.975,3367.55,3377.645
1754877600,3377.645,3379.895,3369.895,3377.27
1754881200,3377.265,3380.305,3374.025,3378.44
1754884800,3378.61,3379.86,3375.54,3375.975
1754888400,3375.91,3380.2,3373.865,3377.115
1754892000,3377.13,3377.42,3363.815,3365.815
1754895600,3365.75,3366.67,3357.02,3360.185
1754899200,3360.13,3366.15,3358.95,3362.01
1754902800,3361.98,3363.955,3352.965,3353.355
1754906400,3353.365,3364.11,3353.11,3358.505
1754910000,3358.555,3358.91,3349.915,3355.435
1754913600,3355.46,3357.705,3344.42,3356.91
1754917200,3356.86,3363.005,3348.04,3358.545
1754920800,3358.615,3359.445,3341.46,3346.38
1754924400,3346.435,3352.325,3344.855,3349.54
1754928000,3349.545,3350.4,3342.64,3344.21
1754931600,3344.205,3358.88,3341.155,3357.635
1754935200,3357.645,3358.865,3352.435,3356.255
1754938800,3356.26,3356.92,3350.41,3351.525
1754942400,3351.495,3351.785,3342.335,3342.665
1754949600,3344.04,3347.51,3342.495,3347.365
1754953200,3347.345,3349.69,3346.155,3349.09
1754956800,3349.125,3355.77,3347.42,3354.595
1754960400,3354.59,3357.51,3346.225,3349.945
1754964000,3349.885,3354.475,3349.795,3353.075
1754967600,3353.085,3355.42,3348.16,3349.57
1754971200,3349.54,3355.77,3348.735,3354.47
1754974800,3354.46,3355.87,3350.445,3354.515
1754978400,3354.525,3354.91,3342.31,3345.58
1754982000,3345.59,3358.25,3343.84,3355.64
1754985600,3355.63,3355.875,3345.585,3347.96
1754989200,3347.975,3351.915,3344.385,3345.495
1754992800,3345.46,3350.59,3343.965,3344.745
1754996400,3344.8,3348.475,3336.215,3347.605
1755000000,3347.6,3358.2,3338.54,3349.95
1755003600,3349.88,3357.25,3340.03,3345.575
1755007200,3345.55,3346.715,3331.17,3337.595
1755010800,3337.6,3359.34,3337.05,3349.81
1755014400,3349.845,3351.275,3345.985,3349.525
1755018000,3349.53,3350.77,3346.43,3349.1
1755021600,3349.1,3350.93,3347.6,3349.105
1755025200,3349.09,3349.49,3345.595,3347.66
1755028800,3347.655,3350.275,3346.025,3348.345
1755036000,3350.165,3353.875,3349.295,3350.58
1755039600,3350.565,3352.145,3349.785,3350.66
1755043200,3350.645,3350.86,3342.635,3343.625
1755046800,3343.64,3352.085,3342.695,3350.97
1755050400,3350.99,3354.505,3346.675,3351.905
1755054000,3351.915,3353.06,3348.63,3349.72
1755057600,3349.705,3352.415,3348.29,3351.82
1755061200,3351.805,3352.175,3345.57,3349.29
1755064800,3349.28,3357.78,3348.945,3357.35
1755068400,3357.345,3360.985,3354.06,3354.74
1755072000,3354.71,3363.615,3352.915,3360.38
1755075600,3360.43,3366.805,3358.69,3364.8
1755079200,3364.735,3367.095,3363.16,3366.18
1755082800,3366.175,3367.09,3358.925,3362.42
1755086400,3362.435,3363.9,3355.545,3358.125
1755090000,3358.095,3365.95,3354.16,3365.175
1755093600,3365.185,3370.825,3361.12,3363.185
1755097200,3363.22,3363.865,3354.495,3357.795
1755100800,3357.81,3360.94,3357.035,3357.915
1755104400,3357.91,3359.44,3352.765,3353.725
1755108000,3353.74,3354.475,3350.015,3353.825
1755111600,3353.83,3358.89,3352.695,3357.99
1755115200,3357.885,3358.315,3355.6,3355.695
1755122400,3357.46,3358.395,3356.71,3357.665
1755126000,3357.68,3363.595,3357.68,3362.95
1755129600,3362.945,3374.805,3362.87,3369.61
1755133200,3369.585,3370.935,3365.235,3367.49
1755136800,3367.505,3369.33,3362.835,3362.86
1755140400,3362.85,3364.14,3355.595,3360.64
1755144000,3360.71,3361.85,3358.65,3360.5
1755147600,3360.51,3362.08,3356.38,3358.96
1755151200,3358.915,3362.48,3355.94,3362.15
1755154800,3362.13,3366.65,3343.605,3346.15
1755158400,3346.07,3350.435,3341.455,3346.23
1755162000,3346.225,3359.215,3345.155,3356.56
1755165600,3356.535,3359.195,3352.15,3355.01
1755169200,3355.005,3357.18,3352.67,3355.545
1755172800,3355.56,3358.53,3342.125,3350.64
1755176400,3350.555,3356.175,3343.77,3344.22
1755180000,3344.17,3346.75,3334.245,3340.685
1755183600,3340.77,3343.03,3335.53,3341.865
1755187200,3341.89,3342.15,3329.85,3334.44
1755190800,3334.45,3338.665,3331.915,3337.855
1755194400,3337.87,3339.375,3336.055,3338.27
1755198000,3338.265,3341.08,3337.975,3338.055
1755201600,3338.04,3338.6,3334.565,3335.585
1755208800,3336.795,3337.215,3332.635,3333.51
1755212400,3333.535,3336.595,3332.34,3335.51
1755216000,3335.515,3338.715,3332.425,3337.085
1755219600,3337.105,3340.41,3333.415,3339.705
1755223200,3339.66,3340.945,3336.71,3340.53
1755226800,3340.525,3345.015,3340.15,3343.455
1755230400,3343.405,3346.765,3343.375,3345.515
1755234000,3345.52,3348.915,3342.035,3343.87
1755237600,3343.87,3344.165,3340.3,3340.6
1755241200,3340.575,3346.775,3340.175,3346.445
1755244800,3346.465,3348.265,3338.43,3341.47
1755248400,3341.455,3345.13,3338.605,3342.78
1755252000,3342.845,3342.845,3336.345,3337.85
1755255600,3337.865,3344.145,3337.205,3342.355
1755259200,3342.405,3344.05,3333.6,3342.74
1755262800,3342.775,3346.1,3333.06,3335.485
1755266400,3335.285,3343.715,3335.08,3341.9
1755270000,3341.86,3345.245,3341.35,3342.375
1755273600,3342.39,3342.505,3335.86,3338.225
1755277200,3338.24,3339.08,3335.205,3336.12
1755280800,3336.17,3338.355,3334.82,3336.085
1755284400,3336.105,3339.685,3334.485,3339.115
1755288000,3339.135,3339.5,3335.34,3335.7
1755468000,3335.23,3335.77,3333.1,3334.435
1755471600,3334.42,3334.63,3323.685,3327.16
1755475200,3327.165,3342.92,3326.975,3340.575
1755478800,3340.57,3347.56,3339.685,3346.985
1755482400,3346.95,3347.695,3342.395,3343.515
1755486000,3343.46,3351.88,3343.425,3347.225
1755489600,3347.18,3358.275,3346.955,3357.63
1755493200,3357.635,3358.49,3346.615,3349.595
1755496800,3349.6,3351.3,3346.18,3349.645
1755500400,3349.67,3355.805,3347.3,3349.045
1755504000,3349.05,3349.95,3344.645,3348.72
1755507600,3348.69,3351.775,3347.6,3348.07
1755511200,3348.06,3351.525,3346.56,3346.635
1755514800,3346.63,3348.8,3344.74,3345.485
1755518400,3345.5,3348.795,3343.125,3344.835
1755522000,3344.815,3345.03,3335.69,3336.89
1755525600,3336.885,3338.76,3332.585,3334.375
1755529200,3334.41,3336.9,3332.335,3335.72
1755532800,3335.73,3335.905,3331.775,3334.33
1755536400,3334.335,3335,3331.78,3333.73
1755540000,3333.74,3333.93,3331.575,3332.05
1755543600,3332.065,3334.375,3330.355,3333.635
1755547200,3333.65,3334.285,3332.6,3332.895
1755554400,3333.695,3334.765,3332.905,3334.455
1755558000,3334.515,3334.75,3330.565,3330.965
1755561600,3330.915,3339.355,3326.285,3335.24
1755565200,3335.3,3335.68,3330.305,3333.04
1755568800,3332.935,3338.245,3329.52,3338.225
1755572400,3338.22,3341.695,3337.13,3337.83
1755576000,3337.835,3338.22,3334.525,3337.77
1755579600,3337.7,3340.805,3335.775,3336.17
1755583200,3336.165,3338.81,3334.585,3336.055
1755586800,3336.08,3341.885,3335.04,3340.835
1755590400,3340.86,3341.115,3336.455,3338.005
1755594000,3338.01,3339.77,3336.955,3339.355
1755597600,3339.39,3345.465,3339.35,3343.74
1755601200,3343.705,3344.91,3339.305,3339.78
1755604800,3339.8,3340.605,3334.345,3334.76
1755608400,3334.745,3339.555,3325.785,3334.05
1755612000,3334.03,3337,3320.965,3325.4
1755615600,3325.46,3326.755,3321.69,3322.69
1755619200,3322.705,3324.475,3317.1,3317.575
1755622800,3317.55,3320.335,3315.005,3317.6
1755626400,3317.59,3320.22,3316.83,3318.555
1755630000,3318.555,3319.005,3315.575,3315.965
1755633600,3315.98,3317.525,3315.13,3315.7
1755640800,3316.49,3317.725,3315.815,3316.895
1755644400,3316.85,3316.85,3313.005,3314.395
1755648000,3314.405,3317.025,3312.815,3316.16
1755651600,3316.165,3317.88,3311.56,3315.38
1755655200,3315.34,3317.23,3312.425,3314.095
1755658800,3314.085,3318.71,3314.065,3317.65
1755662400,3317.665,3320.97,3317.25,3318.7
1755666000,3318.72,3324.02,3318.29,3323.545
1755669600,3323.55,3326.015,3322.255,3323.21
1755673200,3323.19,3327.61,3321.69,3324.89
1755676800,3324.86,3325.815,3321.07,3325.13
1755680400,3325.105,3327.54,3323.67,3326.31
1755684000,3326.275,3328,3323.87,3326.54
1755687600,3326.55,3332.975,3325.855,3332.435
1755691200,3332.445,3344.885,3332.21,3342.925
1755694800,3342.93,3348.365,3338.905,3344.975
1755698400,3344.96,3350.275,3340.09,3347.095
1755702000,3347.09,3347.11,3338.95,3340.83
1755705600,3340.835,3346.16,3340.825,3345.285
1755709200,3345.295,3348.175,3344.2,3347.065
1755712800,3347.065,3347.225,3344.095,3345.8
1755716400,3345.795,3349.325,3345.18,3348.77
1755720000,3348.745,3349.42,3347.585,3348.485
1755727200,3351.2,3352.3,3348.73,3349.78
1755730800,3349.7,3349.715,3346.495,3347.08
1755734400,3347.065,3347.065,3341.585,3342.29
1755738000,3342.295,3346.6,3340.805,3342.845
1755741600,3342.785,3345.105,3340.465,3344.76
1755745200,3344.745,3344.885,3339.735,3339.91
1755748800,3339.885,3341.235,3338.03,3338.385
1755752400,3338.395,3340.885,3337.15,3338.905
1755756000,3338.89,3339.95,3334.285,3336.765
1755759600,3336.75,3341.615,3335.54,3339.775
1755763200,3339.76,3341.44,3337.85,3339.615
1755766800,3339.62,3342.285,3338.09,3340.86
1755770400,3340.885,3341.745,3327.6,3328.535
1755774000,3328.53,3334.505,3325.28,3333.7
1755777600,3333.7,3345.135,3333.7,3341.92
1755781200,3341.945,3347.645,3336.095,3339.405
1755784800,3339.425,3348.24,3337.915,3344.27
1755788400,3344.285,3346.335,3337.56,3343.77
1755792000,3343.765,3344.045,3338.345,3339.805
1755795600,3339.815,3342.175,3337.04,3337.095
1755799200,3337.145,3339.615,3336.655,3339.385
1755802800,3339.395,3341.995,3337.995,3338.935
1755806400,3338.93,3339.305,3337.98,3338.71
1755813600,3340.14,3340.775,3338.765,3339.025
1755817200,3339.05,3339.635,3337.52,3338.525
1755820800,3338.52,3339.895,3335.185,3339.66
1755824400,3339.665,3340.34,3333.72,3334.065
1755828000,3334.06,3336.27,3332.845,3334.18
1755831600,3334.145,3335.44,3331.85,3332.015
1755835200,3332.05,3332.745,3328.075,3328.51
1755838800,3328.49,3331.555,3327.21,3330.17
1755842400,3330.155,3330.47,3325.675,3329.62
1755846000,3329.605,3335.15,3325.785,3327.54
1755849600,3327.545,3330.835,3325.38,3328.875
1755853200,3328.87,3331.88,3328.245,3330.27
1755856800,3330.3,3331.775,3329.05,3330.995
1755860400,3331,3331.105,3327.7,3329.425
1755864000,3329.37,3330.01,3321.455,3323.595
1755867600,3323.6,3336.31,3323.275,3334.005
1755871200,3333.97,3376.765,3333.97,3373.9
1755874800,3373.89,3378.835,3367.345,3367.85
1755878400,3367.785,3374.325,3367.785,3370.47
1755882000,3370.485,3375.555,3370.385,3374.35
1755885600,3374.33,3375.115,3371.085,3372.76
1755889200,3372.785,3373.585,3368.835,3373.23
1755892800,3373.21,3373.675,3370.19,3371.23
1756072800,3368.725,3370.095,3365.995,3367.42
1756076400,3367.47,3371.145,3366.54,3369.155
1756080000,3369.145,3369.725,3363.435,3364.895
1756083600,3365.015,3367.975,3360.69,3362.92
1756087200,3362.915,3365.285,3359.78,3364.575
1756090800,3364.52,3368.24,3364.3,3367.36
1756094400,3367.35,3367.685,3363.885,3366.21
1756098000,3366.205,3366.235,3363.16,3364.78
1756101600,3364.765,3369.64,3364.675,3368.975
1756105200,3368.97,3369.965,3366.005,3366.18
1756108800,3366.255,3366.815,3363.395,3364.06
1756112400,3364.03,3368.165,3361.985,3367.475
1756116000,3367.51,3368.6,3365.095,3365.995
1756119600,3366.005,3371.675,3365.705,3370.625
1756123200,3370.685,3371.32,3364.25,3364.525
1756126800,3364.55,3371.45,3362.14,3370.805
1756130400,3370.825,3375.425,3369.24,3374.49
1756134000,3374.49,3376.375,3372,3374.055
1756137600,3374.05,3374.42,3371.79,3373.975
1756141200,3374.005,3374.945,3370.92,3371.06
1756144800,3371.075,3373.315,3369.96,3370.62
1756148400,3370.61,3370.985,3365.205,3365.405
1756152000,3365.41,3366.135,3364.335,3365.72
1756159200,3366.605,3367.23,3363.795,3364.225
1756162800,3364.22,3364.275,3351.68,3354.98
1756166400,3354.99,3386.685,3351.33,3383.18
1756170000,3383.145,3384.95,3371.665,3376.94
1756173600,3376.85,3379.17,3372.88,3375.435
1756177200,3375.35,3375.555,3369.735,3372.315
1756180800,3372.26,3379.095,3372.155,3377.57
1756184400,3377.59,3379.17,3372.58,3376.685
1756188000,3376.65,3377.825,3372.525,3376.31
1756191600,3376.315,3379.185,3367.19,3376.835
1756195200,3376.82,3379.98,3375.645,3376.83
1756198800,3376.825,3378.73,3369.51,3372.11
1756202400,3372.09,3375.33,3367.09,3372.135
1756206000,3372.165,3380.515,3370.875,3377.635
1756209600,3377.635,3379.805,3371.015,3372.13
1756213200,3372.13,3378.27,3370.535,3375.85
1756216800,3375.845,3379.715,3370.31,3379.495
1756220400,3379.51,3389.415,3378.695,3386.705
1756224000,3386.71,3387.765,3382.545,3383.075
1756227600,3383.1,3385.87,3381.62,3381.77
1756231200,3381.775,3385.78,3380.355,3385.695
1756234800,3385.69,3390.965,3385.195,3389.75
1756238400,3389.735,3393.745,3389.24,3393.745
1756245600,3390.75,3391.935,3388.88,3391.065
1756249200,3390.99,3392.885,3390.05,3390.925
1756252800,3390.935,3393.55,3388.99,3389.585
1756256400,3389.59,3390.04,3383.335,3386.385
1756260000,3386.335,3387.15,3382.225,3384.22
1756263600,3384.335,3384.56,3380.535,3380.645
1756267200,3380.64,3381.245,3373.92,3374.99
1756270800,3375.06,3379.005,3374.095,3377.325
1756274400,3377.33,3382.075,3376.37,3377.435
1756278000,3377.43,3381.69,3373.785,3381.595
1756281600,3381.57,3385.075,3380.95,3384.665
1756285200,3384.68,3385.58,3377.555,3378.165
1756288800,3378.185,3379.29,3374.85,3375.55
1756292400,3375.57,3378.21,3373.75,3376.8
1756296000,3376.76,3382.98,3374.34,3381.195
1756299600,3381.265,3384.98,3375.63,3377.9
1756303200,3377.925,3386.975,3376.145,3386.575
1756306800,3386.625,3390.44,3385.225,3388.095
1756310400,3388.145,3398.79,3387.62,3395.55
1756314000,3395.52,3397.505,3394.92,3395.235
1756317600,3395.215,3396.35,3392.38,3394.585
1756321200,3394.605,3396.445,3393.79,3396.295
1756324800,3396.325,3398.315,3394.295,3397.72
1756332000,3398.405,3398.73,3394.725,3395.895
1756335600,3395.895,3399.365,3395.16,3395.76
1756339200,3395.755,3398.14,3391.19,3391.98
1756342800,3391.985,3392.87,3385.53,3386.005
1756346400,3385.905,3391.565,3384.62,3391.55
1756350000,3391.54,3392.545,3389.045,3390.295
1756353600,3390.26,3392.315,3388.825,3390.39
1756357200,3390.385,3391.03,3387.685,3389.275
1756360800,3389.28,3395.835,3388.89,3395.45
1756364400,3395.455,3397.79,3393.765,3395.92
1756368000,3395.98,3401.12,3394.085,3400.775
1756371600,3400.79,3401.73,3398.49,3399.23
1756375200,3399.15,3399.21,3393.955,3397.15
1756378800,3397.08,3407.645,3396.39,3404.195
1756382400,3404.18,3408.78,3396.855,3397.27
1756386000,3397.275,3410.53,3394.28,3407.22
1756389600,3407.295,3413.645,3406.465,3412.44
1756393200,3412.44,3413.365,3404.565,3411.045
1756396800,3411.05,3417.82,3410.05,3415.59
1756400400,3415.595,3418.905,3414.595,3418.035
1756404000,3418.05,3420.455,3417.31,3420.205
1756407600,3420.215,3423.18,3418.035,3422.125
1756411200,3422.135,3422.455,3416.38,3417.06
1756418400,3417.035,3417.82,3415.675,3416.78
1756422000,3416.685,3416.75,3414.79,3414.8
1756425600,3414.81,3417.945,3413.095,3413.475
1756429200,3413.5,3413.645,3407.905,3409.895
1756432800,3409.83,3414.125,3409.795,3411.44
1756436400,3411.455,3413.69,3409.945,3410.96
1756440000,3410.82,3411.51,3407.505,3408.915
1756443600,3408.965,3410.865,3407.125,3410.46
1756447200,3410.465,3412.79,3407.865,3410.23
1756450800,3410.225,3412.76,3406.565,3412.355
1756454400,3412.35,3414.92,3409.69,3410.45
1756458000,3410.445,3411.23,3406.885,3407.455
1756461600,3407.46,3408.92,3404.8,3405.655
1756465200,3405.66,3411.395,3404.315,3410.915
1756468800,3410.865,3416.905,3406.87,3416.525
1756472400,3416.51,3429.19,3413.58,3428.6
1756476000,3428.74,3441.19,3428.74,3441.16
1756479600,3441.12,3447.79,3439.02,3445.655
1756483200,3445.635,3449.515,3442.36,3449.355
1756486800,3449.285,3450.265,3441.045,3443.865
1756490400,3443.89,3445.645,3441.125,3442.885
1756494000,3442.905,3453.97,3441.57,3452.84
1756497600,3452.845,3452.88,3445.825,3447.435
1756677600,3445.43,3453.13,3442.39,3450.425
1756681200,3450.39,3450.935,3444.78,3447.88
1756684800,3447.85,3447.85,3442.6,3444.095
1756688400,3444.1,3459.47,3437.025,3457.32
1756692000,3457.3,3484.94,3455.195,3483.5
1756695600,3483.49,3486.262,3469.59,3474.77
1756699200,3474.775,3479.395,3472.165,3475.305
1756702800,3475.27,3482.95,3474.25,3477.175
1756706400,3477.165,3489.845,3476.775,3479.035
1756710000,3479.085,3480.71,3467.59,3477.945
1756713600,3477.955,3480.04,3474.565,3476.965
1756717200,3476.955,3477.135,3467.325,3469.51
1756720800,3469.49,3474.12,3466.385,3470.675
1756724400,3470.63,3473.69,3467.725,3470.26
1756728000,3470.29,3471.89,3467.295,3469.515
1756731600,3469.58,3479.275,3468.925,3475.37
1756735200,3475.305,3481.535,3473.635,3475.89
1756738800,3475.875,3479.22,3473.465,3474.215
1756742400,3474.21,3477.83,3472.39,3477.41
1756746000,3477.405,3479.07,3476.32,3478.025
1756749600,3478.01,3478.065,3476.2,3476.365
1756764000,3475.91,3480.475,3475.225,3475.225
1756767600,3475.42,3481.425,3474.565,3479.28
1756771200,3479.185,3485.075,3478.2,3479.23
1756774800,3479.21,3508.79,3477.06,3497.895
1756778400,3497.89,3500.975,3491.41,3496.455
1756782000,3496.495,3496.495,3489.995,3495.055
1756785600,3495.07,3498.47,3493.41,3496.83
1756789200,3496.745,3497.99,3492.015,3493.11
1756792800,3493.105,3495.885,3483.115,3485.77
1756796400,3485.76,3488.35,3472.275,3477.035
1756800000,3477.035,3481.36,3470.05,3477.63
1756803600,3477.635,3480.495,3476.01,3476.73
1756807200,3476.745,3485.86,3475.84,3485.765
1756810800,3485.76,3490.075,3478.47,3489.845
1756814400,3489.895,3494.295,3474.42,3482.105
1756818000,3482.1,3493.7,3478.35,3489.145
1756821600,3489.085,3514.135,3488.465,3511.225
1756825200,3511.255,3520.58,3509.525,3520.5
1756828800,3520.505,3528.865,3518.155,3527.885
1756832400,3527.9,3530.195,3522.015,3529.35
1756836000,3529.355,3532.12,3525.295,3528.435
1756839600,3528.445,3540.06,3528.445,3537.105
1756843200,3537.095,3537.71,3533.4,3533.545
1756850400,3532.72,3534.9,3529.195,3529.31
1756854000,3529.235,3533.1,3526.54,3529.915
1756857600,3529.835,3547.33,3528.1,3536.115
1756861200,3536.05,3541.835,3531.81,3538.945
1756864800,3538.895,3546.145,3531.165,3531.69
1756868400,3531.685,3533.615,3529.38,3530.91
1756872000,3530.925,3538.41,3530.79,3536.985
1756875600,3537,3538.112,3526.77,3530.1
1756879200,3530.085,3537.725,3530.045,3535.255
1756882800,3535.245,3537.05,3529.13,3533.9
1756886400,3533.88,3541.505,3533.75,3540.085
1756890000,3540.08,3541.995,3533.75,3534.35
1756893600,3534.335,3541.77,3532.37,3540.175
1756897200,3540.17,3549.66,3539.975,3547.705
1756900800,3547.725,3551.635,3541.395,3550.63
1756904400,3550.625,3561.39,3549.345,3554.095
1756908000,3554.025,3565.805,3551.635,3558.49
1756911600,3558.55,3567.525,3557.63,3564.02
1756915200,3563.985,3572.67,3562.375,3572.46
1756918800,3572.485,3576.03,3570.25,3574.53
1756922400,3574.625,3578.66,3565.53,3570.445
1756926000,3570.47,3571.77,3561.22,3563.66
1756929600,3563.75,3566.095,3558.94,3559.26
1756936800,3560.26,3564.155,3559.002,3561.715
1756940400,3561.65,3561.78,3554.48,3560.495
1756944000,3560.555,3562.52,3551.895,3561.57
1756947600,3561.595,3563.475,3543.715,3546.265
1756951200,3546.25,3550.61,3526.4,3530.775
1756954800,3530.765,3531.78,3511.755,3529.18
1756958400,3529.185,3534.4,3528.815,3533.255
1756962000,3533.275,3534.325,3525.475,3527.235
1756965600,3527.245,3541.92,3524.5,3536.175
1756969200,3536.22,3541.3,3532.87,3541.115
1756972800,3541.115,3545.63,3537.42,3541.425
1756976400,3541.435,3545.07,3536.815,3538.755
1756980000,3538.76,3547.185,3538.415,3541.025
1756983600,3541.035,3550.04,3536.575,3545.575
1756987200,3545.58,3553.32,3541.275,3548.44
1756990800,3548.342,3558.93,3539.9,3546.49
1756994400,3546.34,3546.435,3535.145,3545.89
1756998000,3545.935,3553.305,3542.47,3552.95
1757001600,3552.945,3556.275,3549.42,3552.625
1757005200,3552.615,3555.54,3542.6,3542.895
1757008800,3542.89,3548.405,3542.79,3546.355
1757012400,3546.35,3551.2,3545.62,3549.96
1757016000,3549.975,3550.505,3544.4,3545.87
1757023200,3545.4,3545.545,3540.015,3541.005
1757026800,3540.945,3554.565,3540.89,3552.81
1757030400,3552.76,3556.755,3549.145,3552.255
1757034000,3552.27,3556.6,3550,3552.515
1757037600,3552.53,3555.55,3545.945,3551.015
1757041200,3551.025,3559.195,3548.775,3558.42
1757044800,3558.51,3559.32,3556.3,3558.52
1757048400,3558.55,3561.28,3555.705,3557.79
1757052000,3557.8,3558.09,3548.21,3552.71
1757055600,3552.77,3554.375,3546.635,3548.24
1757059200,3548.215,3550.035,3544.855,3546.035
1757062800,3546.05,3553.92,3545.945,3552.47
1757066400,3552.48,3553.085,3549.5,3551.885
1757070000,3551.875,3555.32,3547.9,3553.395
1757073600,3553.42,3587.04,3548.84,3580.555
1757077200,3580.565,3595.425,3573.25,3594.74
1757080800,3594.74,3598.07,3573.24,3590.31
1757084400,3590.285,3595.515,3581.895,3591.99
1757088000,3591.955,3600.205,3591.095,3595.175
1757091600,3595.19,3597.585,3590.445,3596.43
1757095200,3596.56,3597.325,3592.57,3595.645
1757098800,3595.655,3596.155,3592.63,3594.63
1757102400,3594.615,3595.36,3586.19,3586.545
1757282400,3591.61,3597.095,3586.95,3592.13
1757286000,3592.24,3594.105,3587.84,3591.22
1757289600,3591.21,3594.5,3587.005,3594.41
1757293200,3594.33,3597.2,3584.905,3589.54
1757296800,3589.55,3594.585,3586.51,3590.855
1757300400,3590.87,3592.45,3582.98,3583.51
1757304000,3583.43,3584.875,3579.72,3581.63
1757307600,3581.675,3591.845,3581.21,3591.385
1757311200,3591.415,3599.035,3589.49,3598.335
1757314800,3598.33,3613.75,3596.48,3609.49
1757318400,3609.55,3617.295,3607.3,3611.285
1757322000,3611.295,3615.165,3608.7,3613.88
1757325600,3613.925,3622.475,3613.535,3617.075
1757329200,3617.12,3620.075,3612.725,3619.875
1757332800,3619.84,3626.09,3614.775,3624.245
1757336400,3624.21,3637.075,3620.215,3633.39
1757340000,3633.32,3641.08,3628.895,3640.86
1757343600,3640.845,3646.545,3633.265,3639.355
1757347200,3639.375,3641.735,3635.9,3640.765
1757350800,3640.74,3641.25,3632.675,3633.585
1757354400,3633.615,3636.745,3631.935,3636.085
1757358000,3636.05,3637.69,3632.67,3636.615
1757361600,3636.595,3638.02,3634.565,3635.85
1757368800,3636.15,3636.85,3628.83,3629.475
1757372400,3629.73,3636.33,3628.48,3635.05
1757376000,3635.04,3641.015,3633.63,3638.615
1757379600,3638.605,3647.72,3636.16,3646.59
1757383200,3646.49,3654.605,3644.925,3647.54
1757386800,3647.62,3652.08,3642.655,3646.125
1757390400,3646.14,3657.295,3645.935,3654.995
1757394000,3654.985,3659.435,3652.755,3655.265
1757397600,3655.34,3656.385,3636.62,3647.69
1757401200,3647.722,3651.095,3641.615,3644.34
1757404800,3644.325,3651.215,3641.855,3648.1
1757408400,3648.12,3656.8,3647.81,3653.755
1757412000,3653.74,3655.94,3648.835,3652.055
1757415600,3652.09,3654.295,3646.875,3648.075
1757419200,3648.095,3655.59,3643.775,3647.61
1757422800,3647.615,3668.32,3646.535,3665.905
1757426400,3665.95,3674.695,3636.005,3645.075
1757430000,3645.09,3646.645,3626.915,3645.665
1757433600,3645.69,3649.58,3644.2,3645.065
1757437200,3645.15,3646.5,3641.415,3642.86
1757440800,3642.915,3645.1,3639.715,3640.455
1757444400,3640.45,3641.28,3628.65,3629.56
1757448000,3629.58,3632.95,3626.03,3626.315
1757455200,3627.45,3635.865,3623.12,3635.49
1757458800,3635.225,3640.675,3633.535,3633.685
1757462400,3633.7,3634.635,3621.5,3624.105
1757466000,3624.13,3632.79,3620.135,3630.6
1757469600,3630.605,3638.225,3630.095,3636.275
1757473200,3636.22,3637.14,3633.125,3636.715
1757476800,3636.73,3643.39,3636.67,3643.035
1757480400,3643.02,3645.46,3639.96,3643.04
1757484000,3642.955,3647.705,3640.755,3643.995
1757487600,3643.995,3648.605,3641.26,3644.025
1757491200,3644.115,3647.875,3641.885,3646.065
1757494800,3645.985,3656.195,3644.93,3655.36
1757498400,3655.35,3657.535,3651.56,3655.3
1757502000,3655.315,3656.495,3648.385,3649.27
1757505600,3649.27,3657.61,3640.34,3644.095
1757509200,3644.11,3654.23,3642.125,3651.295
1757512800,3651.305,3655.575,3643.885,3647.7
1757516400,3647.745,3648.715,3638.65,3644.51
1757520000,3644.46,3647.02,3640,3642.825
1757523600,3642.83,3647.695,3641.815,3647.52
1757527200,3647.49,3649.69,3644.72,3645.365
1757530800,3645.44,3646.385,3635.335,3642.14
1757534400,3642.115,3642.975,3638.16,3640.585
1757541600,3644.465,3644.49,3637.96,3639.8
1757545200,3639.87,3645.695,3638.625,3644.96
1757548800,3645.005,3647.255,3642.535,3643.965
1757552400,3643.925,3649.345,3639.865,3641.165
1757556000,3641.14,3643.61,3634.255,3637.37
1757559600,3637.355,3637.355,3629.77,3632.18
1757563200,3632.18,3634.44,3630.295,3630.7
1757566800,3630.685,3633.53,3623.495,3625.09
1757570400,3625.115,3637.92,3622.75,3633.245
1757574000,3633.245,3633.37,3623.815,3630.09
1757577600,3630.115,3631.985,3625.47,3626.215
1757581200,3626.24,3626.24,3614.36,3622.05
1757584800,3622.03,3625.075,3619.74,3622.08
1757588400,3622.07,3622.36,3615.56,3616.82
1757592000,3616.845,3644.085,3612.835,3628.85
1757595600,3629.09,3637.17,3618.48,3630.24
1757599200,3630.195,3637.96,3626.155,3629.5
1757602800,3629.565,3639.19,3629.565,3633.06
1757606400,3633.055,3642.115,3633.04,3636.215
1757610000,3636.245,3636.73,3631.835,3635.025
1757613600,3635.045,3637.09,3630.525,3632.465
1757617200,3632.435,3637.605,3632.305,3637
1757620800,3636.985,3637.67,3633.255,3634.12
1757628000,3635.9,3638.525,3633.335,3635.08
1757631600,3635.09,3636.31,3631.735,3632.01
1757635200,3632.035,3638.195,3630.625,3636.5
1757638800,3636.535,3647.765,3636.485,3646.495
1757642400,3646.545,3651.17,3645.085,3649.195
1757646000,3649.18,3653.405,3646.715,3653.01
1757649600,3652.95,3656.36,3651.645,3654.985
1757653200,3654.96,3656.7,3652.125,3653.105
1757656800,3653.19,3654.09,3648.39,3650.62
1757660400,3650.635,3653.87,3647.86,3648.4
1757664000,3648.31,3651.415,3639.74,3641.04
1757667600,3641.05,3647.2,3637.63,3646.465
1757671200,3646.475,3652.26,3646.265,3651.335
1757674800,3651.37,3652.235,3646.885,3647.1
1757678400,3647.12,3649.04,3638.235,3645.55
1757682000,3645.58,3652.7,3643.455,3650.795
1757685600,3650.585,3654.495,3647.425,3648.06
1757689200,3648.05,3648.32,3641.79,3644.58
1757692800,3644.6,3649.8,3642.685,3649.305
1757696400,3649.33,3650.865,3647.63,3648.895
1757700000,3648.975,3649.64,3647.215,3648.565
1757703600,3648.58,3648.61,3643.53,3644.295
1757707200,3644.23,3645.55,3641.355,3643.085
1757887200,3644.565,3645.83,3640.035,3642.295
1757890800,3642.31,3642.31,3636.955,3638.29
1757894400,3638.26,3642.8,3632.025,3633.475
1757898000,3633.37,3634.99,3626.46,3634.54
1757901600,3634.555,3645.67,3634.32,3641.195
1757905200,3641.19,3646.515,3640.255,3645.98
1757908800,3645.995,3646.95,3643.87,3645.86
1757912400,3645.735,3646.385,3642.275,3643.625
1757916000,3643.635,3643.95,3636.5,3636.525
1757919600,3636.515,3645.17,3633.675,3643.96
1757923200,3643.805,3645.89,3640.925,3645.58
1757926800,3645.585,3646.195,3635.66,3641.32
1757930400,3641.345,3646.545,3639.015,3639.895
1757934000,3639.9,3646.855,3639.03,3642.685
1757937600,3642.795,3650.98,3636.93,3650.51
1757941200,3650.55,3664.315,3647.005,3657.22
1757944800,3657.195,3663.985,3654.01,3663.59
1757948400,3663.66,3681.94,3663.035,3680.51
1757952000,3680.515,3685.695,3674.74,3679.26
1757955600,3679.31,3682.705,3678.64,3681.89
1757959200,3681.885,3682.2,3675.965,3676.95
1757962800,3676.985,3682.79,3676.775,3681.055
1757966400,3681.045,3682.01,3678.53,3678.79
1757973600,3680.135,3680.55,3676.505,3679.11
1757977200,3679.13,3680.6,3676.165,3676.84
1757980800,3676.835,3687.035,3676.305,3686.455
1757984400,3686.49,3689.51,3677.13,3679.54
1757988000,3679.505,3682.88,3674.705,3677.745
1757991600,3677.665,3683.235,3677.115,3681.06
1757995200,3681.165,3685.435,3680.26,3684.32
1757998800,3684.325,3684.6,3680.285,3682.735
1758002400,3682.745,3694.25,3681.69,3693.565
1758006000,3693.515,3694.21,3686.375,3686.475
1758009600,3686.44,3697.405,3686.24,3694.435
1758013200,3694.46,3699.13,3693.14,3698.435
1758016800,3698.43,3698.925,3692.725,3693.085
1758020400,3693.13,3699.62,3690.55,3697.335
1758024000,3697.355,3697.66,3686.465,3689.39
1758027600,3689.355,3698.76,3685.25,3695.785
1758031200,3695.685,3703.24,3685.69,3686.51
1758034800,3686.525,3689.015,3678.885,3686.43
1758038400,3686.45,3691.375,3684.81,3689.88
1758042000,3689.89,3691.07,3686.36,3687.75
1758045600,3687.765,3691.025,3686.53,3690.725
1758049200,3690.735,3691.26,3687.87,3689.79
1758052800,3689.78,3693.94,3689.505,3689.855
1758060000,3691.345,3692.84,3689.935,3692.095
1758063600,3692.105,3695.4,3691.895,3694.44
1758067200,3694.48,3695.52,3691.14,3691.18
1758070800,3691.215,3692.02,3676.025,3679.505
1758074400,3679.475,3684.01,3674.15,3682.35
1758078000,3682.345,3683.72,3679.875,3681.86
1758081600,3681.905,3682.62,3680.53,3680.775
1758085200,3680.805,3686.07,3675.905,3679.225
1758088800,3679.21,3680.185,3670.7,3675.195
1758092400,3675.185,3677.49,3666.725,3667.09
1758096000,3667.095,3668.03,3662.635,3664.98
1758099600,3664.975,3671.135,3664.035,3668.005
1758103200,3667.94,3670,3660.455,3661.51
1758106800,3661.425,3670.03,3660.02,3666.02
1758110400,3666.025,3679.52,3665.7,3678.845
1758114000,3678.895,3682.685,3672.85,3678.925
1758117600,3678.95,3686.15,3676.98,3684.455
1758121200,3684.44,3687.27,3682.88,3684.315
1758124800,3684.32,3688.595,3684.085,3684.81
1758128400,3684.82,3687.73,3678.795,3686.08
1758132000,3686.06,3707.555,3646.125,3650.465
1758135600,3650.455,3667.12,3646.29,3661.915
1758139200,3661.9,3661.9,3656.28,3659.975
1758146400,3659.625,3665.48,3654.815,3662.865
1758150000,3662.88,3672.125,3662.06,3669.055
1758153600,3669.05,3669.915,3658.08,3665.34
1758157200,3665.365,3668.905,3651.695,3657.15
1758160800,3657.195,3666.01,3655.455,3664.735
1758164400,3664.73,3666.035,3657.98,3658.64
1758168000,3658.72,3659.395,3653.445,3653.6
1758171600,3653.605,3659.34,3649.49,3651.44
1758175200,3651.425,3651.91,3634.055,3637.56
1758178800,3637.535,3660.09,3635.6,3659.055
1758182400,3659.14,3665.975,3653.82,3665.59
1758186000,3665.585,3673.205,3664.75,3671.745
1758189600,3671.735,3672.655,3665.54,3667.17
1758193200,3667.205,3671.015,3664.455,3667.26
1758196800,3667.355,3672.535,3663.02,3663.295
1758200400,3663.3,3664.42,3627.96,3642.195
1758204000,3642.2,3646.615,3634.35,3638.385
1758207600,3638.44,3642.335,3636.905,3641.43
1758211200,3641.375,3647.33,3640.865,3646.29
1758214800,3646.28,3646.845,3643.36,3643.62
1758218400,3643.605,3643.635,3640.495,3641.415
1758222000,3641.37,3647.14,3640.675,3646.765
1758225600,3646.77,3647.235,3643.91,3644.18
1758232800,3642.92,3643.205,3639.495,3640.27
1758236400,3640.275,3642.08,3637.955,3640.195
1758240000,3640.2,3642.79,3636.145,3640.1
1758243600,3640.105,3651.4,3632.38,3639.985
1758247200,3639.87,3650.4,3638.99,3647.47
1758250800,3647.475,3656.61,3645.445,3653.81
1758254400,3653.825,3660.075,3653.815,3658.875
1758258000,3658.895,3661.355,3651.465,3652.44
1758261600,3652.525,3654.2,3643.4,3647.015
1758265200,3647.05,3657.475,3644.6,3654.05
1758268800,3654.03,3656.69,3649.715,3655.64
1758272400,3655.8,3658.9,3655.325,3658.71
1758276000,3658.715,3659.29,3655.205,3655.96
1758279600,3655.965,3656.045,3645.765,3648.52
1758283200,3648.53,3651.965,3644.495,3649.445
1758286800,3649.42,3664.59,3643.785,3663.31
1758290400,3663.31,3669.355,3656.425,3667.14
1758294000,3667.155,3676.015,3665.42,3670.95
1758297600,3670.925,3673.39,3666.555,3668.345
1758301200,3668.285,3679.57,3668.105,3678.7
1758304800,3678.73,3684.23,3678.075,3683.67
1758308400,3683.665,3685.255,3681.285,3684.45
1758312000,3684.475,3685.74,3680.8,3684.975
1758492000,3687.77,3692.29,3683.545,3688.555
1758495600,3688.51,3690.61,3685.685,3686.315
1758499200,3686.27,3691.22,3685.655,3691.04
1758502800,3690.99,3696.945,3686.775,3689.305
1758506400,3689.33,3693.47,3685.46,3686.52
1758510000,3686.495,3697.59,3686.085,3695.6
1758513600,3695.585,3696.09,3690.04,3692.215
1758517200,3692.29,3700.44,3691.92,3697.08
1758520800,3697.11,3720.07,3695.655,3714.39
1758524400,3714.375,3716.535,3708.64,3713.27
1758528000,3713.215,3722.58,3712.455,3720.31
1758531600,3720.3,3726.965,3719.38,3723.225
1758535200,3723.24,3728.49,3721.045,3727.505
1758538800,3727.545,3728.44,3721.18,3724.65
1758542400,3724.675,3725.505,3712.25,3721.635
1758546000,3721.67,3725.575,3713.75,3722.39
1758549600,3722.4,3726.47,3716.9,3725.975
1758553200,3726.045,3736.485,3723.615,3736.235
1758556800,3736.24,3739.63,3735.27,3737.085
1758560400,3737.09,3747.32,3737.09,3746.61
1758564000,3746.595,3748.09,3744.62,3747.68
1758567600,3747.695,3748.86,3742.455,3747.685
1758571200,3747.7,3748.62,3745.51,3746.355
1758578400,3747.125,3747.76,3738.125,3740.2
1758582000,3740.265,3749.255,3739.19,3747.795
1758585600,3747.785,3750.675,3745.03,3747.26
1758589200,3747.25,3759.42,3745.74,3754.715
1758592800,3754.71,3755.545,3736.66,3742
1758596400,3741.99,3747.28,3739.2,3746.76
1758600000,3746.745,3747.655,3743.285,3744.87
1758603600,3744.665,3758.805,3743.385,3753.235
1758607200,3753.2,3757.53,3751.33,3753.9
1758610800,3753.915,3757.5,3748.985,3753.455
1758614400,3753.41,3775.285,3753.13,3774.485
1758618000,3774.48,3791.255,3774.205,3784.89
1758621600,3784.915,3787.92,3780.785,3783
1758625200,3783.035,3788.925,3779.745,3783.68
1758628800,3783.75,3785.47,3777.56,3784.495
1758632400,3784.48,3788.81,3774.085,3783.95
1758636000,3783.94,3784.945,3767.615,3774.175
1758639600,3774.2,3782.12,3772.965,3779.36
1758643200,3779.395,3782.06,3765.03,3779.35
1758646800,3779.385,3785.84,3775.93,3777.515
1758650400,3777.57,3781.445,3756.275,3756.915
1758654000,3756.89,3768.315,3752.075,3764.475
1758657600,3764.53,3767.495,3762.65,3764.205
1758664800,3765.31,3766.615,3761.67,3765.47
1758668400,3765.45,3770.07,3762.07,3763.83
1758672000,3763.805,3765.545,3759.09,3765.22
1758675600,3765.28,3771.945,3755.08,3756.49
1758679200,3756.47,3759.36,3750.51,3756.96
1758682800,3756.965,3766.67,3752.275,3765.415
1758686400,3765.465,3768.44,3763.335,3768.34
1758690000,3768.345,3777.075,3767.98,3774.87
1758693600,3774.875,3776.165,3769.155,3771.25
1758697200,3771.395,3779.34,3770.79,3777.47
1758700800,3777.54,3777.96,3767.145,3770.13
1758704400,3770.045,3771.775,3763.175,3768.465
1758708000,3768.455,3768.71,3759.89,3762.265
1758711600,3762.295,3769.605,3759.68,3769.145
1758715200,3769.13,3771.645,3764.045,3768.175
1758718800,3768.16,3772.97,3759.05,3761.26
1758722400,3761.25,3765.335,3749.725,3752.755
1758726000,3752.805,3756.71,3739.71,3741.22
1758729600,3741.235,3745.32,3732.37,3735.765
1758733200,3735.82,3738.965,3732.44,3733.2
1758736800,3733.17,3734.08,3722.825,3724.285
1758740400,3724.345,3731.835,3717.52,3730.145
1758744000,3730.155,3737.48,3730.025,3736.165
1758751200,3739.61,3745.18,3739.025,3741.225
1758754800,3741.21,3745.52,3739.17,3743.115
1758758400,3743.015,3751.535,3741.645,3749.03
1758762000,3748.845,3750.59,3732.955,3736.17
1758765600,3736.16,3742.38,3729.635,3739.715
1758769200,3739.7,3739.81,3734.375,3736.68
1758772800,3736.745,3740.74,3731.795,3738.18
1758776400,3738.24,3741.51,3734.17,3738.61
1758780000,3738.6,3748.295,3737.685,3740.99
1758783600,3741.05,3755.08,3740.13,3752.445
1758787200,3752.42,3761.69,3751.3,3756.58
1758790800,3756.65,3761.28,3750.465,3757.08
1758794400,3757.13,3760.975,3755.635,3757.17
1758798000,3757.165,3757.585,3741.23,3753.16
1758801600,3753.025,3755.9,3730.66,3738.855
1758805200,3738.89,3745.815,3722.22,3733.845
1758808800,3733.855,3736.645,3723.76,3731.655
1758812400,3731.67,3738.855,3728.085,3736.05
1758816000,3736.06,3742.845,3732.595,3733.7
1758819600,3733.695,3744.27,3732.405,3741.755
1758823200,3741.815,3758.43,3736.76,3755.24
1758826800,3755.275,3756.815,3744.785,3746.74
1758830400,3746.745,3752.495,3746.25,3749.44
1758837600,3747.235,3751.615,3746.4,3748.905
1758841200,3749.125,3749.965,3738.175,3744.855
1758844800,3744.775,3749.72,3740.08,3749.72
1758848400,3749.75,3753.31,3737.85,3739.27
1758852000,3739.235,3742.94,3737.695,3738.535
1758855600,3738.585,3746.11,3734.44,3745.735
1758859200,3745.75,3747.835,3744.7,3747.72
1758862800,3747.665,3749.65,3741.735,3741.93
1758866400,3741.89,3754.13,3741.415,3743.525
1758870000,3743.52,3749.65,3739.345,3748.11
1758873600,3748.135,3755.24,3747.245,3753.015
1758877200,3752.99,3754.55,3747.215,3751.615
1758880800,3751.46,3755.16,3742.955,3744.625
1758884400,3744.685,3753.06,3744.405,3748.78
1758888000,3748.755,3757.505,3746.53,3752.045
1758891600,3752.055,3766.425,3751.225,3761.98
1758895200,3761.79,3783.885,3761.605,3778.935
1758898800,3778.93,3781.19,3772.995,3780.51
1758902400,3780.495,3781.365,3771.41,3774.365
1758906000,3774.39,3783.19,3774.14,3783.075
1758909600,3783.09,3783.355,3774.73,3778.6
1758913200,3778.605,3778.615,3764.605,3766.825
1758916800,3766.84,3769.705,3759.66,3759.855
1759096800,3764.745,3771.295,3763.45,3770.605
1759100400,3770.535,3772.605,3766.525,3766.92
1759104000,3766.87,3787.61,3763.935,3787.135
1759107600,3787.075,3788.725,3767.91,3778.715
1759111200,3778.74,3798.79,3777.765,3792.905
1759114800,3792.89,3799.49,3792.2,3794.565
1759118400,3794.49,3809.195,3792.58,3805.1
1759122000,3805.15,3814.655,3801.29,3813.635
1759125600,3813.665,3819.915,3810.91,3817.405
1759129200,3817.285,3819.57,3804.985,3806.24
1759132800,3806.265,3819.6,3806.265,3818.845
1759136400,3818.825,3819.825,3806.95,3807.555
1759140000,3807.58,3818.715,3806.47,3818.055
1759143600,3818.01,3831.45,3816.51,3828.915
1759147200,3828.92,3830.625,3811.75,3813.795
1759150800,3813.84,3828.19,3809.425,3821.46
1759154400,3821.365,3830.695,3816.63,3828.275
1759158000,3828.345,3833.315,3820.96,3830.49
1759161600,3830.485,3833.655,3828.19,3830.45
1759165200,3830.465,3832.98,3824.19,3828.915
1759168800,3828.985,3830.765,3823.31,3824.51
1759172400,3824.485,3829.78,3822.6,3828.88
1759176000,3828.855,3834.3,3827.795,3833.88
1759183200,3832.57,3832.645,3825.78,3830.805
1759186800,3830.7,3833.49,3828.13,3832.905
1759190400,3832.965,3840.905,3831.08,3839.155
1759194000,3839.03,3851.06,3838.11,3848.275
1759197600,3848.26,3852.105,3842.72,3848.2
1759201200,3848.205,3867.405,3846.02,3864.94
1759204800,3864.88,3867.21,3862.105,3867.175
1759208400,3867.17,3870.54,3862.52,3869.82
1759212000,3869.855,3871.89,3854.81,3855.74
1759215600,3855.755,3859.415,3839.545,3843.92
1759219200,3843.805,3847.32,3807.61,3816.37
1759222800,3816.29,3821.635,3793.175,3798.815
1759226400,3798.82,3814.735,3798.305,3812.295
1759230000,3812.24,3817.87,3804.625,3815.39
1759233600,3815.38,3821.805,3808.945,3819.475
1759237200,3819.495,3829.975,3811.735,3823.725
1759240800,3823.61,3854.7,3820.385,3854.08
1759244400,3854.06,3854.175,3831.365,3838.91
1759248000,3838.9,3848.025,3837.88,3846.025
1759251600,3846.045,3849.38,3842.845,3844.085
1759255200,3844.13,3849.045,3839.655,3848.045
1759258800,3848.03,3860.79,3847.145,3859.08
1759262400,3859.065,3860.145,3850.66,3858.45
1759269600,3860.08,3861.53,3854.775,3860.015
1759273200,3860.085,3863.185,3860.085,3863.03
1759276800,3863.05,3865.375,3858.76,3860.535
1759280400,3860.47,3869.09,3859.14,3869.065
1759284000,3869.085,3875.56,3858.37,3863.595
1759287600,3863.585,3866.65,3855.705,3862.16
1759291200,3862.125,3865.13,3857.66,3864.99
1759294800,3864.98,3869.865,3862.28,3863.605
1759298400,3863.6,3864.88,3853.38,3859.31
1759302000,3859.265,3879.86,3859.105,3879.35
1759305600,3879.35,3895.5,3879.23,3892.95
1759309200,3892.94,3895.155,3883.715,3888.94
1759312800,3888.945,3889.645,3885.21,3887.735
1759316400,3887.715,3888.585,3878.06,3883.78
1759320000,3883.915,3891.13,3864.65,3870.575
1759323600,3870.585,3877.145,3863.72,3873.055
1759327200,3872.995,3878.88,3856.335,3873.1
1759330800,3873.07,3876.865,3858.045,3868.625
1759334400,3868.645,3871.595,3860.645,3870.955
1759338000,3870.95,3871.91,3860.645,3860.85
1759341600,3860.875,3866.34,3855.155,3862.185
1759345200,3862.24,3871.1,3861.455,3867.75
1759348800,3867.745,3867.805,3860.43,3865.53
1759356000,3864.41,3865.78,3858.855,3862.225
1759359600,3862.23,3866.7,3857.755,3863.49
1759363200,3863.495,3863.685,3856.075,3856.09
1759366800,3856.055,3865.29,3852.835,3865.175
1759370400,3865.22,3870.06,3861.54,3866.17
1759374000,3866.09,3869.565,3864.065,3866.635
1759377600,3866.64,3867.725,3861.75,3864.3
1759381200,3864.34,3871.255,3864.34,3868.06
1759384800,3868.05,3874.37,3861.98,3864.155
1759388400,3864.145,3874.985,3861.7,3868.555
1759392000,3868.53,3878.86,3864.765,3874.66
1759395600,3874.625,3880.03,3873.465,3879.21
1759399200,3879.22,3883.95,3875.865,3881.745
1759402800,3881.75,3886.76,3879.73,3886.39
1759406400,3886.41,3892.185,3880.105,3884.515
1759410000,3884.525,3897.13,3873.725,3875.29
1759413600,3875.285,3877.05,3825.4,3839.98
1759417200,3840.04,3844.96,3819.425,3828.31
1759420800,3828.295,3845.5,3827.18,3845.035
1759424400,3845.06,3847.735,3840.61,3844.385
1759428000,3844.395,3851.625,3843.555,3850.92
1759431600,3850.96,3859.27,3850.625,3855.575
1759435200,3855.57,3859.395,3853.595,3856.56
1759442400,3857.14,3858.47,3852.07,3857.13
1759446000,3857.085,3863.715,3856.74,3862.415
1759449600,3862.27,3862.855,3856.395,3856.88
1759453200,3856.82,3862.825,3847.5,3858.55
1759456800,3858.505,3859.1,3847.65,3848.105
1759460400,3848.1,3851.12,3838.07,3842.915
1759464000,3842.825,3848.43,3841.7,3844.1
1759467600,3844.24,3859.285,3844.035,3855.23
1759471200,3855.135,3861.11,3851.05,3859.26
1759474800,3859.29,3865.38,3856.95,3864.45
1759478400,3864.455,3865.805,3860.095,3865.01
1759482000,3865,3865.105,3857.04,3864.405
1759485600,3864.41,3867.78,3862.08,3865.92
1759489200,3865.915,3867.235,3854.66,3862.145
1759492800,3862.185,3875.135,3860.605,3873.95
1759496400,3873.965,3890.805,3870.245,3882.885
1759500000,3882.705,3886.3,3866.425,3879.835
1759503600,3879.86,3891.76,3873.85,3889.565
1759507200,3889.57,3889.845,3880.62,3883.74
1759510800,3883.795,3886.085,3876.985,3881.905
1759514400,3881.95,3889.265,3880.185,3886.125
1759518000,3886.12,3889.295,3883.495,3885.825
1759521600,3885.79,3887.315,3882.94,3886.455
1759701600,3891.335,3904.44,3884.115,3899.42
1759705200,3899.405,3920.975,3897.95,3909.73
1759708800,3909.76,3910.215,3899.03,3900.39
1759712400,3900.445,3918.47,3899.8,3918.18
1759716000,3918.2,3924.905,3917.715,3921.05
1759719600,3921.02,3932.15,3920.05,3929.63
1759723200,3929.68,3940.55,3928.875,3938.89
1759726800,3938.83,3945.33,3927.44,3932.565
1759730400,3932.575,3934.98,3922.5,3934.44
1759734000,3934.455,3944.065,3929.305,3941.79
1759737600,3941.8,3949.67,3935.39,3942.61
1759741200,3942.65,3945.065,3936.67,3942.495
1759744800,3942.525,3946.76,3932.52,3942.235
1759748400,3942.225,3942.81,3931.03,3938.265
1759752000,3938.22,3941.43,3926.465,3934.385
1759755600,3934.375,3947.26,3927.21,3944.74
1759759200,3944.75,3958.895,3940.39,3955.18
1759762800,3955.07,3964.17,3948.195,3962.66
1759766400,3962.655,3970.2,3945.88,3954.175
1759770000,3954.27,3959.05,3951.145,3958.03
1759773600,3958.115,3960.665,3955.895,3958.585
1759777200,3958.55,3965.155,3958.36,3959.585
1759780800,3959.515,3962.4,3957.34,3960.69
1759788000,3960.62,3976.155,3958.86,3963.625
1759791600,3963.545,3972.79,3961.88,3969.61
1759795200,3969.625,3977.4,3961.435,3962.81
1759798800,3962.805,3963.845,3955.87,3958.115
1759802400,3958.085,3967.105,3957.385,3964.905
1759806000,3964.83,3974.755,3960.955,3973.55
1759809600,3973.525,3977.045,3971.515,3976.05
1759813200,3975.89,3977.015,3960.115,3964.725
1759816800,3964.76,3966.455,3953.795,3955.045
1759820400,3955.075,3956.355,3943.315,3945.86
1759824000,3945.765,3954.07,3941.055,3951.325
1759827600,3951.32,3963.675,3951.135,3955.32
1759831200,3955.31,3962.82,3954.2,3960.175
1759834800,3960.22,3969.325,3956.455,3967.045
1759838400,3966.995,3980.095,3964.48,3979.5
1759842000,3979.38,3985.65,3970.415,3979.33
1759845600,3979.295,3986.8,3968.775,3985.74
1759849200,3985.83,3991.135,3961.75,3966.165
1759852800,3966.195,3979.59,3963.105,3976.825
1759856400,3976.845,3987.855,3976.485,3980.815
1759860000,3980.83,3984.01,3974.155,3981.01
1759863600,3981.1,3983.545,3978.515,3980.195
1759867200,3980.17,3986.725,3980.165,3984.33
1759874400,3986.275,3990.76,3985.015,3989.6
1759878000,3989.59,3996.2,3988.42,3994.44
1759881600,3994.425,3999.445,3989.395,3992.325
1759885200,3992.305,4001.045,3984.32,4000.785
1759888800,4000.76,4011.88,3995.67,4011.84
1759892400,4011.825,4016.725,4008.87,4014.66
1759896000,4014.655,4027.355,4014.595,4026.9
1759899600,4026.81,4037.16,4024.755,4029.125
1759903200,4029.145,4033.245,4021.33,4031.745
1759906800,4031.775,4039.285,4030.27,4034.27
1759910400,4034.345,4040.595,4033.18,4036.455
1759914000,4036.46,4049.7,4030.77,4049.365
1759917600,4049.35,4049.62,4033.47,4037.23
1759921200,4037.295,4038.29,4032.145,4038.195
1759924800,4038.185,4046.51,4030.99,4040.25
1759928400,4040.2,4049.695,4026.175,4038.025
1759932000,4038.04,4049.285,4035.705,4048.225
1759935600,4048.275,4050.69,4037.2,4045.75
1759939200,4045.745,4059.35,4044.425,4056.7
1759942800,4056.695,4058.1,4042.96,4051.325
1759946400,4051.32,4053.23,4038.6,4050.08
1759950000,4050.095,4054.6,4032.13,4044.805
1759953600,4044.825,4046.625,4038.55,4041.9
1759960800,4036.775,4037.1,4015.465,4021.51
1759964400,4021.515,4022.16,4001.33,4011.78
1759968000,4011.785,4028.205,4008.57,4023.095
1759971600,4023.11,4036.54,4008.235,4019.675
1759975200,4019.73,4021.545,4002.725,4018.765
1759978800,4018.74,4029.77,4017.13,4026.93
1759982400,4026.94,4041.265,4026.94,4038.98
1759986000,4038.945,4043.7,4034.375,4039.805
1759989600,4039.87,4041.025,4022.67,4025.985
1759993200,4025.95,4032.83,4024.745,4031.7
1759996800,4031.69,4040.49,4030.31,4038.22
1760000400,4038.3,4042.255,4034.14,4037.61
1760004000,4037.65,4044.26,4036.495,4044.2
1760007600,4044.245,4046.71,4033.63,4044.43
1760011200,4044.465,4053.72,4037.535,4053.5
1760014800,4053.575,4058.11,4016.91,4017.315
1760018400,4017.3,4029.29,4004.13,4024.1
1760022000,4024,4028.865,4006.545,4014.475
1760025600,4014.42,4021.695,3963.905,3969.025
1760029200,3969.08,3974.635,3944.435,3950.375
1760032800,3950.33,3968.94,3949.57,3957.475
1760036400,3957.45,3982.175,3955.375,3973.46
1760040000,3973.34,3979.23,3973.045,3976.24
1760047200,3977.265,3980.7,3958.855,3975.31
1760050800,3975.345,3991.28,3974.565,3989.805
1760054400,3989.785,3994.52,3985.53,3991.3
1760058000,3991.27,3992.48,3969.885,3973.275
1760061600,3973.27,3986.91,3973.27,3978.63
1760065200,3978.615,3979.385,3960.695,3961.88
1760068800,3961.895,3966.905,3947.02,3966.29
1760072400,3966.285,3977.775,3965.835,3974.85
1760076000,3974.845,3976.065,3962.64,3968.495
1760079600,3968.54,3976.41,3952.855,3972.04
1760083200,3972.025,3995.005,3970.28,3991.98
1760086800,3992.005,4006.735,3990.41,3995.87
1760090400,3995.64,4000.32,3990.85,3993.925
1760094000,3993.955,3999.91,3983.44,3987.135
1760097600,3987.21,3993.635,3980.12,3985.805
1760101200,3985.765,3998.145,3975.63,3981.02
1760104800,3981.03,3994.315,3970.855,3990.285
1760108400,3990.275,4023,3988.135,3997.805
1760112000,3997.695,3998.725,3977.35,3983.545
1760115600,3983.595,3992.325,3975.235,3990.185
1760119200,3990.24,4009.215,3984.41,3999.195
1760122800,3999.125,4021.51,3995.835,4011.365
1760126400,4011.435,4020.335,4006.015,4016.68
1760306400,4017.625,4045.68,3998.15,4042.47
1760310000,4042.485,4060.545,4032.235,4035.19
1760313600,4035.205,4060.02,4024.39,4043.97
1760317200,4044.145,4055.17,4035.99,4053.265
1760320800,4053.25,4056.065,4041.58,4048.34
1760324400,4048.365,4056.62,4046.565,4052
1760328000,4051.98,4059.485,4051.09,4056.255
1760331600,4056.225,4078.235,4054.81,4063.765
1760335200,4063.745,4073.865,4059.47,4069.41
1760338800,4069.45,4077.63,4066.685,4071.225
1760342400,4071.21,4079.25,4068.925,4077.87
1760346000,4077.895,4079.92,4070.215,4077.42
1760349600,4077.41,4085.445,4071.185,4081
1760353200,4080.98,4084.83,4073.715,4074.03
1760356800,4074.135,4086.215,4073.315,4079.76
1760360400,4079.795,4095.675,4078.485,4094.25
1760364000,4094.21,4104.02,4090.795,4097.4
1760367600,4097.305,4107.585,4091.695,4105.045
1760371200,4105.06,4117.42,4103.78,4105.715
1760374800,4105.8,4115.61,4100.065,4103.64
1760378400,4103.585,4107.53,4099.285,4101.945
1760382000,4101.94,4111.05,4090.935,4108.66
1760385600,4108.695,4112.615,4106.065,4110.335
1760392800,4112.47,4115.875,4106.68,4115.055
1760396400,4115.015,4132.025,4112.99,4127.8
1760400000,4127.835,4130.375,4119.42,4124.62
1760403600,4124.54,4150.065,4123.335,4137.05
1760407200,4137.1,4149.985,4136.8,4146.01
1760410800,4146.005,4166.53,4145.21,4163.18
1760414400,4163.18,4170.03,4155.99,4168.16
1760418000,4168.08,4179.935,4110.63,4121.36
1760421600,4121.345,4134.27,4090.145,4112.375
1760425200,4112.38,4128.135,4102.73,4126.575
1760428800,4126.57,4145.07,4124.72,4143.95
1760432400,4143.9,4144.275,4121.67,4127.4
1760436000,4127.34,4144.615,4124.72,4131.5
1760439600,4131.55,4138.065,4125.925,4130.415
1760443200,4130.505,4134.605,4103.28,4106.47
1760446800,4106.465,4129.46,4097.74,4124.105
1760450400,4123.855,4137.845,4121.26,4129.46
1760454000,4129.47,4142.71,4126.42,4138.075
1760457600,4138.095,4155.495,4127.765,4140.39
1760461200,4140.36,4152.955,4137.33,4148.15
1760464800,4148.145,4152.73,4143.275,4148.285
1760468400,4148.245,4150.585,4134.695,4141.92
1760472000,4141.94,4146.15,4139.465,4142.625
1760479200,4140.755,4163.595,4140.735,4158.33
1760482800,4158.47,4167.375,4157.15,4161.56
1760486400,4161.505,4169.82,4153.8,4162.53
1760490000,4162.505,4186.9,4162.075,4181.855
1760493600,4181.86,4184.865,4167.02,4176.705
1760497200,4176.715,4190.95,4176.36,4187.19
1760500800,4187.205,4187.615,4173.19,4179.805
1760504400,4179.76,4193.645,4176.795,4185.805
1760508000,4185.75,4200.46,4184.26,4199.41
1760511600,4199.39,4209.905,4194.45,4207.96
1760515200,4208.015,4218.405,4207.35,4208.075
1760518800,4208.1,4212.355,4164.24,4192.48
1760522400,4192.355,4206.23,4190.31,4202.96
1760526000,4202.915,4204.255,4193.485,4198.74
1760529600,4198.745,4202.87,4176.295,4190.835
1760533200,4190.865,4198.99,4183.05,4192.145
1760536800,4192.135,4212.615,4191.73,4200.245
1760540400,4200.225,4203.19,4179.47,4190.635
1760544000,4190.67,4200.075,4186.4,4199.155
1760547600,4199.18,4199.86,4182.71,4197.88
1760551200,4197.9,4204.625,4195.105,4200.84
1760554800,4200.835,4213.54,4200.56,4210.35
1760558400,4210.36,4212.77,4206.075,4207.77
1760565600,4212.565,4216.06,4199.965,4213.05
1760569200,4213.07,4215.99,4206.35,4209.45
1760572800,4209.455,4227.4,4204.84,4210.55
1760576400,4210.535,4233.21,4210.5,4230.3
1760580000,4230.36,4239.735,4226.17,4239.73
1760583600,4239.725,4242.38,4229.07,4233.86
1760587200,4233.855,4239.64,4228.2,4233.53
1760590800,4233.515,4234.925,4203.55,4204.895
1760594400,4204.905,4227.48,4203.61,4222.945
1760598000,4222.94,4234.315,4222.31,4230.78
1760601600,4230.835,4236.21,4228.535,4233.11
1760605200,4233.125,4242.055,4221.98,4239.54
1760608800,4239.525,4246.23,4234.155,4242.71
1760612400,4242.72,4247.7,4239.555,4240.605
1760616000,4240.625,4251.345,4227.675,4236.235
1760619600,4236.25,4258.775,4235.04,4245.975
1760623200,4245.95,4267.575,4245.6,4263.335
1760626800,4263.375,4276.09,4260.76,4273.69
1760630400,4273.71,4292.195,4261.5,4282.81
1760634000,4282.825,4298.72,4279.845,4293.84
1760637600,4293.885,4294.85,4273.3,4290.845
1760641200,4290.835,4312.875,4287.635,4307.495
1760644800,4307.535,4330.9,4307.535,4326.065
1760652000,4338.03,4380.99,4333.165,4346.955
1760655600,4346.965,4379.51,4341.48,4365.815
1760659200,4365.805,4371.76,4353.685,4358.145
1760662800,4358.17,4362.345,4278.68,4314.345
1760666400,4314.175,4348.515,4312.295,4342.81
1760670000,4342.81,4367.01,4339.055,4366.995
1760673600,4366.995,4377.535,4354.815,4376.62
1760677200,4376.585,4378.765,4342.18,4366.17
1760680800,4366.235,4369.81,4346.81,4360.365
1760684400,4360.195,4362.065,4306.255,4342.685
1760688000,4342.525,4349.975,4321.16,4347.53
1760691600,4347.555,4348.47,4332.46,4340.42
1760695200,4340.4,4342.285,4319.505,4327.905
1760698800,4327.885,4335.96,4286.745,4287.19
1760702400,4287.48,4320.25,4283.665,4314.73
1760706000,4314.8,4317.79,4258.335,4274.08
1760709600,4274.13,4274.74,4215.775,4248.98
1760713200,4248.95,4259.455,4231.065,4237.63
1760716800,4237.635,4245.19,4200.53,4205.12
1760720400,4205.24,4228.69,4185.91,4221.01
1760724000,4221.07,4244.955,4218.05,4235.77
1760727600,4235.82,4238.225,4212.54,4226.23
1760731200,4226.18,4255.31,4220.37,4253.975
1760911200,4267.075,4268.27,4245.345,4256.06
1760914800,4255.99,4256.455,4233.465,4238.115
1760918400,4238.11,4250.95,4219.115,4249.425
1760922000,4249.36,4269.12,4229.325,4262.445
1760925600,4262.5,4271.285,4253.33,4255.61
1760929200,4255.615,4265.295,4248.775,4264.72
1760932800,4264.69,4268.285,4260.375,4266.15
1760936400,4266.37,4266.815,4239.675,4240.1
1760940000,4240.21,4245.795,4221.205,4236.295
1760943600,4236.265,4260.81,4234.65,4255.145
1760947200,4255.135,4266.12,4252.4,4258.7
1760950800,4258.71,4263.675,4250.445,4260.775
1760954400,4260.765,4260.965,4245.77,4254.68
1760958000,4254.665,4279.645,4251.04,4279.075
1760961600,4279.06,4327.445,4272.8,4323.54
1760965200,4323.55,4325.36,4299.595,4300.96
1760968800,4300.965,4334.71,4292.85,4332.285
1760972400,4332.3,4355.65,4332.28,4349.12
1760976000,4349.115,4350.85,4342.735,4347.75
1760979600,4347.74,4351.255,4337.195,4348.085
1760983200,4348.115,4364.8,4344.53,4359.375
1760986800,4359.365,4381.44,4359.2,4377.905
1760990400,4377.84,4379.95,4346.23,4355.795
1760997600,4366.33,4375.625,4357.51,4367.69
1761001200,4367.655,4371.875,4356.83,4360.195
1761004800,4360.19,4371.19,4356.25,4368.645
1761008400,4368.61,4372.445,4333.095,4350.965
1761012000,4350.98,4355.465,4335.54,4339.145
1761015600,4339.045,4350.865,4338.2,4346.73
1761019200,4346.725,4347.255,4336.985,4342.005
1761022800,4341.81,4344.31,4317.455,4323.175
1761026400,4323.105,4344.185,4317.395,4343.215
1761030000,4343.25,4343.27,4293.46,4298.52
1761033600,4298.51,4302.02,4245.245,4274.15
1761037200,4274.145,4278.095,4254.84,4265.17
1761040800,4265.16,4266.77,4249.6,4253.745
1761044400,4253.74,4272.67,4245.56,4253.435
1761048000,4253.45,4257.85,4205.87,4211.095
1761051600,4211.33,4225.485,4167.66,4173.76
1761055200,4173.84,4188.665,4080.58,4138.935
1761058800,4139.03,4150.68,4119.89,4138.77
1761062400,4138.81,4143.975,4101.79,4113.455
1761066000,4113.415,4120.575,4093.83,4111.25
1761069600,4111.265,4126.06,4106.58,4114.89
1761073200,4115.005,4122.32,4100.795,4109.42
1761076800,4109.43,4131.1,4106.37,4125.27
1761084000,4124.28,4129.215,4114.03,4123.54
1761087600,4123.5,4128.015,4090.005,4093.105
1761091200,4093.09,4093.895,4004.28,4075.135
1761094800,4075.145,4121.14,4064.545,4087.445
1761098400,4087.45,4117.95,4087.45,4115.295
1761102000,4115.275,4143.425,4107.34,4128.605
1761105600,4128.61,4133.585,4107.355,4128.375
1761109200,4128.47,4147.005,4126.73,4134.915
1761112800,4134.905,4161.535,4127.715,4155.785
1761116400,4155.75,4156.59,4129.505,4132.99
1761120000,4132.865,4135.94,4053.35,4070.68
1761123600,4070.595,4101.695,4061.605,4069.8
1761127200,4069.705,4090.755,4023.51,4035.405
1761130800,4035.4,4045.205,4015.125,4028.23
1761134400,4028.26,4053.42,4023.32,4033.87
1761138000,4034.005,4085.48,4033.37,4075.975
1761141600,4075.835,4078.745,4011.095,4014.955
1761145200,4015.085,4047.34,4014.955,4037.12
1761148800,4037.13,4064.12,4023.09,4059.27
1761152400,4059.08,4071.025,4044.02,4069.97
1761156000,4069.95,4081.73,4066.59,4077.03
1761159600,4077.035,4113.8,4076.64,4102.105
1761163200,4102.12,4107.21,4088.52,4099.4
1761170400,4110.085,4111.195,4092.59,4102.325
1761174000,4102.335,4104.89,4080.6,4087.64
1761177600,4087.645,4096.73,4065.9,4082.15
1761181200,4082.17,4093.095,4071.845,4073.165
1761184800,4073.185,4085.495,4071.96,4082.61
1761188400,4082.615,4101.035,4077.89,4091.4
1761192000,4091.405,4093.2,4079.895,4089.605
1761195600,4089.68,4110.63,4084.075,4110.55
1761199200,4110.56,4137.745,4110.48,4113.775
1761202800,4113.755,4121.24,4092.06,4094.205
1761206400,4094.23,4118.975,4094.23,4116.33
1761210000,4116.43,4125.43,4111.07,4124.635
1761213600,4124.66,4125.55,4101.84,4109.16
1761217200,4109.255,4121.115,4107.575,4109.66
1761220800,4109.57,4129.25,4100.14,4127.135
1761224400,4127.225,4150.99,4125.785,4145.12
1761228000,4145.01,4154.79,4136.14,4148.365
1761231600,4148.395,4151.965,4137.145,4141.945
1761235200,4141.95,4148.74,4125.75,4132.995
1761238800,4132.99,4139.28,4125.105,4137.81
1761242400,4137.805,4143.6,4133.155,4136.35
1761246000,4136.315,4138.31,4116.61,4118.45
1761249600,4118.55,4126.075,4107.535,4126.075
1761256800,4125.85,4128.8,4111.465,4116.275
1761260400,4116.345,4122.885,4106.035,4121.665
1761264000,4121.435,4133.895,4117.805,4132.87
1761267600,4132.9,4144.535,4112.035,4118.79
1761271200,4118.79,4119.24,4109.425,4109.71
1761274800,4109.67,4123.665,4107.58,4122.475
1761278400,4122.44,4123.405,4102.8,4111.555
1761282000,4111.92,4118.025,4102.825,4104.5
1761285600,4104.525,4104.81,4081.425,4092.3
1761289200,4092.29,4096.095,4069.78,4074.3
1761292800,4074.315,4077.895,4047.555,4065.515
1761296400,4065.5,4073.735,4054.285,4060.875
1761300000,4060.92,4070.855,4053.545,4054.865
1761303600,4054.875,4065.71,4043.515,4061.46
1761307200,4061.52,4094.18,4059.9,4082.265
1761310800,4082.36,4122.315,4078.975,4106.9
1761314400,4106.885,4135.32,4102.145,4117.63
1761318000,4117.615,4131.91,4113.27,4130.545
1761321600,4130.55,4138.67,4121.9,4129.495
1761325200,4129.535,4134.39,4105.805,4107.73
1761328800,4107.775,4113.73,4102.035,4110.43
1761332400,4110.48,4117.68,4102.37,4104.205
1761336000,4104.195,4114.605,4096.625,4114.125
1761516000,4085.7,4109,4071.925,4081.875
1761519600,4081.91,4088.785,4061.675,4064.665
1761523200,4064.66,4084.435,4058.205,4081.27
1761526800,4081.295,4097.87,4074.94,4082.065
1761530400,4082.075,4082.375,4070.345,4071.755
1761534000,4071.745,4081.875,4065.34,4069.745
1761537600,4069.715,4071.94,4053.71,4068.835
1761541200,4068.855,4084.68,4068.55,4079.87
1761544800,4079.865,4085.17,4074.055,4078.325
1761548400,4078.33,4079.87,4064.02,4068.945
1761552000,4068.93,4070.455,4024.34,4043.58
1761555600,4043.545,4050.41,4029.91,4039.96
1761559200,4039.77,4047.805,4028.895,4037.565
1761562800,4037.62,4041.545,4015.29,4024.16
1761566400,4024.155,4046.655,4022.555,4046.06
1761570000,4046.115,4050.61,4013.525,4022.23
1761573600,4022.23,4023.665,3983.09,3988.225
1761577200,3988.235,3993.72,3971.445,3989.965
1761580800,3989.98,4000.585,3984.25,3999.44
1761584400,3999.47,4009.075,3990.81,4006.635
1761588000,4006.645,4010.305,3997.905,3999.875
1761591600,3999.89,4005.67,3985.735,3990.35
1761595200,3990.34,4000.385,3979.335,3981.985
1761602400,3990.015,3997.02,3983.685,3990.075
1761606000,3990.095,4004.62,3983.25,3998.66
1761609600,3998.655,4009.7,3972.93,4006.67
1761613200,4006.65,4019.805,4004.355,4011.08
1761616800,4011.1,4013.935,3980.5,3984.03
1761620400,3984.015,3994.58,3983.375,3993.07
1761624000,3993.155,3994.495,3963.62,3973.695
1761627600,3973.94,3980.1,3959.02,3966.535
1761631200,3966.545,3968.585,3938.335,3942.525
1761634800,3942.515,3948.905,3921.72,3932.495
1761638400,3932.64,3935.9,3896.46,3897.275
1761642000,3897.285,3911.26,3886.465,3904.635
1761645600,3904.64,3931.53,3900.065,3926.74
1761649200,3926.84,3930.1,3910.94,3923.455
1761652800,3923.45,3929.89,3905.42,3912.815
1761656400,3912.95,3940.445,3912.26,3939.085
1761660000,3939.015,3954.065,3934.935,3949.72
1761663600,3949.725,3969.615,3947.035,3964.89
1761667200,3964.94,3965.605,3951.155,3958.73
1761670800,3958.735,3970.465,3955.38,3962.35
1761674400,3962.405,3964.155,3945.15,3956.47
1761678000,3956.465,3962.775,3950.805,3960.395
1761681600,3960.28,3961.01,3949.78,3953
1761688800,3955.945,3956.025,3907.925,3934.17
1761692400,3934.165,3967.85,3934.11,3964.945
1761696000,3964.94,3982.495,3959.195,3975.325
1761699600,3975.285,3979.9,3966.225,3973.75
1761703200,3973.745,3974.38,3943.825,3961.285
1761706800,3961.315,3972.45,3958.62,3963.525
1761710400,3963.53,3965.075,3951.01,3952.085
1761714000,3952.23,3966.39,3950.79,3962.765
1761717600,3962.725,3984.81,3960.075,3978.38
1761721200,3978.345,4001.765,3974.89,4001.765
1761724800,4001.77,4018.595,4000.485,4017.015
1761728400,4016.98,4029.68,4013.5,4023.935
1761732000,4023.98,4029.835,4017.08,4023.59
1761735600,4023.605,4028.565,4013.54,4016.61
1761739200,4016.64,4030.34,4013.53,4025.55
1761742800,4025.56,4025.79,4002.39,4012.47
1761746400,4012.475,4022.51,4007.19,4008.45
1761750000,4008.45,4012.025,3989.52,3993.1
1761753600,3993.225,4001.24,3991.435,3992.865
1761757200,3992.795,3997.94,3985.98,3994.84
1761760800,3994.9,4007.875,3942.71,3969.4
1761764400,3969.315,3979.9,3927.86,3945.825
1761768000,3945.845,3954.375,3927.955,3930.615
1761775200,3921.61,3948.515,3916.59,3941.45
1761778800,3941.46,3954.335,3939.695,3952.975
1761782400,3952.93,3964.36,3938.09,3950.48
1761786000,3950.485,3966.8,3945.24,3948.15
1761789600,3948.09,3948.445,3921.825,3921.96
1761793200,3922.055,3938.305,3915.52,3938.21
1761796800,3938.235,3982.665,3934.735,3972.47
1761800400,3972.505,3978.24,3947.035,3963.975
1761804000,3963.985,3977.415,3956.22,3976.96
1761807600,3976.955,3977.54,3955.94,3961.28
1761811200,3961.295,3977.02,3960.36,3976.585
1761814800,3976.56,4011.705,3976.155,3998.69
1761818400,3998.68,4000.925,3973.655,3984.19
1761822000,3984.245,3985.045,3964.02,3974.515
1761825600,3974.55,3985.685,3961.215,3961.48
1761829200,3961.44,3995.365,3960.32,3995.365
1761832800,3995.385,4015.1,3986.925,3996.425
1761836400,3996.4,4008.775,3988.17,4001.76
1761840000,4001.75,4004.135,3991.165,4001.55
1761843600,4001.545,4018.05,3994.485,4004.505
1761847200,4004.625,4017.715,4000.06,4016.225
1761850800,4016.165,4025.93,4015.39,4023.355
1761854400,4023.305,4027.235,4016.36,4024.525
1761861600,4021.47,4046.595,4016.46,4037.725
1761865200,4037.725,4043.25,4018.925,4036.635
1761868800,4036.625,4037.06,4023.93,4025.01
1761872400,4025.04,4039.58,4012.755,4019
1761876000,4018.795,4019.405,4001.415,4011.145
1761879600,4011.175,4013.895,3991.235,3996.315
1761883200,3996.33,4010.79,3989.065,4005.9
1761886800,4005.455,4011.38,3994.115,4005.11
1761890400,4005.14,4014.94,4002.17,4013.34
1761894000,4013.335,4025.72,4007.68,4021.235
1761897600,4021.205,4026.82,4006.94,4010.575
1761901200,4010.46,4014.32,3998.875,4008.59
1761904800,4008.63,4016.84,4003.685,4007.515
1761908400,4007.535,4011.295,4001.745,4010.595
1761912000,4010.66,4036.435,4009.19,4023.06
1761915600,4023.05,4035.725,4010.28,4016.73
1761919200,4016.735,4027.32,4011.06,4020.7
1761922800,4020.665,4023.04,4009.635,4012.6
1761926400,4012.55,4015.3,3972.285,3980.72
1761930000,3980.735,4003.835,3980.575,3997.635
1761933600,3997.625,4010.08,3995.505,3999.92
1761937200,3999.93,4005.475,3991.205,4001.43
1761940800,4001.405,4006.74,3996.28,4002.81
1762124400,3995.47,3999.335,3977.91,3979.67
1762128000,3979.605,3988.505,3962.275,3970.755
1762131600,3970.76,4002.075,3965.28,3996.09
1762135200,3996.055,4006.7,3990.445,4004.21
1762138800,4004.265,4015.45,4002.2,4011.29
1762142400,4011.295,4014.53,4001.85,4003.7
1762146000,4003.71,4018.33,3997.705,4013.935
1762149600,4013.93,4018.795,4010.03,4017.635
1762153200,4017.64,4026.045,4013.62,4025.185
1762156800,4025.195,4028.13,4011.215,4019.715
1762160400,4019.71,4026.11,3993.1,4000.63
1762164000,4000.675,4005.085,3994.44,3998.715
1762167600,3998.645,4008.76,3994.34,4007.69
1762171200,4007.71,4013.8,4001.905,4013.61
1762174800,4013.59,4020.765,4010.865,4016.155
1762178400,4015.96,4026.155,4001.755,4022.855
1762182000,4022.84,4030.825,4003.39,4008.59
1762185600,4008.595,4013.545,3995.22,4008.48
1762189200,4008.495,4012.245,4003.59,4006.23
1762192800,4006.305,4009.78,3999.57,4006.435
1762196400,4006.42,4008.295,3995.445,4004.66
1762200000,4004.655,4015.06,4004.59,4010.315
1762203600,4010.24,4010.24,4000.12,4001.605
1762210800,4005.115,4005.27,3981.565,3997.27
1762214400,3997.36,3999.295,3978.675,3986.51
1762218000,3986.58,3994.81,3979.64,3987.545
1762221600,3987.52,3987.535,3975.57,3986.685
1762225200,3986.855,3999.465,3981.7,3994.64
1762228800,3994.615,3995.26,3984.225,3985.645
1762232400,3985.275,3987.345,3972.805,3973.355
1762236000,3973.365,3988.145,3966.605,3985.095
1762239600,3985.165,3996.585,3982.31,3993.9
1762243200,3993.91,4000.855,3990.665,3996.14
1762246800,3996.165,3999.62,3990.535,3991.27
1762250400,3991.245,3997.655,3986.065,3993.94
1762254000,3993.96,4000.085,3991.845,3994.97
1762257600,3994.995,3997.61,3983.7,3984.765
1762261200,3984.72,3996.09,3971.855,3975.82
1762264800,3975.8,3977.875,3928.685,3957.12
1762268400,3957.08,3968.35,3941.41,3956.91
1762272000,3956.92,3975.685,3956.815,3969.14
1762275600,3969.15,3971.165,3952.375,3955.08
1762279200,3954.825,3956.93,3932.04,3937.81
1762282800,3937.815,3944.245,3934.63,3937.5
1762286400,3937.55,3942.2,3931.275,3938.77
1762290000,3938.79,3939.14,3930.56,3932.1
1762297200,3937.93,3940.88,3930.92,3934.6
1762300800,3934.625,3942.96,3929.35,3939.745
1762304400,3939.735,3949.56,3934.6,3937.125
1762308000,3937.06,3951.115,3935.725,3948.685
1762311600,3948.705,3965.345,3947.645,3960.98
1762315200,3960.9,3973.905,3959.835,3970.495
1762318800,3970.65,3978.78,3961.875,3965.055
1762322400,3965.07,3973.645,3962.04,3966.275
1762326000,3966.285,3974.88,3963.74,3972.6
1762329600,3972.565,3987.34,3972.52,3980.025
1762333200,3980.02,3981.49,3963.57,3971.955
1762336800,3971.885,3971.935,3956.1,3964.7
1762340400,3964.7,3969.14,3957.48,3966.99
1762344000,3966.995,3969.905,3962.245,3969.65
1762347600,3969.725,3979.48,3964.885,3975.91
1762351200,3975.925,3985.725,3969.665,3973.6
1762354800,3973.62,3984.49,3964.27,3978.295
1762358400,3978.345,3990.565,3974.985,3986.96
1762362000,3987.045,3989.705,3978.58,3982.12
1762365600,3982.145,3986.105,3978.905,3982.445
1762369200,3982.46,3988.785,3979.165,3987.92
1762372800,3987.91,3990.175,3981.585,3984.6
1762376400,3984.6,3985.185,3977.995,3980.115
1762383600,3968.78,3977.795,3966.54,3973.93
1762387200,3973.895,3976.34,3969.79,3976.34
1762390800,3976.315,3977.465,3964.455,3976.765
1762394400,3976.785,3985.13,3974.38,3983.38
1762398000,3983.435,3990.525,3979.575,3987.54
1762401600,3987.545,3989.98,3984.58,3988.935
1762405200,3988.88,3990.87,3985.67,3987.645
1762408800,3987.655,3993.08,3982.365,3991.515
1762412400,3991.495,4009.545,3991.185,4005.78
1762416000,4005.785,4017.06,4004.765,4014.88
1762419600,4014.865,4015.235,4009.345,4011.01
1762423200,4011,4011.2,4004.5,4008.465
1762426800,4008.48,4019.55,4007.165,4018.185
1762430400,4018.19,4019.645,4002.95,4005.375
1762434000,4005.36,4016.31,4003.8,4012.33
1762437600,4012.315,4014.09,3989.095,3993.41
1762441200,3993.08,3993.9,3975.08,3980.405
1762444800,3980.48,3986.45,3976.595,3981.03
1762448400,3981.005,3988.26,3965.71,3986.34
1762452000,3986.35,3991,3980.27,3987.915
1762455600,3987.95,3995.365,3983.18,3985.35
1762459200,3985.265,3987.285,3979.455,3980.965
1762462800,3981.03,3982.615,3976.88,3977.14
1762470000,3979.465,3989.975,3978.435,3989.345
1762473600,3989.345,3994.565,3984.655,3988.605
1762477200,3988.58,4002.85,3987.245,4001.845
1762480800,4001.82,4003.41,3991.61,3995.47
1762484400,3995.425,3996.73,3988.16,3990.365
1762488000,3990.345,3998.565,3985.605,3998.375
1762491600,3998.38,3999.05,3992.115,3994.95
1762495200,3994.96,4008.65,3992.25,4006.925
1762498800,4006.945,4010.02,4002.815,4007.835
1762502400,4007.935,4010.46,4003.735,4009.73
1762506000,4009.755,4014.29,4004.31,4006.76
1762509600,4006.81,4009.71,4003.26,4007.975
1762513200,4008,4011.925,3993.65,4002.965
1762516800,4002.815,4008.715,3991.69,3996.025
1762520400,3996.06,4002.13,3991.79,3997.855
1762524000,3997.885,4007.36,3984.385,3993.605
1762527600,3993.56,3999.285,3984.01,3991.05
1762531200,3991.095,4027.595,3990.165,4007.765
1762534800,4007.86,4009.8,3992.37,4005.6
1762538400,4005.595,4009.325,3999.555,4005.65
1762542000,4005.685,4009.05,4001.935,4006.71
1762545600,4006.7,4006.93,3994.64,4004.18
1762549200,4004.14,4005.34,3998.69,4001.275
1762729200,4005.675,4012.23,4004.355,4011.87
1762732800,4011.905,4024.12,4011.13,4020.405
1762736400,4020.39,4053.47,4019.15,4044.07
1762740000,4043.99,4049.175,4037.74,4048.135
1762743600,4048.12,4052.98,4044.945,4050.105
1762747200,4050.055,4056.875,4049.835,4054.225
1762750800,4054.27,4070.07,4050.24,4069.56
1762754400,4069.63,4078.615,4066.9,4075.24
1762758000,4075.24,4079.15,4072.315,4075.395
1762761600,4075.335,4085.295,4075.135,4082.315
1762765200,4082.35,4086.375,4071.49,4076.705
1762768800,4076.69,4083.42,4075.95,4081.11
1762772400,4081.175,4085.495,4075.86,4085.385
1762776000,4085.43,4100.085,4084.42,4097.65
1762779600,4097.7,4106,4090.4,4091.645
1762783200,4091.635,4094.13,4074.49,4083.53
1762786800,4083.455,4094.355,4077.935,4084.435
1762790400,4084.42,4095.77,4082.095,4095.175
1762794000,4095.2,4102.85,4093.46,4102.72
1762797600,4102.735,4115.915,4101.77,4110.145
1762801200,4110.14,4115.465,4107.92,4113.28
1762804800,4113.265,4114.61,4106.6,4111.685
1762808400,4111.735,4116.69,4110.4,4115.41
1762815600,4116.835,4122.925,4116.075,4120.085
1762819200,4120.275,4133.755,4116.29,4130.96
1762822800,4130.91,4141.365,4128,4136.355
1762826400,4136.33,4139.81,4129.75,4138.255
1762830000,4138.235,4148.18,4137.255,4147.05
1762833600,4147.03,4149.1,4142.03,4143.19
1762837200,4143.165,4144.47,4124.895,4131.13
1762840800,4131.08,4137.915,4126.8,4130.07
1762844400,4130.065,4133.04,4124.985,4129.78
1762848000,4129.805,4137.81,4128.925,4135.635
1762851600,4135.685,4146.035,4134.435,4141.89
1762855200,4141.965,4144.345,4136.84,4141.935
1762858800,4141.985,4144.805,4139.12,4142.85
1762862400,4142.895,4143.865,4133.34,4134.465
1762866000,4134.565,4146.885,4133.965,4142.65
1762869600,4142.71,4143.295,4119.94,4125.015
1762873200,4124.97,4126.32,4097.245,4106.835
1762876800,4106.84,4115.815,4105.1,4113.415
1762880400,4113.37,4117.955,4110.645,4114.535
1762884000,4114.635,4116.48,4106.64,4113.86
1762887600,4113.865,4126.26,4112.07,4123.12
1762891200,4123.18,4131.97,4122.395,4129.535
1762894800,4129.495,4131.45,4125.615,4126.505
1762902000,4130.9,4144.74,4129.025,4142.66
1762905600,4142.595,4145.61,4132.16,4133.055
1762909200,4133.12,4137.3,4126.315,4131.5
1762912800,4131.455,4135.495,4118.765,4124.13
1762916400,4124.135,4125.425,4111.895,4112.085
1762920000,4112.025,4113.39,4103.635,4110.735
1762923600,4110.725,4111.265,4098.915,4104.725
1762927200,4104.685,4119.3,4103.275,4118.675
1762930800,4118.68,4125.3,4113.465,4117.305
1762934400,4117.295,4132.965,4112.27,4131.495
1762938000,4131.445,4133.855,4120.58,4124.74
1762941600,4124.785,4129.57,4117.945,4127.81
1762945200,4127.815,4131.34,4123.09,4126.025
1762948800,4126.05,4139.51,4125.025,4130.25
1762952400,4130.43,4132.63,4122.74,4127.285
1762956000,4127.34,4140.215,4125.045,4136.63
1762959600,4136.605,4185.785,4134.685,4181.495
1762963200,4181.415,4197.83,4180.2,4196.51
1762966800,4196.5,4206.515,4192.25,4199.535
1762970400,4199.57,4211.795,4190.48,4207.025
1762974000,4207.08,4210.25,4192.25,4197.445
1762977600,4197.45,4199.65,4190.685,4196.05
1762981200,4196.025,4202.165,4191,4195.21
1762988400,4202.635,4208.07,4187.27,4191.41
1762992000,4191.425,4209.005,4185.9,4206.065
1762995600,4205.965,4209.315,4179.735,4192.43
1762999200,4192.405,4196.025,4183.51,4190.28
1763002800,4190.235,4213.3,4190.175,4212.96
1763006400,4212.95,4219.52,4203.4,4209.495
1763010000,4209.455,4217.89,4207.56,4212.02
1763013600,4211.945,4212.25,4203.27,4210.525
1763017200,4210.56,4220.255,4208.4,4220.125
1763020800,4220.08,4239.66,4219.26,4232.71
1763024400,4232.6,4239.62,4225.08,4233.215
1763028000,4233.205,4240.24,4221.825,4225.72
1763031600,4225.82,4232.405,4219.35,4230.47
1763035200,4230.435,4245.195,4230.005,4242.83
1763038800,4242.8,4244.1,4220.41,4231.745
1763042400,4231.83,4232.425,4184.51,4195.525
1763046000,4195.515,4205.295,4186.535,4202.675
1763049600,4202.7,4211.125,4195.705,4206.77
1763053200,4206.885,4208.575,4193.35,4202.05
1763056800,4202.065,4203.46,4145.19,4158.07
1763060400,4158.015,4170.705,4146,4164.09
1763064000,4164.1,4170.91,4160.385,4164.17
1763067600,4164.16,4181.265,4161.23,4171.745
1763074800,4177.285,4186.84,4175.93,4186.205
1763078400,4186.24,4190.025,4178.2,4183.81
1763082000,4183.815,4193.825,4173.72,4190.025
1763085600,4190.03,4210.405,4188.74,4207.225
1763089200,4207.165,4211.435,4201.57,4204.49
1763092800,4204.445,4205.83,4197.02,4203.335
1763096400,4203.385,4203.67,4183.985,4189.9
1763100000,4189.865,4193.53,4169.625,4175.425
1763103600,4175.4,4182.545,4158.995,4181.26
1763107200,4181.265,4187.21,4170.145,4176.135
1763110800,4176.14,4180.615,4166.525,4169.44
1763114400,4169.415,4171.14,4159.145,4168.08
1763118000,4168.085,4170.075,4130.92,4133.18
1763121600,4133.085,4140.75,4107.71,4116.26
1763125200,4116.255,4119.245,4041.37,4055.975
1763128800,4055.835,4084.145,4032.23,4082.86
1763132400,4082.81,4096.76,4068.31,4093.76
1763136000,4093.75,4111.185,4081.1,4105.24
1763139600,4105.29,4110.71,4094.22,4099.92
1763143200,4099.925,4103.75,4080.87,4098.105
1763146800,4098.02,4100.23,4087.725,4089.995
1763150400,4090.065,4092.48,4075.615,4087.16
1763154000,4087.095,4087.095,4078.02,4085.825
1763334000,4078.275,4106.705,4077.96,4096.51
1763337600,4096.5,4098.39,4080.835,4083.37
1763341200,4083.27,4101.915,4082.69,4091.325
1763344800,4091.32,4093.905,4080.84,4081.725
1763348400,4081.68,4085.85,4069.86,4083
1763352000,4082.985,4088.085,4076.84,4078.68
1763355600,4078.73,4078.815,4049.76,4058.48
1763359200,4058.515,4072.07,4054.9,4066.175
1763362800,4066.17,4089.26,4065.38,4088.13
1763366400,4088.32,4095.935,4072.11,4077.395
1763370000,4077.24,4088.755,4072.35,4082.28
1763373600,4082.275,4089.555,4068.435,4070.18
1763377200,4070.175,4085.98,4061.215,4078.47
1763380800,4078.535,4085.45,4074.705,4077.375
1763384400,4077.295,4092.29,4060.65,4065.48
1763388000,4065.505,4082.01,4060.57,4076.34
1763391600,4076.32,4077.79,4060.825,4064.33
1763395200,4064.31,4073.86,4052.38,4070.12
1763398800,4070.125,4081.13,4069.65,4073.345
1763402400,4073.35,4076.33,4062.475,4062.845
1763406000,4062.835,4065.32,4010.95,4011.38
1763409600,4011.41,4044.435,4007.055,4041.205
1763413200,4041.165,4046.105,4038.99,4045.86
1763420400,4050.79,4054.755,4028.895,4036.785
1763424000,4036.835,4041.205,4027.3,4040.09
1763427600,4040.1,4045.355,4022.425,4025.15
1763431200,4025.14,4035.89,4015.38,4018.035
1763434800,4018.005,4026.685,4008.24,4013.39
1763438400,4013.46,4018.16,4004.725,4010.39
1763442000,4010.45,4025.395,4008.09,4019.005
1763445600,4019.07,4020.58,4007.71,4008.935
1763449200,4008.95,4017.69,3997.985,4013.82
1763452800,4013.84,4042.795,4010.45,4036.695
1763456400,4036.52,4047.335,4030.42,4040.365
1763460000,4040.35,4050.435,4037.43,4044.21
1763463600,4044.265,4050.525,4036.91,4039.655
1763467200,4039.68,4045.305,4029.33,4032.555
1763470800,4032.695,4070.415,4031.34,4065.305
1763474400,4065.3,4081.915,4058.22,4065.91
1763478000,4065.83,4072.415,4049.24,4053.2
1763481600,4053.245,4069.35,4040.55,4066.93
1763485200,4066.855,4075.75,4059.54,4071.67
1763488800,4071.6,4074.875,4063.22,4072.63
1763492400,4072.655,4082.12,4072.58,4081.38
1763496000,4081.36,4082.58,4067.435,4069.695
1763499600,4069.63,4072.41,4064.915,4067.425
1763506800,4067.645,4078.1,4067.155,4077
1763510400,4076.975,4078.655,4067.515,4069.34
1763514000,4069.345,4070.44,4056.39,4059.09
1763517600,4059.115,4080.775,4055.525,4075.79
1763521200,4075.795,4078.83,4066.21,4067.105
1763524800,4067.1,4077.105,4064.68,4075.245
1763528400,4075.455,4097.565,4074.3,4095.63
1763532000,4095.655,4098.72,4089.105,4091.075
1763535600,4091.08,4097,4084.95,4087
1763539200,4086.925,4088.855,4078.35,4083.355
1763542800,4083.4,4116.4,4081.265,4113.325
1763546400,4113.35,4119.23,4107.075,4108.995
1763550000,4109.03,4117.75,4106.455,4113.125
1763553600,4113.14,4120.015,4112.155,4114.685
1763557200,4114.72,4117.94,4100.85,4110.765
1763560800,4110.84,4128.975,4101.7,4127.905
1763564400,4127.865,4132.985,4090.05,4096.745
1763568000,4096.74,4098.71,4068.005,4074.74
1763571600,4074.83,4081.25,4055.475,4078.835
1763575200,4078.945,4091.4,4075.795,4087.485
1763578800,4087.48,4087.52,4069.285,4073.7
1763582400,4073.655,4082.24,4072.345,4076.385
1763586000,4076.36,4084.9,4065.76,4077.85
1763593200,4088.255,4108.21,4083.645,4104.69
1763596800,4104.66,4110.37,4100.42,4103.135
1763600400,4103.065,4109.185,4081.195,4081.605
1763604000,4081.595,4081.88,4038.9,4066.875
1763607600,4066.86,4085.695,4064.88,4072.365
1763611200,4072.38,4080.53,4068.3,4075.5
1763614800,4075.51,4075.97,4064.38,4066.79
1763618400,4066.66,4077.945,4058.52,4068.495
1763622000,4068.48,4076.675,4054.35,4059.935
1763625600,4059.97,4069.48,4038.93,4063.46
1763629200,4063.335,4072.81,4055.735,4064.225
1763632800,4064.235,4068.275,4058.305,4059.91
1763636400,4059.905,4068.525,4051.16,4060.895
1763640000,4060.82,4082.1,4060.185,4081.81
1763643600,4081.79,4096.545,4066.925,4080.245
1763647200,4080.225,4107.35,4072.28,4093.25
1763650800,4093.235,4098.87,4070.23,4070.355
1763654400,4070.39,4082.795,4044.815,4049.12
1763658000,4049.065,4068.67,4043.58,4066.225
1763661600,4066.215,4072.72,4056.215,4060.69
1763665200,4060.68,4087.445,4059.095,4084.76
1763668800,4084.71,4085.24,4073.425,4077.49
1763672400,4077.835,4081.145,4074.455,4077.535
1763679600,4073.08,4088.725,4073.075,4079.035
1763683200,4079.065,4081.56,4071.36,4073.88
1763686800,4073.905,4074.705,4060.5,4068.68
1763690400,4068.695,4080.105,4056.525,4057.305
1763694000,4057.32,4059.625,4049.46,4056.365
1763697600,4056.37,4062.615,4047.705,4052.445
1763701200,4052.45,4060.105,4039.75,4058.69
1763704800,4058.695,4065.095,4029.36,4032.77
1763708400,4032.82,4039.87,4024.835,4031.82
1763712000,4031.815,4048.195,4022.26,4041.185
1763715600,4041.18,4063.605,4040.36,4050.615
1763719200,4050.535,4052.8,4032.41,4037.205
1763722800,4037.095,4047.05,4031.1,4036.715
1763726400,4036.71,4071.785,4034.785,4066.015
1763730000,4066.005,4081.39,4059.185,4079.745
1763733600,4079.685,4084.075,4061.7,4071.425
1763737200,4071.245,4076.885,4055.16,4069.67
1763740800,4069.655,4100.685,4063.08,4099.93
1763744400,4099.925,4101.07,4079.01,4085.645
1763748000,4085.65,4088.265,4076.575,4082.875
1763751600,4082.85,4092.185,4082.58,4087.625
1763755200,4087.645,4088.77,4055.3,4067.29
1763758800,4067.315,4069.195,4054.74,4065.01
1763938800,4067.61,4077.795,4065.75,4075.165
1763942400,4075.11,4076.105,4058.33,4067.53
1763946000,4067.54,4073.33,4042.755,4044.235
1763949600,4044.125,4051.72,4040.77,4043.68
1763953200,4043.67,4058.285,4043.67,4050.45
1763956800,4050.23,4061.425,4042.225,4044.26
1763960400,4044.28,4049.705,4040.02,4046.545
1763964000,4046.52,4058.21,4045.67,4053.46
1763967600,4053.465,4067.75,4051.56,4060.245
1763971200,4060.25,4067.005,4059.65,4063.385
1763974800,4063.36,4074.415,4062.885,4072.045
1763978400,4072.02,4077.4,4063.335,4064.01
1763982000,4064.015,4071.705,4063.285,4070.035
1763985600,4070.035,4084.145,4065.635,4080.565
1763989200,4080.61,4086.02,4073.705,4077.945
1763992800,4077.9,4086.275,4068.445,4081.595
1763996400,4081.57,4093.94,4081.295,4091.705
1764000000,4091.72,4099,4089.64,4097.37
1764003600,4097.33,4100.47,4088.925,4093.02
1764007200,4093.025,4126.03,4088.085,4120.585
1764010800,4120.61,4124.27,4113.775,4118.575
1764014400,4118.61,4133.75,4118.1,4132.65
1764018000,4132.64,4139.89,4130.075,4133.975
1764025200,4135.485,4144.34,4125.385,4143.62
1764028800,4143.685,4144.585,4127.53,4129.545
1764032400,4129.72,4139.365,4122.55,4134.94
1764036000,4134.905,4155.9,4132.93,4150.665
1764039600,4150.64,4150.75,4139.59,4143.165
1764043200,4143.14,4148.43,4139.51,4140.68
1764046800,4140.78,4152.04,4140.78,4151.09
1764050400,4150.955,4152.21,4138.65,4141.625
1764054000,4141.555,4146.02,4130.115,4132.56
1764057600,4132.715,4139.495,4109.71,4115.965
1764061200,4115.975,4131.43,4113.93,4128.46
1764064800,4128.455,4138.91,4127.42,4131.47
1764068400,4131.46,4137.47,4127.865,4133.685
1764072000,4133.68,4138.92,4115.51,4130.065
1764075600,4130.125,4150.915,4129.66,4147.77
1764079200,4147.785,4148.61,4110.805,4125.26
1764082800,4125.28,4134.13,4117.92,4123.125
1764086400,4123.12,4141.4,4122.215,4136.195
1764090000,4136.24,4159.38,4136,4146.215
1764093600,4146.235,4151.085,4132.445,4134.325
1764097200,4134.255,4140.335,4128.49,4133.86
1764100800,4133.895,4138.525,4130.65,4132.42
1764104400,4132.4,4132.67,4127.62,4130.55
1764111600,4134.495,4137.305,4129.99,4133.955
1764115200,4133.97,4144.435,4132.815,4143.08
1764118800,4143.085,4152.985,4138.735,4148.545
1764122400,4148.525,4166.715,4147.465,4162.125
1764126000,4162.1,4169.58,4160.335,4166.07
1764129600,4166.015,4167.09,4156.525,4162.04
1764133200,4162.1,4168.845,4160.41,4162.46
1764136800,4162.415,4162.96,4146.68,4150.215
1764140400,4150.225,4161.74,4149.365,4157.54
1764144000,4157.525,4168.63,4154.76,4161.09
1764147600,4161.1,4164.66,4156.52,4162.865
1764151200,4162.875,4165.28,4155.98,4160.09
1764154800,4160.095,4173.175,4157.815,4171.61
1764158400,4171.62,4173.5,4148.57,4155.25
1764162000,4155.26,4166.665,4149.02,4153.5
1764165600,4153.51,4156.97,4139.595,4142.365
1764169200,4142.225,4165.83,4136.665,4165.43
1764172800,4165.445,4168.595,4160.73,4167.15
1764176400,4167.155,4169.935,4165.16,4167.275
1764180000,4167.29,4171.905,4158.1,4164.795
1764183600,4164.775,4169.84,4162.58,4163.355
1764187200,4163.365,4167.515,4161.4,4164.06
1764190800,4164.1,4167.635,4162.21,4163.575
1764198000,4165.255,4168.75,4162.52,4164.785
1764201600,4164.805,4167.15,4161.75,4164.56
1764205200,4164.555,4165.355,4148.76,4154.45
1764208800,4154.48,4156.425,4144.67,4145.525
1764212400,4145.49,4150.76,4144.525,4147.565
1764216000,4147.56,4154.725,4142.73,4151.01
1764219600,4150.91,4154.95,4144.61,4146.99
1764223200,4147.02,4159.295,4146.885,4157.45
1764226800,4157.425,4162.515,4155.455,4160.18
1764230400,4160.21,4167.26,4159.565,4165.73
1764234000,4165.65,4165.815,4148.4,4158.595
1764237600,4158.635,4160.71,4152.415,4156.56
1764241200,4156.47,4162.605,4156.045,4157.42
1764244800,4157.445,4159.225,4153.615,4154.175
1764248400,4154.14,4158.13,4149.085,4155.08
1764252000,4155.075,4160.88,4152.95,4153.34
1764255600,4153.355,4161.925,4153,4158.07
1764259200,4158.025,4158.39,4151.505,4156.51
1764262800,4156.61,4159.33,4154.695,4157.985
1764266400,4157.98,4159.935,4155.875,4159.29
1764270000,4159.23,4160.46,4155.7,4157.68
1764273600,4157.55,4158.87,4155.355,4157.09
1764277200,4157.65,4159.34,4155.335,4158.8
1764284400,4159.355,4163.845,4159.325,4163.165
1764288000,4163.15,4184.055,4162.97,4180.865
1764291600,4180.85,4193.26,4180.77,4191.295
1764295200,4191.28,4191.985,4186.04,4189.635
1764298800,4189.77,4192.705,4180.63,4183.39
1764302400,4183.405,4189.4,4176.575,4189.03
1764306000,4188.655,4189.2,4170.68,4181.97
1764309600,4181.655,4192.46,4180.89,4187.12
1764313200,4187.14,4187.81,4172.85,4174.16
1764316800,4173.95,4175.76,4153.74,4164.01
1764320400,4166.166,4169.105,4161.03,4167.545
1764324000,4167.8,4178.235,4159.32,4163.325
1764327600,4163.14,4180.15,4162.325,4171.275
1764331200,4170.63,4179.72,4168.11,4176.95
1764334800,4176.96,4182.975,4168.22,4182.7
1764338400,4182.785,4209.04,4182.66,4198.075
1764342000,4198.075,4204.295,4185.765,4203.93
1764345600,4203.94,4210.95,4197.87,4206.4
1764349200,4206.425,4217.1,4204.545,4216.97
1764352800,4217.04,4226.915,4210.96,4220.55
1764356400,4220.525,4222.075,4215.005,4215.82
1764543600,4226.31,4226.465,4205.785,4221.94
1764547200,4221.905,4233.735,4218.43,4230.775
1764550800,4230.76,4256.45,4219.745,4255.56
1764554400,4255.55,4256.6,4234.305,4242.955
1764558000,4242.95,4244.08,4232.6,4239.49
1764561600,4239.5,4247.065,4236.56,4245.775
1764565200,4245.765,4246.745,4215.605,4229.675
1764568800,4229.75,4240.665,4226.27,4237.105
1764572400,4237.105,4246.715,4231.735,4245.35
1764576000,4245.375,4253.715,4238.335,4244.78
1764579600,4244.835,4251.895,4243.8,4250.125
1764583200,4250.14,4262.435,4249.255,4255.64
1764586800,4255.655,4258.605,4248.33,4254.63
1764590400,4254.475,4256.73,4244.225,4246.605
1764594000,4246.45,4264.7,4245.695,4247.395
1764597600,4247.455,4249.36,4219.78,4239.98
1764601200,4240.53,4244.905,4219.495,4232.525
1764604800,4232.51,4242.66,4225.18,4226.295
1764608400,4226.285,4240.08,4223.105,4232.285
1764612000,4232.345,4244.81,4232.345,4240.44
1764615600,4240.46,4243.885,4229.315,4237.075
1764619200,4237.1,4241.63,4234.545,4237.5
1764622800,4237.4,4240.47,4230.265,4232.29
1764630000,4231.77,4236.15,4224.39,4227.54
1764633600,4227.55,4229.735,4221.69,4226.795
1764637200,4226.72,4227.34,4192.915,4219.56
1764640800,4219.555,4224.705,4214.52,4221.76
1764644400,4221.655,4226.415,4215.74,4216.835
1764648000,4216.84,4220.845,4213.8,4218.785
1764651600,4218.8,4225.655,4215.18,4225.005
1764655200,4225.03,4226.35,4203.285,4212.965
1764658800,4212.945,4219.495,4209.82,4213.57
1764662400,4213.585,4217.24,4207.24,4210.22
1764666000,4210.16,4213.3,4181.14,4192.12
1764669600,4192.085,4192.565,4182.31,4185.925
1764673200,4185.91,4206.16,4185.07,4205.64
1764676800,4205.625,4209.655,4201.07,4208.925
1764680400,4208.92,4215.33,4202.225,4212.565
1764684000,4212.495,4230.685,4212.4,4218.845
1764687600,4218.77,4219.69,4163.805,4169.835
1764691200,4170.075,4190.405,4166.825,4185.03
1764694800,4185.04,4196.94,4184.835,4193.885
1764698400,4193.865,4197.08,4183.23,4190.985
1764702000,4191.03,4200.4,4191.03,4196.47
1764705600,4196.45,4212.495,4194.79,4210.225
1764709200,4210.24,4211.865,4205.265,4205.665
1764716400,4202.48,4216.165,4202.38,4212.75
1764720000,4212.745,4212.91,4204.665,4212.07
1764723600,4212.1,4221.185,4211.81,4214.435
1764727200,4214.435,4229.065,4214.235,4226.725
1764730800,4226.725,4227.62,4220.245,4221.335
1764734400,4221.295,4225.455,4217.475,4222.515
1764738000,4222.47,4224.12,4203.405,4207.705
1764741600,4207.735,4211.995,4204.845,4208.42
1764745200,4208.425,4210.35,4200.39,4206.335
1764748800,4206.385,4210.33,4203.765,4206.43
1764752400,4206.485,4207.665,4197.22,4202.205
1764756000,4202.215,4204.965,4194.645,4200.655
1764759600,4200.7,4209.245,4197.16,4208.795
1764763200,4208.77,4214.41,4205.16,4213.595
1764766800,4213.545,4238.585,4211.105,4237.39
1764770400,4237.49,4241.565,4205.05,4212.335
1764774000,4212.285,4229.565,4206.095,4216.415
1764777600,4216.365,4225.33,4195.855,4200.895
1764781200,4200.94,4215.59,4200.39,4211.075
1764784800,4211.205,4211.515,4195.195,4197.015
1764788400,4197.075,4210.1,4196.95,4207.86
1764792000,4207.84,4212.825,4203.675,4206.23
1764795600,4206.215,4210.1,4202.69,4203.115
1764802800,4206.465,4209.08,4202.9,4207.465
1764806400,4207.54,4215.975,4204.755,4211.77
1764810000,4211.655,4217.08,4205.93,4209.24
1764813600,4209.31,4209.31,4199.01,4200.675
1764817200,4200.74,4201.58,4187.43,4195.875
1764820800,4195.805,4199.25,4192.83,4197.155
1764824400,4197.105,4199.14,4174.81,4181.1
1764828000,4181.155,4190.465,4178.82,4190.345
1764831600,4190.35,4195.215,4186.54,4193.945
1764835200,4193.86,4196.4,4184.8,4185
1764838800,4185.005,4202.28,4183.57,4199.95
1764842400,4199.945,4202.83,4196.645,4197.405
1764846000,4197.415,4206.63,4197.195,4198.475
1764849600,4198.485,4201.855,4188.79,4190.47
1764853200,4190.495,4198.645,4185.45,4198.43
1764856800,4198.385,4213.61,4193.575,4201.305
1764860400,4201.355,4210.28,4191.545,4207.355
1764864000,4207.42,4219.62,4206.63,4215.74
1764867600,4215.74,4217.735,4208.995,4216.715
1764871200,4216.68,4217.675,4207.41,4208.07
1764874800,4208.115,4210.18,4199.545,4208.975
1764878400,4208.785,4210.365,4205.485,4209.94
1764882000,4209.895,4210.425,4207.86,4208.765
1764889200,4209.41,4209.57,4204.005,4206.285
1764892800,4206.345,4210.685,4201.245,4201.785
1764896400,4201.725,4204.615,4194.815,4203.14
1764900000,4203.17,4208.69,4196.77,4207.3
1764903600,4207.37,4210.89,4201.74,4209.635
1764907200,4209.395,4217.655,4208.08,4217.025
1764910800,4217.02,4221.475,4214.53,4220.65
1764914400,4220.635,4229.35,4218.77,4224.7
1764918000,4224.725,4230.9,4222.56,4224.55
1764921600,4224.575,4227.24,4220.535,4220.6
1764925200,4220.585,4225.22,4215.935,4223.43
1764928800,4223.415,4227.545,4222.525,4222.93
1764932400,4222.915,4225.8,4220.15,4223.54
1764936000,4223.54,4229.72,4222.93,4228.83
1764939600,4228.98,4239.03,4221.46,4234.62
1764943200,4234.54,4245.67,4228.22,4242.135
1764946800,4242.115,4259.34,4234,4243.845
1764950400,4243.89,4245.765,4198.545,4214.175
1764954000,4214.21,4219.92,4206.55,4217.565
1764957600,4217.54,4219.35,4206.695,4208.955
1764961200,4208.97,4211.08,4202.34,4207.56
1764964800,4207.6,4207.71,4199.485,4202.14
1764968400,4202.165,4202.42,4192.055,4198.685
1765148400,4198.685,4203.14,4198.505,4201.52
1765152000,4201.58,4211.86,4199.91,4210.76
1765155600,4210.745,4211.775,4197.54,4201.25
1765159200,4201.19,4212.635,4198.72,4208.515
1765162800,4208.51,4213.305,4206.86,4210.24
1765166400,4210.215,4213.415,4207.045,4208.67
1765170000,4208.625,4217.365,4204.77,4217.3
1765173600,4217.295,4219.175,4212.18,4217.185
1765177200,4217.19,4217.61,4206.31,4206.83
1765180800,4206.815,4216.695,4203.175,4209.875
1765184400,4209.66,4213.045,4204.305,4207.855
1765188000,4207.85,4210.385,4201.105,4203.685
1765191600,4203.51,4214.465,4199.71,4208.735
1765195200,4208.77,4215.585,4208.54,4213.86
1765198800,4213.78,4214.785,4197.895,4201.9
1765202400,4201.905,4211.85,4195.315,4196.575
1765206000,4196.565,4196.8,4176.205,4182.905
1765209600,4182.89,4197.88,4176.815,4191.64
1765213200,4191.645,4195.68,4185.725,4195.045
1765216800,4195.01,4195.74,4184.555,4187.415
1765220400,4187.45,4189.055,4184.435,4187.03
1765224000,4187.045,4195.695,4184.98,4191.67
1765227600,4191.685,4193.36,4188.465,4190.66
1765234800,4191.48,4195.49,4190.785,4194.86
1765238400,4194.835,4195.82,4190.03,4190.535
1765242000,4190.595,4197.415,4188.885,4196.375
1765245600,4196.315,4197.29,4186.105,4190.035
1765249200,4190.1,4198.905,4190.1,4194.605
1765252800,4194.58,4195.76,4184.53,4186.78
1765256400,4186.765,4187.385,4178.035,4179.665
1765260000,4179.7,4184.075,4169.985,4182.285
1765263600,4182.29,4186.03,4175.855,4182.415
1765267200,4182.435,4192.025,4182.425,4191.73
1765270800,4191.74,4213.05,4190.795,4203.035
1765274400,4203.07,4208.505,4201.355,4204.12
1765278000,4204.1,4206.66,4201.235,4203.14
1765281600,4203.19,4207.705,4198.595,4204.235
1765285200,4204.245,4208.57,4195.725,4201.515
1765288800,4201.54,4210.455,4189.505,4204.99
1765292400,4204.78,4216.545,4190.14,4212.575
1765296000,4212.6,4221.625,4210.14,4212.4
1765299600,4212.41,4216.265,4201.665,4203.14
1765303200,4203.225,4209.935,4201.255,4209.195
1765306800,4209.14,4214.485,4207.15,4212.62
1765310400,4212.53,4216.035,4208.94,4212.125
1765314000,4212.14,4213.05,4207.415,4207.915
1765321200,4209.445,4212.99,4208.02,4210.75
1765324800,4210.68,4212.77,4207.01,4208.295
1765328400,4208.31,4218.15,4206.93,4213.75
1765332000,4213.73,4218.86,4211.74,4217.095
1765335600,4216.995,4217.27,4203.485,4206.44
1765339200,4206.395,4209.845,4205.58,4207.12
1765342800,4207.015,4214.66,4201.7,4211.575
1765346400,4211.515,4211.855,4203.005,4207.415
1765350000,4207.42,4209.26,4203.17,4203.37
1765353600,4203.3,4206.66,4197.05,4197.92
1765357200,4197.72,4200.52,4192.65,4194.39
1765360800,4194.34,4196.67,4187.8,4193.245
1765364400,4193.345,4197.845,4192.655,4197.44
1765368000,4197.405,4202.375,4195.405,4196.575
1765371600,4196.565,4205.23,4193.22,4200.745
1765375200,4200.7,4207.105,4191.415,4192.56
1765378800,4192.53,4201.27,4188.97,4193.75
1765382400,4193.78,4205.16,4192.72,4204.975
1765386000,4204.92,4204.955,4196.905,4199.735
1765389600,4199.775,4200.75,4192.15,4194.07
1765393200,4194.105,4219.86,4182.08,4216.45
1765396800,4216.41,4238.785,4211.425,4229.555
1765400400,4229.525,4232.335,4221.32,4228.775
1765407600,4228.245,4234.215,4224.255,4232.585
1765411200,4232.565,4245.385,4231.615,4237.375
1765414800,4237.38,4247.805,4233.03,4238.39
1765418400,4238.365,4240.915,4220.36,4222.28
1765422000,4222.22,4225.02,4209.47,4216.905
1765425600,4216.82,4218.45,4208.43,4213.525
1765429200,4213.405,4216.315,4206.075,4207.35
1765432800,4207.355,4215.61,4204.27,4214.725
1765436400,4214.75,4218.75,4210.595,4216.11
1765440000,4216.105,4219.65,4212.835,4216.775
1765443600,4216.785,4221.615,4210.4,4218.495
1765447200,4218.51,4226.08,4211.84,4217.035
1765450800,4217.06,4219.125,4209.61,4211.19
1765454400,4211.195,4220.61,4208.77,4220.565
1765458000,4220.705,4223.52,4205.35,4221.015
1765461600,4221.035,4244.595,4217.945,4230.395
1765465200,4230.36,4261.5,4226.335,4256.125
1765468800,4256.16,4279.04,4250.085,4273.655
1765472400,4273.645,4281.815,4272.23,4278.71
1765476000,4278.605,4285.89,4266.77,4268.28
1765479600,4268.255,4277.835,4262.83,4273.545
1765483200,4273.535,4276.395,4264.25,4276.285
1765486800,4276.24,4283.725,4272.61,4279.335
1765494000,4282.93,4283.005,4272.42,4276.285
1765497600,4276.32,4280.07,4269.11,4269.53
1765501200,4269.555,4276.32,4264.525,4270.935
1765504800,4270.95,4277.17,4269.32,4270.41
1765508400,4270.42,4274.825,4268.775,4270.705
1765512000,4270.68,4271.12,4266.36,4266.39
1765515600,4266.44,4280.695,4266.045,4278.94
1765519200,4278.945,4283.285,4276.665,4282.975
1765522800,4282.86,4290.625,4281.38,4287.245
1765526400,4287.28,4309.545,4287.185,4308.17
1765530000,4308.19,4320.425,4306.96,4318.315
1765533600,4318.3,4331.175,4314.695,4330.17
1765537200,4330.315,4339.385,4327.21,4336.515
1765540800,4336.505,4339.46,4324.735,4325.79
1765544400,4325.905,4346.32,4321.495,4341.155
1765548000,4341.145,4353.555,4331.05,4346.935
1765551600,4346.865,4351.625,4283.55,4290.755
1765555200,4290.835,4296.665,4257.275,4281.89
1765558800,4281.87,4298.525,4271.265,4294.255
1765562400,4294.3,4303.915,4290.535,4295.02
1765566000,4295.34,4299.705,4289.96,4296.51
1765569600,4296.53,4302.985,4288.74,4299.335
1765573200,4299.41,4304.215,4296.93,4299.38
1765753200,4302.985,4308.52,4301.72,4302.575
1765756800,4302.67,4307.995,4300.41,4307.515
1765760400,4307.555,4325.925,4305.66,4322.53
1765764000,4322.39,4329.405,4320.845,4326.345
1765767600,4326.365,4329.775,4319.32,4327.33
1765771200,4327.28,4330.1,4323.1,4326.19
1765774800,4326.255,4344.46,4324.685,4343.615
1765778400,4343.78,4347.48,4339.485,4343.51
1765782000,4343.53,4344.75,4333.545,4339.19
1765785600,4339.215,4349.025,4338.785,4346.82
1765789200,4346.765,4350.285,4342.345,4342.565
1765792800,4342.56,4348.175,4337.715,4339.59
1765796400,4339.61,4343.685,4335.305,4342.775
1765800000,4342.785,4348.525,4342.74,4345.71
1765803600,4345.685,4346.32,4330.74,4332.06
1765807200,4332.075,4336.835,4317.515,4323.765
1765810800,4323.695,4327.935,4311.63,4318.375
1765814400,4318.385,4319.02,4285.515,4297.815
1765818000,4297.795,4306.825,4291.08,4304.425
1765821600,4304.53,4313.61,4300.06,4313.085
1765825200,4313.085,4317.81,4307.92,4314.285
1765828800,4314.21,4314.385,4299.725,4304.625
1765832400,4304.63,4305.84,4300.825,4304.91
1765839600,4307.67,4309.77,4303.565,4304.445
1765843200,4304.435,4313.515,4303.04,4308.045
1765846800,4308.055,4318.035,4299.355,4308.79
1765850400,4308.68,4312.3,4286.605,4289.71
1765854000,4289.745,4294.675,4280.62,4291.005
1765857600,4290.98,4292.385,4286.825,4289.22
1765861200,4289.225,4292.405,4271.575,4284.185
1765864800,4284.22,4292.345,4282.595,4289.41
1765868400,4289.44,4290.13,4279.63,4287.655
1765872000,4287.635,4289.445,4275.275,4284.705
1765875600,4284.685,4285.93,4276.575,4280.495
1765879200,4280.545,4284.44,4274.7,4277.45
1765882800,4277.4,4279.765,4273.885,4278.69
1765886400,4278.635,4294.995,4276.94,4294.535
1765890000,4294.565,4313.27,4291,4313.015
1765893600,4313.04,4332.205,4311.43,4324.48
1765897200,4324.445,4335.185,4312.56,4319.865
1765900800,4319.805,4323.39,4291.41,4300.675
1765904400,4300.66,4311.07,4300.355,4303.725
1765908000,4303.83,4313.475,4298.285,4311.37
1765911600,4311.44,4315.92,4296.81,4310.655
1765915200,4310.65,4314.475,4302.66,4304.615
1765918800,4304.645,4305.53,4300.61,4302.225
1765926000,4303.6,4309.215,4302.405,4308.11
1765929600,4308.1,4315.435,4307.6,4313.195
1765933200,4313.205,4326.78,4311.445,4326.635
1765936800,4326.69,4327.835,4311.145,4314.365
1765940400,4314.38,4325.215,4312.64,4323.84
1765944000,4323.955,4331.65,4320.56,4329.8
1765947600,4329.785,4342.58,4328.095,4333.9
1765951200,4333.88,4337.64,4324.7,4328.72
1765954800,4328.685,4328.685,4315.68,4317.835
1765958400,4317.785,4320.915,4308.44,4319.385
1765962000,4319.3,4323.45,4315.88,4317.015
1765965600,4316.895,4322.315,4306.515,4317.805
1765969200,4317.875,4320.465,4315.06,4316.345
1765972800,4316.33,4323.24,4314.99,4317.57
1765976400,4317.615,4344.26,4315.085,4342.145
1765980000,4342.125,4346.09,4323.14,4338.245
1765983600,4338.22,4349.28,4324.34,4330.485
1765987200,4330.575,4337.66,4320.325,4333.68
1765990800,4333.675,4342.595,4328.77,4342.58
1765994400,4342.585,4346.61,4328.82,4336.25
1765998000,4336.13,4341.2,4330.45,4337.265
1766001600,4337.28,4346.145,4335.425,4341.49
1766005200,4341.545,4346.41,4337.5,4337.83
1766012400,4338.89,4343.095,4335.535,4339.055
1766016000,4338.985,4343.03,4333.34,4334.985
1766019600,4335.06,4337.245,4324.02,4331.745
1766023200,4331.78,4337.985,4330.01,4333.365
1766026800,4333.345,4336.94,4331.05,4333.34
1766030400,4333.28,4333.59,4328.69,4331.845
1766034000,4331.69,4337.465,4331.065,4333.32
1766037600,4333.27,4336.185,4330.68,4334.01
1766041200,4334.04,4337.785,4330.075,4331.495
1766044800,4331.375,4332.59,4321.805,4326.645
1766048400,4326.48,4328.63,4320.655,4323.64
1766052000,4323.615,4327.615,4322.02,4325.54
1766055600,4325.52,4328.825,4324.47,4325.735
1766059200,4325.685,4326.715,4317.285,4320.94
1766062800,4320.925,4343.185,4314.68,4336.65
1766066400,4336.635,4341.485,4308.67,4328.625
1766070000,4328.58,4341.77,4325.06,4338.395
1766073600,4338.42,4374.655,4337.74,4360.415
1766077200,4360.42,4363.415,4322.145,4333.565
1766080800,4333.575,4341.455,4325.905,4331.955
1766084400,4331.925,4335.09,4322.755,4325.18
1766088000,4325.18,4338.545,4324.67,4335
1766091600,4334.995,4334.995,4328.55,4332.59
1766098800,4335.855,4337.07,4333.6,4335.135
1766102400,4335.11,4335.835,4325.97,4326.33
