time,open,high,low,close
1684328400,1984.965,1988.06,1976.565,1977.72
1684332000,1977.72,1985.34,1975.095,1983.03
1684335600,1983.03,1983.43,1979.64,1980.435
1684339200,1980.435,1984.365,1980.165,1983.88
1684342800,1983.88,1984.505,1980.475,1981.625
1684346400,1981.625,1984.6,1981.165,1983.98
1684350000,1983.98,1984.525,1982.19,1983.1
1684353600,1983.1,1983.245,1981.67,1982.01
1684360800,1982.01,1983.715,1981.895,1983.03
1684364400,1983.03,1983.635,1982.49,1982.805
1684368000,1982.805,1983.77,1982.045,1983.59
1684371600,1983.59,1985.28,1982.545,1985.185
1684375200,1985.185,1986.07,1983.665,1984.245
1684378800,1984.245,1984.535,1981.475,1982.37
1684382400,1982.37,1982.815,1979.585,1979.945
1684386000,1979.945,1979.995,1977.605,1978.28
1684389600,1978.28,1981.585,1977.265,1977.42
1684393200,1977.42,1979.44,1973.635,1974.635
1684396800,1974.635,1976.245,1972.235,1975.44
1684400400,1975.44,1978.135,1975.28,1977.45
1684404000,1977.45,1978.975,1976.66,1977.095
1684407600,1977.095,1977.105,1973.815,1974.165
1684411200,1974.165,1975.626,1966.315,1967.1
1684414800,1967.1,1968.315,1956.685,1960.055
1684418400,1960.055,1962.145,1954.455,1955.415
1684422000,1955.415,1956.88,1952.01,1956.115
1684425600,1956.115,1957.875,1954.2,1955.685
1684429200,1955.685,1958.61,1954,1958.585
1684432800,1958.585,1959.01,1955.58,1956.375
1684436400,1956.375,1957.76,1955.24,1957.365
1684440000,1957.365,1957.71,1956.995,1957.685
1684447200,1957.685,1959.035,1957.685,1958.685
1684450800,1958.685,1959.305,1958.075,1958.48
1684454400,1958.48,1959.865,1957.275,1957.77
1684458000,1957.77,1960.46,1954.13,1957.25
1684461600,1957.25,1963.365,1956.04,1962.9
1684465200,1962.9,1963.735,1962.115,1963.35
1684468800,1963.35,1964.235,1962.04,1962.645
1684472400,1962.645,1964.025,1960.705,1962.79
1684476000,1962.79,1968.795,1961.67,1964.5
1684479600,1964.5,1967.965,1964.4,1966.965
1684483200,1966.965,1967.41,1964.47,1964.77
1684486800,1964.77,1968.305,1964.46,1967.79
1684490400,1967.79,1967.95,1963.59,1965.74
1684494000,1965.74,1965.975,1962.37,1963.79
1684497600,1963.79,1964.88,1960.4,1960.92
1684501200,1960.92,1963.95,1957.88,1961.075
1684504800,1961.075,1962.005,1957.28,1958.61
1684508400,1958.61,1984.325,1958.155,1974.93
1684512000,1974.93,1979.335,1973.175,1978.425
1684515600,1978.425,1983.27,1977.31,1983.03
1684519200,1983.03,1983.285,1976.865,1977.015
1684522800,1977.015,1977.44,1974.345,1976.24
1684526400,1976.24,1979.77,1975.525,1977.895
1684706400,1977.895,1981.39,1977.87,1980.255
1684710000,1980.255,1981.56,1979.38,1980.935
1684713600,1980.935,1981.41,1978.415,1981.08
1684717200,1981.08,1982.37,1978.49,1980.355
1684720800,1980.355,1980.37,1976.385,1978.235
1684724400,1978.235,1979.245,1976.76,1977.905
1684728000,1977.905,1978.815,1975.99,1976.395
1684731600,1976.395,1976.485,1972.42,1973.16
1684735200,1973.16,1976.925,1971.31,1976.365
1684738800,1976.365,1978.725,1974.45,1976.905
1684742400,1976.905,1980.84,1975.24,1980.785
1684746000,1980.785,1982.67,1979.3,1979.755
1684749600,1979.755,1981.495,1977.725,1978.225
1684753200,1978.225,1978.905,1969.84,1972.99
1684756800,1972.99,1978.64,1972.715,1975.64
1684760400,1975.64,1976.135,1971.375,1971.59
1684764000,1971.59,1978.785,1968.905,1973.455
1684767600,1973.455,1974.655,1970.955,1972.535
1684771200,1972.535,1975.55,1972.475,1974.6
1684774800,1974.6,1978.955,1974.105,1975.065
1684778400,1975.065,1975.89,1972.53,1973.1
1684782000,1973.1,1973.915,1971.745,1972.21
1684785600,1972.21,1972.63,1971.67,1971.72
1684792800,1971.72,1972.705,1971.03,1971.355
1684796400,1971.355,1971.785,1969.66,1969.865
1684800000,1969.865,1971.905,1966.93,1967.37
1684803600,1967.37,1968.63,1960.42,1960.47
1684807200,1960.47,1964.375,1960.33,1963.825
1684810800,1963.825,1964.16,1960.48,1962.825
1684814400,1962.825,1964.435,1962.585,1963.395
1684818000,1963.395,1963.775,1959.655,1961.09
1684821600,1961.09,1964.64,1959.59,1962.465
1684825200,1962.465,1962.47,1955.545,1957.3
1684828800,1957.3,1960.75,1954.3,1959.945
1684832400,1959.945,1961.385,1956.96,1957.115
1684836000,1957.115,1959.005,1954.56,1958.375
1684839600,1958.375,1960.18,1957.29,1959.01
1684843200,1959.01,1962.74,1957.795,1958.9
1684846800,1958.9,1973.51,1958.9,1969.745
1684850400,1969.745,1973.64,1966.615,1968.835
1684854000,1968.835,1969.04,1964.4,1967.415
1684857600,1967.415,1974.715,1966.36,1973.14
1684861200,1973.14,1975.185,1971.585,1975.005
1684864800,1975.005,1977.805,1974.03,1976.27
1684868400,1976.27,1976.5,1974.505,1974.94
1684872000,1974.94,1975.365,1974.3,1975.115
1684879200,1975.115,1977.15,1975.115,1976.94
1684882800,1976.94,1977.35,1974.77,1975.13
1684886400,1975.13,1977.085,1974.675,1975.12
1684890000,1975.12,1976.13,1973.125,1973.975
1684893600,1973.975,1975.035,1972.85,1973.36
1684897200,1973.36,1976.585,1972.83,1976.58
1684900800,1976.58,1978.735,1976.295,1977.67
1684904400,1977.67,1980.635,1977.045,1979.555
1684908000,1979.555,1979.93,1971.205,1971.9
1684911600,1971.9,1976.465,1970.765,1974.105
1684915200,1974.105,1977.78,1973.615,1976.405
1684918800,1976.405,1977.215,1974,1976.145
1684922400,1976.145,1977.33,1974.185,1976.72
1684926000,1976.72,1982.035,1976.255,1981.95
1684929600,1981.95,1985.39,1978.53,1979.98
1684933200,1979.98,1980.9,1971.495,1972.665
1684936800,1972.665,1972.935,1966.625,1969.53
1684940400,1969.53,1970.615,1960.51,1963.14
1684944000,1963.14,1963.365,1956.77,1959.145
1684947600,1959.145,1964.405,1958.45,1962.5
1684951200,1962.5,1965.32,1959.625,1959.925
1684954800,1959.925,1961.24,1958.1,1959.07
1684958400,1959.07,1960.185,1957.115,1957.225
1684965600,1957.225,1961.905,1957.225,1961.065
1684969200,1961.065,1961.065,1958.12,1959.845
1684972800,1959.845,1960.26,1957.76,1959.48
1684976400,1959.48,1960.255,1955.11,1956.545
1684980000,1956.545,1958.85,1955.805,1957.7
1684983600,1957.7,1958.965,1956.975,1957.31
1684987200,1957.31,1958.155,1956.42,1957.95
1684990800,1957.95,1958.62,1955.03,1956.055
1684994400,1956.055,1960.635,1955.04,1959.11
1684998000,1959.11,1961.45,1957.595,1959.53
1685001600,1959.53,1964.785,1959.33,1962.11
1685005200,1962.11,1964.025,1960.51,1961.12
1685008800,1961.12,1962.92,1960.98,1961.985
1685012400,1961.985,1962.6,1960.09,1962.04
1685016000,1962.04,1963.155,1939.325,1943.685
1685019600,1943.685,1954.095,1943.465,1946.66
1685023200,1946.66,1951.74,1944.205,1945.33
1685026800,1945.33,1947,1943.4,1945.475
1685030400,1945.475,1946.995,1942.995,1943.69
1685034000,1943.69,1945.085,1942.75,1944.57
1685037600,1944.57,1944.57,1941.855,1942.245
1685041200,1942.245,1942.425,1938.915,1940.27
1685044800,1940.27,1941.03,1939.9,1940.595
1685052000,1940.595,1943.235,1940.595,1942.275
1685055600,1942.275,1942.285,1939.475,1940.605
1685059200,1940.605,1941.745,1936.815,1940.975
1685062800,1940.975,1947.01,1940.415,1946.9
1685066400,1946.9,1948.915,1945.965,1946.065
1685070000,1946.065,1948.825,1944.985,1948.54
1685073600,1948.54,1948.975,1947.16,1947.995
1685077200,1947.995,1951.865,1947.54,1948.735
1685080800,1948.735,1952.525,1947.065,1951.83
1685084400,1951.83,1957.36,1950.45,1956.285
1685088000,1956.285,1956.875,1951.485,1952.67
1685091600,1952.67,1954.245,1951.785,1953.715
1685095200,1953.715,1953.995,1951.98,1953.485
1685098800,1953.485,1953.845,1951.08,1951.48
1685102400,1951.48,1953.965,1944.34,1947.425
1685106000,1947.425,1950.525,1946.145,1947.055
1685109600,1947.055,1951.89,1938.885,1942.15
1685113200,1942.15,1943.78,1938.85,1943.565
1685116800,1943.565,1946.645,1942.865,1944.17
1685120400,1944.17,1945.4,1943.125,1944.95
1685124000,1944.95,1947.035,1944.63,1946.23
1685127600,1946.23,1947.64,1944.88,1947.475
1685131200,1947.475,1947.605,1946.2,1946.93
1685311200,1946.93,1946.93,1942.07,1944.12
1685314800,1944.12,1944.83,1943.415,1943.755
1685318400,1943.755,1944.12,1941.125,1941.715
1685322000,1941.715,1946.25,1940.385,1943.28
1685325600,1943.28,1945.215,1942.73,1945.16
1685329200,1945.16,1945.95,1944.665,1945.675
1685332800,1945.675,1946.175,1945.35,1945.875
1685336400,1945.875,1947.115,1945.145,1947.055
1685340000,1947.055,1948.985,1946.45,1946.65
1685343600,1946.65,1947.245,1943.84,1944.32
1685347200,1944.32,1945.545,1940.9,1945.375
1685350800,1945.375,1946.29,1944.4,1945.965
1685354400,1945.965,1946.03,1944.295,1945.615
1685358000,1945.615,1946.67,1945.135,1946.395
1685361600,1946.395,1949.77,1944.875,1948.91
1685365200,1948.91,1949.685,1945.185,1946.69
1685368800,1946.69,1948.37,1946.24,1947.09
1685372400,1947.09,1947.675,1945.935,1946
1685376000,1946,1946,1943.21,1943.615
1685379600,1943.615,1944.115,1942.835,1943.54
1685383200,1943.54,1943.67,1943.055,1943.12
1685397600,1943.12,1944.405,1942.79,1943.075
1685401200,1943.075,1943.105,1941.355,1941.625
1685404800,1941.625,1943.265,1941.08,1942.765
1685408400,1942.765,1945.205,1942.76,1945.065
1685412000,1945.065,1946.68,1944.75,1945.41
1685415600,1945.41,1945.715,1939.405,1939.51
1685419200,1939.51,1940.92,1938.01,1939.01
1685422800,1939.01,1939.025,1932.11,1933.51
1685426400,1933.51,1937.695,1932.265,1936.97
1685430000,1936.97,1942.455,1934.91,1942.405
1685433600,1942.405,1947.01,1941.79,1945.08
1685437200,1945.08,1953.125,1942.46,1952.97
1685440800,1952.97,1956.355,1952.4,1955.535
1685444400,1955.535,1960.88,1954.38,1960.26
1685448000,1960.26,1962.31,1956.245,1956.515
1685451600,1956.515,1958.29,1952.49,1952.825
1685455200,1952.825,1959.95,1950.68,1958.48
1685458800,1958.48,1962.145,1957.795,1962.145
1685462400,1962.145,1963.55,1959.81,1959.87
1685466000,1959.87,1959.975,1957.86,1958.685
1685469600,1958.685,1959.83,1957.825,1958.535
1685473200,1958.535,1960.815,1957.89,1960.235
1685476800,1960.235,1960.235,1958.935,1959.48
1685484000,1959.48,1959.49,1958.03,1958.645
1685487600,1958.645,1959.52,1958.45,1958.645
1685491200,1958.645,1960.12,1957.495,1959.745
1685494800,1959.745,1960.525,1954.85,1954.95
1685498400,1954.95,1957.255,1953.7,1956.225
1685502000,1956.225,1958.88,1955.97,1958.135
1685505600,1958.135,1960.2,1957.9,1960.185
1685509200,1960.185,1965.415,1958.075,1964.53
1685512800,1964.53,1965.055,1960.195,1960.365
1685516400,1960.365,1960.365,1955.79,1956.165
1685520000,1956.165,1959.92,1955.32,1955.435
1685523600,1955.435,1960.19,1955.02,1958.77
1685527200,1958.77,1959.305,1955,1957.325
1685530800,1957.325,1960.86,1957.07,1960.415
1685534400,1960.415,1963.565,1960.015,1962.785
1685538000,1962.785,1973.745,1961.745,1969.815
1685541600,1969.815,1974.835,1960.64,1969.95
1685545200,1969.95,1973.53,1968.64,1968.64
1685548800,1968.64,1969.26,1963.84,1965.26
1685552400,1965.26,1968.805,1963.15,1966.27
1685556000,1966.27,1967.63,1964.335,1964.605
1685559600,1964.605,1965.03,1962.74,1963.145
1685563200,1963.145,1963.725,1962.485,1962.615
1685570400,1962.615,1966.905,1962.615,1966.485
1685574000,1966.485,1967.075,1965.74,1966.38
1685577600,1966.38,1967.47,1965.02,1965.945
1685581200,1965.945,1967.545,1962.13,1965.675
1685584800,1965.675,1965.73,1963.26,1964.55
1685588400,1964.55,1966.225,1963.955,1964.275
1685592000,1964.275,1965.02,1963.445,1964.055
1685595600,1964.055,1965.93,1962.64,1962.82
1685599200,1962.82,1963.335,1960.625,1961.65
1685602800,1961.65,1961.855,1955.205,1955.625
1685606400,1955.625,1956.82,1953.445,1956.055
1685610000,1956.055,1960.74,1955.39,1960.24
1685613600,1960.24,1967.145,1960.055,1966.665
1685617200,1966.665,1968.49,1966.37,1967.995
1685620800,1967.995,1968.375,1958.765,1968.375
1685624400,1968.375,1974.51,1966.08,1973.27
1685628000,1973.27,1977.576,1969.87,1976.435
1685631600,1976.435,1983.18,1975.58,1982.195
1685635200,1982.195,1982.765,1978.515,1978.515
1685638800,1978.515,1978.515,1976.245,1978.125
1685642400,1978.125,1978.81,1975.705,1976.135
1685646000,1976.135,1978.355,1976.135,1978.2
1685649600,1978.2,1978.425,1977.465,1977.54
1685656800,1977.54,1977.54,1976.305,1977.445
1685660400,1977.445,1977.48,1975.98,1977.06
1685664000,1977.06,1977.59,1975.6,1975.835
1685667600,1975.835,1978.73,1974.105,1977.405
1685671200,1977.405,1980.82,1977.095,1980.5
1685674800,1980.5,1983.505,1980.225,1982.565
1685678400,1982.565,1982.945,1979.41,1979.83
1685682000,1979.83,1982,1978.365,1980.625
1685685600,1980.625,1981.125,1977.11,1978.57
1685689200,1978.57,1978.96,1975.86,1976.085
1685692800,1976.085,1979.93,1975.055,1979.18
1685696400,1979.18,1981.21,1978.215,1980.57
1685700000,1980.57,1980.915,1978.295,1978.695
1685703600,1978.695,1980.88,1977.925,1978.89
1685707200,1978.89,1980.315,1968.71,1971.015
1685710800,1971.015,1976.7,1961.985,1963.55
1685714400,1963.55,1967.325,1961.085,1965.11
1685718000,1965.11,1965.57,1961.235,1962.135
1685721600,1962.135,1962.285,1952.3,1952.3
1685725200,1952.3,1953.81,1951.37,1951.98
1685728800,1951.98,1952.125,1950.185,1951.07
1685732400,1951.07,1951.235,1948.165,1948.74
1685736000,1948.74,1949.04,1947.68,1948.1
1685916000,1948.1,1950.205,1947.2,1949.06
1685919600,1949.06,1950.03,1947.44,1949.435
1685923200,1949.435,1949.56,1945.73,1946.555
1685926800,1946.555,1948.41,1945.815,1947.585
1685930400,1947.585,1948.355,1944.09,1945.02
1685934000,1945.02,1947.6,1944.405,1947.17
1685937600,1947.17,1947.445,1945.01,1946.1
1685941200,1946.1,1946.695,1943.01,1945.04
1685944800,1945.04,1945.515,1941.995,1942.96
1685948400,1942.96,1944.03,1938.56,1939.975
1685952000,1939.975,1943.88,1938.69,1942.425
1685955600,1942.425,1946.04,1940.33,1944.865
1685959200,1944.865,1945.89,1942.28,1943.565
1685962800,1943.565,1944.185,1938.4,1942.31
1685966400,1942.31,1943.485,1938.15,1943.02
1685970000,1943.02,1948.875,1942.785,1947.035
1685973600,1947.035,1962.035,1946.8,1957.65
1685977200,1957.65,1959.705,1955.7,1958.235
1685980800,1958.235,1961.14,1957.205,1958.3
1685984400,1958.3,1961.025,1957.35,1960.375
1685988000,1960.375,1962.685,1960.175,1960.82
1685991600,1960.82,1964.055,1960.82,1961.205
1685995200,1961.205,1961.945,1961.02,1961.7
1686002400,1961.7,1962.625,1960.745,1962.525
1686006000,1962.525,1963.19,1961.065,1961.33
1686009600,1961.33,1961.77,1960.575,1961.185
1686013200,1961.185,1961.465,1959.08,1960.57
1686016800,1960.57,1964.65,1959.725,1961.055
1686020400,1961.055,1961.155,1959.1,1959.315
1686024000,1959.315,1961.315,1959.115,1961.31
1686027600,1961.31,1962.84,1957.93,1957.93
1686031200,1957.93,1961.575,1957.75,1959.375
1686034800,1959.375,1960.965,1956.895,1957.585
1686038400,1957.585,1961.505,1957.33,1960.325
1686042000,1960.325,1963.505,1960.255,1962.435
1686045600,1962.435,1965.005,1962.085,1963.55
1686049200,1963.55,1964.925,1962.855,1962.855
1686052800,1962.855,1966.385,1959.915,1961.925
1686056400,1961.925,1964.74,1954.395,1957.295
1686060000,1957.295,1962.56,1956.695,1960.09
1686063600,1960.09,1964.39,1958.66,1963.495
1686067200,1963.495,1966.34,1961.145,1963.675
1686070800,1963.675,1966.13,1963.05,1964.565
1686074400,1964.565,1965.17,1963.105,1963.315
1686078000,1963.315,1963.53,1962.385,1962.935
1686081600,1962.935,1963.58,1962.54,1963.285
1686088800,1963.285,1964.585,1963.15,1963.765
1686092400,1963.765,1964.33,1962.785,1963.435
1686096000,1963.435,1965.15,1963.315,1964.95
1686099600,1964.95,1966.79,1964.35,1965.02
1686103200,1965.02,1965.525,1963.18,1964.665
1686106800,1964.665,1964.665,1962.99,1963.485
1686110400,1963.485,1964.58,1963.34,1964.58
1686114000,1964.58,1965.13,1962.805,1963.245
1686117600,1963.245,1964.15,1957.205,1957.645
1686121200,1957.645,1957.955,1955.015,1956.225
1686124800,1956.225,1961.715,1955.825,1961.7
1686128400,1961.7,1964.63,1961.49,1964.535
1686132000,1964.535,1966.47,1962.415,1962.735
1686135600,1962.735,1965.29,1960.98,1961.39
1686139200,1961.39,1961.395,1957.225,1958.62
1686142800,1958.62,1970.22,1958.15,1969.655
1686146400,1969.655,1969.79,1956.62,1957.755
1686150000,1957.755,1958.76,1946.475,1947.225
1686153600,1947.225,1947.76,1940.94,1942.26
1686157200,1942.26,1946.59,1940.98,1944.58
1686160800,1944.58,1944.905,1942.02,1942.79
1686164400,1942.79,1943.23,1940.125,1940.175
1686168000,1940.175,1941.635,1939.955,1940.01
1686175200,1940.01,1943.595,1940.01,1942.325
1686178800,1942.325,1945.45,1941.765,1944.54
1686182400,1944.54,1946.36,1944.395,1946.275
1686186000,1946.275,1946.765,1944.59,1945.915
1686189600,1945.915,1947.09,1944.59,1946.39
1686193200,1946.39,1947.165,1945.94,1946.395
1686196800,1946.395,1947.335,1945.83,1946.64
1686200400,1946.64,1947.89,1945.77,1946.01
1686204000,1946.01,1947.305,1942.83,1944.865
1686207600,1944.865,1948.335,1944.35,1947.38
1686211200,1947.38,1949.195,1946.76,1948.395
1686214800,1948.395,1948.72,1945.86,1946.46
1686218400,1946.46,1947.985,1945.89,1946.72
1686222000,1946.72,1947.89,1945.02,1946.69
1686225600,1946.69,1960.09,1946.295,1959.415
1686229200,1959.415,1968.54,1957.235,1966.68
1686232800,1966.68,1970.54,1965.165,1967.29
1686236400,1967.29,1968.695,1965.695,1966.85
1686240000,1966.85,1969.31,1965.525,1966.37
1686243600,1966.37,1966.705,1961.84,1963.93
1686247200,1963.93,1965.35,1962.97,1965.215
1686250800,1965.215,1965.52,1963.32,1965.06
1686254400,1965.06,1966.065,1964.905,1965.47
1686261600,1965.47,1966.53,1965.47,1966.16
1686265200,1966.16,1966.255,1965.235,1965.41
1686268800,1965.41,1965.585,1963.43,1963.43
1686272400,1963.43,1965.75,1963.255,1964.555
1686276000,1964.555,1964.77,1963.49,1964.33
1686279600,1964.33,1965.03,1963.69,1963.88
1686283200,1963.88,1964.265,1962.435,1963.2
1686286800,1963.2,1965.465,1962.72,1964.825
1686290400,1964.825,1966.135,1964.12,1965.75
1686294000,1965.75,1965.75,1962.925,1963.225
1686297600,1963.225,1963.43,1960.69,1962.27
1686301200,1962.27,1963.86,1961.825,1961.97
1686304800,1961.97,1965.085,1961.71,1963.695
1686308400,1963.695,1967.005,1963.155,1966.54
1686312000,1966.54,1973.16,1962.17,1962.98
1686315600,1962.98,1965.155,1956.665,1961.69
1686319200,1961.69,1968.175,1960.295,1963.475
1686322800,1963.475,1965.475,1960.84,1962.24
1686326400,1962.24,1962.905,1960.88,1961.27
1686330000,1961.27,1962.915,1960.51,1961.63
1686333600,1961.63,1962.86,1960.945,1961.545
1686337200,1961.545,1961.975,1959.715,1960.195
1686340800,1960.195,1961.195,1960.13,1960.745
1686520800,1960.745,1960.745,1958.84,1959.03
1686524400,1959.03,1960.58,1958.095,1960.055
1686528000,1960.055,1960.53,1958.06,1958.36
1686531600,1958.36,1959.595,1955.59,1955.98
1686535200,1955.98,1956.345,1954.305,1956.095
1686538800,1956.095,1958.87,1955.425,1958.51
1686542400,1958.51,1958.545,1956.765,1957.065
1686546000,1957.065,1961.555,1956.65,1959.2
1686549600,1959.2,1962.14,1958.01,1960.45
1686553200,1960.45,1961.54,1958.81,1960.69
1686556800,1960.69,1965.495,1960.285,1964.92
1686560400,1964.92,1965.65,1963.695,1965.25
1686564000,1965.25,1967.015,1964.075,1964.16
1686567600,1964.16,1965.135,1961.795,1964.065
1686571200,1964.065,1966.035,1961.115,1962.895
1686574800,1962.895,1964.105,1949.28,1952.115
1686578400,1952.115,1954.895,1949.495,1954.295
1686582000,1954.295,1958.725,1953.91,1955.485
1686585600,1955.485,1956.29,1953.195,1954.23
1686589200,1954.23,1956.825,1953.28,1955.955
1686592800,1955.955,1957.995,1955.94,1956.715
1686596400,1956.715,1958.805,1955.84,1958.045
1686600000,1958.045,1958.66,1956.815,1957.605
1686607200,1957.605,1958.435,1956.93,1958.33
1686610800,1958.33,1960.65,1958.315,1960.04
1686614400,1960.04,1961.01,1957.895,1957.965
1686618000,1957.965,1959.87,1956.27,1957.01
1686621600,1957.01,1959.48,1955.99,1959.085
1686625200,1959.085,1962.18,1958.465,1962.1
1686628800,1962.1,1962.235,1960.54,1960.97
1686632400,1960.97,1961.535,1958.305,1958.49
1686636000,1958.49,1963.46,1958.39,1962.485
1686639600,1962.485,1965.395,1962.215,1962.325
1686643200,1962.325,1964.81,1961.57,1964.24
1686646800,1964.24,1964.65,1962.75,1963.24
1686650400,1963.24,1966.055,1962.075,1965.935
1686654000,1965.935,1966.255,1963.555,1963.855
1686657600,1963.855,1971.21,1950.43,1961.415
1686661200,1961.415,1966,1953.76,1954.205
1686664800,1954.205,1955.86,1950.97,1952.665
1686668400,1952.665,1953.175,1942.115,1943.19
1686672000,1943.19,1947.18,1942.61,1945.05
1686675600,1945.05,1946.68,1941.32,1942.665
1686679200,1942.665,1943.795,1940.405,1940.625
1686682800,1940.625,1943.9,1940.095,1943.58
1686686400,1943.58,1944.56,1942.155,1943.6
1686693600,1943.6,1945.2,1943.34,1944.175
1686697200,1944.175,1944.175,1942.31,1943.955
1686700800,1943.955,1945.69,1942.88,1944.5
1686704400,1944.5,1947.77,1944.14,1947.01
1686708000,1947.01,1948,1946.29,1947.66
1686711600,1947.66,1949.46,1946.95,1949.37
1686715200,1949.37,1949.59,1947.97,1948.895
1686718800,1948.895,1949.295,1946.21,1946.345
1686722400,1946.345,1947.88,1945.47,1946.335
1686726000,1946.335,1951.595,1945.305,1949.73
1686729600,1949.73,1951.02,1948.48,1949.9
1686733200,1949.9,1952.945,1949.9,1951.38
1686736800,1951.38,1951.4,1947.87,1947.89
1686740400,1947.89,1948.18,1945.86,1947.055
1686744000,1947.055,1960.31,1946.395,1957.21
1686747600,1957.21,1958.945,1955.075,1956.105
1686751200,1956.105,1959.33,1955.07,1957.995
1686754800,1957.995,1959.28,1955.575,1956.015
1686758400,1956.015,1957.495,1955.025,1955.18
1686762000,1955.18,1955.8,1953.38,1953.935
1686765600,1953.935,1954.04,1940.07,1950.08
1686769200,1950.08,1951.56,1943.645,1944.975
1686772800,1944.975,1946.225,1939.755,1941.255
1686780000,1941.255,1945.305,1941.255,1944.095
1686783600,1944.095,1945.37,1942.86,1945.315
1686787200,1945.315,1945.33,1936.21,1939.28
1686790800,1939.28,1939.36,1932.98,1933.45
1686794400,1933.45,1936.22,1932.47,1935.335
1686798000,1935.335,1936.555,1934.315,1934.945
1686801600,1934.945,1935.68,1933.385,1934.58
1686805200,1934.58,1939.88,1930.825,1937.85
1686808800,1937.85,1937.85,1932.005,1932.635
1686812400,1932.635,1934.51,1928.98,1933.605
1686816000,1933.605,1934.64,1930.835,1931.75
1686819600,1931.75,1936.19,1931.135,1935.84
1686823200,1935.84,1936.835,1933.4,1933.825
1686826800,1933.825,1934,1928.015,1928.6
1686830400,1928.6,1933.865,1925.04,1933.555
1686834000,1933.555,1953.6,1933.47,1952.895
1686837600,1952.895,1959.81,1951.46,1953.14
1686841200,1953.14,1957.84,1952.015,1956.585
1686844800,1956.585,1960.235,1956.585,1959.55
1686848400,1959.55,1960.31,1957.785,1958.8
1686852000,1958.8,1959.495,1956.99,1957.57
1686855600,1957.57,1959.64,1957.545,1958.77
1686859200,1958.77,1958.965,1957.795,1958.005
1686866400,1958.005,1958.73,1957.33,1958.61
1686870000,1958.61,1959.31,1958.21,1958.295
1686873600,1958.295,1959.495,1956.625,1956.94
1686877200,1956.94,1962.08,1956.55,1959.415
1686880800,1959.415,1959.495,1955.27,1955.54
1686884400,1955.54,1958.12,1955.445,1956.71
1686888000,1956.71,1956.71,1955.005,1955.505
1686891600,1955.505,1958.295,1954.725,1958.15
1686895200,1958.15,1963.415,1957.46,1960.945
1686898800,1960.945,1962.715,1959.355,1961.705
1686902400,1961.705,1964.07,1960,1963.185
1686906000,1963.185,1964.775,1963.185,1964.38
1686909600,1964.38,1965.595,1963.17,1964.97
1686913200,1964.97,1966.595,1963.97,1965.705
1686916800,1965.705,1967.92,1962.48,1962.67
1686920400,1962.67,1964.045,1956.495,1960.96
1686924000,1960.96,1966.15,1953.32,1960.34
1686927600,1960.34,1961.74,1955.3,1956.345
1686931200,1956.345,1956.94,1953.995,1955.27
1686934800,1955.27,1959.585,1955.205,1959.26
1686938400,1959.26,1959.755,1957.99,1958.715
1686942000,1958.715,1958.715,1955.46,1955.47
1686945600,1955.47,1958.33,1955.425,1957.555
1687125600,1957.555,1958.665,1957.025,1958.15
1687129200,1958.15,1958.42,1956.255,1957.22
1687132800,1957.22,1958.74,1956.295,1956.805
1687136400,1956.805,1958.37,1955.71,1956.115
1687140000,1956.115,1956.595,1954.32,1955.515
1687143600,1955.515,1955.885,1954.03,1955.81
1687147200,1955.81,1957.19,1954.65,1957.095
1687150800,1957.095,1957.55,1954.24,1954.72
1687154400,1954.72,1955.875,1953.24,1954.345
1687158000,1954.345,1955.27,1952.77,1955.2
1687161600,1955.2,1958.81,1955.13,1956.505
1687165200,1956.505,1956.645,1950.22,1950.435
1687168800,1950.435,1951.105,1949.08,1949.79
1687172400,1949.79,1950.755,1948.38,1948.58
1687176000,1948.58,1952.265,1947.84,1952.23
1687179600,1952.23,1953.39,1951.24,1952.08
1687183200,1952.08,1953.225,1950.85,1952.73
1687186800,1952.73,1953.52,1950.565,1950.73
1687190400,1950.73,1951.955,1950.04,1950.28
1687194000,1950.28,1950.675,1949.57,1949.7
1687197600,1949.7,1950.655,1949.54,1950.42
1687212000,1950.42,1954.225,1950.42,1952.305
1687215600,1952.305,1952.535,1951.045,1952.525
1687219200,1952.525,1953.065,1950.65,1951.1
1687222800,1951.1,1951.87,1945.215,1947.065
1687226400,1947.065,1950.89,1946.535,1950.055
1687230000,1950.055,1950.76,1949.25,1950.31
1687233600,1950.31,1951.375,1949.81,1949.96
1687237200,1949.96,1950.415,1946.975,1948.83
1687240800,1948.83,1953.86,1948.225,1951.305
1687244400,1951.305,1956.84,1951.275,1954.975
1687248000,1954.975,1955.635,1952.895,1953.35
1687251600,1953.35,1954.57,1952.19,1952.7
1687255200,1952.7,1953.07,1950.035,1951.535
1687258800,1951.535,1953.615,1950.495,1951.42
1687262400,1951.42,1954.585,1944.25,1944.78
1687266000,1944.78,1945.29,1931.03,1931.9
1687269600,1931.9,1936.195,1929.82,1934.98
1687273200,1934.98,1936.5,1933.355,1935.235
1687276800,1935.235,1938.045,1934.26,1937.615
1687280400,1937.615,1938.19,1936.195,1938.1
1687284000,1938.1,1938.36,1936.435,1938.315
1687287600,1938.315,1938.78,1935.98,1936.23
1687291200,1936.23,1936.84,1935.495,1936.255
1687298400,1936.255,1938.245,1936.255,1936.71
1687302000,1936.71,1938.855,1936.32,1937.365
1687305600,1937.365,1938.26,1936.385,1936.905
1687309200,1936.905,1938.47,1936.105,1936.44
1687312800,1936.44,1939.575,1935.515,1937.295
1687316400,1937.295,1937.815,1936.545,1937.105
1687320000,1937.105,1937.415,1935.52,1935.875
1687323600,1935.875,1936.795,1934.28,1935.625
1687327200,1935.625,1935.72,1931.3,1935.025
1687330800,1935.025,1937.4,1933.945,1935.035
1687334400,1935.035,1935.94,1933.64,1934.71
1687338000,1934.71,1935.91,1932.185,1933.335
1687341600,1933.335,1935.715,1932.26,1934.385
1687345200,1934.385,1935.49,1933.4,1934.635
1687348800,1934.635,1935.38,1926.055,1929.9
1687352400,1929.9,1931.12,1919.245,1928.695
1687356000,1928.695,1934.67,1924.28,1932.005
1687359600,1932.005,1932.985,1929.32,1932.29
1687363200,1932.29,1934.18,1930.465,1933.4
1687366800,1933.4,1935.83,1933.065,1934.215
1687370400,1934.215,1937.605,1934.07,1935.925
1687374000,1935.925,1936.055,1933.265,1933.51
1687377600,1933.51,1934.51,1932.015,1932.51
1687384800,1932.51,1934.535,1932.51,1933.635
1687388400,1933.635,1935.005,1933.03,1933.925
1687392000,1933.925,1934.055,1932.32,1932.32
1687395600,1932.32,1934.285,1931.58,1933.245
1687399200,1933.245,1933.7,1932.05,1933.38
1687402800,1933.38,1934.31,1932.325,1932.69
1687406400,1932.69,1933.155,1929.815,1929.815
1687410000,1929.815,1930.725,1928.03,1930.61
1687413600,1930.61,1931.58,1927.765,1928.17
1687417200,1928.17,1930.905,1927.13,1930.045
1687420800,1930.045,1931.505,1924.985,1927.45
1687424400,1927.45,1929.55,1926.3,1928.79
1687428000,1928.79,1929.425,1926.765,1928.715
1687431600,1928.715,1929.83,1925.32,1927.385
1687435200,1927.385,1931.02,1923.52,1923.535
1687438800,1923.535,1927.495,1919.05,1922.275
1687442400,1922.275,1922.765,1914.86,1915.335
1687446000,1915.335,1919.005,1912.82,1913.51
1687449600,1913.51,1917.825,1913.105,1915.53
1687453200,1915.53,1916.825,1913.32,1916.565
1687456800,1916.565,1916.655,1913.955,1915.29
1687460400,1915.29,1915.96,1913.7,1913.965
1687464000,1913.965,1914.61,1912.465,1913.835
1687471200,1913.835,1914.465,1913.42,1913.79
1687474800,1913.79,1915.02,1913.4,1914.58
1687478400,1914.58,1916.135,1914.095,1915.67
1687482000,1915.67,1915.865,1910.965,1912.22
1687485600,1912.22,1912.98,1910.21,1910.51
1687489200,1910.51,1912.525,1910.305,1912.51
1687492800,1912.51,1917.31,1912.145,1916.575
1687496400,1916.575,1918.11,1915.18,1915.28
1687500000,1915.28,1917.01,1913.01,1913.635
1687503600,1913.635,1919.02,1913.055,1918.135
1687507200,1918.135,1920.15,1917.09,1917.695
1687510800,1917.695,1919.685,1916.99,1917.945
1687514400,1917.945,1918.315,1916.67,1917.68
1687518000,1917.68,1920.715,1917.635,1919.24
1687521600,1919.24,1929.76,1918.91,1928.975
1687525200,1928.975,1937.305,1928.81,1932.265
1687528800,1932.265,1933.14,1924.29,1927.005
1687532400,1927.005,1927.8,1920.995,1921.12
1687536000,1921.12,1922.415,1917.995,1918.745
1687539600,1918.745,1921.295,1918.495,1920.91
1687543200,1920.91,1920.96,1919.36,1920.62
1687546800,1920.62,1921.3,1919.06,1919.17
1687550400,1919.17,1921.725,1919.045,1921.265
1687730400,1921.265,1924.985,1921.265,1924.9
1687734000,1924.9,1925.515,1923.96,1925.405
1687737600,1925.405,1927.095,1924.79,1926.515
1687741200,1926.515,1928.635,1925.11,1925.5
1687744800,1925.5,1926.815,1924.18,1924.595
1687748400,1924.595,1926.895,1924.405,1925.535
1687752000,1925.535,1925.965,1924.51,1925.145
1687755600,1925.145,1927.175,1924.015,1926.805
1687759200,1926.805,1927.78,1922.23,1922.815
1687762800,1922.815,1929.205,1922.425,1928.98
1687766400,1928.98,1933.39,1928.96,1931.815
1687770000,1931.815,1932.475,1929.355,1929.895
1687773600,1929.895,1933.395,1929.56,1931.95
1687777200,1931.95,1932.645,1931.22,1931.425
1687780800,1931.425,1933.15,1929.845,1931.55
1687784400,1931.55,1931.73,1921.535,1924.86
1687788000,1924.86,1925.635,1922.585,1923.345
1687791600,1923.345,1928.535,1923.345,1925.78
1687795200,1925.78,1926.59,1923.52,1923.845
1687798800,1923.845,1925.28,1923.325,1924.62
1687802400,1924.62,1924.87,1923.1,1923.53
1687806000,1923.53,1924.025,1922.425,1922.935
1687809600,1922.935,1923.52,1922.67,1923.15
1687816800,1923.15,1924.72,1923.15,1924.715
1687820400,1924.715,1924.715,1921.025,1922.55
1687824000,1922.55,1924.805,1921.74,1922.79
1687827600,1922.79,1930.44,1922.755,1929.27
1687831200,1929.27,1929.695,1927.115,1928.895
1687834800,1928.895,1929.595,1928.035,1928.5
1687838400,1928.5,1929.685,1928.43,1928.53
1687842000,1928.53,1929.55,1925.09,1925.105
1687845600,1925.105,1927.695,1924.24,1927.535
1687849200,1927.535,1929.785,1927.195,1928.235
1687852800,1928.235,1928.67,1924.28,1925.61
1687856400,1925.61,1925.825,1923.83,1924.145
1687860000,1924.145,1924.6,1922.85,1923.53
1687863600,1923.53,1923.53,1919.77,1923.205
1687867200,1923.205,1930.545,1923.145,1926.255
1687870800,1926.255,1930.73,1922.905,1923.62
1687874400,1923.62,1924.17,1911.615,1917.29
1687878000,1917.29,1917.595,1913.385,1913.56
1687881600,1913.56,1916.63,1912.075,1914.67
1687885200,1914.67,1915.915,1911.705,1912.195
1687888800,1912.195,1914.94,1910.89,1914.84
1687892400,1914.84,1915.765,1913.455,1913.84
1687896000,1913.84,1913.92,1912.995,1913.68
1687903200,1913.68,1915.655,1913.68,1915.005
1687906800,1915.005,1915.905,1914.78,1915.53
1687910400,1915.53,1917.285,1915.295,1916.245
1687914000,1916.245,1916.905,1913.535,1915.175
1687917600,1915.175,1916.12,1913.515,1915.25
1687921200,1915.25,1916.845,1914.91,1915.235
1687924800,1915.235,1916.31,1915.18,1915.265
1687928400,1915.265,1916.86,1915.1,1915.64
1687932000,1915.64,1916.315,1909.62,1910.915
1687935600,1910.915,1912.125,1909.25,1911.025
1687939200,1911.025,1911.755,1908.28,1909.95
1687942800,1909.95,1911.995,1907.275,1907.385
1687946400,1907.385,1909.075,1906.15,1906.995
1687950000,1906.995,1907.83,1905.82,1907.225
1687953600,1907.225,1908.535,1905.655,1907
1687957200,1907,1911.605,1902.87,1909.98
1687960800,1909.98,1911.215,1905.24,1907.085
1687964400,1907.085,1913.34,1906.195,1910.88
1687968000,1910.88,1912.915,1909.955,1912.31
1687971600,1912.31,1913.435,1911.58,1911.795
1687975200,1911.795,1913.18,1911.795,1912.24
1687978800,1912.24,1912.385,1909.3,1909.36
1687982400,1909.36,1910.09,1906.835,1907.535
1687989600,1907.535,1910.37,1907.535,1909.935
1687993200,1909.935,1910.785,1909.655,1909.775
1687996800,1909.775,1910.23,1908.05,1910.055
1688000400,1910.055,1912.87,1909.495,1909.935
1688004000,1909.935,1909.98,1904.5,1904.68
1688007600,1904.68,1905.68,1902.855,1905.505
1688011200,1905.505,1905.995,1904.56,1905.37
1688014800,1905.37,1905.58,1903.225,1904.53
1688018400,1904.53,1905.355,1902.655,1904.68
1688022000,1904.68,1907.54,1902.62,1905.77
1688025600,1905.77,1908.135,1904.515,1906.22
1688029200,1906.22,1906.31,1904.015,1905.215
1688032800,1905.215,1909.97,1904.655,1909.97
1688036400,1909.97,1911.06,1909.255,1910.105
1688040000,1910.105,1912.205,1895.595,1896.2
1688043600,1896.2,1899.89,1893.07,1899.72
1688047200,1899.72,1913.18,1899.395,1911.025
1688050800,1911.025,1912.75,1908.5,1909.07
1688054400,1909.07,1910.49,1908.16,1910.33
1688058000,1910.33,1910.835,1907.76,1908.055
1688061600,1908.055,1908.66,1906.755,1907.055
1688065200,1907.055,1909.24,1906.285,1907.73
1688068800,1907.73,1908.41,1907.49,1908.065
1688076000,1908.065,1909.055,1907.72,1908.305
1688079600,1908.305,1908.93,1907.175,1908.795
1688083200,1908.795,1909.27,1907.625,1908.785
1688086800,1908.785,1909.755,1907.18,1908.035
1688090400,1908.035,1909.695,1907.725,1907.895
1688094000,1907.895,1909.415,1907.495,1908.35
1688097600,1908.35,1908.655,1906.915,1908.235
1688101200,1908.235,1910.03,1907.185,1907.235
1688104800,1907.235,1907.545,1903.775,1906.855
1688108400,1906.855,1907.625,1904.455,1905.345
1688112000,1905.345,1905.61,1900.605,1901.955
1688115600,1901.955,1905.455,1901.565,1905.225
1688119200,1905.225,1906.53,1904.315,1906.34
1688122800,1906.34,1906.685,1904.395,1905.385
1688126400,1905.385,1913.905,1904.685,1911.045
1688130000,1911.045,1914.565,1909.78,1911.97
1688133600,1911.97,1919.08,1911.94,1915.52
1688137200,1915.52,1919.44,1914.585,1919.09
1688140800,1919.09,1920.625,1917.56,1920.11
1688144400,1920.11,1922.78,1917.85,1918.735
1688148000,1918.735,1920.03,1918.55,1919.07
1688151600,1919.07,1920.45,1917.9,1920.14
1688155200,1920.14,1920.165,1918.2,1919.525
1688335200,1919.525,1919.715,1918.51,1919.345
1688338800,1919.345,1919.415,1917.56,1918.26
1688342400,1918.26,1918.925,1916.845,1917.18
1688346000,1917.18,1918.945,1916.1,1917.38
1688349600,1917.38,1917.83,1914.675,1914.905
1688353200,1914.905,1919.12,1914.77,1918.41
1688356800,1918.41,1920.235,1917.975,1920.135
1688360400,1920.135,1920.655,1916.735,1917.015
1688364000,1917.015,1917.785,1913.55,1915.24
1688367600,1915.24,1916.2,1912.155,1912.255
1688371200,1912.255,1913.44,1910.08,1912.075
1688374800,1912.075,1914.25,1911.745,1913.175
1688378400,1913.175,1914.4,1911.765,1913.945
1688382000,1913.945,1914.445,1912.025,1912.63
1688385600,1912.63,1922.105,1911.7,1921.985
1688389200,1921.985,1927.045,1919.51,1926.085
1688392800,1926.085,1931.085,1924.28,1930.205
1688396400,1930.205,1930.385,1926.005,1926.61
1688400000,1926.61,1926.725,1921.87,1922.095
1688403600,1922.095,1922.205,1920.675,1920.7
1688407200,1920.7,1921.825,1920.655,1921.305
1688410800,1921.305,1921.905,1921.105,1921.43
1688414400,1921.43,1921.755,1921.15,1921.525
1688421600,1921.525,1921.69,1921.225,1921.28
1688425200,1921.28,1921.4,1920.005,1921.31
1688428800,1921.31,1922.145,1920.86,1921.26
1688432400,1921.26,1923.215,1920.09,1921.66
1688436000,1921.66,1921.995,1920.635,1921.595
1688439600,1921.595,1923.57,1921.44,1923.03
1688443200,1923.03,1924.585,1922.875,1924.31
1688446800,1924.31,1924.73,1923.335,1923.725
1688450400,1923.725,1927.585,1923.41,1927.525
1688454000,1927.525,1928.49,1926,1928.095
1688457600,1928.095,1928.83,1925.835,1928.585
1688461200,1928.585,1930.695,1928.585,1929.775
1688464800,1929.775,1930.765,1928.665,1928.87
1688468400,1928.87,1929.68,1927.685,1928.57
1688472000,1928.57,1930.395,1926.264,1926.86
1688475600,1926.86,1929.015,1926.2,1928.315
1688479200,1928.315,1929.615,1927.545,1928.17
1688482800,1928.17,1928.235,1926.915,1927.095
1688486400,1927.095,1927.26,1924.145,1924.275
1688490000,1924.275,1925.88,1924.06,1925.525
1688493600,1925.525,1926,1925.025,1925.875
1688508000,1925.875,1927.155,1925.005,1926.2
1688511600,1926.2,1926.465,1924.95,1926.34
1688515200,1926.34,1927.175,1925.86,1926.76
1688518800,1926.76,1926.875,1924.085,1924.215
1688522400,1924.215,1924.805,1923.23,1924.76
1688526000,1924.76,1925.155,1924.18,1924.47
1688529600,1924.47,1926.05,1924.27,1925.61
1688533200,1925.61,1926.525,1925.05,1925.595
1688536800,1925.595,1925.835,1920.895,1922.185
1688540400,1922.185,1927.83,1921.715,1927.515
1688544000,1927.515,1928.145,1925.26,1926.995
1688547600,1926.995,1929.12,1926.825,1929.05
1688551200,1929.05,1929.615,1926.655,1927.365
1688554800,1927.365,1928.29,1926.265,1927.575
1688558400,1927.575,1930.13,1925.165,1929.375
1688562000,1929.375,1935.05,1922.74,1925.15
1688565600,1925.15,1926.29,1919.14,1922.745
1688569200,1922.745,1925.245,1922.29,1923.265
1688572800,1923.265,1924.85,1921.445,1921.61
1688576400,1921.61,1921.61,1919.055,1919.74
1688580000,1919.74,1921.37,1916,1916.08
1688583600,1916.08,1917.89,1915.28,1915.905
1688587200,1915.905,1916.8,1914.855,1915.12
1688594400,1915.12,1917.995,1915.12,1916.305
1688598000,1916.305,1917.275,1915.65,1916.89
1688601600,1916.89,1917.76,1916.18,1917.375
1688605200,1917.375,1919.69,1916.48,1919.54
1688608800,1919.54,1919.78,1918.16,1918.805
1688612400,1918.805,1919.24,1918.135,1918.22
1688616000,1918.22,1918.26,1916.97,1917.935
1688619600,1917.935,1921.26,1917.835,1920.175
1688623200,1920.175,1921.555,1919.275,1920.54
1688626800,1920.54,1921.23,1918.95,1919.015
1688630400,1919.015,1919.79,1916.145,1918.145
1688634000,1918.145,1919.585,1916.735,1917.37
1688637600,1917.37,1925.055,1917.27,1924.89
1688641200,1924.89,1927.545,1924.435,1926.715
1688644800,1926.715,1927.665,1902.745,1906.335
1688648400,1906.335,1915.055,1904.71,1910.9
1688652000,1910.9,1910.92,1902.825,1907.9
1688655600,1907.9,1911.74,1907.245,1911.545
1688659200,1911.545,1912.45,1909.015,1909.9
1688662800,1909.9,1910.99,1908.995,1910.895
1688666400,1910.895,1911.19,1909.665,1910.93
1688670000,1910.93,1911.97,1909.875,1910.32
1688673600,1910.32,1911.08,1909.995,1910.975
1688680800,1910.975,1911.315,1909.62,1910.995
1688684400,1910.995,1912.33,1910.995,1911.655
1688688000,1911.655,1912.485,1909.7,1910.65
1688691600,1910.65,1912.16,1910.39,1910.72
1688695200,1910.72,1911.675,1909.95,1910.91
1688698800,1910.91,1912.295,1910.405,1911.225
1688702400,1911.225,1912.4,1910.35,1912.215
1688706000,1912.215,1914.595,1911.965,1914.37
1688709600,1914.37,1915.5,1913.03,1913.415
1688713200,1913.415,1916.525,1912.155,1914.625
1688716800,1914.625,1915.81,1913.395,1915.635
1688720400,1915.635,1916.825,1914.495,1916.14
1688724000,1916.14,1917.835,1915.245,1916.415
1688727600,1916.415,1918.385,1915.935,1917.61
1688731200,1917.61,1929.05,1914.315,1918.9
1688734800,1918.9,1927.66,1915.555,1923.375
1688738400,1923.375,1934.185,1921.325,1933.775
1688742000,1933.775,1934.935,1926.535,1927.69
1688745600,1927.69,1929.365,1926.42,1926.97
1688749200,1926.97,1928.115,1926.17,1927.05
1688752800,1927.05,1927.32,1925.475,1926.42
1688756400,1926.42,1926.42,1924.72,1924.805
1688760000,1924.805,1925.62,1924.355,1925.565
1688940000,1925.565,1928.28,1924.955,1926.155
1688943600,1926.155,1926.16,1923.965,1924.96
1688947200,1924.96,1925.35,1922.9,1924.28
1688950800,1924.28,1926.98,1924.27,1925.02
1688954400,1925.02,1925.535,1924.185,1925.085
1688958000,1925.085,1925.74,1922.655,1923.945
1688961600,1923.945,1923.985,1921.02,1921.34
1688965200,1921.34,1921.65,1919.715,1920.285
1688968800,1920.285,1924.515,1919.43,1923.5
1688972400,1923.5,1925.755,1922.715,1924.97
1688976000,1924.97,1925.65,1922.765,1925.24
1688979600,1925.24,1926.295,1922.83,1923.345
1688983200,1923.345,1924.51,1922.76,1923.67
1688986800,1923.67,1925.805,1923.01,1924.755
1688990400,1924.755,1925.02,1912.75,1914.05
1688994000,1914.05,1924.62,1914,1923.075
1688997600,1923.075,1925.04,1920.73,1922.09
1689001200,1922.09,1924.11,1921.525,1923.61
1689004800,1923.61,1926.035,1922.72,1925.605
1689008400,1925.605,1926.88,1925.165,1925.715
1689012000,1925.715,1926.125,1924.93,1925.84
1689015600,1925.84,1926.515,1924.985,1925.92
1689019200,1925.92,1925.97,1924.89,1925.44
1689026400,1925.44,1925.69,1924.665,1925.205
1689030000,1925.205,1925.64,1924.42,1924.905
1689033600,1924.905,1927.245,1924.51,1926.42
1689037200,1926.42,1927.945,1925.155,1925.59
1689040800,1925.59,1927.905,1924.93,1927.855
1689044400,1927.855,1929.04,1925.84,1926.76
1689048000,1926.76,1929.48,1926.465,1929.445
1689051600,1929.445,1930.12,1928.175,1929.065
1689055200,1929.065,1938.44,1928.855,1936.255
1689058800,1936.255,1936.345,1929.95,1932.33
1689062400,1932.33,1937.385,1932.07,1936.685
1689066000,1936.685,1938.305,1934.92,1938.255
1689069600,1938.255,1938.495,1934.945,1935.225
1689073200,1935.225,1937.55,1934.77,1936.385
1689076800,1936.385,1936.59,1929.565,1932.1
1689080400,1932.1,1934.04,1929.485,1933.55
1689084000,1933.55,1935.45,1931.26,1931.86
1689087600,1931.86,1933.24,1930.3,1931.145
1689091200,1931.145,1932.88,1929.42,1932.445
1689094800,1932.445,1932.63,1930.735,1932.11
1689098400,1932.11,1932.385,1930.575,1931.965
1689102000,1931.965,1932.595,1931.61,1932.56
1689105600,1932.56,1932.575,1931.695,1932.505
1689112800,1932.505,1933.84,1932.315,1933.515
1689116400,1933.515,1933.625,1932.955,1933.395
1689120000,1933.395,1936.26,1933.3,1935.78
1689123600,1935.78,1939.08,1935.705,1937.6
1689127200,1937.6,1941.025,1936.765,1940.13
1689130800,1940.13,1940.2,1937.825,1938.585
1689134400,1938.585,1939.2,1937.68,1938.955
1689138000,1938.955,1940.28,1937.895,1938.69
1689141600,1938.69,1940.285,1934.455,1934.925
1689145200,1934.925,1936.14,1933.92,1934.765
1689148800,1934.765,1936.54,1933.78,1934.825
1689152400,1934.825,1936.38,1934.425,1935.455
1689156000,1935.455,1935.48,1933.88,1934.34
1689159600,1934.34,1936.47,1933.595,1934.72
1689163200,1934.72,1950.12,1933.64,1943.255
1689166800,1943.255,1957.39,1941.015,1956.125
1689170400,1956.125,1957.895,1952.645,1957.685
1689174000,1957.685,1958.355,1953.42,1955.715
1689177600,1955.715,1959.505,1955.465,1959.285
1689181200,1959.285,1959.75,1955.765,1957.315
1689184800,1957.315,1957.875,1956.8,1957.8
1689188400,1957.8,1958.915,1956.99,1958.78
1689192000,1958.78,1958.78,1957.49,1957.54
1689199200,1957.54,1958.35,1957.1,1957.73
1689202800,1957.73,1958.05,1957.45,1957.825
1689206400,1957.825,1958.96,1956.57,1957.08
1689210000,1957.08,1959.98,1956.415,1959.655
1689213600,1959.655,1961.78,1958.725,1960.175
1689217200,1960.175,1961.14,1958.865,1960.345
1689220800,1960.345,1962.32,1957.19,1957.36
1689224400,1957.36,1958.43,1955.335,1955.495
1689228000,1955.495,1963.02,1955.485,1962.885
1689231600,1962.885,1963.405,1959.41,1961.88
1689235200,1961.88,1962.8,1960.355,1960.96
1689238800,1960.96,1961.045,1959.505,1960.07
1689242400,1960.07,1960.665,1958.23,1960.565
1689246000,1960.565,1960.755,1958.045,1959.945
1689249600,1959.945,1963.735,1952.47,1957.625
1689253200,1957.625,1961.405,1956.765,1958.58
1689256800,1958.58,1961.9,1957.61,1960.895
1689260400,1960.895,1961.66,1954.775,1955.03
1689264000,1955.03,1959.815,1954.835,1958.9
1689267600,1958.9,1960.52,1957.605,1960.105
1689271200,1960.105,1960.9,1958.9,1959.915
1689274800,1959.915,1960.59,1959.665,1960.06
1689278400,1960.06,1960.75,1959.93,1960.64
1689285600,1960.64,1960.935,1959.97,1959.98
1689289200,1959.98,1961.915,1959.925,1960.145
1689292800,1960.145,1960.58,1958.43,1959.445
1689296400,1959.445,1963.315,1958.48,1962.88
1689300000,1962.88,1963.795,1961.595,1961.7
1689303600,1961.7,1963.185,1961.17,1962.63
1689307200,1962.63,1962.63,1960.34,1960.45
1689310800,1960.45,1961.36,1957.98,1958.945
1689314400,1958.945,1960.4,1955.735,1956.62
1689318000,1956.62,1957.465,1954.405,1956.9
1689321600,1956.9,1958.28,1955.695,1956.215
1689325200,1956.215,1957.37,1955.35,1955.99
1689328800,1955.99,1957.125,1955.23,1956.16
1689332400,1956.16,1960.12,1956.16,1959.285
1689336000,1959.285,1962.8,1956.96,1957.565
1689339600,1957.565,1961,1954.51,1960.1
1689343200,1960.1,1960.675,1950.99,1960.26
1689346800,1960.26,1962.055,1957.41,1958.165
1689350400,1958.165,1959.405,1957.205,1959.065
1689354000,1959.065,1960.405,1958.33,1960.33
1689357600,1960.33,1961.095,1959.185,1959.33
1689361200,1959.33,1959.335,1954.415,1954.42
1689364800,1954.42,1955.85,1954.39,1955.435
1689544800,1955.435,1955.435,1952.995,1953.175
1689548400,1953.175,1953.46,1951.435,1953.38
1689552000,1953.38,1954.795,1952.49,1954.67
1689555600,1954.67,1956.02,1952.055,1952.69
1689559200,1952.69,1953.94,1951.345,1953.615
1689562800,1953.615,1953.82,1951.035,1952.185
1689566400,1952.185,1953.71,1951.525,1953.665
1689570000,1953.665,1956.905,1953.495,1954.09
1689573600,1954.09,1955.12,1952.105,1953.295
1689577200,1953.295,1955.19,1950.63,1952.395
1689580800,1952.395,1957.565,1952.02,1955.945
1689584400,1955.945,1959.305,1954.325,1958.76
1689588000,1958.76,1959.91,1956.965,1957.29
1689591600,1957.29,1958.14,1956.72,1957.68
1689595200,1957.68,1959.525,1948.16,1948.695
1689598800,1948.695,1951.705,1945.84,1950.56
1689602400,1950.56,1954.245,1949.38,1954.19
1689606000,1954.19,1955.25,1951.34,1954.705
1689609600,1954.705,1955.67,1953.98,1954.65
1689613200,1954.65,1955.315,1952.5,1955.28
1689616800,1955.28,1956.03,1954.82,1955.64
1689620400,1955.64,1956.44,1954.645,1955.37
1689624000,1955.37,1955.55,1954.495,1954.98
1689631200,1954.98,1955.15,1954.65,1955.08
1689634800,1955.08,1956.31,1955.08,1955.52
1689638400,1955.52,1956.885,1954.71,1955.455
1689642000,1955.455,1959.685,1955.135,1957.215
1689645600,1957.215,1959.03,1955.865,1959.015
1689649200,1959.015,1960.715,1958.61,1959.875
1689652800,1959.875,1961.175,1959.7,1960.05
1689656400,1960.05,1961.825,1959,1959.29
1689660000,1959.29,1962.055,1957.81,1961.77
1689663600,1961.77,1964.185,1960.885,1961.565
1689667200,1961.565,1963.07,1960.615,1961.735
1689670800,1961.735,1963.37,1961.28,1963.08
1689674400,1963.08,1964.375,1961.86,1963.185
1689678000,1963.185,1972.245,1961.085,1963.125
1689681600,1963.125,1971.19,1960.81,1968.785
1689685200,1968.785,1972.205,1963.785,1971.345
1689688800,1971.345,1983.66,1971.13,1982.845
1689692400,1982.845,1984.425,1977.56,1978.165
1689696000,1978.165,1981.555,1977.015,1977.975
1689699600,1977.975,1978.045,1975.065,1976.37
1689703200,1976.37,1977.64,1975.395,1976.815
1689706800,1976.815,1978.215,1976.285,1977.775
1689710400,1977.775,1979.04,1977.435,1978.92
1689717600,1978.92,1979.23,1978.57,1978.835
1689721200,1978.835,1979.205,1976.825,1977.59
1689724800,1977.59,1978.535,1976.635,1978.515
1689728400,1978.515,1978.57,1976.36,1976.685
1689732000,1976.685,1977.35,1974.49,1976.515
1689735600,1976.515,1977.21,1975.515,1975.535
1689739200,1975.535,1976.1,1974.155,1974.85
1689742800,1974.85,1978.45,1974.61,1978.21
1689746400,1978.21,1979.96,1973.02,1976.66
1689750000,1976.66,1980.995,1976.565,1977.98
1689753600,1977.98,1979.115,1977.195,1977.535
1689757200,1977.535,1979.15,1976.89,1977.265
1689760800,1977.265,1978.215,1974.135,1974.92
1689764400,1974.92,1975.935,1971.645,1973.82
1689768000,1973.82,1979.655,1973.655,1977.615
1689771600,1977.615,1979.91,1975.665,1977.065
1689775200,1977.065,1978.105,1969.81,1974.6
1689778800,1974.6,1976.52,1972.555,1973.91
1689782400,1973.91,1977.935,1972.125,1977.58
1689786000,1977.58,1979.005,1976.265,1977.37
1689789600,1977.37,1978.19,1976.575,1977.88
1689793200,1977.88,1978.58,1977.625,1978.53
1689796800,1978.53,1978.635,1976.725,1977.15
1689804000,1977.15,1978.89,1977.15,1977.495
1689807600,1977.495,1977.93,1976.965,1977.825
1689811200,1977.825,1979.38,1977.405,1979.11
1689814800,1979.11,1985.31,1979.015,1985.04
1689818400,1985.04,1986.67,1983.725,1986.55
1689822000,1986.55,1987.53,1985.23,1985.27
1689825600,1985.27,1985.595,1984.17,1984.695
1689829200,1984.695,1984.795,1980.2,1980.85
1689832800,1980.85,1982.53,1979.025,1980.6
1689836400,1980.6,1982.72,1977.89,1979.215
1689840000,1979.215,1983.915,1978.245,1981.66
1689843600,1981.66,1982.405,1980.615,1980.98
1689847200,1980.98,1983.285,1980.18,1980.62
1689850800,1980.62,1982.43,1979.445,1981.49
1689854400,1981.49,1981.66,1972.475,1974.025
1689858000,1974.025,1980.165,1972.78,1976.07
1689861600,1976.07,1977.475,1965.81,1970.555
1689865200,1970.555,1971.05,1967.22,1968.745
1689868800,1968.745,1969.065,1965.39,1968.01
1689872400,1968.01,1971.005,1968.01,1970.61
1689876000,1970.61,1971.565,1969.245,1969.74
1689879600,1969.74,1971.55,1968.58,1968.9
1689883200,1968.9,1969.87,1968.565,1969.55
1689890400,1969.55,1970.805,1969.55,1970.695
1689894000,1970.695,1972.92,1970.695,1972.29
1689897600,1972.29,1973.435,1971.735,1973.015
1689901200,1973.015,1973.85,1971.595,1972.365
1689904800,1972.365,1972.765,1970.53,1970.92
1689908400,1970.92,1971.115,1969.95,1970.31
1689912000,1970.31,1971.065,1969.095,1969.99
1689915600,1969.99,1970.45,1968.195,1969.425
1689919200,1969.425,1972.27,1969.1,1970.79
1689922800,1970.79,1971.2,1964.19,1964.34
1689926400,1964.34,1965.34,1961.22,1961.52
1689930000,1961.52,1964.64,1961.12,1964.025
1689933600,1964.025,1964.46,1962.275,1963.905
1689937200,1963.905,1966.87,1962.265,1965.825
1689940800,1965.825,1968.185,1962.51,1963.135
1689944400,1963.135,1964.455,1958.55,1961.61
1689948000,1961.61,1965.49,1958.075,1959.815
1689951600,1959.815,1962.89,1956.905,1960.335
1689955200,1960.335,1963.915,1960.17,1963.58
1689958800,1963.58,1964.905,1962.765,1962.83
1689962400,1962.83,1964.325,1962.775,1963.225
1689966000,1963.225,1963.225,1961.705,1962.58
1689969600,1962.58,1962.72,1961.53,1961.95
1690149600,1961.95,1962.975,1961.655,1962.045
1690153200,1962.045,1962.325,1960.43,1961.27
1690156800,1961.27,1962.05,1959.985,1961.82
1690160400,1961.82,1962.725,1959.155,1961.535
1690164000,1961.535,1962.035,1960.225,1960.72
1690167600,1960.72,1962.005,1959.92,1960.215
1690171200,1960.215,1960.795,1959.075,1960.655
1690174800,1960.655,1962.165,1959.845,1960.07
1690178400,1960.07,1962.18,1957.93,1961.78
1690182000,1961.78,1965.695,1961.59,1963.33
1690185600,1963.33,1963.935,1959.45,1959.65
1690189200,1959.65,1966.155,1959.49,1965.5
1690192800,1965.5,1966.6,1963.91,1965.555
1690196400,1965.555,1967.905,1964.84,1965.04
1690200000,1965.04,1967.745,1964,1967.445
1690203600,1967.445,1967.64,1959.165,1959.495
1690207200,1959.495,1962.46,1957.14,1961.52
1690210800,1961.52,1962.245,1957.87,1959.745
1690214400,1959.745,1961.47,1958.38,1959.92
1690218000,1959.92,1960.72,1958.975,1959.145
1690221600,1959.145,1959.29,1954.07,1955.025
1690225200,1955.025,1955.14,1953.475,1954.41
1690228800,1954.41,1955.54,1954.115,1954.715
1690236000,1954.715,1955.445,1954.715,1955.025
1690239600,1955.025,1955.03,1953.285,1954.49
1690243200,1954.49,1955.705,1953.955,1955.345
1690246800,1955.345,1962.935,1955.34,1962.735
1690250400,1962.735,1963.49,1961.65,1962.28
1690254000,1962.28,1963.625,1961.15,1961.67
1690257600,1961.67,1962.145,1960.63,1960.63
1690261200,1960.63,1963.295,1960.505,1962.65
1690264800,1962.65,1964.205,1960.6,1962.39
1690268400,1962.39,1962.895,1959.78,1961.265
1690272000,1961.265,1963.435,1959.41,1962.95
1690275600,1962.95,1963.74,1961.325,1962.215
1690279200,1962.215,1962.725,1959.74,1959.75
1690282800,1959.75,1960.845,1953.17,1960.825
1690286400,1960.825,1963.73,1956.225,1959.475
1690290000,1959.475,1961.16,1955.92,1956.79
1690293600,1956.79,1962.035,1952.005,1961.835
1690297200,1961.835,1965.415,1961.67,1964.325
1690300800,1964.325,1965.72,1962.18,1962.46
1690304400,1962.46,1963.94,1961.34,1962.22
1690308000,1962.22,1964.15,1962.165,1963.575
1690311600,1963.575,1965.27,1963.53,1964.5
1690315200,1964.5,1965.28,1964.265,1964.745
1690322400,1964.745,1966.4,1964.2,1964.61
1690326000,1964.61,1965.995,1964.61,1965.375
1690329600,1965.375,1966.1,1964.775,1964.985
1690333200,1964.985,1965.7,1962.065,1963.875
1690336800,1963.875,1964.815,1962.41,1964.115
1690340400,1964.115,1964.73,1963.315,1964.005
1690344000,1964.005,1964.475,1963.015,1963.165
1690347600,1963.165,1965.175,1962.485,1965.04
1690351200,1965.04,1970.97,1964.505,1969.64
1690354800,1969.64,1971.205,1968.145,1970.68
1690358400,1970.68,1972.57,1970.185,1972.15
1690362000,1972.15,1972.5,1971.07,1971.505
1690365600,1971.505,1972.075,1969.7,1971.82
1690369200,1971.82,1974.245,1971.405,1972.245
1690372800,1972.245,1974.17,1971.265,1972.34
1690376400,1972.34,1972.34,1963.96,1966.75
1690380000,1966.75,1969.34,1964.315,1969.035
1690383600,1969.035,1975.12,1968.61,1972.455
1690387200,1972.455,1973.385,1969.955,1970.375
1690390800,1970.375,1970.45,1967.76,1970.005
1690394400,1970.005,1978.405,1965.61,1977.26
1690398000,1977.26,1977.505,1971.815,1974.855
1690401600,1974.855,1974.855,1972.095,1972.24
1690408800,1972.24,1974.815,1971.01,1973.505
1690412400,1973.505,1973.945,1971.81,1972.12
1690416000,1972.12,1973.09,1971.215,1972.5
1690419600,1972.5,1978.105,1972.31,1977.815
1690423200,1977.815,1982.23,1977.8,1979.31
1690426800,1979.31,1979.605,1976.8,1978.035
1690430400,1978.035,1978.8,1976.65,1976.74
1690434000,1976.74,1976.845,1975.125,1975.795
1690437600,1975.795,1977.43,1974.135,1974.81
1690441200,1974.81,1982.265,1974.26,1980.035
1690444800,1980.035,1981.155,1975.825,1975.94
1690448400,1975.94,1978.14,1973.64,1975.43
1690452000,1975.43,1976.935,1975.07,1976.25
1690455600,1976.25,1979.165,1975.61,1979.13
1690459200,1979.13,1979.18,1958.015,1960.265
1690462800,1960.265,1960.48,1943.305,1945.45
1690466400,1945.45,1947.895,1942.715,1944.625
1690470000,1944.625,1947.47,1943.805,1946.92
1690473600,1946.92,1947.775,1942.645,1944.3
1690477200,1944.3,1949.78,1943.43,1948.815
1690480800,1948.815,1948.955,1944.055,1945.47
1690484400,1945.47,1947.5,1943.74,1944.325
1690488000,1944.325,1945.46,1943.48,1945.15
1690495200,1945.15,1947.69,1945.15,1946.99
1690498800,1946.99,1948.18,1945.515,1947.525
1690502400,1947.525,1947.93,1946.105,1947.02
1690506000,1947.02,1951.3,1946.63,1951.105
1690509600,1951.105,1952.355,1948.535,1952.17
1690513200,1952.17,1955.005,1950.285,1954.29
1690516800,1954.29,1956.835,1950.725,1951.935
1690520400,1951.935,1953.49,1950.71,1952.785
1690524000,1952.785,1953.63,1950.075,1951.63
1690527600,1951.63,1953.455,1948.315,1949.705
1690531200,1949.705,1950.485,1947.885,1949.555
1690534800,1949.555,1953.78,1948.405,1951.985
1690538400,1951.985,1954.62,1951.085,1953.16
1690542000,1953.16,1958.075,1953.11,1956.7
1690545600,1956.7,1961.28,1954.16,1955.68
1690549200,1955.68,1958.11,1952.275,1955.935
1690552800,1955.935,1960.66,1955.105,1960.305
1690556400,1960.305,1963.455,1959.785,1960.995
1690560000,1960.995,1963.575,1960.355,1961.16
1690563600,1961.16,1962.485,1958.9,1959.67
1690567200,1959.67,1960.985,1959.005,1959.085
1690570800,1959.085,1959.59,1957.55,1959.125
1690574400,1959.125,1959.655,1958.72,1959.34
1690754400,1959.34,1960.61,1959.34,1960.1
1690758000,1960.1,1960.25,1957.49,1958.135
1690761600,1958.135,1958.94,1956.465,1958.3
1690765200,1958.3,1958.65,1955.525,1956.745
1690768800,1956.745,1958.485,1956.17,1956.785
1690772400,1956.785,1957.63,1953.76,1954.675
1690776000,1954.675,1955.885,1953.545,1954.525
1690779600,1954.525,1955.375,1953.195,1955.125
1690783200,1955.125,1957.29,1953.735,1954.945
1690786800,1954.945,1956.335,1953.29,1954.965
1690790400,1954.965,1955.99,1950.206,1953.615
1690794000,1953.615,1957.255,1953.395,1956.925
1690797600,1956.925,1958.48,1956.47,1958.47
1690801200,1958.47,1961.16,1957.995,1959.14
1690804800,1959.14,1967.055,1957.56,1965.555
1690808400,1965.555,1972.455,1962.91,1971.46
1690812000,1971.46,1971.99,1965.64,1967.375
1690815600,1967.375,1971.735,1966.78,1970.78
1690819200,1970.78,1972.36,1970.265,1971.025
1690822800,1971.025,1972.06,1970.545,1971.055
1690826400,1971.055,1971.125,1966.395,1966.48
1690830000,1966.48,1967.11,1964.285,1964.605
1690833600,1964.605,1966.035,1964.605,1965.615
1690840800,1965.615,1966.015,1964.635,1965.69
1690844400,1965.69,1965.775,1963.895,1964.035
1690848000,1964.035,1964.765,1963.08,1963.49
1690851600,1963.49,1964.05,1960.76,1960.98
1690855200,1960.98,1961.165,1959.04,1960.66
1690858800,1960.66,1962.84,1959.735,1962.265
1690862400,1962.265,1962.395,1958.985,1959.76
1690866000,1959.76,1960.255,1958.29,1958.995
1690869600,1958.995,1959.235,1955.95,1957.69
1690873200,1957.69,1957.705,1954.49,1955.55
1690876800,1955.55,1957.285,1954.76,1955.91
1690880400,1955.91,1957.77,1955.78,1956.995
1690884000,1956.995,1957.525,1954.565,1956.295
1690887600,1956.295,1956.69,1953.16,1953.66
1690891200,1953.66,1956.075,1946.015,1946.885
1690894800,1946.885,1948.845,1944.485,1948.2
1690898400,1948.2,1953.965,1943.565,1946.675
1690902000,1946.675,1946.815,1941.555,1944.315
1690905600,1944.315,1944.315,1941.995,1943.205
1690909200,1943.205,1943.67,1941.29,1942.875
1690912800,1942.875,1945.545,1942.86,1944.38
1690916400,1944.38,1945.645,1944.055,1944.505
1690920000,1944.505,1944.94,1944.13,1944.2
1690927200,1944.2,1952.075,1944.2,1951.23
1690930800,1951.23,1952.995,1950.635,1952.23
1690934400,1952.23,1952.445,1948.45,1949.36
1690938000,1949.36,1949.94,1947.74,1947.775
1690941600,1947.775,1949.935,1947.22,1948.315
1690945200,1948.315,1949.57,1946.75,1949.38
1690948800,1949.38,1949.47,1945.37,1946.455
1690952400,1946.455,1949.995,1946.435,1948.99
1690956000,1948.99,1950.455,1948.05,1949.115
1690959600,1949.115,1950.37,1947.78,1948.45
1690963200,1948.45,1951.945,1948.415,1949.91
1690966800,1949.91,1951.345,1948.43,1949.665
1690970400,1949.665,1953.11,1948.34,1952.705
1690974000,1952.705,1954.88,1950.475,1950.735
1690977600,1950.735,1951.975,1943.87,1945.69
1690981200,1945.69,1947.71,1943.6,1945.225
1690984800,1945.225,1945.355,1934.025,1935.955
1690988400,1935.955,1937.015,1933.036,1935.61
1690992000,1935.61,1938.495,1935.16,1935.745
1690995600,1935.745,1939.165,1935.56,1936.64
1690999200,1936.64,1936.865,1935.7,1936.545
1691002800,1936.545,1936.925,1935.085,1935.305
1691006400,1935.305,1935.615,1934.49,1934.71
1691013600,1934.71,1937.035,1934.71,1936.49
1691017200,1936.49,1936.75,1935.65,1936.14
1691020800,1936.14,1937.105,1935.37,1935.585
1691024400,1935.585,1938.94,1935.185,1936.9
1691028000,1936.9,1938.275,1936.04,1936.325
1691031600,1936.325,1937.42,1934,1937.335
1691035200,1937.335,1938.03,1933.975,1934.115
1691038800,1934.115,1935.665,1933.04,1935.205
1691042400,1935.205,1936.19,1932.83,1933.555
1691046000,1933.555,1938.335,1930.945,1936.97
1691049600,1936.97,1938.485,1934.795,1937.875
1691053200,1937.875,1937.925,1935.52,1936.195
1691056800,1936.195,1937.485,1932.865,1934.425
1691060400,1934.425,1937.185,1933.23,1935.09
1691064000,1935.09,1938.46,1929.61,1932.94
1691067600,1932.94,1937.85,1930.42,1932.665
1691071200,1932.665,1938.68,1932.495,1935.025
1691074800,1935.025,1938.775,1932.82,1933.085
1691078400,1933.085,1936.015,1932.895,1935.755
1691082000,1935.755,1935.925,1933.295,1934.845
1691085600,1934.845,1935.39,1932.725,1933.22
1691089200,1933.22,1934.535,1932.565,1934.315
1691092800,1934.315,1934.8,1934.01,1934.225
1691100000,1934.225,1937.11,1934.225,1935.58
1691103600,1935.58,1935.89,1934.84,1935.845
1691107200,1935.845,1936.79,1934.925,1936.79
1691110800,1936.79,1938.055,1935.59,1936.6
1691114400,1936.6,1937.575,1934.755,1935.235
1691118000,1935.235,1936.625,1934.456,1935.255
1691121600,1935.255,1935.6,1933.245,1934.63
1691125200,1934.63,1937.51,1934.315,1936.31
1691128800,1936.31,1936.46,1932.175,1933.12
1691132400,1933.12,1934.175,1932.14,1932.95
1691136000,1932.95,1933.735,1932.225,1932.49
1691139600,1932.49,1934.265,1932.25,1933.56
1691143200,1933.56,1933.875,1931.28,1932.835
1691146800,1932.835,1933.475,1931.385,1932.37
1691150400,1932.37,1942.9,1924.78,1939.045
1691154000,1939.045,1946.99,1938.75,1943.5
1691157600,1943.5,1944.1,1938.88,1939.055
1691161200,1939.055,1944.065,1937.58,1942.745
1691164800,1942.745,1943.62,1940.87,1941.825
1691168400,1941.825,1942.28,1940.61,1942.03
1691172000,1942.03,1942.19,1939.88,1941.335
1691175600,1941.335,1942.695,1940.77,1941.43
1691179200,1941.43,1943.435,1941.25,1942.655
1691359200,1942.655,1946.815,1942.285,1943.81
1691362800,1943.81,1944.015,1942.795,1943.945
1691366400,1943.945,1945.38,1943.02,1944.38
1691370000,1944.38,1944.38,1941.25,1942.47
1691373600,1942.47,1942.95,1940.215,1940.94
1691377200,1940.94,1941.765,1938.27,1939.37
1691380800,1939.37,1939.555,1937.505,1938.9
1691384400,1938.9,1939.03,1936.24,1936.665
1691388000,1936.665,1938.19,1935.575,1937.17
1691391600,1937.17,1938.175,1935.51,1936.82
1691395200,1936.82,1936.85,1934.53,1936.265
1691398800,1936.265,1937.685,1934.28,1934.33
1691402400,1934.33,1935.73,1933.44,1935.315
1691406000,1935.315,1936.43,1933.82,1936.275
1691409600,1936.275,1938.31,1933.665,1938.115
1691413200,1938.115,1941.77,1933.63,1933.73
1691416800,1933.73,1936.965,1931.525,1934.195
1691420400,1934.195,1935.46,1931.95,1932.6
1691424000,1932.6,1935.065,1932.165,1934.49
1691427600,1934.49,1937.05,1934.155,1936.1
1691431200,1936.1,1937.165,1935.705,1937.055
1691434800,1937.055,1937.71,1936.22,1936.775
1691438400,1936.775,1936.775,1935.765,1936.585
1691445600,1936.585,1937.405,1935.695,1936.145
1691449200,1936.145,1938.155,1936.145,1936.84
1691452800,1936.84,1937.405,1935.225,1935.8
1691456400,1935.8,1935.83,1931.62,1931.645
1691460000,1931.645,1935.285,1931.18,1934.975
1691463600,1934.975,1935.32,1932.995,1933.175
1691467200,1933.175,1934.69,1932.665,1934.475
1691470800,1934.475,1934.92,1932.62,1934.105
1691474400,1934.105,1934.855,1932.58,1933.2
1691478000,1933.2,1934.36,1930.295,1930.54
1691481600,1930.54,1935.195,1930.54,1935.17
1691485200,1935.17,1935.69,1932.87,1935
1691488800,1935,1935.435,1930.46,1930.795
1691492400,1930.795,1933.31,1928.215,1928.875
1691496000,1928.875,1930.02,1923.845,1925.475
1691499600,1925.475,1929.055,1922.795,1926.44
1691503200,1926.44,1932.12,1924.92,1927.185
1691506800,1927.185,1928.14,1925.22,1925.92
1691510400,1925.92,1928.53,1924.75,1925.435
1691514000,1925.435,1926.475,1923.64,1925.62
1691517600,1925.62,1926.31,1924.43,1925.4
1691521200,1925.4,1926.685,1924.64,1924.915
1691524800,1924.915,1925.33,1924.61,1925.16
1691532000,1925.16,1925.55,1924.615,1925.09
1691535600,1925.09,1925.77,1924.915,1925.675
1691539200,1925.675,1926.565,1924.81,1925.105
1691542800,1925.105,1929.2,1924.31,1927.705
1691546400,1927.705,1930.74,1927.505,1929.705
1691550000,1929.705,1930.91,1928.59,1930.2
1691553600,1930.2,1931.125,1929.65,1930.415
1691557200,1930.415,1932.24,1930.215,1931.23
1691560800,1931.23,1932.395,1928.675,1930.165
1691564400,1930.165,1931.33,1929.495,1930.625
1691568000,1930.625,1930.825,1927.48,1928.08
1691571600,1928.08,1928.405,1925.94,1926.25
1691575200,1926.25,1926.605,1924.67,1925.25
1691578800,1925.25,1926.315,1923.335,1924.54
1691582400,1924.54,1926.46,1922.19,1924.94
1691586000,1924.94,1926.07,1921.56,1922.89
1691589600,1922.89,1927.645,1916.075,1917.415
1691593200,1917.415,1918.715,1915.625,1916.795
1691596800,1916.795,1918.23,1915.745,1916.375
1691600400,1916.375,1918.03,1916.05,1916.46
1691604000,1916.46,1916.55,1915.505,1916.215
1691607600,1916.215,1916.97,1915.565,1915.58
1691611200,1915.58,1915.72,1914.125,1914.95
1691618400,1914.95,1916.575,1914.91,1916.405
1691622000,1916.405,1917.03,1916.345,1916.77
1691625600,1916.77,1917.47,1915.74,1917.06
1691629200,1917.06,1919.025,1915.43,1918.045
1691632800,1918.045,1919.225,1917.075,1917.075
1691636400,1917.075,1919.125,1916.97,1918.695
1691640000,1918.695,1918.89,1916.39,1916.775
1691643600,1916.775,1919.245,1915.845,1918.585
1691647200,1918.585,1919.155,1915.595,1918.1
1691650800,1918.1,1920.665,1917.39,1919.365
1691654400,1919.365,1921.315,1918.67,1919.465
1691658000,1919.465,1921.66,1919.24,1920.945
1691661600,1920.945,1922.47,1919.91,1921.8
1691665200,1921.8,1922.75,1920.85,1921.92
1691668800,1921.92,1930.18,1921.23,1926.3
1691672400,1926.3,1927.27,1918.87,1922.845
1691676000,1922.845,1923.01,1913.51,1915.085
1691679600,1915.085,1920.38,1912.935,1920.025
1691683200,1920.025,1921.805,1919.555,1920.63
1691686800,1920.63,1921.08,1913.485,1913.73
1691690400,1913.73,1915.17,1912.945,1915.005
1691694000,1915.005,1915.195,1913.09,1913.385
1691697600,1913.385,1913.72,1912.245,1912.42
1691704800,1912.42,1913.48,1912.1,1912.785
1691708400,1912.785,1912.805,1910.9,1912.47
1691712000,1912.47,1915.225,1911.95,1914.74
1691715600,1914.74,1915.72,1914.35,1915.53
1691719200,1915.53,1916.05,1914.26,1914.825
1691722800,1914.825,1915.66,1913.2,1914.675
1691726400,1914.675,1914.865,1912.67,1913.535
1691730000,1913.535,1916,1912.8,1915.74
1691733600,1915.74,1917.645,1915.415,1916.35
1691737200,1916.35,1918.1,1915.85,1917.975
1691740800,1917.975,1919.45,1916.18,1919.055
1691744400,1919.055,1919.875,1917.08,1918.02
1691748000,1918.02,1918.46,1917.185,1918.015
1691751600,1918.015,1919.17,1917.465,1919.095
1691755200,1919.095,1920.97,1913.155,1916.12
1691758800,1916.12,1917.82,1912.99,1916.385
1691762400,1916.385,1920.77,1915.51,1918.665
1691766000,1918.665,1919.635,1913.015,1914.09
1691769600,1914.09,1915.33,1913.59,1914.395
1691773200,1914.395,1915.585,1913.135,1913.295
1691776800,1913.295,1913.91,1912.55,1913.45
1691780400,1913.45,1913.81,1912.24,1913.65
1691784000,1913.65,1914.11,1912.9,1913.815
1691964000,1913.815,1915.225,1913.46,1913.725
1691967600,1913.725,1914.46,1912.45,1913.73
1691971200,1913.73,1913.835,1910.765,1911.07
1691974800,1911.07,1913.06,1910.145,1911.605
1691978400,1911.605,1912.77,1910.675,1912.095
1691982000,1912.095,1913.685,1911.64,1912.79
1691985600,1912.79,1913.215,1911.895,1912.45
1691989200,1912.45,1914.685,1911.97,1912.95
1691992800,1912.95,1914.125,1911.59,1912.165
1691996400,1912.165,1916.11,1910.66,1914.55
1692000000,1914.55,1916.26,1913.945,1914.345
1692003600,1914.345,1914.46,1912.31,1914.015
1692007200,1914.015,1915.045,1913.225,1914.45
1692010800,1914.45,1915.055,1913.42,1913.995
1692014400,1913.995,1914.055,1906.03,1910.385
1692018000,1910.385,1911.025,1902.73,1904.25
1692021600,1904.25,1911.64,1903.315,1908.54
1692025200,1908.54,1911.335,1908.28,1910.705
1692028800,1910.705,1913.255,1910.705,1911.935
1692032400,1911.935,1913.175,1910.24,1910.355
1692036000,1910.355,1910.625,1907.8,1908.14
1692039600,1908.14,1908.315,1907.275,1907.655
1692043200,1907.655,1907.95,1907.06,1907.505
1692050400,1907.505,1907.82,1907.2,1907.59
1692054000,1907.59,1908.13,1905.12,1907.68
1692057600,1907.68,1907.785,1905.015,1907.22
1692061200,1907.22,1908.32,1903.805,1906.15
1692064800,1906.15,1907.01,1904.745,1906.13
1692068400,1906.13,1907.77,1905.595,1907.19
1692072000,1907.19,1907.42,1906.49,1906.655
1692075600,1906.655,1907.555,1904.22,1905.24
1692079200,1905.24,1907.17,1903.965,1905.115
1692082800,1905.115,1905.565,1903.535,1905.035
1692086400,1905.035,1905.215,1903.15,1904.315
1692090000,1904.315,1904.98,1902.965,1904.49
1692093600,1904.49,1904.97,1902.655,1903.975
1692097200,1903.975,1904.32,1902.03,1904.27
1692100800,1904.27,1905.925,1896.455,1903.52
1692104400,1903.52,1907.535,1900.135,1903.835
1692108000,1903.835,1911.71,1902.72,1910.065
1692111600,1910.065,1911.225,1906.55,1906.935
1692115200,1906.935,1907.51,1903.565,1903.7
1692118800,1903.7,1905.61,1903.32,1904.435
1692122400,1904.435,1905.37,1902.555,1902.67
1692126000,1902.67,1903.88,1902.555,1902.76
1692129600,1902.76,1903.685,1901.4,1901.82
1692136800,1901.82,1902.595,1901.245,1901.515
1692140400,1901.515,1902.335,1900.345,1901.455
1692144000,1901.455,1902.5,1901.01,1902.3
1692147600,1902.3,1904.195,1900.55,1902.855
1692151200,1902.855,1904.785,1902.565,1903.825
1692154800,1903.825,1905.39,1903.72,1904.17
1692158400,1904.17,1904.65,1902.85,1904.025
1692162000,1904.025,1905.515,1903.52,1905.195
1692165600,1905.195,1906.595,1904.705,1905.56
1692169200,1905.56,1905.745,1902.89,1904.62
1692172800,1904.62,1905.78,1903.505,1905.415
1692176400,1905.415,1907.275,1905.305,1906.12
1692180000,1906.12,1906.85,1905.75,1906.135
1692183600,1906.135,1906.75,1903.14,1903.175
1692187200,1903.175,1904.24,1900.06,1900.82
1692190800,1900.82,1906.515,1899.27,1904.26
1692194400,1904.26,1906.05,1903.28,1904.73
1692198000,1904.73,1904.885,1901.425,1901.98
1692201600,1901.98,1902.645,1898.905,1899.495
1692205200,1899.495,1899.6,1896.97,1898.375
1692208800,1898.375,1899.765,1894.63,1895.07
1692212400,1895.07,1895.59,1891.875,1892.315
1692216000,1892.315,1893.765,1891.955,1892.09
1692223200,1892.09,1895.045,1892.09,1894.445
1692226800,1894.445,1894.475,1892.32,1893.41
1692230400,1893.41,1893.45,1891.11,1892.84
1692234000,1892.84,1893.07,1889.61,1892.77
1692237600,1892.77,1893.875,1892.27,1893.785
1692241200,1893.785,1894.01,1892.4,1892.81
1692244800,1892.81,1893.965,1892.345,1893.82
1692248400,1893.82,1893.995,1892.14,1893.53
1692252000,1893.53,1897.45,1892.765,1897.44
1692255600,1897.44,1897.635,1895.385,1896.495
1692259200,1896.495,1896.585,1893.825,1894.055
1692262800,1894.055,1895.385,1893.705,1895.275
1692266400,1895.275,1899.32,1895.21,1898.015
1692270000,1898.015,1899.61,1897,1898.885
1692273600,1898.885,1902.59,1896.63,1899.54
1692277200,1899.54,1903.515,1895.82,1896.005
1692280800,1896.005,1897.72,1893.88,1895.44
1692284400,1895.44,1896.42,1889.2,1889.57
1692288000,1889.57,1891.285,1887.885,1888.425
1692291600,1888.425,1888.545,1885.085,1886.245
1692295200,1886.245,1887.05,1885.11,1886.615
1692298800,1886.615,1890.18,1886.615,1889.17
1692302400,1889.17,1889.625,1888.41,1889.25
1692309600,1889.25,1890.22,1889.095,1889.9
1692313200,1889.9,1891.755,1889.28,1891.33
1692316800,1891.33,1893.95,1890.755,1893.375
1692320400,1893.375,1895.23,1892.495,1893.65
1692324000,1893.65,1894.94,1892.885,1893.255
1692327600,1893.255,1893.69,1891.69,1892.765
1692331200,1892.765,1893.43,1891.235,1892.24
1692334800,1892.24,1894.155,1891.74,1893.68
1692338400,1893.68,1894.015,1891.87,1892.195
1692342000,1892.195,1894.08,1891.97,1892.64
1692345600,1892.64,1893.57,1891.455,1892.07
1692349200,1892.07,1892.93,1891.43,1892.835
1692352800,1892.835,1895.61,1892.8,1894.26
1692356400,1894.26,1895.135,1893.29,1893.835
1692360000,1893.835,1894.915,1888.715,1890.29
1692363600,1890.29,1896.905,1889.435,1893.905
1692367200,1893.905,1894.92,1891.655,1893.675
1692370800,1893.675,1893.72,1890.5,1891.32
1692374400,1891.32,1892.03,1888.73,1889.63
1692378000,1889.63,1890.45,1886.81,1889.035
1692381600,1889.035,1889.335,1887.655,1888.57
1692385200,1888.57,1889.925,1887.625,1889.33
1692388800,1889.33,1890.065,1888.375,1889.545
1692568800,1889.545,1890.92,1889.36,1890.35
1692572400,1890.35,1890.36,1888.85,1890.07
1692576000,1890.07,1891.195,1889.935,1890.025
1692579600,1890.025,1890.11,1885.06,1885.54
1692583200,1885.54,1893.13,1884.885,1892.935
1692586800,1892.935,1893.75,1890.68,1891.715
1692590400,1891.715,1893.815,1891.52,1892.56
1692594000,1892.56,1894.185,1887.925,1888.115
1692597600,1888.115,1889.615,1887.445,1888.96
1692601200,1888.96,1890.49,1888.04,1888.185
1692604800,1888.185,1889.485,1887.615,1888.74
1692608400,1888.74,1890.96,1888.34,1889.56
1692612000,1889.56,1889.67,1886.855,1888.755
1692615600,1888.755,1893.185,1887.97,1893.085
1692619200,1893.085,1897.68,1892.83,1897.24
1692622800,1897.24,1898.825,1888.62,1890.105
1692626400,1890.105,1891.34,1885.31,1886.895
1692630000,1886.895,1889.875,1885.93,1889.23
1692633600,1889.23,1893.275,1889.135,1892.675
1692637200,1892.675,1895.46,1892.575,1894.44
1692640800,1894.44,1895.105,1893.92,1894.635
1692644400,1894.635,1895.24,1894.24,1894.375
1692648000,1894.375,1894.895,1894.285,1894.895
1692655200,1894.895,1895.26,1894.65,1895.105
1692658800,1895.105,1896.13,1894.705,1894.8
1692662400,1894.8,1895.9,1893.74,1895.57
1692666000,1895.57,1897.33,1894.37,1895.19
1692669600,1895.19,1897.345,1894.47,1894.51
1692673200,1894.51,1897.255,1894.27,1896.165
1692676800,1896.165,1896.435,1893.92,1894.06
1692680400,1894.06,1896.54,1894,1895.485
1692684000,1895.485,1900.34,1895.23,1898.97
1692687600,1898.97,1902.005,1898.155,1901.555
1692691200,1901.555,1902.33,1898.465,1900.03
1692694800,1900.03,1903.8,1899.46,1902.875
1692698400,1902.875,1904.55,1901.92,1902.035
1692702000,1902.035,1903.455,1901.545,1902.225
1692705600,1902.225,1903.47,1896.345,1897.46
1692709200,1897.46,1897.64,1889.195,1890.51
1692712800,1890.51,1895.915,1890.26,1895.205
1692716400,1895.205,1899.185,1895.14,1897.905
1692720000,1897.905,1899,1896.835,1897.39
1692723600,1897.39,1898.47,1897,1897.775
1692727200,1897.775,1897.87,1896.425,1897.26
1692730800,1897.26,1897.775,1896.895,1897.67
1692734400,1897.67,1897.915,1897.19,1897.675
1692741600,1897.675,1898.28,1897.67,1897.99
1692745200,1897.99,1898.735,1897.81,1898.655
1692748800,1898.655,1900.41,1898.496,1899.06
1692752400,1899.06,1901.935,1898.87,1901.685
1692756000,1901.685,1903.125,1900.84,1901.07
1692759600,1901.07,1902.16,1900.185,1901.685
1692763200,1901.685,1903.435,1900.83,1903.36
1692766800,1903.36,1904.02,1902.43,1902.665
1692770400,1902.665,1904.78,1902.285,1902.95
1692774000,1902.95,1904.45,1901.785,1903.695
1692777600,1903.695,1905.525,1903.545,1903.815
1692781200,1903.815,1905.25,1901.895,1902.68
1692784800,1902.68,1904.14,1901.305,1903.355
1692788400,1903.355,1904.695,1902.845,1903.365
1692792000,1903.365,1908.7,1902.71,1903.81
1692795600,1903.81,1918.975,1903.045,1918.045
1692799200,1918.045,1918.375,1914.585,1915.71
1692802800,1915.71,1918.39,1915.535,1918.39
1692806400,1918.39,1920.425,1918.28,1919.855
1692810000,1919.855,1919.92,1917.51,1918.065
1692813600,1918.065,1918.2,1916.34,1916.705
1692817200,1916.705,1917.62,1916.455,1916.885
1692820800,1916.885,1917.005,1914.55,1915.41
1692828000,1915.41,1917.69,1915.41,1917.075
1692831600,1917.075,1918.165,1916.285,1917.985
1692835200,1917.985,1919.385,1917.385,1918.715
1692838800,1918.715,1919.165,1917.605,1918.83
1692842400,1918.83,1920.905,1918.82,1919.97
1692846000,1919.97,1921.68,1919.495,1920.975
1692849600,1920.975,1922.47,1920.065,1921.105
1692853200,1921.105,1922.44,1920.335,1921.61
1692856800,1921.61,1923,1920.81,1921.685
1692860400,1921.685,1922.315,1919.56,1919.575
1692864000,1919.575,1922.06,1919.545,1920.35
1692867600,1920.35,1921.05,1919.365,1919.645
1692871200,1919.645,1920.8,1918.84,1919.37
1692874800,1919.37,1919.73,1916.48,1916.69
1692878400,1916.69,1916.775,1911.845,1915.215
1692882000,1915.215,1916.855,1911.975,1916.17
1692885600,1916.17,1923.4,1916.155,1921.44
1692889200,1921.44,1922.3,1920.05,1921.12
1692892800,1921.12,1921.515,1917.44,1918.405
1692896400,1918.405,1919.685,1916.8,1917.185
1692900000,1917.185,1918.11,1916.725,1916.945
1692903600,1916.945,1918.125,1916.82,1916.82
1692907200,1916.82,1917.58,1916.385,1916.79
1692914400,1916.79,1917.33,1916.79,1916.96
1692918000,1916.96,1916.96,1915.77,1915.99
1692921600,1915.99,1916.64,1915.245,1915.61
1692925200,1915.61,1917.645,1914.75,1917.02
1692928800,1917.02,1917.19,1914.44,1914.87
1692932400,1914.87,1915.075,1913.225,1913.495
1692936000,1913.495,1914.98,1913.355,1913.805
1692939600,1913.805,1914.77,1913.11,1914.515
1692943200,1914.515,1915.15,1912.855,1913.11
1692946800,1913.11,1916.205,1913.11,1914.275
1692950400,1914.275,1915.52,1913.365,1915.445
1692954000,1915.445,1918.055,1915.24,1916.135
1692957600,1916.135,1917.875,1915.775,1917.785
1692961200,1917.785,1918.515,1916.22,1918.415
1692964800,1918.415,1920.37,1916.47,1917.295
1692968400,1917.295,1917.72,1913.39,1915.445
1692972000,1915.445,1922.44,1903.81,1904.605
1692975600,1904.605,1910.735,1904.01,1907.84
1692979200,1907.84,1910.72,1907.65,1910.1
1692982800,1910.1,1912.81,1909.985,1912.39
1692986400,1912.39,1914.81,1911.94,1913.455
1692990000,1913.455,1914.46,1912.175,1914.395
1692993600,1914.395,1915.035,1913.4,1914.425
1693173600,1914.425,1916.15,1914.425,1914.97
1693177200,1914.97,1916.21,1914.365,1915.105
1693180800,1915.105,1916.69,1914.65,1915.815
1693184400,1915.815,1917.54,1915.29,1915.61
1693188000,1915.61,1916.28,1915.205,1915.56
1693191600,1915.56,1917.125,1915.4,1916.385
1693195200,1916.385,1916.835,1914.77,1915.705
1693198800,1915.705,1917.665,1915.265,1915.745
1693202400,1915.745,1917.83,1915.73,1916
1693206000,1916,1916.435,1914.385,1914.58
1693209600,1914.58,1915.335,1913.545,1914.68
1693213200,1914.68,1915.77,1913.98,1914.13
1693216800,1914.13,1915.265,1913.805,1915.265
1693220400,1915.265,1915.54,1914.465,1914.85
1693224000,1914.85,1917.41,1913.45,1917.165
1693227600,1917.165,1918.925,1912.835,1918.175
1693231200,1918.175,1919.945,1917.41,1918.77
1693234800,1918.77,1926.1,1918.145,1924.81
1693238400,1924.81,1925.3,1920.265,1920.725
1693242000,1920.725,1920.865,1916.945,1920.37
1693245600,1920.37,1920.555,1919.52,1919.62
1693249200,1919.62,1920.675,1919.535,1919.75
1693252800,1919.75,1920.41,1919.65,1920.19
1693260000,1920.19,1921.005,1920.19,1920.86
1693263600,1920.86,1921.7,1920.8,1921.32
1693267200,1921.32,1922.15,1921.12,1921.7
1693270800,1921.7,1923.11,1921.385,1922.14
1693274400,1922.14,1923.99,1921.525,1923.975
1693278000,1923.975,1925.86,1923.665,1925.465
1693281600,1925.465,1925.645,1923.93,1923.955
1693285200,1923.955,1925.675,1923.34,1924.49
1693288800,1924.49,1925.375,1922.915,1922.915
1693292400,1922.915,1925.025,1921.67,1923.305
1693296000,1923.305,1924.365,1922.305,1922.9
1693299600,1922.9,1924.565,1922.62,1924.405
1693303200,1924.405,1924.435,1920.25,1920.345
1693306800,1920.345,1920.505,1916.775,1917.265
1693310400,1917.265,1917.32,1914.485,1917.105
1693314000,1917.105,1921.97,1916.81,1921.21
1693317600,1921.21,1934.975,1921.02,1934.2
1693321200,1934.2,1937.695,1932.71,1936.755
1693324800,1936.755,1937.775,1934.105,1936.355
1693328400,1936.355,1938.235,1935.91,1937.245
1693332000,1937.245,1937.26,1935.18,1937.11
1693335600,1937.11,1938.195,1936.41,1938.105
1693339200,1938.105,1938.12,1937.305,1937.435
1693346400,1937.435,1937.48,1936.67,1937.21
1693350000,1937.21,1937.65,1936.045,1936.25
1693353600,1936.25,1937.29,1935.98,1936.87
1693357200,1936.87,1937.155,1935.42,1936.225
1693360800,1936.225,1937.57,1936.185,1936.82
1693364400,1936.82,1937.035,1936.01,1936.855
1693368000,1936.855,1937.16,1935.935,1936.135
1693371600,1936.135,1936.935,1935.305,1935.415
1693375200,1935.415,1936.965,1935.195,1936.2
1693378800,1936.2,1936.83,1934.995,1936.565
1693382400,1936.565,1937.05,1935.525,1936.69
1693386000,1936.69,1938.82,1936.03,1938.13
1693389600,1938.13,1938.385,1936.695,1938.01
1693393200,1938.01,1939.7,1937.28,1939.17
1693396800,1939.17,1945.855,1938.79,1945.24
1693400400,1945.24,1948.71,1942.87,1947.455
1693404000,1947.455,1949.115,1945.14,1946.645
1693407600,1946.645,1947.02,1944.155,1944.98
1693411200,1944.98,1945.08,1943.185,1944.965
1693414800,1944.965,1945.69,1943.555,1943.755
1693418400,1943.755,1944.54,1942.91,1943.935
1693422000,1943.935,1944,1943.125,1943.475
1693425600,1943.475,1943.68,1942.155,1942.425
1693432800,1942.425,1945.465,1942.425,1944.62
1693436400,1944.62,1944.825,1943.815,1944.285
1693440000,1944.285,1945.59,1944.24,1945.415
1693443600,1945.415,1947.73,1945.385,1947.28
1693447200,1947.28,1947.805,1945.565,1946.195
1693450800,1946.195,1946.195,1944.765,1945.215
1693454400,1945.215,1946.07,1944.955,1945.825
1693458000,1945.825,1946.015,1944.545,1945.455
1693461600,1945.455,1945.8,1943.29,1943.85
1693465200,1943.85,1946.365,1943.845,1945.12
1693468800,1945.12,1945.58,1944.4,1944.465
1693472400,1944.465,1945.22,1943.715,1944.845
1693476000,1944.845,1945.41,1943.96,1944.34
1693479600,1944.34,1945.97,1943.86,1945.725
1693483200,1945.725,1947.955,1943.106,1945.905
1693486800,1945.905,1946.475,1940.445,1943.83
1693490400,1943.83,1945.165,1941.105,1943.09
1693494000,1943.09,1943.83,1939.085,1940.69
1693497600,1940.69,1942.57,1940.585,1941.78
1693501200,1941.78,1941.89,1939.11,1940.52
1693504800,1940.52,1942.16,1940.35,1941.455
1693508400,1941.455,1941.76,1940.005,1940.11
1693512000,1940.11,1940.635,1939.425,1939.855
1693519200,1939.855,1940.39,1939.825,1940.175
1693522800,1940.175,1940.22,1939.09,1939.97
1693526400,1939.97,1940.37,1938.75,1939.38
1693530000,1939.38,1944.15,1939.365,1942.655
1693533600,1942.655,1942.71,1940.03,1940.56
1693537200,1940.56,1940.56,1938.795,1939.015
1693540800,1939.015,1940.27,1938.27,1940.07
1693544400,1940.07,1940.735,1939.3,1939.795
1693548000,1939.795,1940.555,1938.505,1940.46
1693551600,1940.46,1943.57,1940.37,1943.165
1693555200,1943.165,1943.815,1941.945,1943.06
1693558800,1943.06,1944.565,1943,1944.28
1693562400,1944.28,1944.445,1943.535,1944.35
1693566000,1944.35,1945.92,1944.05,1944.575
1693569600,1944.575,1953.055,1944.32,1949.98
1693573200,1949.98,1951.54,1940.135,1943.885
1693576800,1943.885,1943.885,1934.47,1940.14
1693580400,1940.14,1940.575,1936.76,1938.875
1693584000,1938.875,1939.92,1937.645,1938.205
1693587600,1938.205,1941.63,1937.405,1941.21
1693591200,1941.21,1941.27,1940.34,1941.155
1693594800,1941.155,1941.43,1940.505,1940.6
1693598400,1940.6,1940.765,1939.66,1939.9
1693778400,1939.9,1940.455,1939.475,1939.63
1693782000,1939.63,1941.135,1939.56,1940.635
1693785600,1940.635,1941.76,1940.195,1940.97
1693789200,1940.97,1944.12,1940.505,1943.105
1693792800,1943.105,1946.16,1943.06,1945.77
1693796400,1945.77,1946.07,1944.93,1945.005
1693800000,1945.005,1945.23,1944.32,1945.145
1693803600,1945.145,1945.875,1944.14,1944.595
1693807200,1944.595,1946.335,1944.445,1945.155
1693810800,1945.155,1945.31,1943.18,1943.88
1693814400,1943.88,1944.535,1942.755,1943.935
1693818000,1943.935,1944.27,1940.855,1941.045
1693821600,1941.045,1942.83,1940.355,1940.555
1693825200,1940.555,1942.045,1939.915,1941.725
1693828800,1941.725,1941.805,1939.94,1940.025
1693832400,1940.025,1940.28,1937.96,1938.3
1693836000,1938.3,1938.845,1936.805,1938.38
1693839600,1938.38,1939.09,1938.135,1938.72
1693843200,1938.72,1938.95,1938.05,1938.375
1693846800,1938.375,1938.935,1938.01,1938.59
1693850400,1938.59,1938.875,1938.35,1938.455
1693864800,1938.455,1938.855,1938.015,1938.18
1693868400,1938.18,1938.705,1937.595,1937.67
1693872000,1937.67,1938.02,1937.07,1937.875
1693875600,1937.875,1938.73,1935.03,1935.915
1693879200,1935.915,1937.565,1935.26,1937.15
1693882800,1937.15,1937.43,1936.17,1937.04
1693886400,1937.04,1938.995,1936.985,1938.625
1693890000,1938.625,1939.035,1936.64,1937.105
1693893600,1937.105,1937.345,1935.24,1936.835
1693897200,1936.835,1938.295,1935.555,1935.64
1693900800,1935.64,1935.745,1932.275,1933.49
1693904400,1933.49,1933.53,1930.605,1930.775
1693908000,1930.775,1932.445,1930.28,1931.135
1693911600,1931.135,1931.97,1929.975,1930.545
1693915200,1930.545,1934.82,1927.98,1933.835
1693918800,1933.835,1934.28,1926.78,1927.85
1693922400,1927.85,1928.415,1925.37,1927.505
1693926000,1927.505,1929.045,1926.12,1926.12
1693929600,1926.12,1928.005,1926.08,1927.325
1693933200,1927.325,1927.525,1926.3,1926.575
1693936800,1926.575,1927.56,1926.025,1926.08
1693940400,1926.08,1927.42,1925.52,1925.91
1693944000,1925.91,1926.54,1925.44,1926.01
1693951200,1926.01,1926.615,1926.01,1926.51
1693954800,1926.51,1926.97,1925.91,1926.655
1693958400,1926.655,1926.785,1924.56,1924.8
1693962000,1924.8,1925.76,1924.27,1924.945
1693965600,1924.945,1926.815,1924.445,1926.42
1693969200,1926.42,1926.7,1925.785,1926.605
1693972800,1926.605,1927.425,1926.485,1927.295
1693976400,1927.295,1928.52,1927.22,1928.28
1693980000,1928.28,1928.425,1925.69,1926.125
1693983600,1926.125,1926.67,1922.92,1923
1693987200,1923,1925.01,1922.64,1924.79
1693990800,1924.79,1925.58,1922.845,1925.36
1693994400,1925.36,1927.77,1925.36,1926.54
1693998000,1926.54,1927.03,1925.33,1925.46
1694001600,1925.46,1927.345,1923.185,1923.265
1694005200,1923.265,1929.245,1921.205,1928.17
1694008800,1928.17,1928.17,1915.345,1918.19
1694012400,1918.19,1918.315,1915.6,1916.895
1694016000,1916.895,1920.29,1916.305,1920.075
1694019600,1920.075,1920.73,1917.605,1917.72
1694023200,1917.72,1918.205,1916.07,1917.73
1694026800,1917.73,1917.79,1916.43,1916.78
1694030400,1916.78,1917.13,1916.035,1916.49
1694037600,1916.49,1918.235,1916.49,1917.645
1694041200,1917.645,1917.94,1916.965,1917.175
1694044800,1917.175,1917.19,1916.35,1916.86
1694048400,1916.86,1919.71,1916.685,1919.565
1694052000,1919.565,1919.87,1917.78,1919.835
1694055600,1919.835,1920.735,1919.44,1920.19
1694059200,1920.19,1920.295,1918.06,1919.025
1694062800,1919.025,1919.41,1917.465,1917.625
1694066400,1917.625,1919.865,1917.5,1918.49
1694070000,1918.49,1918.765,1917.165,1918.415
1694073600,1918.415,1919.365,1917.425,1918.92
1694077200,1918.92,1920.545,1918.65,1920.28
1694080800,1920.28,1921.19,1919.535,1920.065
1694084400,1920.065,1922.44,1920.03,1921.88
1694088000,1921.88,1923.67,1916.27,1923.31
1694091600,1923.31,1923.555,1918.24,1920.085
1694095200,1920.085,1921.565,1917.27,1918.085
1694098800,1918.085,1921.41,1917.275,1920.98
1694102400,1920.98,1921.49,1918.095,1918.105
1694106000,1918.105,1919.375,1917.52,1918.495
1694109600,1918.495,1920.805,1918.11,1920.405
1694113200,1920.405,1920.65,1918.736,1918.82
1694116800,1918.82,1919.8,1918.82,1919.66
1694124000,1919.66,1920.195,1919.46,1919.79
1694127600,1919.79,1920.32,1919.785,1920.3
1694131200,1920.3,1924.58,1920.09,1923.765
1694134800,1923.765,1926.085,1922.98,1925.93
1694138400,1925.93,1927.255,1925.15,1926.035
1694142000,1926.035,1926.3,1924.455,1925.01
1694145600,1925.01,1925.135,1924.335,1924.595
1694149200,1924.595,1926.015,1924.38,1925.785
1694152800,1925.785,1927.375,1924.93,1925.375
1694156400,1925.375,1925.995,1923.93,1924.165
1694160000,1924.165,1924.855,1923.45,1924.75
1694163600,1924.75,1925.925,1923.975,1925.25
1694167200,1925.25,1925.645,1923.43,1923.56
1694170800,1923.56,1924,1922.685,1923.05
1694174400,1923.05,1926.11,1920.425,1920.49
1694178000,1920.49,1928.89,1920.25,1928.7
1694181600,1928.7,1929.75,1923.87,1923.9
1694185200,1923.9,1924.315,1919.23,1919.66
1694188800,1919.66,1919.97,1917.385,1919.755
1694192400,1919.755,1920.55,1918.89,1920.5
1694196000,1920.5,1920.745,1918.43,1918.65
1694199600,1918.65,1919.465,1918.155,1919.265
1694203200,1919.265,1919.475,1918.83,1919.085
1694383200,1919.085,1919.88,1918.04,1918.39
1694386800,1918.39,1919.73,1916.63,1918.945
1694390400,1918.945,1920.285,1918.42,1920.135
1694394000,1920.135,1923.285,1919.155,1922.485
1694397600,1922.485,1924.19,1922.395,1922.74
1694401200,1922.74,1923.68,1922.355,1923.385
1694404800,1923.385,1926.81,1923.025,1926.58
1694408400,1926.58,1928.09,1926.045,1927.76
1694412000,1927.76,1928.71,1926.37,1927.975
1694415600,1927.975,1930.78,1926.335,1926.52
1694419200,1926.52,1927.855,1925.44,1927.78
1694422800,1927.78,1928.1,1925.37,1925.425
1694426400,1925.425,1926.38,1924.775,1925.85
1694430000,1925.85,1926.57,1924.725,1925.26
1694433600,1925.26,1927.365,1924.26,1927.325
1694437200,1927.325,1930.175,1924.425,1925.91
1694440800,1925.91,1926.75,1921.6,1922.635
1694444400,1922.635,1924.46,1921.435,1923.075
1694448000,1923.075,1925.18,1922.835,1923.475
1694451600,1923.475,1924.38,1922.455,1922.705
1694455200,1922.705,1922.965,1921.52,1921.89
1694458800,1921.89,1923.205,1921.635,1922.775
1694462400,1922.775,1922.775,1922.28,1922.38
1694469600,1922.38,1923.41,1922.38,1922.54
1694473200,1922.54,1922.54,1921.315,1921.695
1694476800,1921.695,1922.67,1921.255,1921.595
1694480400,1921.595,1923.55,1920.365,1921.93
1694484000,1921.93,1923.425,1921.305,1923.04
1694487600,1923.04,1924.365,1922.29,1923.74
1694491200,1923.74,1924.555,1922.29,1922.31
1694494800,1922.31,1922.4,1919.96,1920.315
1694498400,1920.315,1920.745,1918.94,1920.055
1694502000,1920.055,1920.145,1918.865,1919.055
1694505600,1919.055,1921.4,1918.655,1919.79
1694509200,1919.79,1920.105,1918.66,1919.03
1694512800,1919.03,1919.675,1914.926,1915.65
1694516400,1915.65,1915.68,1911.1,1913.01
1694520000,1913.01,1913.01,1908.465,1909.79
1694523600,1909.79,1911.955,1907.62,1909.28
1694527200,1909.28,1914.825,1908.425,1911.95
1694530800,1911.95,1913.785,1911.74,1912.535
1694534400,1912.535,1915.1,1911.765,1912.37
1694538000,1912.37,1913.36,1911.835,1912.075
1694541600,1912.075,1913.545,1911.86,1913.425
1694545200,1913.425,1913.665,1912.685,1913.06
1694548800,1913.06,1913.595,1912.72,1913.43
1694556000,1913.43,1913.795,1913.285,1913.475
1694559600,1913.475,1913.775,1912.51,1912.95
1694563200,1912.95,1913.76,1912.525,1912.635
1694566800,1912.635,1913.9,1910.775,1911.48
1694570400,1911.48,1911.905,1908.95,1909.155
1694574000,1909.155,1909.695,1908.29,1909.68
1694577600,1909.68,1912.045,1909.495,1911.705
1694581200,1911.705,1912.72,1909.335,1910.25
1694584800,1910.25,1910.57,1908.28,1910.005
1694588400,1910.005,1912.185,1909.335,1912.07
1694592000,1912.07,1912.65,1911.215,1912.26
1694595600,1912.26,1912.505,1910.83,1911.26
1694599200,1911.26,1912.64,1910.865,1912.635
1694602800,1912.635,1913.165,1911.415,1912.365
1694606400,1912.365,1914.62,1905.695,1912.365
1694610000,1912.365,1915.815,1909.41,1913.405
1694613600,1913.405,1914.8,1909.805,1912.715
1694617200,1912.715,1913.59,1909.285,1910.475
1694620800,1910.475,1911.75,1908.94,1909.46
1694624400,1909.46,1911.24,1908.215,1910.09
1694628000,1910.09,1910.43,1908.895,1909.425
1694631600,1909.425,1909.425,1908.525,1908.895
1694635200,1908.895,1909.01,1908.245,1908.32
1694642400,1908.32,1909.89,1908.32,1908.89
1694646000,1908.89,1909.665,1907.58,1909.295
1694649600,1909.295,1912.865,1909.05,1912.69
1694653200,1912.69,1912.97,1910.685,1911.13
1694656800,1911.13,1911.405,1908.88,1910.01
1694660400,1910.01,1910.685,1908.91,1909.77
1694664000,1909.77,1910.745,1909.235,1909.505
1694667600,1909.505,1911.08,1907.77,1908.08
1694671200,1908.08,1908.69,1907.055,1907.36
1694674800,1907.36,1907.545,1905.24,1905.935
1694678400,1905.935,1907.43,1905.565,1907.365
1694682000,1907.365,1907.61,1906.18,1906.375
1694685600,1906.375,1909.155,1906.285,1909.075
1694689200,1909.075,1909.16,1907.21,1907.545
1694692800,1907.545,1910.42,1901.185,1904.485
1694696400,1904.485,1907.705,1901.99,1903.185
1694700000,1903.185,1910.515,1901.05,1908.535
1694703600,1908.535,1911.455,1905.815,1908.055
1694707200,1908.055,1912.13,1908.025,1910.325
1694710800,1910.325,1911.49,1908.435,1908.78
1694714400,1908.78,1909.565,1908.125,1908.3
1694718000,1908.3,1909.56,1908.29,1909.475
1694721600,1909.475,1910.73,1909.245,1910.72
1694728800,1910.72,1911.035,1910.295,1910.395
1694732400,1910.395,1911.185,1909.865,1909.9
1694736000,1909.9,1911.615,1909.875,1911.35
1694739600,1911.35,1915.5,1910.5,1915.415
1694743200,1915.415,1916.03,1914.675,1915.57
1694746800,1915.57,1915.95,1914.675,1915.7
1694750400,1915.7,1916.89,1915.3,1916.21
1694754000,1916.21,1916.355,1914.995,1916.325
1694757600,1916.325,1919.665,1916.11,1918.685
1694761200,1918.685,1918.95,1915.51,1918.135
1694764800,1918.135,1918.515,1916.845,1918.08
1694768400,1918.08,1919.29,1917.78,1918.04
1694772000,1918.04,1918.29,1917.125,1917.17
1694775600,1917.17,1920.02,1916.795,1919.28
1694779200,1919.28,1920.61,1916.105,1917.165
1694782800,1917.165,1926.855,1916.975,1924.63
1694786400,1924.63,1930.475,1924.63,1928.565
1694790000,1928.565,1929.755,1924.775,1926.48
1694793600,1926.48,1927.925,1925.03,1925.4
1694797200,1925.4,1925.985,1923.97,1924.8
1694800800,1924.8,1925.075,1923.965,1924.11
1694804400,1924.11,1924.54,1922.42,1922.515
1694808000,1922.515,1924,1922.46,1923.92
1694988000,1923.92,1924.57,1923.54,1923.7
1694991600,1923.7,1923.73,1922.65,1923.32
1694995200,1923.32,1924.755,1923.295,1924.67
1694998800,1924.67,1926.69,1923.39,1925.3
1695002400,1925.3,1928.81,1925.195,1928.21
1695006000,1928.21,1929.55,1928.07,1928.885
1695009600,1928.885,1929.46,1927.78,1928.26
1695013200,1928.26,1930.69,1927.875,1929.92
1695016800,1929.92,1930.42,1928.165,1928.63
1695020400,1928.63,1929.245,1926.515,1926.535
1695024000,1926.535,1926.725,1925.165,1926.205
1695027600,1926.205,1927.045,1925.68,1927
1695031200,1927,1927.595,1926.415,1926.88
1695034800,1926.88,1928.265,1926.535,1926.85
1695038400,1926.85,1928.145,1923.605,1924.055
1695042000,1924.055,1928.565,1923.52,1924.115
1695045600,1924.115,1927.83,1922.865,1926.9
1695049200,1926.9,1929.435,1926.29,1929.02
1695052800,1929.02,1931.225,1927.74,1931.13
1695056400,1931.13,1933.525,1931.03,1932.22
1695060000,1932.22,1932.31,1931.155,1931.53
1695063600,1931.53,1933.63,1931.515,1933.355
1695067200,1933.355,1934.29,1933.13,1933.695
1695074400,1933.695,1933.945,1933.395,1933.73
1695078000,1933.73,1934.58,1933.355,1934.19
1695081600,1934.19,1934.62,1932.735,1932.84
1695085200,1932.84,1933.42,1931.81,1933.045
1695088800,1933.045,1933.485,1932.46,1932.945
1695092400,1932.945,1933.09,1932.155,1932.265
1695096000,1932.265,1932.585,1931.365,1931.365
1695099600,1931.365,1931.845,1930.355,1930.92
1695103200,1930.92,1931.415,1929.86,1930.535
1695106800,1930.535,1934.875,1930.535,1934.505
1695110400,1934.505,1935.025,1933.51,1933.825
1695114000,1933.825,1935.42,1933.675,1935.25
1695117600,1935.25,1936.855,1934.62,1935.335
1695121200,1935.335,1936.12,1934.535,1935.34
1695124800,1935.34,1937.43,1934.185,1935.91
1695128400,1935.91,1936.44,1932.825,1934.805
1695132000,1934.805,1935.265,1931.105,1934.935
1695135600,1934.935,1935.11,1932.095,1933.175
1695139200,1933.175,1933.8,1930.87,1930.96
1695142800,1930.96,1933.1,1930.66,1930.895
1695146400,1930.895,1931.29,1929.8,1930.855
1695150000,1930.855,1932.365,1930.765,1932.04
1695153600,1932.04,1932.04,1931.095,1931.36
1695160800,1931.36,1932.52,1931.36,1931.93
1695164400,1931.93,1931.93,1930.96,1931.48
1695168000,1931.48,1931.625,1930.36,1930.77
1695171600,1930.77,1930.835,1928.545,1930.065
1695175200,1930.065,1931.245,1930.005,1930.81
1695178800,1930.81,1931.51,1930.46,1930.67
1695182400,1930.67,1930.96,1929.74,1929.83
1695186000,1929.83,1931.785,1929.72,1931.245
1695189600,1931.245,1932.385,1929.935,1930.485
1695193200,1930.485,1930.595,1927.995,1928.785
1695196800,1928.785,1930.345,1928.76,1929.21
1695200400,1929.21,1931.87,1929.195,1931.85
1695204000,1931.85,1932.76,1931.655,1932.595
1695207600,1932.595,1932.715,1931.015,1932.135
1695211200,1932.135,1934.085,1930.93,1932.255
1695214800,1932.255,1943.5,1931.965,1940.64
1695218400,1940.64,1944.565,1940.42,1944.045
1695222000,1944.045,1945.87,1941.68,1941.925
1695225600,1941.925,1946.765,1941.73,1946.71
1695229200,1946.71,1947.465,1945.335,1946.365
1695232800,1946.365,1946.83,1939.355,1940.475
1695236400,1940.475,1941.33,1932.955,1933.12
1695240000,1933.12,1933.77,1929.235,1930.62
1695247200,1930.62,1931.685,1929.77,1931.23
1695250800,1931.23,1931.23,1929.3,1929.495
1695254400,1929.495,1929.75,1924.665,1925.03
1695258000,1925.03,1927.27,1924.255,1926.905
1695261600,1926.905,1927.63,1925.745,1926.755
1695265200,1926.755,1928.72,1926.73,1928.37
1695268800,1928.37,1928.63,1927.86,1928.045
1695272400,1928.045,1929.015,1927.005,1928.82
1695276000,1928.82,1930.575,1927.75,1928.255
1695279600,1928.255,1928.745,1926.44,1927.195
1695283200,1927.195,1927.47,1922.915,1923.125
1695286800,1923.125,1924.85,1922.545,1924.75
1695290400,1924.75,1926.175,1923.775,1925.3
1695294000,1925.3,1925.365,1920.295,1920.82
1695297600,1920.82,1920.845,1914.155,1916.54
1695301200,1916.54,1918.975,1913.94,1916.555
1695304800,1916.555,1923.865,1915.24,1920.23
1695308400,1920.23,1921.36,1917.215,1917.51
1695312000,1917.51,1919.985,1916.41,1919.575
1695315600,1919.575,1921.3,1918.735,1920.495
1695319200,1920.495,1921.295,1919.61,1919.945
1695322800,1919.945,1921.16,1919.355,1919.822
1695326400,1919.822,1920.33,1919.63,1920.085
1695333600,1920.085,1920.425,1919.855,1920.21
1695337200,1920.21,1921.64,1920.21,1921.455
1695340800,1921.455,1923.71,1921.3,1923.505
1695344400,1923.505,1924.28,1922.1,1924.055
1695348000,1924.055,1925.58,1923.53,1924.005
1695351600,1924.005,1924.655,1922.62,1923.885
1695355200,1923.885,1924.905,1923.45,1924.415
1695358800,1924.415,1925.185,1923.755,1924.765
1695362400,1924.765,1926.075,1924.375,1925.555
1695366000,1925.555,1928.765,1924.8,1928.065
1695369600,1928.065,1928.065,1926.37,1926.745
1695373200,1926.745,1927.695,1925.185,1925.435
1695376800,1925.435,1926.49,1924.375,1924.655
1695380400,1924.655,1926.815,1924.545,1925.585
1695384000,1925.585,1926.6,1924.185,1926.15
1695387600,1926.15,1928.495,1924.95,1926.155
1695391200,1926.155,1929.15,1925.67,1928.215
1695394800,1928.215,1928.83,1926.67,1927.765
1695398400,1927.765,1928.595,1924.95,1925.375
1695402000,1925.375,1926.425,1924.65,1925.585
1695405600,1925.585,1926,1924.39,1925.075
1695409200,1925.075,1925.69,1924.54,1925.51
1695412800,1925.51,1925.615,1924.7,1925.43
1695592800,1925.43,1926.62,1925.43,1925.825
1695596400,1925.825,1925.825,1924.475,1924.85
1695600000,1924.85,1925.18,1923.395,1924.94
1695603600,1924.94,1925.365,1922.995,1923.79
1695607200,1923.79,1923.995,1922.72,1923.81
1695610800,1923.81,1924.335,1922.88,1923.725
1695614400,1923.725,1923.725,1922.865,1923.19
1695618000,1923.19,1923.59,1921.75,1921.75
1695621600,1921.75,1924.855,1920.95,1924.155
1695625200,1924.155,1927.245,1922.51,1923.525
1695628800,1923.525,1923.91,1921.03,1921.755
1695632400,1921.755,1923.14,1921.66,1922.855
1695636000,1922.855,1925.015,1922.23,1924.94
1695639600,1924.94,1925.06,1923.745,1924.125
1695643200,1924.125,1926.89,1923.705,1925.94
1695646800,1925.94,1926.43,1922.32,1925.385
1695650400,1925.385,1925.58,1915.23,1916.91
1695654000,1916.91,1919.195,1915.91,1917.535
1695657600,1917.535,1918.335,1915.795,1916.775
1695661200,1916.775,1917.69,1915.57,1916.005
1695664800,1916.005,1917.29,1915.255,1915.665
1695668400,1915.665,1916.255,1915.535,1915.585
1695672000,1915.585,1916.2,1915.52,1916.015
1695679200,1916.015,1916.84,1916.015,1916.54
1695682800,1916.54,1916.78,1916.175,1916.305
1695686400,1916.305,1916.55,1914.81,1914.88
1695690000,1914.88,1915.87,1914.605,1914.92
1695693600,1914.92,1915.215,1913.295,1913.695
1695697200,1913.695,1914.135,1913.085,1913.71
1695700800,1913.71,1914.72,1913.31,1914.72
1695704400,1914.72,1915.22,1913.585,1913.585
1695708000,1913.585,1913.765,1910.5,1910.55
1695711600,1910.55,1913.835,1909.775,1913.71
1695715200,1913.71,1915.725,1913.16,1913.86
1695718800,1913.86,1913.965,1912.17,1913.05
1695722400,1913.05,1913.45,1911.335,1911.785
1695726000,1911.785,1913.7,1910.58,1911.63
1695729600,1911.63,1912.89,1905.305,1910.31
1695733200,1910.31,1910.37,1904.685,1906.84
1695736800,1906.84,1909.56,1905.66,1906.51
1695740400,1906.51,1906.535,1900.885,1902.46
1695744000,1902.46,1903.67,1900.81,1901.275
1695747600,1901.275,1902.355,1900.66,1901.025
1695751200,1901.025,1901.62,1899.155,1899.97
1695754800,1899.97,1901.125,1899.505,1900.61
1695758400,1900.61,1900.87,1900.34,1900.67
1695765600,1900.67,1901.375,1900.67,1900.945
1695769200,1900.945,1902.13,1900.94,1901.61
1695772800,1901.61,1902.52,1899.825,1900.73
1695776400,1900.73,1903.97,1899.935,1902.65
1695780000,1902.65,1902.65,1900.05,1900.93
1695783600,1900.93,1900.98,1899.565,1899.955
1695787200,1899.955,1899.955,1896.62,1897.74
1695790800,1897.74,1898.48,1895.64,1896.43
1695794400,1896.43,1898.86,1895.985,1898.18
1695798000,1898.18,1899.11,1896.45,1896.765
1695801600,1896.765,1897.9,1895.13,1896.65
1695805200,1896.65,1896.72,1894.645,1895.66
1695808800,1895.66,1896.43,1893.69,1893.925
1695812400,1893.925,1894.185,1892.55,1892.95
1695816000,1892.95,1893.15,1890.035,1891.83
1695819600,1891.83,1892.245,1884.555,1887.94
1695823200,1887.94,1889.095,1883.65,1883.67
1695826800,1883.67,1885.12,1879.895,1881.54
1695830400,1881.54,1881.645,1875.54,1875.935
1695834000,1875.935,1877.36,1872.67,1874.785
1695837600,1874.785,1877.56,1872.58,1876.08
1695841200,1876.08,1878.32,1875.32,1876.76
1695844800,1876.76,1876.93,1874.78,1874.835
1695852000,1874.835,1877.34,1874.835,1877.035
1695855600,1877.035,1877.765,1876.36,1877.675
1695859200,1877.675,1877.97,1876.14,1877.17
1695862800,1877.17,1877.555,1873.64,1874.155
1695866400,1874.155,1875.36,1873.935,1874.86
1695870000,1874.86,1875.29,1873.795,1874.72
1695873600,1874.72,1875.32,1873.74,1874.915
1695877200,1874.915,1877.31,1874.61,1877.11
1695880800,1877.11,1877.76,1873.95,1875.075
1695884400,1875.075,1878.325,1874.76,1875.8
1695888000,1875.8,1876.305,1873.735,1874.24
