time,open,high,low,close
1730988000,2684.665,2695.04,2682.39,2691.915
1730991600,2691.91,2700.285,2690.165,2698.865
1730995200,2698.895,2699.535,2690.695,2695.86
1730998800,2695.875,2700.405,2694.325,2699.435
1731002400,2699.44,2699.5,2694.035,2695.6
1731006000,2695.7,2698.115,2687.575,2694.4
1731009600,2694.445,2710.52,2692.935,2704.49
1731013200,2704.51,2708.585,2703.705,2706.84
1731020400,2704.26,2708.08,2704.17,2706.985
1731024000,2707,2710.43,2705.745,2706.425
1731027600,2706.49,2707.705,2699.255,2699.95
1731031200,2699.945,2701.075,2695.185,2697.59
1731034800,2697.55,2700.57,2694.15,2695.27
1731038400,2695.265,2696.18,2693.385,2693.69
1731042000,2693.675,2696.385,2693.675,2695.27
1731045600,2695.265,2695.86,2686.09,2686.48
1731049200,2686.465,2687.88,2680.415,2687.47
1731052800,2687.475,2691.9,2681.985,2688.765
1731056400,2688.76,2691.085,2687.14,2689.33
1731060000,2689.385,2689.42,2682.065,2688.62
1731063600,2688.64,2695.03,2686.795,2691.945
1731067200,2691.975,2693.185,2686.265,2691.975
1731070800,2691.96,2701.215,2687.98,2697.66
1731074400,2697.65,2704.12,2687.855,2691.64
1731078000,2691.615,2692.925,2683.485,2687.57
1731081600,2687.555,2689.38,2682.935,2683.33
1731085200,2683.345,2688.69,2683.345,2688
1731088800,2688.01,2688.915,2683.92,2685.02
1731092400,2685.05,2687.585,2683.315,2687.155
1731096000,2687.175,2688.645,2685.03,2685.17
1731099600,2685.18,2685.95,2682.93,2684.455
1731279600,2683.71,2685.675,2681.585,2685.585
1731283200,2685.57,2686.165,2682.72,2684.09
1731286800,2684.08,2684.96,2671.94,2673.04
1731290400,2673.045,2675.325,2666.57,2672.08
1731294000,2672.075,2672.075,2668.025,2670.315
1731297600,2670.275,2672.535,2668.925,2672.29
1731301200,2672.295,2674.425,2666.995,2669.3
1731304800,2669.31,2674.15,2668.495,2673.33
1731308400,2673.345,2674.095,2668.925,2669.68
1731312000,2669.66,2671.815,2667.665,2669.635
1731315600,2669.625,2670.865,2663.9,2666.895
1731319200,2666.89,2675.34,2661.01,2661.96
1731322800,2661.975,2667.075,2659.08,2662.645
1731326400,2662.65,2663.23,2656.81,2657.325
1731330000,2657.28,2657.645,2634.38,2635.58
1731333600,2635.61,2635.74,2617.73,2622.5
1731337200,2622.515,2626.365,2613.405,2614.61
1731340800,2614.7,2618.17,2612.745,2615.21
1731344400,2615.255,2617.015,2611.46,2612.655
1731348000,2612.61,2619.45,2610.695,2619.06
1731351600,2619.075,2620.765,2617.96,2619.355
1731355200,2619.36,2626.275,2619.36,2622.06
1731358800,2622.045,2623.165,2619.3,2619.595
1731366000,2621.07,2624.2,2620.6,2624.09
1731369600,2624.085,2625.29,2622.31,2624.08
1731373200,2624.075,2627.235,2619.28,2624.195
1731376800,2624.175,2625.555,2620.515,2622.02
1731380400,2622.025,2623.77,2618.88,2619.045
1731384000,2619.03,2619.17,2615.745,2617.85
1731387600,2617.92,2618.25,2605.44,2606.94
1731391200,2606.945,2610.24,2603.525,2607.995
1731394800,2608.03,2609.16,2595.285,2598.355
1731398400,2598.525,2606.625,2598.225,2600.67
1731402000,2600.66,2600.775,2590.895,2593.335
1731405600,2593.32,2598.69,2589.725,2596.725
1731409200,2596.695,2599.175,2592.6,2597.945
1731412800,2597.95,2607.205,2597.95,2605.345
1731416400,2605.35,2616.445,2604.535,2611.675
1731420000,2611.71,2617.125,2608.97,2610.405
1731423600,2610.42,2611.795,2597.48,2598.535
1731427200,2598.57,2604.21,2597.93,2600.805
1731430800,2600.81,2601.235,2592.53,2597.48
1731434400,2597.565,2602.165,2596.515,2599.23
1731438000,2599.24,2601.47,2598.05,2598.235
1731441600,2598.21,2601.415,2595.205,2599.81
1731445200,2599.795,2600.78,2597.2,2598.29
1731452400,2597.96,2599.9,2597.72,2599.025
1731456000,2599.03,2599.935,2598.1,2599.505
1731459600,2599.51,2611.21,2599.48,2608.18
1731463200,2608.205,2612.66,2605.22,2612.18
1731466800,2612.235,2613.285,2606.57,2611.595
1731470400,2611.59,2612.4,2606.155,2606.33
1731474000,2606.39,2607.93,2603.63,2605.84
1731477600,2605.825,2607.485,2604.26,2605.535
1731481200,2605.495,2607.45,2604.38,2606.225
1731484800,2606.285,2610.845,2601.095,2607.76
1731488400,2607.765,2611.72,2607.41,2608.67
1731492000,2608.665,2610.49,2607.035,2609.125
1731495600,2609.115,2611.69,2605.94,2610.865
1731499200,2610.875,2612.745,2608.97,2609.725
1731502800,2609.735,2618.92,2607.23,2612.35
1731506400,2612.355,2616.425,2601.08,2602.085
1731510000,2602.08,2606.88,2593.65,2605.435
1731513600,2605.47,2606.13,2584.735,2585.905
1731517200,2585.815,2586.91,2577.68,2583.415
1731520800,2583.4,2585.54,2579.69,2582.815
1731524400,2582.83,2584.99,2580.6,2581.01
1731528000,2581.015,2581.195,2573.055,2573.815
1731531600,2573.855,2577.185,2572.7,2572.83
1731538800,2573.84,2581.445,2569.375,2570.93
1731542400,2570.935,2574.835,2569.72,2572.565
1731546000,2572.615,2573,2561.605,2562.645
1731549600,2562.635,2564.625,2558.98,2560.685
1731553200,2560.665,2565.085,2559.965,2560.76
1731556800,2560.755,2565.335,2559.33,2565.23
1731560400,2565.235,2565.235,2555.36,2558.69
1731564000,2558.695,2560.545,2551.965,2555.11
1731567600,2555.12,2558.97,2550.41,2557.03
1731571200,2557.025,2559.89,2554.575,2556.215
1731574800,2556.195,2558.405,2536.855,2543.595
1731578400,2543.605,2548.15,2539.125,2547.14
1731582000,2547.155,2555.165,2545.235,2553.705
1731585600,2553.72,2556.955,2550.155,2552.32
1731589200,2552.305,2560.41,2551.335,2557.18
1731592800,2557.175,2565.965,2554.315,2559.775
1731596400,2559.77,2573.075,2558.615,2570.355
1731600000,2570.36,2577.525,2569.28,2574.08
1731603600,2574.08,2575.955,2567.56,2573.04
1731607200,2573.075,2573.54,2567.23,2569.895
1731610800,2569.885,2576.985,2569.865,2576.025
1731614400,2575.98,2576.64,2563.995,2567.31
1731618000,2567.305,2569.64,2564.19,2564.72
1731625200,2566.485,2567.365,2565.885,2566.98
1731628800,2566.975,2567.69,2565.985,2566.975
1731632400,2566.97,2571.76,2563.155,2565.09
1731636000,2565.04,2571.14,2565.005,2570.28
1731639600,2570.285,2571.21,2567.78,2567.82
1731643200,2567.815,2569.6,2567.105,2567.155
1731646800,2567.18,2567.365,2559.81,2560
1731650400,2559.975,2563.695,2554.395,2561.515
1731654000,2561.47,2564.995,2559.46,2563.9
1731657600,2563.855,2569.055,2560.93,2566.92
1731661200,2566.895,2569.01,2563.99,2564.05
1731664800,2564.03,2570.51,2563.09,2567.93
1731668400,2567.905,2573.355,2566.7,2570.805
1731672000,2570.835,2571.13,2565.56,2569.205
1731675600,2569.22,2575.87,2561.23,2565.41
1731679200,2565.395,2575.69,2564.325,2572.895
1731682800,2572.94,2576.045,2565.125,2570.895
1731686400,2570.89,2573.36,2562.11,2562.24
1731690000,2562.245,2564.865,2560.175,2563.02
1731693600,2563.06,2567.88,2559.525,2567.575
1731697200,2567.59,2568.125,2562.845,2563.895
1731700800,2563.905,2563.985,2559.81,2562.26
1731704400,2562.245,2563.745,2561.21,2563.22
1731884400,2567.13,2575.555,2567.13,2571.42
1731888000,2571.36,2577.26,2569.92,2576.55
1731891600,2576.54,2597.28,2576.515,2587.13
1731895200,2587.07,2595.225,2586.92,2591.16
1731898800,2591.105,2592.61,2587.805,2589.955
1731902400,2589.96,2593.215,2589.36,2592.3
1731906000,2592.26,2592.34,2585.085,2585.56
1731909600,2585.51,2587.72,2580.5,2586.07
1731913200,2586.065,2587.17,2581.725,2582.925
1731916800,2582.865,2590.135,2582.11,2585.705
1731920400,2585.62,2597.35,2583.885,2595.765
1731924000,2595.835,2596.745,2589.59,2594.1
1731927600,2594.12,2595.465,2590.585,2594.45
1731931200,2594.43,2597.19,2590.42,2595.2
1731934800,2595.23,2605.225,2592.95,2604.06
1731938400,2604.055,2610.37,2602.83,2608.265
1731942000,2608.26,2613.455,2605.985,2613.035
1731945600,2613.04,2615.145,2609.43,2611.62
1731949200,2611.61,2611.995,2607.38,2610.46
1731952800,2610.47,2612.15,2607.785,2611.21
1731956400,2611.2,2612.69,2608.435,2609.88
1731960000,2609.885,2611.64,2608.315,2610.4
1731963600,2610.415,2612.4,2609.9,2612.04
1731970800,2610.755,2613.17,2610.465,2612.69
1731974400,2612.705,2613.735,2611.145,2613.38
1731978000,2613.43,2617.905,2611.635,2615.77
1731981600,2615.735,2624.21,2615.725,2622.54
1731985200,2622.525,2625.645,2621.46,2624.535
1731988800,2624.49,2625.265,2621.67,2623.005
1731992400,2622.925,2623.535,2620.96,2622.62
1731996000,2622.64,2626.76,2621.445,2625.225
1731999600,2625.21,2625.4,2617.755,2619.12
1732003200,2619.05,2627.08,2618.73,2626.43
1732006800,2626.4,2634.535,2625.385,2630.32
1732010400,2630.3,2636.56,2629.995,2635.185
1732014000,2635.195,2636.075,2629.095,2629.65
1732017600,2629.67,2639.425,2628.83,2639.29
1732021200,2639.325,2639.53,2629.36,2635.33
1732024800,2635.245,2636.985,2622.86,2623.52
1732028400,2623.47,2628.74,2621,2624.5
1732032000,2624.52,2628.54,2622.38,2626.535
1732035600,2626.53,2633.205,2625.71,2628.1
1732039200,2628.095,2630.51,2626.295,2630.24
1732042800,2630.32,2631.695,2628.935,2630.785
1732046400,2630.8,2634.705,2630.505,2633.79
1732050000,2633.785,2633.99,2630.655,2632.2
1732057200,2632.535,2635.54,2632.075,2635.19
1732060800,2635.16,2639.21,2634.74,2637.895
1732064400,2637.94,2641.58,2635.84,2639.655
1732068000,2639.64,2641.94,2638.48,2640.29
1732071600,2640.295,2641.33,2637.65,2638.02
1732075200,2638.035,2638.855,2636.215,2636.68
1732078800,2636.62,2638.57,2635.015,2636.95
1732082400,2636.855,2637.14,2628.62,2629.515
1732086000,2629.39,2630.265,2621.24,2621.655
1732089600,2621.61,2624.59,2618.89,2624.27
1732093200,2624.265,2625.74,2621.095,2621.92
1732096800,2621.925,2626.27,2620.985,2625.165
1732100400,2625.17,2628.225,2621.48,2628.135
1732104000,2628.14,2632.485,2627.1,2631.885
1732107600,2631.875,2640.575,2631.2,2636.145
1732111200,2636.15,2646.47,2634.175,2643.21
1732114800,2643.145,2648.935,2640.92,2648.925
1732118400,2649.045,2650.925,2646.17,2650.72
1732122000,2650.73,2655.485,2649.33,2651.88
1732125600,2651.89,2652.155,2645.5,2648.66
1732129200,2648.655,2653.23,2648.51,2650.96
1732132800,2650.95,2651.305,2647.28,2648.95
1732136400,2648.96,2650.545,2648.09,2650.46
1732143600,2649.925,2653.005,2648.975,2652.26
1732147200,2652.25,2658.87,2651.82,2658.555
1732150800,2658.56,2660.53,2651.88,2653.495
1732154400,2653.485,2658.215,2652.65,2653.715
1732158000,2653.71,2657.28,2650.45,2656.975
1732161600,2656.96,2658.985,2656.9,2657.025
1732165200,2657.04,2658.18,2654.68,2656.99
1732168800,2656.985,2662.315,2656.615,2661.495
1732172400,2661.49,2664.735,2660.17,2663.195
1732176000,2663.19,2670.315,2662.08,2668.895
1732179600,2668.91,2671.695,2663.57,2668.905
1732183200,2668.91,2670.415,2665.125,2670.005
1732186800,2670.03,2673.595,2668.4,2671.575
1732190400,2671.61,2671.855,2663.07,2663.365
1732194000,2663.36,2667.795,2660.51,2665.52
1732197600,2665.54,2671.625,2661.455,2665.05
1732201200,2665.01,2670.64,2664.495,2667.78
1732204800,2667.785,2669.81,2661.355,2664.77
1732208400,2664.775,2672.89,2661.845,2671.905
1732212000,2671.92,2673.18,2669.11,2672.49
1732215600,2672.495,2673.565,2667.84,2669.72
1732219200,2669.715,2671.9,2668.615,2671.585
1732222800,2671.555,2671.9,2668.11,2669.645
1732230000,2669.5,2670.025,2668.2,2669.245
1732233600,2669.24,2673.63,2668.9,2673.175
1732237200,2673.18,2679.45,2673.16,2677.855
1732240800,2677.85,2686.55,2677.34,2686.14
1732244400,2686.125,2690.545,2681.535,2686.23
1732248000,2686.225,2692.475,2683.085,2688.805
1732251600,2688.935,2689.23,2683.09,2686.71
1732255200,2686.715,2693.34,2685.94,2693.07
1732258800,2693.065,2699.115,2690.52,2696.475
1732262400,2696.52,2700.53,2694.74,2697.335
1732266000,2697.365,2707.485,2693.58,2703.385
1732269600,2703.395,2708.63,2702.8,2707.745
1732273200,2707.81,2710.185,2697.115,2698.915
1732276800,2698.905,2705,2697.145,2703.085
1732280400,2703.02,2704.25,2689.375,2692.98
1732284000,2692.945,2696.35,2684.495,2694.68
1732287600,2694.62,2705.14,2694.595,2703.725
1732291200,2703.81,2706.67,2700.885,2705.215
1732294800,2705.22,2707.325,2703.695,2706.86
1732298400,2706.875,2711.51,2706.765,2710.955
1732302000,2710.96,2711.495,2707.07,2708.23
1732305600,2708.245,2708.925,2705.115,2705.9
1732309200,2705.81,2716.4,2705.81,2716.335
1732489200,2711.165,2721.42,2710.895,2719.9
1732492800,2719.905,2720.205,2709.855,2710.64
1732496400,2710.865,2711.205,2694.96,2701.32
1732500000,2701.325,2704.51,2692.405,2695.325
1732503600,2695.3,2697.495,2658.99,2672.355
1732507200,2672.32,2676.39,2663.97,2672.575
1732510800,2672.57,2674.09,2658.21,2664.795
1732514400,2664.81,2670.205,2661.75,2666.985
1732518000,2666.96,2672.63,2663.845,2667.985
1732521600,2667.99,2673.585,2667.245,2672.045
1732525200,2672.08,2675.25,2670.025,2673.945
1732528800,2673.94,2678.195,2668.855,2677.805
1732532400,2677.76,2688.83,2677.72,2686.88
1732536000,2686.96,2687.15,2680.04,2681.01
1732539600,2680.87,2687.985,2676.755,2678.33
1732543200,2678.385,2678.77,2633.64,2641.34
1732546800,2641.35,2641.755,2626.31,2628.41
1732550400,2628.42,2639.495,2628.36,2632.015
1732554000,2632.005,2634.28,2624.44,2627.925
1732557600,2627.94,2628.58,2615.67,2618.96
1732561200,2618.9,2626.245,2618.465,2625.855
1732564800,2625.845,2628.83,2622.71,2626.135
1732568400,2626.13,2628.4,2625.26,2625.62
1732575600,2627.485,2628.66,2605.31,2610.615
1732579200,2610.64,2624.63,2608.75,2619.89
1732582800,2619.9,2632.225,2618.175,2628.25
1732586400,2628.255,2630.54,2625.05,2625.465
1732590000,2625.46,2631.135,2623.04,2630.535
1732593600,2630.47,2631.565,2625.075,2626.455
1732597200,2626.395,2626.56,2617.905,2624.455
1732600800,2624.44,2626.13,2621.315,2622.15
1732604400,2622.15,2622.9,2610.86,2614.055
1732608000,2614.11,2618.42,2612.505,2613.455
1732611600,2613.405,2627.245,2613,2626.065
1732615200,2626.08,2633.175,2625.19,2631.44
1732618800,2631.395,2633.315,2627.705,2633.295
1732622400,2633.305,2634.865,2629.355,2631.075
1732626000,2631.06,2642.02,2624.055,2629.94
1732629600,2629.95,2633.94,2616.775,2622.84
1732633200,2622.83,2632.875,2620.37,2629.555
1732636800,2629.6,2631.56,2626.48,2628.7
1732640400,2628.715,2628.725,2625.005,2625.005
1732644000,2624.99,2624.99,2619.655,2623.52
1732647600,2623.565,2629.085,2622.705,2628.145
1732651200,2628.08,2632.89,2627.585,2631.745
1732654800,2631.74,2633.6,2630.835,2632.955
1732662000,2631.21,2634.21,2631.045,2632.35
1732665600,2632.355,2633.175,2627.28,2627.795
1732669200,2627.845,2632.81,2627.125,2631.44
1732672800,2631.4,2640.58,2631.185,2637.625
1732676400,2637.64,2639.5,2635.985,2637.87
1732680000,2637.855,2640.695,2636.75,2639.1
1732683600,2639.105,2645.81,2638.25,2642.09
1732687200,2642.15,2648.06,2639.075,2647.845
1732690800,2647.85,2648.53,2646.01,2646.68
1732694400,2646.57,2653.705,2645.29,2653.495
1732698000,2653.505,2653.975,2647.955,2648.485
1732701600,2648.47,2650.03,2647.77,2648.635
1732705200,2648.65,2652.39,2643.075,2651.17
1732708800,2651.18,2655.115,2649.56,2651.315
1732712400,2651.34,2658.275,2645.88,2656.355
1732716000,2656.345,2656.935,2649.185,2651.45
1732719600,2651.26,2651.67,2635.55,2642.775
1732723200,2642.76,2644.39,2638.135,2639.075
1732726800,2639.1,2642.845,2635.345,2637.325
1732730400,2637.31,2640.84,2636.625,2638.975
1732734000,2638.99,2639.43,2633.78,2634.845
1732737600,2634.83,2639.085,2634.295,2637.045
1732741200,2637.065,2637.56,2634.87,2636.09
1732748400,2637.98,2637.98,2636.31,2637.14
1732752000,2637.18,2638.53,2635.2,2635.8
1732755600,2635.81,2636.38,2620.99,2628.89
1732759200,2628.905,2630.255,2625.695,2628.3
1732762800,2628.305,2632.205,2625.77,2630.33
1732766400,2630.345,2634.08,2629.425,2631.345
1732770000,2631.335,2634.11,2630.215,2633.485
1732773600,2633.515,2639.72,2631.92,2636.97
1732777200,2636.97,2639.38,2634.625,2637.355
1732780800,2637.39,2646.42,2635.8,2644.18
1732784400,2644.16,2648.03,2642.835,2646.245
1732788000,2646.22,2649.735,2644.9,2647.55
1732791600,2647.555,2649.53,2644.94,2646.945
1732795200,2646.965,2647.26,2643.975,2646.135
1732798800,2646.14,2647.855,2642.85,2647.09
1732802400,2647.11,2647.985,2640.9,2641.34
1732806000,2641.345,2643.165,2636.36,2638.245
1732809600,2638.24,2642.45,2637.63,2642.13
1732813200,2642.145,2642.415,2639.695,2641.02
1732816800,2640.99,2641.48,2639.615,2639.98
1732820400,2640.125,2640.125,2637.44,2637.6
1732834800,2639.285,2639.295,2637.265,2638.845
1732838400,2638.85,2639.245,2635.715,2636.11
1732842000,2636.105,2647.26,2634.09,2644.95
1732845600,2644.955,2662.785,2644.78,2657.525
1732849200,2657.495,2660.685,2654.87,2660.07
1732852800,2660.075,2664.32,2658.445,2659.975
1732856400,2659.95,2664.115,2659.47,2662.465
1732860000,2662.42,2666.35,2661.78,2665.315
1732863600,2665.31,2665.62,2659.15,2660.655
1732867200,2660.65,2662.65,2654.59,2657.34
1732870800,2657.295,2664.805,2655.89,2664.2
1732874400,2664.2,2665.93,2661.375,2662.875
1732878000,2662.875,2664.37,2659.535,2659.68
1732881600,2659.665,2665.02,2659.035,2660.04
1732885200,2660.09,2663.355,2656.205,2658.025
1732888800,2658.04,2662.78,2651.985,2653.54
1732892400,2653.51,2658.985,2650.63,2658.985
1732896000,2659.005,2662.325,2658.065,2662.25
1732899600,2662.21,2662.325,2657.55,2660.69
1732903200,2660.73,2660.835,2651.83,2652.78
1732906800,2652.69,2653.15,2648.735,2650.35
1733094000,2648.94,2650.36,2643.11,2645.98
1733097600,2645.985,2647.755,2630.045,2637.525
1733101200,2637.495,2639.2,2622.99,2635.96
1733104800,2635.95,2638.115,2625.635,2626.805
1733108400,2626.8,2631.125,2624.175,2629.395
1733112000,2629.39,2630.63,2626.245,2628.63
1733115600,2628.625,2628.815,2621.98,2623.255
1733119200,2623.23,2627.8,2621.99,2626.035
1733122800,2626.03,2633.65,2625.37,2629.945
1733126400,2629.755,2632.87,2626.635,2629.595
1733130000,2629.585,2636.9,2628.66,2633.705
1733133600,2633.69,2637.795,2633.395,2635.945
1733137200,2635.92,2646.32,2635.81,2641.89
1733140800,2641.875,2645.235,2639.18,2641.07
1733144400,2641.065,2648.865,2637.085,2647.1
1733148000,2647.055,2651.905,2642.54,2645.795
1733151600,2645.455,2649.395,2640.305,2642.35
1733155200,2642.365,2644.43,2638.64,2641.43
1733158800,2641.435,2642.075,2637.44,2638.885
1733162400,2638.9,2638.975,2633.595,2637.085
1733166000,2637.115,2640.33,2636.62,2637.68
1733169600,2637.665,2644.29,2635.345,2637.155
1733173200,2637.125,2639.195,2636.59,2638.955
1733180400,2638.96,2643.035,2638.79,2642.3
1733184000,2642.29,2644.4,2640.61,2641.185
1733187600,2641.195,2645.32,2634.165,2636.61
1733191200,2636.615,2639.15,2634.54,2637.095
1733194800,2637.06,2640.7,2636.315,2640.56
1733198400,2640.545,2643.045,2638.43,2639.93
1733202000,2639.915,2642.05,2637.22,2641.28
1733205600,2641.335,2650.165,2641.315,2646.925
1733209200,2646.93,2647.78,2644.52,2644.74
1733212800,2644.69,2645.485,2639.305,2645.13
1733216400,2645.165,2648.125,2644.005,2644.035
1733220000,2644.045,2645.64,2642.595,2642.86
1733223600,2642.865,2645.69,2642.77,2643.7
1733227200,2643.695,2644.26,2638.3,2639.89
1733230800,2639.95,2653.83,2637.79,2652.965
1733234400,2652.97,2655.665,2645.775,2646.745
1733238000,2646.7,2647.25,2635.23,2640.495
1733241600,2640.5,2648.755,2638.99,2648.43
1733245200,2648.475,2648.88,2643.475,2647.11
1733248800,2647.07,2649.225,2643.21,2645.815
1733252400,2645.825,2646.345,2640.265,2640.985
1733256000,2641,2644.255,2640.76,2642.18
1733259600,2642.185,2644.095,2641.99,2643.885
1733266800,2642.66,2643.21,2641.185,2642.86
1733270400,2642.855,2643.625,2639.705,2640.585
1733274000,2640.555,2643.345,2637.75,2642.285
1733277600,2642.205,2648.175,2641.995,2645.945
1733281200,2645.96,2647.975,2643.245,2644.55
1733284800,2644.545,2648.7,2643.865,2648.495
1733288400,2648.495,2651.26,2647.62,2649.8
1733292000,2649.82,2651.45,2647.45,2649.325
1733295600,2649.32,2649.425,2640.415,2641.515
1733299200,2641.45,2642.285,2636.735,2641.385
1733302800,2641.405,2642.835,2638.715,2640.975
1733306400,2640.995,2644.615,2640.275,2644.52
1733310000,2644.495,2647.775,2643.495,2646.24
1733313600,2646.23,2646.62,2636.265,2637.14
1733317200,2637.085,2649.24,2632.465,2648.52
1733320800,2648.51,2653.485,2645.15,2649.3
1733324400,2650.07,2657.235,2648.875,2655.09
1733328000,2655.1,2655.715,2647.07,2649.805
1733331600,2649.795,2653.085,2648.56,2651.51
1733335200,2651.54,2653.07,2648.905,2649.07
1733338800,2649.045,2655.565,2646.875,2651.77
1733342400,2651.735,2651.97,2648.075,2650.11
1733346000,2650.125,2651.225,2648.905,2650.22
1733353200,2649.36,2651.625,2648.97,2650.435
1733356800,2650.44,2650.48,2647.775,2648.44
1733360400,2648.45,2650.795,2646.335,2647.095
1733364000,2647.045,2649.74,2645.32,2646.61
1733367600,2646.585,2649.3,2644.735,2648.925
1733371200,2648.88,2649.665,2645.805,2646.365
1733374800,2646.35,2655.635,2645.61,2653.14
1733378400,2653.075,2654.12,2646.685,2646.98
1733382000,2646.965,2650.945,2645.45,2648.795
1733385600,2648.8,2650.275,2642.085,2643.275
1733389200,2643.265,2646.235,2641.945,2644.905
1733392800,2644.895,2650.415,2644.8,2648.9
1733396400,2648.895,2652.72,2648.195,2651.46
1733400000,2651.445,2653.465,2647.62,2653.36
1733403600,2653.37,2654.555,2644.335,2648.98
1733407200,2648.985,2650.315,2639.645,2640.42
1733410800,2640.445,2642.095,2631.91,2640.305
1733414400,2640.31,2643.46,2632.975,2635.16
1733418000,2635.19,2635.935,2623.755,2628.065
1733421600,2628.1,2629.73,2623.615,2629.655
1733425200,2629.67,2631.755,2628.64,2629.885
1733428800,2629.88,2631.76,2628.055,2631.41
1733432400,2631.38,2632.535,2631.065,2631.925
1733439600,2631.985,2633.91,2631.54,2633.85
1733443200,2633.865,2633.865,2628.22,2628.495
1733446800,2628.52,2630.605,2613.11,2617.65
1733450400,2617.71,2625.62,2616.955,2625.45
1733454000,2625.445,2642.595,2625.04,2640.855
1733457600,2640.84,2644.675,2640.23,2642.295
1733461200,2642.29,2642.735,2635.405,2638.035
1733464800,2638.04,2642.32,2636.35,2639.365
1733468400,2639.38,2640.245,2636.04,2639.785
1733472000,2639.77,2645.25,2637.835,2644.255
1733475600,2644.25,2645.73,2639.82,2640.835
1733479200,2640.845,2641.025,2633.615,2634.2
1733482800,2634.185,2639.37,2632.52,2638.555
1733486400,2638.49,2641.525,2635.845,2638.63
1733490000,2638.625,2643.595,2631.32,2635.78
1733493600,2635.78,2638.99,2624.13,2635.685
1733497200,2635.69,2640.625,2632.595,2637.655
1733500800,2637.65,2641.68,2635.635,2640.515
1733504400,2640.535,2640.73,2634.285,2634.965
1733508000,2634.975,2639.055,2634.185,2637.28
1733511600,2637.325,2637.505,2633.055,2634.885
1733515200,2634.895,2636.465,2631.51,2631.92
1733518800,2631.925,2633.915,2631.13,2633.33
1733698800,2643.08,2648.77,2636.38,2640.165
1733702400,2640.14,2640.14,2627.575,2631
1733706000,2630.94,2650.615,2630.935,2646.78
1733709600,2646.765,2648.68,2641.02,2646.15
1733713200,2646.165,2646.72,2638.335,2638.885
1733716800,2638.86,2639.325,2634.72,2636.06
1733720400,2636.085,2640.525,2635.94,2638.38
1733724000,2638.375,2644.57,2638.18,2643.925
1733727600,2643.88,2651.28,2643.085,2650.605
1733731200,2650.64,2651.15,2646.135,2649.46
1733734800,2649.445,2657.53,2648.855,2655.685
1733738400,2655.695,2658.43,2653.55,2657.595
1733742000,2657.66,2660.56,2653.49,2656.29
1733745600,2656.295,2658.295,2653.385,2656.305
1733749200,2656.31,2666.32,2654.775,2665.56
1733752800,2665.595,2675.335,2662.74,2674.265
1733756400,2674.155,2676.48,2666.71,2668.41
1733760000,2668.395,2670.635,2665.7,2667.725
1733763600,2667.73,2669.49,2663.73,2664.57
1733767200,2664.615,2664.78,2661.725,2663.07
1733770800,2663.055,2663.345,2658.97,2660.305
1733774400,2660.295,2660.295,2656.805,2657.94
1733778000,2657.94,2661.05,2657.9,2660.325
1733785200,2661.1,2661.695,2659.655,2660.6
1733788800,2660.59,2665.595,2658.035,2665.105
1733792400,2665.115,2668.73,2660.65,2667.535
1733796000,2667.55,2671.535,2666.195,2669.11
1733799600,2669.095,2671.855,2665.52,2669.965
1733803200,2670.02,2673.91,2669.73,2670.395
1733806800,2670.3,2671.7,2668.315,2668.855
1733810400,2668.815,2670.955,2665.78,2670.085
1733814000,2670.08,2670.875,2663.675,2664.67
1733817600,2664.63,2665.72,2661.245,2663.3
1733821200,2663.315,2667.075,2661.715,2665.115
1733824800,2665.145,2676.865,2664.475,2675.68
1733828400,2675.69,2675.7,2669.815,2674.6
1733832000,2674.605,2679.59,2672.745,2677.825
1733835600,2677.86,2682.1,2672.36,2680.455
1733839200,2680.47,2691.86,2679.56,2688.85
1733842800,2688.82,2690.51,2684.625,2687.47
1733846400,2687.465,2692.6,2684.685,2692.385
1733850000,2692.41,2695.595,2690.56,2694.385
1733853600,2694.36,2695.245,2691.98,2692.425
1733857200,2692.43,2694.61,2691.18,2692
1733860800,2692.005,2693.195,2690.98,2691.825
1733864400,2691.785,2694.435,2691.485,2693.875
1733871600,2695.145,2698.43,2694.055,2696.14
1733875200,2696.05,2701.9,2693.565,2700.93
1733878800,2700.95,2703.78,2696.57,2700.02
1733882400,2700.01,2704.445,2698.29,2699.155
1733886000,2699.11,2702.325,2694.195,2695.6
1733889600,2695.58,2696.205,2682.07,2684.865
1733893200,2684.895,2698.785,2675.465,2687.85
1733896800,2687.805,2698.105,2687.58,2696.6
1733900400,2696.585,2696.745,2688.1,2690.29
1733904000,2690.205,2696.26,2688.765,2691.265
1733907600,2691.26,2696.045,2686.285,2695.845
1733911200,2695.87,2699.915,2692.49,2694.375
1733914800,2694.325,2697.67,2692.67,2696.58
1733918400,2696.64,2697.505,2693.87,2695.875
1733922000,2695.985,2702.505,2690.765,2701.055
1733925600,2701.07,2706.995,2696.65,2706.41
1733929200,2706.365,2716.065,2705.44,2713.235
1733932800,2713.24,2718.63,2711.12,2715.355
1733936400,2715.34,2720.09,2714.08,2718.14
1733940000,2718.05,2721.27,2714.015,2714.26
1733943600,2714.2,2719.73,2713.35,2718.135
1733947200,2718.16,2720.21,2716.125,2717.305
1733950800,2717.3,2718.882,2716.145,2718.245
1733958000,2717.81,2720.47,2717.075,2720.15
1733961600,2720.135,2724.61,2718.925,2724.32
1733965200,2724.34,2726.295,2700.81,2711.125
1733968800,2711.1,2711.63,2703.78,2705.995
1733972400,2706.075,2711.505,2705.255,2710.47
1733976000,2710.46,2715.34,2709.88,2712.715
1733979600,2712.725,2716.385,2711.595,2713.55
1733983200,2713.69,2718.585,2710.225,2718.555
1733986800,2718.56,2720.52,2715.5,2716.345
1733990400,2716.36,2719.61,2715.04,2718.1
1733994000,2718.18,2718.96,2714.23,2714.76
1733997600,2714.725,2715.78,2709.905,2711.58
1734001200,2711.65,2713.575,2707.36,2710.955
1734004800,2710.98,2712.6,2706.095,2706.915
1734008400,2706.855,2711.575,2697.435,2697.66
1734012000,2697.675,2699.695,2680.97,2686.46
1734015600,2686.52,2688.34,2675.165,2679.73
1734019200,2679.785,2683.89,2677.455,2683.59
1734022800,2683.6,2686.7,2681.555,2686.37
1734026400,2686.43,2687.175,2682.905,2684.22
1734030000,2684.21,2687,2682.58,2683.095
1734033600,2683.1,2683.63,2679.42,2679.775
1734037200,2679.775,2683.075,2679.74,2680.825
1734044400,2680.705,2681.725,2680.085,2680.795
1734048000,2680.815,2685.755,2679.055,2685.585
1734051600,2685.58,2692.865,2685.37,2690.05
1734055200,2690.025,2691.4,2684.475,2686.72
1734058800,2686.71,2691.36,2686.17,2688.21
1734062400,2688.165,2688.765,2685.65,2687.425
1734066000,2687.435,2689.525,2685.235,2688.42
1734069600,2688.405,2690.635,2683.41,2689.77
1734073200,2689.71,2690.165,2681.075,2683.235
1734076800,2683.24,2684.83,2674.42,2675.095
1734080400,2675.015,2677.04,2667.54,2669.045
1734084000,2669.05,2670.26,2665.145,2666.75
1734087600,2666.745,2669.55,2664.38,2665
1734091200,2664.99,2672.845,2663.015,2672.54
1734094800,2672.545,2673.095,2659.635,2662.27
1734098400,2662.325,2664.04,2657.41,2660.22
1734102000,2660.335,2662.795,2654.8,2660.05
1734105600,2660.005,2664.61,2658.915,2662.28
1734109200,2662.305,2662.43,2655.6,2656.365
1734112800,2656.365,2657.11,2652.27,2654.3
1734116400,2654.35,2655.335,2652.32,2653.055
1734120000,2653.06,2653.55,2646.57,2647.945
1734123600,2647.92,2650.06,2646.22,2648.68
1734303600,2648.86,2653.12,2648.8,2651.565
1734307200,2651.5,2651.815,2643.595,2647.22
1734310800,2647.28,2655.74,2646.81,2653.545
1734314400,2653.525,2654.83,2650.59,2652.035
1734318000,2652.045,2655.77,2651.865,2653.91
1734321600,2653.915,2654.605,2652.095,2652.89
1734325200,2652.825,2653.59,2649.645,2652.94
1734328800,2652.915,2654.88,2652.155,2653.77
1734332400,2653.76,2655.95,2651.765,2653.865
1734336000,2653.905,2662.12,2652.37,2658.055
1734339600,2658.005,2660.17,2655.855,2658.19
1734343200,2658.185,2661.185,2658.08,2658.85
1734346800,2658.825,2664.195,2657.775,2663.58
1734350400,2663.55,2664.475,2657.505,2660.08
1734354000,2659.97,2664.315,2658.9,2662.215
1734357600,2662.205,2663.11,2654.275,2654.845
1734361200,2654.845,2656.955,2650.875,2654.5
1734364800,2654.51,2655.86,2648.63,2652.27
1734368400,2652.255,2655.435,2651.86,2652.15
1734372000,2652.135,2655.655,2651.415,2655.345
1734375600,2655.38,2655.775,2652.16,2653.34
1734379200,2653.335,2653.63,2651.95,2652.745
1734382800,2652.825,2653.13,2651.495,2652.75
1734390000,2652.26,2653.005,2651.665,2651.715
1734393600,2651.71,2655.53,2651.235,2655.335
1734397200,2655.365,2658.74,2654.33,2658.21
1734400800,2658.205,2658.735,2654,2654.995
1734404400,2654.98,2656.23,2651.375,2653.67
1734408000,2653.62,2655.42,2651.035,2651.845
1734411600,2651.84,2654.765,2649.185,2653.805
1734415200,2653.835,2654.655,2646.555,2649.01
1734418800,2649.06,2657.105,2648.36,2653.81
1734422400,2653.8,2653.8,2641.64,2644.21
1734426000,2644.175,2646.08,2638.145,2639.74
1734429600,2639.725,2643.35,2638.185,2638.24
1734433200,2638.235,2642.52,2636.285,2642.26
1734436800,2642.245,2645.61,2640.78,2642.92
1734440400,2642.94,2646.97,2634.85,2637.12
1734444000,2637.15,2642.095,2633.16,2636.775
1734447600,2636.815,2643.005,2636.1,2640.255
1734451200,2640.27,2641.505,2636.815,2638.975
1734454800,2638.94,2647.095,2637.985,2646.075
1734458400,2646.08,2649.085,2645.06,2647.365
1734462000,2647.485,2648.245,2645.205,2645.435
1734465600,2645.39,2647.05,2643.075,2643.62
1734469200,2643.605,2646.76,2643.585,2646.6
1734476400,2646.88,2647.745,2644.91,2647.555
1734480000,2647.54,2650.545,2646.605,2650.155
1734483600,2650.11,2651.785,2648.08,2651.01
1734487200,2651.04,2651.135,2647.045,2647.495
1734490800,2647.47,2648.865,2645.335,2645.845
1734494400,2645.795,2645.99,2642.815,2645.185
1734498000,2645.185,2649.57,2643.985,2647.54
1734501600,2647.55,2648.025,2644.66,2646.76
1734505200,2646.77,2647.46,2643.4,2644.705
1734508800,2644.68,2649.705,2642.17,2647.97
1734512400,2647.975,2649.29,2645.58,2646.91
1734516000,2646.9,2649.49,2646.28,2648.54
1734519600,2648.535,2649.53,2645.945,2646.235
1734523200,2646.23,2647.795,2643.54,2644.095
1734526800,2644.12,2647.615,2641.23,2644.03
1734530400,2644.05,2644.965,2637.065,2638.07
1734534000,2638.035,2638.48,2633.84,2638.275
1734537600,2638.25,2639.58,2633.16,2634.845
1734541200,2634.855,2640.065,2634.725,2636.065
1734544800,2636.07,2639,2635.35,2636.67
1734548400,2636.675,2636.675,2604.06,2604.61
1734552000,2604.55,2609.4,2587.325,2592.565
1734555600,2592.685,2595.515,2583.915,2585.61
1734562800,2587.54,2592.365,2586.46,2588.165
1734566400,2588.285,2597.32,2588.005,2595.285
1734570000,2595.36,2618.155,2593.425,2612.015
1734573600,2611.92,2613.945,2606.355,2612.15
1734577200,2612.12,2613.4,2607.715,2610.515
1734580800,2610.555,2611.635,2607.05,2609.29
1734584400,2609.285,2610.63,2606.6,2607.315
1734588000,2607.28,2614.28,2603.385,2613.015
1734591600,2613.05,2622.64,2611.92,2616.65
1734595200,2616.66,2619.315,2613.325,2618.59
1734598800,2618.585,2622.915,2618.585,2620.495
1734602400,2620.48,2626.44,2617.455,2619.645
1734606000,2619.635,2621.96,2616.25,2616.835
1734609600,2616.77,2616.79,2604.45,2606.31
1734613200,2606.375,2606.38,2595.395,2596.435
1734616800,2596.43,2600.88,2591.965,2592.665
1734620400,2592.535,2595.99,2587.065,2588.45
1734624000,2588.395,2596.68,2587.285,2591.74
1734627600,2591.725,2594.3,2590.79,2592.745
1734631200,2592.75,2599.985,2591.91,2599.815
1734634800,2599.77,2601.135,2596.79,2596.865
1734638400,2596.88,2600.4,2596.57,2596.82
1734642000,2596.795,2597.11,2593.295,2594.55
1734649200,2594.18,2595.91,2592.445,2593.66
1734652800,2593.655,2595.42,2590.545,2590.9
1734656400,2590.885,2603.945,2589.665,2603.85
1734660000,2603.825,2604.075,2595.555,2597.2
1734663600,2597.175,2599.145,2595.855,2598.595
1734667200,2598.6,2601.04,2597.48,2598.105
1734670800,2598.1,2601.405,2596.6,2600.445
1734674400,2600.435,2605.475,2599.085,2604.885
1734678000,2604.855,2607.63,2602.465,2606.36
1734681600,2606.38,2607.805,2604.405,2605.57
1734685200,2605.55,2606.71,2603.155,2605.095
1734688800,2605.1,2607.015,2604.075,2604.275
1734692400,2604.29,2604.86,2600.215,2603.775
1734696000,2603.725,2606.285,2602.3,2603.655
1734699600,2603.75,2614.19,2600.425,2609.635
1734703200,2609.63,2618.425,2608.605,2616.945
1734706800,2617.05,2631.285,2616.435,2630.445
1734710400,2630.49,2631.92,2622.475,2625.17
1734714000,2625.185,2627.565,2622.285,2625.725
1734717600,2625.73,2627.42,2623.49,2626.22
1734721200,2626.21,2629.385,2625.125,2627.955
1734724800,2627.89,2628.145,2622.3,2622.8
1734728400,2622.815,2624.17,2619.38,2623.61
1734908400,2622.21,2624.805,2621.805,2624.405
1734912000,2624.475,2625.28,2617.515,2621.77
1734915600,2621.7,2624.2,2618.545,2620.95
1734919200,2620.905,2627.55,2620.67,2625.895
1734922800,2625.89,2627.04,2622.45,2624.135
1734926400,2624.14,2626.435,2623.98,2625.595
1734930000,2625.65,2629.35,2625.1,2626.83
1734933600,2626.825,2632.99,2624.675,2631.66
1734937200,2631.655,2633.39,2629.565,2630.345
1734940800,2630.36,2632.145,2626.09,2630.015
1734944400,2630,2630.83,2626.09,2626.44
1734948000,2626.43,2627.005,2619.105,2619.56
1734951600,2619.48,2620.155,2613.12,2616.295
1734955200,2616.305,2618.78,2614.135,2615.17
1734958800,2615.16,2619.94,2614.04,2617.435
1734962400,2617.445,2619.995,2613.81,2615.76
1734966000,2615.66,2616.75,2609.385,2609.925
1734969600,2609.93,2616.315,2608.26,2616.13
1734973200,2616.125,2616.81,2610.85,2611.245
1734976800,2611.135,2612.86,2610.035,2610.545
1734980400,2610.525,2612.665,2609.765,2611.22
1734984000,2611.28,2612.715,2609.17,2611.035
1734987600,2611.2,2613.885,2610.34,2612.755
1734994800,2614.795,2617.08,2614.025,2615.65
1734998400,2615.665,2617.515,2613.63,2616.795
1735002000,2616.79,2618.08,2614.6,2617.6
1735005600,2617.57,2620.045,2616.785,2617
1735009200,2616.97,2618.76,2615.84,2618.76
1735012800,2618.82,2620.545,2618.355,2620.265
1735016400,2620.28,2621.535,2618.42,2619.405
1735020000,2619.395,2619.93,2616.55,2619.1
1735023600,2619.055,2621.495,2617.985,2618.438
1735027200,2618.5,2619.815,2616.76,2617.34
1735030800,2617.35,2618.52,2613.47,2613.64
1735034400,2613.615,2618.025,2613.19,2615.57
1735038000,2615.565,2616.285,2612.555,2615.2
1735041600,2615.235,2616.345,2612.72,2613.875
1735045200,2613.835,2614.815,2611.395,2614.285
1735048800,2614.3,2617.28,2610.28,2611.095
1735052400,2611.085,2613.6,2610.105,2611.82
1735056000,2611.785,2617.955,2611.66,2616.025
1735059600,2615.995,2619.49,2615.35,2617.055
1735063200,2617.08,2617.985,2614.99,2616.875
1735167600,2615.31,2620.29,2615.145,2618.75
1735171200,2618.8,2623.025,2618.75,2621.56
1735174800,2621.525,2627.91,2620.96,2626.77
1735178400,2626.775,2627.935,2625.945,2627.705
1735182000,2627.725,2629.125,2625.845,2627.06
1735185600,2627.055,2629.27,2626.345,2627.47
1735189200,2627.485,2628.335,2626.14,2626.5
1735192800,2626.475,2627.44,2624.675,2626.21
1735196400,2626.255,2629.605,2623.665,2625.555
1735200000,2625.62,2629.18,2625.135,2627.675
1735203600,2627.665,2628.34,2625.945,2627.48
1735207200,2627.495,2629.43,2626.765,2628.74
1735210800,2628.745,2630.075,2627.83,2627.865
1735214400,2627.9,2628.54,2624.675,2626.76
1735218000,2626.745,2631.165,2621.855,2623.23
1735221600,2623.21,2630.29,2622.635,2630.085
1735225200,2630.04,2639.175,2629.15,2636.535
1735228800,2636.615,2636.835,2631.575,2632.185
1735232400,2632.21,2632.285,2628.085,2629.445
1735236000,2629.435,2636.065,2629.33,2634.86
1735239600,2634.795,2636.005,2632.8,2635.045
1735243200,2635.04,2636.265,2633.84,2634.38
1735246800,2634.385,2634.63,2633.28,2633.865
1735254000,2633.3,2634.435,2631.67,2632.78
1735257600,2632.785,2634.11,2631.46,2631.465
1735261200,2631.515,2633.93,2630.75,2632.24
1735264800,2632.265,2633.825,2628.99,2632.925
1735268400,2632.91,2635.62,2631.695,2633.875
1735272000,2633.825,2634.11,2632.135,2633.675
1735275600,2633.645,2634.35,2631.51,2631.52
1735279200,2631.51,2637.065,2631.425,2634.73
1735282800,2634.73,2638.3,2633.295,2633.715
1735286400,2633.655,2633.655,2626.17,2626.25
1735290000,2626.26,2627.765,2623.78,2624.12
1735293600,2624.115,2628.125,2623.58,2626.74
1735297200,2626.755,2628.945,2625.23,2628.74
1735300800,2628.835,2631.65,2625.695,2626.365
1735304400,2626.37,2627.325,2618.185,2618.8
1735308000,2618.785,2619.445,2611.715,2615.755
1735311600,2615.745,2619.485,2613.075,2618.205
1735315200,2618.215,2619.85,2615.375,2618.025
1735318800,2618,2618.35,2614.215,2615.945
1735322400,2615.98,2620.18,2615.41,2618.65
1735326000,2618.655,2621.485,2617.535,2620.77
1735329600,2620.705,2620.85,2612.795,2615.53
1735333200,2615.48,2622.295,2615.435,2622.035
1735513200,2622.075,2626.31,2621.915,2624.115
1735516800,2624.12,2625.455,2621.61,2622.64
1735520400,2622.545,2626.745,2622.255,2624.225
1735524000,2624.235,2625.415,2622.56,2623.965
1735527600,2623.97,2628.095,2623.195,2626.64
1735531200,2626.635,2626.635,2621.62,2622.285
1735534800,2622.28,2624.31,2620.605,2623.845
1735538400,2623.85,2624.725,2618.38,2619.175
1735542000,2619.17,2619.985,2615.86,2616.94
1735545600,2616.87,2617.57,2609.375,2612.07
1735549200,2612,2617.63,2611.38,2612.87
1735552800,2612.86,2615.35,2610.58,2610.605
1735556400,2610.54,2618.745,2609.235,2616.44
1735560000,2616.445,2622.66,2615.63,2621.78
1735563600,2621.725,2622.625,2606.515,2606.73
1735567200,2606.695,2613.865,2605.48,2611.55
1735570800,2611.635,2611.775,2599.68,2601.605
1735574400,2601.595,2602.895,2596.185,2599.915
1735578000,2599.945,2605.625,2599.945,2605.225
1735581600,2605.26,2606.785,2603.57,2606.195
1735585200,2606.26,2608.42,2603.73,2607.22
1735588800,2607.185,2609.585,2606.535,2607.775
1735592400,2607.8,2608.12,2605.685,2605.825
1735599600,2606.065,2607.435,2603.91,2606.77
1735603200,2606.745,2608.71,2605.095,2607.815
1735606800,2607.83,2611.61,2606.725,2608.91
1735610400,2608.865,2609.695,2606.935,2607.215
1735614000,2607.145,2607.615,2603.565,2604.735
1735617600,2604.72,2607.12,2604.38,2606.62
1735621200,2606.61,2608.13,2602.76,2604.49
1735624800,2604.44,2608.655,2603.64,2607.895
1735628400,2607.835,2614.135,2607.3,2613.89
1735632000,2613.905,2617.85,2612.895,2616.68
1735635600,2616.645,2616.895,2613.17,2615.35
1735639200,2615.415,2615.845,2610.965,2611.87
1735642800,2611.885,2614.265,2609.835,2611.105
1735646400,2611.08,2612.805,2609.39,2611.2
1735650000,2611.275,2616.275,2605.49,2613.295
1735653600,2613.25,2618.01,2611.33,2613.845
1735657200,2613.798,2626.71,2612.525,2625.83
1735660800,2625.84,2627.28,2622.345,2625.485
1735664400,2625.42,2627.625,2623.26,2624.315
1735668000,2624.255,2627.13,2622.645,2624.945
1735671600,2624.965,2627.305,2622.89,2623.78
1735675200,2623.785,2625.04,2622.175,2623.35
1735678800,2623.365,2625.02,2622.975,2624.26
1735772400,2625.07,2625.675,2621.775,2623.815
1735776000,2623.81,2627.96,2622.765,2625.42
1735779600,2625.415,2634.56,2623.895,2633.045
1735783200,2633.03,2636.59,2632.365,2634.775
1735786800,2634.835,2635.475,2632.315,2633.715
1735790400,2633.71,2634.29,2631.18,2634.095
1735794000,2634.075,2636.55,2633.14,2634.08
1735797600,2634.02,2635.425,2631.365,2634.27
1735801200,2634.265,2636.1,2633.065,2636.06
1735804800,2636.075,2637.815,2631.145,2636.55
1735808400,2636.535,2640,2636.085,2636.2
1735812000,2636.195,2646.38,2632.805,2642.765
1735815600,2642.77,2644.685,2640.35,2641.98
1735819200,2641.995,2646.49,2640.395,2643.435
1735822800,2643.425,2647.365,2636.155,2643.005
1735826400,2642.935,2651.11,2640.42,2647.625
1735830000,2647.58,2655.995,2645.235,2654.17
1735833600,2654.175,2660.535,2650.085,2659.355
1735837200,2659.405,2660.605,2652.595,2656.625
1735840800,2656.64,2658.91,2653.87,2655.455
1735844400,2655.44,2657.17,2653.86,2654.75
1735848000,2654.815,2660.565,2654.18,2659.84
1735851600,2659.77,2660.25,2656.61,2658.23
1735858800,2657.82,2659.655,2657.745,2658.44
1735862400,2658.485,2661.22,2658.42,2660.845
1735866000,2660.85,2662.645,2656.76,2659.575
1735869600,2659.53,2664.135,2656.305,2662.565
1735873200,2662.57,2665.405,2661.35,2662.355
1735876800,2662.33,2664.41,2661.85,2662.94
1735880400,2662.97,2662.995,2655.955,2658.685
1735884000,2658.69,2660.42,2656.785,2659.665
1735887600,2659.68,2659.68,2651.925,2654.24
1735891200,2654.2,2655.83,2649.95,2652.98
1735894800,2652.965,2656.02,2652.835,2653.68
1735898400,2653.665,2658.08,2653.16,2657.78
1735902000,2657.73,2659.345,2656.365,2657.655
1735905600,2657.645,2658.445,2654.875,2655.345
1735909200,2655.34,2656.385,2643.57,2649.875
1735912800,2649.885,2652.725,2645.225,2647.835
1735916400,2647.185,2648.35,2641.045,2643.94
1735920000,2643.93,2647.325,2639.14,2640.07
1735923600,2640.005,2642.705,2639.185,2641.915
1735927200,2641.895,2642.4,2639.805,2641.985
1735930800,2641.95,2643.04,2639.175,2639.535
1735934400,2639.495,2640.215,2637.04,2638.355
1735938000,2638.37,2640.88,2636.705,2639.725
1736118000,2639.88,2642.545,2639.745,2641.085
1736121600,2641.045,2643.385,2638.75,2643.3
1736125200,2643.28,2647.49,2640.85,2641.46
1736128800,2641.41,2645.35,2639.885,2644.6
1736132400,2644.605,2645.38,2639.285,2640.28
1736136000,2640.275,2640.85,2634.4,2635.51
1736139600,2635.515,2636.275,2631.66,2634
1736143200,2634.01,2635.38,2630.37,2631.57
1736146800,2631.545,2633.74,2625.26,2626.905
1736150400,2626.94,2632.635,2625.855,2631.585
1736154000,2631.585,2635.83,2631.265,2632.805
1736157600,2632.815,2635.085,2631.06,2633.845
1736161200,2633.84,2649.52,2632.645,2645.68
1736164800,2645.695,2648.05,2642.02,2645.535
1736168400,2645.505,2648.955,2621.775,2624.38
1736172000,2624.33,2635.085,2614.635,2631.44
1736175600,2631.48,2639.73,2629.49,2634.33
1736179200,2634.345,2641.305,2632.575,2640.815
1736182800,2640.83,2641.1,2634.295,2636.73
1736186400,2636.755,2638.69,2633.855,2634.645
1736190000,2634.62,2635.605,2632.99,2634.44
1736193600,2634.455,2635.535,2633.235,2634.625
1736197200,2634.615,2637.115,2634.615,2636.105
1736204400,2635.965,2636.235,2633.62,2634.68
1736208000,2634.7,2635.275,2633,2635.1
1736211600,2635.075,2641.23,2634.85,2639.045
1736215200,2639.035,2640.19,2637.07,2638.645
1736218800,2638.655,2640.295,2637.64,2639.65
1736222400,2639.645,2639.88,2637.38,2638.325
1736226000,2638.3,2645.785,2637.175,2644.54
1736229600,2644.485,2646.77,2639.955,2640.3
1736233200,2640.265,2642.26,2638.14,2640.65
1736236800,2640.615,2644.845,2640.145,2642.705
1736240400,2642.72,2644.21,2640.22,2641.495
1736244000,2641.48,2644.78,2641.395,2643.97
1736247600,2643.98,2648.775,2642.035,2648.495
1736251200,2648.545,2652.785,2647.47,2651.745
1736254800,2651.735,2664.33,2650.03,2662.46
1736258400,2662.465,2663.075,2655.845,2658.41
1736262000,2657.275,2657.275,2642.05,2647.78
1736265600,2647.775,2655.72,2646.47,2651.865
1736269200,2651.88,2656.135,2650.385,2652.65
1736272800,2652.625,2652.73,2647.39,2649.235
1736276400,2649.24,2650.485,2647.08,2649.42
1736280000,2649.41,2651.525,2647.23,2650.505
1736283600,2650.535,2650.535,2647.835,2648.625
1736290800,2648.655,2650.31,2648.355,2649.825
1736294400,2649.75,2651.57,2648.735,2650.65
1736298000,2650.645,2650.965,2647.21,2648.865
1736301600,2648.86,2650.385,2646,2648.915
1736305200,2648.845,2648.875,2645.7,2646.875
1736308800,2646.86,2648.79,2645.37,2647.095
1736312400,2647.1,2650.77,2646.765,2650.055
1736316000,2650.025,2653.145,2649.01,2652.265
1736319600,2652.275,2654.515,2651.67,2652.69
1736323200,2652.745,2653.835,2649.64,2652.04
1736326800,2652.055,2655.015,2651.855,2653.605
1736330400,2653.625,2655.24,2652.71,2653.175
1736334000,2653.185,2653.185,2647.68,2650.89
1736337600,2650.87,2652.505,2645.895,2652.115
1736341200,2652.12,2660.37,2651.68,2660.225
1736344800,2660.23,2667.675,2660.045,2661.545
1736348400,2661.465,2667.86,2659.415,2665.965
1736352000,2665.96,2670.15,2662.705,2669.665
1736355600,2669.7,2669.87,2649.495,2655.685
1736359200,2655.69,2659.225,2651.69,2653.365
1736362800,2653.37,2660.66,2652.635,2658.42
1736366400,2658.43,2664.115,2658.425,2663.54
1736370000,2663.53,2664.105,2661.235,2661.655
1736377200,2662.24,2663.3,2662.185,2662.65
1736380800,2662.66,2662.87,2659.595,2660.01
1736384400,2660.005,2661.52,2657.365,2658.57
1736388000,2658.56,2660.2,2656.43,2658.815
1736391600,2658.82,2662.225,2658.605,2659.465
1736395200,2659.435,2659.805,2655.635,2659.12
1736398800,2659.105,2661.07,2657.7,2658.435
1736402400,2658.44,2666.98,2658.42,2666.83
1736406000,2666.845,2666.845,2662.28,2662.405
1736409600,2662.38,2666.95,2660.5,2664.44
1736413200,2664.455,2666.65,2662.345,2665.035
1736416800,2665.04,2668.695,2664.565,2667.545
1736420400,2667.54,2673.33,2665.345,2670.285
1736424000,2670.31,2675.2,2669.61,2674.09
1736427600,2674.135,2678.405,2672.045,2672.74
1736431200,2672.745,2675.79,2667.35,2672.545
1736434800,2672.56,2675.445,2668.175,2668.435
1736438400,2668.395,2671.06,2666.38,2667.7
1736442000,2667.69,2668.71,2662.81,2665.995
1736445600,2665.96,2672.61,2665.085,2671.435
1736449200,2671.515,2671.805,2668.7,2670.26
1736452800,2670.19,2670.965,2669.35,2669.605
1736456400,2669.65,2671.5,2669.08,2670.34
1736463600,2670.45,2670.99,2668.57,2670.08
1736467200,2670.125,2671.24,2669.015,2670.54
1736470800,2670.575,2672.095,2669.305,2671.09
1736474400,2671.075,2674.795,2670.56,2673.495
1736478000,2673.48,2674.86,2672.575,2673.755
1736481600,2673.785,2674.095,2671.82,2671.86
1736485200,2671.85,2675.97,2671.65,2675.095
1736488800,2675.08,2678.565,2674.335,2678.335
1736492400,2678.33,2678.79,2673.5,2676.285
1736496000,2676.28,2680.475,2675.81,2680.165
1736499600,2680.15,2682.485,2677.72,2678.485
1736503200,2678.505,2682.73,2678.2,2681.055
1736506800,2681.05,2683.13,2680.28,2681.37
1736510400,2681.365,2681.43,2674.86,2678.45
1736514000,2678.46,2683.845,2664.075,2682.675
1736517600,2682.625,2693.395,2681,2688.31
1736521200,2687.215,2697.95,2682.6,2692.745
1736524800,2692.73,2697.195,2686.795,2696.41
1736528400,2696.455,2697.795,2692.46,2696.13
1736532000,2696.155,2697.26,2685.15,2687.43
1736535600,2687.42,2687.94,2684.615,2685.91
1736539200,2685.905,2690.99,2684.68,2690.735
1736542800,2690.675,2693.485,2688.97,2689.375
1736722800,2689.32,2691.245,2687.575,2691.21
1736726400,2691.19,2693.555,2688.225,2689.675
1736730000,2689.75,2689.935,2679.315,2685.725
1736733600,2685.745,2690.635,2685.02,2688.725
1736737200,2688.635,2688.805,2685.46,2688.055
1736740800,2688.02,2690.94,2684.45,2686.105
1736744400,2686.12,2687.03,2683.39,2686.98
1736748000,2687.005,2691.325,2687.005,2690.04
1736751600,2689.99,2690.56,2684.465,2685.27
1736755200,2685.295,2689.83,2684.105,2687.115
1736758800,2687.145,2688.525,2683.25,2684.84
1736762400,2684.795,2685.08,2677.435,2679.53
1736766000,2679.56,2680.71,2675.54,2676
1736769600,2675.975,2677.245,2664.265,2671.33
1736773200,2671.425,2672.495,2663.76,2669.3
1736776800,2669.28,2674.3,2664.185,2671.9
1736780400,2671.825,2672.96,2661.09,2661.93
1736784000,2661.88,2668.08,2660.805,2661.35
1736787600,2661.43,2664.245,2659.345,2660.915
1736791200,2660.96,2662.51,2657.635,2659.37
1736794800,2659.375,2660.69,2656.835,2658.97
1736798400,2658.965,2662.875,2658.805,2662.32
1736802000,2662.235,2664.305,2660.93,2663.21
1736809200,2664.465,2669.455,2664.355,2667.99
1736812800,2667.995,2671.165,2666.455,2670.475
1736816400,2670.47,2672.21,2667.96,2670.78
1736820000,2670.77,2672.28,2668.665,2670.515
1736823600,2670.5,2672.415,2668.935,2669.84
1736827200,2669.835,2674.07,2668.475,2673.62
1736830800,2673.645,2675.365,2667.445,2668.55
1736834400,2668.595,2669.695,2667.485,2669.14
1736838000,2669.155,2670.945,2667.215,2669.235
1736841600,2669.295,2674.635,2667.375,2671.08
1736845200,2671.06,2671.65,2664.86,2667.255
1736848800,2667.27,2669.01,2664.755,2666.77
1736852400,2666.8,2669.91,2664.53,2669.38
1736856000,2669.375,2671.69,2666.645,2668.45
1736859600,2668.42,2674.495,2660.798,2663.045
1736863200,2662.985,2666.035,2659.89,2665.23
1736866800,2665.26,2672.835,2665.14,2671.83
1736870400,2671.815,2674.07,2669.85,2671.68
1736874000,2671.615,2672.025,2668.065,2669.045
1736877600,2668.975,2672.635,2666.725,2672.44
1736881200,2672.435,2676.4,2671.97,2674.335
1736884800,2674.34,2676.535,2671.925,2676.515
1736888400,2676.508,2678.395,2675.845,2677.51
1736895600,2676.94,2677.31,2674.05,2675.66
1736899200,2675.68,2676.075,2672.655,2672.785
1736902800,2672.805,2674.365,2669.84,2669.91
1736906400,2669.905,2675.06,2669.365,2673.5
1736910000,2673.455,2676.44,2672.385,2676.185
1736913600,2676.21,2676.775,2674.26,2675.61
1736917200,2675.595,2679.425,2674.55,2679.36
1736920800,2679.375,2683.475,2679.23,2681.055
1736924400,2681.015,2684.26,2680.075,2681.455
1736928000,2681.48,2685.425,2681.29,2684.06
1736931600,2684.045,2688.565,2683.04,2685.975
1736935200,2686.005,2689.02,2684.735,2688.44
1736938800,2688.57,2688.945,2685.175,2686.88
1736942400,2686.89,2687.515,2684.155,2684.695
1736946000,2684.805,2694.28,2682.16,2693.805
1736949600,2693.83,2696.045,2677.95,2682.135
1736953200,2682.13,2683.225,2676.755,2678.55
1736956800,2678.615,2689.97,2677.03,2689.385
1736960400,2689.46,2693.09,2688.53,2692.81
1736964000,2692.78,2694.995,2691.16,2694.185
1736967600,2694.19,2695.255,2692.645,2694.1
1736971200,2694.115,2696.63,2693.285,2696.375
1736974800,2696.45,2697.42,2694.04,2696.265
1736982000,2696.16,2697.665,2694.71,2695.035
1736985600,2695.085,2698.205,2693.03,2695.26
1736989200,2695.255,2702.26,2694.455,2696.245
1736992800,2696.335,2698.235,2695.33,2697.57
1736996400,2697.54,2698.4,2695.63,2697.238
1737000000,2697.218,2698.09,2696.715,2697.39
1737003600,2697.33,2697.475,2693.8,2694.825
1737007200,2694.87,2695.72,2690.05,2693.98
1737010800,2693.97,2700.035,2693.48,2698.325
1737014400,2698.395,2703.435,2697.185,2699
1737018000,2699.035,2706.175,2697.58,2705.39
1737021600,2705.43,2708.58,2704.795,2707.835
1737025200,2707.85,2711.22,2706.29,2706.475
1737028800,2706.45,2707.315,2700.295,2703.77
1737032400,2703.755,2718.41,2701.37,2715.385
1737036000,2715.43,2719.33,2712.95,2718.495
1737039600,2718.59,2719.6,2712.63,2716.95
1737043200,2717.035,2722.595,2716.76,2720.465
1737046800,2720.46,2724.785,2719.64,2721.785
1737050400,2721.855,2723.365,2714.805,2715.235
1737054000,2715.24,2717.265,2714.68,2715.27
1737057600,2715.33,2717.03,2714.375,2715.875
1737061200,2715.76,2715.94,2712.57,2714.87
1737068400,2714.215,2715.275,2712.455,2714.635
1737072000,2714.63,2716.23,2713.92,2714.79
1737075600,2714.78,2714.895,2709.965,2714.75
1737079200,2714.79,2717.16,2713.955,2715.985
1737082800,2715.875,2717.43,2714.69,2715.495
1737086400,2715.485,2716.58,2714.345,2714.78
1737090000,2714.74,2715.53,2711.185,2711.61
1737093600,2711.615,2713.38,2710.74,2712.75
1737097200,2712.715,2714.675,2708.71,2710.57
1737100800,2710.62,2713.06,2709.5,2711.755
1737104400,2711.75,2712.15,2704.135,2705.13
1737108000,2705.12,2706.215,2702.96,2704.055
1737111600,2704.075,2708.74,2703.845,2708.135
1737115200,2708.185,2711.735,2707.1,2710.885
1737118800,2710.87,2712.215,2704.59,2705.14
1737122400,2705.125,2712.59,2702.745,2711.75
1737126000,2711.74,2715.265,2710.16,2714.36
1737129600,2714.365,2717.395,2713.66,2716.08
1737133200,2716.075,2716.345,2710.65,2712.67
1737136800,2712.685,2713.4,2705.398,2705.625
1737140400,2705.63,2707.3,2702.795,2703.11
1737144000,2703.125,2704.34,2699.99,2701.128
1737147600,2701.108,2703.44,2699.3,2703.15
1737327600,2703.135,2703.355,2691.29,2696.585
1737331200,2696.515,2696.585,2692.695,2694.685
1737334800,2694.665,2696.035,2689.375,2693.97
1737338400,2693.995,2698.095,2693.795,2697.61
1737342000,2697.62,2704.09,2697.535,2703.505
1737345600,2703.49,2706.69,2702.4,2706.05
1737349200,2705.99,2707.635,2703.785,2707.36
1737352800,2707.37,2713.885,2706.615,2711.855
1737356400,2711.79,2712.005,2702.885,2703.53
1737360000,2703.515,2708.175,2703.03,2707.06
1737363600,2707.03,2708.93,2702.96,2706.135
1737367200,2706.13,2709.965,2705.18,2708.59
1737370800,2708.635,2712.55,2704.84,2708.515
1737374400,2708.555,2710.15,2706.15,2708.32
1737378000,2708.275,2710.62,2701.765,2705.27
1737381600,2705.3,2712.255,2705.07,2710.515
1737385200,2710.445,2710.825,2705.3,2707.135
1737388800,2707.145,2709.355,2703.31,2707.745
1737392400,2707.74,2710.7,2703.982,2707.535
1737396000,2707.595,2711,2705.61,2710.75
1737399600,2710.835,2711.375,2707.51,2707.905
1737414000,2708.015,2711.28,2706.715,2710.415
1737417600,2710.305,2711.705,2702.815,2705.665
1737421200,2705.71,2719.408,2703.215,2718.01
1737424800,2717.95,2725.775,2717.81,2724.835
1737428400,2724.845,2727.015,2721.295,2724.25
1737432000,2724.265,2727.925,2723.075,2727.395
1737435600,2727.465,2729.265,2725.48,2726.21
1737439200,2726.19,2729.415,2723.89,2724.4
1737442800,2724.395,2733.06,2722.63,2729.885
1737446400,2729.865,2730.152,2721.655,2723.375
1737450000,2723.35,2724.13,2718.01,2721.275
1737453600,2721.28,2724.205,2719.04,2719.95
1737457200,2719.925,2724.705,2716.615,2724.105
1737460800,2724.14,2727.33,2721.9,2727.025
1737464400,2727.04,2730.13,2724.635,2726.355
1737468000,2726.355,2738.69,2725.435,2738.205
1737471600,2738.135,2740.55,2734.545,2738.9
1737475200,2738.895,2744.965,2737.81,2743.32
1737478800,2743.315,2745.785,2740.095,2740.275
1737482400,2740.255,2746.055,2739.985,2744.68
1737486000,2744.695,2745.585,2741.39,2742.82
1737489600,2742.8,2743.345,2740.05,2742.635
1737493200,2742.63,2745.81,2742.13,2744.865
1737500400,2744.55,2744.905,2741.965,2744.365
1737504000,2744.38,2749.17,2742.635,2748.34
1737507600,2748.325,2750.025,2746.9,2748.04
1737511200,2748.055,2749.755,2746.35,2749.145
1737514800,2749.135,2751.275,2748.065,2750.45
1737518400,2750.34,2752.925,2749.335,2752.15
1737522000,2752.155,2758.67,2750.4,2758.12
1737525600,2758.19,2758.275,2745.635,2747.055
1737529200,2747.035,2754.09,2746.635,2748.725
1737532800,2748.74,2753.865,2746.885,2753.35
1737536400,2753.31,2762.41,2753.03,2758.545
1737540000,2758.585,2763.435,2758.435,2760.03
1737543600,2760.115,2760.47,2756.34,2756.54
1737547200,2756.555,2758.785,2751.82,2758.4
1737550800,2758.42,2761.765,2751.135,2757.84
1737554400,2757.835,2758.395,2750.41,2753.89
1737558000,2753.925,2760.375,2750.55,2759.475
1737561600,2759.47,2760.245,2755.995,2758.345
1737565200,2758.295,2758.55,2756.015,2756.655
1737568800,2756.64,2759.47,2754.945,2757.8
1737572400,2757.83,2757.845,2755.125,2755.395
1737576000,2755.38,2757.245,2754.935,2756.83
1737579600,2756.815,2757.22,2754.935,2756.345
1737586800,2755.74,2756.595,2753.93,2755.35
1737590400,2755.375,2756.01,2753.285,2755.44
1737594000,2755.41,2756.295,2750.715,2752.69
1737597600,2752.685,2754.975,2752.175,2752.735
1737601200,2752.73,2753.28,2749.625,2750.175
1737604800,2750.165,2753.75,2750.015,2751.75
1737608400,2751.81,2753.545,2751.465,2752.165
1737612000,2752.155,2755.66,2751.21,2753.27
1737615600,2753.31,2754.8,2751.795,2752.925
1737619200,2752.87,2754.92,2752.06,2752.8
1737622800,2752.79,2753.79,2740.86,2746.035
1737626400,2745.975,2752.54,2745.37,2751.365
1737630000,2751.375,2754.545,2750.88,2751.88
1737633600,2751.895,2753.375,2742.178,2744.825
1737637200,2744.835,2745.99,2735.96,2741.705
1737640800,2741.73,2747.505,2740.39,2746.23
1737644400,2746.23,2749.505,2742.23,2746.48
1737648000,2746.475,2757.565,2744.21,2753.975
1737651600,2754,2758.97,2752.38,2757.81
1737655200,2757.79,2758.255,2755.19,2755.895
1737658800,2755.89,2758.21,2753.832,2754.2
1737662400,2754.22,2754.745,2751.415,2753.97
1737666000,2753.95,2754.855,2752.25,2754.855
1737673200,2753.815,2755.715,2753.64,2754.665
1737676800,2754.66,2761.09,2754.385,2759.74
1737680400,2759.72,2762.65,2758.635,2762.415
1737684000,2762.43,2775.44,2762.43,2774.315
1737687600,2774.33,2777.375,2771.1,2772.555
1737691200,2772.55,2775.105,2770.645,2772.225
1737694800,2772.28,2776.705,2772.28,2775.345
1737698400,2775.335,2778.455,2773.31,2773.96
1737702000,2773.955,2775.515,2772.06,2772.75
1737705600,2772.76,2775.455,2770.18,2774.12
1737709200,2774.13,2777.89,2771.07,2772.915
1737712800,2772.92,2776.3,2771.65,2775.88
1737716400,2775.91,2780.115,2774.085,2776.76
1737720000,2776.77,2779.175,2776.105,2778.62
1737723600,2778.63,2784.805,2777.845,2782.45
1737727200,2782.39,2784.415,2773.84,2778.425
1737730800,2778.395,2786.06,2775.52,2775.95
1737734400,2776.025,2777.675,2769.955,2771.98
1737738000,2771.975,2776.23,2770.64,2773.39
1737741600,2773.415,2774.225,2771.455,2773.525
1737745200,2773.52,2775.42,2771.405,2774.74
1737748800,2774.75,2774.935,2770.742,2771.085
1737752400,2771.07,2772.29,2770.65,2770.885
1737932400,2765.17,2769.58,2764.815,2767.67
1737936000,2767.715,2771.065,2766.235,2769.75
1737939600,2769.795,2772.745,2762.965,2763.035
1737943200,2762.985,2763.77,2753.975,2756.375
1737946800,2756.38,2762.8,2755.34,2761.245
1737950400,2761.23,2761.255,2755.79,2758.25
1737954000,2758.255,2758.285,2752.905,2753.33
1737957600,2753.31,2755.185,2750.94,2754.72
1737961200,2754.745,2755.14,2747.42,2749.445
1737964800,2749.455,2759.85,2749.29,2757.215
1737968400,2757.175,2765.03,2755.715,2763.445
1737972000,2763.475,2771.09,2762.9,2768.065
1737975600,2768.035,2772.105,2765.115,2771.49
1737979200,2771.565,2771.85,2760.62,2761.505
1737982800,2761.465,2762.605,2752.345,2757.25
1737986400,2757.24,2757.92,2744.975,2751.525
1737990000,2751.49,2751.49,2739.575,2742.155
1737993600,2742.125,2743.28,2733.295,2734.575
1737997200,2734.57,2737.105,2730.56,2733.865
1738000800,2733.895,2738.005,2733.165,2737.035
1738004400,2737.085,2740.58,2736.91,2739.39
1738008000,2739.375,2742.645,2738.165,2741.525
1738011600,2741.52,2744.01,2740.43,2740.655
1738018800,2740.88,2745.36,2739.62,2741.945
1738022400,2741.925,2744.545,2739.935,2740.685
1738026000,2740.775,2745.29,2739.545,2741.58
1738029600,2741.575,2741.695,2738.465,2739.505
1738033200,2739.495,2741.93,2737.97,2738.85
1738036800,2738.86,2742.82,2738.61,2742.39
1738040400,2742.53,2745.05,2741.3,2741.735
1738044000,2741.68,2743.015,2739.215,2739.63
1738047600,2739.64,2743.18,2738.47,2739.095
1738051200,2739.15,2741.9,2734.815,2741.245
1738054800,2741.225,2745.07,2740.465,2743.515
1738058400,2743.485,2745.255,2741.09,2743.36
1738062000,2743.35,2744.715,2741.63,2742.775
1738065600,2742.785,2745.63,2741.26,2745.57
1738069200,2745.58,2749.615,2745.21,2748.915
1738072800,2748.94,2756.39,2748.94,2753.69
1738076400,2753.695,2757.32,2751.185,2755.355
1738080000,2755.36,2759.68,2755.325,2758.76
1738083600,2758.785,2760.245,2757.73,2759.8
1738087200,2759.82,2763.545,2759.35,2762.155
1738090800,2762.17,2765.025,2761.385,2764.93
1738094400,2764.9,2765.09,2762.37,2764.15
1738098000,2764.165,2764.355,2762.88,2763.42
1738105200,2763.305,2764.51,2762.77,2762.79
1738108800,2762.8,2764.845,2762.3,2764.01
1738112400,2764.015,2766.265,2763.68,2763.79
1738116000,2763.79,2765.725,2763.44,2764.285
1738119600,2764.295,2764.585,2762.385,2762.79
1738123200,2762.71,2764.26,2761.56,2762.52
1738126800,2762.545,2763.085,2760.15,2760.755
1738130400,2760.86,2762.3,2759.25,2759.26
1738134000,2759.26,2760.695,2757.46,2759.09
1738137600,2759.075,2766.18,2759.075,2764.16
1738141200,2764.165,2764.535,2760.45,2762.76
1738144800,2762.725,2763.365,2757.155,2758.23
1738148400,2758.23,2759.91,2757.49,2759.09
1738152000,2759.1,2759.15,2755.585,2756.54
1738155600,2756.565,2759.585,2752.29,2758.715
1738159200,2758.765,2761.22,2756.46,2759.42
1738162800,2759.44,2759.78,2748.57,2754.22
1738166400,2754.24,2756.25,2748.27,2751.69
1738170000,2751.695,2754.515,2751.09,2752.945
1738173600,2752.92,2753.96,2748.76,2751.445
1738177200,2751.58,2757.825,2744.755,2755.25
1738180800,2755.225,2759.135,2752.71,2755.05
1738184400,2754.975,2760.14,2754.185,2760.09
1738191600,2758.43,2760.7,2758.39,2760.435
1738195200,2760.395,2762.745,2759.17,2762.295
1738198800,2762.225,2762.225,2759.055,2760.27
1738202400,2760.22,2761.545,2759.325,2760.49
1738206000,2760.455,2762.47,2759.5,2761.885
1738209600,2761.865,2763.465,2759.82,2760.445
1738213200,2760.47,2761.26,2758.86,2760.67
1738216800,2760.65,2766.535,2760.365,2765.64
1738220400,2765.62,2769.53,2765.01,2769.215
1738224000,2769.22,2776.64,2768.42,2776.245
1738227600,2776.27,2776.4,2771.625,2774.315
1738231200,2774.3,2779.36,2773.945,2778.42
1738234800,2778.415,2779.58,2777.065,2777.775
1738238400,2777.82,2781.32,2776.165,2780.325
1738242000,2780.32,2786.055,2778.95,2785.82
1738245600,2785.885,2789.21,2780.16,2787.745
1738249200,2787.94,2796.92,2786.835,2795.56
1738252800,2795.43,2798.605,2790.2,2790.625
1738256400,2790.62,2795.9,2788.875,2795.675
1738260000,2795.71,2797.145,2792.325,2795.105
1738263600,2795.1,2795.335,2790.755,2793.49
1738267200,2793.455,2798.21,2792.41,2795.5
1738270800,2795.52,2798.46,2788.485,2794.165
1738278000,2794.425,2796.94,2793.175,2796.305
1738281600,2796.335,2799.565,2794.565,2795.98
1738285200,2796,2796.745,2794.625,2796.415
1738288800,2796.36,2798.18,2794.815,2796.19
1738292400,2796.14,2798.325,2795.735,2796.395
1738296000,2796.41,2796.485,2794.495,2795.845
1738299600,2795.79,2796.565,2794.04,2795.665
1738303200,2795.61,2795.805,2792.245,2792.85
1738306800,2792.815,2801.01,2792.375,2798.355
1738310400,2798.37,2799.535,2791.795,2793.25
1738314000,2793.265,2796.615,2792.735,2793.735
1738317600,2793.72,2795.17,2791.07,2794.31
1738321200,2794.15,2800.945,2792.44,2800.44
1738324800,2800.4,2807.89,2800.13,2805.535
1738328400,2805.44,2808.405,2803.36,2806.445
1738332000,2806.47,2812.65,2804.54,2812.435
1738335600,2812.445,2817.215,2808.33,2809.29
1738339200,2809.32,2810.3,2805.05,2807.6
1738342800,2807.59,2816.225,2803.08,2808.695
1738346400,2808.712,2809.04,2795.49,2798.89
1738350000,2798.93,2803.01,2795.55,2796.225
1738353600,2796.185,2802.195,2794.38,2800.75
1738357200,2800.845,2802.585,2796.645,2797.94
1738537200,2801.655,2806.275,2784.74,2793.97
1738540800,2793.955,2796.065,2790.15,2792.38
1738544400,2792.375,2792.385,2778.33,2782.275
1738548000,2782.27,2782.8,2773.815,2778.195
1738551600,2778.245,2778.46,2772.215,2774.545
1738555200,2774.525,2783.11,2774.265,2780.94
1738558800,2780.925,2785.325,2780.17,2783.215
1738562400,2783.22,2788.08,2782.975,2786.89
1738566000,2786.91,2789.965,2785.405,2789.375
1738569600,2789.37,2800.59,2786.98,2796.825
1738573200,2796.795,2800.98,2794.785,2796.5
1738576800,2796.52,2800.235,2793.01,2798.185
1738580400,2798.19,2804.225,2798.005,2801.305
1738584000,2801.295,2810.88,2800.635,2810.43
1738587600,2810.46,2812.015,2806.78,2811.185
1738591200,2811.235,2830.755,2810.205,2830.225
1738594800,2829.625,2830.42,2813.675,2817.575
1738598400,2817.57,2825.405,2812.695,2814.26
1738602000,2814.255,2822.29,2814.11,2817.26
1738605600,2817.23,2821.81,2816.075,2821.145
1738609200,2821.16,2823.09,2817.985,2818.33
1738612800,2818.33,2819.6,2815.785,2816.655
1738616400,2816.675,2817.605,2812.278,2814.71
1738623600,2813.3,2815.475,2812.71,2814.015
1738627200,2813.98,2817.6,2812.84,2817.33
1738630800,2817.495,2824.44,2816.15,2823.525
1738634400,2823.505,2824.65,2817.05,2821.355
1738638000,2821.335,2824.25,2817.38,2821.44
1738641600,2821.45,2821.63,2818.075,2819.145
1738645200,2819.28,2819.3,2813.51,2815.85
1738648800,2815.86,2816.14,2810.975,2813.515
1738652400,2813.53,2814.51,2807.275,2812.725
1738656000,2812.755,2819.255,2810.22,2815.14
1738659600,2815.195,2821.855,2814.165,2820.565
1738663200,2820.55,2820.55,2812.71,2814.8
1738666800,2814.785,2816.98,2813.32,2815.485
1738670400,2815.475,2823.02,2814.645,2821.88
1738674000,2821.915,2837.085,2821.49,2831.62
1738677600,2831.635,2841.58,2828.92,2838.96
1738681200,2839.415,2845.47,2833.735,2835.995
1738684800,2835.97,2842.505,2832.7,2840.495
1738688400,2840.51,2844.875,2839.47,2844.115
1738692000,2844.13,2845.15,2842.555,2842.725
1738695600,2842.755,2844.23,2841.885,2843.155
1738699200,2843.16,2844.89,2840.96,2844.325
1738702800,2844.315,2844.81,2841.125,2842.29
1738710000,2841.36,2842.635,2840.71,2841.505
1738713600,2841.59,2848.41,2840.74,2845.315
1738717200,2845.285,2849.155,2839.74,2844.635
1738720800,2844.725,2854.015,2844.005,2851.265
1738724400,2851.26,2854.605,2849.87,2852.405
1738728000,2852.365,2858.19,2851.94,2855.335
1738731600,2855.32,2860.635,2853.755,2859.355
1738735200,2859.345,2861.915,2857.3,2859.425
1738738800,2859.43,2864.305,2855.055,2864.25
1738742400,2864.24,2869.795,2863.735,2867.705
1738746000,2867.69,2872.275,2865.305,2870.385
1738749600,2870.415,2877.085,2866.1,2867.85
1738753200,2867.945,2870.54,2864.815,2868.75
1738756800,2868.735,2871.02,2867.14,2870.355
1738760400,2870.39,2870.795,2858.645,2861.97
1738764000,2861.92,2872.71,2860.805,2871.005
1738767600,2871.055,2882.31,2871.055,2880.195
1738771200,2880.185,2881.09,2863.185,2874.96
1738774800,2874.965,2876.69,2871.52,2873.14
1738778400,2873.15,2873.57,2864.02,2865.765
1738782000,2865.795,2869.09,2862.905,2863.65
1738785600,2863.68,2866.215,2859.975,2862.685
1738789200,2862.655,2867.772,2861.305,2867.215
1738796400,2867.785,2870.97,2866.215,2869.37
1738800000,2869.345,2870.015,2867.395,2869.875
1738803600,2869.85,2871.96,2863.765,2871.8
1738807200,2871.795,2873.34,2868.405,2870.675
1738810800,2870.715,2870.715,2864.435,2869.405
1738814400,2869.425,2872.41,2868.355,2868.6
1738818000,2868.67,2869.945,2865.585,2868.23
1738821600,2868.225,2871.46,2858.33,2859.285
1738825200,2859.275,2861.99,2854.985,2855.68
1738828800,2855.705,2858.52,2848.97,2856.165
1738832400,2856.175,2860.06,2855.8,2859.405
1738836000,2859.42,2861.85,2855.72,2859.315
1738839600,2859.255,2867.51,2858.23,2865.995
1738843200,2866.01,2870.395,2863.6,2864.5
1738846800,2864.555,2865.09,2855.665,2856.825
1738850400,2856.83,2859.845,2841.32,2842.005
1738854000,2841.92,2853.225,2834.27,2850.615
1738857600,2850.61,2854.75,2848.835,2848.835
1738861200,2848.82,2852.75,2848.19,2852.39
1738864800,2852.4,2853.765,2849.88,2852.66
1738868400,2852.71,2854.29,2850.44,2853.98
1738872000,2853.965,2857.4,2853.82,2856.53
1738875600,2856.545,2857.17,2854.94,2855.925
1738882800,2856.015,2858.665,2855.98,2858.15
1738886400,2858.14,2860.592,2858.03,2858.56
1738890000,2858.585,2868.1,2857.995,2866.3
1738893600,2866.28,2869.19,2865.575,2868.78
1738897200,2868.78,2870.565,2866.11,2867.285
1738900800,2867.295,2869.67,2866.285,2866.59
1738904400,2866.605,2867.08,2862.195,2862.305
1738908000,2862.28,2866.385,2859.03,2860.83
1738911600,2860.8,2865.71,2860.35,2864.135
1738915200,2864.15,2866.84,2863.205,2866.42
1738918800,2866.415,2870.735,2865.615,2868.92
1738922400,2868.935,2869.215,2863.355,2867.635
1738926000,2867.63,2868.415,2865.205,2867.785
1738929600,2867.78,2868.135,2863.65,2863.695
1738933200,2863.72,2870.875,2852.595,2862.59
1738936800,2862.625,2878.345,2856.16,2876.87
1738940400,2876.38,2886.855,2873.685,2880.575
1738944000,2880.595,2881.605,2860.435,2860.738
1738947600,2860.732,2862.755,2853.435,2860.05
1738951200,2860.04,2865.255,2859.72,2861.305
1738954800,2861.4,2863.335,2859.115,2860.39
1738958400,2860.265,2863.885,2859.465,2860.765
1738962000,2860.775,2863.375,2860.47,2861.25
1739142000,2861.84,2870.515,2860.405,2867.595
1739145600,2867.67,2869.215,2865.875,2867.915
1739149200,2867.93,2876.74,2866.155,2871.945
1739152800,2871.96,2875.075,2871.485,2873.9
1739156400,2873.895,2875.745,2871.235,2875.515
1739160000,2875.58,2879.735,2874.335,2879.33
1739163600,2879.32,2880.095,2876.225,2879.365
1739167200,2879.4,2892.38,2878.92,2888.505
1739170800,2888.51,2896.61,2886.67,2895.555
1739174400,2895.525,2898.94,2892.34,2896.635
1739178000,2896.585,2903.295,2896.205,2903.045
1739181600,2903.05,2906.345,2898.225,2902.43
1739185200,2902.465,2905.85,2898.44,2904.75
1739188800,2904.735,2906.98,2902.715,2902.995
1739192400,2902.935,2910.975,2899.795,2901.07
1739196000,2901.125,2909.305,2896.385,2908.735
1739199600,2908.75,2911.965,2904.52,2909.095
1739203200,2909.11,2910.335,2899.165,2901.055
1739206800,2901.045,2904.39,2896.69,2903.265
1739210400,2903.28,2906.955,2900.915,2905.195
1739214000,2905.19,2906.72,2902.54,2904.405
1739217600,2904.415,2907.848,2902.995,2907.2
1739221200,2907.28,2908.41,2905.405,2908.175
1739228400,2911.95,2921.655,2909.765,2917.85
1739232000,2918.015,2925.2,2916.43,2922.565
1739235600,2922.58,2936.185,2919.795,2934.03
1739239200,2934.05,2942.78,2905.94,2918.895
1739242800,2918.85,2925.795,2911.745,2919.635
1739246400,2919.65,2920.97,2915.1,2916.4
1739250000,2916.34,2923.76,2915.445,2923.005
1739253600,2922.975,2929.54,2915.45,2917.79
1739257200,2917.775,2918.43,2907.305,2913.325
1739260800,2913.315,2915.35,2907.06,2907.47
1739264400,2907.395,2912.355,2903.065,2903.215
1739268000,2903.22,2907.15,2901.89,2902.675
1739271600,2902.665,2906.645,2902.17,2903.93
1739275200,2903.915,2904.3,2886.92,2889.35
1739278800,2889.27,2898.36,2881.56,2896.635
1739282400,2896.665,2904.39,2894.91,2897.005
1739286000,2896.955,2906.625,2890.945,2904.895
1739289600,2904.905,2908.675,2902.375,2902.435
1739293200,2902.4,2907.345,2899.75,2905.585
1739296800,2905.61,2907.29,2903.355,2905.945
1739300400,2905.97,2906.56,2899.835,2900.27
1739304000,2900.32,2900.595,2894.16,2897.68
1739307600,2897.68,2899.76,2897.525,2897.615
1739314800,2898.025,2900.79,2897.68,2898.69
1739318400,2898.725,2899.01,2889.34,2892.29
1739322000,2892.235,2897.71,2883.695,2893.27
1739325600,2893.23,2898.04,2891.995,2892.5
1739329200,2892.495,2893.07,2886.855,2888.995
1739332800,2888.93,2890.54,2884.125,2885.405
1739336400,2885.47,2888.095,2883.915,2886.39
1739340000,2886.395,2894.8,2885.79,2892.745
1739343600,2892.75,2895.85,2890.99,2892.935
1739347200,2892.98,2894.15,2888.035,2891.72
1739350800,2891.73,2893.455,2886.505,2886.855
1739354400,2886.84,2889.805,2879.55,2882.885
1739358000,2882.89,2886.07,2879.6,2879.915
1739361600,2879.92,2886.095,2879.015,2885.275
1739365200,2885.215,2885.89,2864.33,2884.86
1739368800,2884.84,2898.095,2882.065,2894.515
1739372400,2894.55,2896.055,2886.955,2894.785
1739376000,2894.79,2904.58,2892.14,2902.54
1739379600,2902.6,2909.265,2902.045,2902.93
1739383200,2902.935,2903.93,2900.415,2901.045
1739386800,2901.11,2901.83,2893.645,2897.93
1739390400,2897.89,2901.435,2895.59,2901.06
1739394000,2901.025,2904.34,2900.22,2903.96
1739401200,2904.79,2906.545,2900.545,2905.855
1739404800,2905.83,2909.2,2904.645,2906.465
1739408400,2906.4,2907.48,2901.5,2906.025
1739412000,2906.03,2909.11,2905.28,2908.95
1739415600,2908.945,2918.16,2907.33,2916.605
1739419200,2916.6,2919.275,2916.335,2918.58
1739422800,2918.7,2922.88,2916.39,2918.14
1739426400,2918.12,2918.895,2912.685,2916.13
1739430000,2916.135,2920.955,2913.26,2914.63
1739433600,2914.65,2918.12,2909.5,2911.75
1739437200,2911.765,2918.495,2909.96,2915.33
1739440800,2915.34,2919.41,2913.905,2917.995
1739444400,2918,2918.5,2915.505,2918.06
1739448000,2918.045,2921.435,2915.755,2917.835
1739451600,2917.845,2918.075,2905.885,2908.445
1739455200,2908.44,2917.5,2906.61,2915.14
1739458800,2915.17,2921.01,2914.555,2920.29
1739462400,2920.295,2920.86,2913.005,2913.885
1739466000,2913.855,2919.185,2913.57,2919.075
1739469600,2919.08,2925.41,2914.36,2924.17
1739473200,2924.155,2927.475,2923.84,2926.915
1739476800,2926.88,2929.155,2924.975,2928.56
1739480400,2928.56,2929.48,2928.1,2928.33
1739487600,2928.05,2932.465,2927.58,2931.245
1739491200,2931.205,2931.45,2927.54,2927.905
1739494800,2927.925,2933.92,2927.925,2929.905
1739498400,2929.9,2930.545,2925.985,2927.48
1739502000,2927.49,2930.44,2923.335,2924.5
1739505600,2924.49,2929.245,2923.945,2928.585
1739509200,2928.61,2932.48,2926.88,2931.02
1739512800,2931.005,2936.85,2929.955,2934.4
1739516400,2934.415,2935.25,2930.635,2931.885
1739520000,2931.84,2938.6,2930.86,2935.365
1739523600,2935.325,2938.85,2934.185,2935.31
1739527200,2935.34,2939.98,2934.42,2936.03
1739530800,2936.035,2937.615,2929.405,2931.07
1739534400,2931.06,2933.175,2927.825,2930.9
1739538000,2930.895,2933.17,2917.73,2920.675
1739541600,2920.715,2928.55,2914.365,2921.2
1739545200,2921.21,2921.935,2893.015,2901.945
1739548800,2901.91,2903.985,2888.63,2896.025
1739552400,2896.015,2897.675,2885.485,2887.03
1739556000,2887.025,2888.005,2882.245,2884
1739559600,2884.015,2886.145,2878.96,2880.695
1739563200,2880.705,2886.335,2877.025,2885.375
1739566800,2885.395,2885.69,2882.295,2882.482
1739746800,2893.375,2894.445,2878.785,2879.445
1739750400,2879.45,2888.095,2879.45,2883.725
1739754000,2883.74,2896.815,2882.615,2895.655
1739757600,2895.61,2899.855,2893.96,2899.3
1739761200,2899.335,2904.76,2897.795,2903.645
1739764800,2903.675,2905.06,2898.555,2899.355
1739768400,2899.33,2905.355,2896.18,2896.46
1739772000,2896.385,2898.03,2888.19,2896.675
1739775600,2896.73,2903.745,2896.47,2902.575
1739779200,2902.595,2902.815,2895.15,2900.295
1739782800,2900.39,2906.525,2900.35,2902.58
1739786400,2902.575,2903.06,2895.54,2902.865
1739790000,2902.9,2903.905,2897.845,2901.095
1739793600,2901.1,2901.645,2895.45,2897.725
1739797200,2897.71,2899.265,2895.665,2896.88
1739800800,2896.875,2903.945,2896.505,2903.08
1739804400,2903.095,2904.185,2898.015,2899.355
1739808000,2899.36,2901.345,2896.66,2899.37
1739811600,2899.375,2899.95,2898.115,2898.535
1739815200,2898.525,2899.275,2897.14,2898.255
1739818800,2898.245,2898.735,2896.91,2898.49
1739833200,2898.71,2899.56,2897.295,2899.305
1739836800,2899.29,2900.33,2898.325,2899.29
1739840400,2899.315,2900.08,2892.07,2895.845
1739844000,2895.795,2905.25,2895.375,2903.185
1739847600,2903.19,2910.845,2902.845,2909.085
1739851200,2909.09,2911.12,2907.3,2910.92
1739854800,2911.06,2915.76,2909.93,2910.84
1739858400,2910.73,2914.455,2910.07,2913.65
1739862000,2913.66,2915.445,2908.64,2911.6
1739865600,2911.56,2913.39,2908.29,2912.515
1739869200,2912.545,2913.49,2910.115,2912.785
1739872800,2912.785,2913.585,2907.19,2911.335
1739876400,2911.375,2914.935,2909.945,2914.32
1739880000,2914.31,2918.925,2912.23,2918.185
1739883600,2918.145,2921.37,2913.49,2918.77
1739887200,2918.785,2928.775,2917.88,2927.985
1739890800,2928.05,2929.77,2923.63,2927.14
1739894400,2927.135,2933.78,2924.38,2932.955
1739898000,2932.945,2933.745,2929.65,2931.22
1739901600,2931.215,2933.78,2928.415,2933.355
1739905200,2933.305,2936.955,2932.035,2935.79
1739908800,2935.765,2936.76,2932.485,2933.605
1739912400,2933.585,2936.635,2933.32,2935.465
1739919600,2935.06,2935.645,2933.22,2933.995
1739923200,2934.005,2934.35,2928.555,2929.34
1739926800,2929.32,2939.74,2928.21,2938.515
1739930400,2938.53,2939.69,2924.21,2929.31
1739934000,2929.315,2930.6,2925.015,2928.955
1739937600,2928.93,2929.7,2926.705,2929.335
1739941200,2929.405,2934.6,2928.02,2932.97
1739944800,2932.94,2935.96,2930.86,2931.715
1739948400,2931.735,2935.865,2930.455,2934.265
1739952000,2934.24,2940.17,2933.835,2938.775
1739955600,2938.78,2946.7,2938.32,2945.475
1739959200,2945.4,2947.08,2942.785,2944.965
1739962800,2944.93,2946.2,2934.28,2935.14
1739966400,2935.135,2936.91,2931.41,2933.52
1739970000,2933.565,2941.72,2932.52,2936.385
1739973600,2936.37,2940.58,2930.31,2938.195
1739977200,2938.19,2939.29,2925.47,2925.755
1739980800,2925.74,2931.065,2923.05,2928.165
1739984400,2928.16,2929.935,2921.58,2923.895
1739988000,2923.88,2926.825,2918.64,2925.34
1739991600,2925.365,2932.405,2923.55,2931.805
1739995200,2931.8,2936.665,2931.405,2935.95
1739998800,2935.98,2937.43,2932.475,2933.26
1740006000,2934.175,2936.34,2933.855,2935.57
1740009600,2935.565,2941.365,2935.555,2941.01
1740013200,2941,2942.45,2934.725,2937.03
1740016800,2937.035,2941.715,2933.97,2941.04
1740020400,2941.01,2944.19,2940.78,2941.96
1740024000,2941.98,2942.615,2939.5,2940.085
1740027600,2940.2,2946.87,2939.56,2946.825
1740031200,2946.83,2949.015,2943.99,2947.865
1740034800,2947.87,2954.42,2946.49,2948.96
1740038400,2948.985,2954.83,2948.985,2954.595
1740042000,2954.63,2954.955,2949.815,2951.555
1740045600,2951.595,2954.94,2949.245,2952.335
1740049200,2952.35,2952.995,2947.33,2948.785
1740052800,2948.83,2950.85,2938.84,2945.585
1740056400,2945.505,2947.84,2933.845,2933.965
1740060000,2933.95,2940.12,2924.035,2934.86
1740063600,2935.15,2939.705,2931.845,2938.585
1740067200,2938.62,2945.69,2936.045,2943.115
1740070800,2943.115,2947.09,2940.065,2940.505
1740074400,2940.415,2942.495,2937.41,2941.885
1740078000,2941.97,2942.045,2933.555,2938.065
1740081600,2938.065,2938.79,2935.565,2937.925
1740085200,2937.825,2940.325,2937.455,2939.385
1740092400,2939.43,2943.465,2938.865,2941.785
1740096000,2941.8,2942.84,2937.25,2940.115
1740099600,2940.125,2949.93,2926.98,2928.86
1740103200,2928.83,2941.21,2926.475,2939.33
1740106800,2939.305,2939.915,2927.195,2931.165
1740110400,2931.155,2932.33,2926.645,2928.545
1740114000,2928.59,2934.215,2924.265,2930.18
1740117600,2930.17,2931.55,2925.66,2929.65
1740121200,2929.645,2933.11,2929.11,2930.01
1740124800,2929.89,2931.295,2916.82,2923.44
1740128400,2923.435,2929.665,2923.175,2929.375
1740132000,2929.36,2931.12,2929.015,2930.7
1740135600,2930.71,2936.14,2928.1,2928.4
1740139200,2928.41,2935.22,2927.67,2930.155
1740142800,2930.215,2934.72,2927.04,2931.025
1740146400,2931.005,2939.17,2928.22,2933.92
1740150000,2933.585,2935.76,2921.61,2928.78
1740153600,2928.79,2938.56,2927.47,2936.775
1740157200,2936.8,2941.775,2936.185,2939.805
1740160800,2939.825,2942.88,2937.79,2941.85
1740164400,2941.865,2942.695,2933.015,2933.54
1740168000,2933.51,2937.25,2932.525,2934.7
1740171600,2934.665,2938.47,2932.05,2936.26
1740351600,2939.785,2940.535,2936.605,2936.92
1740355200,2936.915,2937.94,2929.76,2930.09
1740358800,2930.02,2931.205,2921.475,2928.125
1740362400,2927.96,2940.895,2925.105,2940.83
1740366000,2940.69,2944.76,2939.99,2941.205
1740369600,2941.13,2943.03,2937.91,2940.995
1740373200,2941.085,2942.24,2935.665,2936.27
1740376800,2936.275,2941.965,2935.265,2938.85
1740380400,2938.855,2945.02,2938.31,2944.015
1740384000,2944.04,2948.88,2938.33,2946.48
1740387600,2946.45,2948.33,2942.83,2944.36
1740391200,2944.35,2944.755,2935.02,2938.335
1740394800,2938.37,2948.2,2937.84,2947.685
1740398400,2947.675,2951.32,2945.52,2946.685
1740402000,2946.68,2954.715,2946.455,2954.57
1740405600,2954.58,2956.31,2934.77,2938.62
1740409200,2938.615,2940.605,2930.81,2936.58
1740412800,2936.57,2943.67,2936.545,2943.515
1740416400,2943.525,2944.87,2941.145,2943.325
1740420000,2943.36,2948.1,2942.85,2947.48
1740423600,2947.485,2950.055,2946.865,2949.25
1740427200,2949.24,2951.65,2947.07,2950.585
1740430800,2950.59,2953.185,2950.375,2952.065
1740438000,2952.84,2953.425,2948.305,2950.145
1740441600,2950.11,2952.54,2948.525,2949.67
1740445200,2949.69,2952.545,2945.28,2949.55
1740448800,2949.515,2952.29,2947.245,2948.725
1740452400,2948.695,2949.535,2937.535,2939.55
1740456000,2939.545,2939.79,2935.14,2936.935
1740459600,2936.92,2941.06,2936.78,2938.025
1740463200,2937.935,2938.54,2933.595,2936.005
1740466800,2936.03,2940.66,2930.72,2931.745
1740470400,2931.73,2942.405,2929.64,2941.645
1740474000,2941.595,2942.415,2937.475,2938.955
1740477600,2938.94,2941.705,2937.335,2937.475
1740481200,2937.48,2940.695,2937.09,2938.745
1740484800,2938.74,2941.405,2923.98,2928.71
1740488400,2928.805,2938.03,2926.195,2937.555
1740492000,2937.57,2944.93,2931.98,2932.79
1740495600,2932.775,2934.89,2900.565,2906.015
1740499200,2906.02,2906.92,2888.18,2896.445
1740502800,2896.43,2909.035,2893.75,2907.725
1740506400,2907.755,2912.325,2905.445,2909.48
1740510000,2909.425,2913.98,2905.675,2912.095
1740513600,2912.11,2913.38,2910.89,2912.795
1740517200,2912.78,2917.335,2912.65,2915.045
1740524400,2915.835,2918.935,2913.775,2918.63
1740528000,2918.62,2926.315,2918.61,2923.605
1740531600,2923.655,2930.18,2915.345,2917.97
1740535200,2917.94,2923.11,2914.86,2921.225
1740538800,2921.23,2921.77,2916.57,2917.26
1740542400,2917.225,2919.045,2912.72,2915.075
1740546000,2915.04,2921.13,2914.87,2915.51
1740549600,2915.515,2916.27,2906.75,2906.78
1740553200,2906.795,2917.64,2905.905,2915.49
1740556800,2915.46,2918.41,2909.69,2918.105
1740560400,2918.09,2919.14,2912.205,2913.14
1740564000,2913.17,2916.91,2910.995,2912.705
1740567600,2912.695,2915.56,2912.225,2913.93
1740571200,2913.91,2915.655,2910.165,2913.96
1740574800,2913.975,2915.155,2905.595,2906.02
1740578400,2906.03,2906.205,2890.865,2901.695
1740582000,2901.56,2914.39,2898.605,2913.39
1740585600,2913.415,2916.835,2909.93,2913.15
1740589200,2913.145,2916.375,2910.42,2913.925
1740592800,2913.87,2916.19,2912.425,2914.97
1740596400,2914.965,2916.215,2913.4,2913.975
1740600000,2913.95,2916.79,2912.1,2916.315
1740603600,2916.26,2918.845,2916.04,2916.275
1740610800,2915.98,2920.815,2915.965,2919.41
1740614400,2919.405,2919.405,2916.01,2917.19
1740618000,2917.145,2918.38,2911.095,2912.68
1740621600,2912.705,2914.98,2904.41,2906.79
1740625200,2906.785,2909.225,2905.375,2905.875
1740628800,2905.81,2906.47,2896.355,2897.515
1740632400,2897.56,2898.72,2888.605,2890.935
1740636000,2890.88,2898.49,2890.495,2894.34
1740639600,2894.345,2896.775,2888.055,2892.035
1740643200,2892.045,2892.15,2880.72,2881.405
1740646800,2881.365,2893.535,2877.17,2887.585
1740650400,2887.6,2895.185,2886.62,2892.345
1740654000,2892.37,2895.025,2883.45,2884.105
1740657600,2884.095,2888.89,2883.255,2885.2
1740661200,2885.18,2892.215,2881.25,2889.145
1740664800,2889.125,2892.495,2867.795,2872.41
1740668400,2872.315,2882.655,2870.555,2872.355
1740672000,2872.405,2878.27,2871.9,2877.61
1740675600,2877.585,2883.84,2876.14,2883.305
1740679200,2883.225,2887.465,2882.89,2887.46
1740682800,2887.525,2887.745,2877.31,2879.345
1740686400,2879.36,2879.44,2872.83,2873.93
1740690000,2873.96,2878.085,2871.285,2877.195
1740697200,2876.52,2878.44,2875.1,2875.885
1740700800,2875.88,2880.315,2874.945,2877.03
1740704400,2877.035,2885.24,2873.94,2874.89
1740708000,2874.85,2877.915,2870.545,2873.395
1740711600,2873.385,2876.445,2863.745,2865.83
1740715200,2865.755,2866.13,2856.975,2863.525
1740718800,2863.455,2867.2,2861.87,2864.26
1740722400,2864.34,2866.735,2862.075,2863.72
1740726000,2863.69,2865.325,2857.465,2858.72
1740729600,2858.68,2860.49,2851.115,2856.145
1740733200,2856.13,2864.365,2855.95,2862.42
1740736800,2862.425,2864.985,2860.815,2862.905
1740740400,2862.905,2863.81,2859.185,2862.365
1740744000,2862.415,2865.025,2854.39,2856.44
1740747600,2856.49,2862.26,2848.37,2848.565
1740751200,2848.6,2851.85,2833.545,2834.095
1740754800,2834.01,2850.805,2832.72,2850.275
1740758400,2850.29,2854.035,2846.385,2848.705
1740762000,2848.69,2851.645,2844.655,2845.2
1740765600,2845.175,2847.765,2838.135,2845.35
1740769200,2845.33,2850.96,2844.2,2849.6
1740772800,2849.58,2855.2,2847.73,2854.76
1740776400,2854.765,2859.58,2853.355,2858.14
1740956400,2873.14,2876.85,2864.42,2871.125
1740960000,2871.09,2871.525,2865.335,2865.95
1740963600,2865.98,2872.15,2864.26,2870.97
1740967200,2870.965,2871.995,2867.75,2868.15
1740970800,2868.17,2868.17,2859.47,2864.87
1740974400,2864.86,2868.515,2863.195,2867.42
1740978000,2867.395,2867.45,2861.33,2863.995
1740981600,2863.94,2866.1,2861.815,2865.595
1740985200,2865.59,2866.41,2860.285,2863.325
1740988800,2863.365,2868.93,2859,2868.69
1740992400,2868.685,2871.565,2864.375,2867.495
1740996000,2867.52,2873.705,2867.275,2871.935
1740999600,2872.01,2875.575,2871.39,2874.49
1741003200,2874.38,2877.775,2874.1,2875.685
1741006800,2875.685,2876.325,2868.95,2872.72
1741010400,2872.53,2883.05,2871.365,2877.725
1741014000,2877.305,2890.53,2874,2887.925
1741017600,2887.97,2893.2,2886.115,2891.64
1741021200,2891.625,2893.015,2887.39,2890.91
1741024800,2890.905,2892.45,2886.66,2890
1741028400,2889.95,2891.28,2879.83,2881.67
1741032000,2881.65,2891.58,2878.435,2890.675
1741035600,2890.745,2895.21,2890.21,2892.985
1741042800,2892.7,2893.305,2890.635,2890.895
1741046400,2890.88,2893.85,2890.135,2891.945
1741050000,2891.995,2893.07,2881.98,2888.41
1741053600,2888.405,2889.37,2884.875,2885.535
1741057200,2885.51,2893.15,2885.06,2888.655
1741060800,2888.525,2892.7,2886.735,2891.37
1741064400,2891.395,2894.415,2888.515,2889.76
1741068000,2889.755,2889.87,2884.525,2887.445
1741071600,2887.445,2901.65,2887.115,2900.03
1741075200,2899.99,2918.735,2896.785,2914.22
1741078800,2914.31,2921.225,2912.63,2918.105
1741082400,2918.1,2918.175,2912.08,2914.725
1741086000,2914.695,2921.81,2913.02,2920.08
1741089600,2920.12,2925.625,2918.71,2924.935
1741093200,2925.03,2927.91,2919.81,2922.615
1741096800,2922.63,2923.08,2903.345,2903.365
1741100400,2903.385,2912.405,2900.39,2906.145
1741104000,2906.13,2916.11,2903.765,2915.18
1741107600,2915.21,2916.46,2911.105,2911.67
1741111200,2911.645,2915.275,2908.305,2911.375
1741114800,2911.39,2916.525,2911.26,2916.25
1741118400,2916.25,2920.61,2914.45,2917.285
1741122000,2917.3,2918.48,2913.435,2917.85
1741129200,2917.885,2917.885,2914.295,2914.39
1741132800,2914.405,2917.41,2912.27,2914.08
1741136400,2914.105,2915.23,2903.525,2907.24
1741140000,2907.26,2914.605,2902.04,2904.51
1741143600,2904.515,2913.6,2903.47,2908.76
1741147200,2908.79,2912.695,2908.62,2910.605
1741150800,2910.56,2918.975,2910.15,2918.905
1741154400,2918.87,2921.855,2913.595,2917.2
1741158000,2917.21,2919.825,2913.05,2918.15
1741161600,2918.145,2922,2916.865,2920.085
1741165200,2920.095,2922.675,2913.44,2919.02
1741168800,2919.04,2919.33,2909.1,2913.29
1741172400,2913.27,2917.35,2912.055,2913.265
1741176000,2913.31,2919.39,2912.39,2916.29
1741179600,2916.395,2916.68,2894.35,2900.04
1741183200,2900.03,2917.255,2897.795,2912.005
1741186800,2910.805,2923.985,2907.905,2917.26
1741190400,2917.25,2929.98,2915.295,2923.87
1741194000,2923.89,2925.35,2913.485,2916.055
1741197600,2916.07,2920.785,2911.88,2917.505
1741201200,2917.56,2921.43,2916.365,2920.545
1741204800,2920.53,2923.11,2919.55,2922.22
1741208400,2922.205,2922.46,2917.865,2919.265
1741215600,2918.685,2919.115,2916.835,2918.315
1741219200,2918.28,2920.405,2916.6,2916.745
1741222800,2916.74,2925.805,2916.01,2924.74
1741226400,2924.725,2926.72,2923.11,2925.71
1741230000,2925.715,2925.715,2920.13,2921.27
1741233600,2921.245,2921.585,2916.485,2917.54
1741237200,2917.48,2920.74,2914.63,2919.975
1741240800,2919.98,2923.11,2919.915,2920.705
1741244400,2920.705,2922.535,2909.81,2910.135
1741248000,2910.105,2911.595,2901.1,2904.845
1741251600,2904.85,2905.415,2891.15,2894.225
1741255200,2894.245,2905.34,2892.03,2899.39
1741258800,2899.335,2907.69,2898.685,2905.89
1741262400,2905.875,2907.16,2899.365,2903.345
1741266000,2903.35,2909.435,2900.865,2904.595
1741269600,2904.55,2916.67,2903.445,2915.215
1741273200,2915.22,2922.85,2909.21,2914.55
1741276800,2914.58,2918.515,2912.645,2917.235
1741280400,2917.245,2921.525,2914.46,2915.57
1741284000,2915.585,2920.77,2913.915,2916.235
1741287600,2916.245,2917.765,2912.355,2914.03
1741291200,2914.01,2916.6,2908.525,2908.895
1741294800,2908.9,2911.97,2908.45,2911.1
1741302000,2912.935,2913.48,2910.045,2910.395
1741305600,2910.385,2910.41,2896.91,2904.78
1741309200,2904.815,2910.37,2901.57,2906.965
1741312800,2906.96,2909.26,2901.345,2908.2
1741316400,2908.205,2909.135,2904.02,2905.465
1741320000,2905.41,2908.41,2904.825,2906.645
1741323600,2906.67,2912.54,2906.445,2909.66
1741327200,2909.655,2914.82,2907.82,2913.57
1741330800,2913.57,2917.41,2911.72,2917.2
1741334400,2917.22,2923.08,2915.31,2922.48
1741338000,2922.46,2923.18,2920.245,2921.62
1741341600,2921.605,2922.13,2917.155,2917.935
1741345200,2917.94,2922.105,2916.735,2918.85
1741348800,2918.86,2922.835,2918.08,2918.77
1741352400,2918.745,2926.425,2910.175,2913.835
1741356000,2913.8,2928.81,2903.83,2926.815
1741359600,2926.77,2930.54,2908.66,2915.875
1741363200,2915.855,2919.47,2911.685,2914.17
1741366800,2914.19,2916.35,2905.075,2908.325
1741370400,2908.27,2908.75,2902.065,2906.625
1741374000,2906.71,2909.58,2904.68,2905.305
1741377600,2905.305,2911.26,2904.865,2909.765
1741381200,2909.755,2912.695,2908.52,2909.55
1741557600,2912.41,2915.32,2909.93,2911.98
1741561200,2911.995,2917.08,2911.595,2916.34
1741564800,2916.33,2918.07,2913.035,2913.865
1741568400,2913.94,2918.385,2911.375,2912.155
1741572000,2912.215,2914.605,2909.53,2911.535
1741575600,2911.51,2913.585,2908.335,2911.045
1741579200,2911.035,2912.675,2910.38,2910.98
1741582800,2911,2911.975,2907.035,2909.985
1741586400,2910.05,2914.7,2909.41,2914.44
1741590000,2914.475,2915.59,2904.365,2908.52
1741593600,2908.49,2910.67,2897.625,2897.935
1741597200,2897.84,2915.595,2896.71,2911.215
1741600800,2911.2,2911.295,2898.425,2903.055
1741604400,2903.035,2904.805,2895.7,2904.22
1741608000,2904.235,2907.715,2900.405,2906.8
1741611600,2906.8,2908.675,2897.705,2903.79
1741615200,2903.795,2909.215,2900.995,2908.115
1741618800,2908.125,2910.635,2900.64,2904.57
1741622400,2904.59,2906.895,2895.9,2895.975
1741626000,2895.965,2896.175,2882.82,2886.135
1741629600,2886.105,2889.735,2880.31,2885.665
1741633200,2885.6,2891.065,2880.355,2885.59
1741636800,2885.575,2889.605,2884.45,2889.5
1741644000,2889.865,2889.96,2884.115,2884.655
1741647600,2884.66,2885.875,2882.43,2884.79
1741651200,2884.865,2888.78,2884.33,2887.415
1741654800,2887.54,2891.075,2880.25,2890.65
1741658400,2890.62,2900.515,2890.015,2899.175
1741662000,2899.18,2899.47,2895.21,2896.915
1741665600,2896.905,2898.685,2895.515,2897.77
1741669200,2897.755,2899.185,2892.815,2895.93
1741672800,2896,2902.89,2893.62,2902.35
1741676400,2902.34,2903.7,2897.585,2901.11
1741680000,2901.13,2910.675,2900.555,2910.01
1741683600,2910.015,2912.54,2908.935,2911.825
1741687200,2911.815,2914.595,2910.945,2912.105
1741690800,2912.115,2915.48,2910.81,2913.615
1741694400,2913.7,2916.11,2910.66,2913.11
1741698000,2913.115,2922.225,2906.89,2918.2
1741701600,2918.195,2920.905,2911.77,2914.195
1741705200,2914.195,2919.97,2914.1,2916.85
1741708800,2916.845,2918.145,2915.22,2917.2
1741712400,2917.225,2920.755,2914.21,2917.83
1741716000,2917.77,2919.59,2915.285,2918.355
1741719600,2918.34,2921.4,2917.51,2918.395
1741723200,2918.4,2919.095,2915.135,2915.695
1741730400,2915.36,2918.265,2914.435,2917.72
1741734000,2917.79,2919.755,2915.475,2915.555
1741737600,2915.575,2915.585,2912.23,2914.25
1741741200,2914.255,2917.48,2910.9,2915
1741744800,2914.93,2918.39,2914.055,2916.36
1741748400,2916.35,2920.11,2914.95,2915.035
1741752000,2915.055,2916.09,2912.63,2914.985
1741755600,2914.94,2916.57,2912.165,2916.035
1741759200,2916.06,2921.185,2911.435,2911.95
1741762800,2911.91,2915.755,2909.095,2914.655
1741766400,2914.605,2922.28,2914.175,2922.27
1741770000,2922.28,2925.39,2913.74,2914.73
1741773600,2914.705,2917.065,2912.86,2914.41
1741777200,2914.385,2916.855,2912.795,2915.39
1741780800,2915.4,2923.295,2912.15,2917.56
1741784400,2917.545,2918.855,2906.11,2915.595
1741788000,2915.58,2922.57,2914.36,2921.985
1741791600,2921.97,2929.49,2921.485,2928.46
1741795200,2928.59,2939.195,2928,2936.235
1741798800,2936.265,2940.69,2935.945,2936.21
1741802400,2936.235,2937.455,2933.88,2935.21
1741806000,2935.175,2935.695,2931,2931.405
1741809600,2931.35,2934.31,2930.965,2933.61
1741816800,2934.88,2939.075,2934.13,2938.205
1741820400,2938.215,2939.495,2934.795,2938.195
1741824000,2938.15,2939.49,2937.645,2938.71
1741827600,2938.685,2941.56,2936.64,2937.92
1741831200,2937.835,2946.145,2937.55,2944.38
1741834800,2944.375,2947.195,2943.13,2945.755
1741838400,2945.71,2946.31,2943.515,2944.76
1741842000,2944.7,2945.1,2938.31,2940.14
1741845600,2940.055,2940.355,2935.515,2936.955
1741849200,2936.95,2938.19,2932.98,2935.32
1741852800,2935.34,2945.01,2934.885,2941.54
1741856400,2941.545,2948.93,2941.12,2947.835
1741860000,2947.84,2948.695,2942.13,2944.15
1741863600,2944.165,2948.65,2944.165,2946.395
1741867200,2946.39,2949.3,2941.22,2942.575
1741870800,2942.59,2952.542,2939.09,2950.49
1741874400,2950.485,2971.26,2949.955,2970.05
1741878000,2970.07,2978.45,2966.545,2977.9
1741881600,2977.915,2985.29,2976.695,2980.16
1741885200,2980.155,2982.27,2976.525,2979.555
1741888800,2979.57,2984.425,2979.195,2983.325
1741892400,2983.36,2985.57,2980.605,2982.94
1741896000,2982.965,2989.3,2981.345,2988.695
1741903200,2984.23,2990.055,2983.345,2987.31
1741906800,2987.315,2989.365,2985.445,2986.465
1741910400,2986.46,2988.83,2984.71,2986.76
1741914000,2986.755,2990.275,2981.715,2988.07
1741917600,2988.015,2988.605,2983.845,2984.095
1741921200,2984.065,2992.975,2983.865,2992.7
1741924800,2992.77,2994,2984.49,2985.535
1741928400,2985.555,2986.795,2981.96,2986.525
1741932000,2986.55,2987.76,2981.285,2985.745
1741935600,2985.705,2987.1,2980.915,2986.975
1741939200,2986.965,2993.36,2985.28,2993
1741942800,2992.995,2999.585,2992.71,2998.795
1741946400,2998.805,3005.04,2986.69,2993.445
1741950000,2993.465,2999.265,2993.345,2993.56
1741953600,2993.535,2999.715,2993.43,2993.955
1741957200,2993.965,2996.23,2983.2,2985.69
1741960800,2985.59,2993.455,2982.035,2985.46
1741964400,2985.5,2986.6,2978.505,2984.62
1741968000,2984.605,2990.08,2982.995,2989.885
1741971600,2989.875,2990.51,2986.425,2986.625
1741975200,2986.635,2987.14,2983.205,2983.475
1741978800,2983.465,2986.08,2982.255,2984.01
1741982400,2983.975,2988.875,2981.85,2984.91
1742162400,2988.225,2990.765,2986.29,2989.16
1742166000,2989.185,2994.235,2988.38,2990.125
1742169600,2990.21,2991.165,2986.415,2991.005
1742173200,2990.97,2993.235,2988.79,2990.89
1742176800,2990.895,2992.105,2987.04,2988.125
1742180400,2988.115,2988.76,2985.405,2987.035
1742184000,2987.02,2987.935,2982.485,2982.71
1742187600,2982.77,2986.23,2982.34,2986.145
1742191200,2986.2,2990.83,2985.48,2989.985
1742194800,2989.935,2990.035,2984.18,2985.545
1742198400,2985.575,2988.515,2983.175,2988.515
1742202000,2988.51,2996.955,2987.63,2995.79
1742205600,2995.785,2999.705,2994.79,2999.03
1742209200,2999.05,3001.19,2996.41,2997.55
1742212800,2997.545,2997.92,2984.93,2987.275
1742216400,2987.27,2991.45,2986.14,2988.43
1742220000,2988.415,3000.55,2987.245,2998.72
1742223600,2998.755,2999.45,2992.965,2997.255
1742227200,2997.26,2997.835,2993.125,2994.57
1742230800,2994.6,2999.545,2994.6,2997.955
1742234400,2997.95,3000.415,2996.945,2999.405
1742238000,2999.41,3000.925,2997.735,3000.355
1742241600,3000.32,3001.975,3000.16,3001.13
1742248800,3001.16,3001.265,3000.095,3000.34
1742252400,3000.33,3002.89,2999.655,2999.81
1742256000,2999.805,3003.615,2999.59,3001.565
1742259600,3001.48,3008.555,2999.46,3005.83
1742263200,3005.82,3012.24,3002.9,3010.955
1742266800,3010.96,3015.21,3009.645,3011.515
1742270400,3011.535,3017.2,3011.32,3014.47
1742274000,3014.465,3014.85,3006.145,3011.96
1742277600,3012.02,3017.895,3010.67,3015.86
1742281200,3015.87,3019,3014.59,3016.63
1742284800,3016.655,3027.28,3016.485,3026.595
1742288400,3026.64,3028.52,3018.225,3020.25
1742292000,3020.21,3025.845,3019.695,3024.16
1742295600,3024.17,3029.595,3022.53,3026.92
1742299200,3026.905,3035.96,3026.805,3034.36
1742302800,3034.37,3038.35,3026.25,3033.34
1742306400,3033.325,3033.325,3024.805,3028.055
1742310000,3028.075,3032.69,3025.265,3031.8
1742313600,3031.785,3037.035,3030.56,3036.14
1742317200,3036.115,3036.38,3029.83,3032.605
1742320800,3032.6,3036.445,3032.47,3035.93
1742324400,3035.915,3038.065,3035.275,3035.63
1742328000,3035.68,3036.095,3033.385,3034.115
1742335200,3033.97,3034.635,3032.775,3034.505
1742338800,3034.535,3035.07,3031.56,3031.79
1742342400,3031.765,3034.035,3030.53,3031.485
1742346000,3031.46,3032.73,3027.45,3029.51
1742349600,3029.47,3033.915,3029.1,3033.465
1742353200,3033.47,3039.045,3032.315,3036.335
1742356800,3036.325,3037.73,3034.32,3036.55
1742360400,3036.625,3045.41,3036.575,3044.59
1742364000,3044.625,3044.84,3034.5,3042.34
1742367600,3042.33,3042.95,3035.59,3035.945
1742371200,3035.975,3037.19,3024.79,3025.34
1742374800,3025.31,3031.545,3022.885,3030.64
1742378400,3030.62,3037.865,3028.415,3034.725
1742382000,3034.72,3039.985,3033.775,3038.99
1742385600,3038.975,3041.1,3036.37,3037.245
1742389200,3037.25,3038.285,3027.705,3033.425
1742392800,3033.415,3033.415,3025.96,3027.67
1742396400,3027.64,3033.255,3026.865,3031.56
1742400000,3031.595,3038.455,3031.405,3033.135
1742403600,3033.15,3034.265,3029.52,3030.695
1742407200,3030.7,3048.83,3030.11,3046.94
1742410800,3047.045,3051.97,3041.02,3048.045
1742414400,3048.03,3048.295,3044.385,3047.14
1742421600,3048.72,3050.745,3047.285,3050.245
1742425200,3050.24,3051.28,3048.79,3050.14
1742428800,3050.155,3055.62,3050.155,3053.285
1742432400,3053.315,3056.23,3049.45,3049.69
1742436000,3049.705,3052.25,3045.08,3045.76
1742439600,3045.755,3050.495,3045.565,3050.005
1742443200,3049.975,3057.59,3048.21,3052.42
1742446800,3052.53,3053.485,3045.005,3046.97
1742450400,3047,3051.625,3045.765,3049.025
1742454000,3049.045,3049.045,3041.855,3042.34
1742457600,3042.375,3043.945,3038.805,3042.055
1742461200,3042.045,3046.36,3040.73,3041.53
1742464800,3041.525,3041.525,3025.73,3034.34
1742468400,3034.345,3035.27,3029.38,3034.52
1742472000,3034.56,3042.38,3033.465,3040.925
1742475600,3040.92,3041.145,3030.045,3033.005
1742479200,3032.95,3040.885,3030.695,3040.24
1742482800,3040.19,3041.915,3037.68,3040.82
1742486400,3040.835,3043.27,3034.03,3038.33
1742490000,3038.37,3041.975,3034.85,3041.795
1742493600,3041.805,3045.425,3040.92,3043.33
1742497200,3043.285,3046.225,3043.285,3044.715
1742500800,3044.74,3045.945,3044.39,3044.66
1742508000,3045.005,3046.055,3043.54,3045.828
1742511600,3045.835,3046.68,3044.59,3046.49
1742515200,3046.485,3047.55,3042.42,3042.925
1742518800,3042.95,3044.635,3035.895,3035.95
1742522400,3035.94,3037.08,3033.845,3034.75
1742526000,3034.685,3034.745,3030.095,3030.665
1742529600,3030.66,3032.06,3028.065,3029.88
1742533200,3029.92,3030.38,3021.845,3028.105
1742536800,3028.11,3034.13,3027.55,3029.875
1742540400,3029.885,3033.52,3028.135,3032.1
1742544000,3032.11,3034.91,3027.16,3033.02
1742547600,3032.975,3033.145,3027.8,3029.7
1742551200,3029.685,3033.57,3029.68,3030.955
1742554800,3030.865,3037.725,3029.04,3034.355
1742558400,3034.35,3038.195,3033.555,3034.115
1742562000,3034.11,3036.95,3004.27,3006.655
1742565600,3006.62,3016.815,2999.465,3015.765
1742569200,3015.8,3017.93,3010.095,3011.18
1742572800,3011.155,3017.065,3010.7,3015.25
1742576400,3015.31,3018.37,3012.885,3013.735
1742580000,3013.725,3021.73,3013.515,3017.53
1742583600,3017.495,3022.01,3016.04,3019.985
1742587200,3020.035,3024.275,3019.95,3023.985
1742767200,3023.165,3026.19,3022.43,3025.655
1742770800,3025.685,3026.41,3023.39,3024.865
1742774400,3024.73,3025.57,3017.06,3018.41
1742778000,3018.485,3025.705,3018.185,3020.965
1742781600,3021.07,3024.58,3013.755,3016.415
1742785200,3016.365,3019.84,3015.695,3016.955
1742788800,3017.02,3020.145,3016.635,3019.52
1742792400,3019.51,3023.27,3018.985,3022.135
1742796000,3022.025,3025.73,3017.385,3025.08
1742799600,3025.14,3028.88,3021,3022.36
1742803200,3022.35,3029.05,3021.865,3028.9
1742806800,3028.995,3031.05,3022.64,3023.665
1742810400,3023.645,3033.34,3023.465,3028.105
1742814000,3028.1,3029.295,3024.45,3024.64
1742817600,3024.65,3028.74,3022.415,3024.205
1742821200,3024.18,3028.37,3019.25,3022.615
1742824800,3022.535,3024.1,3008.05,3012.12
1742828400,3012.13,3015.31,3005.88,3014.18
1742832000,3014.19,3015.71,3008.025,3009.835
1742835600,3009.82,3010.005,3005.935,3007.135
1742839200,3007.115,3008.15,3002.495,3006.79
1742842800,3006.84,3008.29,3005.07,3006.155
1742846400,3006.105,3014.59,3005.655,3012.15
1742853600,3011.705,3012.355,3009.025,3011.5
1742857200,3011.515,3012.47,3009.47,3010.045
1742860800,3010.21,3014.985,3009.205,3014.47
1742864400,3014.46,3014.68,3010.515,3011.88
1742868000,3011.9,3012.435,3007.54,3009.14
1742871600,3009.155,3016.28,3008.66,3015.235
1742875200,3015.295,3016.465,3014.76,3015.315
1742878800,3015.29,3021.135,3014.315,3018.435
1742882400,3018.43,3018.745,3014.79,3017.76
1742886000,3017.765,3018.115,3010.595,3011.225
1742889600,3011.23,3021.89,3010.655,3021.41
1742893200,3021.325,3023.635,3018.975,3023.365
1742896800,3023.355,3024.97,3020.63,3023.62
1742900400,3023.615,3026.59,3020.46,3020.74
