time,open,high,low,close
1707800400,2019.01,2021.73,2019.01,2020.835
1707804000,2020.835,2024.14,2020.79,2023.735
1707807600,2023.735,2025.83,2023.51,2025.285
1707811200,2025.285,2026.365,2024.57,2026.205
1707814800,2026.205,2026.99,2025.205,2026.755
1707818400,2026.755,2028.06,2026.11,2026.635
1707822000,2026.635,2029.4,2026.2,2027.705
1707825600,2027.705,2029.03,2027.435,2028.31
1707829200,2028.31,2031.588,2003.055,2004.465
1707832800,2004.465,2005.98,1992.565,1995.785
1707836400,1995.785,1996.095,1990.155,1992.305
1707840000,1992.305,1997.92,1991.985,1994.975
1707843600,1994.975,1996.09,1992.85,1993.75
1707847200,1993.75,1995.86,1993.215,1993.575
1707850800,1993.575,1993.875,1991.35,1991.86
1707854400,1991.86,1993.74,1991.31,1992.69
1707858000,1992.69,1993.695,1992.27,1993.09
1707865200,1993.09,1993.09,1990.8,1991.595
1707868800,1991.595,1993.3,1990.9,1992.7
1707872400,1992.7,1992.94,1988.895,1992.9
1707876000,1992.9,1993.645,1991.21,1992.28
1707879600,1992.28,1993.125,1991.3,1992.505
1707883200,1992.505,1992.95,1992.085,1992.44
1707886800,1992.44,1993.41,1992.225,1993.02
1707890400,1993.02,1993.025,1991.05,1992.42
1707894000,1992.42,1993.185,1989.44,1989.525
1707897600,1989.525,1990.705,1986.08,1988.52
1707901200,1988.52,1991.645,1988.44,1991.31
1707904800,1991.31,1993.475,1990.16,1992.955
1707908400,1992.955,1993.35,1990.73,1992.345
1707912000,1992.345,1993.325,1989.64,1990.33
1707915600,1990.33,1993.245,1988.77,1989.205
1707919200,1989.205,1992.38,1986.295,1987.485
1707922800,1987.485,1989.07,1984.305,1987.915
1707926400,1987.915,1993.705,1987.54,1993.23
1707930000,1993.23,1995.35,1990.835,1994.415
1707933600,1994.415,1996.155,1991.16,1991.76
1707937200,1991.76,1992.04,1989.88,1991.83
1707940800,1991.83,1991.93,1989.695,1991.17
1707944400,1991.17,1993.02,1990.44,1992.365
1707951600,1992.365,1993.945,1992.365,1993.8
1707955200,1993.8,1994.37,1992.63,1993.77
1707958800,1993.77,1994.395,1992.395,1992.6
1707962400,1992.6,1993.6,1992.155,1993.19
1707966000,1993.19,1993.35,1990.325,1990.865
1707969600,1990.865,1992.23,1990.525,1992.095
1707973200,1992.095,1993.01,1991.85,1991.99
1707976800,1991.99,1993.47,1991.655,1993.3
1707980400,1993.3,1994.815,1992.29,1993.92
1707984000,1993.92,1996.085,1993.575,1995.265
1707987600,1995.265,1996.84,1993.925,1996.46
1707991200,1996.46,1998.07,1995.77,1996.08
1707994800,1996.08,1998.19,1995.855,1997.58
1707998400,1997.58,1999.18,1996.47,1998.05
1708002000,1998.05,2004.4,1995.61,2003.87
1708005600,2003.87,2008.34,2001.57,2003.805
1708009200,2003.805,2008.205,1999.88,2000.88
1708012800,2000.88,2001.57,1998.505,2000.275
1708016400,2000.275,2004.645,2000.17,2003.675
1708020000,2003.675,2004.97,2002.825,2004.58
1708023600,2004.58,2006.51,2003.71,2005.2
1708027200,2005.2,2005.225,2003.575,2004.48
1708030800,2004.48,2004.765,2003.96,2004.4
1708038000,2004.4,2004.83,2003.46,2003.5
1708041600,2003.5,2003.78,2002.42,2002.635
1708045200,2002.635,2005.71,2002.51,2005.585
1708048800,2005.585,2005.695,2004.1,2004.585
1708052400,2004.585,2004.91,2003.435,2004.38
1708056000,2004.38,2004.405,2003.355,2003.705
1708059600,2003.705,2004.815,2003.47,2004.555
1708063200,2004.555,2004.815,2002.785,2003.81
1708066800,2003.81,2006.575,2003.48,2005.245
1708070400,2005.245,2005.755,2003.93,2005.02
1708074000,2005.02,2006.485,2004.29,2005.12
1708077600,2005.12,2007.615,2004.795,2007.255
1708081200,2007.255,2007.855,2006.295,2007.375
1708084800,2007.375,2008.19,2006.505,2006.9
1708088400,2006.9,2007.045,1995.16,2001.52
1708092000,2001.52,2003.455,1995.39,1998.11
1708095600,1998.11,2011.09,1997.465,2007.98
1708099200,2007.98,2011.015,2007.265,2009.27
1708102800,2009.27,2014.48,2008.79,2013.36
1708106400,2013.36,2015.145,2011.19,2013.92
1708110000,2013.92,2015.23,2011.795,2012.71
1708113600,2012.71,2013.165,2011.32,2011.97
1708117200,2011.97,2014.18,2011.97,2013.23
1708297200,2013.23,2017.72,2000.355,2013.955
1708300800,2013.955,2020.435,2013.825,2018.875
1708304400,2018.875,2020.88,2016.495,2019.875
1708308000,2019.875,2022.925,2018.62,2022.365
1708311600,2022.365,2022.48,2019.365,2019.98
1708315200,2019.98,2020.01,2018.345,2019.13
1708318800,2019.13,2021.54,2018.61,2020.83
1708322400,2020.83,2022.68,2020.525,2021.54
1708326000,2021.54,2023.07,2019.755,2021.005
1708329600,2021.005,2021.31,2019.065,2020.215
1708333200,2020.215,2020.78,2019.34,2020.18
1708336800,2020.18,2020.64,2018.25,2018.99
1708340400,2018.99,2019.635,2018.325,2018.455
1708344000,2018.455,2019.17,2016.02,2016.83
1708347600,2016.83,2019.34,2016.555,2016.9
1708351200,2016.9,2017.725,2015.98,2017.315
1708354800,2017.315,2017.61,2014.8,2014.95
1708358400,2014.95,2016.67,2013.31,2016.29
1708362000,2016.29,2018.58,2016.07,2017.355
1708365600,2017.355,2018.5,2016.915,2017.7
1708369200,2017.7,2018.44,2017.7,2017.945
1708383600,2017.945,2017.945,2015.905,2016.26
1708387200,2016.26,2016.825,2015.12,2016.285
1708390800,2016.285,2019.305,2015.285,2017.09
1708394400,2017.09,2018.38,2016.905,2017.68
1708398000,2017.68,2018.81,2017.1,2018.35
1708401600,2018.35,2019.805,2018.245,2019.57
1708405200,2019.57,2019.645,2017.79,2018.555
1708408800,2018.555,2020.98,2017.845,2019.535
1708412400,2019.535,2022.93,2018.98,2021.5
1708416000,2021.5,2023.035,2020.8,2022.885
1708419600,2022.885,2025.25,2022.62,2024.11
1708423200,2024.11,2027.67,2023.515,2026.14
1708426800,2026.14,2027.4,2025.335,2026.9
1708430400,2026.9,2028.09,2026.3,2026.705
1708434000,2026.705,2030.895,2026.18,2030.125
1708437600,2030.125,2030.92,2025.505,2028.2
1708441200,2028.2,2030.085,2025.875,2027.535
1708444800,2027.535,2028.375,2026.055,2026.965
1708448400,2026.965,2028.805,2025.69,2028.735
1708452000,2028.735,2028.91,2026.83,2027.235
1708455600,2027.235,2027.71,2024.83,2025.18
1708459200,2025.18,2025.25,2023.615,2024.375
1708462800,2024.375,2024.86,2023.625,2024.415
1708470000,2024.415,2025.035,2023.83,2024.275
1708473600,2024.275,2024.34,2023.01,2023.58
1708477200,2023.58,2026.18,2023.375,2025.435
1708480800,2025.435,2029.26,2025.435,2027.975
1708484400,2027.975,2030.96,2027.845,2030.6
1708488000,2030.6,2031.35,2030.165,2030.92
1708491600,2030.92,2032.33,2029.495,2031.05
1708495200,2031.05,2031.3,2029.255,2030.045
1708498800,2030.045,2030.725,2028.445,2028.895
1708502400,2028.895,2029.305,2026.28,2026.62
1708506000,2026.62,2028.69,2025.985,2028.12
1708509600,2028.12,2030.225,2027.965,2030.03
1708513200,2030.03,2030.095,2027.43,2028.315
1708516800,2028.315,2030.14,2028.045,2029.51
1708520400,2029.51,2031.6,2027.705,2028.775
1708524000,2028.775,2030.39,2027.095,2027.57
1708527600,2027.57,2030.33,2024.125,2024.205
1708531200,2024.205,2025.91,2023.285,2024.005
1708534800,2024.005,2024.6,2021.565,2024.27
1708538400,2024.27,2024.815,2021.52,2022
1708542000,2022,2026.57,2020.095,2026.045
1708545600,2026.045,2027.045,2024.17,2024.41
1708549200,2024.41,2026.3,2024.02,2026.04
1708556400,2026.04,2026.88,2025.175,2025.79
1708560000,2025.79,2026.82,2025.13,2026.52
1708563600,2026.52,2028.655,2026.265,2027.105
1708567200,2027.105,2028.435,2026.585,2027.825
1708570800,2027.825,2028.355,2026.17,2026.365
1708574400,2026.365,2029.005,2025.6,2028.91
1708578000,2028.91,2030.075,2028.285,2028.47
1708581600,2028.47,2030.65,2028.42,2029.315
1708585200,2029.315,2032.11,2028.925,2031.525
1708588800,2031.525,2034.945,2031.36,2033.305
1708592400,2033.305,2033.31,2028.575,2030.33
1708596000,2030.33,2031.28,2029.225,2029.495
1708599600,2029.495,2029.86,2027.34,2029.08
1708603200,2029.08,2029.975,2027.72,2028.335
1708606800,2028.335,2028.645,2023.09,2025.735
1708610400,2025.735,2026.795,2021.955,2024.985
1708614000,2024.985,2025.42,2020.215,2023.385
1708617600,2023.385,2024.325,2019.87,2021.02
1708621200,2021.02,2024.75,2020.27,2023.015
1708624800,2023.015,2023.31,2019.715,2022.755
1708628400,2022.755,2023.71,2022.25,2023.13
1708632000,2023.13,2024.765,2022.605,2024.7
1708635600,2024.7,2025.135,2024.045,2024.355
1708642800,2024.355,2026.11,2024.355,2024.815
1708646400,2024.815,2026.215,2022.835,2024.58
1708650000,2024.58,2027.265,2024.395,2026.935
1708653600,2026.935,2027.46,2024.345,2024.435
1708657200,2024.435,2026.415,2024.11,2025.805
1708660800,2025.805,2026.585,2025.775,2026.14
1708664400,2026.14,2026.24,2022.265,2022.495
1708668000,2022.495,2022.75,2018.215,2020.955
1708671600,2020.955,2022.545,2019.655,2021.88
1708675200,2021.88,2022.665,2018.45,2019.62
1708678800,2019.62,2019.96,2016.125,2016.875
1708682400,2016.875,2023.37,2016.695,2022.985
1708686000,2022.985,2024.045,2022.165,2023.935
1708689600,2023.935,2028.865,2023.145,2028.09
1708693200,2028.09,2029.26,2024.515,2025.45
1708696800,2025.45,2028.73,2024.225,2027.62
1708700400,2027.62,2031.145,2025.78,2030.25
1708704000,2030.25,2038.615,2030.25,2038.435
1708707600,2038.435,2039.9,2036.44,2037.945
1708711200,2037.945,2041.41,2037.56,2040.52
1708714800,2040.52,2040.535,2036.94,2037.39
1708718400,2037.39,2037.575,2035.735,2036.66
1708722000,2036.66,2036.66,2035.145,2035.375
1708902000,2035.375,2035.375,2033.185,2034.09
1708905600,2034.09,2034.1,2029.965,2030.39
1708909200,2030.39,2034.1,2029.965,2031.33
1708912800,2031.33,2031.945,2030.7,2030.975
1708916400,2030.975,2032.63,2030.75,2032.63
1708920000,2032.63,2032.98,2032.15,2032.31
1708923600,2032.31,2034.32,2032.235,2033.09
1708927200,2033.09,2034.01,2031.96,2032.745
1708930800,2032.745,2035.385,2032.44,2035.145
1708934400,2035.145,2037.13,2033.695,2034.125
1708938000,2034.125,2034.5,2032.305,2033.15
1708941600,2033.15,2035.49,2031.75,2032.23
1708945200,2032.23,2033.09,2030.935,2030.99
1708948800,2030.99,2034.155,2030.81,2032.925
1708952400,2032.925,2034.495,2031.74,2032.74
1708956000,2032.74,2032.975,2025.72,2027.61
1708959600,2027.61,2030.17,2025.115,2029.22
1708963200,2029.22,2029.505,2026.655,2027.85
1708966800,2027.85,2028.88,2026.615,2028.74
1708970400,2028.74,2030.115,2028.19,2029.35
1708974000,2029.35,2030.31,2028.615,2029.79
1708977600,2029.79,2033.685,2029.77,2032.345
1708981200,2032.345,2032.355,2030.93,2031.25
1708988400,2031.25,2031.695,2030.73,2031.365
1708992000,2031.365,2032.615,2031.105,2031.575
1708995600,2031.575,2033.84,2031.355,2033.635
1708999200,2033.635,2034.625,2032.625,2032.74
1709002800,2032.74,2033.515,2032.39,2033.49
1709006400,2033.49,2034.63,2033.48,2033.83
1709010000,2033.83,2034.09,2032.86,2033.7
1709013600,2033.7,2035.06,2033.345,2033.53
1709017200,2033.53,2036.29,2033.335,2035.445
1709020800,2035.445,2039.51,2034.695,2038.16
1709024400,2038.16,2038.18,2035.425,2036.695
1709028000,2036.695,2036.76,2034.69,2036.515
1709031600,2036.515,2038.785,2035.6,2038.295
1709035200,2038.295,2039.18,2037.23,2038.375
1709038800,2038.375,2038.7,2035.32,2035.515
1709042400,2035.515,2036.61,2033.675,2035.025
1709046000,2035.025,2037.2,2033.08,2033.825
1709049600,2033.825,2034.355,2031.84,2033.17
1709053200,2033.17,2033.19,2029.82,2032.29
1709056800,2032.29,2036.125,2032.025,2032.45
1709060400,2032.45,2032.525,2029.48,2030.325
1709064000,2030.325,2030.44,2028.855,2030.23
1709067600,2030.23,2030.69,2029.935,2030.445
1709074800,2030.445,2030.95,2029.94,2030.185
1709078400,2030.185,2031.325,2029.215,2030.895
1709082000,2030.895,2033.785,2029.815,2033.51
1709085600,2033.51,2033.69,2030.625,2031.13
1709089200,2031.13,2031.9,2029.905,2030.985
1709092800,2030.985,2031.225,2029.87,2030.255
1709096400,2030.255,2031.135,2030.04,2031.02
1709100000,2031.02,2032.14,2028.685,2029.39
1709103600,2029.39,2029.46,2027.89,2028.14
1709107200,2028.14,2029.32,2026.725,2026.86
1709110800,2026.86,2027.425,2024.955,2024.975
1709114400,2024.975,2027.69,2024.555,2027.43
1709118000,2027.43,2027.97,2026.805,2027.34
1709121600,2027.34,2030.505,2026.93,2029.65
1709125200,2029.65,2036.175,2029.125,2035.855
1709128800,2035.855,2037.95,2031.15,2031.81
1709132400,2031.81,2034.12,2030.49,2031.875
1709136000,2031.875,2034.16,2031.79,2033.66
1709139600,2033.66,2035.655,2032.335,2033.85
1709143200,2033.85,2034.895,2031.53,2031.62
1709146800,2031.62,2032.43,2030.875,2032.23
1709150400,2032.23,2034.26,2032.175,2033.82
1709154000,2033.82,2035.41,2033.13,2034.46
1709161200,2034.46,2035.415,2034.46,2034.73
1709164800,2034.73,2035.65,2034.01,2034.23
1709168400,2034.23,2036.625,2034.22,2036.555
1709172000,2036.555,2037.16,2035.53,2036.61
1709175600,2036.61,2036.825,2035.28,2036.64
1709179200,2036.64,2036.645,2035.15,2035.25
1709182800,2035.25,2036.04,2034.485,2035.72
1709186400,2035.72,2037.11,2035.565,2036.925
1709190000,2036.925,2037.89,2036.01,2037.355
1709193600,2037.355,2037.54,2035.59,2037.285
1709197200,2037.285,2037.53,2034.09,2034.64
1709200800,2034.64,2034.87,2030.565,2030.89
1709204400,2030.89,2031.875,2028.9,2030.385
1709208000,2030.385,2030.695,2028.165,2030.305
1709211600,2030.305,2048.79,2030.28,2047.72
1709215200,2047.72,2050.365,2045.99,2047.895
1709218800,2047.895,2050.745,2046.49,2048.15
1709222400,2048.15,2048.41,2043.825,2045.01
1709226000,2045.01,2046.055,2043.335,2045.73
1709229600,2045.73,2046.82,2045.11,2046.34
1709233200,2046.34,2046.945,2044.055,2044.48
1709236800,2044.48,2045.515,2043.76,2044.05
1709240400,2044.05,2044.355,2042.935,2044.29
1709247600,2044.29,2044.365,2043.16,2044.36
1709251200,2044.36,2044.38,2042.915,2043.79
1709254800,2043.79,2044.755,2043.105,2044.4
1709258400,2044.4,2045.935,2044.14,2045.46
1709262000,2045.46,2046.905,2045.325,2046.625
1709265600,2046.625,2046.625,2045.335,2045.56
1709269200,2045.56,2045.74,2043.485,2045.125
1709272800,2045.125,2048.18,2044.975,2046.825
1709276400,2046.825,2048.905,2045.335,2045.485
1709280000,2045.485,2045.76,2039.11,2039.905
1709283600,2039.905,2047.665,2039.5,2046.47
1709287200,2046.47,2055.17,2045.94,2054.91
1709290800,2054.91,2057.555,2053.935,2055.465
1709294400,2055.465,2057.12,2052.275,2052.445
1709298000,2052.445,2054.675,2050.175,2051.655
1709301600,2051.655,2056.705,2045.67,2046.48
1709305200,2046.48,2071.005,2046.48,2069.29
1709308800,2069.29,2082.025,2069.29,2081.23
1709312400,2081.23,2085.745,2080.075,2084.885
1709316000,2084.885,2088.38,2082.275,2085.76
1709319600,2085.76,2086.745,2084.79,2085.28
1709323200,2085.28,2085.39,2083.1,2083.515
1709326800,2083.515,2084.09,2082.63,2082.73
1709506800,2082.73,2086.3,2082.68,2083.625
1709510400,2083.625,2084.485,2082.26,2082.64
1709514000,2082.64,2083.015,2079.53,2080.265
1709517600,2080.265,2083.525,2079.915,2081.51
1709521200,2081.51,2082.045,2080.41,2081.515
1709524800,2081.515,2081.645,2080.35,2080.88
1709528400,2080.88,2082.345,2080.55,2081.56
1709532000,2081.56,2083.96,2081.115,2083.58
1709535600,2083.58,2088.38,2083.58,2087.49
1709539200,2087.49,2087.575,2083.535,2083.94
1709542800,2083.94,2086.195,2083.27,2085.245
1709546400,2085.245,2085.855,2082.7,2083.985
1709550000,2083.985,2084.64,2081.945,2082.195
1709553600,2082.195,2083.51,2081.9,2082.63
1709557200,2082.63,2093.18,2081.185,2091.66
1709560800,2091.66,2101.475,2090.545,2100.83
1709564400,2100.83,2109.455,2097.645,2109.09
1709568000,2109.09,2119.975,2107.805,2119.35
1709571600,2119.35,2119.835,2113.985,2116.54
1709575200,2116.54,2118.12,2113.595,2115.37
1709578800,2115.37,2117.375,2113.39,2116.365
1709582400,2116.365,2118.625,2115.42,2116.755
1709586000,2116.755,2117.345,2114.235,2114.365
1709593200,2114.365,2115.905,2113.66,2114.625
1709596800,2114.625,2115.95,2114.22,2115.58
1709600400,2115.58,2116.91,2110.53,2112.705
1709604000,2112.705,2113.4,2111.46,2112.415
1709607600,2112.415,2114.035,2111.32,2113.04
1709611200,2113.04,2116.01,2112.71,2115.975
1709614800,2115.975,2119.815,2115.455,2119.385
1709618400,2119.385,2119.65,2115.275,2117.38
1709622000,2117.38,2117.895,2114.025,2114.495
1709625600,2114.495,2123.5,2114.495,2120.745
1709629200,2120.745,2125.335,2119.1,2124.645
1709632800,2124.645,2127.41,2123.415,2123.765
1709636400,2123.765,2127.24,2122.695,2124.555
1709640000,2124.555,2125.36,2121.25,2124.465
1709643600,2124.465,2141.88,2122.475,2127.815
1709647200,2127.815,2133.325,2124.29,2128.195
1709650800,2128.195,2139.63,2123.81,2126.705
1709654400,2126.705,2128.785,2123.725,2128.375
1709658000,2128.375,2131.07,2127.6,2130.935
1709661600,2130.935,2133.645,2129.62,2130.78
1709665200,2130.78,2134.77,2129.6,2129.65
1709668800,2129.65,2131.01,2128.55,2129.69
1709672400,2129.69,2130.145,2127.115,2128.045
1709679600,2128.045,2128.515,2127.07,2128.11
1709683200,2128.11,2128.185,2126.17,2126.95
1709686800,2126.95,2128.04,2125.115,2125.565
1709690400,2125.565,2126.895,2123.915,2126.46
1709694000,2126.46,2126.69,2123.765,2124.865
1709697600,2124.865,2126.385,2124.855,2126.265
1709701200,2126.265,2128.035,2125.265,2125.385
1709704800,2125.385,2127.645,2125.055,2127.385
1709708400,2127.385,2131.595,2127.15,2128.535
1709712000,2128.535,2129.275,2124.42,2125.14
1709715600,2125.14,2129.86,2124.815,2128.68
1709719200,2128.68,2128.73,2124.725,2125.695
1709722800,2125.695,2132.665,2125.645,2132.56
1709726400,2132.56,2135.105,2131.125,2134.285
1709730000,2134.285,2139.75,2131.48,2139.475
1709733600,2139.475,2149.25,2135.715,2144.775
1709737200,2144.775,2145.635,2131.8,2141.02
1709740800,2141.02,2149.94,2140.54,2148.235
1709744400,2148.235,2150.09,2142.02,2144.825
1709748000,2144.825,2152.25,2144.095,2147.225
1709751600,2147.225,2147.59,2139.505,2144.475
1709755200,2144.475,2147.315,2143.245,2146.765
1709758800,2146.765,2149.415,2144.56,2148.15
1709766000,2148.15,2151.45,2146.265,2147.44
1709769600,2147.44,2149.72,2147.4,2148.96
1709773200,2148.96,2149.065,2144.255,2146.255
1709776800,2146.255,2152.21,2145.75,2150.795
1709780400,2150.795,2152.51,2149.745,2151.825
1709784000,2151.825,2161.59,2151.775,2158.365
1709787600,2158.365,2158.84,2154.51,2154.57
1709791200,2154.57,2156.59,2151.62,2155.475
1709794800,2155.475,2158.335,2152.305,2156.04
1709798400,2156.04,2159.93,2154.515,2155.365
1709802000,2155.365,2157.875,2154.365,2157.745
1709805600,2157.745,2158.995,2156.185,2157.665
1709809200,2157.665,2157.795,2153.34,2156.115
1709812800,2156.115,2158.855,2154.01,2158.465
1709816400,2158.465,2164.8,2157.425,2159.605
1709820000,2159.605,2159.87,2147.985,2154.13
1709823600,2154.13,2157.745,2151.75,2153.765
1709827200,2153.765,2158.615,2149.365,2156.27
1709830800,2156.27,2158.875,2155.365,2158.305
1709834400,2158.305,2159.315,2156.095,2157.135
1709838000,2157.135,2160.945,2156.19,2160.105
1709841600,2160.105,2160.545,2158.035,2158.695
1709845200,2158.695,2160.115,2158.39,2160.115
1709852400,2160.115,2162.655,2158.91,2162.035
1709856000,2162.035,2163.65,2159.79,2160.915
1709859600,2160.915,2161.835,2157.775,2157.89
1709863200,2157.89,2158.46,2155.045,2155.405
1709866800,2155.405,2158.835,2154.06,2157.69
1709870400,2157.69,2159.365,2156.45,2157.785
1709874000,2157.785,2158.485,2156.535,2157.84
1709877600,2157.84,2162.115,2156.58,2161.295
1709881200,2161.295,2161.955,2159.105,2161.4
1709884800,2161.4,2168.785,2161.165,2165.245
1709888400,2165.245,2171.19,2164.675,2169.11
1709892000,2169.11,2170.605,2166.665,2168.55
1709895600,2168.55,2169.72,2166.315,2168.355
1709899200,2168.355,2169.325,2166.025,2166.025
1709902800,2166.025,2185.485,2156.785,2171.23
1709906400,2171.23,2174.795,2163.885,2170.915
1709910000,2170.915,2177.385,2167.95,2177.25
1709913600,2177.25,2180.94,2172.3,2180.76
1709917200,2180.76,2195.235,2180.745,2185.05
1709920800,2185.05,2185.05,2173.935,2174.405
1709924400,2174.405,2177.965,2168.385,2176.41
1709928000,2176.41,2178.22,2175.775,2177.335
1709931600,2177.335,2179.18,2176.94,2179.105
1710108000,2179.105,2181.09,2177.28,2177.28
1710111600,2177.28,2183.925,2177.28,2181.7
1710115200,2181.7,2189.125,2179.475,2186.755
1710118800,2186.755,2186.85,2179.03,2180.315
1710122400,2180.315,2180.455,2176.915,2177.55
1710126000,2177.55,2180.41,2177.085,2179.57
1710129600,2179.57,2181.54,2179.57,2180.745
1710133200,2180.745,2181.765,2176.915,2178.075
1710136800,2178.075,2180.095,2177.375,2179.565
1710140400,2179.565,2182.81,2178.05,2182.385
1710144000,2182.385,2183.155,2176.785,2177.525
1710147600,2177.525,2181.615,2175.98,2180.58
1710151200,2180.58,2180.775,2176.925,2177.715
1710154800,2177.715,2179.6,2176.47,2178.985
1710158400,2178.985,2180.695,2176.48,2177.23
1710162000,2177.23,2185.125,2174.86,2181.775
1710165600,2181.775,2183.335,2175.6,2182.01
1710169200,2182.01,2185.755,2180.105,2184.355
1710172800,2184.355,2184.74,2178.62,2180.9
1710176400,2180.9,2184.21,2178.295,2179.685
1710180000,2179.685,2181,2177.255,2180.885
1710183600,2180.885,2184.225,2180.685,2181.435
1710187200,2181.435,2182.995,2181.145,2182.73
1710194400,2182.73,2184.815,2180.82,2181.34
1710198000,2181.34,2183.8,2181.225,2183.715
1710201600,2183.715,2184.585,2180.315,2180.505
1710205200,2180.505,2183.165,2180.05,2182.83
1710208800,2182.83,2182.925,2178.735,2179.19
1710212400,2179.19,2179.19,2176.905,2177.505
1710216000,2177.505,2179.295,2177.3,2178.265
1710219600,2178.265,2179.24,2174.33,2176.225
1710223200,2176.225,2177.29,2173.695,2175.46
1710226800,2175.46,2177.52,2174.86,2177.08
1710230400,2177.08,2178.615,2176.06,2177.895
1710234000,2177.895,2179.11,2176.445,2177.09
1710237600,2177.09,2177.705,2175.46,2176.55
1710241200,2176.55,2176.625,2170.7,2171.995
1710244800,2171.995,2182.085,2160.74,2169.84
1710248400,2169.84,2169.965,2156.21,2160.465
1710252000,2160.465,2166.475,2152.715,2162.115
1710255600,2162.115,2164.99,2157.645,2163.055
1710259200,2163.055,2166.605,2161.565,2165.84
1710262800,2165.84,2165.845,2154.85,2155.09
1710266400,2155.09,2156.665,2153.065,2153.625
1710270000,2153.625,2157.465,2150.66,2157.445
1710273600,2157.445,2159.065,2156.24,2158.46
1710280800,2158.46,2161.53,2156.245,2158.845
1710284400,2158.845,2159.27,2155.855,2157.01
1710288000,2157.01,2160.565,2156.685,2159.36
1710291600,2159.36,2159.66,2157.43,2158.68
1710295200,2158.68,2161.655,2157.475,2160.48
1710298800,2160.48,2160.765,2157.495,2159.19
1710302400,2159.19,2159.73,2157.295,2159.4
1710306000,2159.4,2160.655,2158.75,2160.125
1710309600,2160.125,2161.595,2158.51,2159.515
1710313200,2159.515,2160.875,2158.59,2159.81
1710316800,2159.81,2161.145,2157.985,2158.26
1710320400,2158.26,2160.325,2157.555,2158.6
1710324000,2158.6,2163.735,2158.145,2163.44
1710327600,2163.44,2164.225,2161.58,2164.035
1710331200,2164.035,2166.35,2162.24,2163.61
1710334800,2163.61,2171.675,2161.52,2166.105
1710338400,2166.105,2169.88,2163.585,2168.965
1710342000,2168.965,2174.63,2168.285,2171.795
1710345600,2171.795,2174.75,2169.66,2173.72
1710349200,2173.72,2179.92,2173.295,2174.58
1710352800,2174.58,2176.6,2174.315,2174.92
1710356400,2174.92,2175.64,2171.805,2172.675
1710360000,2172.675,2175.26,2172.445,2174.385
1710367200,2174.385,2175.505,2174.04,2174.775
1710370800,2174.775,2176.275,2174.705,2175.525
1710374400,2175.525,2176.645,2174.055,2176.355
1710378000,2176.355,2177.045,2173.315,2174.865
1710381600,2174.865,2175.545,2172.69,2172.815
1710385200,2172.815,2174.17,2171.21,2172.3
1710388800,2172.3,2172.535,2171.07,2171.805
1710392400,2171.805,2172.015,2168.725,2168.925
1710396000,2168.925,2170.265,2167.47,2168.835
1710399600,2168.835,2169.15,2167.55,2168.73
1710403200,2168.73,2170.145,2168.175,2169.645
1710406800,2169.645,2172.085,2167.98,2170.11
1710410400,2170.11,2170.925,2168.06,2170.65
1710414000,2170.65,2170.905,2167.225,2168.54
1710417600,2168.54,2170.475,2160.5,2162.84
1710421200,2162.84,2167.335,2158.605,2162.555
1710424800,2162.555,2163.89,2157.75,2162.085
1710428400,2162.085,2162.295,2152.845,2157.295
1710432000,2157.295,2160.365,2156.76,2158.72
1710435600,2158.72,2165.11,2158.13,2160.255
1710439200,2160.255,2162.44,2160.255,2161.53
1710442800,2161.53,2163.555,2160.735,2163.53
1710446400,2163.53,2163.925,2161.77,2162.13
1710453600,2162.13,2162.455,2161.55,2161.595
1710457200,2161.595,2162.195,2160.95,2161.715
1710460800,2161.715,2163.185,2160.655,2162.77
1710464400,2162.77,2166.015,2162.42,2162.775
1710468000,2162.775,2163.045,2161.77,2162.46
1710471600,2162.46,2164.875,2161.88,2164.66
1710475200,2164.66,2165.52,2163.915,2164.52
1710478800,2164.52,2169.34,2163.605,2169.245
1710482400,2169.245,2170.145,2167.19,2168.975
1710486000,2168.975,2170.035,2166.775,2167.07
1710489600,2167.07,2169.42,2165.37,2169.11
1710493200,2169.11,2172.81,2167.535,2171.925
1710496800,2171.925,2172.72,2168.735,2169.35
1710500400,2169.35,2169.405,2166.26,2167.06
1710504000,2167.06,2167.43,2157.62,2161.875
1710507600,2161.875,2163.41,2156.605,2160.355
1710511200,2160.355,2166.795,2159.26,2164.325
1710514800,2164.325,2164.365,2158.21,2160.09
1710518400,2160.09,2163.53,2157.95,2158.86
1710522000,2158.86,2160.67,2155.25,2156.865
1710525600,2156.865,2160.365,2156.615,2159.31
1710529200,2159.31,2159.47,2156.425,2156.955
1710532800,2156.955,2158.375,2155.52,2156.01
1710712800,2156.01,2156.155,2153.205,2155.015
1710716400,2155.015,2156.96,2153.955,2156.62
1710720000,2156.62,2157.605,2155.06,2156.685
1710723600,2156.685,2156.685,2150.27,2152.335
1710727200,2152.335,2153.57,2146.645,2147.99
1710730800,2147.99,2148.175,2146.155,2146.825
1710734400,2146.825,2148.355,2146.205,2147.41
1710738000,2147.41,2148.395,2146.195,2147.145
1710741600,2147.145,2149.21,2146.805,2148.15
1710745200,2148.15,2152.225,2147.375,2152.225
1710748800,2152.225,2154.525,2150.24,2153.57
1710752400,2153.57,2155.93,2153.405,2154.92
1710756000,2154.92,2158.555,2154.745,2158.275
1710759600,2158.275,2161.375,2158.245,2161.145
1710763200,2161.145,2163.63,2158.305,2159.145
1710766800,2159.145,2161.1,2155.635,2156.82
1710770400,2156.82,2160.85,2156.78,2158.52
1710774000,2158.52,2161.365,2157.085,2158.435
1710777600,2158.435,2160.81,2154.625,2159.97
1710781200,2159.97,2161.24,2158.155,2160.055
1710784800,2160.055,2160.745,2159.215,2159.455
1710788400,2159.455,2161.05,2159.425,2160.23
1710792000,2160.23,2160.455,2159.445,2160.32
1710799200,2160.32,2162.64,2160.175,2161.29
1710802800,2161.29,2162.315,2160.515,2162.17
1710806400,2162.17,2162.905,2160.58,2160.7
1710810000,2160.7,2162.29,2158.625,2160.535
1710813600,2160.535,2162.85,2160.01,2160.87
1710817200,2160.87,2162.45,2159.905,2161.595
1710820800,2161.595,2162.2,2159.68,2160.32
1710824400,2160.32,2160.53,2157.135,2157.67
1710828000,2157.67,2157.83,2154.105,2156.79
1710831600,2156.79,2157.285,2154.225,2155.865
1710835200,2155.865,2155.995,2147.205,2153.145
1710838800,2153.145,2154.635,2151.69,2153.265
1710842400,2153.265,2156.42,2152.51,2154.185
1710846000,2154.185,2156.78,2153.795,2155.675
1710849600,2155.675,2158.715,2150.83,2156.995
1710853200,2156.995,2158.775,2150.5,2151.29
1710856800,2151.29,2155.44,2148.455,2154.995
1710860400,2154.995,2155.695,2150.78,2154.365
1710864000,2154.365,2156.06,2153.15,2154.56
1710867600,2154.56,2157.41,2154.4,2156.955
1710871200,2156.955,2157.8,2155.56,2156.86
1710874800,2156.86,2158,2156.32,2157.83
1710878400,2157.83,2158.535,2157.32,2157.575
1710885600,2157.575,2159.705,2157.575,2158.785
1710889200,2158.785,2158.79,2157.025,2157.135
1710892800,2157.135,2157.535,2155.29,2157.22
1710896400,2157.22,2160.105,2156.685,2158.745
1710900000,2158.745,2159.78,2157.265,2159.04
1710903600,2159.04,2159.94,2158.48,2159.94
1710907200,2159.94,2160.295,2156.945,2156.95
1710910800,2156.95,2158.355,2156.665,2157.525
1710914400,2157.525,2158.29,2156.515,2157.105
1710918000,2157.105,2159.545,2156.95,2158.255
1710921600,2158.255,2158.435,2154.55,2156.265
1710925200,2156.265,2156.275,2153.145,2154.8
1710928800,2154.8,2154.98,2152.405,2154.41
1710932400,2154.41,2155.115,2152.35,2154.025
1710936000,2154.025,2155.31,2149.66,2153.25
1710939600,2153.25,2158.725,2150.545,2157.985
1710943200,2157.985,2164.93,2155.7,2157.13
1710946800,2157.13,2158.725,2154.725,2155.9
1710950400,2155.9,2158.755,2155.645,2157.74
1710954000,2157.74,2159.755,2156.655,2157.17
1710957600,2157.17,2183.83,2157.17,2182.115
1710961200,2182.115,2188.905,2178.49,2182.85
1710964800,2182.85,2187.275,2182.85,2186.37
1710972000,2186.37,2222.915,2186.37,2200.935
1710975600,2200.935,2206.43,2196.48,2204.035
1710979200,2204.035,2204.08,2192.48,2199.035
1710982800,2199.035,2212.57,2198.005,2204.87
1710986400,2204.87,2206.445,2202.685,2203.51
1710990000,2203.51,2205.075,2201.815,2202.845
1710993600,2202.845,2204.15,2201.885,2203.335
1710997200,2203.335,2205.175,2201.905,2204.865
1711000800,2204.865,2209.6,2204.36,2207.19
1711004400,2207.19,2210.245,2206.445,2206.555
1711008000,2206.555,2206.68,2196.925,2201.595
1711011600,2201.595,2206.1,2199.99,2205.5
1711015200,2205.5,2211.86,2205.31,2207.76
1711018800,2207.76,2208.905,2205.44,2207.565
1711022400,2207.565,2208.91,2203.32,2207.775
1711026000,2207.775,2208.205,2191.715,2191.96
1711029600,2191.96,2192.03,2175.675,2176.71
1711033200,2176.71,2176.915,2166.445,2174.715
1711036800,2174.715,2180.41,2173.075,2179.995
1711040400,2179.995,2183.895,2178.575,2180.915
1711044000,2180.915,2184.055,2180.56,2182.975
1711047600,2182.975,2183.725,2180.37,2181.515
1711051200,2181.515,2182.515,2180.625,2181.36
1711058400,2181.36,2182.705,2181.115,2181.315
1711062000,2181.315,2181.945,2180.92,2181.9
1711065600,2181.9,2186.13,2181.115,2185.065
1711069200,2185.065,2185.965,2172.735,2173.525
1711072800,2173.525,2177.22,2171.875,2172.645
1711076400,2172.645,2176.235,2172.315,2173.855
1711080000,2173.855,2175.465,2173.275,2173.695
1711083600,2173.695,2175.83,2173.13,2174.355
1711087200,2174.355,2176.32,2169.94,2170.15
1711090800,2170.15,2170.48,2162.64,2168.495
1711094400,2168.495,2169.355,2165.005,2168.015
1711098000,2168.015,2170.155,2165.735,2166.685
1711101600,2166.685,2168.715,2165.94,2167.29
1711105200,2167.29,2168.235,2165.245,2166.105
1711108800,2166.105,2176.285,2165.885,2174.655
1711112400,2174.655,2180.19,2172.61,2178.165
1711116000,2178.165,2179.9,2171.275,2173.99
1711119600,2173.99,2173.99,2165.535,2166.21
1711123200,2166.21,2167.585,2161.68,2162.71
1711126800,2162.71,2165.015,2157.13,2159.3
1711130400,2159.3,2164.875,2158.855,2163.165
1711134000,2163.165,2165.255,2161.905,2164.005
1711137600,2164.005,2167.3,2163.645,2165.31
1711317600,2165.31,2167.86,2165.26,2166.5
1711321200,2166.5,2168.98,2166.03,2168.435
1711324800,2168.435,2169.505,2164.125,2165.6
1711328400,2165.6,2177.02,2164.005,2175.245
1711332000,2175.245,2178.405,2173.85,2175.215
1711335600,2175.215,2175.255,2170.145,2170.65
1711339200,2170.65,2171.77,2169.255,2169.495
1711342800,2169.495,2171.145,2167.825,2169.905
1711346400,2169.905,2170.655,2164.35,2165.545
1711350000,2165.545,2168.79,2163.615,2166
1711353600,2166,2169.065,2163.895,2165.78
1711357200,2165.78,2168.855,2164.385,2168.5
1711360800,2168.5,2171.16,2167.72,2168.545
1711364400,2168.545,2171.97,2168.015,2170.55
1711368000,2170.55,2177.095,2170.39,2174.575
1711371600,2174.575,2181.41,2173.08,2177.255
1711375200,2177.255,2180.555,2175.43,2177.875
1711378800,2177.875,2177.91,2175.005,2175.53
1711382400,2175.53,2177.92,2175.12,2175.845
1711386000,2175.845,2176.72,2174.28,2174.815
1711389600,2174.815,2174.815,2173.1,2173.3
1711393200,2173.3,2173.785,2170.765,2171.015
1711396800,2171.015,2172.37,2170.76,2171.805
1711404000,2171.805,2173.64,2171.525,2172.095
1711407600,2172.095,2173.395,2171.29,2172.99
1711411200,2172.99,2174.475,2172.42,2173.95
1711414800,2173.95,2174.475,2167.625,2169.48
1711418400,2169.48,2171.64,2169.315,2170.845
1711422000,2170.845,2172.53,2169.69,2170.43
1711425600,2170.43,2172.81,2170.225,2172.385
1711429200,2172.385,2173.455,2171.46,2172.995
1711432800,2172.995,2174.155,2170.535,2171.505
1711436400,2171.505,2174.26,2169.705,2173.02
1711440000,2173.02,2179.32,2171.61,2178.36
1711443600,2178.36,2195.31,2178.36,2190.995
1711447200,2190.995,2200.175,2190.84,2197.775
1711450800,2197.775,2199.16,2195.105,2196.52
1711454400,2196.52,2197.37,2186.675,2188.015
1711458000,2188.015,2192.945,2178.48,2183.155
1711461600,2183.155,2186.445,2179.2,2179.415
1711465200,2179.415,2181.715,2171.78,2174.395
1711468800,2174.395,2178.535,2174.33,2176.86
1711472400,2176.86,2179.3,2176.045,2176.84
1711476000,2176.84,2178.66,2175.985,2177.74
1711479600,2177.74,2178.26,2176.61,2177.97
1711483200,2177.97,2178.765,2174.69,2178.74
1711490400,2178.74,2179.585,2177.98,2178.45
1711494000,2178.45,2180.02,2178.25,2179.525
1711497600,2179.525,2180.25,2176.785,2177.495
1711501200,2177.495,2180.425,2173.485,2175.155
1711504800,2175.155,2177.705,2174.79,2176.015
1711508400,2176.015,2181.81,2175.735,2177.805
1711512000,2177.805,2180.16,2177.39,2178.445
1711515600,2178.445,2178.49,2175.8,2177.11
1711519200,2177.11,2180.115,2176.625,2177.695
1711522800,2177.695,2180.91,2177.09,2180.61
1711526400,2180.61,2182.745,2176.62,2177.45
1711530000,2177.45,2194.03,2176.62,2189.28
1711533600,2189.28,2194.585,2188.815,2193.815
1711537200,2193.815,2197.675,2187.3,2188.515
1711540800,2188.515,2189.455,2184.495,2186.175
1711544400,2186.175,2193.52,2183.605,2193.405
1711548000,2193.405,2195.305,2189.865,2193.56
1711551600,2193.56,2194.15,2188.465,2190.515
1711555200,2190.515,2192.83,2189.98,2192.51
1711558800,2192.51,2194.195,2189.135,2190.45
1711562400,2190.45,2192.485,2189.085,2192.455
1711566000,2192.455,2194.36,2190.91,2193.46
1711569600,2193.46,2195.225,2193.005,2194.86
1711576800,2194.86,2194.86,2190.225,2192.515
1711580400,2192.515,2192.515,2190.695,2190.735
1711584000,2190.735,2190.9,2187.41,2189.14
1711587600,2189.14,2190.58,2187.59,2189.405
1711591200,2189.405,2196.21,2189.145,2194.88
1711594800,2194.88,2196.515,2194.16,2194.9
1711598400,2194.9,2196.965,2194.44,2195.72
1711602000,2195.72,2200.755,2194.53,2197.325
1711605600,2197.325,2198.985,2195.27,2198.805
1711609200,2198.805,2198.9,2192.735,2193.84
1711612800,2193.84,2197.455,2190.9,2194.83
1711616400,2194.83,2197.985,2192.52,2197.885
1711620000,2197.885,2213.865,2197.215,2212.26
1711623600,2212.26,2213.41,2207.245,2210.495
1711627200,2210.495,2217.005,2205.85,2215.73
1711630800,2215.73,2217.175,2202.32,2207.07
1711634400,2207.07,2215.07,2204.4,2214.46
1711638000,2214.46,2217.035,2212.265,2215.97
1711641600,2215.97,2225.68,2213.495,2220.445
1711645200,2220.445,2223.305,2216.815,2222.045
1711648800,2222.045,2222.505,2218.395,2220.59
1711652400,2220.59,2222.33,2217.94,2221.835
1711656000,2221.835,2236.33,2219.68,2233.12
1711922400,2233.12,2243.28,2233.12,2236.995
1711926000,2236.995,2247.465,2235.785,2246.055
1711929600,2246.055,2256.495,2243.93,2250.13
1711933200,2250.13,2259.715,2250.13,2255.93
1711936800,2255.93,2258.28,2255.06,2257.5
1711940400,2257.5,2265.22,2256.665,2264.495
1711944000,2264.495,2265.775,2258.205,2260.415
1711947600,2260.415,2263.46,2258,2261.68
1711951200,2261.68,2262.89,2259.025,2260.325
1711954800,2260.325,2263.145,2256.945,2257.58
1711958400,2257.58,2260.275,2255.85,2257.36
1711962000,2257.36,2258.455,2249.165,2251.855
1711965600,2251.855,2253.565,2245.63,2247.945
1711969200,2247.945,2251.115,2246.615,2246.895
1711972800,2246.895,2252.69,2243.7,2252.59
1711976400,2252.59,2257.925,2239.3,2246.66
1711980000,2246.66,2246.66,2228.54,2235.975
1711983600,2235.975,2240.68,2233.76,2239.8
1711987200,2239.8,2243.486,2237.195,2238.175
1711990800,2238.175,2239.395,2234.785,2239.255
1711994400,2239.255,2241.345,2238.175,2239.365
1711998000,2239.365,2244.835,2239.095,2244.83
1712001600,2244.83,2251.72,2243.14,2251.67
1712008800,2251.67,2255.935,2249.755,2253.715
1712012400,2253.715,2253.795,2248.65,2249.06
1712016000,2249.06,2253.665,2247.905,2250.405
1712019600,2250.405,2250.405,2246.715,2249.03
1712023200,2249.03,2255.12,2247.91,2254.31
1712026800,2254.31,2255.35,2251.34,2251.64
1712030400,2251.64,2259.945,2250.52,2256.72
1712034000,2256.72,2257.145,2252.305,2253.7
1712037600,2253.7,2256.195,2252.425,2255.765
1712041200,2255.765,2257.7,2253.255,2256.5
1712044800,2256.5,2262.895,2256.23,2261.135
1712048400,2261.135,2266.875,2259.705,2260.825
1712052000,2260.825,2264.78,2255.175,2262.205
1712055600,2262.205,2262.205,2256.1,2260.695
1712059200,2260.695,2261.58,2253.435,2257.635
1712062800,2257.635,2266.82,2254.59,2265.245
1712066400,2265.245,2277.05,2257.305,2260.815
1712070000,2260.815,2261.29,2250.895,2258.73
1712073600,2258.73,2261.49,2254.22,2260.36
1712077200,2260.36,2266.71,2259.595,2265.945
1712080800,2265.945,2272.895,2265.5,2271.55
1712084400,2271.55,2279.48,2271.135,2277.51
1712088000,2277.51,2281.155,2275.825,2280.815
1712095200,2280.815,2288.435,2280.505,2281.895
1712098800,2281.895,2283.845,2277.875,2280.03
1712102400,2280.03,2285.955,2279.375,2283.38
1712106000,2283.38,2283.575,2276.765,2282.575
1712109600,2282.575,2284.665,2281.645,2283.475
1712113200,2283.475,2288.025,2283.275,2285.17
1712116800,2285.17,2287.095,2283.775,2283.805
1712120400,2283.805,2286.095,2280.995,2286.095
1712124000,2286.095,2286.095,2281.07,2282.04
1712127600,2282.04,2282.06,2270.455,2271.265
1712131200,2271.265,2276.17,2267.715,2273.295
1712134800,2273.295,2274.815,2269.735,2272.035
1712138400,2272.035,2273.43,2270.025,2272.745
1712142000,2272.745,2274.55,2268.89,2273.8
1712145600,2273.8,2275.245,2265.505,2274.91
1712149200,2274.91,2279.02,2271.71,2275.2
1712152800,2275.2,2285.39,2274.22,2282.81
1712156400,2282.81,2288.415,2280.675,2286.385
1712160000,2286.385,2295.255,2280.79,2293.9
1712163600,2293.9,2295.61,2288.955,2295.06
1712167200,2295.06,2297.955,2293.925,2296.445
1712170800,2296.445,2298.94,2294.585,2297.555
1712174400,2297.555,2301.27,2297.38,2299.93
1712181600,2299.93,2302.8,2299.375,2301.84
1712185200,2301.84,2301.84,2296.405,2297.595
1712188800,2297.595,2302.63,2297.395,2302.34
1712192400,2302.34,2304.99,2297.615,2301.135
1712196000,2301.135,2302.16,2297.88,2299.68
1712199600,2299.68,2300.65,2297.72,2299.215
1712203200,2299.215,2300.28,2298.365,2298.875
1712206800,2298.875,2300.75,2295.11,2295.335
1712210400,2295.335,2297.45,2294.89,2295.87
1712214000,2295.87,2298.19,2291.935,2293.105
1712217600,2293.105,2294.58,2291.1,2291.635
1712221200,2291.635,2294.18,2290.85,2293.315
1712224800,2293.315,2295.165,2292.62,2294.575
1712228400,2294.575,2295.215,2288.905,2289.365
1712232000,2289.365,2290.065,2282.69,2288.255
1712235600,2288.255,2291.2,2284.776,2287.625
1712239200,2287.625,2299.52,2287.235,2295.23
1712242800,2295.23,2295.595,2290.41,2292.17
1712246400,2292.17,2293.265,2286.54,2286.915
1712250000,2286.915,2294.155,2286.43,2294.085
1712253600,2294.085,2305.65,2293.02,2304.18
1712257200,2304.18,2304.77,2279.725,2284.96
1712260800,2284.96,2291.76,2284.88,2291.21
1712268000,2291.21,2293.445,2288.395,2289.73
1712271600,2289.73,2291.225,2288.765,2288.815
1712275200,2288.815,2290.395,2282.89,2283.19
1712278800,2283.19,2284.2,2267.78,2271.895
1712282400,2271.895,2274.845,2270.945,2273.875
1712286000,2273.875,2279.495,2273.64,2276.795
1712289600,2276.795,2279.915,2276.65,2278.145
1712293200,2278.145,2282.395,2277.495,2279.84
1712296800,2279.84,2283.245,2276.63,2279.205
1712300400,2279.205,2290.745,2279.135,2289.235
1712304000,2289.235,2291.85,2284.915,2288.135
1712307600,2288.135,2293.655,2286.73,2291.085
1712311200,2291.085,2296.23,2290.825,2294.015
1712314800,2294.015,2294.71,2289.865,2291.255
1712318400,2291.255,2296.29,2280.435,2290.96
1712322000,2290.96,2303.725,2287.115,2299.86
1712325600,2299.86,2324.81,2295.985,2317.625
1712329200,2317.625,2328.515,2315.28,2326.29
1712332800,2326.29,2329.545,2322.205,2327.32
1712336400,2327.32,2330.525,2324.555,2326.245
1712340000,2326.245,2328.4,2323.59,2325.36
1712343600,2325.36,2325.4,2320.785,2323.325
1712347200,2323.325,2330.16,2322.925,2330.16
1712527200,2330.16,2330.16,2304.105,2307.74
1712530800,2307.74,2314.465,2306.155,2311.315
1712534400,2311.315,2312.135,2306.165,2306.285
1712538000,2306.285,2325.225,2302.975,2324.39
1712541600,2324.39,2354.155,2321.755,2348.22
1712545200,2348.22,2350.03,2341.075,2345.615
1712548800,2345.615,2345.675,2340.065,2342.24
1712552400,2342.24,2343.745,2331.945,2334.88
1712556000,2334.88,2341.455,2331.895,2336.295
1712559600,2336.295,2338.995,2333.845,2337.845
1712563200,2337.845,2341.58,2333.395,2336.39
1712566800,2336.39,2337.945,2334.27,2337.585
1712570400,2337.585,2343.64,2335.215,2340.18
1712574000,2340.18,2342.51,2336.55,2337.425
1712577600,2337.425,2338.095,2322.705,2329.11
1712581200,2329.11,2335.775,2325.65,2327.405
1712584800,2327.405,2329.35,2318.74,2328.905
1712588400,2328.905,2331.71,2325.75,2327.985
1712592000,2327.985,2330.305,2326.1,2328.555
1712595600,2328.555,2339.31,2327.605,2338.06
1712599200,2338.06,2342.1,2337.06,2339.015
1712602800,2339.015,2340.705,2337.2,2338.49
1712606400,2338.49,2339.49,2338,2339.15
1712613600,2339.15,2339.15,2337.27,2338.82
1712617200,2338.82,2340.565,2337.745,2338.88
1712620800,2338.88,2341.775,2338.68,2340.94
1712624400,2340.94,2348.52,2337.885,2340.01
1712628000,2340.01,2345.845,2338.49,2345.275
1712631600,2345.275,2346.605,2343.225,2344.065
1712635200,2344.065,2346.28,2343.145,2344.27
1712638800,2344.27,2348.055,2344.005,2345.135
1712642400,2345.135,2346.895,2343.16,2344.565
1712646000,2344.565,2357.02,2344.405,2354.015
1712649600,2354.015,2359.28,2351.45,2357.625
1712653200,2357.625,2365.395,2357.33,2363.315
1712656800,2363.315,2364.32,2355.895,2356.54
1712660400,2356.54,2356.74,2349.64,2354.61
1712664000,2354.61,2357.455,2345.8,2349.475
1712667600,2349.475,2361.1,2348.175,2355.49
1712671200,2355.49,2364.35,2345.215,2352.905
1712674800,2352.905,2353.745,2338.355,2340.4
1712678400,2340.4,2347.155,2340.14,2345.115
1712682000,2345.115,2349.8,2342.06,2347.43
1712685600,2347.43,2350.065,2345.605,2349.715
1712689200,2349.715,2351.635,2345.345,2351.26
1712692800,2351.26,2354.605,2350.755,2352.41
1712700000,2352.41,2354.245,2350.53,2352.435
1712703600,2352.435,2355.235,2351.655,2354.89
1712707200,2354.89,2355.65,2351.04,2351.71
1712710800,2351.71,2352.075,2344.805,2349.51
1712714400,2349.51,2354.405,2349.015,2352.205
1712718000,2352.205,2353.625,2350.76,2351.385
1712721600,2351.385,2356.895,2350.985,2356.31
1712725200,2356.31,2360.15,2355.865,2357.51
1712728800,2357.51,2360,2353.975,2356.245
1712732400,2356.245,2357.845,2352.58,2353.11
1712736000,2353.11,2355.97,2352.43,2354.63
1712739600,2354.63,2354.895,2344.975,2347.695
1712743200,2347.695,2350.22,2345.275,2347.495
1712746800,2347.495,2349.485,2344.82,2347.12
1712750400,2347.12,2350.81,2327.93,2338.48
1712754000,2338.48,2339.72,2319.395,2333.975
1712757600,2333.975,2352.465,2332.325,2346.295
1712761200,2346.295,2347.74,2330.125,2337.005
1712764800,2337.005,2340.89,2335.895,2337.335
1712768400,2337.335,2345.285,2325.91,2337.825
1712772000,2337.825,2341.02,2326.275,2327.59
1712775600,2327.59,2331.09,2327.275,2329.655
1712779200,2329.655,2333.865,2329.59,2333.865
1712786400,2333.865,2336.92,2333.62,2336.09
1712790000,2336.09,2337.335,2334.21,2335.605
1712793600,2335.605,2336.055,2333.375,2335.275
1712797200,2335.275,2342.325,2334.13,2340.73
1712800800,2340.73,2345.895,2339.575,2343.925
1712804400,2343.925,2346.955,2343.045,2344.01
1712808000,2344.01,2346.2,2341.58,2342.995
1712811600,2342.995,2344.65,2338.945,2342.06
1712815200,2342.06,2342.28,2333.945,2336.075
1712818800,2336.075,2340.81,2335.255,2336.495
1712822400,2336.495,2337.995,2325.74,2328
1712826000,2328,2335.34,2327.99,2330.84
1712829600,2330.84,2339.26,2330.725,2338.605
1712833200,2338.605,2339.715,2335.68,2337.315
1712836800,2337.315,2344.425,2331.81,2341.4
1712840400,2341.4,2347.525,2336.97,2343.36
1712844000,2343.36,2346.915,2332.39,2339.02
1712847600,2339.02,2345.63,2337.695,2344.825
1712851200,2344.825,2350.86,2342.765,2349.87
1712854800,2349.87,2357.315,2348.215,2356.34
1712858400,2356.34,2365.12,2355.775,2361.52
1712862000,2361.52,2374.705,2361.485,2372.935
1712865600,2372.935,2377.755,2371.5,2372.285
1712872800,2372.285,2379.63,2371.935,2374.035
1712876400,2374.035,2377.16,2373.96,2376.895
1712880000,2376.895,2379.21,2374.64,2378.76
1712883600,2378.76,2391.51,2378.76,2390.865
1712887200,2390.865,2395.505,2387.975,2390.57
1712890800,2390.57,2391.25,2383.01,2384.285
1712894400,2384.285,2387.155,2382.885,2384.305
1712898000,2384.305,2390.175,2383.5,2387.55
1712901600,2387.55,2395.35,2384.79,2395.22
1712905200,2395.22,2400.445,2392.875,2400.045
1712908800,2400.045,2400.725,2394.245,2396.815
1712912400,2396.815,2400.275,2393.385,2398.21
1712916000,2398.21,2400.495,2396,2398.18
1712919600,2398.18,2398.26,2390.435,2395.47
1712923200,2395.47,2397.705,2391.68,2395.9
1712926800,2395.9,2406.615,2393.49,2404.58
1712930400,2404.58,2429.105,2400.395,2426.59
1712934000,2426.59,2431.59,2382.14,2395.665
1712937600,2395.665,2395.665,2360.715,2369.31
1712941200,2369.31,2373.275,2346.435,2355.21
1712944800,2355.21,2356.735,2335.49,2338.885
1712948400,2338.885,2345.535,2333.88,2343.465
1712952000,2343.465,2345.23,2341.815,2344.235
1713132000,2344.235,2372.99,2344.235,2356.975
1713135600,2356.975,2365.435,2355.175,2364.785
1713139200,2364.785,2365.995,2350.59,2353.365
1713142800,2353.365,2359.85,2348.425,2355.71
1713146400,2355.71,2364.82,2353.665,2359.715
1713150000,2359.715,2360.53,2354.835,2358.645
1713153600,2358.645,2358.735,2355.72,2356.715
1713157200,2356.715,2362.54,2352.135,2361.22
1713160800,2361.22,2361.625,2353.13,2354.885
1713164400,2354.885,2356.5,2350.025,2353.225
1713168000,2353.225,2356.095,2344.765,2351.71
1713171600,2351.71,2353.605,2346.37,2349.71
1713175200,2349.71,2357.09,2349.3,2356.85
1713178800,2356.85,2361.305,2355.57,2358.08
1713182400,2358.08,2359.355,2351.09,2357.395
1713186000,2357.395,2361.175,2343.17,2348.77
1713189600,2348.77,2352.555,2324.255,2349.49
1713193200,2349.49,2352.645,2342.66,2351.715
1713196800,2351.715,2360.115,2346.25,2357.28
1713200400,2357.28,2370.735,2354.145,2365.535
1713204000,2365.535,2378.255,2363.725,2376.055
1713207600,2376.055,2387.645,2374.095,2386.425
1713211200,2386.425,2386.835,2380.13,2383.51
1713218400,2383.51,2392.255,2382.84,2384.445
1713222000,2384.445,2387.405,2381.195,2381.97
1713225600,2381.97,2387.705,2380.215,2383.515
1713229200,2383.515,2386.99,2379.35,2383.825
1713232800,2383.825,2388.03,2379.6,2386.18
1713236400,2386.18,2389.43,2384.48,2388.025
1713240000,2388.025,2388.385,2384.13,2386.18
1713243600,2386.18,2389.135,2385,2386.425
1713247200,2386.425,2388.225,2368.715,2373.04
1713250800,2373.04,2375.31,2363.06,2365.605
1713254400,2365.605,2371.975,2365.19,2369.52
1713258000,2369.52,2373.295,2367.545,2372.375
1713261600,2372.375,2375.36,2368.72,2370.205
1713265200,2370.205,2375.325,2369.77,2374.07
1713268800,2374.07,2378.27,2368.51,2376.255
1713272400,2376.255,2379.365,2365.29,2366.345
1713276000,2366.345,2383.415,2363.525,2383.05
1713279600,2383.05,2393.08,2377.96,2386.13
1713283200,2386.13,2398.38,2385.63,2397.65
1713286800,2397.65,2397.8,2379.82,2384.755
1713290400,2384.755,2396.495,2383.615,2392.41
1713294000,2392.41,2395.27,2389.135,2389.76
1713297600,2389.76,2390.405,2378.47,2383.13
1713304800,2383.13,2387.07,2382.83,2385.015
1713308400,2385.015,2386.935,2382.53,2382.77
1713312000,2382.77,2384.775,2380.835,2384.495
1713315600,2384.495,2385.63,2381.38,2384.73
1713319200,2384.73,2386.3,2382.37,2382.425
1713322800,2382.425,2383.75,2380.77,2381.76
1713326400,2381.76,2383.11,2380.34,2382.06
1713330000,2382.06,2382.12,2374.275,2377.69
1713333600,2377.69,2381.64,2372.755,2381.085
1713337200,2381.085,2383.285,2378,2382.555
1713340800,2382.555,2393.675,2382.555,2393.03
1713344400,2393.03,2394.38,2389.88,2392.205
1713348000,2392.205,2393.9,2385.085,2386.7
1713351600,2386.7,2390.41,2385.905,2387.415
1713355200,2387.415,2388.12,2378.37,2383.375
1713358800,2383.375,2395.23,2382.985,2393.41
1713362400,2393.41,2395.64,2386.185,2390.575
1713366000,2390.575,2393.675,2382.005,2382.225
1713369600,2382.225,2384.505,2361.045,2372.51
1713373200,2372.51,2376.08,2368.175,2372.275
1713376800,2372.275,2379.215,2371.91,2374.445
1713380400,2374.445,2375.19,2367.905,2372.665
1713384000,2372.665,2373.36,2354.73,2361.095
1713391200,2361.095,2367.76,2361.095,2365.36
1713394800,2365.36,2368.205,2363.77,2367.95
1713398400,2367.95,2370.13,2366.955,2369.815
1713402000,2369.815,2372.09,2364.08,2367.345
1713405600,2367.345,2374.985,2366.755,2373.175
1713409200,2373.175,2375.415,2372.43,2374.905
1713412800,2374.905,2376.565,2373.22,2375.15
1713416400,2375.15,2377.235,2373.83,2376.84
1713420000,2376.84,2380.97,2376.4,2380.7
1713423600,2380.7,2381.09,2375,2377.945
1713427200,2377.945,2380.835,2377.485,2380.04
1713430800,2380.04,2380.87,2377.825,2379.665
1713434400,2379.665,2384.105,2377.29,2383.115
1713438000,2383.115,2385.43,2379.055,2380.99
1713441600,2380.99,2387.53,2380.77,2385.535
1713445200,2385.535,2392.86,2375.48,2379.8
1713448800,2379.8,2384.97,2369.63,2379.98
1713452400,2379.98,2385.535,2378.62,2384.13
1713456000,2384.13,2388.845,2381.6,2388.03
1713459600,2388.03,2389.405,2382.28,2384.9
1713463200,2384.9,2384.9,2379.625,2381.685
1713466800,2381.685,2385.195,2378.14,2380.22
1713470400,2380.22,2380.515,2377,2379.05
1713477600,2379.05,2380.675,2379.05,2379.315
1713481200,2379.315,2381.515,2379.22,2379.95
1713484800,2379.95,2379.95,2373.84,2379.53
1713488400,2379.53,2417.92,2378.865,2409.66
1713492000,2409.66,2414.93,2395.44,2400.52
1713495600,2400.52,2402.59,2382.93,2391.455
1713499200,2391.455,2391.51,2379.425,2383.625
1713502800,2383.625,2384.515,2380.37,2381.385
1713506400,2381.385,2391.94,2378.735,2390.105
1713510000,2390.105,2393.92,2384.66,2385.43
1713513600,2385.43,2386.42,2378.08,2384.33
1713517200,2384.33,2386.235,2379.965,2381.075
1713520800,2381.075,2383.23,2379.42,2381.185
1713524400,2381.185,2381.395,2372.91,2376.905
1713528000,2376.905,2384.565,2374.605,2381.565
1713531600,2381.565,2386.93,2373.12,2378.755
1713535200,2378.755,2392.125,2378.68,2391.185
1713538800,2391.185,2396.115,2389.335,2394.91
1713542400,2394.91,2399.77,2389.86,2399.695
1713546000,2399.695,2401.995,2392.385,2393.66
1713549600,2393.66,2398.215,2392.815,2398.2
1713553200,2398.2,2398.29,2386.675,2387.665
1713556800,2387.665,2392.455,2386.74,2392.07
1713736800,2392.07,2392.07,2381.98,2383.79
1713740400,2383.79,2387.87,2383.135,2386.565
1713744000,2386.565,2386.62,2381.125,2382.215
1713747600,2382.215,2384.355,2376.12,2378.115
1713751200,2378.115,2378.155,2372.7,2372.77
1713754800,2372.77,2372.8,2361.82,2369.445
1713758400,2369.445,2372.985,2368.795,2369.725
1713762000,2369.725,2370.585,2360.955,2365.61
1713765600,2365.61,2367.09,2351.495,2355.91
1713769200,2355.91,2361.15,2355.125,2361.05
1713772800,2361.05,2363.155,2357.98,2359.69
1713776400,2359.69,2363.78,2359.17,2361.29
1713780000,2361.29,2361.485,2356.18,2357.675
1713783600,2357.675,2357.68,2339.49,2342.245
1713787200,2342.245,2350.455,2333.125,2336.905
1713790800,2336.905,2343.82,2331.16,2338.57
1713794400,2338.57,2343.9,2333.105,2341.29
1713798000,2341.29,2341.88,2332.77,2334.8
1713801600,2334.8,2336.565,2328.965,2329.92
1713805200,2329.92,2334.925,2329.67,2330.065
1713808800,2330.065,2331.04,2324.67,2327.65
1713812400,2327.65,2331.72,2327.425,2329.305
1713816000,2329.305,2330.23,2325.37,2327.24
1713823200,2327.24,2331.515,2327.025,2330.5
1713826800,2330.5,2333.995,2328.175,2333.86
1713830400,2333.86,2333.9,2330.145,2332.755
1713834000,2332.755,2334.51,2295.635,2298.965
1713837600,2298.965,2314.395,2298.38,2301.93
1713841200,2301.93,2307.31,2300.96,2302.63
1713844800,2302.63,2308.25,2301.835,2305.585
1713848400,2305.585,2314.835,2304.41,2308.305
1713852000,2308.305,2310.115,2298.925,2302.025
1713855600,2302.025,2311.31,2301.255,2309.08
1713859200,2309.08,2309.825,2301.985,2303.4
1713862800,2303.4,2303.55,2291.465,2295.725
1713866400,2295.725,2306.26,2295.525,2303.3
1713870000,2303.3,2303.305,2299.81,2302.205
1713873600,2302.205,2313.695,2301.34,2311.905
1713877200,2311.905,2330.805,2309.565,2329.73
1713880800,2329.73,2332.21,2314.575,2320.475
1713884400,2320.475,2324.59,2315.29,2323.3
1713888000,2323.3,2331.235,2321.78,2330.46
1713891600,2330.46,2331.39,2325.155,2326.365
1713895200,2326.365,2329.815,2323.675,2324.285
1713898800,2324.285,2325.14,2321.275,2322.38
1713902400,2322.38,2323.37,2321.525,2322.13
1713909600,2322.13,2323.14,2321.42,2321.89
1713913200,2321.89,2324.375,2321.89,2323.345
1713916800,2323.345,2323.61,2320.83,2320.995
1713920400,2320.995,2323.22,2316.055,2318.345
1713924000,2318.345,2322.24,2315.845,2321.71
1713927600,2321.71,2328.19,2320.925,2327.96
1713931200,2327.96,2330.14,2325.275,2326.785
1713934800,2326.785,2329.95,2324.57,2328.9
1713938400,2328.9,2331.37,2324.305,2326.94
1713942000,2326.94,2326.94,2320.73,2320.785
1713945600,2320.785,2322.02,2316.195,2319.255
1713949200,2319.255,2319.365,2311.815,2315.135
1713952800,2315.135,2318.59,2314.435,2316.86
1713956400,2316.86,2317.07,2313.205,2316.23
1713960000,2316.23,2323.55,2312.165,2323.295
1713963600,2323.295,2326.08,2316.065,2321.35
1713967200,2321.35,2330.48,2316.93,2329.78
1713970800,2329.78,2337.385,2322.625,2322.645
1713974400,2322.645,2326.51,2321.92,2325.18
1713978000,2325.18,2330.595,2321.86,2324.48
1713981600,2324.48,2324.78,2318.695,2320.59
1713985200,2320.59,2322.525,2317.89,2319.075
1713988800,2319.075,2319.705,2313.72,2315.95
1713996000,2315.95,2318.64,2315.95,2318.08
1713999600,2318.08,2318.335,2315.52,2316.315
1714003200,2316.315,2319.495,2315.5,2319.245
1714006800,2319.245,2320.77,2316.09,2319.26
1714010400,2319.26,2322.165,2318.95,2319.915
1714014000,2319.915,2320.785,2305.025,2313.31
1714017600,2313.31,2315.97,2312.465,2315.405
1714021200,2315.405,2320.83,2314.565,2319.57
1714024800,2319.57,2323.665,2317.805,2322.815
1714028400,2322.815,2326.235,2320.34,2325.73
1714032000,2325.73,2328.95,2324.955,2326.925
1714035600,2326.925,2327.68,2324.17,2324.97
1714039200,2324.97,2328.79,2324.315,2328.225
1714042800,2328.225,2330.71,2326.74,2328.59
1714046400,2328.59,2334.815,2323.33,2330.77
1714050000,2330.77,2331.215,2312.87,2319.055
1714053600,2319.055,2344.93,2317.075,2333.87
1714057200,2333.87,2336.795,2327.175,2330.44
1714060800,2330.44,2332.505,2323.045,2328.825
1714064400,2328.825,2332.315,2326.335,2332.27
1714068000,2332.27,2335.08,2330.72,2333.025
1714071600,2333.025,2336.52,2331.655,2332.97
1714075200,2332.97,2333.775,2330.96,2332.49
1714082400,2332.49,2333.475,2331.665,2332.695
1714086000,2332.695,2332.7,2330.15,2330.71
1714089600,2330.71,2331.46,2328.795,2329.935
1714093200,2329.935,2333.25,2326.365,2332.21
1714096800,2332.21,2336.31,2331.235,2333.92
1714100400,2333.92,2335.025,2332.265,2334.75
1714104000,2334.75,2338.33,2333.605,2336.01
1714107600,2336.01,2338.655,2333.975,2337.885
1714111200,2337.885,2343.215,2337.46,2341.065
1714114800,2341.065,2346.965,2338.21,2345.64
1714118400,2345.64,2350.25,2344.175,2347.05
1714122000,2347.05,2352.64,2346.83,2349.4
1714125600,2349.4,2350.475,2345.83,2348.16
1714129200,2348.16,2348.615,2343.47,2344.95
1714132800,2344.95,2351.655,2340.645,2344.895
1714136400,2344.895,2350.465,2336.98,2341.375
1714140000,2341.375,2345.32,2328.77,2333.65
1714143600,2333.65,2337.77,2331.34,2336.81
1714147200,2336.81,2339,2333.1,2333.67
1714150800,2333.67,2340.41,2332.725,2338.57
1714154400,2338.57,2341.47,2337.78,2340.925
1714158000,2340.925,2340.935,2336.165,2340.1
1714161600,2340.1,2340.21,2336.555,2338.05
1714341600,2338.05,2338.05,2332.605,2334.8
1714345200,2334.8,2336.91,2334.385,2336.025
1714348800,2336.025,2336.31,2330.735,2332.15
1714352400,2332.15,2332.17,2319.84,2331.09
1714356000,2331.09,2331.59,2324.15,2324.325
1714359600,2324.325,2329.465,2323.685,2328.51
1714363200,2328.51,2333.33,2327.46,2332.71
1714366800,2332.71,2336.64,2329.426,2330.58
1714370400,2330.58,2333.685,2327.515,2329.26
1714374000,2329.26,2337.995,2329.185,2337.335
1714377600,2337.335,2341.34,2336.21,2338.17
1714381200,2338.17,2344.445,2336.78,2343.255
1714384800,2343.255,2344.215,2339.965,2341.285
1714388400,2341.285,2343.01,2335.45,2337.095
1714392000,2337.095,2337.605,2328.4,2332.045
1714395600,2332.045,2336.69,2325.62,2334.13
1714399200,2334.13,2339.59,2333.975,2337.845
1714402800,2337.845,2338.945,2332.87,2337.915
1714406400,2337.915,2346.83,2337.5,2342.915
1714410000,2342.915,2346.695,2339.83,2342.265
1714413600,2342.265,2343.895,2337.7,2341.37
1714417200,2341.37,2341.375,2333.05,2335.81
1714420800,2335.81,2337.22,2335.29,2335.55
1714428000,2335.55,2336.41,2334.235,2335.085
1714431600,2335.085,2335.18,2332.95,2333.185
1714435200,2333.185,2334.845,2331.83,2334.065
1714438800,2334.065,2336.25,2332.505,2334.055
1714442400,2334.055,2334.56,2326.93,2331.335
1714446000,2331.335,2331.78,2328.665,2329.27
1714449600,2329.27,2329.56,2325.05,2326.515
1714453200,2326.515,2327.015,2321.835,2323.055
1714456800,2323.055,2323.67,2318.835,2322.47
1714460400,2322.47,2322.72,2315.43,2317.62
1714464000,2317.62,2318.585,2310.745,2313.005
1714467600,2313.005,2317.51,2312.35,2314.88
1714471200,2314.88,2318.075,2314.305,2315.53
1714474800,2315.53,2315.65,2309.63,2312.81
1714478400,2312.81,2313.535,2304.675,2306.16
1714482000,2306.16,2313.385,2302.84,2307.655
1714485600,2307.655,2310.79,2293.3,2293.545
1714489200,2293.545,2300.6,2293.28,2296.005
1714492800,2296.005,2299.415,2294.545,2294.75
1714496400,2294.75,2297.315,2291.645,2296.02
1714500000,2296.02,2297.56,2289.97,2290.2
1714503600,2290.2,2294.995,2289.34,2290.798
1714507200,2290.798,2293.6,2285.22,2286.21
1714514400,2286.21,2292.06,2286.21,2291.535
1714518000,2291.535,2293.37,2290.04,2291.43
1714521600,2291.43,2292.945,2285.76,2286.955
1714525200,2286.955,2289.635,2286.065,2288.035
1714528800,2288.035,2288.71,2286.785,2288.06
1714532400,2288.06,2288.41,2283.135,2284.24
1714536000,2284.24,2285.54,2281.68,2283.295
1714539600,2283.295,2288.49,2282.635,2287.48
1714543200,2287.48,2289.865,2286.43,2286.92
1714546800,2286.92,2288.035,2283.56,2285.94
1714550400,2285.94,2286.92,2283.895,2286.365
1714554000,2286.365,2293.215,2285.82,2292.04
1714557600,2292.04,2294.38,2289.14,2293.23
1714561200,2293.23,2297.175,2291.395,2294.61
1714564800,2294.61,2300.11,2294.25,2298.31
1714568400,2298.31,2303.555,2295.315,2303.18
1714572000,2303.18,2310.495,2297.5,2304.53
1714575600,2304.53,2310.56,2302.605,2307.31
1714579200,2307.31,2307.435,2301.915,2303.785
1714582800,2303.785,2305.065,2297.645,2299.085
1714586400,2299.085,2328.43,2295.105,2325.35
1714590000,2325.35,2327.985,2309.85,2309.905
1714593600,2309.905,2320.735,2307.14,2319.56
1714600800,2319.56,2323.375,2319.56,2320.925
1714604400,2320.925,2324.875,2320.815,2323.78
1714608000,2323.78,2326.065,2323.015,2324.43
1714611600,2324.43,2326.515,2321.81,2324.155
1714615200,2324.155,2325.665,2318.82,2320.265
1714618800,2320.265,2320.73,2317.4,2319.615
1714622400,2319.615,2321.075,2318.175,2318.235
1714626000,2318.235,2318.455,2313.04,2315.08
1714629600,2315.08,2319.17,2312.61,2313.72
1714633200,2313.72,2315.165,2308.195,2309.325
1714636800,2309.325,2311.15,2303.16,2304.115
1714640400,2304.115,2305.44,2298.895,2301.97
1714644000,2301.97,2301.97,2295.24,2299.43
1714647600,2299.43,2303.03,2297.57,2299.075
1714651200,2299.075,2304.55,2293.595,2294.59
1714654800,2294.59,2295.89,2285.545,2291.65
1714658400,2291.65,2304.895,2287.735,2304.06
1714662000,2304.06,2307.02,2297.365,2299.97
1714665600,2299.97,2303.855,2297.95,2299.71
1714669200,2299.71,2308.615,2299.34,2308.105
1714672800,2308.105,2309.53,2305.11,2308.095
1714676400,2308.095,2308.12,2301.675,2302.96
1714680000,2302.96,2304.13,2300.735,2303.8
1714687200,2303.8,2305.77,2303.8,2304.07
1714690800,2304.07,2304.67,2302.495,2304.315
1714694400,2304.315,2304.915,2300.4,2304.045
1714698000,2304.045,2306.44,2301.88,2302.7
1714701600,2302.7,2303.08,2299.925,2301.145
1714705200,2301.145,2302.535,2300.62,2302.53
1714708800,2302.53,2308.15,2302.25,2307.485
1714712400,2307.485,2308.8,2305.825,2306.1
1714716000,2306.1,2306.425,2298.4,2298.58
1714719600,2298.58,2301.515,2297.85,2299.275
1714723200,2299.275,2302.715,2298.43,2301.47
1714726800,2301.47,2303.235,2299.55,2301.64
1714730400,2301.64,2301.805,2298.03,2299.26
1714734000,2299.26,2299.955,2296.385,2298.405
1714737600,2298.405,2320.705,2294.72,2304.875
1714741200,2304.875,2309.02,2277.345,2290.115
1714744800,2290.115,2303.16,2283.215,2291.295
1714748400,2291.295,2299.115,2289.77,2293.77
1714752000,2293.77,2300.355,2292.915,2299.37
1714755600,2299.37,2303.22,2296.415,2302.12
1714759200,2302.12,2303.03,2297.42,2299.355
1714762800,2299.355,2301.56,2296.075,2301.475
1714766400,2301.475,2303.465,2300.77,2301.81
1714946400,2301.81,2303.265,2300.865,2301.87
1714950000,2301.87,2302.94,2293.4,2294.09
1714953600,2294.09,2298.085,2291.85,2296.09
1714957200,2296.09,2309.15,2295.905,2308.46
1714960800,2308.46,2315.47,2307.645,2311.29
1714964400,2311.29,2312.125,2308.455,2309.345
1714968000,2309.345,2311.83,2308.17,2309.24
1714971600,2309.24,2314.03,2308.785,2313.465
1714975200,2313.465,2314.885,2311.79,2314.21
1714978800,2314.21,2324.34,2312.435,2322.815
1714982400,2322.815,2323.19,2317.375,2318.35
1714986000,2318.35,2322.13,2315.69,2321.225
1714989600,2321.225,2322.09,2318.825,2319.45
1714993200,2319.45,2322.555,2316.05,2318.335
1714996800,2318.335,2330.455,2314.6,2323.4
1715000400,2323.4,2332.225,2321.685,2327.96
1715004000,2327.96,2330.68,2319.13,2321.2
1715007600,2321.2,2325.655,2319.59,2324.915
1715011200,2324.915,2327.525,2317.765,2325.735
1715014800,2325.735,2326.315,2321.08,2324.695
1715018400,2324.695,2326.715,2324.435,2326.415
1715022000,2326.415,2327.26,2323.635,2325.1
1715025600,2325.1,2329.055,2323.53,2323.995
1715032800,2323.995,2327.06,2323.995,2326.865
1715036400,2326.865,2327.09,2322.3,2326.135
1715040000,2326.135,2329.55,2325.58,2329.34
1715043600,2329.34,2329.98,2322.525,2322.865
1715047200,2322.865,2324.38,2319.71,2321.59
1715050800,2321.59,2325.15,2321.275,2324.995
1715054400,2324.995,2325.145,2321.44,2322.735
1715058000,2322.735,2323.405,2320.335,2321.54
1715061600,2321.54,2321.54,2318.36,2320.585
1715065200,2320.585,2322.07,2317.83,2319.42
1715068800,2319.42,2319.96,2311.72,2315.79
1715072400,2315.79,2317.33,2312.735,2313.81
1715076000,2313.81,2315.97,2312.185,2315.415
1715079600,2315.415,2316.625,2312.195,2312.42
1715083200,2312.42,2317.47,2310.04,2316.125
1715086800,2316.125,2323.775,2315.46,2318.525
1715090400,2318.525,2322.535,2312.535,2314.275
1715094000,2314.275,2319.24,2312.89,2314.85
1715097600,2314.85,2316.235,2312.46,2312.545
1715101200,2312.545,2317.54,2311.15,2314.12
1715104800,2314.12,2315.425,2313.07,2314.62
1715108400,2314.62,2315.665,2311.945,2314.825
1715112000,2314.825,2315.64,2312.84,2314.135
1715119200,2314.135,2316.96,2314.135,2314.59
1715122800,2314.59,2316.365,2314.285,2315.305
1715126400,2315.305,2316.375,2313.935,2314.23
1715130000,2314.23,2314.475,2307.07,2307.835
1715133600,2307.835,2317.515,2307.4,2317.165
1715137200,2317.165,2318.225,2315.49,2317.075
1715140800,2317.075,2319.43,2316.925,2319.375
1715144400,2319.375,2321.53,2317.725,2317.785
1715148000,2317.785,2319.045,2313.71,2314.77
1715151600,2314.77,2315.015,2305.345,2305.67
1715155200,2305.67,2309.37,2303.745,2307.375
1715158800,2307.375,2311.515,2307.075,2310.875
1715162400,2310.875,2317.195,2310.785,2315.575
1715166000,2315.575,2318.13,2312.965,2314.785
1715169600,2314.785,2319.235,2313.43,2314.6
1715173200,2314.6,2316.325,2306.9,2310.015
1715176800,2310.015,2317.83,2309.07,2315.55
1715180400,2315.55,2320.45,2312.73,2320.45
1715184000,2320.45,2321.15,2315.905,2317.095
1715187600,2317.095,2317.6,2313.79,2313.895
1715191200,2313.895,2313.895,2311.48,2312.78
1715194800,2312.78,2312.895,2307.975,2308.2
1715198400,2308.2,2309.645,2307.94,2308.69
1715205600,2308.69,2311.005,2308.69,2309.8
1715209200,2309.8,2310.11,2308.095,2308.885
1715212800,2308.885,2310.65,2307.94,2309.37
1715216400,2309.37,2312.385,2308.9,2310.06
1715220000,2310.06,2311.67,2308.02,2310.365
1715223600,2310.365,2313.135,2309.485,2312.43
1715227200,2312.43,2315.35,2311.995,2314.555
1715230800,2314.555,2319.85,2314.51,2316.725
1715234400,2316.725,2317.17,2313.86,2314.38
1715238000,2314.38,2315.055,2307.585,2309.405
1715241600,2309.405,2313.43,2309.095,2310.545
1715245200,2310.545,2312.1,2306.655,2307.67
1715248800,2307.67,2312.93,2307.38,2311.85
1715252400,2311.85,2316.8,2311.06,2315.985
1715256000,2315.985,2329.375,2314.67,2326.78
1715259600,2326.78,2326.785,2312.185,2324.375
1715263200,2324.375,2338.865,2323.38,2333.385
1715266800,2333.385,2337.7,2328.245,2330.48
1715270400,2330.48,2334.06,2329.63,2329.885
1715274000,2329.885,2335.135,2329.245,2334.885
1715277600,2334.885,2337.785,2333.925,2337.69
1715281200,2337.69,2344.14,2335.685,2343.88
1715284800,2343.88,2347.25,2343.28,2346.245
1715292000,2346.245,2347.95,2345.325,2346.46
1715295600,2346.46,2348.425,2345.98,2346.635
1715299200,2346.635,2349.075,2346.075,2347.635
1715302800,2347.635,2355.89,2347.56,2350.425
1715306400,2350.425,2351.86,2347.22,2349.535
1715310000,2349.535,2354.14,2349.155,2353.46
1715313600,2353.46,2354.615,2351.31,2354.06
1715317200,2354.06,2358.845,2353.855,2357.235
1715320800,2357.235,2369.255,2356.12,2368.63
1715324400,2368.63,2370.405,2364.775,2366.735
1715328000,2366.735,2372.285,2365.895,2369.66
1715331600,2369.66,2375.455,2369.66,2372.655
1715335200,2372.655,2378.56,2371.685,2374.845
1715338800,2374.845,2375.78,2371.25,2372.245
1715342400,2372.245,2375.82,2361.78,2364.905
1715346000,2364.905,2372.145,2360.24,2367.69
1715349600,2367.69,2373.055,2357.85,2360.78
1715353200,2360.78,2366.48,2356.675,2364.965
1715356800,2364.965,2370.01,2361.755,2368.36
1715360400,2368.36,2370.085,2366.96,2369.735
1715364000,2369.735,2371.04,2366.745,2367.36
1715367600,2367.36,2367.52,2362.305,2363.495
1715371200,2363.495,2365.135,2359.775,2360.515
1715551200,2360.515,2363.165,2360.165,2361.595
1715554800,2361.595,2362.605,2359.8,2360.49
1715558400,2360.49,2364.555,2359.895,2364.095
1715562000,2364.095,2364.195,2354.89,2359.195
1715565600,2359.195,2359.88,2357.645,2359.06
1715569200,2359.06,2359.43,2356.37,2357.165
1715572800,2357.165,2357.165,2354.235,2354.36
1715576400,2354.36,2355.15,2351.29,2352.695
1715580000,2352.695,2354.5,2347.47,2349.71
1715583600,2349.71,2351.38,2346.61,2348.695
1715587200,2348.695,2350.435,2341.7,2343.315
1715590800,2343.315,2344.385,2339.17,2340.27
1715594400,2340.27,2344.15,2339.37,2343.375
1715598000,2343.375,2346.68,2338.525,2344.66
1715601600,2344.66,2349.875,2343.715,2347.145
1715605200,2347.145,2349.465,2340.42,2344.15
1715608800,2344.15,2346.065,2340.78,2343.79
1715612400,2343.79,2343.82,2332.11,2336.04
1715616000,2336.04,2337.9,2334.77,2336.805
1715619600,2336.805,2338.29,2334.57,2336.005
1715623200,2336.005,2338.065,2335.83,2337.425
1715626800,2337.425,2338.595,2335.88,2337.335
1715630400,2337.335,2337.47,2335.315,2336.14
1715637600,2336.14,2338.52,2336.14,2337.675
1715641200,2337.675,2339.395,2337.53,2338.47
1715644800,2338.47,2339.785,2334.89,2336.425
1715648400,2336.425,2342.155,2336.41,2342.06
1715652000,2342.06,2344.555,2340.16,2340.525
1715655600,2340.525,2343.705,2339.995,2343.215
1715659200,2343.215,2344.965,2342.645,2344.105
1715662800,2344.105,2345.985,2342.675,2344.87
1715666400,2344.87,2345.385,2336.865,2338.295
1715670000,2338.295,2339.845,2336.165,2339.265
1715673600,2339.265,2343.96,2337.865,2343.875
1715677200,2343.875,2348.275,2343.795,2345.895
1715680800,2345.895,2347.63,2342.67,2345.775
1715684400,2345.775,2346.375,2342.51,2343.585
1715688000,2343.585,2350.35,2336.645,2348.29
1715691600,2348.29,2355.19,2344.96,2353.96
1715695200,2353.96,2357.145,2348.135,2353.165
1715698800,2353.165,2353.93,2347.305,2347.98
1715702400,2347.98,2355.575,2346.375,2354.285
1715706000,2354.285,2356.595,2352.07,2355.91
1715709600,2355.91,2359.705,2355.78,2357.7
1715713200,2357.7,2358.07,2355.115,2356.69
1715716800,2356.69,2358.54,2356.195,2357.98
1715724000,2357.98,2357.98,2356.345,2357.61
1715727600,2357.61,2357.61,2355.175,2355.91
1715731200,2355.91,2357.05,2354.99,2355.92
1715734800,2355.92,2359.115,2355.025,2357.505
1715738400,2357.505,2359.185,2356.62,2358.72
1715742000,2358.72,2361.055,2357.705,2360.375
1715745600,2360.375,2360.92,2356.21,2357.1
1715749200,2357.1,2359.135,2355.775,2358.585
1715752800,2358.585,2359.775,2356.915,2358.86
1715756400,2358.86,2365,2358.545,2362.515
1715760000,2362.515,2374.38,2362.48,2373.275
1715763600,2373.275,2374.325,2368.3,2369.33
1715767200,2369.33,2370.945,2365.325,2365.915
1715770800,2365.915,2366.845,2362.095,2362.85
1715774400,2362.85,2379.06,2358.335,2372.66
1715778000,2372.66,2375.555,2351.915,2358.185
1715781600,2358.185,2373.89,2353.925,2373.885
1715785200,2373.885,2385.805,2373.1,2377.69
1715788800,2377.69,2386.845,2377.17,2383.725
1715792400,2383.725,2390.315,2383.7,2389.255
1715796000,2389.255,2389.445,2383.675,2385.48
1715799600,2385.48,2387.545,2383.905,2386.485
1715803200,2386.485,2388.965,2385.725,2386.13
1715810400,2386.13,2389.565,2386.13,2389.21
1715814000,2389.21,2391.985,2388.945,2391.915
1715817600,2391.915,2395.235,2390.355,2395.075
1715821200,2395.075,2397.515,2389.675,2391.665
1715824800,2391.665,2391.86,2386.62,2387.585
1715828400,2387.585,2390.81,2386.645,2388.755
1715832000,2388.755,2392.205,2387.1,2391.4
1715835600,2391.4,2394.525,2390.22,2390.24
1715839200,2390.24,2390.505,2386.53,2387.105
1715842800,2387.105,2391.225,2384.725,2389.39
1715846400,2389.39,2391.445,2385.41,2386.14
1715850000,2386.14,2387.84,2383.765,2385.51
1715853600,2385.51,2385.76,2380.975,2384.96
1715857200,2384.96,2386.67,2381.56,2384.645
1715860800,2384.645,2386.43,2377.98,2379.225
1715864400,2379.225,2382.27,2371.77,2375.17
1715868000,2375.17,2379.08,2371.01,2373.385
1715871600,2373.385,2382.455,2373.205,2381.58
1715875200,2381.58,2383.83,2379.225,2382
1715878800,2382,2382.49,2379.88,2381.475
1715882400,2381.475,2382.07,2378.485,2379.77
1715886000,2379.77,2381.955,2377.825,2378.24
1715889600,2378.24,2378.5,2375.96,2376.955
1715896800,2376.955,2379.5,2376.955,2378.475
1715900400,2378.475,2379.79,2377.89,2377.9
1715904000,2377.9,2379.715,2377.6,2378.07
1715907600,2378.07,2378.925,2376.15,2378.24
1715911200,2378.24,2381.285,2374.02,2375.21
1715914800,2375.21,2377.94,2374.77,2377.93
1715918400,2377.93,2379.195,2376.695,2378.89
1715922000,2378.89,2382.455,2378.61,2381.39
1715925600,2381.39,2386.735,2380.955,2386.01
1715929200,2386.01,2387.83,2382.97,2383.89
1715932800,2383.89,2385.675,2381.34,2384.315
1715936400,2384.315,2386.65,2381.755,2382.555
1715940000,2382.555,2387.56,2381.84,2387.405
1715943600,2387.405,2390.17,2385.86,2389.88
1715947200,2389.88,2394.115,2386.93,2393.39
1715950800,2393.39,2405.275,2393.39,2401.7
1715954400,2401.7,2415.585,2398.835,2413.495
1715958000,2413.495,2419.185,2403.665,2407.77
1715961600,2407.77,2414.31,2407.77,2407.855
1715965200,2407.855,2414.4,2405.835,2414.285
1715968800,2414.285,2419.23,2413.35,2417.48
1715972400,2417.48,2417.965,2411.58,2416.53
1715976000,2416.53,2422.79,2413.59,2414.715
1716156000,2414.715,2425.42,2414.715,2417.89
1716159600,2417.89,2420.675,2417.255,2420.39
1716163200,2420.39,2426.585,2416.595,2425.52
1716166800,2425.52,2440.7,2425.52,2434.765
1716170400,2434.765,2437.185,2428.905,2434.115
1716174000,2434.115,2438.97,2431.035,2437.67
1716177600,2437.67,2439.69,2435.23,2437.37
1716181200,2437.37,2450.125,2437.09,2449.65
1716184800,2449.65,2449.85,2431.905,2438.85
1716188400,2438.85,2443.795,2435.65,2442.33
1716192000,2442.33,2443.73,2437.005,2440.185
1716195600,2440.185,2447.235,2438.755,2441.755
1716199200,2441.755,2443.15,2434.65,2436.35
1716202800,2436.35,2437.265,2427.725,2430.685
1716206400,2430.685,2430.895,2407.34,2413.965
1716210000,2413.965,2422.765,2410.445,2420.3
1716213600,2420.3,2423.725,2414.835,2423.06
1716217200,2423.06,2427.07,2419.55,2424.97
1716220800,2424.97,2428.115,2422.575,2426.615
1716224400,2426.615,2436.845,2425.775,2435.385
1716228000,2435.385,2437.41,2431.935,2435.3
1716231600,2435.3,2435.41,2426.15,2426.8
1716235200,2426.8,2428.075,2423.36,2426.53
1716242400,2426.53,2430.625,2426.53,2427.36
1716246000,2427.36,2428.625,2425.305,2426.32
1716249600,2426.32,2429.96,2424.44,2429.005
1716253200,2429.005,2433.135,2419.66,2420.555
1716256800,2420.555,2422.715,2411.57,2414.03
1716260400,2414.03,2417.26,2406.16,2413.86
1716264000,2413.86,2415.96,2410.705,2412.5
1716267600,2412.5,2418.08,2412.215,2416.515
1716271200,2416.515,2417.435,2409.735,2410.655
1716274800,2410.655,2422.26,2408.625,2419.355
1716278400,2419.355,2420.06,2414.405,2418.81
1716282000,2418.81,2420.275,2412.21,2416.4
1716285600,2416.4,2420.12,2415.01,2419.86
1716289200,2419.86,2423.795,2417.385,2423.515
1716292800,2423.515,2430.06,2422.485,2426.325
1716296400,2426.325,2431.59,2420.535,2427.845
1716300000,2427.845,2431.8,2425.41,2429.6
1716303600,2429.6,2433.995,2420.105,2423.46
1716307200,2423.46,2423.78,2418.125,2422.92
1716310800,2422.92,2423.87,2418.62,2420.04
1716314400,2420.04,2420.645,2417.425,2420.495
1716318000,2420.495,2425.09,2420.04,2423.37
1716321600,2423.37,2423.52,2420.42,2421.025
1716328800,2421.025,2422.36,2421.025,2422.11
1716332400,2422.11,2422.265,2421.31,2421.79
1716336000,2421.79,2423.235,2420.42,2420.6
1716339600,2420.6,2423.45,2419.375,2422.03
1716343200,2422.03,2426.615,2416.03,2417.915
1716346800,2417.915,2419.655,2412.6,2414.18
1716350400,2414.18,2416.205,2412.19,2412.985
1716354000,2412.985,2417.44,2411.525,2417.215
1716357600,2417.215,2418.125,2413.8,2417.19
1716361200,2417.19,2418.54,2412.38,2417.315
1716364800,2417.315,2417.555,2410.69,2416.89
1716368400,2416.89,2418.07,2414.45,2417.35
1716372000,2417.35,2419.41,2414.35,2414.825
1716375600,2414.825,2415.32,2404.805,2408.81
1716379200,2408.81,2415.115,2408.785,2412.49
1716382800,2412.49,2413.38,2405.83,2411.635
1716386400,2411.635,2411.635,2382.25,2388.695
1716390000,2388.695,2395.415,2386.69,2392.125
1716393600,2392.125,2395.11,2389.525,2392.005
1716397200,2392.005,2394.44,2386.83,2388.52
1716400800,2388.52,2390.82,2374.995,2377.915
1716404400,2377.915,2380.165,2376.88,2379.33
1716408000,2379.33,2380.645,2377.48,2379.175
1716415200,2379.175,2381.39,2379.13,2380.735
1716418800,2380.735,2382.825,2380.5,2382.305
1716422400,2382.305,2383.785,2378.995,2380.405
1716426000,2380.405,2381.99,2366.815,2373.1
1716429600,2373.1,2375.75,2368.21,2369.585
1716433200,2369.585,2372.95,2367.97,2372.54
1716436800,2372.54,2374.01,2371.54,2372.845
1716440400,2372.845,2373.205,2358.365,2360.05
1716444000,2360.05,2367.255,2354.985,2364.335
1716447600,2364.335,2364.89,2355.21,2356.16
1716451200,2356.16,2361.885,2355.2,2360.565
1716454800,2360.565,2364.355,2358.86,2364.155
1716458400,2364.155,2367.815,2363.625,2366.46
1716462000,2366.46,2369.495,2365.685,2368.115
1716465600,2368.115,2369.345,2360.785,2362.8
1716469200,2362.8,2369.935,2350.63,2358.78
1716472800,2358.78,2363.995,2341.555,2346.01
1716476400,2346.01,2349.945,2340.39,2346.205
1716480000,2346.205,2350.23,2340.065,2341
1716483600,2341,2343.085,2332,2332.17
1716487200,2332.17,2336.49,2331.78,2334.795
1716490800,2334.795,2334.915,2330.97,2331.615
1716494400,2331.615,2332.85,2327.02,2328.675
1716501600,2328.675,2332.25,2328.675,2331.05
1716505200,2331.05,2333.68,2330.635,2332.06
1716508800,2332.06,2332.44,2327.525,2329.16
1716512400,2329.16,2335.24,2326.77,2334.025
1716516000,2334.025,2334.615,2325.465,2330.88
1716519600,2330.88,2331.605,2328.535,2330.71
1716523200,2330.71,2335.2,2330.585,2335.16
1716526800,2335.16,2339.4,2333.285,2338.63
1716530400,2338.63,2339.63,2335.28,2338.87
1716534000,2338.87,2340.695,2337.095,2337.79
1716537600,2337.79,2341.11,2336.175,2340.25
1716541200,2340.25,2343.315,2337.64,2337.67
1716544800,2337.67,2343.95,2337.045,2340.37
1716548400,2340.37,2342.115,2337.85,2338.295
1716552000,2338.295,2340.925,2335.61,2339.415
1716555600,2339.415,2347.54,2336.895,2337.605
1716559200,2337.605,2343.25,2335.545,2338.535
1716562800,2338.535,2340.315,2332.44,2334.64
1716566400,2334.64,2337.015,2332.86,2334.325
1716570000,2334.325,2334.6,2332.01,2332.775
1716573600,2332.775,2336.85,2332.635,2334.995
1716577200,2334.995,2334.995,2331.975,2333.81
1716580800,2333.81,2335.16,2333.33,2334
1716760800,2334,2340.75,2332.285,2340.345
1716764400,2340.345,2340.79,2336.65,2337.28
1716768000,2337.28,2337.455,2334.525,2336.28
1716771600,2336.28,2340.415,2334.685,2339.75
1716775200,2339.75,2346.535,2338.795,2346.21
1716778800,2346.21,2347.665,2343.69,2346.115
1716782400,2346.115,2346.16,2341.1,2343.08
1716786000,2343.08,2344.295,2340.4,2343.755
1716789600,2343.755,2344.685,2341.315,2341.455
1716793200,2341.455,2341.625,2338.225,2338.645
1716796800,2338.645,2346.33,2338.235,2344.34
1716800400,2344.34,2345.865,2343.075,2343.37
1716804000,2343.37,2345.95,2342.445,2344.975
1716807600,2344.975,2346.09,2343.275,2345.195
1716811200,2345.195,2349.985,2343.795,2347.27
1716814800,2347.27,2357.045,2344.73,2355.02
1716818400,2355.02,2358.565,2354.16,2354.335
1716822000,2354.335,2356.915,2352.25,2352.455
1716825600,2352.455,2355.665,2352.175,2354.965
1716829200,2354.965,2355.145,2352.365,2355.135
1716832800,2355.135,2355.21,2350.795,2351.375
1716847200,2351.375,2353.975,2351.375,2352.26
1716850800,2352.26,2352.88,2351.155,2352.55
1716854400,2352.55,2353.695,2351.32,2351.845
1716858000,2351.845,2356.44,2349.25,2354.81
1716861600,2354.81,2355.96,2351.655,2354.215
1716865200,2354.215,2354.585,2350.305,2351.01
1716868800,2351.01,2352.17,2350.515,2351.075
1716872400,2351.075,2353.815,2349.665,2350.53
1716876000,2350.53,2350.53,2341.4,2341.9
1716879600,2341.9,2344.995,2341.815,2344.17
1716883200,2344.17,2345.175,2340.31,2345.005
1716886800,2345.005,2345.225,2342.37,2343.915
1716890400,2343.915,2346.325,2343.3,2345.77
1716894000,2345.77,2348.49,2343.625,2347.465
1716897600,2347.465,2357.21,2346.03,2353.305
1716901200,2353.305,2364.175,2352.35,2355.045
1716904800,2355.045,2356.98,2348.015,2355.325
1716908400,2355.325,2362.14,2353.055,2360.345
1716912000,2360.345,2362.295,2355.3,2356.675
1716915600,2356.675,2360.125,2353.155,2356.985
1716919200,2356.985,2357.83,2352.87,2357.155
1716922800,2357.155,2360.255,2355.855,2358.195
1716926400,2358.195,2361.55,2357.89,2361.385
1716933600,2361.385,2361.615,2358.115,2359.335
1716937200,2359.335,2360.955,2358.255,2359.9
1716940800,2359.9,2361.105,2357.4,2357.9
1716944400,2357.9,2359.565,2355.7,2356.52
1716948000,2356.52,2360.94,2354.485,2355.74
1716951600,2355.74,2359.225,2355.39,2358.265
1716955200,2358.265,2359.09,2356.95,2358.34
1716958800,2358.34,2361.45,2356.575,2356.835
1716962400,2356.835,2356.835,2351.145,2355.88
1716966000,2355.88,2356.215,2350.1,2350.6
1716969600,2350.6,2351.875,2344.98,2345.58
1716973200,2345.58,2346.245,2340.88,2345.825
1716976800,2345.825,2347.325,2343.115,2346.525
1716980400,2346.525,2347.105,2338.585,2341.725
1716984000,2341.725,2343.85,2334.54,2337.885
1716987600,2337.885,2347.265,2335.985,2345.815
1716991200,2345.815,2346.53,2341.545,2343.55
1716994800,2343.55,2343.785,2336.755,2339.17
1716998400,2339.17,2342.005,2336.13,2341.915
1717002000,2341.915,2344.325,2339.43,2343.73
1717005600,2343.73,2344.38,2338.145,2338.28
1717009200,2338.28,2339.37,2336.415,2336.74
1717012800,2336.74,2338.78,2335.94,2338.145
1717020000,2338.145,2339.295,2337.315,2337.735
1717023600,2337.735,2339.21,2337.69,2338.5
1717027200,2338.5,2338.515,2334.045,2336.965
1717030800,2336.965,2339.945,2332.9,2334.13
1717034400,2334.13,2336.69,2328.135,2330.92
1717038000,2330.92,2335.17,2329.215,2334.455
1717041600,2334.455,2337.21,2334.15,2335.4
1717045200,2335.4,2335.88,2322.66,2325.065
1717048800,2325.065,2333.16,2324.045,2332.94
1717052400,2332.94,2337.77,2332.335,2334.465
1717056000,2334.465,2335.89,2331.97,2335.13
1717059600,2335.13,2338.065,2331.755,2333.18
1717063200,2333.18,2340.965,2330.705,2340.73
1717066800,2340.73,2340.745,2335.325,2335.925
1717070400,2335.925,2345.265,2332.075,2341.37
1717074000,2341.37,2348.75,2339.845,2348.75
1717077600,2348.75,2351.905,2342.81,2344.195
1717081200,2344.195,2345.805,2341.86,2343.87
1717084800,2343.87,2348.115,2340.955,2347.96
1717088400,2347.96,2348.925,2342.97,2344.48
1717092000,2344.48,2344.615,2341.375,2342.625
1717095600,2342.625,2342.705,2339.935,2341.575
1717099200,2341.575,2343.7,2341.555,2343.34
1717106400,2343.34,2344.885,2342.105,2344.2
1717110000,2344.2,2346.48,2343.225,2344.04
1717113600,2344.04,2347.545,2342.605,2346.35
1717117200,2346.35,2347.74,2343.19,2346.65
1717120800,2346.65,2347.81,2342.39,2342.6
1717124400,2342.6,2343.78,2337.04,2343.78
1717128000,2343.78,2345.615,2341.07,2344.185
1717131600,2344.185,2344.87,2341.745,2342.51
1717135200,2342.51,2347.165,2342.07,2345.89
1717138800,2345.89,2345.89,2339.97,2340.455
1717142400,2340.455,2343.95,2339.765,2343.37
1717146000,2343.37,2344.555,2341.09,2342.23
1717149600,2342.23,2344.6,2341.635,2344.1
1717153200,2344.1,2344.95,2342.725,2343.905
1717156800,2343.905,2356.88,2342.515,2354.885
1717160400,2354.885,2359.725,2343.35,2348.255
1717164000,2348.255,2349.185,2334.195,2335.3
1717167600,2335.3,2336.23,2327.81,2330.14
1717171200,2330.14,2336.78,2329.825,2332.965
1717174800,2332.965,2333.875,2324,2326.015
1717178400,2326.015,2327.3,2322.45,2322.93
1717182000,2322.93,2328.345,2320.595,2327.765
1717185600,2327.765,2330.7,2327.13,2327.2
1717365600,2327.2,2328.9,2323.44,2326.505
1717369200,2326.505,2326.885,2324.11,2325.915
1717372800,2325.915,2327.585,2323.995,2327.21
1717376400,2327.21,2331.145,2326.23,2330.85
1717380000,2330.85,2331.02,2325.625,2326.425
1717383600,2326.425,2328.25,2320.985,2321.46
1717387200,2321.46,2322.605,2320.115,2321.375
1717390800,2321.375,2323.795,2315.335,2320.315
1717394400,2320.315,2322.9,2314.795,2322.49
1717398000,2322.49,2328.965,2322.31,2326.055
1717401600,2326.055,2328.63,2324.79,2325.565
1717405200,2325.565,2328.805,2324.39,2327.85
1717408800,2327.85,2333.365,2326.245,2330.845
1717412400,2330.845,2332.45,2328.985,2330.025
1717416000,2330.025,2334.46,2325.73,2334.09
1717419600,2334.09,2336.83,2329.92,2333.615
1717423200,2333.615,2345.785,2333.615,2341.8
1717426800,2341.8,2344.285,2335.505,2342.88
1717430400,2342.88,2350.4,2341.38,2349.215
1717434000,2349.215,2354.77,2346.12,2348.48
1717437600,2348.48,2349.52,2346.575,2348.245
1717441200,2348.245,2349.125,2344.815,2347.745
1717444800,2347.745,2351.165,2347.055,2350.635
1717452000,2350.635,2351.68,2350.18,2350.885
1717455600,2350.885,2351.18,2349.84,2350.69
1717459200,2350.69,2352.885,2350.185,2350.7
1717462800,2350.7,2352.42,2343.19,2347.16
1717466400,2347.16,2349.705,2345.765,2346.92
1717470000,2346.92,2347.005,2344.18,2345.72
1717473600,2345.72,2349.94,2345.125,2349.37
1717477200,2349.37,2349.7,2347.33,2347.83
1717480800,2347.83,2351.855,2344.35,2344.57
1717484400,2344.57,2345.225,2339.2,2339.82
1717488000,2339.82,2339.84,2332.395,2333.45
1717491600,2333.45,2334.34,2326.755,2329.93
1717495200,2329.93,2334.945,2328.965,2329.2
1717498800,2329.2,2329.83,2325.405,2328.06
1717502400,2328.06,2336.05,2326.785,2335.175
1717506000,2335.175,2338.035,2322.135,2324.405
1717509600,2324.405,2332.53,2315.675,2317.67
1717513200,2317.67,2328.815,2317.5,2326.14
1717516800,2326.14,2329.635,2322.595,2324.01
1717520400,2324.01,2330.42,2323.825,2328.835
1717524000,2328.835,2329.825,2326.155,2328.285
1717527600,2328.285,2328.42,2326.055,2327.275
1717531200,2327.275,2327.755,2326.06,2327.01
1717538400,2327.01,2328.345,2327.01,2327.825
1717542000,2327.825,2328.99,2327.625,2328.875
1717545600,2328.875,2329.725,2327.77,2328.265
1717549200,2328.265,2330.99,2325.965,2330.525
1717552800,2330.525,2333.58,2330.005,2333.42
1717556400,2333.42,2337.96,2333.07,2337.25
1717560000,2337.25,2338.265,2335.935,2338.12
1717563600,2338.12,2341.745,2337.425,2337.425
1717567200,2337.425,2338.515,2328.145,2332.83
1717570800,2332.83,2333.84,2329.24,2331.68
1717574400,2331.68,2335.145,2331.445,2332.745
1717578000,2332.745,2333.96,2331.095,2332.4
1717581600,2332.4,2335.69,2329.465,2333.83
1717585200,2333.83,2335.59,2331.17,2332.605
1717588800,2332.605,2344.145,2332.28,2342.23
1717592400,2342.23,2345.99,2338.26,2345.715
1717596000,2345.715,2350.36,2334.125,2349.055
1717599600,2349.055,2357.425,2349.055,2353.75
1717603200,2353.75,2355.06,2351.385,2352.68
1717606800,2352.68,2355.795,2351.725,2355.165
1717610400,2355.165,2356.815,2353.555,2355.875
1717614000,2355.875,2356.235,2352.765,2354.095
1717617600,2354.095,2355.305,2352.93,2355.28
1717624800,2355.28,2357.23,2355.21,2357
1717628400,2357,2357.555,2354.895,2355.14
1717632000,2355.14,2356.1,2354.61,2355.83
1717635600,2355.83,2373.42,2355.66,2367.555
1717639200,2367.555,2374.755,2365.17,2374.425
1717642800,2374.425,2375.045,2367.71,2368.52
1717646400,2368.52,2370.57,2366.98,2369.47
1717650000,2369.47,2371.505,2366.425,2367.82
1717653600,2367.82,2368.085,2363.195,2367.17
1717657200,2367.17,2368.385,2362.26,2363.005
1717660800,2363.005,2363.29,2359.865,2362.95
1717664400,2362.95,2363.97,2358.615,2361.655
1717668000,2361.655,2362.05,2359.58,2361.165
1717671600,2361.165,2362.09,2359.275,2359.9
1717675200,2359.9,2365.36,2355.365,2357.65
1717678800,2357.65,2367.09,2353.5,2360.595
1717682400,2360.595,2366.38,2358.535,2364.35
1717686000,2364.35,2378.6,2364.16,2374.215
1717689600,2374.215,2377.015,2370.435,2372.955
1717693200,2372.955,2374.07,2370.75,2373.195
1717696800,2373.195,2373.755,2369.065,2372.2
1717700400,2372.2,2375.46,2371.24,2372.55
1717704000,2372.55,2376.225,2372.44,2376.09
1717711200,2376.09,2377.195,2375.595,2377.015
1717714800,2377.015,2378.28,2376.335,2376.91
1717718400,2376.91,2379.265,2376.135,2378.5
1717722000,2378.5,2380.105,2370.23,2371.15
1717725600,2371.15,2378.33,2369.505,2376.695
1717729200,2376.695,2382.045,2375.2,2380.22
1717732800,2380.22,2387.575,2379.34,2386.755
1717736400,2386.755,2387.785,2375.015,2376.06
1717740000,2376.06,2377.945,2372.95,2375.51
1717743600,2375.51,2379.43,2372.88,2373.67
1717747200,2373.67,2374.005,2342.68,2347.425
1717750800,2347.425,2348.05,2337.535,2339.41
1717754400,2339.41,2339.425,2332.05,2333.675
1717758000,2333.675,2339.495,2330.995,2336.7
1717761600,2336.7,2339.445,2313.6,2319.435
1717765200,2319.435,2328.09,2305.075,2309.595
1717768800,2309.595,2321.215,2307.695,2313.43
1717772400,2313.43,2315.6,2304.575,2305.09
1717776000,2305.09,2314.625,2303.11,2311.73
1717779600,2311.73,2312.445,2303.825,2305.575
1717783200,2305.575,2307.28,2300.025,2301.59
1717786800,2301.59,2301.59,2287.67,2288.315
1717790400,2288.315,2294.43,2286.83,2294.015
1717970400,2294.015,2298.465,2290.36,2297.495
1717974000,2297.495,2300.145,2296.585,2298.57
1717977600,2298.57,2299.905,2294.26,2297.075
1717981200,2297.075,2298.01,2294.05,2297.71
1717984800,2297.71,2301.45,2295.6,2296.325
1717988400,2296.325,2297.835,2294.95,2295.375
1717992000,2295.375,2295.895,2292.82,2294.92
1717995600,2294.92,2297.375,2292.275,2295.765
1717999200,2295.765,2296.635,2287.805,2291.255
1718002800,2291.255,2297.325,2290.59,2296.645
1718006400,2296.645,2297.59,2292.54,2292.68
1718010000,2292.68,2297.595,2291.91,2295.415
1718013600,2295.415,2298.9,2295.38,2298.62
1718017200,2298.62,2305.4,2297.97,2305.15
1718020800,2305.15,2308.8,2303.235,2306.255
1718024400,2306.255,2307.92,2300.445,2305.775
1718028000,2305.775,2307.325,2301.865,2302.845
1718031600,2302.845,2308.68,2301.415,2307.44
1718035200,2307.44,2313.865,2307.055,2313.01
1718038800,2313.01,2313.45,2309.195,2311.99
1718042400,2311.99,2312.105,2309.955,2310.99
1718046000,2310.99,2312.28,2308.685,2308.795
1718049600,2308.795,2311.11,2308.585,2310.995
1718056800,2310.995,2312.17,2309.835,2309.88
1718060400,2309.88,2310.635,2308.89,2310.02
1718064000,2310.02,2312.035,2309.15,2310.945
1718067600,2310.945,2310.945,2301.715,2302.89
1718071200,2302.89,2303.755,2298.85,2301.98
1718074800,2301.98,2304.5,2300.845,2303.715
1718078400,2303.715,2303.99,2301.55,2303.68
1718082000,2303.68,2304.45,2297.8,2299.67
1718085600,2299.67,2304.745,2298.79,2302.225
1718089200,2302.225,2305.465,2301.75,2304.625
1718092800,2304.625,2307.86,2303.33,2306.15
1718096400,2306.15,2307.475,2301.64,2306.42
1718100000,2306.42,2308.895,2305.345,2307.95
1718103600,2307.95,2308.325,2305.525,2307.725
1718107200,2307.725,2320,2307.685,2317.995
1718110800,2317.995,2319.64,2309.34,2314.71
1718114400,2314.71,2317.89,2312.49,2314.845
1718118000,2314.845,2316.06,2310.025,2310.165
1718121600,2310.165,2312.435,2305.98,2308.625
1718125200,2308.625,2313.535,2307.975,2312.86
1718128800,2312.86,2315.805,2312.23,2313.855
1718132400,2313.855,2315.74,2312.56,2315.37
1718136000,2315.37,2317.145,2314.82,2316.905
1718143200,2316.905,2317.72,2315.245,2316.935
1718146800,2316.935,2317.575,2314.035,2315.195
1718150400,2315.195,2315.73,2313.53,2313.835
1718154000,2313.835,2315.25,2310.81,2314.475
1718157600,2314.475,2315.67,2310.75,2313.68
1718161200,2313.68,2316.82,2313.635,2314.105
1718164800,2314.105,2314.45,2312.46,2312.82
1718168400,2312.82,2315.495,2312.525,2315.125
1718172000,2315.125,2317.85,2313.88,2314.92
1718175600,2314.92,2315.46,2311.24,2314.64
1718179200,2314.64,2315.805,2310.885,2312.84
1718182800,2312.84,2315.51,2312.25,2314.14
1718186400,2314.14,2314.835,2312.33,2313.515
1718190000,2313.515,2314.865,2312.33,2312.96
1718193600,2312.96,2337.725,2311.675,2336.025
1718197200,2336.025,2341.7,2325.04,2329.91
1718200800,2329.91,2330.01,2320.195,2325.405
1718204400,2325.405,2337.2,2324.74,2335.665
1718208000,2335.665,2338.22,2333.175,2337.745
1718211600,2337.745,2339.695,2332.875,2335.215
1718215200,2335.215,2335.27,2319.53,2322.77
1718218800,2322.77,2324.735,2315.875,2321.44
1718222400,2321.44,2325.03,2320.395,2325.03
1718229600,2325.03,2325.03,2321.855,2322.015
1718233200,2322.015,2322.48,2320.305,2320.61
1718236800,2320.61,2323.015,2317.635,2320.865
1718240400,2320.865,2321.655,2308.205,2312.785
1718244000,2312.785,2316.2,2310.745,2314.195
1718247600,2314.195,2316.37,2312.67,2314.305
1718251200,2314.305,2314.885,2309.37,2311.845
1718254800,2311.845,2312.34,2309.05,2311.715
1718258400,2311.715,2316.235,2311.295,2315.715
1718262000,2315.715,2318.69,2313.315,2317.15
1718265600,2317.15,2317.305,2314.005,2315.69
1718269200,2315.69,2318.505,2313.51,2315.6
1718272800,2315.6,2320.07,2315.405,2316.4
1718276400,2316.4,2316.715,2304.01,2307.145
1718280000,2307.145,2326.795,2305.65,2323.43
1718283600,2323.43,2324.855,2308.52,2310.865
1718287200,2310.865,2314.5,2305.74,2313.645
1718290800,2313.645,2317.155,2297.82,2298.97
1718294400,2298.97,2300.5,2295.59,2299.365
1718298000,2299.365,2304.54,2299.155,2301.5
1718301600,2301.5,2304.09,2300.135,2303.13
1718305200,2303.13,2305.07,2302.825,2303.465
1718308800,2303.465,2304.4,2303.01,2304.135
1718316000,2304.135,2304.2,2303.01,2303.06
1718319600,2303.06,2303.355,2301.84,2302.37
1718323200,2302.37,2305.76,2301.605,2305
1718326800,2305,2307.25,2303.145,2306.1
1718330400,2306.1,2307.185,2304.3,2306.715
1718334000,2306.715,2308.765,2305.025,2305.575
1718337600,2305.575,2306.255,2303.575,2305.99
1718341200,2305.99,2311.73,2305.645,2309.96
1718344800,2309.96,2312.885,2307.55,2312.72
1718348400,2312.72,2316.745,2309.455,2315.36
1718352000,2315.36,2321.72,2314.825,2317.395
1718355600,2317.395,2322.76,2315.305,2322.635
1718359200,2322.635,2332.77,2321.01,2330.615
1718362800,2330.615,2336.725,2326.135,2332.005
1718366400,2332.005,2333.445,2327.23,2330.385
1718370000,2330.385,2332.985,2324.23,2330.29
1718373600,2330.29,2335.515,2328.01,2330.135
1718377200,2330.135,2332.185,2324.135,2326.205
1718380800,2326.205,2331.975,2325.54,2328.935
1718384400,2328.935,2335.65,2328.585,2334.255
1718388000,2334.255,2335.23,2332.315,2334.79
1718391600,2334.79,2335.56,2332.22,2332.55
1718395200,2332.55,2333.08,2331.07,2332.645
1718575200,2332.645,2332.645,2327.665,2328.895
1718578800,2328.895,2329.755,2327.49,2328.95
1718582400,2328.95,2328.95,2325.315,2326.455
1718586000,2326.455,2329.015,2322.83,2326.375
1718589600,2326.375,2326.375,2321.615,2322.68
1718593200,2322.68,2325.255,2321.79,2324.45
1718596800,2324.45,2326.31,2322.755,2323.73
1718600400,2323.73,2323.77,2317.86,2318.665
1718604000,2318.665,2319.335,2315.54,2317.445
1718607600,2317.445,2320.175,2315.69,2317.025
1718611200,2316.915,2322.38,2316.495,2321.375
1718614800,2321.365,2322.72,2319.29,2320.155
1718618400,2320.105,2322.6,2319.58,2320.6
1718622000,2320.595,2322.045,2317.71,2318.225
1718625600,2318.34,2321.2,2316.93,2319.705
1718629200,2319.72,2326.345,2318.83,2321.035
1718632800,2320.99,2327.68,2318.395,2324.62
1718636400,2324.63,2325.59,2310.02,2312.675
1718640000,2312.63,2317.175,2312.63,2317.02
1718643600,2317.03,2318.405,2313.355,2316.765
1718647200,2316.815,2319.34,2316.225,2317.98
1718650800,2317.975,2320.65,2317.975,2320.24
1718654400,2320.26,2320.825,2318.475,2319.285
1718661600,2320.295,2321.305,2319.86,2321.145
1718665200,2321.165,2321.355,2319.215,2320.78
1718668800,2321.105,2325.595,2321.08,2324.165
1718672400,2324.215,2325.485,2319.305,2322.635
1718676000,2322.63,2325.725,2321.66,2324.45
1718679600,2324.395,2325.15,2323.235,2324.49
1718683200,2324.475,2324.855,2321.985,2322.635
1718686800,2322.62,2323.875,2319.54,2322.25
1718690400,2322.275,2322.805,2318.845,2320.185
1718694000,2320.17,2320.205,2315.1,2315.565
1718697600,2315.575,2315.575,2310.825,2311.37
1718701200,2311.345,2314.355,2310.915,2311.235
1718704800,2311.255,2312.47,2306.65,2308.43
1718708400,2308.4,2314.24,2306.8,2313.435
1718712000,2313.36,2324.225,2311.515,2313.975
1718715600,2313.98,2327.765,2313.715,2326.805
1718719200,2326.78,2327.15,2322.275,2323.675
1718722800,2323.68,2329.92,2318.84,2326.98
1718726400,2327.02,2330.8,2326.565,2330.3
1718730000,2330.38,2333.165,2328.345,2329.79
1718733600,2329.81,2331.56,2327.505,2331.36
1718737200,2331.235,2331.255,2328.545,2329.345
1718740800,2329.54,2330.685,2328.905,2329.58
1718748000,2329.005,2329.555,2327.555,2328.34
1718751600,2328.29,2329.66,2328.015,2328.41
1718755200,2328.43,2330.005,2328.07,2329.58
1718758800,2329.575,2331.08,2326.525,2330.255
1718762400,2330.265,2331.325,2328.915,2330.435
1718766000,2330.43,2331.84,2328.04,2328.36
1718769600,2328.265,2328.52,2327.315,2328.08
1718773200,2327.985,2330.2,2326.86,2329.435
1718776800,2329.44,2330.82,2328.54,2330.295
1718780400,2330.225,2332.735,2329.885,2331.94
1718784000,2332.1,2335.03,2331.975,2332.575
1718787600,2332.58,2332.785,2327.79,2328.215
1718791200,2328.135,2329.975,2327.46,2328.05
1718794800,2328.04,2331.1,2325.925,2330.48
1718798400,2330.555,2332.935,2325.365,2328.395
1718802000,2328.43,2331.62,2326.875,2328.255
1718805600,2328.13,2328.495,2323.78,2326.25
1718809200,2326.23,2329.855,2325.32,2329.835
1718812800,2329.845,2331.37,2328.93,2329.475
1718816400,2329.41,2331.17,2329.285,2330.19
1718820000,2330.23,2330.265,2328.23,2328.23
1718834400,2330.075,2330.68,2329.23,2330.55
1718838000,2330.54,2330.54,2328.765,2329.495
1718841600,2329.505,2329.945,2327.765,2329.83
1718845200,2329.85,2339.085,2329.845,2336.4
1718848800,2336.35,2337.455,2332.92,2333.87
1718852400,2333.82,2334.44,2332.49,2334.01
1718856000,2333.99,2341.045,2333.825,2340.585
1718859600,2340.58,2344.955,2339.795,2340.33
1718863200,2340.325,2345.755,2340.23,2344.16
1718866800,2344.125,2345.035,2338.595,2338.7
1718870400,2338.69,2338.745,2332.76,2333.415
1718874000,2333.34,2335.81,2331.65,2334.71
1718877600,2334.695,2340.69,2333.525,2339.49
1718881200,2339.51,2341.39,2337.79,2339.395
1718884800,2339.405,2343.815,2335.365,2338.71
1718888400,2338.8,2349.5,2336.72,2349.415
1718892000,2349.44,2365.045,2348.96,2364.09
1718895600,2364.11,2365.59,2351.42,2353.785
1718899200,2353.75,2357.23,2352.92,2356.39
1718902800,2356.415,2357.535,2354.67,2357.435
1718906400,2357.505,2361.095,2357.35,2358.045
1718910000,2358.225,2359.895,2357.77,2359.025
1718913600,2359.17,2360.285,2358.235,2360.145
1718920800,2359.665,2360.33,2358.2,2359.45
1718924400,2359.43,2361.19,2358.965,2360.92
1718928000,2360.945,2364.9,2360.9,2364.13
1718931600,2364.135,2364.245,2357.145,2359.665
1718935200,2359.635,2361.67,2358.235,2359.475
1718938800,2359.44,2362.21,2358.785,2362.21
1718942400,2362.22,2363.045,2361.18,2363.01
1718946000,2363.02,2365.68,2362.3,2364.585
1718949600,2364.525,2364.535,2357.98,2358.505
1718953200,2358.485,2364.525,2355.19,2363.09
1718956800,2363.08,2368.18,2362.78,2365.455
1718960400,2365.42,2367.4,2362.985,2363.97
1718964000,2363.975,2364.22,2361.375,2363.72
1718967600,2363.79,2368.765,2363.6,2366.295
1718971200,2366.31,2368.12,2360.51,2360.745
1718974800,2360.74,2363.9,2334.76,2340.63
1718978400,2340.27,2340.615,2328.6,2329.975
1718982000,2329.97,2334.83,2323.35,2327.95
1718985600,2328.105,2329.36,2323.775,2324.845
1718989200,2324.785,2325.175,2316.785,2319.41
1718992800,2319.485,2322.87,2316.835,2322.25
1718996400,2322.265,2323.49,2320.5,2322.185
1719000000,2322.285,2322.775,2320.9,2321.875
1719180000,2321.03,2322.27,2320.555,2321.605
1719183600,2321.56,2321.56,2317.775,2319.265
1719187200,2319.19,2321.8,2318.01,2320.97
1719190800,2321.04,2326.475,2319.07,2323.675
1719194400,2323.67,2325.3,2319.685,2324.885
1719198000,2324.84,2326.74,2324.42,2325.52
1719201600,2325.55,2326.69,2324.225,2324.54
1719205200,2324.555,2327.34,2323.74,2325.19
1719208800,2325.18,2325.44,2321.405,2323.54
1719212400,2323.475,2331.845,2321.84,2330.89
1719216000,2330.875,2332.82,2329.19,2330.58
1719219600,2330.59,2331,2320.865,2325.17
1719223200,2325.125,2327.195,2324.565,2325.27
1719226800,2325.245,2328.13,2324.22,2326.295
1719230400,2326.29,2327.91,2323.405,2327.665
1719234000,2327.68,2333.93,2325.97,2328.155
1719237600,2328.015,2333.73,2327.025,2330.78
1719241200,2330.74,2333.21,2327.55,2327.685
1719244800,2327.685,2332.305,2326.945,2331.765
1719248400,2331.775,2333.24,2330.64,2332.135
1719252000,2332.085,2334.73,2332.025,2333.81
1719255600,2333.815,2333.825,2330.975,2331.745
1719259200,2331.94,2334.475,2331.94,2334.43
1719266400,2333.945,2334.45,2331.78,2331.855
1719270000,2331.85,2332.03,2330.335,2330.91
1719273600,2330.965,2331.04,2328.315,2330.185
1719277200,2330.2,2330.975,2323.25,2325.915
1719280800,2325.845,2327.135,2324.58,2326.575
1719284400,2326.54,2328.66,2324.08,2324.2
1719288000,2324.285,2327.845,2322.76,2327.505
1719291600,2327.51,2330.21,2324.62,2325.07
1719295200,2325.065,2328.245,2323.485,2327.31
1719298800,2327.24,2327.765,2324.115,2324.955
1719302400,2324.92,2330.6,2322.995,2329.65
1719306000,2329.64,2334.12,2329.32,2333.135
1719309600,2333.115,2337.16,2332.695,2335.335
1719313200,2335.39,2335.87,2327.575,2330.25
1719316800,2330.285,2330.565,2324.105,2324.265
1719320400,2324.31,2327.46,2320.32,2325.54
1719324000,2325.755,2328.27,2319.57,2327.215
1719327600,2327.28,2327.75,2315.68,2324.78
1719331200,2324.875,2325.135,2315.59,2317.94
1719334800,2317.93,2320.155,2316.8,2319.19
1719338400,2319.245,2319.845,2317.125,2319.305
1719342000,2319.27,2320.68,2318.835,2319.79
1719345600,2319.765,2319.92,2318.035,2319.595
1719352800,2320.13,2321.33,2319.125,2320.71
1719356400,2320.79,2321.535,2318.745,2320.065
1719360000,2320.165,2324.015,2317.845,2318.515
1719363600,2318.49,2320.85,2310.675,2312.98
1719367200,2312.965,2321.755,2312.465,2319.515
1719370800,2319.55,2321.095,2316.77,2317.325
1719374400,2317.34,2317.805,2315.205,2316.86
1719378000,2316.845,2318.31,2311.85,2312.17
1719381600,2312.13,2317.49,2309.77,2317.21
1719385200,2317.185,2317.415,2313.095,2316.195
1719388800,2316.275,2318.09,2313.025,2315.715
1719392400,2315.78,2318.49,2315.72,2316.43
1719396000,2316.42,2316.53,2307.78,2308.355
1719399600,2308.35,2314.05,2304.475,2313.105
1719403200,2313.1,2317.91,2310.19,2310.2
1719406800,2310.15,2311.645,2293.69,2296.43
1719410400,2296.06,2301.395,2295.36,2297.648
1719414000,2297.655,2304.24,2295.985,2300.085
1719417600,2300.03,2302.27,2298.605,2299.78
1719421200,2299.775,2303.08,2299.435,2301.935
1719424800,2301.975,2302.125,2298.615,2299.04
1719428400,2299.045,2299.605,2297.045,2298.785
1719432000,2298.87,2299.35,2297.32,2298.47
