time,open,high,low,close
1719439200,2298.84,2299.115,2298.29,2298.355
1719442800,2298.345,2298.73,2296.835,2298.45
1719446400,2298.44,2300.21,2297.96,2299.105
1719450000,2299.12,2299.835,2296.825,2297.905
1719453600,2297.89,2300.135,2297.86,2299.405
1719457200,2299.4,2299.955,2298.115,2299.09
1719460800,2299.095,2301.185,2298.815,2300.605
1719464400,2300.69,2300.71,2296.88,2297.525
1719468000,2297.53,2303.55,2296.61,2301.25
1719471600,2301.235,2302.61,2300.04,2302.39
1719475200,2302.33,2308.465,2302.105,2307.69
1719478800,2307.64,2313.845,2307.385,2312.665
1719482400,2312.67,2315.605,2312.39,2315.225
1719486000,2315.285,2317.92,2313.475,2317.1
1719489600,2317.16,2325.92,2316.29,2322.895
1719493200,2322.795,2325.01,2319.59,2323.38
1719496800,2323.27,2331.015,2322.71,2329.03
1719500400,2329.075,2330.975,2325.14,2327.575
1719504000,2327.5,2328.345,2324.035,2325.47
1719507600,2325.475,2328.06,2324.395,2325.925
1719511200,2325.88,2326.44,2322.53,2326.31
1719514800,2326.335,2327.805,2325.715,2326.145
1719518400,2326.075,2328.655,2325.555,2327.81
1719525600,2327.105,2327.425,2325.99,2326.995
1719529200,2326.975,2327.98,2326.57,2327.755
1719532800,2327.76,2328.395,2321.46,2321.655
1719536400,2321.66,2324.645,2319.105,2320.4
1719540000,2320.395,2324.255,2319.915,2323.735
1719543600,2323.695,2325.065,2320.85,2321.83
1719547200,2321.905,2321.905,2319.835,2321.28
1719550800,2321.27,2327.115,2321.095,2325.745
1719554400,2325.77,2328.22,2325.155,2327.6
1719558000,2327.61,2328.925,2324.88,2327.27
1719561600,2327.325,2332.08,2326.545,2328.785
1719565200,2328.7,2330.47,2327.325,2330.43
1719568800,2330.42,2336.805,2329.49,2335.9
1719572400,2335.915,2337.21,2333.365,2333.935
1719576000,2334.02,2339.445,2331.08,2335.555
1719579600,2335.475,2339.785,2326.725,2330.505
1719583200,2330.73,2333.785,2322.975,2326.57
1719586800,2326.605,2330.46,2324.286,2328.71
1719590400,2328.75,2332.645,2327.83,2330.015
1719594000,2330.07,2332.77,2326.465,2326.855
1719597600,2326.88,2328.515,2325.405,2325.855
1719601200,2325.82,2326.335,2323.06,2325.065
1719604800,2325.045,2326.89,2322.96,2326.72
1719784800,2323.32,2325.99,2322.985,2324.63
1719788400,2324.625,2326.23,2323.2,2325.01
1719792000,2325.045,2325.41,2322.255,2324.975
1719795600,2324.955,2328.645,2323.6,2327.95
1719799200,2327.96,2327.96,2324.54,2326.705
1719802800,2326.7,2327.715,2324.545,2324.81
1719806400,2324.805,2326.17,2321.485,2323.765
1719810000,2323.77,2324.06,2318.605,2321.935
1719813600,2321.93,2329.06,2321.385,2326.56
1719817200,2326.565,2327.02,2323.73,2323.805
1719820800,2323.715,2326.33,2321.97,2325.93
1719824400,2325.925,2329.52,2325.52,2327.615
1719828000,2327.61,2332.745,2327.61,2332.745
1719831600,2332.75,2338.325,2332.165,2338.25
1719835200,2338.245,2338.545,2327.25,2327.46
1719838800,2327.525,2334.26,2325.54,2327.295
1719842400,2327.51,2334.37,2319.295,2324.155
1719846000,2324.16,2329.05,2323.15,2327.86
1719849600,2327.885,2331.895,2326.765,2328.25
1719853200,2328.26,2329.945,2326.805,2329.27
1719856800,2329.28,2330.82,2327.085,2329.975
1719860400,2329.975,2331.55,2329.01,2331.08
1719864000,2331.125,2332.485,2330.94,2331.855
1719871200,2331.875,2332.265,2331.53,2331.88
1719874800,2331.885,2332.655,2331.715,2332.37
1719878400,2332.36,2333.945,2331.795,2333.2
1719882000,2333.195,2334.28,2331.27,2334.18
1719885600,2334.14,2334.39,2331.3,2332.415
1719889200,2332.41,2332.76,2325.83,2326.08
1719892800,2326.075,2327.92,2325.005,2327.345
1719896400,2327.35,2330.89,2326.42,2329.99
1719900000,2330.12,2331.83,2327.735,2330.425
1719903600,2330.39,2331.01,2323.4,2330.885
1719907200,2330.94,2332.545,2328.48,2331.285
1719910800,2331.165,2331.965,2324.18,2325.025
1719914400,2325.03,2326.64,2322.94,2324.545
1719918000,2324.43,2325.65,2320.105,2320.8
1719921600,2321,2328.78,2319.13,2327.545
1719925200,2327.485,2336.89,2326.155,2334.525
1719928800,2334.575,2335.81,2323.04,2326.735
1719932400,2326.785,2330.535,2324.22,2324.765
1719936000,2324.775,2325.02,2321,2322.93
1719939600,2322.925,2325.32,2322.155,2324.725
1719943200,2324.73,2328.99,2324.6,2328.475
1719946800,2328.415,2331.465,2328.175,2330.96
1719950400,2331.045,2331.11,2328.7,2329.485
1719957600,2330.335,2331.325,2329.815,2330.13
1719961200,2330.125,2331.515,2329.715,2330.325
1719964800,2330.315,2332.215,2330.295,2330.295
1719968400,2330.285,2331.705,2328.53,2329.125
1719972000,2329.18,2331.145,2326.885,2328.985
1719975600,2328.99,2332.565,2328.125,2331.765
1719979200,2331.78,2335.36,2331.78,2334.53
1719982800,2334.535,2335.85,2332.05,2333.41
1719986400,2333.405,2341.275,2332.995,2340.235
1719990000,2340.23,2347.27,2338.965,2345.47
1719993600,2345.465,2347.605,2343.155,2344.685
1719997200,2344.73,2346.55,2342.2,2346.355
1720000800,2346.37,2349.625,2344.63,2347.03
1720004400,2346.975,2347.055,2342.51,2345.48
1720008000,2345.485,2356.225,2345.01,2350.54
1720011600,2350.44,2358.78,2347.615,2355.565
1720015200,2358.97,2364.995,2357.75,2362.56
1720018800,2362.565,2364.065,2360.05,2363.14
1720022400,2363.09,2363.245,2355.2,2356.675
1720026000,2356.585,2360.955,2353.91,2356.94
1720029600,2356.905,2358.02,2355.275,2356.405
1720033200,2356.435,2356.77,2353.77,2354.375
1720036800,2354.355,2356.475,2354.3,2356.16
1720044000,2356.955,2359.315,2356.2,2358.89
1720047600,2358.92,2359.675,2357.74,2358.915
1720051200,2358.93,2359.355,2356.55,2358.65
1720054800,2358.62,2362.6,2358.395,2361.995
1720058400,2361.925,2362.29,2357.46,2359.305
1720062000,2359.31,2360.415,2357.235,2358.19
1720065600,2358.195,2359.635,2357.7,2358.605
1720069200,2358.6,2358.63,2355.6,2356.94
1720072800,2356.915,2357.255,2350.51,2356.405
1720076400,2356.395,2357.825,2353.665,2357.645
1720080000,2357.66,2359.72,2355.6,2358.95
1720083600,2358.955,2359.195,2355.8,2357.85
1720087200,2357.855,2359.265,2356.495,2358.13
1720090800,2358.125,2360.1,2357.63,2358.565
1720094400,2358.59,2360.46,2357.06,2357.825
1720098000,2357.88,2360.15,2357.315,2359.84
1720101600,2359.815,2361.915,2358.105,2358.965
1720105200,2358.965,2360.79,2355.525,2357.495
1720108800,2357.495,2359.225,2357.03,2357.88
1720112400,2357.8,2358.09,2356.255,2356.39
1720116000,2356.395,2357.255,2356.21,2357.2
1720130400,2357.03,2357.5,2354.335,2357.5
1720134000,2357.51,2357.815,2356.47,2356.83
1720137600,2356.845,2359.125,2356.12,2358.935
1720141200,2358.93,2360.4,2356.965,2358.47
1720144800,2358.485,2363.2,2358.16,2360.535
1720148400,2360.53,2362.405,2359.65,2361.88
1720152000,2361.875,2364.75,2361.455,2364.03
1720155600,2364.015,2365.075,2362.685,2364.81
1720159200,2364.82,2366.38,2363.665,2364.03
1720162800,2364.015,2367.535,2362.33,2365.33
1720166400,2365.335,2368.155,2364.71,2366.55
1720170000,2366.605,2366.96,2362.09,2362.51
1720173600,2362.385,2365.55,2361.925,2365.1
1720177200,2365.075,2366.085,2362.38,2365.955
1720180800,2365.91,2376.24,2348.62,2372.205
1720184400,2372.22,2385.24,2370.705,2383.23
1720188000,2383.22,2384.515,2374.53,2380.765
1720191600,2380.78,2388.44,2378.58,2384.78
1720195200,2384.76,2387.645,2384.05,2386.595
1720198800,2386.545,2389.955,2384.605,2385.84
1720202400,2385.885,2392.615,2385.215,2391.06
1720206000,2391.055,2392.965,2388.18,2388.815
1720209600,2388.715,2391.745,2388.275,2391.62
1720389600,2389.41,2390.215,2385.02,2385.345
1720393200,2385.41,2387,2384.86,2386.18
1720396800,2386.17,2387.885,2384.625,2386.775
1720400400,2386.75,2391.13,2384.335,2386.555
1720404000,2386.55,2387.295,2381.52,2383.015
1720407600,2382.995,2384.275,2380.775,2383.02
1720411200,2383.055,2385.085,2382.145,2384.995
1720414800,2385.075,2386.855,2381.64,2382.87
1720418400,2382.885,2384.26,2376.815,2377.015
1720422000,2377.005,2381.18,2376.705,2377.975
1720425600,2377.965,2378.87,2372.005,2372.87
1720429200,2372.865,2373.91,2368.36,2370.24
1720432800,2370.075,2374.415,2369.74,2374.215
1720436400,2374.13,2375.735,2372.565,2375.41
1720440000,2375.315,2377.535,2370.37,2372.865
1720443600,2372.825,2377.195,2370.345,2375.55
1720447200,2375.445,2379.62,2373.315,2373.32
1720450800,2373.325,2375.045,2351.09,2355.58
1720454400,2355.365,2358.87,2351.11,2358.76
1720458000,2358.85,2359.805,2355.645,2357.29
1720461600,2357.28,2358.265,2354.91,2356.645
1720465200,2356.695,2359.94,2356.2,2359.305
1720468800,2359.3,2359.945,2358.07,2359.26
1720476000,2359.125,2359.885,2358.93,2359.885
1720479600,2359.955,2362.15,2359.935,2361.86
1720483200,2361.865,2363.75,2360.87,2361.945
1720486800,2362.05,2365.35,2361.425,2363.485
1720490400,2363.375,2366.785,2360.55,2364.05
1720494000,2364.045,2368.045,2363.42,2367.755
1720497600,2367.75,2368.825,2366.41,2367.47
1720501200,2367.385,2368.43,2364.24,2364.63
1720504800,2364.64,2365.63,2362.85,2364.24
1720508400,2364.225,2364.6,2358.415,2359.095
1720512000,2359.12,2362.065,2358.325,2361.68
1720515600,2361.695,2365.41,2361.65,2364.32
1720519200,2364.325,2365.695,2362.19,2363.185
1720522800,2363.235,2363.255,2357.64,2360.685
1720526400,2360.705,2361.42,2356.195,2360.25
1720530000,2360.205,2368.545,2359.595,2367.77
1720533600,2367.125,2371.625,2354.16,2355.04
1720537200,2355.1,2362.345,2349.485,2362.135
1720540800,2362.135,2363.215,2356.615,2357.525
1720544400,2357.64,2362.58,2357.64,2361.95
1720548000,2361.81,2365.405,2361.115,2364.645
1720551600,2364.635,2365.725,2363.01,2363.635
1720555200,2363.64,2365.065,2363.63,2364.03
1720562400,2363.9,2364.545,2363.15,2364.54
1720566000,2364.53,2366.17,2364.53,2365.07
1720569600,2365.09,2366.66,2364.52,2364.755
1720573200,2364.79,2369.955,2363.375,2368.3
1720576800,2368.4,2370.35,2367,2369.41
1720580400,2369.445,2369.93,2366.49,2368.275
1720584000,2368.285,2368.945,2366.65,2367.81
1720587600,2367.8,2370.405,2367.435,2368.48
1720591200,2368.49,2372.875,2367.265,2371.995
1720594800,2371.99,2375.055,2371.5,2372.775
1720598400,2372.725,2374.295,2371.565,2372.88
1720602000,2372.875,2374.295,2371.76,2371.955
1720605600,2371.935,2375.43,2371.82,2372.565
1720609200,2372.56,2378.435,2372.515,2378.435
1720612800,2378.42,2381.89,2377.32,2377.89
1720616400,2377.885,2386.73,2376.27,2383.385
1720620000,2383.395,2385.235,2374.025,2374.925
1720623600,2374.855,2380.875,2374.14,2378.795
1720627200,2378.915,2381.435,2376.725,2377.935
1720630800,2377.925,2378.63,2370.5,2373.145
1720634400,2373.13,2373.69,2370.025,2372.68
1720638000,2372.655,2372.685,2370.61,2371.88
1720641600,2371.89,2372.48,2370.965,2371.32
1720648800,2371.93,2372.955,2371.34,2372.9
1720652400,2372.875,2372.955,2372.33,2372.88
1720656000,2372.89,2374.45,2371.54,2374.29
1720659600,2374.32,2376.345,2373.095,2376.01
1720663200,2376.005,2377.885,2374.39,2377.495
1720666800,2377.47,2380.35,2376.935,2378.8
1720670400,2378.805,2382.58,2378.73,2382.03
1720674000,2382.025,2383.06,2381.255,2382.595
1720677600,2382.575,2383.315,2378.55,2381.825
1720681200,2381.835,2382.05,2378.895,2380
1720684800,2380.04,2384.14,2379.655,2381.45
1720688400,2381.455,2384.705,2381.425,2384.115
1720692000,2384.125,2384.125,2380.57,2382.38
1720695600,2382.33,2383.515,2379.13,2380.855
1720699200,2380.865,2409.8,2378.655,2406.39
1720702800,2406.335,2413.095,2395.825,2406.73
1720706400,2406.75,2417.995,2404.39,2417.79
1720710000,2417.865,2424.6,2412.505,2417.425
1720713600,2417.42,2419.29,2411.72,2411.72
1720717200,2411.755,2416.71,2410.11,2413.76
1720720800,2413.735,2416.715,2412.925,2416.485
1720724400,2416.49,2418.745,2414.065,2414.175
1720728000,2414.21,2415.63,2413.175,2415.375
1720735200,2413.075,2414.205,2411.24,2414.105
1720738800,2414.12,2416.22,2412.085,2416.075
1720742400,2416.07,2416.39,2411.04,2412.095
1720746000,2411.95,2414.31,2407.135,2408.055
1720749600,2408.155,2411.12,2406.745,2409.645
1720753200,2409.49,2410.275,2408.61,2408.835
1720756800,2408.825,2410.015,2408.255,2408.675
1720760400,2408.685,2410.185,2405.5,2408.115
1720764000,2408.12,2408.345,2402.22,2404.215
1720767600,2404.19,2405.635,2400.35,2404.25
1720771200,2404.255,2408.275,2403.875,2407.515
1720774800,2407.775,2408.35,2403.235,2405.035
1720778400,2404.985,2405.55,2399.895,2400.25
1720782000,2400.38,2402.795,2398.375,2401.84
1720785600,2401.85,2404.41,2391.52,2397.98
1720789200,2398.035,2405.725,2396.84,2403.66
1720792800,2403.745,2410.975,2403.745,2409.015
1720796400,2408.805,2413.785,2408.155,2411.8
1720800000,2411.815,2416.975,2411.78,2415.945
1720803600,2415.92,2418.31,2414.545,2417.915
1720807200,2417.925,2418.065,2413.94,2414.21
1720810800,2414.26,2414.82,2412.28,2412.915
1720814400,2412.845,2412.845,2410.9,2410.92
1720994400,2411.81,2412.29,2407,2407.695
1720998000,2407.685,2408.81,2405.73,2408.75
1721001600,2408.8,2408.94,2406.33,2408.535
1721005200,2408.54,2410.4,2404.99,2410.115
1721008800,2410.135,2410.96,2408.215,2409.22
1721012400,2409.235,2412.045,2408.685,2411.655
1721016000,2411.75,2413.43,2410.735,2411.555
1721019600,2411.54,2414.035,2408.075,2408.215
1721023200,2408.2,2408.355,2402.05,2403.32
1721026800,2403.325,2408.04,2401.405,2407.995
1721030400,2407.99,2412.155,2407.015,2412.085
1721034000,2412.145,2412.67,2407.785,2410.81
1721037600,2410.8,2415.88,2410.79,2414.885
1721041200,2414.85,2420.375,2414.645,2418.31
1721044800,2418.33,2420.93,2413.585,2414.89
1721048400,2414.85,2419.37,2411.57,2419.205
1721052000,2418.655,2432.11,2418.215,2431.605
1721055600,2431.585,2437.555,2431.47,2433.335
1721059200,2433.31,2439.855,2429.655,2430.285
1721062800,2430.335,2430.365,2420.525,2421.625
1721066400,2421.58,2424.915,2419.84,2422.475
1721070000,2422.455,2423.345,2420.32,2421.155
1721073600,2421.145,2422.495,2420.745,2422.395
1721080800,2422.08,2422.1,2421.015,2421.105
1721084400,2421.1,2422.81,2421.035,2422.61
1721088000,2422.625,2422.88,2420.08,2421.32
1721091600,2421.325,2427.805,2421.31,2427.31
1721095200,2427.38,2430.34,2426.125,2430.23
1721098800,2430.22,2431.555,2426.705,2428.72
1721102400,2428.715,2429.57,2425.205,2429.32
1721106000,2429.24,2432.87,2428.215,2432.01
1721109600,2431.96,2433.905,2428.2,2433.895
1721113200,2433.94,2439.37,2432.675,2437.06
1721116800,2437.095,2438.605,2433.675,2436.67
1721120400,2436.685,2443.415,2435.195,2442.545
1721124000,2442.57,2443.405,2439.795,2440.195
1721127600,2440.275,2442.525,2438.24,2439.615
1721131200,2439.61,2444.085,2429.445,2432.69
1721134800,2432.588,2448.045,2431.055,2442.8
1721138400,2442.805,2454.105,2440.62,2452.13
1721142000,2452.175,2465.34,2452.01,2463.23
1721145600,2463.315,2463.785,2457.93,2459.2
1721149200,2459.2,2466.41,2458.76,2464.72
1721152800,2464.76,2466.66,2462.515,2465.435
1721156400,2465.425,2468.785,2463.25,2468.7
1721160000,2468.645,2469.765,2466.93,2468.93
1721167200,2467.82,2470.075,2466.355,2469.035
1721170800,2469.085,2469.865,2467.55,2468.415
1721174400,2468.365,2473.36,2466.305,2468.8
1721178000,2468.81,2481.325,2468.595,2479.545
1721181600,2479.555,2482.42,2469.705,2474.65
1721185200,2474.645,2474.645,2464.05,2471.79
1721188800,2471.835,2472.79,2467.705,2467.81
1721192400,2467.805,2471.045,2465.47,2465.47
1721196000,2465.455,2467.625,2461.88,2466.49
1721199600,2466.505,2474.455,2464.255,2474.245
1721203200,2474.26,2478.945,2471.6,2475.045
1721206800,2475.075,2475.495,2469.88,2475.17
1721210400,2475.12,2476.415,2466.76,2467.975
1721214000,2467.905,2473.41,2467.4,2470.11
1721217600,2470.1,2475.46,2468.79,2473.46
1721221200,2473.465,2483.505,2471.34,2482.995
1721224800,2482.95,2483.74,2461.135,2463.75
1721228400,2463.715,2466.045,2458.08,2463.595
1721232000,2463.655,2465.12,2452.93,2455.675
1721235600,2455.67,2459.385,2451.95,2452.655
1721239200,2452.555,2458.245,2451.57,2458.07
1721242800,2458.065,2460.47,2457.095,2458.075
1721246400,2458.17,2459.525,2457.3,2458.81
1721253600,2458.755,2459.56,2458.07,2459.31
1721257200,2459.21,2461.955,2459.21,2461.42
1721260800,2461.455,2461.595,2457.46,2458.9
1721264400,2458.895,2464.21,2457.69,2462.485
1721268000,2462.47,2466.07,2460.385,2465.635
1721271600,2465.625,2468.99,2465.265,2468.11
1721275200,2468.1,2468.275,2465.06,2465.33
1721278800,2465.38,2469.98,2465,2467.025
1721282400,2467.07,2472.22,2464.675,2471.545
1721286000,2471.665,2475,2470.86,2471.975
1721289600,2472.045,2473.76,2465.635,2466.06
1721293200,2466.065,2467.76,2464.75,2465.705
1721296800,2465.7,2466.42,2461.565,2464.235
1721300400,2464.22,2466.375,2462.165,2464.545
1721304000,2464.555,2468.94,2462.67,2464.04
1721307600,2464.1,2466.31,2457.655,2465.145
1721311200,2465.14,2469.925,2460.195,2468.48
1721314800,2468.53,2469.14,2461.27,2461.325
1721318400,2461.385,2462.125,2455.915,2456.265
1721322000,2456.19,2457.625,2451.82,2456.34
1721325600,2456.4,2456.57,2450.89,2451.545
1721329200,2451.535,2451.85,2440.415,2443.035
1721332800,2443.045,2445.565,2441.395,2445.31
1721340000,2444.495,2445.34,2443.79,2444.445
1721343600,2444.365,2445.28,2441.32,2441.32
1721347200,2441.38,2441.385,2426.315,2434.45
1721350800,2434.295,2434.68,2420.58,2426.195
1721354400,2426.19,2428.735,2422.655,2428.38
1721358000,2428.39,2429.57,2425.03,2428.785
1721361600,2428.77,2429.33,2424.09,2425.52
1721365200,2425.535,2426.14,2421.19,2423.405
1721368800,2423.385,2424.12,2414.365,2420.015
1721372400,2420.095,2422.245,2413.005,2418.26
1721376000,2418.28,2421.7,2416.39,2420.485
1721379600,2420.49,2421.145,2414.885,2416.2
1721383200,2416.175,2416.4,2410.705,2412.555
1721386800,2412.56,2414.425,2408.52,2410.08
1721390400,2410.09,2410.265,2401.62,2403.785
1721394000,2403.795,2406.715,2393.88,2403.965
1721397600,2403.81,2404.835,2396.13,2398.075
1721401200,2398.015,2408.49,2397.855,2405.46
1721404800,2405.425,2406.03,2399.465,2399.68
1721408400,2399.745,2400.89,2395.69,2399.235
1721412000,2399.24,2400.375,2397.25,2398.685
1721415600,2398.695,2400.18,2397.2,2398.84
1721419200,2398.88,2400.84,2397.795,2400.82
1721599200,2403.82,2411.725,2402.61,2411.38
1721602800,2411.23,2412.025,2409.325,2411.59
1721606400,2411.6,2411.705,2406.965,2407.935
1721610000,2407.875,2412.255,2405.79,2406.455
1721613600,2406.365,2408.27,2403.36,2406.59
1721617200,2406.585,2409.575,2405.975,2406.805
1721620800,2406.88,2407.19,2403.275,2405.68
1721624400,2405.67,2407.395,2402.97,2402.995
1721628000,2402.985,2405.335,2399.03,2402.54
1721631600,2402.575,2404.645,2399.76,2402.59
1721635200,2402.635,2404.725,2399.945,2400.9
1721638800,2400.905,2405.81,2399.945,2404.475
1721642400,2404.62,2408.46,2403.725,2406.95
1721646000,2406.96,2407.68,2398.105,2398.12
1721649600,2398.135,2399.65,2388.865,2394.355
1721653200,2394.36,2400.24,2391.49,2392.8
1721656800,2392.745,2394.885,2383.93,2387.28
1721660400,2387.27,2390.56,2384.325,2386.335
1721664000,2386.34,2393.38,2386.17,2393.1
1721667600,2393.145,2396.425,2391.85,2394.095
1721671200,2394.1,2396.52,2392.545,2395.775
1721674800,2395.78,2400.155,2395.22,2399.06
1721678400,2399.06,2399.52,2395.84,2396.42
1721685600,2397.595,2397.745,2395.26,2395.26
1721689200,2395.275,2396.265,2394.87,2395.805
1721692800,2395.81,2400.33,2395.575,2400.03
1721696400,2400.045,2404.025,2397.935,2401.135
1721700000,2401.085,2402.49,2397.615,2399.725
1721703600,2399.735,2400.82,2396.22,2398.39
1721707200,2398.375,2399.665,2395.85,2396.595
1721710800,2396.665,2396.94,2390.845,2392.63
1721714400,2392.635,2393.845,2388.31,2390.41
1721718000,2390.395,2399.26,2390.045,2397.94
1721721600,2397.975,2407.19,2396.405,2404.09
1721725200,2404.105,2408.165,2403.255,2406.925
1721728800,2406.93,2408.345,2405.64,2407.735
1721732400,2407.725,2412.075,2406.065,2407.665
1721736000,2407.68,2409.33,2403.765,2405.495
1721739600,2405.485,2407.745,2399.62,2402.04
1721743200,2402.045,2407.505,2399.74,2402.985
1721746800,2403.005,2407.25,2402.18,2405.48
1721750400,2405.49,2406.85,2403.095,2405.4
1721754000,2405.39,2408.3,2402.71,2404.98
1721757600,2405.065,2406.37,2403.835,2405.775
1721761200,2405.72,2409.15,2405.425,2407.59
1721764800,2407.555,2410.085,2405.45,2409.65
1721772000,2408.785,2409.74,2408.08,2409.4
1721775600,2409.41,2409.52,2407.93,2408.565
1721779200,2408.68,2410.295,2408.065,2408.365
1721782800,2408.36,2412.245,2405.015,2408.25
1721786400,2408.175,2415.935,2407.235,2414.235
1721790000,2414.23,2418.46,2413.7,2416.56
1721793600,2416.535,2418.05,2414.84,2417.91
1721797200,2417.905,2418.04,2413.11,2416.185
1721800800,2416.17,2419.26,2414.26,2417.57
1721804400,2417.53,2417.915,2411.69,2414.69
1721808000,2414.615,2415.175,2410.795,2411.86
1721811600,2411.875,2414.945,2409.89,2413.5
1721815200,2413.51,2416.525,2412.27,2413.685
1721818800,2413.68,2417.835,2410.615,2417.525
1721822400,2417.53,2422.055,2416.31,2421.49
1721826000,2421.525,2426.785,2413.715,2421.89
1721829600,2421.87,2432.065,2419.27,2430.375
1721833200,2430.44,2431.405,2422.455,2424.855
1721836800,2424.805,2424.975,2418.635,2419.11
1721840400,2419.09,2419.65,2408.125,2409.235
1721844000,2409.06,2409.535,2405.7,2408.245
1721847600,2408.27,2408.785,2398.48,2398.515
1721851200,2398.625,2400.645,2396.86,2397.395
1721858400,2397.855,2398.825,2393.095,2397.955
1721862000,2397.99,2401.31,2397.155,2398.825
1721865600,2398.89,2399.36,2396.14,2397.155
1721869200,2397.16,2400.15,2370.57,2376.53
1721872800,2376.25,2380.845,2370,2372.69
1721876400,2372.68,2375.635,2366.86,2374.83
1721880000,2374.765,2378.06,2373.245,2377.685
1721883600,2377.7,2377.96,2369.145,2376.39
1721887200,2376.405,2378.775,2369.96,2372.175
1721890800,2372.035,2377.555,2365.915,2374.065
1721894400,2374.05,2377.67,2372.105,2374.715
1721898000,2374.56,2376.26,2370.545,2373.71
1721901600,2373.785,2382.665,2372.005,2381.355
1721905200,2381.36,2381.855,2368.13,2368.59
1721908800,2368.575,2377.34,2362.88,2371.25
1721912400,2371.23,2376.415,2362.14,2365.015
1721916000,2364.99,2368.575,2358.09,2366.81
1721919600,2366.805,2368.51,2362.185,2363.24
1721923200,2363.195,2364.68,2357.57,2362.685
1721926800,2362.68,2365.545,2353.195,2356.245
1721930400,2356.24,2360.38,2354.35,2357.21
1721934000,2357.13,2363.9,2356.215,2362.575
1721937600,2362.625,2365.375,2359.425,2364.3
1721944800,2364.505,2365.48,2362.94,2363.42
1721948400,2363.385,2364.83,2362.12,2363.83
1721952000,2363.855,2365.45,2362.295,2362.81
1721955600,2362.755,2374.02,2355.875,2373.64
1721959200,2373.66,2379.48,2370.61,2374.325
1721962800,2374.32,2378.405,2371.595,2371.805
1721966400,2371.82,2372.89,2369.83,2369.845
1721970000,2369.835,2375.375,2368.27,2374.36
1721973600,2374.39,2374.505,2365.32,2369.71
1721977200,2369.69,2372.05,2367.675,2371.59
1721980800,2371.695,2374.24,2369.44,2373.035
1721984400,2373.025,2374.57,2371.765,2373.82
1721988000,2373.835,2375.355,2372.72,2372.805
1721991600,2372.79,2375.83,2370.365,2373.325
1721995200,2373.315,2379.08,2371.11,2377.58
1721998800,2377.62,2383.285,2374.055,2381.51
1722002400,2381.91,2390.84,2380.45,2381.955
1722006000,2381.96,2386.995,2380.03,2385.255
1722009600,2385.305,2390.42,2384.655,2389.245
1722013200,2389.27,2389.27,2381.235,2383.505
1722016800,2383.41,2386.255,2382.8,2384.465
1722020400,2384.53,2387.19,2382.775,2386.4
1722024000,2386.39,2388.85,2385.47,2387.02
1722204000,2388.395,2403.265,2387.965,2395.87
1722207600,2395.9,2399.06,2394.74,2397.205
1722211200,2397.16,2401.74,2397.16,2400.155
1722214800,2400.2,2402.61,2388.76,2392.905
1722218400,2392.845,2394.775,2391.07,2393.275
1722222000,2393.195,2395.295,2391.99,2394.655
1722225600,2394.66,2396.14,2393.39,2394.965
1722229200,2394.97,2396.415,2390.3,2392.78
1722232800,2392.77,2395.535,2390.8,2391.815
1722236400,2391.79,2394.45,2389.47,2391.64
1722240000,2391.635,2392.795,2387,2390.43
1722243600,2390.435,2393.535,2389.92,2392.825
1722247200,2392.81,2395.465,2392.08,2392.655
1722250800,2392.645,2393.135,2386.95,2387.85
1722254400,2387.825,2394.26,2385.54,2393.91
1722258000,2393.905,2396.795,2389.965,2392.115
1722261600,2392.145,2394.15,2380.16,2381.3
1722265200,2381.315,2383.065,2369.65,2376.86
1722268800,2377,2379.08,2374.58,2378.235
1722272400,2378.305,2383.51,2377.515,2378.27
1722276000,2378.295,2380.795,2377,2379.64
1722279600,2379.895,2385.485,2378.405,2383.095
1722283200,2383.05,2384.64,2381.325,2383.79
1722290400,2382.525,2385.01,2382.315,2384.14
1722294000,2384.075,2384.36,2380.98,2381.17
1722297600,2381.285,2383.9,2380.315,2381.875
1722301200,2381.87,2382.51,2376.535,2379.755
1722304800,2379.78,2383.34,2378.585,2381.95
1722308400,2381.955,2386.05,2381.47,2385.91
1722312000,2385.865,2388.375,2385.825,2386.475
1722315600,2386.43,2389.925,2386.135,2388.845
1722319200,2388.945,2391.085,2387.78,2390.385
1722322800,2390.58,2392.11,2388.93,2390.37
1722326400,2390.365,2391.575,2388.645,2389.51
1722330000,2389.515,2390.16,2387.85,2389.21
1722333600,2389.175,2392.47,2387.93,2391.745
1722337200,2391.75,2392.255,2387.045,2387.14
1722340800,2387.215,2388.455,2385.78,2386.595
1722344400,2386.68,2397.845,2385.855,2394.24
1722348000,2393.77,2396.055,2387.665,2391.715
1722351600,2391.635,2392.525,2383.5,2385.39
1722355200,2385.425,2400.355,2385.105,2399.915
1722358800,2400.04,2411.07,2399.96,2405.85
1722362400,2405.835,2407.435,2403.745,2404.985
1722366000,2404.965,2408.495,2403.84,2407.12
1722369600,2407.115,2412.935,2407.07,2410.88
1722376800,2410.74,2410.97,2408.19,2409.24
1722380400,2409.415,2410.3,2408.565,2409.9
1722384000,2409.91,2410.125,2407.95,2409.04
1722387600,2409.035,2412.315,2403.94,2409.105
1722391200,2409.03,2409.475,2404.16,2407.54
1722394800,2407.43,2419.125,2407.35,2416.54
1722398400,2416.56,2421.375,2414.515,2421.215
1722402000,2421.24,2422.195,2417.38,2417.845
1722405600,2417.815,2425.54,2416.595,2421.4
1722409200,2421.41,2421.98,2416.055,2417.24
1722412800,2417.23,2421.82,2415.5,2421.5
1722416400,2421.485,2422.37,2417.965,2421.08
1722420000,2421.175,2422.92,2417.7,2418.585
1722423600,2418.585,2423.32,2418.205,2419.615
1722427200,2419.665,2423.29,2417.415,2420.495
1722430800,2420.5,2427.66,2417.91,2426.325
1722434400,2426.325,2429.1,2419.285,2422.54
1722438000,2422.575,2424.29,2420.105,2423.15
1722441600,2423.155,2427.775,2422.48,2427.08
1722445200,2427.17,2429.06,2425.425,2426.37
1722448800,2426.425,2435.385,2421.62,2433.74
1722452400,2433.63,2450.945,2431.2,2449.905
1722456000,2449.72,2451.005,2446.215,2447.57
1722463200,2447.77,2448.38,2446.975,2447.65
1722466800,2447.69,2448.02,2444.07,2445.845
1722470400,2445.835,2449.555,2445.335,2447.6
1722474000,2447.48,2458.465,2446.115,2451.4
1722477600,2451.51,2451.51,2437.32,2441.38
1722481200,2441.445,2444.695,2439.395,2442.84
1722484800,2442.78,2446.945,2442.57,2444.29
1722488400,2444.28,2448.035,2443.675,2447.04
1722492000,2446.97,2448.91,2444.165,2444.87
1722495600,2444.83,2444.935,2439.96,2440.39
1722499200,2440.325,2442.445,2433.29,2433.9
1722502800,2433.875,2435.095,2430.275,2433.095
1722506400,2433.12,2436.895,2432.06,2435.245
1722510000,2435.21,2443.07,2434.445,2440.825
1722513600,2440.86,2454.92,2440.37,2450.78
1722517200,2450.795,2457.41,2448.605,2453.685
1722520800,2455.745,2462.325,2443.265,2448.645
1722524400,2448.6,2451.83,2442.19,2445.285
1722528000,2445.25,2448.835,2443.485,2444.55
1722531600,2444.59,2444.75,2435.84,2439.415
1722535200,2439.37,2441.025,2434.995,2439.7
1722538800,2439.71,2444.17,2438.33,2443.23
1722542400,2443.235,2447.625,2441.86,2446.385
1722549600,2447.24,2447.265,2443.815,2445.28
1722553200,2445.08,2446.61,2444.19,2445.915
1722556800,2446,2452.415,2443.955,2449.09
1722560400,2449.08,2451,2435.055,2447.195
1722564000,2447.21,2455.735,2446.77,2455.68
1722567600,2455.635,2459.485,2451.755,2454.595
1722571200,2454.585,2460.36,2454.34,2457.93
1722574800,2457.94,2466.98,2457.745,2466.865
1722578400,2466.865,2468.535,2462.5,2465.625
1722582000,2465.62,2466.745,2460.225,2461.69
1722585600,2461.7,2465.38,2461.02,2462.075
1722589200,2462.17,2464.325,2461.015,2463.99
1722592800,2464.01,2465.415,2460.985,2463.605
1722596400,2463.615,2464.745,2457.675,2459.305
1722600000,2459.205,2477.725,2455.985,2472.965
1722603600,2473.035,2474.375,2455.825,2469.955
1722607200,2469.84,2474.455,2428.38,2431.595
1722610800,2431.57,2435.845,2410.885,2433.295
1722614400,2433.3,2439.28,2426.43,2430.545
1722618000,2430.54,2431.655,2423.02,2427.885
1722621600,2427.925,2433.665,2426.76,2429.12
1722625200,2429.125,2438.295,2425.715,2437.655
1722628800,2437.65,2442.84,2435.665,2442.495
1722808800,2441.94,2446.51,2438.04,2441.495
1722812400,2441.51,2445.775,2439.205,2441.075
1722816000,2441.165,2441.165,2413.79,2422.235
1722819600,2422.115,2442.05,2420.22,2439.52
1722823200,2439.625,2446.235,2433.185,2442.83
1722826800,2442.835,2452.635,2442.735,2451.025
1722830400,2451.03,2458.875,2450.96,2452.76
1722834000,2452.75,2452.75,2432.505,2438.095
1722837600,2438.13,2438.795,2422.29,2428.64
1722841200,2428.61,2445.655,2424.725,2432.04
1722844800,2432.06,2434.54,2423.335,2425.04
1722848400,2425.16,2428.865,2419.24,2424.21
1722852000,2424.185,2425.71,2408.13,2408.57
1722855600,2408.505,2408.505,2383.325,2386.84
1722859200,2386.8,2392.345,2364.39,2374.625
1722862800,2374.69,2397.045,2374.69,2393.57
1722866400,2392.035,2397.53,2386.975,2396.67
1722870000,2396.665,2412.245,2396.59,2402.87
1722873600,2402.66,2408.795,2399.085,2403.07
1722877200,2403.055,2406.68,2400.305,2405.075
1722880800,2405.06,2408.955,2403.845,2405.075
1722884400,2405.09,2413.17,2404.705,2407.77
1722888000,2407.82,2411.73,2405.54,2409.89
1722895200,2411.395,2412.61,2408.03,2408.96
1722898800,2409.08,2410.095,2404.495,2404.9
1722902400,2404.935,2418.43,2404.695,2415.935
1722906000,2416.075,2417.78,2410.775,2412.475
1722909600,2412.515,2413.345,2405.965,2407.605
1722913200,2407.615,2411.155,2406.615,2409.12
1722916800,2409.09,2412.71,2406.54,2408.09
1722920400,2408.125,2411.955,2398.18,2398.825
1722924000,2398.82,2408.39,2394.855,2401.66
1722927600,2401.655,2410.74,2401.555,2409.9
1722931200,2409.895,2415.48,2408.22,2411.15
1722934800,2411.225,2415.575,2410.395,2413.465
1722938400,2413.46,2416.375,2411.66,2412.47
1722942000,2412.505,2415.36,2410.205,2410.995
1722945600,2411.015,2412.3,2391.89,2393.06
1722949200,2393.05,2399.575,2388.845,2395.815
1722952800,2395.715,2403.22,2386.3,2388.49
1722956400,2388.515,2391.15,2381.56,2387.61
1722960000,2387.77,2391.425,2385.73,2390
1722963600,2389.995,2393.6,2387.69,2392.01
1722967200,2392.02,2396.085,2391.435,2392.91
1722970800,2392.9,2393.165,2386.535,2387.75
1722974400,2387.89,2390.255,2386.94,2390.13
1722981600,2390.195,2390.67,2388.1,2388.745
1722985200,2388.695,2389.785,2382.88,2383.96
1722988800,2383.955,2387.49,2381.145,2386.58
1722992400,2386.65,2387.7,2379.05,2384.115
1722996000,2384.13,2388.495,2380.975,2384.28
1722999600,2384.27,2387.605,2383.26,2386.075
1723003200,2386.09,2394.765,2385.82,2392.895
1723006800,2392.835,2396.23,2388.675,2391.57
1723010400,2391.565,2397.715,2389.655,2394.845
1723014000,2394.955,2394.985,2388.11,2389.42
1723017600,2389.415,2393.785,2388.425,2393.4
1723021200,2393.405,2396.5,2392.515,2394.375
1723024800,2394.385,2398.185,2393.23,2397.48
1723028400,2397.455,2402.445,2394.295,2401.185
1723032000,2401.215,2407.125,2399.045,2403.865
1723035600,2403.915,2404.915,2397.09,2400.125
1723039200,2400.025,2403.49,2397.985,2399.14
1723042800,2399.035,2401.965,2392.04,2394.6
1723046400,2394.59,2399.845,2392.865,2399.765
1723050000,2399.765,2399.765,2389.54,2389.91
1723053600,2389.855,2391.78,2383.895,2386.315
1723057200,2386.32,2390.55,2385.355,2385.68
1723060800,2385.71,2387.42,2381.88,2382.91
1723068000,2381.475,2384.5,2381.14,2383.785
1723071600,2383.855,2385.965,2382.86,2384.905
1723075200,2384.9,2388.92,2383.29,2385.625
1723078800,2385.615,2391.445,2385.08,2386.875
1723082400,2386.815,2390.97,2386.34,2390.565
1723086000,2390.59,2394.825,2388.685,2394.4
1723089600,2394.365,2396.495,2392.82,2394.42
1723093200,2394.41,2395.555,2392.525,2395.315
1723096800,2395.375,2400.805,2392.71,2397.835
1723100400,2397.775,2400.355,2394.83,2396.92
1723104000,2396.925,2398.21,2392.93,2394.61
1723107600,2394.64,2399.045,2393.91,2396.315
1723111200,2396.33,2406.49,2396.33,2405.325
1723114800,2405.265,2413.705,2405.04,2412.32
1723118400,2412.235,2415.6,2407.2,2408.175
1723122000,2408.15,2415.585,2402.4,2414.21
1723125600,2414.265,2424.39,2409.34,2413.83
1723129200,2413.93,2420.4,2411.985,2418.69
1723132800,2418.68,2423.91,2416.78,2418.185
1723136400,2418.27,2425,2415.88,2423.595
1723140000,2423.6,2426.395,2422.38,2424.035
1723143600,2424.04,2424.895,2421.655,2423.63
1723147200,2423.658,2427.755,2423.125,2427.27
1723154400,2427.22,2427.5,2424.635,2425.85
1723158000,2425.825,2426.52,2423.015,2424.655
1723161600,2424.66,2425.415,2422.64,2424.015
1723165200,2424.11,2427.67,2420.175,2427.37
1723168800,2427.34,2429.025,2422.435,2422.555
1723172400,2422.545,2423.47,2419.395,2421.135
1723176000,2421.045,2424.595,2420.285,2424
1723179600,2423.995,2424.065,2417.19,2417.22
1723183200,2417.21,2421.88,2416.925,2420.825
1723186800,2420.775,2427.08,2420.375,2423.195
1723190400,2423.275,2426.815,2422.325,2424.55
1723194000,2424.56,2425.635,2422.75,2423.645
1723197600,2423.635,2431.535,2423.16,2430.505
1723201200,2430.59,2432.72,2425.25,2426.8
1723204800,2426.795,2429.98,2423.78,2429.745
1723208400,2429.67,2433.225,2421.14,2426.73
1723212000,2426.675,2436.01,2425.44,2428.8
1723215600,2428.82,2432.61,2426.615,2431.455
1723219200,2431.455,2434.745,2427.625,2434.49
1723222800,2434.495,2437.085,2430.565,2430.645
1723226400,2430.71,2430.975,2427.315,2429.905
1723230000,2429.92,2430.105,2427.46,2429.17
1723233600,2429.33,2431.375,2429.215,2431.265
1723413600,2428.135,2433.475,2427.36,2430.535
1723417200,2430.52,2430.705,2427.365,2427.995
1723420800,2428.045,2429.14,2426.82,2428.56
1723424400,2428.465,2430.34,2424.725,2426.12
1723428000,2426.115,2427.53,2423.89,2426.305
1723431600,2426.245,2429.48,2425.83,2428.66
1723435200,2428.665,2433.63,2428.32,2433.46
1723438800,2433.44,2435.205,2429.185,2434.73
1723442400,2434.735,2437.275,2433.735,2436.86
1723446000,2436.885,2442.94,2435.61,2441.675
1723449600,2441.745,2443.91,2439.665,2442.07
1723453200,2442.075,2445.17,2440.69,2442.77
1723456800,2442.76,2444.795,2441.485,2443.91
1723460400,2443.955,2444.31,2439.735,2441.695
1723464000,2441.69,2445.495,2441.495,2444.485
1723467600,2444.495,2457.58,2442.185,2454.26
1723471200,2454.235,2455.545,2444.59,2453.425
1723474800,2453.435,2460.605,2452.96,2459.905
1723478400,2459.94,2466.155,2459.035,2463.12
1723482000,2463.135,2468.675,2461.77,2467.255
1723485600,2467.21,2471.035,2466.485,2470.375
1723489200,2470.365,2472.24,2469.775,2470.515
1723492800,2470.745,2473.225,2470.485,2472.12
1723500000,2470.39,2474.185,2470.215,2473.85
1723503600,2473.855,2476.09,2472.775,2475.62
1723507200,2475.575,2476.99,2468.545,2472.245
1723510800,2472.225,2473.74,2460.875,2466.515
1723514400,2466.395,2467.78,2461.495,2461.51
1723518000,2461.5,2464.75,2461.385,2463.51
1723521600,2463.615,2465.06,2460.26,2462.115
1723525200,2462.065,2464.45,2458.56,2462.745
1723528800,2462.81,2464.675,2461.225,2463.295
1723532400,2463.205,2466.24,2460.795,2464.325
1723536000,2464.305,2464.415,2459,2460.675
1723539600,2460.66,2462.155,2458.96,2460.74
1723543200,2460.745,2463.56,2459.5,2462.235
1723546800,2462.2,2466.67,2461.56,2465.82
1723550400,2465.755,2472.6,2464.36,2467.715
1723554000,2467.71,2475.665,2458.99,2472.94
1723557600,2472.875,2473.32,2464.325,2471.42
1723561200,2471.605,2473.1,2466.06,2468.66
1723564800,2468.64,2471.09,2466.37,2469.56
1723568400,2469.565,2470.355,2466.025,2467.755
1723572000,2467.76,2469.065,2466.41,2467.86
1723575600,2467.855,2468.875,2462.27,2467.16
1723579200,2467.175,2467.91,2464.655,2465.055
1723586400,2466.365,2466.39,2463.91,2465.685
1723590000,2465.535,2465.545,2462.975,2464.19
1723593600,2464.245,2467.405,2464.035,2465.695
1723597200,2465.685,2472.655,2464.645,2465.54
1723600800,2465.56,2465.76,2455.375,2460.01
1723604400,2459.97,2461.655,2458.83,2460.995
1723608000,2460.97,2462.985,2460.105,2461.9
1723611600,2461.885,2462.575,2459.29,2462.155
1723615200,2462.275,2467.815,2460.435,2467.5
1723618800,2467.43,2471.99,2466.42,2471.05
1723622400,2471.035,2478.77,2468.815,2474.475
1723626000,2474.43,2475.405,2471.15,2472.95
1723629600,2472.955,2476.235,2470.6,2475.05
1723633200,2475.035,2475.29,2471.815,2474.785
1723636800,2474.79,2480.125,2462.315,2468.88
1723640400,2468.87,2469.59,2449.41,2457.515
1723644000,2457.34,2458.385,2447.06,2450.305
1723647600,2450.18,2452.25,2442.1,2444.17
1723651200,2444.16,2445.575,2438.145,2444.275
1723654800,2444.27,2445.19,2440.39,2441.565
1723658400,2441.61,2448.085,2440.695,2447.805
1723662000,2447.81,2448.44,2444.445,2447.26
1723665600,2447.27,2448.425,2446.67,2447.95
1723672800,2448.2,2448.6,2446.645,2448
1723676400,2448.03,2449.56,2447.27,2449.495
1723680000,2449.5,2454.38,2448.6,2450.22
1723683600,2450.215,2453.645,2448.275,2450.79
1723687200,2450.795,2452.635,2449.92,2451.54
1723690800,2451.535,2454.41,2451.405,2453.755
1723694400,2453.765,2455.515,2452.835,2453.49
1723698000,2453.475,2455.125,2450.405,2453.925
1723701600,2453.935,2458.885,2452.78,2456.13
1723705200,2456.075,2456.69,2454.505,2455.88
1723708800,2455.855,2457.295,2453.68,2455.54
1723712400,2455.545,2457.345,2455.375,2456.905
1723716000,2456.95,2460.365,2456.89,2458.215
1723719600,2458.265,2464.27,2457.95,2463.595
1723723200,2463.6,2470.155,2441.1,2441.25
1723726800,2441.325,2451.52,2432.225,2444.495
1723730400,2444.52,2458.66,2444.51,2452.32
1723734000,2452.335,2459.645,2450.595,2458.47
1723737600,2458.465,2459.955,2455.14,2455.755
1723741200,2455.83,2456.505,2453.52,2455.53
1723744800,2455.535,2458.395,2454.855,2458.345
1723748400,2458.395,2461.675,2454.195,2455.645
1723752000,2455.65,2457.55,2454.835,2456.545
1723759200,2456.105,2456.105,2454.665,2454.905
1723762800,2454.91,2458.31,2454.515,2457.405
1723766400,2457.39,2459.815,2457.035,2458.445
1723770000,2458.635,2460.15,2455.855,2457.385
1723773600,2457.315,2457.775,2453.655,2455.03
1723777200,2454.845,2455.755,2450.805,2452.51
1723780800,2452.505,2453.785,2452.075,2452.79
1723784400,2452.795,2456.42,2452.67,2455.81
1723788000,2455.835,2457.88,2454.705,2455.085
1723791600,2455.095,2464.57,2451.22,2462.035
1723795200,2462.1,2464.12,2459.15,2462.435
1723798800,2462.44,2464.39,2461.265,2463.435
1723802400,2463.42,2468.26,2462.94,2464.685
1723806000,2464.69,2472.36,2464.685,2472.22
1723809600,2472.25,2492.53,2471.355,2491.73
1723813200,2491.775,2500.31,2483.7,2494.82
1723816800,2494.825,2495.16,2477.53,2487.22
1723820400,2487.23,2492.34,2485.75,2491.83
1723824000,2491.84,2497.82,2491.77,2495.95
1723827600,2495.94,2500.185,2493.19,2499.855
1723831200,2499.86,2505.64,2498.52,2503.38
1723834800,2503.485,2509.06,2501.785,2507.925
1723838400,2507.985,2509.82,2505.585,2508.14
1724018400,2506.525,2506.865,2502.45,2504.96
1724022000,2505.045,2506.915,2503.485,2506.535
1724025600,2506.54,2506.84,2500.385,2502.065
1724029200,2502.195,2506.16,2495.045,2498.32
1724032800,2498.325,2504.065,2496.305,2503.58
1724036400,2503.575,2505.95,2500.62,2503.345
1724040000,2503.27,2504.81,2498.885,2500.74
1724043600,2500.78,2502.52,2499.185,2501.14
1724047200,2501.14,2505.285,2499.695,2502.18
1724050800,2502.19,2505.01,2499.825,2503.145
1724054400,2503.12,2507.225,2502.41,2503.205
1724058000,2503.21,2504.025,2499.895,2500.025
1724061600,2500.015,2500.15,2489.6,2489.91
1724065200,2489.88,2495.26,2486.6,2494.555
1724068800,2494.585,2495.57,2488.81,2491.265
1724072400,2491.28,2495.9,2485.735,2494.755
1724076000,2494.69,2504.89,2494.005,2501.305
1724079600,2501.355,2506.045,2499.96,2504.01
1724083200,2504.02,2507.535,2501.995,2505.51
1724086800,2505.505,2505.835,2500.79,2503.195
1724090400,2503.165,2504.925,2502.54,2504.315
1724094000,2504.31,2505.925,2503.155,2505.53
1724097600,2505.535,2505.65,2503.45,2504.285
1724104800,2503.74,2504.695,2502.16,2504.425
1724108400,2504.42,2504.42,2502.61,2503.68
1724112000,2503.73,2506.925,2503.47,2505.05
1724115600,2505.005,2508.275,2501.36,2502.025
1724119200,2502.03,2502.46,2498.775,2499.695
1724122800,2499.69,2502.475,2499.13,2501.84
1724126400,2501.835,2502.84,2499.6,2500.87
1724130000,2500.905,2503.755,2499.56,2499.56
1724133600,2499.515,2505.845,2497.4,2502.44
1724137200,2502.445,2515.285,2501.255,2514.985
1724140800,2515.045,2523.185,2514.465,2519.88
1724144400,2519.91,2525.305,2519.875,2521.785
1724148000,2521.79,2524.64,2521.25,2522.925
1724151600,2522.905,2527.125,2522.295,2526.375
1724155200,2526.43,2529.275,2521.7,2526.78
1724158800,2526.765,2531.765,2519.965,2530.03
1724162400,2529.98,2530.295,2520.505,2523.905
1724166000,2523.885,2524.05,2505.91,2508.54
1724169600,2508.53,2510.62,2500.865,2509.2
1724173200,2509.19,2513.265,2506.86,2510.7
1724176800,2510.695,2515.475,2509.405,2513.39
1724180400,2513.405,2515.34,2511.035,2515.1
1724184000,2515.085,2516.97,2513.615,2514.11
1724191200,2513.86,2515.875,2513.46,2514.835
1724194800,2514.825,2516.135,2512.845,2512.97
1724198400,2512.985,2516.01,2512.53,2513.635
1724202000,2513.69,2517.12,2510.93,2516.87
1724205600,2516.86,2519.985,2515.945,2519.475
1724209200,2519.435,2519.505,2513.11,2517.485
1724212800,2517.535,2517.765,2513.885,2516.23
1724216400,2516.195,2518.485,2515.075,2515.265
1724220000,2515.27,2519.645,2511.845,2514.52
1724223600,2514.5,2517.11,2508.235,2509.82
1724227200,2509.81,2512.47,2506.995,2507.325
1724230800,2507.235,2509.275,2504.595,2505.695
1724234400,2505.625,2509.795,2504.515,2509.435
1724238000,2509.48,2513.325,2507,2511.9
1724241600,2511.855,2513.77,2507.175,2510.63
1724245200,2510.62,2512.975,2498.03,2503.135
1724248800,2503.11,2506.74,2493.83,2501.565
1724252400,2501.645,2511.15,2501.42,2508.47
1724256000,2508.375,2508.955,2503.23,2507.175
1724259600,2507.12,2511.43,2507.025,2509.58
1724263200,2509.555,2519.185,2509.375,2516.08
1724266800,2516.15,2516.475,2511.01,2511.57
1724270400,2511.57,2512.48,2509.875,2512.25
1724277600,2512.22,2514.08,2511.77,2514.065
1724281200,2514.02,2514.46,2512.32,2512.78
1724284800,2512.875,2514.73,2511.24,2513.81
1724288400,2513.76,2514.165,2507.065,2507.69
1724292000,2507.695,2508.715,2500.04,2502.36
1724295600,2502.37,2504.81,2501.19,2502.385
1724299200,2502.39,2502.455,2499.35,2501.985
1724302800,2501.94,2506.365,2500.755,2505.62
1724306400,2505.615,2510.645,2503.65,2507.55
1724310000,2507.53,2509.825,2504.51,2507.185
1724313600,2507.095,2507.555,2502.565,2503.72
1724317200,2503.705,2508.15,2501.205,2507.34
1724320800,2507.385,2509.18,2505.265,2505.355
1724324400,2505.31,2506.06,2498.105,2499.615
1724328000,2499.675,2504.265,2495.29,2500.785
1724331600,2500.82,2501.625,2483.065,2487.955
1724335200,2487.82,2487.88,2470.85,2480.14
1724338800,2480.105,2484.315,2475.07,2481.94
1724342400,2481.96,2486.08,2481.425,2484.325
1724346000,2484.305,2484.505,2479.732,2482.355
1724349600,2482.43,2484.855,2480.435,2482.325
1724353200,2482.3,2483.54,2478.62,2483.01
1724356800,2483.04,2484.96,2482.565,2484.72
1724364000,2485.335,2485.67,2484.41,2485.21
1724367600,2485.195,2487.69,2485.025,2487.68
1724371200,2487.675,2492.325,2486.56,2490.045
1724374800,2490.105,2491.515,2487.95,2490.905
1724378400,2490.91,2491.685,2486.77,2490.025
1724382000,2489.98,2493.82,2489.52,2493.3
1724385600,2493.29,2494.585,2492.625,2493.48
1724389200,2493.475,2495.855,2491.21,2491.96
1724392800,2491.965,2494.65,2490.67,2493.055
1724396400,2493.145,2494.165,2491.73,2493.51
1724400000,2493.435,2500,2493.11,2499.045
1724403600,2499.06,2501.915,2497.08,2499
1724407200,2498.99,2499.33,2495.72,2499.095
1724410800,2499.1,2502.495,2497.475,2501.68
1724414400,2501.51,2502.385,2498.45,2501.36
1724418000,2501.35,2503.93,2494.515,2498.455
1724421600,2498.355,2517.945,2498.01,2509.225
1724425200,2509.285,2518.4,2508.055,2509.845
1724428800,2509.875,2510.54,2501.82,2510.385
1724432400,2510.375,2513.25,2509.62,2510.915
1724436000,2510.925,2511.925,2509.11,2509.835
1724439600,2509.82,2512.865,2507.995,2510.845
1724443200,2510.82,2512.61,2509.64,2512.49
1724623200,2512.035,2514.695,2511.105,2513.095
1724626800,2513.11,2516.755,2513.025,2516.01
1724630400,2516.025,2516.995,2512.49,2513.745
1724634000,2513.755,2515.575,2510.68,2513.42
1724637600,2513.37,2515.36,2511.87,2512
1724641200,2511.99,2513.035,2509.35,2509.945
1724644800,2509.94,2510.95,2508.985,2509.65
1724648400,2509.645,2511.42,2508.81,2510.575
1724652000,2510.56,2515.38,2509.895,2515.185
1724655600,2515.145,2521.87,2514.255,2521.555
1724659200,2521.475,2525.825,2520.77,2524.295
1724662800,2524.3,2525.715,2523.465,2525.12
1724666400,2525.21,2526.69,2522.6,2525.01
1724670000,2525.085,2526.9,2520.985,2526.605
1724673600,2526.635,2526.875,2522.63,2523.915
1724677200,2523.92,2526.485,2515.545,2516.005
1724680800,2516.025,2519.04,2510.68,2517.04
1724684400,2517.055,2517.505,2511.445,2515.895
1724688000,2515.915,2520.525,2513.7,2520.305
1724691600,2520.295,2523.45,2516.59,2518.15
1724695200,2518.22,2519.605,2515.655,2516.97
1724698800,2516.975,2521.025,2516.915,2518.235
1724702400,2518.2,2519.09,2517.52,2517.955
1724709600,2517.73,2517.905,2517.09,2517.41
1724713200,2517.41,2517.71,2515.54,2515.56
1724716800,2515.535,2516.81,2513.035,2513.215
1724720400,2513.27,2514.18,2508.32,2509.805
1724724000,2509.8,2510.5,2505.845,2508.81
1724727600,2508.8,2509.26,2505.88,2509.145
1724731200,2509.16,2509.58,2506.32,2507.355
1724734800,2507.295,2513.88,2506.7,2513.645
1724738400,2513.685,2517.58,2512.825,2514.96
1724742000,2515.11,2517.615,2504.585,2504.98
1724745600,2504.915,2512.54,2503.585,2511.14
1724749200,2511.105,2513.83,2508.165,2508.97
1724752800,2508.965,2510.49,2506.965,2509.055
1724756400,2509.09,2512.55,2508.725,2511.535
1724760000,2511.53,2514.41,2507.805,2509.93
1724763600,2509.9,2515.19,2503.605,2512.23
1724767200,2512.33,2518.165,2507.85,2514.815
1724770800,2514.935,2520.505,2511.6,2512.195
1724774400,2512.18,2514.46,2509.965,2514.455
1724778000,2514.47,2521.775,2514.175,2520.11
1724781600,2520.125,2526.01,2520,2524.46
1724785200,2524.515,2525.755,2523.085,2525.14
1724788800,2525.135,2525.99,2523.9,2524.825
1724796000,2525.26,2526.095,2524.97,2525.655
1724799600,2525.7,2529.135,2524.23,2525.37
1724803200,2525.37,2525.925,2523.935,2524.5
1724806800,2524.495,2524.505,2516.905,2517.195
1724810400,2517.19,2518.59,2513.44,2516.44
1724814000,2516.425,2517.185,2513.355,2515.935
1724817600,2515.925,2516.24,2510.34,2511.585
1724821200,2511.59,2511.765,2505.535,2505.84
1724824800,2505.835,2509.075,2503.325,2508.615
1724828400,2508.63,2511.435,2507.61,2510.085
1724832000,2510.07,2510.07,2506.045,2508.24
1724835600,2508.185,2511.43,2507.875,2510.205
1724839200,2510.275,2510.55,2502.65,2505.415
1724842800,2505.395,2505.505,2500.81,2501.515
1724846400,2501.51,2501.685,2493.665,2500.665
1724850000,2500.675,2510.69,2499.5,2506.64
1724853600,2506.635,2509.165,2504.095,2507.65
1724857200,2507.655,2510.285,2505.085,2506.185
1724860800,2506.195,2506.52,2496.465,2501.99
1724864400,2501.97,2506.45,2500.65,2505.425
1724868000,2505.45,2508.285,2503.73,2508.065
1724871600,2508.065,2509.65,2506.9,2507.67
1724875200,2507.875,2508.625,2502.88,2504.67
1724882400,2506.21,2508.865,2504.925,2507.26
1724886000,2507.225,2508.245,2506.515,2508.2
1724889600,2508.215,2515.39,2508.045,2512.42
1724893200,2512.34,2514.83,2511.8,2513.235
1724896800,2513.15,2515.2,2511.7,2512.945
1724900400,2512.935,2516.93,2512.47,2516.755
1724904000,2516.75,2518.27,2515.59,2515.945
1724907600,2515.845,2520.035,2513.85,2518.86
1724911200,2518.855,2521.24,2516.3,2516.935
1724914800,2517.155,2519.24,2515.265,2519.215
1724918400,2519.24,2520.205,2515.175,2517.175
1724922000,2517.205,2524.5,2515.975,2523.005
1724925600,2523.08,2524.505,2520.9,2523.175
1724929200,2523.185,2523.485,2519.13,2519.965
1724932800,2519.96,2520.27,2503.69,2509.27
1724936400,2509.335,2519.295,2508.285,2516.87
1724940000,2516.875,2522.335,2514.455,2522.235
1724943600,2522.31,2525.72,2518.6,2522.64
1724947200,2522.645,2526.755,2517.485,2525.315
1724950800,2525.325,2528.74,2523.545,2525.93
1724954400,2526.085,2526.405,2521.05,2523.135
1724958000,2523.125,2524.875,2520.945,2521.21
1724961600,2521.22,2522.365,2520.735,2521.215
1724968800,2520.805,2521.845,2520.605,2521.05
1724972400,2521,2521,2518.925,2519.63
1724976000,2519.685,2519.735,2516.72,2517.87
1724979600,2517.885,2520.19,2514.53,2516.145
1724983200,2516.13,2517.955,2514.265,2516.13
1724986800,2516.095,2517.115,2512.34,2513.615
1724990400,2513.585,2514.655,2512.255,2513.445
1724994000,2513.455,2516.39,2512.595,2513.9
1724997600,2513.875,2524.17,2513.225,2517.835
1725001200,2517.78,2521.46,2517.59,2519.415
1725004800,2519.405,2526.785,2518.935,2522.975
1725008400,2522.97,2526.925,2522.675,2524.24
1725012000,2524.36,2524.855,2515.13,2515.39
1725015600,2515.385,2521.745,2515.08,2519.57
1725019200,2519.485,2524.765,2516.365,2519.765
1725022800,2519.75,2519.97,2512.96,2515.65
1725026400,2515.665,2518.465,2506.445,2509.12
1725030000,2509.11,2509.615,2500.325,2502.55
1725033600,2502.51,2506.12,2496.67,2497.805
1725037200,2497.69,2500.55,2494.215,2499.66
1725040800,2499.625,2504.81,2499.475,2502.42
1725044400,2502.34,2504.12,2498.335,2502.385
1725048000,2502.41,2503.61,2501.905,2503.4
1725228000,2502.84,2504.905,2502.675,2503.465
1725231600,2503.45,2503.77,2501.985,2503.11
1725235200,2503.14,2505.01,2501.23,2501.56
1725238800,2501.565,2504.73,2496.695,2498.055
1725242400,2498.065,2498.355,2490.105,2492.035
1725246000,2492.03,2496.5,2491.435,2496.38
1725249600,2496.385,2499.48,2496.225,2496.98
1725253200,2496.99,2498.59,2495.36,2496.6
1725256800,2496.605,2501.505,2495.955,2497.67
1725260400,2497.695,2499.6,2496.27,2498.325
1725264000,2498.31,2507.33,2497.35,2506.365
1725267600,2506.28,2506.63,2498.24,2499.01
1725271200,2498.985,2502.125,2498.21,2499.26
1725274800,2499.425,2500.315,2497.18,2499.925
1725278400,2499.895,2503.275,2498.9,2501.335
1725282000,2501.39,2502.34,2498.585,2499.995
1725285600,2499.99,2502.555,2497.79,2502.085
1725289200,2502.1,2502.545,2499.97,2501.67
1725292800,2501.675,2501.985,2498.685,2500.59
1725296400,2500.585,2501.365,2498.765,2499.44
1725300000,2499.445,2500.17,2498.74,2499.42
1725314400,2499.55,2499.73,2497.6,2497.885
1725318000,2497.825,2498.605,2496.485,2497.325
1725321600,2497.33,2497.755,2495.045,2495.895
1725325200,2495.865,2495.97,2489.705,2493.82
1725328800,2493.825,2496.47,2492.52,2495.37
1725332400,2495.3,2495.935,2493.175,2494.87
1725336000,2494.865,2497.025,2493.995,2496.01
1725339600,2496,2496,2492.83,2495.115
1725343200,2495.13,2498.935,2492.875,2497.945
1725346800,2497.915,2502.11,2496.675,2500.845
1725350400,2500.835,2506.35,2500.65,2503.97
1725354000,2504.04,2505.065,2500.955,2500.955
1725357600,2500.96,2501.065,2492.7,2497.405
1725361200,2497.34,2501.645,2484.805,2489.755
1725364800,2489.725,2502.305,2487.16,2493.335
1725368400,2493.35,2497.75,2475.625,2480.165
1725372000,2482.235,2485.705,2473.325,2478.365
1725375600,2478.295,2489.59,2477.295,2488.465
1725379200,2488.455,2489.075,2484.015,2486.09
1725382800,2486.04,2492.11,2485.575,2489.545
1725386400,2489.57,2490.055,2487.13,2489.42
1725390000,2489.37,2494.43,2489.055,2492.11
1725393600,2492.06,2493.3,2491.445,2492.95
1725400800,2492.62,2494.54,2492.1,2493.19
1725404400,2493.265,2494.765,2492.35,2493.395
1725408000,2493.35,2495.05,2492.24,2492.395
1725411600,2492.36,2494.53,2491.44,2493.475
1725415200,2493.48,2496.985,2492.51,2495.375
1725418800,2495.35,2496.605,2493.56,2495.12
1725422400,2495.13,2496.825,2494.53,2495.995
1725426000,2495.99,2496.68,2492.805,2493.195
1725429600,2493.215,2493.48,2483.775,2484.365
1725433200,2484.315,2488.315,2482,2482.175
1725436800,2482.145,2483.415,2472.61,2473.35
1725440400,2473.43,2483.37,2471.915,2481.7
1725444000,2481.665,2490.065,2481.17,2489.06
1725447600,2489.065,2491.285,2486.79,2489.27
1725451200,2489.275,2491.255,2485.58,2486.6
1725454800,2486.625,2490.185,2482.125,2485.475
1725458400,2485.545,2500.345,2485.105,2496.26
1725462000,2496.275,2498.42,2492.84,2494.14
1725465600,2494.095,2497.98,2493.22,2496.86
1725469200,2496.81,2497.39,2493.585,2494.07
1725472800,2494.055,2495.665,2492.56,2494.75
1725476400,2494.84,2494.87,2491.55,2493.455
1725480000,2493.39,2497.045,2492.995,2495.545
1725487200,2495.32,2495.745,2494.645,2495.465
1725490800,2495.48,2496.97,2495.21,2495.9
1725494400,2495.98,2496.61,2494.545,2495.275
1725498000,2495.26,2499.43,2494.595,2496.55
1725501600,2496.485,2499.005,2496.325,2498.12
1725505200,2498.11,2498.65,2494.705,2494.94
1725508800,2494.815,2495.165,2493.88,2494.365
1725512400,2494.28,2502.41,2494.055,2502.02
1725516000,2501.96,2506.995,2500.84,2504.44
1725519600,2504.435,2507.62,2503.075,2506.51
1725523200,2506.565,2516.735,2506.09,2514.755
1725526800,2514.81,2517.35,2514.81,2515.57
1725530400,2515.585,2517.015,2513.425,2516.38
1725534000,2516.375,2518.435,2513.73,2515.25
1725537600,2515.47,2523.525,2514.16,2517.82
1725541200,2517.985,2519.46,2512.53,2514.78
1725544800,2515.865,2520.65,2507.72,2508.795
1725548400,2508.825,2511.065,2503.965,2507.19
1725552000,2507.225,2511.68,2506.155,2510.47
1725555600,2510.48,2515.465,2509.36,2515.205
1725559200,2515.235,2516.92,2514.855,2515.725
1725562800,2515.72,2516.165,2513.7,2514.96
1725566400,2514.945,2516.925,2514.935,2516.815
1725573600,2516.46,2516.63,2515.8,2516.255
1725577200,2516.245,2517.975,2516.21,2517.34
1725580800,2517.425,2517.695,2515.68,2515.99
1725584400,2516.01,2516.74,2513.525,2513.84
1725588000,2513.84,2518.11,2513.095,2517.825
1725591600,2517.82,2518.465,2517.04,2518.365
1725595200,2518.37,2519.565,2517.85,2518.52
1725598800,2518.505,2521.9,2518.505,2520.115
1725602400,2520.045,2521.5,2516.71,2519.265
1725606000,2519.265,2520.02,2516.36,2516.58
1725609600,2516.55,2518.325,2515.605,2517.925
1725613200,2517.915,2519.99,2516.44,2519.285
1725616800,2519.195,2519.9,2517.245,2519.005
1725620400,2519.015,2520.37,2514.775,2516.32
1725624000,2516.385,2529.3,2507.73,2522.33
1725627600,2522.375,2523.07,2502.24,2509.415
1725631200,2509.385,2515.71,2500.515,2506.785
1725634800,2506.79,2518.57,2503.665,2505.43
1725638400,2505.38,2505.84,2485.19,2489.11
1725642000,2489.105,2497.08,2486.015,2495.605
1725645600,2495.78,2497,2492.095,2494.755
1725649200,2494.83,2496.95,2490.765,2495.985
1725652800,2495.965,2497.915,2494.81,2497.565
1725832800,2496.79,2498.13,2496.2,2497.955
1725836400,2497.99,2498.365,2495.61,2496.95
1725840000,2497.01,2498.335,2495.715,2496.065
1725843600,2496.085,2498.765,2494.805,2497.79
1725847200,2497.795,2499.215,2497.06,2497.17
1725850800,2497.175,2500.59,2496.78,2499.365
1725854400,2499.37,2499.56,2497.58,2498.28
1725858000,2498.265,2498.37,2487.515,2487.92
1725861600,2487.915,2493.655,2485.61,2489.855
1725865200,2489.86,2496.815,2488.94,2494.4
1725868800,2494.42,2495.715,2490.135,2492.245
1725872400,2492.345,2497.675,2492.17,2496.465
1725876000,2496.475,2499.27,2493.19,2494.53
1725879600,2494.535,2498.94,2493.49,2497.27
1725883200,2497.445,2504.195,2496.345,2500.94
1725886800,2500.94,2505.35,2499.385,2499.86
1725890400,2499.805,2501.275,2493.31,2496.925
1725894000,2496.94,2499.74,2493.69,2499.21
1725897600,2499.215,2505.36,2499.21,2504.475
1725901200,2504.485,2506.625,2499.49,2500.035
1725904800,2500.075,2505.35,2499.47,2504.8
1725908400,2504.79,2506.18,2502.705,2506.055
1725912000,2506.065,2507.265,2505.365,2506.395
1725919200,2506.73,2507.235,2505.89,2507.15
1725922800,2507.065,2507.74,2505.79,2506.835
1725926400,2506.935,2507.605,2504.865,2505.44
1725930000,2505.445,2506.915,2502.88,2503.875
1725933600,2503.885,2504.08,2501.865,2503.115
1725937200,2503.04,2504.44,2501.545,2502.65
1725940800,2502.645,2502.99,2501.125,2501.82
1725944400,2501.835,2505.01,2500.84,2503.93
1725948000,2503.925,2506.625,2503.455,2505.2
1725951600,2505.04,2507.795,2502.185,2502.815
1725955200,2502.805,2503.26,2500.19,2502.35
1725958800,2502.345,2506.155,2500.21,2506.155
1725962400,2506.16,2509.725,2505.225,2505.745
1725966000,2505.75,2507.23,2504.315,2504.63
1725969600,2504.625,2514.14,2504.575,2513.905
1725973200,2513.925,2515.42,2506.345,2506.845
1725976800,2506.79,2509.335,2500.945,2509.13
1725980400,2509.145,2518.535,2508.32,2512.805
1725984000,2512.885,2515.635,2510.745,2514.485
1725987600,2514.475,2515.75,2512.95,2513.25
1725991200,2513.24,2516.685,2512.17,2516.42
1725994800,2516.375,2517.575,2514.16,2517.35
1725998400,2517.36,2517.525,2515.845,2516.735
1726005600,2516.55,2517.13,2516.375,2516.515
1726009200,2516.56,2518.89,2516.43,2518.73
1726012800,2518.69,2519.18,2516.235,2516.65
1726016400,2516.655,2522.615,2515.02,2518.79
1726020000,2518.69,2520.43,2517.68,2518.835
1726023600,2518.84,2520.07,2516.88,2519.505
1726027200,2519.5,2520.245,2518.685,2519.635
1726030800,2519.63,2522.52,2519.385,2521.375
1726034400,2521.37,2529.09,2520.95,2526.665
1726038000,2526.66,2527.83,2520.805,2521.51
1726041600,2521.49,2527.275,2520.76,2524.355
1726045200,2524.405,2524.765,2522.085,2523.325
1726048800,2523.32,2523.375,2519.85,2521.85
1726052400,2521.84,2524.275,2520.785,2522.26
1726056000,2522.2,2524.27,2502.27,2508.22
1726059600,2508.215,2512.955,2503.19,2509.725
1726063200,2509.715,2510.535,2501,2509.55
1726066800,2509.575,2515.03,2508.815,2514.885
1726070400,2514.885,2520.16,2513.76,2515.26
1726074000,2515.215,2516.945,2512.475,2514.675
1726077600,2514.68,2516.39,2511.285,2511.555
1726081200,2511.55,2513.285,2509.87,2512.99
1726084800,2513.005,2513.905,2511.36,2511.675
1726092000,2512.945,2513.925,2512.81,2512.925
1726095600,2512.91,2513.135,2511.89,2512
1726099200,2512.01,2512.485,2511.145,2512.26
1726102800,2512.275,2515.27,2511.735,2513.255
1726106400,2513.265,2514.205,2511.095,2512.285
1726110000,2512.27,2516.12,2512.255,2515.91
1726113600,2515.915,2517.845,2515.615,2517.045
1726117200,2517.145,2519.815,2517.045,2519.54
1726120800,2519.48,2522.36,2516.82,2517.01
1726124400,2517.03,2517.83,2514.59,2515.965
1726128000,2515.905,2519.385,2515.15,2517.43
1726131600,2517.425,2519.245,2516.475,2518.88
1726135200,2518.865,2521.105,2513.275,2513.295
1726138800,2513.28,2520.415,2513.12,2519.605
1726142400,2519.61,2535.45,2518.95,2528.585
1726146000,2528.575,2551.765,2522.075,2545.48
1726149600,2545.465,2554.82,2541.915,2553.445
1726153200,2553.435,2555.245,2548.97,2553.32
1726156800,2553.33,2553.765,2544.94,2550.825
1726160400,2550.82,2554.9,2550.23,2554.11
1726164000,2554.11,2558.885,2552.125,2555.935
1726167600,2555.985,2559.19,2554.665,2557.955
1726171200,2557.88,2560.13,2556.82,2558.655
1726178400,2558.38,2559.625,2557.29,2557.51
1726182000,2557.575,2558.69,2556.795,2558.585
1726185600,2558.57,2562.765,2556.85,2561.66
1726189200,2561.665,2568.135,2560.035,2563.32
1726192800,2563.33,2565.685,2561.64,2565.49
1726196400,2565.48,2570.12,2564.72,2568.02
1726200000,2568.025,2570.15,2566.705,2568.945
1726203600,2568.93,2570.37,2566.025,2566.625
1726207200,2566.58,2568.885,2563.2,2567.215
1726210800,2567.245,2571.115,2563.975,2569.785
1726214400,2569.855,2571.085,2565.76,2570.075
1726218000,2569.77,2573.035,2567.05,2568.64
1726221600,2568.645,2569.385,2565.74,2567.125
1726225200,2567.28,2568.345,2563.78,2567.375
1726228800,2567.47,2576.01,2566.1,2575.87
1726232400,2575.915,2583.435,2573.575,2578.19
1726236000,2577.71,2580.26,2573.2,2578.44
1726239600,2578.52,2582.515,2573.755,2582.27
1726243200,2582.325,2585.21,2580.135,2584.38
1726246800,2584.375,2586.16,2581.565,2582.715
1726250400,2582.705,2584.05,2580.8,2582.335
1726254000,2582.33,2582.985,2578.69,2582.67
1726257600,2582.665,2583,2577.26,2578.715
1726437600,2578.79,2580.47,2577.595,2580.15
1726441200,2580.17,2580.43,2578.335,2579.17
1726444800,2579.165,2582.485,2578.945,2581.41
1726448400,2581.335,2582.93,2579.96,2581.835
1726452000,2581.77,2586,2581.6,2585.48
1726455600,2585.47,2589.05,2583.835,2586.415
1726459200,2586.425,2586.855,2585.075,2585.915
1726462800,2585.93,2589.495,2585.6,2588.84
1726466400,2588.875,2589.715,2585.175,2585.38
1726470000,2585.34,2585.675,2579.57,2582.215
1726473600,2582.21,2588.585,2581.455,2586.93
1726477200,2586.89,2588.36,2584.235,2585.59
1726480800,2585.605,2586.455,2575.245,2579.86
1726484400,2579.885,2583.27,2578.755,2583.075
1726488000,2583.09,2583.54,2578.605,2583.45
1726491600,2583.485,2589.405,2581.315,2588.295
1726495200,2588.29,2588.665,2576.18,2580.315
1726498800,2580.325,2582.005,2577.74,2579.95
1726502400,2579.955,2584.15,2579.645,2583.775
1726506000,2583.675,2584.205,2579.95,2582.69
1726509600,2582.78,2582.935,2580.28,2581.095
1726513200,2581.1,2583.375,2579.685,2582.6
1726516800,2582.6,2583.52,2581.895,2582.665
1726524000,2582.66,2583.65,2582.59,2582.995
1726527600,2583.08,2583.93,2582.275,2583.785
1726531200,2583.78,2584.425,2580.3,2580.305
1726534800,2580.31,2582.765,2578.495,2582.675
1726538400,2582.68,2586.36,2581.11,2581.65
1726542000,2581.6,2581.6,2576.89,2577.265
1726545600,2577.22,2579.215,2574.975,2576.935
1726549200,2576.92,2579.675,2574.625,2579.395
1726552800,2579.405,2587.02,2579.39,2584.385
1726556400,2584.49,2585.72,2582.775,2583.89
1726560000,2583.85,2584.225,2577.665,2580.18
1726563600,2580.195,2580.195,2571.83,2573.69
1726567200,2573.61,2576.18,2569.81,2573.08
1726570800,2573.16,2581.76,2572.325,2579.895
1726574400,2579.89,2581.665,2568.4,2577.84
1726578000,2577.98,2579.62,2573.095,2573.735
1726581600,2573.715,2582.3,2571.845,2576.555
1726585200,2576.625,2577.14,2561.855,2565.675
1726588800,2565.715,2566.69,2561.51,2563.19
1726592400,2563.13,2570.565,2560.78,2569.99
1726596000,2569.98,2571.655,2568.7,2570.235
1726599600,2570.2,2571.22,2567.055,2568.75
1726603200,2568.775,2570.34,2568.39,2569.59
1726610400,2570.325,2571.45,2570.035,2570.82
1726614000,2570.78,2574.445,2570.77,2574.1
1726617600,2574.095,2574.85,2571.565,2573.08
1726621200,2573.09,2576.54,2571.64,2572.255
1726624800,2572.335,2574.21,2570.095,2573.86
1726628400,2573.865,2576.48,2572.845,2575.99
1726632000,2575.995,2576.535,2568.1,2568.73
1726635600,2568.705,2569.31,2565.79,2567.78
1726639200,2567.815,2570.07,2566.72,2569.205
1726642800,2569.21,2572.005,2568.73,2571.635
1726646400,2571.65,2572.015,2568.37,2569.835
1726650000,2569.83,2572.02,2568.04,2572.02
1726653600,2572.035,2578.165,2571.13,2576.225
1726657200,2576.235,2580.775,2575.135,2577.49
1726660800,2577.555,2578.92,2573.575,2576.3
1726664400,2576.315,2578.64,2568.665,2571.85
1726668000,2571.835,2574.915,2568.12,2571.735
1726671600,2571.76,2574.57,2568.145,2569.79
1726675200,2569.83,2575.3,2568.975,2574.955
1726678800,2574.945,2574.945,2566.855,2567.805
1726682400,2567.93,2600.29,2567.695,2575.645
1726686000,2575.685,2576.3,2546.86,2548.975
1726689600,2548.94,2560.955,2548.315,2559.3
1726696800,2559.235,2561.6,2555.715,2559.36
1726700400,2559.38,2559.76,2556.35,2559.415
1726704000,2559.425,2559.67,2557.005,2558.825
1726707600,2558.82,2558.82,2551.16,2555.31
1726711200,2555.47,2566.775,2555.375,2564.18
1726714800,2564.165,2565.44,2561.39,2564.07
1726718400,2564.11,2564.22,2559.655,2564.185
1726722000,2564.15,2574.63,2564.085,2574.625
1726725600,2574.635,2578.89,2574.005,2575.9
1726729200,2575.91,2584.705,2575.115,2584.43
1726732800,2584.425,2586.675,2581.45,2585.025
1726736400,2585.02,2594.945,2584.12,2591.875
1726740000,2591.88,2591.905,2586,2588.7
1726743600,2588.735,2589.82,2584.405,2589.495
1726747200,2589.47,2591.32,2573.27,2576.825
1726750800,2576.83,2582.62,2569.815,2575.185
1726754400,2575.1,2584.705,2571.81,2581.29
1726758000,2581.34,2589.49,2580.52,2589.17
1726761600,2589.25,2592.635,2587.835,2591.8
1726765200,2591.81,2592.735,2587.985,2590.655
1726768800,2590.675,2590.865,2586.695,2588.32
1726772400,2588.295,2588.99,2586.02,2588.48
1726776000,2588.445,2589.875,2586.005,2586.91
1726783200,2586.52,2587.985,2586.315,2587.86
1726786800,2587.8,2587.885,2586.49,2587.32
1726790400,2587.285,2588.565,2586.145,2588.125
1726794000,2588.13,2589.555,2584.875,2588.32
1726797600,2588.305,2592.64,2587.455,2591.655
1726801200,2591.62,2593.685,2591.075,2591.52
1726804800,2591.525,2594.44,2591.47,2593.83
1726808400,2593.87,2595.25,2592.505,2594.6
1726812000,2594.59,2607.09,2594.365,2605.545
1726815600,2605.53,2609.79,2604.81,2607.19
1726819200,2607.13,2612.77,2605.535,2609.815
1726822800,2609.82,2610.61,2602.52,2606.38
1726826400,2606.44,2614.265,2606.305,2613.305
1726830000,2613.325,2615.515,2610.345,2613.78
1726833600,2613.82,2619.395,2613.515,2615.63
1726837200,2615.605,2616.59,2602.665,2606.705
1726840800,2606.7,2617.235,2604.765,2614.07
1726844400,2614.14,2623.05,2611.265,2622.895
1726848000,2622.905,2625.79,2619.825,2624.975
1726851600,2624.95,2625.445,2619.32,2619.64
1726855200,2619.685,2622.305,2617.915,2621.84
1726858800,2621.795,2623.465,2620.755,2621.17
1726862400,2621.12,2622.555,2619.13,2622.235
1727042400,2621.365,2622.06,2619.81,2620.485
1727046000,2620.53,2621.56,2619.72,2620.275
1727049600,2620.28,2620.465,2618.265,2618.415
1727053200,2618.33,2621.585,2616.175,2620.225
1727056800,2620.23,2626.4,2618.87,2625.415
1727060400,2625.365,2631.185,2624.91,2628.56
1727064000,2628.555,2631.14,2628.065,2629.5
1727067600,2629.495,2631.405,2626.84,2630.07
1727071200,2630.095,2630.205,2624.55,2624.55
1727074800,2624.47,2625.1,2613.89,2615.24
1727078400,2615.235,2619.73,2614.705,2616.935
1727082000,2616.93,2622.095,2615.51,2621.675
1727085600,2621.67,2623.67,2620.82,2621.585
1727089200,2621.675,2625.82,2620.99,2624.15
1727092800,2624.165,2628.17,2620.115,2627.125
1727096400,2627.15,2634.365,2625.685,2632.025
1727100000,2631.995,2634.905,2628.035,2630.495
1727103600,2630.51,2632.085,2625.825,2629.32
1727107200,2629.315,2630.905,2626.645,2628.235
1727110800,2628.295,2629.145,2626.52,2628.085
1727114400,2628.085,2628.87,2626.04,2627.48
1727118000,2627.485,2627.975,2625.7,2626.31
1727121600,2626.285,2628.63,2626.235,2628.63
1727128800,2627.79,2628.53,2627.22,2627.56
1727132400,2627.585,2627.6,2625.91,2626.435
1727136000,2626.425,2626.64,2623.87,2625.26
1727139600,2625.3,2630.24,2624.995,2629.145
1727143200,2629.13,2629.39,2626.875,2628.98
1727146800,2628.975,2636.16,2628.87,2634.125
1727150400,2634.115,2638.35,2632.09,2638.175
1727154000,2638.185,2640.18,2625.22,2625.5
1727157600,2625.47,2629.96,2624.6,2628.785
1727161200,2628.915,2630.355,2622.68,2629
1727164800,2629.03,2629.58,2626.01,2629.105
1727168400,2629.11,2630.965,2627.19,2630.835
1727172000,2630.845,2636.245,2630.68,2633.44
1727175600,2633.405,2633.475,2623.465,2626.46
1727179200,2626.455,2633.335,2623.555,2633.255
1727182800,2633.26,2637.345,2631.05,2635.575
1727186400,2635.675,2647.235,2634.595,2643.68
1727190000,2643.76,2648.52,2639.905,2643.225
1727193600,2643.23,2655.32,2642.52,2653.63
1727197200,2653.615,2654.565,2649.88,2654.13
1727200800,2654.13,2657.765,2653.455,2657.365
1727204400,2657.35,2664.38,2656.485,2662.76
1727208000,2662.75,2663.76,2656.525,2657.26
1727215200,2658.69,2659.9,2657.73,2659.245
1727218800,2659.225,2659.325,2656.795,2658.255
1727222400,2658.32,2661.19,2656.685,2660.905
1727226000,2660.98,2662.93,2655.58,2660.07
1727229600,2660.04,2670.605,2659.695,2670.15
1727233200,2670.145,2670.29,2659.885,2661.615
1727236800,2661.62,2661.775,2657.72,2658.97
1727240400,2658.875,2659.905,2654.515,2657.325
1727244000,2657.325,2659.89,2653.615,2654.765
1727247600,2654.945,2657.75,2651.415,2657.005
1727251200,2657.05,2658.65,2654.68,2655.94
1727254800,2655.935,2657.775,2652.8,2657.035
1727258400,2657.04,2658.25,2654.46,2655.675
1727262000,2655.735,2658.11,2653.985,2657.46
1727265600,2657.39,2660.88,2657.025,2659.525
1727269200,2659.52,2666.39,2658.435,2664.55
1727272800,2664.43,2667.505,2654.395,2659.055
1727276400,2659.095,2660.905,2655.325,2657.795
1727280000,2657.79,2658.88,2649.7,2653.79
1727283600,2653.695,2663.06,2653.22,2660.715
1727287200,2660.705,2661.765,2659.155,2660.45
1727290800,2660.43,2661.635,2659.53,2659.785
1727294400,2659.81,2660.305,2656.38,2656.995
1727301600,2657.74,2659.795,2657.03,2658.365
1727305200,2658.335,2659.565,2656.315,2656.42
1727308800,2656.435,2660.44,2655.485,2659.11
1727312400,2659.12,2661.53,2657.785,2660.835
1727316000,2660.925,2661.66,2657.165,2658.245
1727319600,2658.18,2662.575,2657.81,2662.575
1727323200,2662.6,2662.945,2660.26,2660.75
1727326800,2660.745,2663.495,2659.825,2661.49
1727330400,2661.365,2662.7,2658.05,2661.795
1727334000,2661.785,2666.94,2659.555,2664.705
1727337600,2664.68,2670.56,2664.68,2669.095
1727341200,2669.1,2669.905,2666.985,2668.945
1727344800,2668.935,2675.735,2667.565,2672.715
1727348400,2672.7,2685.64,2672.33,2682.88
1727352000,2682.885,2684.25,2668.625,2677.33
1727355600,2677.32,2679.725,2654.84,2660.87
1727359200,2660.935,2669.65,2659.77,2665.905
1727362800,2665.89,2673.175,2662.515,2671.46
1727366400,2671.495,2672.545,2663.005,2668.265
1727370000,2668.18,2672.32,2667.725,2670.985
1727373600,2671.005,2677.16,2670.155,2675.98
1727377200,2676.02,2677.88,2672.35,2673.73
1727380800,2673.785,2674.1,2670.91,2672.435
1727388000,2672.235,2673.29,2671.795,2672.45
1727391600,2672.535,2673.295,2672.055,2672.705
1727395200,2672.68,2672.76,2669.38,2669.82
1727398800,2669.835,2672.825,2666.295,2669.6
1727402400,2669.595,2671.155,2667.275,2669.06
1727406000,2669.045,2674.045,2668.755,2673.735
1727409600,2673.785,2673.995,2669.425,2670.61
1727413200,2670.62,2671.45,2662.415,2664.975
1727416800,2665,2669.58,2664.095,2665.915
1727420400,2666.04,2668.335,2661.085,2664.725
1727424000,2664.635,2665.46,2661.895,2662.71
1727427600,2662.695,2665.02,2658.45,2663.765
1727431200,2663.755,2665.71,2662.115,2664.415
1727434800,2664.395,2669.28,2664.355,2666.18
1727438400,2666.19,2674.375,2662.41,2670.095
1727442000,2670.065,2671.165,2664.115,2666.525
1727445600,2666.435,2666.945,2649.45,2649.53
1727449200,2649.4,2654.695,2644.765,2649.875
1727452800,2649.88,2656.375,2645.995,2651.85
1727456400,2651.855,2652.425,2643.155,2645.22
1727460000,2645.32,2648.975,2643.525,2648
1727463600,2648.02,2652.92,2645.72,2652.1
1727467200,2652.04,2660.255,2651.255,2658.55
1727647200,2661.815,2663.55,2659.91,2662.81
1727650800,2662.785,2665.135,2661.745,2663.63
1727654400,2663.655,2666.05,2661.31,2661.64
1727658000,2661.64,2664.39,2647.33,2652.835
1727661600,2652.825,2656.525,2650.31,2652.64
1727665200,2652.63,2655.67,2652.29,2653.635
1727668800,2653.58,2656.015,2652.2,2655.98
1727672400,2655.975,2659.49,2654.47,2657.915
1727676000,2657.88,2660.18,2655.785,2658.005
1727679600,2658.02,2660.675,2650.715,2650.97
1727683200,2650.815,2656.66,2650.675,2653.64
1727686800,2653.67,2653.73,2648.395,2649.765
1727690400,2649.77,2650.15,2635.845,2636.995
1727694000,2636.915,2642.9,2634.505,2641.69
1727697600,2641.695,2644.28,2634.965,2639.1
1727701200,2639.085,2642.16,2630.415,2635.76
1727704800,2635.71,2636.235,2628.855,2633.325
1727708400,2633.375,2636.545,2630.395,2633.975
1727712000,2633.99,2639.485,2633.45,2639.2
1727715600,2639.205,2641.895,2636.48,2637.89
1727719200,2637.885,2638.4,2624.78,2631.595
1727722800,2631.435,2631.83,2626.565,2631.07
1727726400,2631.065,2635.205,2630.835,2634.69
1727733600,2633.53,2635.05,2633.31,2635.05
1727737200,2635.155,2636.27,2634.685,2635.77
1727740800,2635.85,2637.22,2634,2636.5
1727744400,2636.495,2639.895,2635.58,2639.87
1727748000,2639.885,2640.075,2635.05,2636.465
1727751600,2636.43,2638.69,2634.57,2638
1727755200,2637.95,2640.52,2637.465,2639.675
1727758800,2639.725,2644.45,2639.66,2643.18
1727762400,2643.135,2645.6,2642.67,2645.39
1727766000,2645.51,2647.51,2641.79,2645.69
1727769600,2645.715,2646.9,2642.48,2646.615
1727773200,2646.55,2649.335,2645.435,2648.745
1727776800,2648.715,2650.57,2648.34,2650.39
1727780400,2650.4,2652.145,2646.94,2650.305
1727784000,2650.295,2656.74,2650.255,2651.585
1727787600,2651.67,2671.825,2648.05,2668.245
1727791200,2668.1,2670.005,2657.375,2659.17
1727794800,2659.115,2665.455,2654.02,2663.5
1727798400,2663.505,2673.26,2661.33,2666.485
1727802000,2666.525,2671.79,2661.22,2662.5
1727805600,2662.4,2665.035,2657.64,2661.165
1727809200,2661.115,2664.395,2658.24,2658.765
1727812800,2658.77,2664.16,2657.99,2663.61
1727820000,2661.92,2662.885,2661.23,2662.15
1727823600,2662.17,2662.315,2660.225,2660.44
1727827200,2660.415,2660.665,2657.035,2657.51
1727830800,2657.575,2662.11,2656.385,2660.695
1727834400,2660.65,2661.23,2658.88,2660.21
1727838000,2660.195,2661.6,2655.175,2655.46
1727841600,2655.43,2656.58,2652.71,2654.195
1727845200,2654.19,2656.235,2644.58,2648.145
1727848800,2648.14,2650.895,2647.285,2649.79
1727852400,2649.775,2655.575,2649.58,2655.48
1727856000,2655.465,2655.895,2648.685,2652.505
1727859600,2652.445,2655.63,2651.615,2653
1727863200,2653.01,2654.43,2648.83,2649.205
1727866800,2649.2,2652.67,2648.055,2649.605
1727870400,2649.815,2653.09,2643.81,2649.645
1727874000,2649.68,2660.915,2649.3,2659.545
1727877600,2659.585,2663.445,2647.465,2648.155
1727881200,2648.21,2650.735,2641.18,2649.985
1727884800,2649.995,2652.33,2648.2,2649.775
1727888400,2649.72,2652.865,2647.255,2652.245
1727892000,2652.24,2656.07,2651.205,2654.14
1727895600,2654.13,2659.035,2653.765,2658.695
1727899200,2658.705,2660.015,2658.385,2658.75
1727906400,2658.77,2660.415,2658.598,2659.565
1727910000,2659.595,2661.26,2659.485,2660.335
1727913600,2660.39,2663.015,2657.58,2657.925
1727917200,2657.925,2659.015,2655.07,2658.32
1727920800,2658.355,2658.73,2655.455,2655.87
1727924400,2655.865,2658.02,2653.375,2656.045
1727928000,2655.985,2656.61,2654.685,2655.07
1727931600,2655.065,2656.745,2652.005,2653.34
1727935200,2653.31,2657.53,2651.365,2655.925
1727938800,2655.915,2656.285,2643.525,2645.315
1727942400,2645.305,2647.585,2641.89,2645.16
1727946000,2645.15,2647.7,2641.03,2644.875
1727949600,2644.87,2648.17,2644.115,2646.86
1727953200,2646.915,2649.12,2643.655,2648.125
1727956800,2648.12,2654.665,2642.14,2642.4
1727960400,2642.395,2651.435,2641.66,2647.54
1727964000,2647.4,2654.53,2637.015,2650.225
1727967600,2650.23,2654.655,2648,2648.9
1727971200,2648.965,2661.395,2648.61,2660.095
1727974800,2660.125,2662.2,2655.225,2656.785
1727978400,2656.815,2659.75,2655.485,2657.605
1727982000,2657.61,2659.555,2656.97,2658.055
1727985600,2658.06,2658.06,2655.41,2656.11
1727992800,2655.95,2656.335,2654.485,2656.11
1727996400,2656.04,2656.675,2654.42,2655.875
1728000000,2655.895,2657.61,2655.56,2657.375
1728003600,2657.335,2659.27,2656.86,2658.39
1728007200,2658.32,2663.59,2658.06,2662.09
1728010800,2662.115,2663.7,2660.82,2661.205
1728014400,2661.215,2666.24,2660.775,2664.105
1728018000,2664.115,2667.87,2664.115,2667.42
1728021600,2667.42,2667.64,2659.735,2660.31
1728025200,2660.295,2663.215,2658.795,2661.1
1728028800,2661.105,2661.645,2658.915,2659.105
1728032400,2659.145,2660.255,2656.975,2657.585
1728036000,2657.56,2660.78,2657.27,2658.315
1728039600,2658.3,2662.6,2657.465,2661.42
1728043200,2661.425,2661.56,2632.015,2638.95
1728046800,2638.9,2655.235,2637.57,2651.98
1728050400,2651.95,2661.37,2646.6,2658.4
1728054000,2658.44,2670.24,2647.9,2653.255
1728057600,2653.385,2653.855,2641.885,2645.44
1728061200,2645.445,2650.51,2643.94,2650.11
1728064800,2650.115,2650.825,2644.45,2645.675
1728068400,2645.645,2652.16,2642.83,2651.675
1728072000,2651.71,2654.05,2649.915,2653.84
1728252000,2651.39,2652.3,2649.925,2650.89
1728255600,2650.875,2652.485,2649.775,2650.27
1728259200,2650.255,2651.15,2647.855,2649.385
1728262800,2649.41,2652.005,2643.885,2646.245
1728266400,2646.235,2648.7,2645.41,2645.435
1728270000,2645.425,2647.515,2643.95,2647.5
1728273600,2647.495,2648.705,2646.41,2646.845
1728277200,2646.85,2646.86,2640.12,2640.855
1728280800,2640.875,2643.975,2639.745,2643.29
1728284400,2643.295,2652.87,2642.115,2652.145
1728288000,2652.115,2656.445,2651.68,2652.305
1728291600,2652.315,2657.34,2650.775,2656.665
1728295200,2656.66,2658.55,2655.265,2655.445
1728298800,2655.44,2659.66,2655.165,2657.025
1728302400,2657.035,2659.335,2637.77,2640.1
1728306000,2640.08,2653.84,2639.775,2642.82
1728309600,2642.84,2647.87,2640.44,2640.905
1728313200,2640.9,2650.21,2639.185,2645.725
1728316800,2645.72,2647.01,2642.67,2646.9
1728320400,2646.825,2648.84,2644.245,2648.035
1728324000,2648.055,2648.17,2639.71,2640.92
1728327600,2640.915,2644.785,2640.435,2643.295
1728331200,2643.325,2643.755,2641.825,2642.585
1728338400,2642.085,2649.26,2641.965,2644.26
1728342000,2644.265,2644.98,2642.51,2643.06
1728345600,2643.08,2645.175,2642.385,2643.605
1728349200,2643.6,2647.97,2637.965,2647.33
1728352800,2647.345,2648.305,2633.835,2635.765
1728356400,2635.66,2645.79,2635.29,2643.035
1728360000,2643.04,2643.815,2641.435,2643.185
1728363600,2643.19,2646.325,2641.6,2645.085
1728367200,2645.08,2646.53,2635.765,2636.435
1728370800,2636.44,2638.575,2631.23,2634.045
1728374400,2634.015,2640.42,2628.6,2637.985
1728378000,2638,2642.04,2635.82,2641.52
1728381600,2641.47,2647.54,2639.89,2646.355
1728385200,2646.35,2652.005,2646.325,2650.81
1728388800,2650.805,2653.115,2639.755,2645.945
1728392400,2645.89,2647.71,2636.655,2639.715
1728396000,2639.725,2640.46,2619.615,2621.12
1728399600,2621.115,2621.175,2604.82,2613.035
1728403200,2613.075,2616.3,2606.695,2609.05
1728406800,2609.055,2618.215,2605.505,2614.55
1728410400,2614.57,2617.045,2613.91,2615.775
1728414000,2615.77,2623.7,2614.995,2623.035
1728417600,2623.03,2623.235,2618.98,2621.965
1728424800,2622.11,2622.305,2620.635,2622.03
1728428400,2622.115,2623.83,2621.255,2622.02
1728432000,2622.005,2623.305,2621.065,2621.28
1728435600,2621.255,2624.3,2618.425,2620.1
1728439200,2620.085,2620.435,2616.91,2618.465
1728442800,2618.46,2619.01,2614.99,2617.18
1728446400,2617.15,2618.635,2615.53,2616.07
1728450000,2616.065,2624.375,2615.77,2619.745
1728453600,2619.735,2619.735,2610.71,2612.785
1728457200,2612.79,2615.7,2609.245,2611.735
1728460800,2611.75,2617.445,2610.54,2616.345
1728464400,2616.35,2618.67,2614.76,2618.105
1728468000,2618.12,2621.59,2616.13,2621.175
1728471600,2621.17,2622.465,2617.025,2619.085
1728475200,2619.095,2622.43,2615.495,2618.96
1728478800,2618.945,2620.8,2606.97,2609.74
1728482400,2609.73,2612.015,2605.265,2609.91
1728486000,2609.9,2617.95,2609.54,2614.855
1728489600,2614.865,2615.915,2607.875,2608.79
1728493200,2608.785,2610.025,2606.575,2609.935
1728496800,2610.075,2611.11,2605.21,2606.445
1728500400,2606.47,2610.255,2606.375,2609.25
1728504000,2609.235,2609.51,2606.97,2607.735
1728511200,2607.735,2609.01,2607.585,2608.95
1728514800,2608.905,2609.47,2607.945,2608.48
1728518400,2608.54,2610.23,2606.005,2609.34
1728522000,2609.335,2612.615,2606.885,2609.185
1728525600,2609.16,2615.715,2608.04,2615.32
1728529200,2615.32,2616.96,2611.5,2611.87
1728532800,2611.865,2614.78,2611.615,2613.965
1728536400,2614,2615.58,2612.55,2613.44
1728540000,2613.43,2616.475,2610.665,2612.545
1728543600,2612.55,2617.095,2610.33,2616.77
1728547200,2616.77,2617.425,2613.585,2615.525
1728550800,2615.53,2618.535,2614.39,2617.27
1728554400,2617.265,2618.525,2615.635,2618.015
1728558000,2618.03,2618.95,2611.36,2613.11
1728561600,2613.13,2627.395,2604.39,2625.125
1728565200,2625.12,2628.005,2615.655,2626.785
1728568800,2626.76,2629.835,2622.765,2625.51
1728572400,2625.505,2626.265,2618.915,2623.665
1728576000,2623.675,2629.18,2618.815,2619.39
1728579600,2619.395,2626.32,2616.555,2623.91
1728583200,2623.925,2629.175,2623.435,2626.535
1728586800,2626.485,2631.445,2626.03,2629.21
1728590400,2629.26,2631.565,2628.865,2629.92
1728597600,2628.62,2629.165,2628.18,2628.32
1728601200,2628.335,2636.005,2628.33,2633.24
1728604800,2633.245,2634.47,2632.1,2633.87
1728608400,2633.955,2638.09,2632.98,2637.875
1728612000,2637.86,2644.185,2635.335,2642.47
1728615600,2642.405,2646.14,2640.705,2645.58
1728619200,2645.59,2646.105,2643.965,2645.685
1728622800,2645.62,2646.025,2643.26,2644.815
1728626400,2644.815,2647.245,2638.095,2639.565
1728630000,2639.54,2645.615,2638.38,2645.445
1728633600,2645.435,2646.21,2639.14,2639.305
1728637200,2639.31,2641.75,2636.245,2637.975
1728640800,2637.965,2642.3,2637.125,2641.68
1728644400,2641.68,2644.865,2638.76,2644.76
1728648000,2644.745,2650.195,2640.68,2643.095
1728651600,2643.23,2653.45,2642.7,2649.855
1728655200,2649.87,2655.36,2646.49,2653.135
1728658800,2653.16,2659.305,2653.13,2658.85
1728662400,2658.86,2661.475,2657.945,2660.515
1728666000,2660.53,2661.255,2656.345,2659.575
1728669600,2659.59,2659.625,2656.14,2658.72
1728673200,2658.715,2658.91,2655.275,2656.18
1728676800,2656.145,2657.445,2654.775,2657.18
1728856800,2648.805,2652.65,2646.955,2650.385
1728860400,2650.405,2650.75,2647.645,2648.145
1728864000,2648.185,2648.46,2645.21,2646.785
1728867600,2646.78,2648.6,2643.615,2646.195
1728871200,2646.185,2655.52,2643.245,2655.225
1728874800,2655.21,2657.425,2653.77,2655.635
1728878400,2655.63,2660.41,2655.335,2659.27
1728882000,2659.265,2660.77,2657.145,2659.05
1728885600,2659.035,2666.875,2657.5,2664.155
1728889200,2664.15,2665.27,2659.215,2660.57
1728892800,2660.575,2662.045,2658.28,2659.455
1728896400,2659.55,2663.06,2656.89,2658.565
1728900000,2658.56,2660.95,2655.895,2655.895
1728903600,2655.895,2656.865,2651.135,2652.19
1728907200,2652.185,2654.615,2649.335,2651.41
1728910800,2651.415,2661.305,2647.785,2655.54
1728914400,2655.53,2657.095,2644.79,2645.735
1728918000,2645.805,2649.175,2644.055,2646.795
1728921600,2646.82,2649.805,2645.905,2648.605
1728925200,2648.66,2649.92,2647.29,2648.695
1728928800,2648.69,2651.02,2648.51,2649.26
1728932400,2649.245,2652.705,2647.075,2652.55
1728936000,2652.51,2653.365,2646.195,2648.785
1728943200,2649.215,2650.385,2648.175,2650.115
1728946800,2650.12,2651.02,2649.02,2649.475
1728950400,2649.455,2650.29,2647.89,2648.255
1728954000,2648.25,2651.31,2647.275,2648.455
1728957600,2648.395,2652.81,2648.135,2651.755
1728961200,2651.755,2651.755,2644.52,2645.69
1728964800,2645.715,2645.74,2642.99,2644.44
1728968400,2644.445,2644.445,2638.105,2641.985
1728972000,2641.95,2649.23,2641.425,2648.71
1728975600,2648.705,2653.955,2647.995,2650.805
1728979200,2650.76,2655.815,2649.8,2654
1728982800,2653.995,2655.605,2651.165,2653.58
1728986400,2653.57,2656.825,2652.69,2653.055
1728990000,2653.09,2654.605,2645.655,2647.815
1728993600,2647.82,2657.51,2647.245,2648.335
1728997200,2648.32,2653.42,2646.11,2648.67
1729000800,2648.68,2664.25,2647.855,2659.815
1729004400,2659.84,2665.255,2657.33,2664.705
1729008000,2664.7,2668.965,2661.215,2661.955
1729011600,2661.945,2664.25,2659.01,2663.665
1729015200,2663.68,2665.87,2663.43,2665.145
1729018800,2665.095,2666.525,2659.515,2661.795
1729022400,2661.765,2663.175,2660.33,2662.695
1729029600,2662.285,2662.91,2661.575,2662.24
1729033200,2662.285,2662.62,2660.47,2660.56
1729036800,2660.485,2660.61,2658.8,2660.27
1729040400,2660.285,2668.065,2660.19,2668.045
1729044000,2668.035,2670.165,2665.54,2668.125
1729047600,2668.14,2669.26,2665.405,2667.21
1729051200,2667.205,2668.295,2665.645,2666.74
1729054800,2666.77,2670.62,2666.19,2669.6
1729058400,2669.62,2677.78,2667.115,2677.25
1729062000,2677.24,2677.56,2673.375,2676.22
1729065600,2676.14,2680.18,2674.615,2679.58
1729069200,2679.565,2682.875,2678.225,2680.255
1729072800,2680.27,2681.015,2673.26,2674.4
1729076400,2674.43,2680.67,2673.055,2678.435
1729080000,2678.425,2681.99,2676.545,2681.81
1729083600,2681.82,2685.465,2672.5,2675.13
1729087200,2675.225,2681.52,2670.07,2672.27
1729090800,2672.29,2675.815,2667.63,2670.085
1729094400,2670.04,2674.26,2666.795,2674.21
1729098000,2674.28,2676.385,2673.15,2675.37
1729101600,2675.355,2676.76,2674.645,2675.035
1729105200,2674.99,2675.1,2672.81,2674.825
1729108800,2674.855,2675.06,2673.175,2673.93
1729116000,2674.605,2675.08,2673.33,2673.855
1729119600,2673.85,2674.755,2673.59,2674.17
1729123200,2674.185,2678.08,2674.145,2677.95
1729126800,2677.925,2683.09,2676.585,2683.07
1729130400,2683.095,2684.94,2678.935,2682.025
1729134000,2682.06,2682.3,2674.6,2676.81
1729137600,2676.8,2679.795,2676.55,2679.135
1729141200,2679.13,2684.37,2678.145,2683.595
1729144800,2683.6,2685.845,2680.145,2681.24
1729148400,2681.22,2683.77,2678.965,2682.115
1729152000,2682.11,2683.935,2680.105,2681.925
1729155600,2681.91,2682.15,2677.035,2679.53
1729159200,2679.485,2688.84,2679.115,2687.455
1729162800,2687.465,2688.51,2680.87,2681.365
1729166400,2681.35,2682.315,2673.165,2680.68
1729170000,2680.715,2690.225,2677.88,2688.81
1729173600,2688.84,2696.565,2684.815,2695.69
1729177200,2695.7,2696.8,2687.625,2693.34
1729180800,2693.345,2693.45,2684.01,2692.28
1729184400,2692.315,2694.27,2690.52,2692.005
1729188000,2692.045,2692.315,2689.27,2689.585
1729191600,2689.595,2692.645,2688.98,2692.045
1729195200,2692.075,2693.04,2690.995,2693.01
1729202400,2693.045,2693.5,2692.395,2692.73
1729206000,2692.755,2694.49,2692.43,2693.85
1729209600,2693.83,2695.85,2692.91,2693.105
1729213200,2693.115,2706.89,2692.915,2704.74
1729216800,2704.7,2712.04,2704.13,2708.24
1729220400,2708.18,2710.92,2707.13,2710.1
1729224000,2710.105,2711.355,2708.855,2710.295
1729227600,2710.31,2714.14,2710.155,2711.535
1729231200,2711.48,2711.765,2702.73,2707.465
1729234800,2707.525,2709.26,2702.345,2702.365
1729238400,2702.39,2706.365,2701.735,2706.32
1729242000,2706.375,2713.19,2706.285,2711.475
1729245600,2711.51,2713.28,2708.09,2712.595
1729249200,2712.615,2713.195,2708.05,2709.89
1729252800,2709.9,2717.1,2709.25,2709.65
1729256400,2709.64,2715.805,2705.035,2713.76
1729260000,2713.735,2720.21,2712.19,2717.485
1729263600,2717.525,2719.28,2713.735,2714.88
1729267200,2714.89,2719.105,2714.78,2717.68
1729270800,2717.69,2720.045,2713.67,2715.925
1729274400,2715.94,2721.335,2715.575,2720.3
1729278000,2720.385,2720.605,2718.09,2719.71
1729281600,2719.77,2722.65,2719.265,2721.9
1729461600,2723.09,2723.92,2720.34,2723.68
1729465200,2723.695,2725.2,2722.46,2723.48
1729468800,2723.525,2725.9,2721.535,2721.75
1729472400,2721.725,2729.325,2721.1,2726.475
1729476000,2726.48,2731.505,2724.905,2730.825
1729479600,2730.79,2732.885,2729.375,2731.59
1729483200,2731.555,2732.04,2729.72,2730.5
1729486800,2730.505,2730.52,2724.56,2724.965
1729490400,2724.955,2730.655,2723.67,2730.36
1729494000,2730.375,2732.525,2725.435,2730.46
1729497600,2730.435,2733.175,2729.49,2731.43
1729501200,2731.545,2736.925,2730.82,2734.57
1729504800,2734.58,2734.98,2727.83,2733.42
1729508400,2733.44,2738.145,2733.05,2734.54
1729512000,2734.555,2739.83,2732.85,2738.7
1729515600,2738.695,2740.6,2733.77,2739.1
1729519200,2739.16,2739.535,2722.315,2725.325
1729522800,2725.34,2727.24,2716.905,2720.16
1729526400,2720.155,2724.125,2718.175,2723.59
1729530000,2723.605,2725.68,2721.67,2722.9
1729533600,2722.955,2723.2,2715.36,2716.45
1729537200,2716.385,2721.155,2714.235,2719.965
1729540800,2719.945,2721.07,2718.895,2719.675
1729548000,2719.36,2721.82,2719.16,2720.795
1729551600,2720.785,2722.73,2720.495,2721.565
1729555200,2721.56,2725.215,2720.72,2724.73
1729558800,2724.725,2730.37,2724.095,2728.195
1729562400,2728.19,2730.695,2727.815,2728.965
1729566000,2728.96,2733.2,2728.815,2731.05
1729569600,2731.035,2735.955,2731.035,2734.815
1729573200,2734.81,2735.215,2729.115,2730.515
1729576800,2730.535,2737.22,2729.725,2735.13
1729580400,2735.06,2736.32,2732.585,2733.71
1729584000,2733.695,2738.5,2731.58,2734.955
1729587600,2734.93,2736.18,2729.92,2731.57
1729591200,2731.525,2739.395,2730.625,2738.97
1729594800,2738.985,2739.36,2729.585,2732.11
1729598400,2732.105,2738.09,2731.68,2736.28
1729602000,2736.275,2742.145,2735.485,2735.815
1729605600,2735.795,2743.2,2733.76,2741.905
1729609200,2741.94,2744.26,2736.96,2737.66
1729612800,2737.655,2745.605,2737.285,2745.39
1729616400,2745.395,2748.43,2743.595,2746.83
1729620000,2746.845,2747.305,2744.13,2744.69
1729623600,2744.645,2748.94,2743.9,2748.425
1729627200,2748.47,2748.975,2746.81,2748.96
1729634400,2747.33,2748.27,2746.81,2747.4
1729638000,2747.415,2748.19,2746.025,2746.63
1729641600,2746.625,2747.095,2744.85,2745.325
1729645200,2745.335,2747.235,2737.995,2738.65
1729648800,2738.62,2741.15,2737.94,2738.995
1729652400,2738.97,2747.07,2738.365,2746.14
1729656000,2746.19,2750.725,2745.345,2750.025
1729659600,2750.02,2753.365,2748.88,2751.615
1729663200,2751.61,2753.285,2748.2,2750.585
1729666800,2750.54,2755.665,2749.34,2755.02
1729670400,2755.005,2758.525,2754.73,2757
1729674000,2757.01,2757.63,2749.91,2750.745
1729677600,2750.74,2752.6,2749.715,2750.845
1729681200,2750.835,2752.985,2749.225,2749.99
1729684800,2749.935,2750.54,2740.84,2743.405
1729688400,2743.41,2744.235,2731.66,2737.56
1729692000,2737.49,2738.775,2716.52,2717.805
1729695600,2717.815,2722.705,2708.755,2721.905
1729699200,2721.88,2723.32,2718.53,2719.435
1729702800,2719.43,2720.725,2713.775,2716.745
1729706400,2716.735,2716.775,2712.055,2714.145
1729710000,2714.14,2718.305,2713.255,2716.225
1729713600,2716.19,2716.72,2714.285,2715.59
1729720800,2716.415,2718.35,2716.215,2718.065
1729724400,2718.11,2721.96,2718.11,2721.405
1729728000,2721.385,2721.48,2717.93,2721.275
1729731600,2721.29,2726.81,2720.315,2723.89
1729735200,2723.875,2724.59,2720.345,2723.395
1729738800,2723.39,2724.06,2721.405,2723.075
1729742400,2723.08,2727.225,2722.97,2726.61
1729746000,2726.595,2729.835,2725.94,2728.98
1729749600,2729.015,2736.54,2728.4,2735.285
1729753200,2735.25,2737.185,2732.25,2733.665
1729756800,2733.64,2737.965,2732.545,2736.855
1729760400,2736.875,2739.255,2735.885,2736.56
1729764000,2736.57,2739.225,2736.32,2736.905
1729767600,2736.87,2739.725,2735.215,2738.57
1729771200,2738.575,2741.675,2734.65,2739.135
1729774800,2739.16,2743.325,2729.605,2733.775
1729778400,2733.7,2736.255,2722.505,2732.465
1729782000,2732.47,2734.47,2726.84,2731.205
1729785600,2731.24,2735.63,2725.835,2733.68
1729789200,2733.7,2737.09,2732.935,2735.51
1729792800,2735.53,2737.845,2734.56,2735.605
1729796400,2735.63,2737.18,2733.52,2737.18
1729800000,2737.185,2737.195,2735.07,2736.08
1729807200,2735.95,2736.02,2734.615,2734.695
1729810800,2734.69,2735.55,2733.735,2733.85
1729814400,2733.915,2734.985,2731.335,2732.505
1729818000,2732.5,2735.175,2729.895,2730.095
1729821600,2730.085,2730.29,2726.205,2728.48
1729825200,2728.495,2728.51,2724.48,2726.12
1729828800,2726.08,2727.87,2723.99,2725.98
1729832400,2726.05,2729.775,2725.98,2728.63
1729836000,2728.635,2732.67,2725.02,2732.285
1729839600,2732.27,2732.275,2725.965,2726.535
1729843200,2726.56,2727.13,2718.91,2719.49
1729846800,2719.46,2721.355,2717.1,2721.29
1729850400,2721.285,2722.725,2717.275,2722.33
1729854000,2722.335,2729.44,2721.28,2724.275
1729857600,2724.3,2732.525,2723.36,2731.57
1729861200,2731.615,2732.215,2725.32,2727.835
1729864800,2727.73,2740.63,2727.73,2738.565
1729868400,2738.53,2742.135,2736.55,2737.195
1729872000,2737.205,2739.42,2734.06,2739.255
1729875600,2739.265,2745.12,2738.875,2744.395
1729879200,2744.445,2744.79,2741.3,2742.175
1729882800,2742.21,2744.475,2740.415,2742.58
1729886400,2742.59,2747.835,2742.545,2747.215
1730066400,2734.065,2736.28,2730.335,2734.66
1730070000,2734.655,2740.33,2734.645,2735.82
1730073600,2735.825,2736.43,2732.17,2732.525
1730077200,2732.515,2733.075,2724.755,2732.39
1730080800,2732.375,2735.64,2730.705,2734.295
1730084400,2734.29,2734.73,2729.715,2729.74
1730088000,2729.735,2733.47,2729.215,2733.015
1730091600,2733.075,2738.85,2731.225,2738.46
1730095200,2738.475,2744.65,2737.575,2740.64
1730098800,2740.645,2743.65,2735.925,2739
1730102400,2739.075,2740.945,2731.495,2732.065
1730106000,2732.06,2734.095,2728.48,2729.375
1730109600,2729.33,2733.36,2727.93,2732.235
1730113200,2732.25,2732.975,2729.82,2732.33
1730116800,2732.335,2734.93,2731.305,2734.37
1730120400,2734.305,2743.505,2732.855,2740.94
1730124000,2740.895,2746.01,2738.895,2744.275
1730127600,2744.355,2744.68,2739.74,2740.805
1730131200,2740.79,2745.02,2740.045,2742.77
1730134800,2742.765,2745.025,2740.365,2743.435
1730138400,2743.43,2743.525,2740.24,2741.985
1730142000,2741.995,2743.585,2740.39,2742.58
1730145600,2742.555,2743.115,2741.445,2742.325
1730152800,2741.45,2742.435,2739.87,2742.14
1730156400,2742.195,2744.575,2741.25,2744.54
1730160000,2744.55,2746.895,2743.36,2745.835
1730163600,2745.84,2752.46,2745.625,2752.165
1730167200,2752.16,2757.78,2750.56,2753.11
1730170800,2753.115,2753.4,2748.77,2751.77
1730174400,2751.765,2755.34,2751.35,2754.815
1730178000,2754.905,2756.875,2749.78,2750.06
1730181600,2750.055,2756.61,2749.085,2755.83
1730185200,2755.83,2756.34,2752.03,2752.53
1730188800,2752.535,2755.13,2746.415,2754.715
1730192400,2754.72,2756.665,2750.17,2752.505
1730196000,2752.51,2753.225,2747.48,2749.995
1730199600,2749.99,2753.37,2746.195,2751.9
1730203200,2751.895,2753.725,2749.02,2749.26
1730206800,2749.22,2764.105,2748.325,2760.93
1730210400,2760.965,2771.79,2760.965,2769.61
1730214000,2769.625,2770.55,2760.885,2764.335
1730217600,2764.33,2770.35,2764.235,2769.485
1730221200,2769.385,2772.62,2766.355,2769.93
1730224800,2769.935,2773.59,2768.305,2773.03
1730228400,2773.075,2774.885,2771.09,2772.23
1730232000,2772.235,2774.835,2771.945,2774.58
1730239200,2773.51,2775.535,2773.005,2774.705
1730242800,2774.76,2775.255,2773.525,2775.125
1730246400,2775.135,2779.25,2774.96,2778.21
1730250000,2778.245,2782.185,2777.005,2781.74
1730253600,2781.72,2781.92,2776.165,2780.585
1730257200,2780.575,2781.315,2777.25,2779.04
1730260800,2779.045,2781.015,2777.46,2780.24
1730264400,2780.235,2785.035,2778.09,2783.25
1730268000,2783.245,2789.855,2781.28,2787.185
1730271600,2787.19,2788.115,2780.555,2782.33
1730275200,2782.355,2784.685,2779.62,2782.025
1730278800,2781.935,2784.715,2780.355,2784.625
1730282400,2784.635,2786.565,2780.17,2780.24
1730286000,2780.225,2782.135,2778.36,2778.635
1730289600,2778.63,2783.48,2773.665,2782.545
1730293200,2782.54,2787.57,2770.925,2777.565
1730296800,2777.555,2781.815,2775.24,2780.37
1730300400,2780.385,2785.93,2772.08,2784.74
1730304000,2784.745,2787.515,2783.05,2785.445
1730307600,2785.45,2789.65,2784.06,2788.645
1730311200,2788.655,2790.07,2787.34,2787.795
1730314800,2787.805,2788.145,2784.478,2787.51
1730318400,2787.43,2788.1,2784.805,2787.475
1730325600,2786.87,2788.195,2786.3,2787.56
1730329200,2787.51,2788.16,2785.285,2785.51
1730332800,2785.54,2788.305,2784.755,2787.68
1730336400,2787.69,2790.17,2783.68,2784.78
1730340000,2784.775,2789.055,2784.485,2787.135
1730343600,2787.125,2788.43,2784.465,2784.81
1730347200,2784.82,2785.56,2782.165,2784.53
1730350800,2784.525,2786.675,2782.73,2785.22
1730354400,2785.205,2786.1,2779.79,2779.915
1730358000,2779.89,2784.115,2778.16,2782.1
1730361600,2782.085,2783.11,2777.025,2779.17
1730365200,2779.175,2780.29,2777.245,2778.26
1730368800,2778.245,2781.235,2773.36,2780.98
1730372400,2780.965,2782.69,2776.78,2779.56
1730376000,2779.545,2782.035,2772.07,2773.735
1730379600,2773.715,2773.97,2754.65,2755.43
1730383200,2755.395,2756.975,2734.7,2734.79
1730386800,2734.79,2741.015,2731.635,2740.71
1730390400,2740.7,2743.795,2738.12,2740.75
1730394000,2740.76,2743.92,2738.3,2739.67
1730397600,2739.675,2748.03,2739.64,2747
1730401200,2746.975,2749.825,2745.81,2746.515
1730404800,2746.535,2748.23,2743.355,2743.95
1730412000,2745.37,2747.795,2745.12,2746.23
1730415600,2746.325,2747.945,2745.565,2746.785
1730419200,2746.81,2747.415,2744.975,2745.14
1730422800,2745.1,2750.075,2744.96,2749.83
1730426400,2749.81,2751.02,2745.865,2748.85
1730430000,2748.87,2751.98,2747.48,2751.845
1730433600,2751.85,2753.145,2750.835,2752.38
1730437200,2752.43,2755.225,2751.745,2754.965
1730440800,2754.98,2757.735,2751.35,2752.09
1730444400,2752.085,2753.3,2747.22,2749.715
1730448000,2749.645,2755.11,2748.62,2753.505
1730451600,2753.505,2755.51,2748.09,2751.415
1730455200,2751.42,2751.96,2744.845,2749.68
1730458800,2749.695,2754.145,2749.695,2752.99
1730462400,2753.05,2759.895,2749.345,2753.875
1730466000,2753.885,2762.275,2752.205,2756.125
1730469600,2756.41,2759.01,2739.76,2747.26
1730473200,2747.265,2750.38,2742.65,2744.755
1730476800,2744.745,2746.16,2740.47,2743.195
1730480400,2743.175,2743.945,2735.12,2736.375
1730484000,2736.34,2738.075,2733.55,2736.23
1730487600,2736.255,2737.09,2733.255,2734.165
1730491200,2734.14,2736.945,2733.365,2736.45
1730674800,2732.04,2740.395,2732.04,2738.43
1730678400,2738.415,2740.965,2737.065,2740.365
1730682000,2740.355,2741.405,2735.44,2740.01
1730685600,2740.005,2741.135,2737.085,2739.95
1730689200,2739.945,2742.49,2739.375,2741.075
1730692800,2741.07,2742.36,2739.82,2741.165
1730696400,2741.155,2743.88,2737.785,2741.66
1730700000,2741.675,2741.745,2735.84,2741.43
1730703600,2741.455,2744.935,2735.135,2735.895
1730707200,2735.89,2738.5,2731.93,2733.435
1730710800,2733.405,2744.15,2732.655,2743.4
1730714400,2743.415,2745.355,2737.32,2738.685
1730718000,2738.68,2741.045,2736.595,2740.7
1730721600,2740.535,2744.1,2739.56,2743.445
1730725200,2743.47,2746.825,2738.82,2746.8
1730728800,2746.81,2748.24,2737.94,2743.465
1730732400,2743.43,2745.615,2737.765,2738.58
1730736000,2738.525,2738.98,2732.38,2734.285
1730739600,2734.275,2738.51,2731.77,2738.445
1730743200,2738.45,2739.31,2735.645,2738.275
1730746800,2738.28,2739.735,2737.325,2738.395
1730750400,2738.37,2738.69,2736.435,2737.4
1730754000,2737.435,2737.715,2735.94,2736.605
1730761200,2737.365,2737.635,2736.075,2736.08
1730764800,2736.13,2736.725,2734.15,2735.11
1730768400,2735.115,2736.215,2733.025,2734.325
1730772000,2734.32,2735.41,2724.765,2728.58
1730775600,2728.57,2736.02,2727.825,2735.32
1730779200,2735.325,2736.41,2733.17,2734.535
1730782800,2734.51,2737.29,2732.03,2732.735
1730786400,2732.72,2738.795,2731.805,2737.935
1730790000,2737.935,2741.41,2735.285,2736.56
1730793600,2736.555,2743.315,2732.17,2742.58
1730797200,2742.585,2745.065,2738.955,2740
1730800800,2739.985,2740.29,2735.66,2737.995
1730804400,2738.035,2742.995,2738.035,2741.76
1730808000,2741.765,2743.185,2737.625,2738
1730811600,2738.03,2746.815,2736.46,2744.75
1730815200,2744.745,2750.09,2741.515,2746.925
1730818800,2746.655,2746.655,2733.035,2742.06
1730822400,2742.105,2744.575,2736.365,2739
1730826000,2738.995,2743.77,2738.315,2742.07
1730829600,2742.085,2743.995,2739.43,2741.33
1730833200,2741.31,2742.345,2739.555,2740.54
1730836800,2740.545,2743.55,2739.7,2743.1
1730840400,2743.105,2744.935,2742.65,2743.91
1730847600,2743.065,2746.485,2742.67,2745.68
1730851200,2745.665,2745.73,2735.4,2738.15
1730854800,2738.155,2749.78,2732.78,2747.16
1730858400,2747.13,2748.415,2736.885,2737.535
1730862000,2737.55,2743.56,2730.53,2734.155
1730865600,2734.15,2743.165,2733.19,2741.87
1730869200,2741.9,2743.685,2736.485,2738.975
1730872800,2738.97,2739.325,2701.425,2707.125
1730876400,2707.13,2733.275,2704.175,2725.835
1730880000,2725.71,2733.865,2722.86,2724.53
1730883600,2724.52,2728.635,2716.495,2724.73
1730887200,2724.705,2727.305,2718.74,2720.295
1730890800,2720.29,2722.805,2696.13,2699.15
1730894400,2699.155,2708.09,2693.45,2695.225
1730898000,2695.195,2695.195,2659.175,2664.28
1730901600,2664.235,2670.495,2652.405,2659.89
1730905200,2659.91,2675.94,2657.54,2675.845
1730908800,2675.905,2678.29,2662.915,2666.195
1730912400,2666.2,2669.345,2661.68,2663.355
1730916000,2663.385,2669.595,2662.915,2665.67
1730919600,2665.705,2668.585,2665.065,2667.175
1730923200,2667.18,2667.815,2659.425,2660.75
1730926800,2660.76,2662.478,2659.06,2659.175
1730934000,2662.255,2664.4,2661.245,2664.095
1730937600,2664.085,2664.26,2661.03,2661.62
1730941200,2661.535,2664.06,2643.355,2649.515
1730944800,2649.535,2657.585,2649.51,2657.44
1730948400,2657.445,2661.295,2655.7,2659.275
1730952000,2659.27,2659.695,2654.18,2654.665
1730955600,2654.735,2660.735,2654.735,2659.275
1730959200,2659.28,2659.535,2652.865,2657.17
1730962800,2657.14,2667.695,2656.22,2663.375
1730966400,2663.415,2666.76,2657.46,2657.67
1730970000,2657.655,2666.15,2657.485,2661.72
1730973600,2661.725,2668.435,2659.885,2666.64
1730977200,2666.605,2668.21,2663.94,2666.37
1730980800,2666.375,2674.145,2664.425,2673.675
1730984400,2673.655,2685.21,2672.475,2684.65
