time,open,high,low,close
1766106000,4326.405,4328.655,4309.095,4323.32
1766109600,4323.365,4328.1,4314.175,4316.76
1766113200,4316.735,4322.55,4312.68,4318.12
1766116800,4318.145,4322.935,4317.05,4322.74
1766120400,4322.725,4328.97,4317.46,4325.97
1766124000,4326.015,4329.57,4321.63,4326.44
1766127600,4326.42,4329.665,4321.5,4322.61
1766131200,4322.615,4330.975,4321.085,4325.99
1766134800,4325.945,4333.67,4324.41,4329.585
1766138400,4329.555,4331.915,4322.6,4327.805
1766142000,4327.81,4329.57,4325.18,4327.375
1766145600,4327.43,4328.955,4320.775,4326.735
1766149200,4326.77,4335.705,4326.055,4328.365
1766152800,4328.325,4337.93,4319.83,4332.855
1766156400,4332.735,4349.29,4332.135,4347.91
1766160000,4347.905,4354.755,4342.155,4349.935
1766163600,4349.92,4355.99,4347.075,4353.555
1766167200,4353.495,4356.625,4343.155,4348.595
1766170800,4348.605,4350.635,4345.17,4345.295
1766174400,4345.26,4346.545,4336.875,4339.75
1766178000,4339.735,4340.36,4336.555,4338.765
1766358000,4340.905,4356.1,4339.9,4355.4
1766361600,4355.325,4366.56,4355.325,4365.165
1766365200,4365.275,4384.96,4361.375,4382.97
1766368800,4382.995,4388.84,4378.695,4386.07
1766372400,4386.055,4395.05,4384.415,4392.66
1766376000,4392.655,4401.115,4391.33,4398.525
1766379600,4398.38,4409.76,4396.865,4400.21
1766383200,4400.235,4420.16,4398.96,4419.47
1766386800,4419.455,4420.515,4410.41,4414.395
1766390400,4414.345,4415.08,4406.195,4408.28
1766394000,4408.265,4415.01,4408.02,4411.2
1766397600,4411.195,4416.055,4406.215,4408.79
1766401200,4408.765,4411.695,4406.06,4410.42
1766404800,4410.225,4416.04,4406.29,4415.81
1766408400,4415.83,4427.42,4412.73,4423.865
1766412000,4423.905,4429.665,4414.725,4419.445
1766415600,4419.455,4435.65,4411.945,4431.835
1766419200,4431.86,4442.21,4428.22,4438.72
1766422800,4438.725,4442.27,4431.995,4438.51
1766426400,4438.61,4438.995,4429.445,4435.465
1766430000,4435.46,4436.085,4429.005,4433.69
1766433600,4433.615,4439.27,4431.72,4438.715
1766437200,4438.695,4449.385,4438.525,4443.74
1766444400,4449.18,4461.66,4449.045,4460.145
1766448000,4460.095,4470.715,4458.16,4470.6
1766451600,4470.53,4490.69,4469.44,4486.675
1766455200,4486.66,4497.685,4481.38,4493.48
1766458800,4493.44,4496.78,4482.955,4486.725
1766462400,4486.765,4488.325,4478.86,4482.585
1766466000,4482.525,4485.695,4474.92,4475.335
1766469600,4475.245,4481.735,4469.5,4481.62
1766473200,4481.61,4489.88,4478.5,4486.855
1766476800,4486.81,4493.49,4484.73,4490.055
1766480400,4490.04,4491.36,4478.225,4480.5
1766484000,4480.545,4487.605,4479.56,4484.4
1766487600,4484.415,4494.315,4483.1,4493.655
1766491200,4493.625,4493.785,4483.275,4486.41
1766494800,4486.35,4497.635,4473.51,4479.36
1766498400,4479.425,4480.13,4441.5,4446.745
1766502000,4446.735,4459.415,4430.515,4458.395
1766505600,4458.43,4476.695,4455.815,4474.38
1766509200,4474.395,4479.92,4469.945,4472.965
1766512800,4473.08,4485.22,4472.74,4484.725
1766516400,4484.625,4496.38,4484.265,4490.745
1766520000,4490.74,4499.82,4489.3,4497.5
1766523600,4497.505,4498.85,4483.52,4484.55
1766530800,4488.59,4510.78,4488,4503.39
1766534400,4503.3,4518.215,4500.96,4512.095
1766538000,4512.02,4526.15,4507.045,4518.84
1766541600,4518.815,4519.52,4474.375,4478.06
1766545200,4478.26,4498.74,4466.54,4493.2
1766548800,4493.325,4501.565,4491.4,4499.32
1766552400,4499.17,4500.575,4485.185,4488.645
1766556000,4488.65,4498.025,4485.275,4493.78
1766559600,4493.805,4495.24,4483.61,4484.05
1766563200,4484.04,4492.705,4478.205,4482.505
1766566800,4482.51,4496.26,4482.1,4494.895
1766570400,4494.89,4500.035,4482.425,4489.695
1766574000,4489.71,4492.17,4483.165,4491.77
1766577600,4491.77,4496.335,4489.745,4490.765
1766581200,4490.8,4493.655,4474.72,4488.29
1766584800,4488.135,4489.785,4460.485,4464.975
1766588400,4464.955,4476.745,4448.26,4458.685
1766592000,4458.715,4478.265,4456.12,4476.87
1766595600,4476.88,4487.88,4475.545,4480.745
1766599200,4480.765,4482.5,4477.405,4479.415
1766703600,4502.625,4536.74,4484.195,4495.405
1766707200,4495.315,4518.11,4492.27,4517.97
1766710800,4517.965,4531.515,4497.655,4504.045
1766714400,4504.02,4509.92,4492.21,4508.95
1766718000,4508.955,4513.545,4497.585,4501.845
1766721600,4501.84,4511.855,4500.54,4509.19
1766725200,4509.185,4514.98,4506.13,4509.82
1766728800,4509.875,4519.55,4508.045,4511.58
1766732400,4511.63,4515.795,4507.435,4511.05
1766736000,4511.21,4519.765,4509.735,4518.99
1766739600,4519.02,4520.7,4512.005,4512.83
1766743200,4512.795,4523.75,4511.255,4514.47
1766746800,4514.48,4515.28,4502.91,4509.945
1766750400,4509.915,4515.17,4506.785,4508.93
1766754000,4508.885,4528.885,4503.705,4525.195
1766757600,4525.19,4533.235,4512.795,4521.16
1766761200,4521.155,4547.38,4519.64,4546.495
1766764800,4546.54,4550.15,4531.34,4536.33
1766768400,4536.325,4537.65,4510.025,4519.07
1766772000,4519.055,4532.785,4514.705,4531.155
1766775600,4531.22,4535.795,4519.925,4523.81
1766779200,4523.82,4535.74,4521.685,4531.05
1766782800,4530.985,4534.825,4527.205,4533.21
1766962800,4542.66,4548.35,4523.05,4527.08
1766966400,4527.135,4527.98,4472.25,4497.3
1766970000,4497.305,4517.59,4492.295,4497.325
1766973600,4497.325,4516.02,4496.45,4512.425
1766977200,4512.465,4520.61,4509.445,4516.67
1766980800,4516.48,4519.74,4508.005,4515.825
1766984400,4515.66,4519.595,4504.925,4506.665
1766988000,4506.545,4510.74,4471.325,4475.105
1766991600,4475.05,4481.685,4445.115,4474.775
1766995200,4474.86,4488.6,4452.68,4461.035
1766998800,4461.08,4476.545,4459.27,4472.18
1767002400,4472.165,4474.68,4456.935,4460.935
1767006000,4460.93,4468.02,4434.12,4446.885
1767009600,4446.995,4464.985,4445.75,4464.415
1767013200,4464.41,4467.7,4407.145,4421.735
1767016800,4421.665,4421.665,4356.765,4360.275
1767020400,4360.38,4360.61,4302.11,4325.455
1767024000,4325.42,4347.435,4323.575,4341.59
1767027600,4341.73,4343.34,4315.015,4328.255
1767031200,4328.35,4334.86,4322.83,4331.38
1767034800,4331.39,4337.9,4327.615,4336.925
1767038400,4336.88,4344.695,4325.735,4334.76
1767042000,4334.97,4339.64,4327.765,4332.56
1767049200,4341.72,4347.59,4323.42,4345.945
1767052800,4345.945,4350.855,4334.62,4339.995
1767056400,4339.975,4360.405,4324.65,4360.37
1767060000,4360.36,4364.93,4348.805,4362.75
1767063600,4362.73,4369.19,4356.41,4359.305
1767067200,4359.265,4370.125,4357.635,4363.595
1767070800,4363.735,4380.23,4358.925,4377.585
1767074400,4377.535,4378.56,4360.055,4364.665
1767078000,4364.685,4383.445,4359.085,4372.42
1767081600,4372.51,4373.875,4350.49,4365.085
1767085200,4365.045,4376.785,4364.3,4372.345
1767088800,4372.28,4391.91,4368.01,4384.88
1767092400,4385.13,4390.535,4381.365,4384.38
1767096000,4384.405,4402.85,4383.5,4401.24
1767099600,4401.265,4404.375,4376.27,4388.55
1767103200,4388.565,4392.34,4355.865,4366.11
1767106800,4366.095,4377.54,4359.665,4365.52
1767110400,4365.485,4379.955,4355.145,4377.78
1767114000,4377.745,4382.125,4364.27,4370.32
1767117600,4370.325,4378.865,4362.735,4364.84
1767121200,4364.845,4368.07,4337.29,4348.82
1767124800,4348.87,4355.69,4337.955,4341.83
1767128400,4342.01,4350.665,4334.8,4339.395
1767135600,4341.77,4346.755,4328.125,4339.12
1767139200,4339.07,4346.63,4332.765,4342.515
1767142800,4342.5,4373.59,4336.85,4365.995
1767146400,4365.955,4371.425,4346.635,4348.905
1767150000,4348.95,4359.91,4341.075,4348.66
1767153600,4348.685,4351.375,4330.69,4332.865
1767157200,4332.865,4343.22,4276.685,4285.815
1767160800,4286.105,4329.415,4274.025,4328.065
1767164400,4328.135,4335.23,4323.755,4331.12
1767168000,4331.16,4333.105,4303.325,4307.74
1767171600,4307.71,4337.48,4307.325,4325.66
1767175200,4325.675,4331.455,4303.42,4306.705
1767178800,4306.605,4316.735,4304.215,4311.26
1767182400,4311.2,4318.35,4303.255,4313.99
1767186000,4313.995,4348.395,4308.205,4346.105
1767189600,4345.995,4353.445,4332.825,4346.03
1767193200,4345.97,4346.285,4327.005,4337.61
1767196800,4337.675,4339.95,4317.235,4323.16
1767200400,4323.175,4329.715,4318.33,4322.085
1767204000,4322.005,4331.78,4315.91,4319.815
1767207600,4319.975,4323.08,4307.94,4311.55
1767211200,4311.56,4324.915,4304.645,4313.575
1767214800,4313.67,4322.61,4307.465,4322.61
1767308400,4326.405,4351.665,4326.285,4348.26
1767312000,4348.245,4355.885,4341.61,4354.055
1767315600,4354,4355.825,4344.68,4348.095
1767319200,4348.105,4363.33,4345.32,4362.955
1767322800,4362.93,4375.78,4362.195,4375.125
1767326400,4375.145,4378.665,4371.285,4373.16
1767330000,4373.17,4381.975,4371.11,4380.66
1767333600,4380.69,4380.88,4373.325,4374.965
1767337200,4374.945,4383.58,4372.05,4383.015
1767340800,4382.99,4397.835,4380.935,4386.98
1767344400,4386.99,4391.715,4383.405,4385.56
1767348000,4385.59,4398.615,4384.7,4396.24
1767351600,4396.25,4399.39,4390.83,4393.065
1767355200,4393.05,4398.44,4385.25,4394.52
1767358800,4394.585,4402.295,4362.165,4366.255
1767362400,4366.27,4373.91,4348.105,4353.74
1767366000,4353.75,4357.455,4330.475,4335.395
1767369600,4335.545,4337.535,4315.195,4326.58
1767373200,4326.535,4333.415,4322.88,4323.245
1767376800,4323.085,4323.83,4309.915,4315.405
1767380400,4315.835,4326.355,4315.835,4318.2
1767384000,4318.175,4331.76,4317.38,4331.685
1767387600,4331.765,4333.725,4326.88,4332.065
1767567600,4356.505,4375.995,4349.355,4372.725
1767571200,4372.71,4396.71,4370.425,4395.29
1767574800,4395.28,4421.605,4391.06,4402.2
1767578400,4402.08,4409.505,4388.575,4405.435
1767582000,4405.49,4414.165,4399.805,4399.98
1767585600,4399.965,4408.46,4397.25,4404.31
1767589200,4404.225,4414.705,4401.035,4412.46
1767592800,4412.46,4426.52,4411.565,4420.65
1767596400,4420.635,4425.14,4416.875,4421.79
1767600000,4421.73,4434.02,4419.31,4430.25
1767603600,4430.205,4438.335,4426.17,4434.865
1767607200,4434.85,4440.055,4430.86,4436.48
1767610800,4436.515,4437.755,4410.805,4419.265
1767614400,4419.01,4421.51,4405.52,4409.705
1767618000,4409.785,4418.99,4396.485,4416.965
1767621600,4417.025,4442.765,4417.025,4436.28
1767625200,4436.77,4455.77,4435.56,4448.5
1767628800,4448.48,4454.415,4438.195,4441.93
1767632400,4441.955,4449.255,4432.535,4443.615
1767636000,4443.55,4448.605,4439.795,4448.605
1767639600,4448.595,4449.45,4434.855,4439.735
1767643200,4439.705,4447.105,4438.24,4444.795
1767646800,4444.815,4449.54,4443.33,4449.17
1767654000,4454.8,4460.285,4436.865,4440.675
1767657600,4440.635,4444.77,4430.28,4436.75
1767661200,4436.76,4452.595,4427.635,4450.89
1767664800,4450.905,4461.385,4448.72,4455.17
1767668400,4455.175,4468.27,4454.385,4467.7
1767672000,4467.68,4468.67,4461.805,4467.57
1767675600,4467.535,4474.265,4449.51,4452.505
1767679200,4452.495,4467.09,4451.56,4465.92
1767682800,4465.86,4470.4,4457.115,4459.47
1767686400,4459.475,4475.79,4457.37,4468.305
1767690000,4468.295,4468.46,4444.91,4446.58
1767693600,4446.555,4455.99,4442.665,4451.875
1767697200,4451.86,4464.705,4448.78,4463.525
1767700800,4463.515,4466.565,4458.8,4463.785
1767704400,4463.735,4470.63,4453.965,4468.09
1767708000,4468.165,4489.78,4464.405,4487.65
1767711600,4487.605,4491.205,4463.13,4478.46
1767715200,4478.425,4489.045,4471.445,4488.38
1767718800,4488.395,4491.65,4481.76,4489.51
1767722400,4489.44,4494.165,4482.165,4488.675
1767726000,4488.68,4489.52,4477.49,4481.505
1767729600,4481.49,4496.87,4480.505,4493.735
1767733200,4493.69,4497.31,4491.835,4494.635
1767740400,4498.54,4500.56,4492.305,4493.73
1767744000,4493.645,4494.71,4482.36,4492.195
1767747600,4492.18,4496.115,4460.985,4465.58
1767751200,4465.525,4479.08,4459.71,4474.65
1767754800,4474.665,4480.52,4471.85,4474.9
1767758400,4474.895,4476.06,4463.57,4464.96
1767762000,4464.935,4470.55,4443.24,4454.38
1767765600,4454.365,4460.415,4441.445,4444.125
1767769200,4444.12,4465.065,4441.61,4461.185
1767772800,4461.16,4474.875,4459.53,4468.42
1767776400,4468.425,4468.7,4459.495,4463.59
1767780000,4463.54,4467.745,4458.895,4464.415
1767783600,4464.405,4465.115,4446.62,4447.47
1767787200,4447.55,4455.23,4439.45,4445.045
1767790800,4445.03,4453.24,4428.015,4452.96
1767794400,4452.99,4454.52,4435.885,4445.02
1767798000,4444.1,4452.485,4423.385,4446.3
1767801600,4446.28,4468.37,4443.965,4464.235
1767805200,4464.255,4465.375,4449.705,4451.93
1767808800,4451.815,4459.05,4447.135,4452.25
1767812400,4452.255,4458.24,4445.545,4457.145
1767816000,4457.125,4461.625,4450.725,4452.495
1767819600,4452.515,4456.835,4449.72,4456.65
1767826800,4461.955,4464.05,4458.52,4463.52
1767830400,4463.5,4466.485,4446.825,4450.25
1767834000,4450.06,4460.42,4441.935,4448.4
1767837600,4448.395,4449.61,4433.735,4441.36
1767841200,4441.355,4446.565,4437.49,4440.28
1767844800,4440.225,4440.665,4430.235,4431.695
1767848400,4431.68,4432.535,4415.405,4425.815
1767852000,4425.83,4437.82,4415.745,4433.385
1767855600,4433.425,4439.765,4428.415,4431.085
1767859200,4431.02,4433.625,4419.92,4431.815
1767862800,4431.71,4435.51,4426.1,4432.77
1767866400,4432.78,4435.035,4423.035,4433.395
1767870000,4433.235,4433.235,4422.275,4422.985
1767873600,4422.975,4431.44,4407.835,4427.825
1767877200,4427.765,4436.205,4417.405,4423.835
1767880800,4423.87,4439.53,4418.925,4433.175
1767884400,4433.155,4456.83,4428.04,4454.36
1767888000,4454.375,4464.705,4447.035,4463.365
1767891600,4463.425,4465.745,4457.715,4463.565
1767895200,4463.53,4463.53,4448.065,4449.685
1767898800,4449.675,4453,4444.715,4452.19
1767902400,4452.18,4478.18,4451.565,4476.26
1767906000,4476.25,4479.71,4472.665,4477.565
1767913200,4476.635,4479.735,4472.675,4475.735
1767916800,4475.75,4476.81,4460.085,4462.89
1767920400,4462.885,4470.065,4452.92,4468.91
1767924000,4468.965,4476.615,4465.7,4469.54
1767927600,4469.49,4470.13,4460.49,4464.18
1767931200,4464.17,4466.97,4460.83,4464.79
1767934800,4464.59,4471.905,4458.295,4468.1
1767938400,4468.115,4477.545,4466.1,4474.175
1767942000,4474.185,4475.54,4468.62,4470.275
1767945600,4470.25,4477.05,4464.2,4468.715
1767949200,4468.655,4477.7,4468.525,4471.285
1767952800,4471.225,4474.3,4467.12,4472.675
1767956400,4472.75,4476.395,4468.775,4475.525
1767960000,4475.495,4480.615,4461.045,4466.005
1767963600,4466.03,4492.135,4458.935,4482.9
1767967200,4482.685,4498.425,4479.135,4494.97
1767970800,4494.77,4517.25,4490.1,4512.43
1767974400,4512.435,4514.46,4499.945,4506.505
1767978000,4506.45,4511.815,4482.01,4484.475
1767981600,4484.485,4504.635,4483.065,4496.205
1767985200,4496.215,4502.05,4492.935,4499.38
1767988800,4499.37,4510.24,4497.86,4507.63
1767992400,4507.655,4511.47,4505.075,4509.66
1768172400,4521.495,4544.96,4521.19,4540.26
1768176000,4540.255,4601.695,4536.53,4589.02
1768179600,4589.02,4595.135,4570.19,4570.19
1768183200,4570.18,4582.165,4561.935,4577.48
1768186800,4577.465,4581.51,4567.79,4570.71
1768190400,4570.665,4572.22,4563.455,4568.74
1768194000,4568.655,4585.17,4566.145,4581.065
1768197600,4581.025,4581.12,4569.88,4578.56
1768201200,4578.58,4589.725,4574.71,4587.77
1768204800,4587.76,4598.45,4579.535,4596.955
1768208400,4596.985,4599.475,4587.84,4589.225
1768212000,4589.22,4595.505,4586.12,4594.41
1768215600,4594.47,4595.015,4581.75,4585.315
1768219200,4585.365,4590.84,4578.485,4590.525
1768222800,4590.475,4620.38,4588.715,4615.905
1768226400,4615.895,4617.45,4585.07,4602.245
1768230000,4602.1,4627.61,4601.905,4621.22
1768233600,4621.075,4630.19,4607.835,4616.93
1768237200,4616.935,4620.655,4610.795,4616.415
1768240800,4616.435,4618.68,4600.345,4610.91
1768244400,4610.885,4618.985,4608.785,4611.24
1768248000,4611.205,4611.795,4591.66,4593.93
1768251600,4593.925,4598.06,4589.415,4597.65
1768258800,4597.62,4600,4578.095,4599.575
1768262400,4599.66,4599.89,4584.505,4587.36
1768266000,4587.39,4595.955,4575.585,4577.95
1768269600,4577.78,4595.195,4576.75,4594.355
1768273200,4594.335,4599.845,4592.585,4594.285
1768276800,4594.285,4599.885,4594.085,4596.49
1768280400,4596.405,4602.195,4585.765,4592.225
1768284000,4592.22,4592.48,4573.605,4581.955
1768287600,4581.895,4587.275,4577.54,4580.795
1768291200,4580.82,4597.095,4579.705,4592.96
1768294800,4592.905,4595.845,4585.695,4586.155
1768298400,4586.115,4588.37,4580.4,4586.395
1768302000,4586.42,4592.18,4582.13,4588.72
1768305600,4588.815,4595.39,4577.925,4593.345
1768309200,4593.35,4621.03,4590.51,4611.56
1768312800,4611.54,4634.89,4609.155,4629.8
1768316400,4629.865,4630.365,4600.83,4619.165
1768320000,4619.17,4620.875,4592.94,4613.565
1768323600,4613.535,4616.09,4586.825,4590.595
1768327200,4590.52,4602.09,4581.175,4594.155
1768330800,4594.22,4598.99,4584.29,4597.495
1768334400,4597.515,4597.855,4569.47,4586.195
1768338000,4586.25,4589.935,4582.975,4586.005
1768345200,4591.935,4598.965,4591.495,4597.105
1768348800,4597.095,4610.755,4597.005,4609.215
1768352400,4609.29,4620.03,4606.18,4619.385
1768356000,4619.445,4623.79,4614.22,4620.725
1768359600,4620.705,4630.355,4613.51,4628.32
1768363200,4628.45,4630.63,4625.35,4629.42
1768366800,4629.435,4639.89,4617.945,4619.895
1768370400,4619.905,4637.36,4618.575,4637.355
1768374000,4637.36,4639.695,4631.645,4632.47
1768377600,4632.48,4638.025,4621.65,4635.045
1768381200,4635.045,4639.63,4627.08,4630.535
1768384800,4630.525,4638.33,4627.8,4633.095
1768388400,4633.115,4637.58,4626.175,4630.415
1768392000,4630.47,4641.985,4630.315,4638.785
1768395600,4638.79,4641.74,4624.305,4635.805
1768399200,4635.795,4639.07,4607.02,4617.52
1768402800,4617.5,4626.61,4599.5,4618.025
1768406400,4618.265,4624.935,4608.755,4617.14
1768410000,4617.145,4619.25,4601.22,4614.4
1768413600,4614.375,4637.375,4612.905,4635.175
1768417200,4635.19,4642.97,4633.355,4639.255
1768420800,4639.24,4641.635,4625.515,4632.63
1768424400,4632.64,4633.05,4617.89,4626.575
1768431600,4624.17,4624.17,4602.88,4615.325
1768435200,4615.285,4618.26,4610.225,4615.235
1768438800,4615.22,4617.54,4583.565,4600.17
1768442400,4599.465,4614.86,4595.59,4602.96
1768446000,4602.95,4604.38,4581.065,4592.27
1768449600,4592.255,4597.555,4587.13,4592.35
1768453200,4592.38,4599.01,4581.095,4595.35
1768456800,4595.36,4612.14,4593.635,4610.305
1768460400,4610.295,4613.645,4599.22,4601.8
1768464000,4601.825,4607.34,4597.865,4604.43
1768467600,4604.48,4613.2,4600.76,4612.65
1768471200,4612.675,4620.645,4609.445,4620.04
1768474800,4620.035,4623.11,4615.705,4619.3
1768478400,4619.295,4620.89,4611.77,4614.035
1768482000,4614.04,4616.32,4581.625,4588.325
1768485600,4588.34,4615.23,4583.22,4611.205
1768489200,4611.145,4618.25,4603.855,4615.545
1768492800,4615.53,4625.015,4601.21,4605.68
1768496400,4605.685,4617.01,4605.62,4616.61
1768500000,4616.64,4621.275,4613.48,4617.69
1768503600,4617.7,4621.72,4612.82,4615.935
1768507200,4615.955,4616.425,4600.71,4605.92
1768510800,4605.865,4616.615,4604.5,4616.04
1768518000,4619.075,4620.975,4606.41,4610.365
1768521600,4610.39,4611.32,4598.52,4600.025
1768525200,4600,4608.655,4593.78,4600.62
1768528800,4600.615,4604.43,4591.37,4595.075
1768532400,4595.065,4599.9,4592.935,4596.44
1768536000,4596.385,4602.175,4596.14,4601.265
1768539600,4601.29,4616.315,4595.36,4611.58
1768543200,4611.53,4612.41,4594.095,4598.245
1768546800,4598.29,4612.245,4596.925,4607.645
1768550400,4607.65,4610.725,4601.31,4603.345
1768554000,4603.315,4608.695,4598.925,4600.845
1768557600,4600.81,4611.215,4599.79,4600.25
1768561200,4600.28,4616.33,4598.6,4612.605
1768564800,4612.61,4613.08,4597.41,4602.01
1768568400,4601.99,4605.77,4582.67,4602.055
1768572000,4602.05,4614.83,4596.135,4607.725
1768575600,4607.675,4620.39,4536.49,4571.31
1768579200,4571.265,4599.2,4567.795,4591.45
1768582800,4591.485,4593.34,4576.705,4581.51
1768586400,4581.465,4596.2,4579.955,4582.745
1768590000,4582.705,4592.475,4580.97,4590.545
1768593600,4590.54,4595.865,4580.78,4582.02
1768597200,4582.035,4598.64,4582.035,4596.32
1768777200,4649.78,4690.94,4646.135,4672.975
1768780800,4672.94,4682.145,4660.89,4675.52
1768784400,4675.575,4678.685,4656.19,4657.285
1768788000,4657.28,4665.26,4653.225,4662.59
1768791600,4662.6,4670.015,4658.23,4658.38
1768795200,4658.54,4666.15,4658.205,4663.36
1768798800,4663.355,4674.48,4663.195,4670.065
1768802400,4670.08,4679.11,4666.79,4677.995
1768806000,4678.03,4678.72,4661.935,4665.155
1768809600,4665.16,4674.03,4661.725,4663.57
1768813200,4663.6,4672.99,4662.055,4668.48
1768816800,4668.475,4671.29,4661.34,4663.805
1768820400,4663.83,4667.665,4659.73,4660.695
1768824000,4660.755,4673.795,4660.185,4672.05
1768827600,4672.045,4673.85,4664.535,4666.175
1768831200,4666.205,4670.52,4661.55,4666.625
1768834800,4666.585,4676.28,4664.35,4674.47
1768838400,4674.475,4675.74,4670.485,4672.37
1768842000,4672.355,4678.95,4669.17,4676.35
1768845600,4676.35,4680.405,4673.78,4676.585
1768849200,4676.63,4676.725,4667.115,4670.295
1768863600,4668.575,4672.345,4664.37,4665.36
1768867200,4665.375,4668.07,4659.395,4660.41
1768870800,4660.59,4676.235,4659.915,4669.805
1768874400,4669.74,4674.94,4665.545,4668.815
1768878000,4668.82,4681.57,4666.165,4680.28
1768881600,4680.275,4697.225,4679.755,4695.335
1768885200,4695.33,4716.745,4694.315,4714.63
1768888800,4714.575,4717.265,4705.74,4712.585
1768892400,4712.51,4722.845,4711.46,4716.22
1768896000,4716.28,4731.71,4715.035,4729.41
1768899600,4729.395,4737.57,4721.315,4732.51
1768903200,4732.49,4735.095,4723.075,4726.565
1768906800,4726.565,4735.465,4721.64,4733.245
1768910400,4733.26,4733.26,4724.08,4727.63
1768914000,4727.64,4738.54,4715.035,4737.265
1768917600,4737.275,4751.37,4728.63,4741.265
1768921200,4740.945,4748.765,4722.51,4737.675
1768924800,4737.655,4757.81,4728.945,4753.63
1768928400,4753.605,4762.47,4746.12,4759.19
1768932000,4759.2,4766.29,4752.785,4759.41
1768935600,4759.405,4766.4,4756.57,4760.855
1768939200,4760.82,4761.31,4747.36,4756.73
1768942800,4756.745,4763.945,4756.405,4763.37
1768950000,4762.815,4781.285,4757.885,4775.99
1768953600,4775.99,4787.805,4770.6,4784.645
1768957200,4784.675,4844.29,4783.495,4835.49
1768960800,4835.455,4842.215,4817.24,4836.73
1768964400,4836.76,4849.84,4826.975,4845.11
1768968000,4845.115,4870.885,4837.93,4865.905
1768971600,4865.87,4878.25,4859.05,4870.025
1768975200,4870.035,4888.545,4845.505,4847.56
1768978800,4847.41,4857.275,4832.725,4855.475
1768982400,4855.54,4869.65,4851.625,4854.735
1768986000,4854.73,4877.335,4852.43,4860.415
1768989600,4860.38,4866.93,4859.625,4862.3
1768993200,4862.32,4871.605,4855.19,4866.785
1768996800,4866.795,4870.845,4855.52,4865.195
1769000400,4865.19,4880.415,4858.485,4879.295
1769004000,4879.3,4880.935,4839.395,4852.14
1769007600,4851.895,4868.83,4813.355,4847.88
1769011200,4847.89,4855.8,4819.695,4833.63
1769014800,4833.635,4834.495,4802.62,4826.48
1769018400,4826.365,4850.7,4819.925,4850.385
1769022000,4850.415,4854.165,4755.075,4781.57
1769025600,4781.555,4828.14,4772.395,4826.515
1769029200,4826.7,4839.9,4813.235,4831.38
1769036400,4816.795,4821.3,4777.63,4778.265
1769040000,4778.23,4798.915,4778.17,4797.975
1769043600,4797.95,4809.875,4772.27,4797.935
1769047200,4797.775,4798.485,4774.61,4789.29
1769050800,4789.275,4797.14,4784.315,4796.48
1769054400,4796.47,4800.52,4793.905,4797.53
1769058000,4797.46,4821.775,4793.705,4821.415
1769061600,4821.41,4829.28,4816.49,4826.7
1769065200,4826.71,4839.71,4825.75,4832.72
1769068800,4832.73,4835.69,4822.185,4830.72
1769072400,4830.725,4838.095,4813.96,4823.185
1769076000,4823.2,4831.97,4819.47,4829.11
1769079600,4829.115,4836.43,4824.46,4831.19
1769083200,4831.18,4832.62,4818.785,4819.67
1769086800,4819.685,4835.46,4810.74,4822.29
1769090400,4822.32,4847.845,4820.49,4835.135
1769094000,4835.195,4873.91,4825.865,4871.82
1769097600,4871.945,4885.46,4868.085,4878.075
1769101200,4878.11,4906.47,4869.58,4904.715
1769104800,4904.7,4919.59,4901.375,4916.035
1769108400,4916.025,4924.525,4905.985,4911.74
1769112000,4911.76,4928.54,4911.505,4917.07
1769115600,4917.27,4940.885,4914.68,4936.075
1769122800,4952.295,4960.67,4930.84,4959.13
1769126400,4959.135,4965.985,4947.58,4965.16
1769130000,4965.26,4967.52,4936.06,4953.995
1769133600,4953.94,4962.47,4946.925,4955.615
1769137200,4955.595,4959.24,4938.1,4952.075
1769140800,4952,4958.585,4950.26,4956.285
1769144400,4956.26,4967.28,4954.615,4960.64
1769148000,4960.59,4963.27,4945.575,4953.965
1769151600,4953.97,4959.715,4943.235,4944.47
1769155200,4944.46,4947.825,4900.9,4913.88
1769158800,4913.875,4921.72,4899.795,4918.66
1769162400,4918.715,4932.56,4915.7,4929.88
1769166000,4929.875,4930.165,4912.07,4922.875
1769169600,4923.08,4942.6,4918.49,4939.42
1769173200,4939.67,4947.98,4923.77,4939.18
1769176800,4939.195,4956.645,4932.89,4943.76
1769180400,4943.505,4963.475,4938.405,4960.64
1769184000,4960.78,4988.44,4959.155,4980.43
1769187600,4980.445,4988.16,4962.005,4965.895
1769191200,4965.995,4984.205,4958.345,4966.85
1769194800,4966.975,4989.88,4966.975,4984.14
1769198400,4984.155,4985.72,4970.59,4981.055
1769202000,4981.075,4990.12,4978.185,4987.545
1769382000,5015.63,5040.55,5003.705,5039.85
1769385600,5039.89,5052.26,5030.83,5041.89
1769389200,5041.905,5085.665,5028.96,5071.115
1769392800,5071.09,5092.975,5066.925,5081.05
1769396400,5081.075,5087.93,5070.15,5076.66
1769400000,5076.645,5078.195,5058.145,5070.385
1769403600,5070.25,5076.69,5052.365,5074.425
1769407200,5074.41,5111.51,5065.39,5077.645
1769410800,5077.66,5095.855,5073.94,5089.06
1769414400,5089.08,5098.455,5080.14,5083.48
1769418000,5083.415,5098.515,5075.395,5084.14
1769421600,5084.23,5095.115,5078.625,5091.575
1769425200,5091.785,5092.97,5078.435,5091.585
1769428800,5091.58,5097.1,5077.285,5078.995
1769432400,5078.985,5083.195,5054.67,5068.735
1769436000,5068.8,5097.025,5058.45,5096.18
1769439600,5096.245,5097.46,5074.255,5090.845
1769443200,5090.865,5105.34,5065.385,5089.545
1769446800,5089.55,5105.15,5080.285,5101.235
1769450400,5101.2,5103.22,5057.935,5069.04
1769454000,5069.085,5069.85,5008.275,5028.715
1769457600,5028.735,5062.32,5026.26,5055.11
1769461200,5055.12,5059.165,4990.215,5008.875
1769468400,5035.795,5061.675,5028.275,5043.56
1769472000,5043.58,5054.135,5013.875,5033.115
1769475600,5033.125,5076.14,5018.805,5060.14
1769479200,5059.99,5079.81,5049.585,5072.68
1769482800,5072.66,5079.31,5060.16,5077.225
1769486400,5077.025,5078.955,5061.5,5067.8
1769490000,5067.775,5085.495,5057.195,5083.11
1769493600,5083.125,5094.35,5076.865,5085.785
1769497200,5085.8,5100.84,5081.58,5085.965
1769500800,5086.01,5088.165,5073.51,5079.755
1769504400,5079.75,5099.65,5078.165,5098.325
1769508000,5098.66,5098.66,5081.99,5086.545
1769511600,5086.56,5090.83,5066.64,5077.08
1769515200,5077.095,5091.37,5073.725,5085.13
1769518800,5085.19,5093.145,5069.47,5077.555
1769522400,5077.52,5082.205,5046.84,5054.74
1769526000,5054.74,5091.32,5047.69,5090.905
1769529600,5090.925,5103.355,5083.3,5087.47
1769533200,5087.495,5094.155,5076.92,5081.37
1769536800,5081.395,5095.82,5076.45,5088.11
1769540400,5088.135,5100.12,5081.05,5099.055
1769544000,5099.05,5182.795,5098.035,5176.65
1769547600,5176.6,5190.51,5169.13,5180.625
1769554800,5181.64,5184.57,5159.025,5172.315
1769558400,5172.225,5180.27,5157.21,5172.025
1769562000,5172.01,5225.36,5168.545,5204.87
1769565600,5204.82,5234.775,5201.745,5232.245
1769569200,5232.02,5247.82,5224.4,5235.285
1769572800,5235.075,5249.09,5232.5,5245.545
1769576400,5245.56,5266.435,5241.57,5261.35
1769580000,5261.47,5271.5,5251.87,5270.16
1769583600,5270.21,5292.87,5263.18,5290.675
1769587200,5290.57,5311.665,5280.64,5293.985
1769590800,5293.975,5297.76,5263.22,5278.37
1769594400,5278.41,5285.95,5269.51,5269.97
1769598000,5270.2,5270.77,5238.59,5261.73
1769601600,5261.84,5279.49,5251.81,5279.415
1769605200,5279.275,5289.71,5257.015,5266.645
1769608800,5266.615,5288.485,5248.775,5286.19
1769612400,5285.925,5298.35,5235.75,5278.28
1769616000,5278.295,5300.33,5274.505,5299.875
1769619600,5299.915,5307.285,5283.26,5298.11
1769623200,5298.145,5325.97,5268.45,5282.595
1769626800,5282.85,5332.08,5269.295,5325.41
1769630400,5325.39,5391.62,5320.9,5376.885
1769634000,5376.885,5419.645,5376.885,5418.545
1769641200,5446.995,5602.225,5432.455,5513.285
1769644800,5513.585,5527.24,5454.12,5520.195
1769648400,5520.2,5551.96,5444.925,5545.785
1769652000,5545.73,5550.06,5504.585,5536.11
1769655600,5536.12,5549.235,5508.53,5545.84
1769659200,5545.835,5564.725,5533.265,5557.99
1769662800,5557.955,5564.545,5515.995,5562.655
1769666400,5562.725,5595.77,5554.955,5561.325
1769670000,5561.32,5575.28,5536.905,5548.96
1769673600,5548.935,5554.845,5473.555,5510.08
1769677200,5509.82,5529.875,5497.925,5513.92
1769680800,5513.925,5525.835,5482.495,5483.705
1769684400,5483.895,5528.94,5470.9,5522.62
1769688000,5522.655,5543.23,5518.575,5534.16
1769691600,5534.23,5541.215,5499.925,5510.785
1769695200,5510.775,5549.565,5491.24,5496.965
1769698800,5496.52,5496.66,5097.215,5183.2
1769702400,5183.13,5311.67,5171.89,5264.55
1769706000,5264.61,5375.735,5264.61,5335.37
1769709600,5335.4,5362.02,5307.695,5338.785
1769713200,5338.81,5345.75,5290.46,5306
1769716800,5306.075,5407.33,5282.98,5394.17
1769720400,5394.195,5426.085,5369.18,5370.23
1769727600,5419.64,5448.89,5387.62,5438.57
1769731200,5438.565,5451.16,5389.895,5407.47
1769734800,5407.435,5410.625,5290.44,5300.745
1769738400,5300.74,5312.725,5112.105,5225.075
1769742000,5225.08,5230.07,5149.93,5196.94
1769745600,5196.915,5231.515,5193.45,5215.065
1769749200,5214.795,5241.85,5180.175,5185.135
1769752800,5185.29,5205.81,5144.87,5155.96
1769756400,5155.88,5186.445,5118.01,5181.08
1769760000,5181.115,5181.115,5054.43,5116.775
1769763600,5116.755,5133.05,4941.5,5013.76
1769767200,5013.44,5122.47,5000.82,5119.58
1769770800,5119.765,5144.765,5088.485,5135.91
1769774400,5135.955,5145.98,5055.375,5064.675
1769778000,5064.62,5100.2,4992.555,5019.645
1769781600,5019.53,5113.795,5014.07,5033.255
1769785200,5033.24,5074.36,4980.8,5050.925
1769788800,5050.9,5052.3,4943.18,4985.7
1769792400,4985.71,4986.51,4800.855,4850.225
1769796000,4850.19,4893.795,4679.51,4878.955
1769799600,4879.135,4948.545,4836.87,4932.84
1769803200,4932.845,4932.945,4807.725,4847.57
1769806800,4847.605,4901.69,4831.905,4895.44
1769986800,4833.89,4834.255,4697.14,4742.1
1769990400,4742.22,4884.56,4740.755,4766.465
1769994000,4766.505,4785.045,4584.82,4736.89
1769997600,4736.79,4773.225,4696.825,4710.84
1770001200,4710.835,4729.825,4630.67,4646.855
1770004800,4646.81,4713.375,4603.14,4679.745
1770008400,4679.725,4697.085,4498.085,4549.31
1770012000,4549.25,4574.03,4402.38,4505.79
1770015600,4505.745,4619.31,4484.55,4587.4
1770019200,4587.495,4651.5,4559.075,4641.065
1770022800,4640.82,4731.64,4603.165,4719.6
1770026400,4719.255,4733.805,4657.01,4705.655
1770030000,4705.62,4780.07,4703.27,4766.24
1770033600,4766.235,4812.265,4743.715,4794.555
1770037200,4794.39,4804.2,4669.27,4706.305
1770040800,4706.305,4794.685,4680.24,4718.945
1770044400,4718.375,4745.54,4617.31,4619.85
1770048000,4619.82,4708.905,4596.74,4666.18
1770051600,4666.175,4714.105,4656.855,4674.11
1770055200,4674.21,4674.415,4618.67,4657.88
1770058800,4657.89,4712.925,4631.55,4685.41
1770062400,4685.405,4701.06,4647.875,4653.115
1770066000,4653.16,4687.05,4644.21,4661.055
1770073200,4704.095,4775.865,4695.53,4774.575
1770076800,4774.605,4831.095,4766.035,4780.485
1770080400,4780.81,4856.76,4766.29,4841.405
1770084000,4841.38,4842.045,4745.68,4783.68
1770087600,4783.71,4813.535,4751.885,4809.505
1770091200,4809.545,4825.415,4800.905,4809.18
1770094800,4809.42,4842.3,4809.3,4825.305
1770098400,4825.365,4893.815,4816.66,4881.315
1770102000,4881.445,4933.785,4872.05,4917.365
1770105600,4917.54,4950.68,4898.34,4912.675
1770109200,4912.595,4926.395,4884.625,4916.175
1770112800,4916.21,4930.075,4901.735,4902.57
1770116400,4902.63,4919.485,4883.69,4917.01
1770120000,4916.915,4936.63,4892.27,4913.83
1770123600,4913.825,4951.295,4902.895,4933.07
1770127200,4933.14,4937.195,4893.775,4917.07
1770130800,4916.945,4948.84,4904.805,4935.445
1770134400,4935.595,4993.835,4929.665,4955.63
1770138000,4955.415,4970.05,4907.63,4929.04
1770141600,4928.675,4954.285,4884.765,4908.43
1770145200,4908.35,4948.87,4880.595,4927.23
1770148800,4927.09,4957.21,4902.11,4944.105
1770152400,4944.125,4964.24,4934.075,4946.805
1770159600,4959.765,4959.765,4909.17,4947.82
1770163200,4947.84,5016.53,4946.16,5015.855
1770166800,5015.83,5053.675,4985.05,5046.855
1770170400,5046.81,5065.795,5035.72,5040.2
1770174000,5040.155,5073.745,5036.055,5070.115
1770177600,5070.045,5081.54,5056.28,5080.665
1770181200,5080.615,5090.435,5069.29,5079.455
1770184800,5079.46,5083.17,5051.155,5076.87
1770188400,5076.855,5091.755,5062.505,5084.905
1770192000,5084.895,5091.93,5068.87,5083.73
1770195600,5083.63,5086.975,5043.245,5060.1
1770199200,5060.245,5064.58,5041.98,5048.7
1770202800,5048.675,5053.495,5013.77,5047.49
1770206400,5047.56,5063.51,5036.495,5041.295
1770210000,5041.375,5063.735,5023.735,5054.185
1770213600,5054.195,5059.23,4967.005,4987.045
1770217200,4987.04,5008.05,4887.62,4920.41
1770220800,4920.36,4940.31,4848.405,4904.53
1770224400,4904.54,4931.535,4888.225,4897.86
1770228000,4897.92,4935.09,4872.865,4927.68
1770231600,4927.795,4957.72,4914.575,4941.72
1770235200,4941.775,4951.85,4914.245,4938.33
1770238800,4938.24,4971.18,4937.49,4964.455
1770246000,4995.96,5024.03,4987.85,5012.535
1770249600,5012.42,5020.555,4996.95,5006.845
1770253200,5007.335,5012.325,4935.81,4959.135
1770256800,4959.185,4962.33,4805.98,4812.24
1770260400,4812.26,4888.69,4789.655,4880.96
1770264000,4880.83,4891.49,4863.515,4864.19
1770267600,4864.165,4906.57,4825.83,4896.725
1770271200,4896.71,4934.125,4877.655,4920.27
1770274800,4920.255,4940.92,4896.065,4915.145
1770278400,4915.1,4943.735,4900.9,4911.89
1770282000,4911.865,4914.15,4849.9,4855.395
1770285600,4855.39,4887.115,4847.485,4877.325
1770289200,4877.32,4894.805,4864.475,4868.365
1770292800,4868.44,4878.36,4810.8,4854.245
1770296400,4854.22,4868.82,4802.06,4835.635
1770300000,4835.645,4869.81,4806.26,4846.34
1770303600,4846.01,4866.825,4800.535,4817.91
1770307200,4817.89,4906.735,4812.675,4888.855
1770310800,4888.885,4890.59,4859.225,4869.025
1770314400,4868.98,4875.25,4851.31,4858.13
1770318000,4858.055,4865.355,4823.85,4829.485
1770321600,4829.66,4843.555,4793.205,4811.575
1770325200,4811.585,4826.315,4759.48,4780.675
1770332400,4778.27,4782.14,4703.485,4703.78
1770336000,4703.775,4764.72,4655.23,4763.3
1770339600,4763.315,4785.005,4693.835,4774.51
1770343200,4774.49,4846.66,4760.865,4816.73
1770346800,4816.685,4839.665,4800.515,4824.385
1770350400,4824.35,4832.005,4807.265,4813.965
1770354000,4813.63,4898.15,4807.72,4897.55
1770357600,4897.465,4903.4,4824.705,4846.36
1770361200,4846.35,4861.91,4838.215,4841.03
1770364800,4841.09,4882.34,4829.71,4862.06
1770368400,4861.905,4873.07,4838.68,4866.805
1770372000,4866.8,4880.13,4852.045,4878.76
1770375600,4878.755,4896.1,4863.83,4887.38
1770379200,4887.375,4903.94,4871.66,4900.465
1770382800,4900.47,4938.505,4897.355,4929.115
1770386400,4929.13,4949.975,4894.45,4948.29
1770390000,4948.16,4964.815,4928.5,4943.77
1770393600,4943.725,4953.62,4921.85,4951.875
1770397200,4951.83,4968.72,4948.24,4960.6
1770400800,4960.58,4971.34,4943.835,4962.47
1770404400,4962.48,4963.285,4948.585,4957.135
1770408000,4957.14,4959.34,4936.69,4953.33
1770411600,4953.345,4968.915,4946.4,4964.62
1770591600,4989.93,5047.915,4965.42,5036.085
1770595200,5036.07,5045.11,5012.075,5019.93
1770598800,5020.51,5042.105,4976.15,4983.005
1770602400,4982.955,5017.585,4968.885,5007.245
1770606000,5007.23,5031.275,5005.72,5016.06
1770609600,5016.105,5024.845,5007.42,5011.955
1770613200,5011.975,5041.755,5011.315,5036.605
1770616800,5036.68,5045.815,5013.92,5031.155
1770620400,5031.135,5031.14,4997.855,5006.475
1770624000,5006.455,5036.2,5003,5027.56
1770627600,5027.675,5041.4,5002.78,5007.985
1770631200,5007.93,5015.45,4982.495,4991.025
1770634800,4991.015,5018.335,4988.855,5010.83
1770638400,5010.84,5021.92,5007.435,5013.385
1770642000,5013.405,5025,4995.125,5007.34
1770645600,5007.38,5040.845,5002.4,5038.01
1770649200,5037.805,5060.56,5023.76,5059.065
1770652800,5059.05,5080.895,5056.655,5073.57
1770656400,5073.585,5075.62,5040.965,5046.3
1770660000,5046.29,5064.125,5044.44,5062.85
1770663600,5062.84,5080.145,5062.495,5074.62
1770667200,5074.685,5086.68,5072.215,5079.705
1770670800,5079.7,5083.2,5048.4,5057.775
1770678000,5057.535,5064.13,4987.385,5031.995
1770681600,5032,5048.65,5009.015,5018.91
1770685200,5018.85,5038.005,5012.59,5033.055
1770688800,5032.98,5056.34,5031.64,5038.66
1770692400,5038.6,5038.6,5016.42,5030.155
1770696000,5030.095,5033.98,5017.625,5031.725
1770699600,5031.705,5040.68,5011.445,5039.295
1770703200,5039.135,5045.73,5019.07,5024.62
1770706800,5024.625,5036.2,5018.67,5033.975
1770710400,5033.965,5055.26,5028.82,5042.07
1770714000,5042.02,5063.55,5040.61,5046.905
1770717600,5046.9,5058.195,5037.225,5047.005
1770721200,5046.945,5057.555,5044.525,5056.135
1770724800,5056.185,5057.285,5019.935,5032.215
1770728400,5032.285,5059.06,5026.605,5051.175
1770732000,5051.195,5078.745,5020.795,5039.53
1770735600,5039.085,5048.04,4998.95,5019.6
1770739200,5019.61,5026.575,5005.785,5023.94
1770742800,5023.92,5040.22,5020.78,5026.605
1770746400,5026.585,5027.985,5004.73,5013.17
1770750000,5013.16,5030.375,5009.015,5028.155
1770753600,5028.165,5045.6,5020.5,5030.315
1770757200,5030.29,5032.865,5020.4,5025.12
1770764400,5033.585,5054.855,5028.975,5041.735
1770768000,5041.795,5049.625,5028.39,5037.735
1770771600,5037.895,5053.035,5030.845,5052.6
1770775200,5052.575,5057.775,5032.745,5055.89
1770778800,5055.735,5061.02,5045.165,5054.49
1770782400,5054.365,5059.545,5045.85,5046.59
1770786000,5046.62,5064.04,5043.8,5053.15
1770789600,5053.14,5064.7,5049.59,5064.22
1770793200,5064.24,5069.235,5049.125,5055.505
1770796800,5055.315,5060.51,5045.92,5053.8
1770800400,5053.75,5072.185,5047.345,5062.925
1770804000,5062.91,5101.49,5062.59,5093.245
1770807600,5093.3,5116.725,5082.68,5111.67
1770811200,5111.665,5119.345,5052.53,5083.525
1770814800,5083.395,5090.24,5019.715,5065.77
1770818400,5065.79,5083.345,5035.78,5059.445
1770822000,5059.395,5081.9,5039.305,5060.07
1770825600,5060.035,5078.31,5043.115,5075.22
1770829200,5075.265,5099.315,5068.545,5091.53
1770832800,5091.45,5092.995,5066.96,5082.64
1770836400,5082.59,5094.29,5076.92,5081.99
1770840000,5081.97,5090.195,5078.22,5086.985
1770843600,5086.97,5093.335,5069.965,5084.28
1770850800,5095.495,5095.915,5053.89,5061.55
1770854400,5061.465,5067.945,5049.98,5063.13
1770858000,5063.02,5064.315,5045.445,5063.65
1770861600,5063.56,5073.25,5055.055,5066.1
1770865200,5066.01,5074.875,5054.82,5056.995
1770868800,5056.98,5070.36,5050.985,5069.61
1770872400,5069.615,5078.42,5064.46,5075.815
1770876000,5075.69,5076.475,5047.13,5060.01
1770879600,5060.005,5066.49,5052,5064.085
1770883200,5064.075,5073.6,5052.43,5068.625
1770886800,5068.605,5080.91,5066.25,5073.265
1770890400,5073.27,5077.09,5056.29,5062.48
1770894000,5062.49,5068.48,5059.53,5064.19
1770897600,5064.25,5068.665,5048.935,5052.85
1770901200,5052.835,5083.855,5051.485,5075.455
1770904800,5075.475,5077.905,5039.7,5044.625
1770908400,5044.63,5074.87,5039.815,5060.57
1770912000,5060.585,5068.36,4878.5,4954.74
1770915600,4955.03,4983.245,4939.89,4941.145
1770919200,4941.14,4952.285,4906.765,4935.625
1770922800,4935.64,4958.155,4927.775,4945.665
1770926400,4945.715,4948.68,4911.215,4915.12
1770930000,4915.19,4927.34,4911.825,4922.08
1770937200,4888.315,4928.76,4888.315,4920.465
1770940800,4920.47,4949,4913.86,4928.175
1770944400,4928.22,4988.825,4927.4,4980.865
1770948000,4980.78,4991.805,4972.315,4988.64
1770951600,4988.59,4989.435,4973.97,4981.51
1770955200,4981.505,4997.555,4972.99,4976.995
1770958800,4976.99,4986.555,4944.93,4946.555
1770962400,4946.565,4968.875,4946.135,4967.64
1770966000,4967.615,4982.9,4951.285,4975.045
1770969600,4975.16,4989.695,4970.91,4982.795
1770973200,4982.81,4982.975,4961.49,4970.34
1770976800,4970.355,4980.89,4947.17,4950.1
1770980400,4950.07,4955.51,4933.635,4953.64
1770984000,4953.645,4974.23,4952.235,4969.605
1770987600,4969.66,4999.685,4957.71,4987.26
1770991200,4987.275,5011.07,4964.22,4996.12
1770994800,4996.245,5020.68,4974.035,4976.885
1770998400,4976.87,5033.735,4975.52,5007.995
1771002000,5008.03,5029.235,5006.1,5021.045
1771005600,5021.085,5035.55,5015.485,5031.185
1771009200,5031.24,5046.185,5023.545,5023.94
1771012800,5023.865,5034.85,5021.705,5032.59
1771016400,5032.545,5046.48,5029.8,5042.74
1771196400,5017.145,5032.565,5009.64,5020.215
1771200000,5020.21,5023.075,5000.13,5015.62
1771203600,5015.63,5031.29,5006.995,5028.955
1771207200,5028.965,5031.28,4992.19,4994.54
1771210800,4994.525,5000.08,4973.455,4987.555
1771214400,4987.635,4992.38,4973.36,4977.9
1771218000,4977.92,4991.04,4964.865,4990.77
1771221600,4990.775,5003.22,4984.58,4994.92
1771225200,4994.91,5010.115,4988.965,5007.4
1771228800,5007.42,5013.33,4995.86,5008.11
1771232400,5008.1,5017.445,5007.995,5013.66
1771236000,5013.67,5017.225,5000.27,5006.09
1771239600,5006.15,5008.23,4999.03,5004.75
1771243200,5004.755,5008.19,4992.725,5002.03
1771246800,5002.065,5003.905,4989.64,4997.365
1771250400,4997.37,4999.66,4981.765,4988.41
1771254000,4988.395,4988.51,4969.11,4979.7
1771257600,4979.71,4990.45,4973.235,4988.37
1771261200,4988.375,4996.195,4988.22,4991.765
1771264800,4991.865,4997.975,4988.645,4994.59
1771268400,4994.61,4996.525,4990.425,4992.005
1771282800,4997.26,5001.24,4985.185,4989.925
1771286400,4989.855,4991.515,4932.235,4936.04
1771290000,4936.1,4964.1,4922.895,4957.605
1771293600,4957.485,4971.55,4954.875,4967.125
1771297200,4967.13,4970.215,4949.76,4956.87
1771300800,4956.86,4960.455,4946.71,4953.03
1771304400,4952.995,4954.49,4859.2,4888.94
1771308000,4889,4914.295,4886.6,4910.355
1771311600,4910.38,4922.365,4903.87,4917.1
1771315200,4917.085,4930.425,4916.26,4920.78
1771318800,4920.75,4932.67,4913.365,4926.09
1771322400,4926.03,4939.4,4907.885,4913.385
1771326000,4913.665,4931.24,4913.34,4929.4
1771329600,4929.54,4944.7,4928.44,4932.255
1771333200,4932.28,4933.545,4869.965,4870.96
1771336800,4870.92,4907.235,4842.6,4863.325
1771340400,4863.205,4882.64,4849.17,4878.6
1771344000,4878.605,4894.005,4868.655,4869.33
1771347600,4869.38,4871.49,4850.09,4865.095
1771351200,4865.1,4910.9,4862.395,4899.165
1771354800,4899.19,4901.295,4876.45,4880.515
1771358400,4880.52,4884.355,4873.59,4877.79
1771362000,4877.86,4886.965,4875.145,4877.855
1771369200,4871.135,4884.845,4854.24,4859.44
1771372800,4859.42,4883.4,4858.37,4875.01
1771376400,4874.815,4893.55,4874.65,4889.98
1771380000,4890.02,4907.515,4886.475,4905.35
1771383600,4905.355,4922.345,4904.25,4920.855
1771387200,4920.86,4940.89,4918.415,4934.235
1771390800,4934.265,4939.8,4929.97,4933.49
1771394400,4933.655,4936.21,4925.21,4930.91
1771398000,4930.835,4942.49,4929.19,4930.38
1771401600,4930.345,4932.32,4916.815,4917.25
1771405200,4917.28,4923.28,4913.075,4917.425
1771408800,4917.465,4924.755,4909.345,4914.65
1771412400,4914.665,4917.79,4906.425,4913.075
1771416000,4913.065,4947.105,4912.12,4943.36
1771419600,4943.345,4969.1,4943.2,4954.78
1771423200,4954.79,4994.51,4952.34,4991.795
1771426800,4991.71,5009.035,4991.49,4997.95
1771430400,4997.99,5010.915,4991.445,5000.555
1771434000,5000.625,5001.97,4993.5,4999.195
1771437600,4999.185,5003.27,4980.55,4987.445
1771441200,4987.45,4995.56,4972.87,4980.715
1771444800,4980.585,4987.555,4975.615,4984.96
1771448400,4984.93,4986.375,4975.56,4977.26
1771455600,4973.795,4988.86,4966.715,4976.15
1771459200,4976.02,4976.42,4960.645,4961.42
1771462800,4961.4,4975.63,4960.785,4973.14
1771466400,4973.08,4977.465,4965.825,4968.345
1771470000,4968.365,4983.48,4966.475,4981.675
1771473600,4981.58,4985.69,4977.09,4984.45
1771477200,4984.42,4998.94,4984.42,4997.28
1771480800,4997.275,5020.29,4996.765,5018.41
1771484400,5018.405,5021.805,5008.815,5010.305
1771488000,5010.33,5022.17,5006.31,5017.085
1771491600,5017.23,5020.565,4993.215,4995.67
1771495200,4995.62,4996.25,4981.45,4993.405
1771498800,4993.41,4996.48,4977.98,4984.715
1771502400,4984.725,4992.905,4980.765,4984.97
1771506000,4985.02,4998.81,4971.125,4997.17
1771509600,4997.12,5010.44,4963.445,5005.795
1771513200,5005.89,5022.385,4996.095,5013.83
1771516800,5013.865,5014.445,4990.22,4995.15
1771520400,4995.23,5001.905,4982.84,4985.165
1771524000,4985.2,4989.7,4975.41,4981.87
1771527600,4981.875,4990.495,4978.325,4987.88
1771531200,4987.935,5003.545,4987.915,5001.84
1771534800,5001.84,5004.225,4992.065,4996.49
1771542000,5000.805,5008.24,4985.56,4987.795
1771545600,4987.955,5007.185,4985.435,5006.645
1771549200,5006.635,5014.865,4995.475,4997.145
1771552800,4997.135,5007.68,4992.9,4996.29
1771556400,4996.35,4999.265,4981.67,4988.69
1771560000,4988.7,5003.815,4986.96,4999.885
1771563600,4999.925,5012.185,4997.915,5012.185
1771567200,5012.09,5030.145,5011.89,5020.79
1771570800,5020.745,5028.36,5006.145,5006.58
1771574400,5006.605,5031.215,5004.97,5028.995
1771578000,5029.2,5042.74,5027.625,5027.635
1771581600,5027.67,5038.66,5019.52,5034.62
1771585200,5034.615,5034.9,5015.585,5017.435
1771588800,5017.405,5026.675,5007.285,5025.185
1771592400,5025.19,5048.885,5018.145,5043.48
1771596000,5043.5,5060.655,5037.31,5054.495
1771599600,5054.65,5064.33,4990.585,5042.805
1771603200,5042.515,5069.475,5038.835,5066.765
1771606800,5066.745,5076.465,5054.555,5073.12
1771610400,5073.06,5075.16,5053.79,5071.52
1771614000,5071.525,5079.81,5068.785,5079.265
1771617600,5079.26,5098.215,5077.01,5097.02
1771621200,5097,5108.72,5091.8,5108.255
1771801200,5118.71,5172.315,5117.815,5165.785
1771804800,5165.79,5166.89,5129.61,5144.65
1771808400,5144.84,5167.935,5139.885,5157.345
1771812000,5157.375,5176.95,5156.765,5173.72
1771815600,5173.69,5176.05,5151.775,5166.85
1771819200,5166.84,5168.855,5155.44,5160.955
1771822800,5160.9,5161.86,5152.165,5158.36
1771826400,5158.35,5161.755,5145.13,5145.88
1771830000,5145.93,5154.375,5125.19,5136.835
1771833600,5136.785,5142.225,5122.22,5140.37
1771837200,5140.31,5150.165,5139.16,5149.5
1771840800,5149.59,5163.655,5145.16,5162.925
1771844400,5162.985,5163.5,5146.36,5149.85
1771848000,5149.78,5165.555,5145.535,5164.215
1771851600,5164.2,5165.565,5143.85,5146.375
1771855200,5146.325,5200.665,5141.615,5192.825
1771858800,5192.69,5205.17,5180.72,5195.97
1771862400,5195.905,5219.215,5175.805,5210.16
1771866000,5210.545,5213.575,5191.275,5208.06
1771869600,5208.09,5215.925,5201.015,5209.48
1771873200,5209.525,5218.44,5206.65,5215.635
1771876800,5215.69,5237.95,5214.875,5236.5
1771880400,5236.5,5237.415,5226.43,5226.87
1771887600,5244.98,5250.005,5233.83,5235.81
1771891200,5235.87,5238.18,5217.52,5224.185
1771894800,5224.19,5224.4,5145.135,5177.375
1771898400,5177.38,5190.965,5165.46,5189.99
1771902000,5189.905,5191.95,5171.02,5172.09
1771905600,5172.025,5175.36,5161.12,5168.3
1771909200,5168.21,5185.88,5164.15,5182.475
1771912800,5182.47,5185.24,5155.905,5173.635
1771916400,5173.64,5184.15,5164.25,5179.4
1771920000,5179.18,5181.955,5165.21,5173.64
1771923600,5173.5,5180.55,5166.565,5171.595
1771927200,5171.55,5181.49,5163.355,5172.92
1771930800,5172.97,5178.67,5171.02,5172.805
1771934400,5172.795,5173.58,5145.01,5150.77
1771938000,5151.105,5161.485,5111,5115.145
1771941600,5115.14,5139.38,5093.225,5127.885
1771945200,5127.9,5155.375,5117.875,5150.385
1771948800,5150.39,5152.33,5130.68,5141.975
1771952400,5141.95,5163.86,5141.685,5163.78
1771956000,5163.715,5170.37,5153.575,5160.125
1771959600,5160.12,5160.55,5146.39,5153.995
1771963200,5154,5173.31,5146.65,5164.095
1771966800,5164.02,5165.51,5139.88,5143.925
1771974000,5135.495,5152.46,5128.285,5146.75
1771977600,5146.76,5156.445,5136.85,5152.375
1771981200,5152.37,5189.895,5144.185,5176.685
1771984800,5176.66,5193.835,5166.495,5180.72
1771988400,5181.045,5190.495,5178.125,5182
1771992000,5181.95,5185.07,5171.815,5182.84
1771995600,5182.845,5210.68,5182.69,5201.705
1771999200,5201.72,5201.73,5182.455,5194.66
1772002800,5194.64,5195.155,5180.325,5184.6
1772006400,5184.625,5197.265,5184.185,5185.515
1772010000,5185.465,5194.595,5176.635,5193.295
1772013600,5193.3,5195.285,5169.84,5175.275
1772017200,5175.27,5182.685,5155.095,5181.695
1772020800,5181.645,5187.495,5177.33,5182.825
1772024400,5182.805,5191.415,5181.1,5185.205
1772028000,5185.175,5193.315,5158.645,5191.175
1772031600,5191.095,5202.795,5172.2,5194.875
1772035200,5194.805,5214.02,5189.87,5212.245
1772038800,5212.325,5217.78,5203.7,5206.945
1772042400,5206.96,5207.645,5200.55,5202.31
1772046000,5202.4,5208.445,5191.695,5205.07
1772049600,5205.085,5206.305,5144.905,5152.55
1772053200,5152.51,5173.67,5150.58,5163.58
1772060400,5173.57,5182.18,5161.46,5163.27
1772064000,5163.275,5192.205,5155.13,5188.45
1772067600,5188.455,5198.455,5178.53,5191.5
1772071200,5191.495,5195.82,5174.07,5184.425
1772074800,5184.42,5193.835,5182.88,5192.735
1772078400,5192.725,5199.49,5190.415,5192.77
1772082000,5192.81,5205.64,5189.935,5198.365
1772085600,5198.395,5199.82,5190.41,5193.32
1772089200,5193.365,5194.935,5179.725,5186.105
1772092800,5186.025,5191.12,5167.7,5179.585
1772096400,5179.28,5189.65,5174.05,5186.49
1772100000,5186.485,5190.335,5165.75,5171.535
1772103600,5171.505,5178.495,5161.05,5164.88
1772107200,5164.91,5188.095,5157.87,5183.86
1772110800,5183.855,5185.73,5164.375,5165.995
1772114400,5165.985,5176.33,5140.14,5164.98
1772118000,5164.535,5192.955,5130.235,5185.775
1772121600,5185.82,5187.335,5172.96,5179.565
1772125200,5179.61,5190.46,5162.025,5167.345
1772128800,5167.49,5186.135,5160.53,5180.56
1772132400,5180.555,5194.08,5179.675,5187
1772136000,5187.01,5201.005,5186.74,5196.62
1772139600,5196.62,5200.755,5182.945,5185.17
1772146800,5182.035,5189.5,5179.005,5184.76
1772150400,5184.74,5195.03,5170.115,5175.1
1772154000,5175.12,5194.79,5166.995,5194.41
1772157600,5194.47,5199.845,5173.59,5183.77
1772161200,5183.7,5190.9,5181.175,5183.975
1772164800,5183.98,5188.785,5181.015,5181.795
1772168400,5181.805,5200.64,5181.58,5197.815
1772172000,5197.83,5199.47,5185.065,5185.77
1772175600,5185.725,5189.845,5175.795,5176.035
1772179200,5176.2,5182.435,5174.38,5178.86
1772182800,5178.855,5182.815,5172.225,5176.11
1772186400,5176.145,5180.985,5168.685,5177.725
1772190000,5177.69,5185.715,5172.66,5185.715
1772193600,5185.73,5190.69,5183.12,5187.695
1772197200,5187.705,5240.825,5186.895,5223.22
1772200800,5223.17,5236.665,5213.935,5223.76
1772204400,5223.595,5246.83,5214.97,5239.475
1772208000,5239.48,5257.75,5221.89,5229.325
1772211600,5229.32,5237.01,5220.76,5234.74
1772215200,5234.75,5246.98,5222.665,5245.34
1772218800,5245.35,5252.43,5240.205,5250.095
1772222400,5250.135,5265.6,5248.735,5263.47
1772226000,5263.455,5281.155,5257.32,5278.51
1772406000,5368.53,5394.005,5329.785,5387.085
1772409600,5387.08,5388.3,5341.28,5347.58
1772413200,5347.57,5347.71,5303.39,5325.44
1772416800,5325.34,5352.04,5317.325,5346.67
1772420400,5346.72,5366.93,5344.415,5366.46
1772424000,5366.625,5367.325,5345.16,5356.12
1772427600,5356.2,5366.395,5340.82,5366.04
1772431200,5366.045,5390.21,5363.835,5387.7
1772434800,5387.69,5419.66,5385.035,5408.175
1772438400,5408.155,5416.945,5391.39,5394.145
1772442000,5394.11,5403.27,5386.09,5392.11
1772445600,5392.115,5401.045,5379.055,5389.435
1772449200,5389.445,5400.215,5374.37,5385.41
1772452800,5385.43,5398.92,5378.96,5397.15
1772456400,5397.195,5417.045,5381.965,5394.08
1772460000,5394.1,5395.375,5306.51,5334.355
1772463600,5334.125,5349.165,5308.27,5315.605
1772467200,5315.545,5315.55,5260.285,5290.205
1772470800,5290.235,5320.92,5287.11,5306.995
1772474400,5306.99,5316.665,5289.87,5315.515
1772478000,5315.54,5334.185,5313.875,5330.65
1772481600,5330.685,5346.585,5328.44,5332.69
1772485200,5332.63,5340.565,5321.705,5321.935
1772492400,5344.96,5347.215,5329.3,5345.89
1772496000,5345.95,5362.29,5336.98,5350.32
1772499600,5350.345,5379.975,5338.02,5339.67
1772503200,5339.69,5368.065,5332.94,5367.015
1772506800,5367.025,5373.535,5358.94,5367.525
1772510400,5367.535,5375.865,5359.515,5361.21
1772514000,5361.145,5367.28,5305.1,5319.32
1772517600,5319.36,5323.42,5279.005,5310.69
1772521200,5310.705,5331.32,5306.095,5327.745
1772524800,5327.735,5336.12,5290.085,5295.9
1772528400,5295.835,5304.155,5225.57,5275.345
1772532000,5275.28,5288.07,5237.96,5248.5
1772535600,5248.49,5264.17,5073.135,5144.925
1772539200,5144.95,5227.08,5138.915,5224.46
1772542800,5224.575,5224.625,5127.6,5156.895
1772546400,5156.885,5175.7,5016.125,5039.065
1772550000,5039.085,5097.12,4996.275,5095.76
1772553600,5095.755,5134.82,5090.715,5107.435
1772557200,5107.45,5109.915,5065.5,5079.63
1772560800,5079.545,5138.44,5079.375,5136.11
1772564400,5136.13,5149.055,5099.43,5113.395
1772568000,5113.385,5130.67,5086.21,5097.52
1772571600,5097.525,5110.66,5083.45,5088.835
1772578800,5106.335,5130.105,5105.37,5125.44
1772582400,5125.43,5140.605,5105.72,5139.095
1772586000,5139.075,5178.82,5139.055,5175.155
1772589600,5175.075,5191.065,5154.07,5156.48
1772593200,5156.49,5177.835,5141.14,5174.465
1772596800,5174.455,5181.01,5151.77,5156.93
1772600400,5157.265,5168.47,5152.095,5160.09
1772604000,5160.095,5161.015,5117.72,5160.625
1772607600,5160.6,5176.065,5158.55,5168.37
1772611200,5168.345,5182.335,5147.64,5167.775
1772614800,5167.73,5185.4,5159.33,5182.51
1772618400,5182.53,5202.425,5179.725,5190.135
1772622000,5190.17,5200.79,5187.645,5192.205
1772625600,5192.21,5206.265,5156.51,5171.335
1772629200,5171.315,5196.52,5167.53,5167.965
1772632800,5167.99,5185.33,5138.98,5147.475
1772636400,5146.005,5167.045,5131.34,5151.595
1772640000,5151.49,5162.675,5138.28,5149.67
1772643600,5149.675,5152.99,5120.285,5141.285
1772647200,5141.23,5143.695,5108.64,5134.06
1772650800,5134.055,5139.695,5123.385,5138.015
1772654400,5137.975,5146.945,5123.785,5134.81
1772658000,5134.835,5144.155,5129.595,5140.945
1772665200,5152.485,5166.33,5144.86,5165.365
1772668800,5165.375,5180.1,5159.35,5172.695
1772672400,5172.69,5186.575,5167.665,5172.85
1772676000,5172.8,5192.62,5171.895,5192.21
1772679600,5192.155,5195.22,5178.35,5180.35
1772683200,5180.325,5186.81,5166.315,5171.61
1772686800,5171.615,5176.925,5148.41,5148.755
1772690400,5148.755,5168.95,5120.785,5167.79
1772694000,5167.74,5172.94,5158.8,5162.195
1772697600,5162.11,5170.25,5137.54,5165.625
1772701200,5165.63,5180.48,5152.48,5161.26
1772704800,5161.255,5167.845,5146.24,5164.635
1772708400,5164.685,5168.02,5156.955,5164.035
1772712000,5164.05,5171.54,5160.755,5162.635
1772715600,5162.615,5164.11,5081.23,5118.085
1772719200,5118.09,5130.005,5090.54,5102.305
1772722800,5102.3,5119.965,5060.625,5102.63
1772726400,5102.635,5104.76,5054.22,5077.735
1772730000,5077.74,5089.5,5055.065,5062.87
1772733600,5062.75,5085.525,5050.905,5069.41
1772737200,5069.395,5081.325,5055.775,5066.14
1772740800,5066.145,5094.925,5061.805,5076.855
1772744400,5076.9,5085.19,5072.29,5081.38
1772751600,5090.81,5102.525,5082.155,5086.155
1772755200,5086.075,5092.545,5074.22,5084.95
1772758800,5084.895,5144.05,5066.4,5134.575
1772762400,5134.44,5138.58,5122.075,5126.37
1772766000,5126.345,5141.64,5124.44,5131.21
1772769600,5131.2,5136.485,5126.25,5127.65
1772773200,5127.53,5130.38,5114.23,5117.63
1772776800,5117.595,5123.115,5109.25,5115.78
1772780400,5115.84,5120.82,5105.72,5119.695
1772784000,5119.7,5123.16,5096.54,5108.8
1772787600,5108.805,5109.75,5083.33,5085.715
1772791200,5085.77,5093.35,5075.66,5091.13
1772794800,5091.165,5099.735,5063.215,5077.28
1772798400,5077.34,5096.725,5076.43,5083.295
1772802000,5083.29,5131.245,5065.5,5085.12
1772805600,5085.17,5132.44,5080.905,5130.2
1772809200,5130.18,5171.89,5127.96,5141.835
1772812800,5141.84,5153.3,5125.865,5140.125
1772816400,5140.225,5152.585,5129.02,5141.01
1772820000,5141.015,5167.875,5138.88,5161.08
1772823600,5161.07,5174.67,5156.79,5159.73
1772827200,5159.9,5162.63,5149.34,5153.345
1772830800,5153.34,5176.63,5150.99,5171.5
1773007200,5171.95,5171.95,5104.345,5130.31
1773010800,5130.31,5136.2,5044.14,5076.01
1773014400,5076.02,5081.36,5028.54,5050.03
1773018000,5049.625,5087.895,5015.045,5070.165
1773021600,5070.235,5099.21,5055.21,5094.655
1773025200,5095.515,5102.255,5081.87,5091.275
1773028800,5091.295,5097.225,5085.36,5090.36
1773032400,5090.35,5140.79,5081.185,5124.2
1773036000,5124.185,5134.075,5097.22,5097.975
1773039600,5097.97,5108.03,5088.265,5099.085
1773043200,5099.145,5111.055,5087.07,5096.725
1773046800,5096.71,5132.765,5095.085,5105.39
1773050400,5105.4,5111.32,5083.845,5087.335
1773054000,5087.3,5097.52,5079.93,5088.305
1773057600,5088.29,5112.505,5088.29,5095.07
1773061200,5095.075,5111.52,5067.42,5074.39
1773064800,5074.44,5116.28,5060.595,5094.125
1773068400,5094.01,5103.54,5079.585,5099.79
1773072000,5099.885,5110.715,5094.76,5104.74
1773075600,5104.76,5106.99,5089.135,5096.12
1773079200,5096.07,5126.645,5092.51,5123.46
1773082800,5123.535,5144.325,5118.375,5141.21
1773086400,5141.265,5148.205,5134.4,5137.91
1773093600,5128.805,5153.285,5117.355,5153.22
1773097200,5153.265,5156.21,5135.64,5139.805
1773100800,5139.61,5141.435,5124.89,5131.225
1773104400,5131.155,5186.455,5124.835,5184.24
1773108000,5184.245,5187.055,5164,5166.065
1773111600,5166.055,5173.48,5155.56,5157.615
1773115200,5157.555,5166.645,5154.47,5163.845
1773118800,5163.84,5179.35,5163.815,5177.87
1773122400,5178.08,5181.1,5171.84,5175.34
1773126000,5175.325,5181.755,5158.395,5181.205
1773129600,5181.155,5195.405,5175.005,5183.48
1773133200,5183.58,5189.505,5180.58,5182.755
1773136800,5182.76,5183.91,5156.5,5177.18
1773140400,5177.225,5192.045,5171.82,5175.26
1773144000,5175.42,5189.6,5162.485,5187.085
1773147600,5187.01,5228.925,5186.005,5205.34
1773151200,5205.455,5214.55,5185.3,5206.845
1773154800,5206.76,5238.775,5203.285,5228.69
1773158400,5228.88,5235.65,5222.75,5227.58
1773162000,5227.585,5235.55,5223.7,5227.575
1773165600,5227.57,5228.065,5160.65,5192.05
1773169200,5192.08,5207.865,5179.905,5198.885
1773172800,5198.88,5199.165,5191.875,5192.51
1773180000,5191.79,5197.985,5183.47,5189.525
1773183600,5189.44,5197.8,5187.835,5197.375
1773187200,5197.38,5219.59,5186.66,5215.455
1773190800,5215.45,5223.385,5208.65,5208.66
1773194400,5208.72,5220.64,5194.02,5217.45
1773198000,5217.32,5220.505,5199.42,5203.44
1773201600,5203.445,5208.81,5199.595,5204.61
1773205200,5204.4,5208.535,5190.705,5199.84
1773208800,5199.57,5210.97,5191.53,5197.66
1773212400,5197.655,5202.28,5184.56,5195.845
1773216000,5195.825,5198.695,5175.35,5187.695
1773219600,5187.67,5197.145,5179.63,5187.66
1773223200,5187.88,5195.425,5177.23,5186.155
1773226800,5186.22,5193.67,5175.87,5181.415
1773230400,5181.38,5197.175,5166.835,5167.53
1773234000,5167.48,5183.185,5149.155,5176.855
1773237600,5176.86,5196.315,5174.565,5183.38
1773241200,5183.39,5185.9,5164.075,5166.605
1773244800,5166.51,5178.15,5163.81,5175.77
1773248400,5175.84,5181.115,5154.985,5169.845
1773252000,5169.885,5178.395,5169.355,5172.555
1773255600,5172.605,5183.76,5169.375,5183.29
1773259200,5183.215,5183.595,5175.265,5176.48
1773266400,5178.045,5178.32,5129.83,5139.13
1773270000,5139.14,5157.94,5133.295,5134.6
1773273600,5134.61,5161.6,5125.64,5153.205
1773277200,5153.2,5173.16,5151.435,5168.835
1773280800,5168.705,5175.15,5145.935,5150.88
1773284400,5150.955,5155.82,5147.405,5153.155
1773288000,5153.255,5154.02,5140.62,5142.7
1773291600,5142.76,5157.93,5137.17,5154.675
1773295200,5154.66,5170.39,5147.4,5166.32
1773298800,5166.325,5185.23,5164.52,5182.385
1773302400,5182.38,5189.86,5175.88,5178.22
1773306000,5178.205,5190.5,5174.43,5188.385
1773309600,5188.35,5191.79,5175.965,5182.47
1773313200,5182.445,5183.87,5172.875,5179.15
1773316800,5179.18,5185.875,5163.685,5181.625
1773320400,5181.575,5186.145,5146.085,5151.45
1773324000,5151.48,5163.72,5138.475,5142.92
1773327600,5142.71,5144.99,5109.85,5132.485
1773331200,5132.485,5138.175,5121.23,5123.55
1773334800,5123.495,5129.87,5102.615,5105.485
1773338400,5105.49,5112.84,5090.885,5094.49
1773342000,5094.48,5097.005,5079.37,5084.985
1773345600,5085.02,5090.925,5055.125,5079.255
1773352800,5083.865,5096.33,5077.79,5096.03
1773356400,5096.055,5101.35,5088.97,5098.13
1773360000,5098.135,5115.4,5097.48,5113.78
1773363600,5113.95,5124.535,5108.72,5124.28
1773367200,5124.35,5128.475,5110.455,5112.245
1773370800,5112.225,5116.735,5106.42,5115.76
1773374400,5115.62,5118.175,5102.825,5104.59
1773378000,5104.82,5111.26,5098.415,5103.175
1773381600,5103.165,5107.94,5085.665,5088.34
1773385200,5088.18,5094.265,5071.935,5085.47
1773388800,5085.465,5088.19,5061.72,5087.55
1773392400,5087.485,5097.165,5083.36,5089.755
1773396000,5089.675,5098.375,5079.94,5094.965
1773399600,5095.065,5107.995,5086.385,5107.835
1773403200,5107.84,5122.01,5104.365,5118.3
1773406800,5118.335,5121.265,5096.57,5102.24
1773410400,5102.21,5108.135,5035.535,5042.025
1773414000,5042.03,5071.505,5031.015,5034.925
1773417600,5034.775,5053.25,5019.2,5046.045
1773421200,5045.955,5064.08,5043.555,5046.465
1773424800,5046.445,5051.88,5036.26,5046.655
1773428400,5046.67,5049.965,5009.745,5016.735
1773432000,5016.77,5025.645,5012.505,5020.6
1773612000,5014.955,5031.005,5000.91,5024.97
1773615600,5025.05,5026.335,4967.775,4997.655
1773619200,4997.64,5030.98,4996.69,5026.005
1773622800,5026.02,5026.66,4982.675,5016.355
1773626400,5016.3,5019.065,4997.895,5003.67
1773630000,5003.61,5021.01,4998.21,5019.165
1773633600,5019.15,5026.505,5012.575,5013.05
1773637200,5013.045,5020.37,5003.41,5017.59
1773640800,5017.57,5036.01,5005.405,5012.3
1773644400,5012.57,5016.59,4991.895,4995.615
1773648000,4995.6,5003.63,4985.115,4991.305
1773651600,4991.135,4991.805,4972.535,4975.565
1773655200,4975.575,4999.69,4970.23,4998.95
1773658800,4998.91,5022.825,4992.78,4997.31
1773662400,4997.335,5025.585,4994.55,5020.06
1773666000,5020.055,5034.53,5013.885,5029.94
1773669600,5029.88,5038.145,4988.09,4996.065
1773673200,4996.07,5005.91,4983.89,4987.095
1773676800,4987.07,4998.8,4974.235,4990.74
1773680400,4990.78,5003.9,4984.015,4991.265
1773684000,4991.26,5017.905,4990.045,5012.92
1773687600,5012.935,5020.465,5008.235,5013.085
1773691200,5013.08,5021.835,5004.8,5006.565
1773698400,5011.11,5016.185,4998.685,5002.525
1773702000,5002.425,5015.61,5002.13,5012.93
1773705600,5012.925,5014.2,4998.29,5003.03
1773709200,5002.91,5028.195,4994.935,5027.965
1773712800,5027.935,5029.98,5019.85,5022.815
1773716400,5022.77,5033.76,5020.93,5027.74
1773720000,5027.72,5042.185,5026.185,5038.05
1773723600,5038.045,5044.9,5020.12,5020.83
1773727200,5020.92,5023.065,5005.04,5010.09
1773730800,5010.115,5028.2,5009.18,5021.46
1773734400,5021.455,5029.625,5018.685,5024.95
1773738000,5024.905,5026.055,5010.165,5010.52
1773741600,5010.505,5016.615,4992.06,5000.415
1773745200,5000.4,5011.635,4996.925,5003.375
1773748800,5003.38,5023.935,4999.485,5011.905
1773752400,5011.9,5031.59,5005.59,5016.755
1773756000,5016.745,5020.675,5002.965,5007.78
1773759600,5007.73,5017.65,4973.72,4997.98
1773763200,4998.005,5006.03,4991.705,5002.06
1773766800,5002.05,5008.8,4996.695,5002.56
1773770400,5002.57,5009.21,4999.935,5003.89
1773774000,5003.885,5005.75,4996.445,5000.405
1773777600,5000.445,5006.645,5000,5005.725
1773784800,5001.96,5005.27,4993.39,4999.865
1773788400,4999.915,5003.82,4999,5002.9
1773792000,5002.885,5012.24,5000.315,5004.32
1773795600,5004.3,5016.29,4991.455,4998.785
1773799200,4998.83,5007.105,4990.615,4992.025
1773802800,4992,4997.6,4986.305,4991.57
1773806400,4991.575,4993.66,4981.83,4987.2
1773810000,4987.17,5002.845,4984.8,4997.745
1773813600,4997.74,5016.53,4996.19,5009.51
1773817200,5009.64,5015.14,4990.515,4995.195
1773820800,4995.175,4997.115,4977.455,4987.645
1773824400,4987.645,4995.85,4984.87,4992.265
1773828000,4992.27,4992.27,4958.83,4967.955
1773831600,4968.07,4974.135,4924.88,4930.25
1773835200,4930.305,4932.645,4870.87,4881.815
1773838800,4881.78,4885.69,4834.38,4878.61
1773842400,4878.655,4894.67,4856.795,4869.76
1773846000,4869.885,4880.27,4861.29,4862.57
1773849600,4862.52,4890.485,4861.085,4886.95
1773853200,4887,4899.165,4883.97,4891.045
1773856800,4891.05,4899.46,4852.505,4853.17
1773860400,4853.155,4865.6,4838.35,4843.285
1773864000,4843.25,4848.94,4806.845,4818.415
1773871200,4824.645,4839.135,4804.225,4834.57
1773874800,4834.66,4842.39,4828.435,4836.84
1773878400,4836.855,4848.87,4835.475,4841.38
1773882000,4841.385,4867.225,4832.995,4849.94
1773885600,4849.915,4862.325,4841.49,4858.82
1773889200,4858.77,4866.21,4850.84,4851
1773892800,4851.01,4853.995,4845.84,4849.87
1773896400,4849.86,4853.885,4827.125,4827.63
1773900000,4827.62,4842.41,4747.72,4763.695
1773903600,4763.54,4784.595,4727.25,4728.095
1773907200,4728.065,4740.49,4686.885,4709.635
1773910800,4709.64,4726.02,4687.79,4699.21
1773914400,4699.2,4719.865,4666.81,4679.225
1773918000,4679.26,4699.63,4651.16,4651.885
1773921600,4651.84,4654.25,4531.275,4574.815
1773925200,4574.745,4621.305,4502.365,4620.99
1773928800,4621.025,4649.31,4581.345,4601.82
1773932400,4601.83,4639.055,4566.19,4596.475
1773936000,4596.46,4626.865,4576.99,4584.95
1773939600,4584.94,4630.01,4573.915,4616.175
1773943200,4616.205,4623.24,4596.115,4623.1
1773946800,4623.13,4663.63,4623.095,4644.06
1773950400,4644.04,4662.08,4643.07,4650.72
1773957600,4659.99,4677.205,4636.27,4636.455
1773961200,4636.465,4648.355,4634.355,4643.815
1773964800,4643.745,4665.1,4642.16,4648.745
1773968400,4648.74,4699.53,4639.42,4677.3
1773972000,4677.355,4703.785,4670.575,4698.5
1773975600,4698.47,4736.175,4693.225,4725.93
1773979200,4725.935,4727.725,4715.145,4721.82
1773982800,4721.845,4723.835,4685.6,4688.335
1773986400,4688.34,4701.16,4661.305,4669.22
1773990000,4669.195,4707.915,4667.95,4706.43
1773993600,4706.435,4734.96,4684.805,4693.85
1773997200,4693.855,4700.65,4660.06,4667.73
1774000800,4667.755,4670.2,4638.195,4645.465
1774004400,4645.405,4674.29,4637.245,4671.9
1774008000,4671.915,4695.705,4661.81,4678.445
1774011600,4678.42,4679.615,4613.025,4616.64
1774015200,4616.555,4622.74,4548.035,4563.96
1774018800,4563.935,4580.43,4540.785,4553.61
1774022400,4553.27,4614.065,4552.04,4583.105
1774026000,4583.155,4600.885,4554.785,4573.675
1774029600,4573.685,4578.685,4477.54,4500.025
1774033200,4500.05,4517,4485.51,4501.73
1774036800,4501.81,4514.81,4493.66,4497.48
1774216800,4472.24,4536.415,4471.95,4498.255
1774220400,4498.28,4511.11,4452.08,4464.8
1774224000,4464.98,4473.16,4319.92,4354.325
1774227600,4354.13,4454.51,4330.325,4388.005
1774231200,4387.985,4422.36,4354.68,4360.86
1774234800,4360.865,4378.335,4334.795,4352.99
1774238400,4352.99,4382.22,4349.91,4367.97
1774242000,4367.92,4380.155,4302.165,4310.315
1774245600,4310.305,4310.52,4163.07,4220.705
1774249200,4220.68,4232.57,4099.125,4204.44
1774252800,4204.52,4270.955,4203.03,4251.44
1774256400,4251.45,4308.625,4223.685,4254.29
1774260000,4254.27,4281.985,4241.165,4269.11
1774263600,4269.145,4463.725,4269.145,4379.43
1774267200,4379.465,4492.925,4336.29,4478.505
1774270800,4478.51,4486.075,4401.76,4454.165
1774274400,4454.32,4513.165,4453.635,4462.075
1774278000,4462.08,4487.385,4350.63,4363.87
1774281600,4363.545,4391.925,4352.31,4375.79
1774285200,4375.745,4439.245,4370.825,4426.225
1774288800,4426.32,4467.27,4402.185,4449.04
1774292400,4448.88,4450.615,4392.99,4397.99
1774296000,4398.325,4413.34,4382.855,4406.505
1774303200,4382.825,4431.365,4359.74,4426.855
1774306800,4426.83,4448.355,4422.035,4441.245
1774310400,4441.05,4446.785,4331.36,4364.59
1774314000,4364.635,4374.555,4307.99,4322.56
1774317600,4322.545,4379.465,4305.88,4365.94
1774321200,4365.895,4368.22,4335.2,4347.5
1774324800,4347.445,4357.36,4326.615,4333.595
1774328400,4333.6,4374.06,4320.04,4347.69
1774332000,4347.69,4405.26,4343.23,4402.56
1774335600,4402.54,4433.31,4399.775,4417.305
1774339200,4417.54,4421.165,4391.285,4412.02
1774342800,4411.975,4430.995,4395.97,4426.5
1774346400,4426.61,4441.73,4414.79,4438.67
1774350000,4438.62,4442.245,4374.74,4408.24
1774353600,4408.235,4427.645,4362.065,4379.115
1774357200,4379.06,4389.89,4351.09,4381.67
1774360800,4381.66,4434.31,4380.855,4416.165
1774364400,4416.12,4431.085,4396.455,4411.79
1774368000,4411.85,4427.925,4402.635,4421.485
1774371600,4421.49,4426.69,4372.655,4388.695
1774375200,4388.725,4423.72,4383.95,4389.735
1774378800,4389.59,4411.61,4388.695,4400.33
1774382400,4400.14,4484.495,4397.575,4474.275
1774389600,4476.635,4485.445,4455.885,4484.35
1774393200,4484.285,4551.66,4472.855,4547.015
1774396800,4546.99,4572.18,4537.49,4563.295
1774400400,4563.265,4601.415,4552.375,4594.93
1774404000,4594.93,4602.645,4579.835,4583.8
1774407600,4583.725,4586.42,4567.755,4570.035
1774411200,4570.015,4574.985,4565.59,4573.02
1774414800,4573.15,4573.585,4549.225,4555.78
1774418400,4555.79,4557.1,4533.145,4545.62
1774422000,4545.595,4563.34,4537.115,4539.675
1774425600,4539.705,4568.235,4536.05,4556.32
1774429200,4556.295,4567.77,4527.89,4551.94
1774432800,4552,4562.585,4551.39,4558.87
1774436400,4558.915,4585.6,4556.21,4578.965
1774440000,4578.97,4583.87,4521.88,4544.095
1774443600,4544.09,4576.755,4540.925,4544.97
1774447200,4544.96,4579.44,4533.22,4567.34
1774450800,4567.245,4569.375,4525.265,4559.155
1774454400,4559.14,4565.185,4545.4,4555.135
1774458000,4555.155,4563.945,4542.96,4550.835
1774461600,4550.83,4569.025,4530.955,4538.295
1774465200,4538.305,4539.74,4486.59,4530.96
1774468800,4530.955,4542.065,4494.7,4506.845
1774476000,4521.855,4534.83,4505.76,4517.76
1774479600,4517.755,4518.705,4489.075,4498.115
1774483200,4498.11,4539.065,4498.04,4535.78
1774486800,4535.72,4544.815,4522.525,4535.895
1774490400,4535.89,4536.21,4505.675,4508.95
1774494000,4508.955,4518.91,4500.055,4517.165
1774497600,4517.235,4524.25,4511.71,4520.54
1774501200,4520.58,4522.55,4438.975,4439.045
1774504800,4439.035,4459.77,4415.87,4456.805
1774508400,4456.82,4463.995,4439.115,4452.895
1774512000,4452.775,4459.455,4412.44,4428.055
1774515600,4427.995,4436.835,4414.705,4423.88
1774519200,4423.905,4448.435,4416.995,4443.675
1774522800,4443.73,4456.865,4419.34,4423.24
1774526400,4423.265,4446.145,4416.775,4429.47
1774530000,4429.315,4461.035,4420.24,4452.84
1774533600,4452.87,4479.895,4437.34,4465.015
1774537200,4464.89,4469.17,4434.315,4438.415
1774540800,4438.185,4442.785,4366.95,4389.375
1774544400,4389.305,4402.32,4377.285,4381.575
1774548000,4381.505,4398.045,4367.83,4394.615
1774551600,4394.76,4399.45,4359.445,4364.065
1774555200,4364.075,4420.75,4351.355,4378.2
1774562400,4388.67,4415.4,4387.215,4411.33
1774566000,4411.44,4414.44,4389.84,4405.11
1774569600,4405.165,4411.225,4375.525,4378.76
1774573200,4378.745,4420.485,4377.28,4417.37
1774576800,4417.495,4440.6,4416.99,4432.22
1774580400,4432.195,4446.33,4421.39,4437.655
1774584000,4437.68,4449.83,4431.62,4445.955
1774587600,4446.08,4475.3,4440.74,4454.575
1774591200,4454.335,4473.225,4451.9,4459.605
1774594800,4459.575,4463.14,4443.12,4447.915
1774598400,4447.875,4451.29,4424.025,4424.51
1774602000,4424.465,4438.58,4420.885,4429.13
1774605600,4429.135,4433.14,4410.56,4414.915
1774609200,4414.92,4426.57,4404.58,4420.315
1774612800,4420.355,4445.34,4412.89,4438.01
1774616400,4437.97,4443.905,4413.775,4431.385
1774620000,4431.37,4514.685,4430.85,4509.71
1774623600,4509.705,4555.63,4501.78,4524.445
1774627200,4524.45,4533.745,4505.62,4507.355
1774630800,4511.27,4522.27,4486.505,4486.875
1774634400,4486.88,4528.755,4486.815,4516.855
1774638000,4516.775,4526.315,4500.76,4514.49
1774641600,4514.625,4520.8,4491.13,4493.685
1774821600,4512.54,4513.55,4480.84,4484.475
1774825200,4484.47,4492.605,4443.945,4449.04
1774828800,4449.03,4467.01,4417.43,4432.295
1774832400,4431.87,4475.845,4431.825,4469.895
1774836000,4469.81,4499.69,4458.89,4481.55
1774839600,4481.505,4518.175,4479.095,4496.15
1774843200,4496.165,4498.96,4486.7,4497.02
1774846800,4497.03,4528.825,4497.02,4522.53
1774850400,4522.63,4550.855,4517.31,4532.59
1774854000,4532.58,4535.2,4515.87,4527.585
1774857600,4527.495,4540.58,4525.12,4538.22
1774861200,4538.23,4540.895,4523.605,4533.14
1774864800,4533.165,4540.2,4527.785,4532.655
1774868400,4532.67,4580.73,4525.645,4559.87
1774872000,4559.875,4578.11,4545.33,4569.445
1774875600,4569.49,4578.835,4516.935,4523.535
1774879200,4523.525,4541.545,4512.57,4538.835
1774882800,4538.885,4556.895,4524.7,4548.355
1774886400,4548.295,4549.82,4532.415,4539.985
1774890000,4539.92,4542.46,4511.685,4514.955
1774893600,4514.945,4523.135,4498.505,4499.18
1774897200,4499.2,4518.51,4493.1,4513.64
1774900800,4513.59,4516.525,4501.27,4510.65
1774908000,4517.71,4519.14,4502.035,4511.07
1774911600,4511.025,4521.915,4492.8,4514.07
1774915200,4514.075,4548.31,4482.66,4547.935
1774918800,4547.94,4619.255,4532.15,4605.205
1774922400,4605.205,4607.48,4565.795,4567.965
1774926000,4567.99,4577.26,4550.455,4557.49
1774929600,4557.47,4569.56,4556.955,4564.925
1774933200,4564.535,4581.94,4547.9,4568.89
1774936800,4568.925,4569.2,4553.445,4557.565
1774940400,4557.555,4566.105,4543.51,4564.87
1774944000,4564.875,4575.4,4560.645,4568.755
1774947600,4568.8,4572.735,4550.205,4555.7
1774951200,4555.75,4561.99,4529.545,4547.05
1774954800,4547.12,4593.365,4541.365,4582.37
1774958400,4582.39,4597.76,4569.21,4574.82
1774962000,4575,4609.74,4567.98,4607.35
1774965600,4607.275,4630.42,4594.97,4599.015
1774969200,4598.94,4625.565,4598.94,4609.565
1774972800,4609.615,4651.585,4607.135,4638.23
1774976400,4638.14,4667.785,4636.5,4654.38
1774980000,4654.39,4671.37,4653.52,4667.435
1774983600,4667.44,4685.805,4661.86,4683.02
1774987200,4682.945,4687.335,4664.86,4667.875
1774994400,4674.535,4696.54,4662.125,4681.28
1774998000,4681.32,4699.975,4671.985,4696.44
1775001600,4696.4,4722.6,4693.52,4710.92
1775005200,4710.93,4724.52,4681.225,4692.8
1775008800,4692.81,4700.895,4678.235,4684.84
1775012400,4684.83,4694.43,4679.735,4682
1775016000,4682.005,4682.105,4667.195,4676.495
1775019600,4676.61,4703.78,4674.72,4684.56
1775023200,4684.59,4733.235,4682.55,4730.83
1775026800,4730.825,4747.815,4709.815,4713.22
1775030400,4713.17,4740.565,4710.445,4728.7
1775034000,4728.77,4730.35,4713.195,4723.465
1775037600,4723.46,4738.67,4715.47,4731.235
1775041200,4731.22,4762.905,4728.43,4752.565
1775044800,4752.61,4753.725,4724.4,4724.775
1775048400,4724.82,4749.715,4716.28,4738.355
1775052000,4738.48,4768.87,4724.3,4760.89
1775055600,4760.96,4788.16,4758.575,4786.7
1775059200,4786.685,4790.84,4774.305,4787.3
1775062800,4787.305,4793.195,4774.035,4774.64
1775066400,4774.63,4775.49,4742.17,4753.28
1775070000,4753.27,4778.21,4751.335,4766.205
1775073600,4766.185,4771.295,4754.145,4758.2
1775080800,4758.465,4783.005,4751.98,4776.7
1775084400,4776.84,4800.8,4773.795,4784.19
1775088000,4784.15,4798.935,4775.21,4784.42
1775091600,4784.41,4786.36,4649.465,4696.105
1775095200,4695.875,4704.155,4655.525,4687.24
1775098800,4687.23,4699.52,4676.04,4676.51
1775102400,4676.57,4681.8,4657.175,4672.65
1775106000,4672.635,4680.915,4585.755,4594.63
1775109600,4594.645,4608.905,4553.85,4598.855
1775113200,4598.83,4651.505,4597.245,4642.775
1775116800,4642.77,4648.905,4616.78,4621.005
1775120400,4620.995,4632.075,4613.15,4621.685
1775124000,4621.825,4635.435,4603.775,4620.61
1775127600,4620.6,4630.855,4592.895,4600.215
1775131200,4600.23,4630.36,4594.71,4601.765
1775134800,4601.71,4651.545,4580.65,4646.325
1775138400,4646.265,4699.89,4631.85,4681.72
1775142000,4681.66,4684.185,4652.76,4661.48
1775145600,4661.46,4670.83,4642.925,4659.215
1775149200,4659.22,4668.5,4645.78,4648.76
1775152800,4648.765,4672.17,4647.465,4668.64
1775156400,4668.655,4682.01,4661.495,4672.235
1775160000,4672.325,4678.11,4664.475,4676.745
1775426400,4638.25,4654.59,4607.09,4646.265
1775430000,4646.27,4651.415,4604.97,4610.87
1775433600,4610.97,4629.2,4600.85,4622.585
1775437200,4622.63,4643.24,4620.605,4625.815
1775440800,4625.8,4671.73,4623.815,4648.105
1775444400,4648.07,4648.155,4625.47,4640.89
1775448000,4640.875,4660.005,4640.065,4659.21
1775451600,4659.205,4678.93,4651.375,4652.565
1775455200,4652.585,4667.78,4643.505,4665.965
1775458800,4665.96,4688.94,4645.12,4684.9
1775462400,4684.815,4698.21,4680.7,4695.86
1775466000,4696.09,4706.875,4690.94,4693.805
1775469600,4693.84,4697.725,4684.655,4689.91
1775473200,4690.12,4696.92,4677.07,4677.94
1775476800,4677.92,4686.855,4659.655,4676.22
1775480400,4676.21,4681.87,4659.8,4679.92
1775484000,4679.91,4697.78,4660.455,4682.84
1775487600,4682.835,4683.91,4652.095,4668.155
1775491200,4668.22,4672.66,4658.12,4660.515
1775494800,4660.55,4661.235,4645.885,4653.865
1775498400,4653.87,4666.725,4648.905,4658.43
1775502000,4658.395,4659.52,4645.805,4655.52
1775505600,4655.485,4658.525,4649.305,4649.995
1775512800,4661.755,4667.97,4656.805,4658.505
1775516400,4658.54,4661.31,4651.555,4659.21
1775520000,4659.185,4661.515,4649.46,4655.23
1775523600,4655.22,4664.53,4616.53,4627.135
1775527200,4627.21,4654.01,4620.165,4650.395
1775530800,4650.38,4653.995,4639.655,4649.66
1775534400,4649.65,4664.12,4645.695,4660.155
1775538000,4660.24,4661.36,4623.475,4642.88
1775541600,4642.93,4656.65,4638.04,4653.585
1775545200,4653.575,4657.225,4636.91,4646.315
1775548800,4646.305,4691.225,4644.395,4683.035
1775552400,4682.905,4694.905,4658.905,4671.03
1775556000,4671.075,4680.735,4649.46,4652.33
1775559600,4652.345,4664.28,4629.02,4659.805
1775563200,4659.875,4671.335,4647.075,4651.67
1775566800,4651.675,4663.49,4635.625,4644.44
1775570400,4644.32,4661.935,4607.63,4633.275
1775574000,4633.335,4659.69,4624.885,4655.51
1775577600,4655.505,4668.825,4652.87,4657.29
1775581200,4657.28,4686.745,4654.115,4675.935
1775584800,4675.875,4686.295,4657.63,4662.35
1775588400,4662.41,4718.96,4660.735,4701.05
1775592000,4701.06,4716.95,4697.415,4704.81
1775599200,4741.845,4820.065,4713.04,4818.41
1775602800,4818.42,4836.505,4801.285,4833.66
1775606400,4833.65,4858.215,4808.885,4817.715
1775610000,4817.73,4825.325,4788.12,4810.275
1775613600,4810.1,4825.435,4798.91,4804.22
1775617200,4804.2,4806.18,4795.25,4797.79
1775620800,4797.77,4806.975,4790.38,4803.515
1775624400,4803.53,4843.9,4800.47,4827.61
1775628000,4827.635,4839.97,4820.02,4820.16
1775631600,4820.18,4821.39,4805.17,4813.6
1775635200,4813.595,4819.935,4790.39,4794.2
1775638800,4794.12,4807.05,4776.285,4783.185
1775642400,4783.18,4796.31,4771.18,4782.885
1775646000,4782.88,4803.06,4778.33,4798.59
1775649600,4798.785,4807.42,4768.4,4799.765
1775653200,4799.705,4806.92,4767.1,4777.225
1775656800,4777.185,4792.155,4732.305,4736.41
1775660400,4736.35,4763.32,4734.165,4756.625
1775664000,4756.635,4765.675,4745.35,4760.52
1775667600,4760.605,4764.505,4731.69,4734.205
1775671200,4734.22,4744.705,4703.47,4705.245
1775674800,4705.12,4731.935,4699.305,4730.755
1775678400,4730.625,4732.365,4717.225,4718.96
1775685600,4727.55,4729.67,4704.58,4717.755
1775689200,4717.745,4720.345,4705.535,4715.84
1775692800,4715.8,4719.3,4698.725,4707.185
1775696400,4707.18,4728.4,4699.905,4727.455
1775700000,4727.46,4733.04,4717.525,4718.985
1775703600,4718.96,4720.32,4705.39,4711.64
1775707200,4711.69,4725.48,4709.845,4720.92
1775710800,4720.985,4726.575,4705.98,4713.27
1775714400,4713.285,4725.66,4703.58,4712.83
1775718000,4712.84,4731.735,4705.53,4724.385
1775721600,4724.38,4733.19,4720.04,4726.17
1775725200,4726.145,4733.495,4723.25,4729.295
1775728800,4729.285,4746.795,4723.785,4741.12
1775732400,4741.155,4757.665,4738.635,4756.795
1775736000,4756.81,4759.87,4735.065,4746.07
1775739600,4746.06,4777.085,4738.655,4764.51
1775743200,4764.51,4776.47,4747.3,4768.755
1775746800,4768.795,4798.235,4761.31,4793.1
1775750400,4793.135,4801.28,4784.705,4789.09
1775754000,4789.085,4801.39,4786.935,4797.91
1775757600,4797.915,4798.18,4767.99,4772.115
1775761200,4772.13,4782.59,4766.935,4768.865
1775764800,4768.875,4773.26,4760.835,4765.405
1775772000,4772.62,4772.62,4758.915,4764.315
1775775600,4764.33,4764.41,4757.085,4763.87
1775779200,4763.935,4763.935,4750.535,4763.21
1775782800,4763.22,4777.42,4758.07,4764.605
1775786400,4764.82,4765.59,4738.105,4752.99
1775790000,4752.985,4769.66,4752.905,4766.6
1775793600,4766.66,4770.9,4757.98,4758.52
1775797200,4758.51,4769.385,4757.445,4765.945
1775800800,4765.96,4766.01,4742.935,4746.07
1775804400,4746.035,4757.7,4741.51,4749.64
1775808000,4749.825,4753.565,4730.74,4740.975
1775811600,4741.005,4760.92,4740.695,4751.57
1775815200,4751.585,4760.845,4742.33,4757.265
1775818800,4757.28,4768.96,4753.38,4768.345
1775822400,4768.46,4782.605,4759.845,4771.92
1775826000,4771.93,4780.155,4764.95,4775.14
1775829600,4775.47,4794.98,4767.35,4774.815
1775833200,4774.835,4787.46,4755.41,4762.34
1775836800,4762.42,4766.25,4747.375,4763.84
1775840400,4763.865,4768.78,4758.235,4760.315
1775844000,4760.33,4773.35,4751.175,4765.435
1775847600,4765.41,4770.71,4758.405,4759.895
1775851200,4759.885,4760.125,4741.01,4749.685
1776031200,4670.425,4685.41,4644.595,4659.035
1776034800,4659.05,4672.06,4644.465,4671.49
1776038400,4671.47,4698.96,4664.625,4695.635
1776042000,4695.63,4728.225,4693.79,4721.255
1776045600,4721.245,4727.885,4711.44,4720.575
1776049200,4720.57,4724.065,4712.19,4718.17
1776052800,4718.16,4725.05,4708.64,4723.16
1776056400,4723.17,4730.91,4716.39,4729.48
1776060000,4729.475,4732.79,4720.86,4725.655
1776063600,4725.67,4740.03,4724.73,4733.92
1776067200,4733.95,4738.765,4720.43,4723.63
1776070800,4723.635,4728.775,4710.605,4714.905
1776074400,4714.91,4724.195,4708.365,4722.16
1776078000,4722.135,4729.23,4703.375,4707.135
1776081600,4707.14,4725.345,4703.905,4723.48
1776085200,4723.43,4744.64,4721.125,4730.795
1776088800,4730.52,4731.37,4708.875,4719.375
1776092400,4719.36,4720.15,4700.565,4714.45
1776096000,4714.465,4746.27,4709.545,4733.215
1776099600,4733.225,4750.205,4725.605,4730.11
1776103200,4730.12,4740.735,4723.54,4738.45
1776106800,4738.435,4747.58,4730.85,4741.28
1776110400,4741.345,4744.3,4738.4,4740.34
1776117600,4746.92,4759.8,4745.84,4758.14
1776121200,4758.12,4765.805,4754.54,4757.9
1776124800,4758.02,4776.075,4751.77,4769.98
1776128400,4769.94,4777.385,4761.79,4765.065
1776132000,4765.07,4777.305,4762.15,4775.225
1776135600,4775.22,4775.675,4765.65,4768.25
1776139200,4768.215,4777.085,4767.095,4774.24
1776142800,4774.24,4774.32,4757.855,4759.985
1776146400,4760.015,4782.965,4760.015,4782.09
1776150000,4782.095,4796.63,4767.855,4777.16
1776153600,4777.155,4790,4774.14,4786.97
1776157200,4787.08,4789.405,4771.735,4778.235
1776160800,4778.245,4788.31,4751.22,4768.58
1776164400,4768.52,4783.165,4767.03,4774.94
1776168000,4774.905,4777.715,4762.36,4771.48
1776171600,4771.475,4803.79,4771.185,4794.805
1776175200,4794.825,4818.33,4793.065,4803.81
1776178800,4803.8,4816.265,4791.115,4808.41
1776182400,4808.44,4820.34,4805.255,4810.075
1776186000,4810.12,4841.705,4809.54,4835.235
1776189600,4835.215,4843.64,4830.895,4835.73
1776193200,4835.75,4846.345,4835.75,4844.99
1776196800,4845,4846.37,4839.7,4841.76
1776204000,4849.155,4850.88,4833.195,4835.26
1776207600,4835.14,4844.315,4833.68,4837.285
1776211200,4837.315,4840.18,4827.285,4835.56
1776214800,4835.52,4871.38,4828.335,4847.19
1776218400,4847.175,4853.445,4820.715,4824.005
1776222000,4824.02,4829.725,4816.915,4823.925
1776225600,4823.955,4827.92,4820.3,4825.075
1776229200,4825.125,4830.53,4812.735,4819.97
1776232800,4819.975,4825.04,4811.31,4811.625
1776236400,4811.565,4816.935,4804.05,4811.27
1776240000,4811.15,4821.875,4804.595,4818.63
1776243600,4818.56,4819.565,4786.08,4798.255
1776247200,4798.25,4805.275,4790.095,4800.16
1776250800,4800.175,4815.305,4795.57,4812.635
1776254400,4812.65,4816.37,4807.025,4811.76
1776258000,4811.69,4830.31,4808.57,4828.915
1776261600,4828.93,4830.615,4813.505,4815.525
1776265200,4815.535,4816.155,4787.145,4801.745
1776268800,4801.74,4812.84,4800.17,4803.985
1776272400,4803.975,4808.96,4790.82,4792.64
1776276000,4792.63,4802.675,4790.24,4799.745
1776279600,4799.715,4803.575,4794.685,4796.045
1776283200,4796.095,4796.795,4787.895,4790.94
1776290400,4798.465,4812.1,4790.87,4807.665
1776294000,4807.675,4826.795,4807.615,4823.455
1776297600,4823.385,4837.81,4820.345,4833.145
1776301200,4833.205,4836.465,4811.33,4818.1
1776304800,4818.165,4825.1,4812.465,4819.805
1776308400,4819.785,4827.205,4819.115,4824.27
1776312000,4824.255,4833.79,4822.885,4833.185
1776315600,4833.21,4838.56,4821.215,4821.325
1776319200,4821.31,4830.69,4814.46,4826.125
1776322800,4826.14,4831.025,4817.12,4821.2
1776326400,4821.29,4822.07,4806.59,4813.85
1776330000,4813.815,4818.11,4807.04,4812.82
1776333600,4812.825,4817.62,4805.165,4817.49
1776337200,4817.475,4822.56,4815.535,4822.175
1776340800,4822.28,4823.14,4811.59,4816.265
1776344400,4816.285,4824.04,4784.73,4795.065
1776348000,4795.08,4805.62,4772.575,4788.86
1776351600,4788.815,4813.045,4788.43,4807.09
1776355200,4807.16,4810.225,4785.245,4792.095
1776358800,4792.105,4795.455,4781.45,4789.395
1776362400,4789.405,4794.45,4785.865,4789.745
1776366000,4789.795,4798.67,4789.63,4793.52
1776369600,4793.565,4793.985,4786.45,4790.66
1776376800,4793.945,4797.995,4790.925,4795.4
1776380400,4795.185,4797.935,4791.77,4791.77
1776384000,4791.725,4801.3,4785.965,4794.845
1776387600,4794.88,4795.675,4767.845,4789.635
1776391200,4789.575,4794.84,4784.64,4784.695
1776394800,4784.685,4798.405,4784.68,4793.255
1776398400,4793.195,4804.48,4792.71,4802.995
1776402000,4802.99,4806.2,4793.78,4794.305
1776405600,4794.345,4795.375,4779.455,4785.075
1776409200,4785.195,4794.925,4778.81,4784.57
1776412800,4784.585,4797.085,4781.035,4796.11
1776416400,4796.115,4800.995,4790.125,4790.44
1776420000,4790.445,4794.085,4782.255,4787.49
1776423600,4787.595,4811.82,4783.67,4799.125
1776427200,4799.25,4848.005,4797.68,4846.52
1776430800,4846.53,4891.54,4834.915,4880.4
1776434400,4880.33,4885.53,4860.85,4873.15
1776438000,4873.135,4880.705,4855.065,4867.445
1776441600,4867.44,4873.535,4863.745,4867.18
1776445200,4867.15,4869.665,4853.79,4862.59
1776448800,4862.585,4868.11,4855.785,4858.11
1776452400,4858.095,4861.305,4852.96,4854.695
1776456000,4854.645,4855.245,4830.79,4831.61
1776636000,4774.815,4794.97,4771.055,4779.365
1776639600,4779.36,4779.465,4736.83,4755.365
1776643200,4755.285,4774.685,4744.515,4772.815
1776646800,4772.8,4814.46,4771.44,4807.795
1776650400,4807.805,4809.18,4793.26,4797.395
1776654000,4797.37,4798.415,4788.875,4791.02
1776657600,4791.04,4795.94,4787.245,4789.035
1776661200,4789.06,4796.36,4779.54,4791.085
1776664800,4791.06,4795.62,4784.025,4795.595
1776668400,4795.6,4805.795,4786.905,4789.64
1776672000,4789.55,4796.51,4786.16,4796.395
1776675600,4796.355,4798.075,4783.72,4791.885
1776679200,4791.865,4801.045,4789.93,4796.01
1776682800,4796.02,4810.9,4786.8,4810.53
1776686400,4810.525,4822.175,4799.125,4803.505
1776690000,4803.495,4826.355,4799.695,4818.105
1776693600,4818.12,4827.695,4792.615,4805.385
1776697200,4805.4,4809.63,4792.785,4799.955
1776700800,4799.96,4806.38,4792.865,4805.55
1776704400,4805.645,4812.27,4803.9,4806.89
1776708000,4806.84,4816.515,4806.84,4814.105
1776711600,4814.065,4821.425,4810.615,4814.38
1776715200,4814.43,4821.98,4812.3,4820.115
1776722400,4825.135,4833.405,4823.365,4827.82
1776726000,4827.79,4831.935,4819.855,4822.03
1776729600,4822.07,4830.895,4817,4823.895
1776733200,4823.9,4824.54,4805.795,4810.27
1776736800,4810.295,4810.555,4802.695,4806.95
1776740400,4807.055,4807.86,4792.77,4797.45
1776744000,4797.48,4797.815,4788.87,4789.49
1776747600,4789.415,4797.145,4783.28,4784.18
1776751200,4784.15,4790.86,4774.8,4778.42
1776754800,4778.4,4792.83,4772.885,4786.255
1776758400,4786.23,4793.22,4774.685,4786.09
1776762000,4786.11,4789.79,4781.29,4783.87
1776765600,4783.885,4790.67,4780.965,4789.945
1776769200,4789.95,4798.03,4775.49,4794.62
1776772800,4794.615,4796.995,4766.545,4778.98
1776776400,4778.97,4794.52,4760.35,4779.47
1776780000,4779.35,4782.74,4723.77,4739.02
1776783600,4739.04,4757.83,4727.845,4741.78
1776787200,4741.79,4747.06,4708.375,4711.27
1776790800,4711.29,4722.28,4697.16,4711.28
1776794400,4711.185,4714.97,4692.46,4709.555
1776798000,4709.59,4715.06,4668.62,4679.48
1776801600,4679.47,4721.25,4669.175,4720.685
1776808800,4726.085,4726.52,4715.78,4719.63
1776812400,4719.565,4740.66,4718.145,4738.14
1776816000,4738.375,4747.455,4738.375,4740.02
1776819600,4739.96,4754.745,4735.875,4752.27
1776823200,4752.36,4759.025,4750.155,4755.845
1776826800,4755.84,4765.035,4753.17,4758.26
1776830400,4758.275,4759.76,4752.325,4754.665
1776834000,4754.715,4772,4752.32,4767.83
1776837600,4767.74,4768.015,4758.775,4767.905
1776841200,4767.9,4772.385,4759.69,4760.68
1776844800,4760.705,4762.455,4751.98,4757.19
1776848400,4757.085,4762.595,4752.57,4755.335
1776852000,4755.41,4760.415,4745.89,4759.435
1776855600,4759.465,4760.985,4747.88,4750.515
1776859200,4750.52,4760.305,4742.98,4744.54
1776862800,4744.555,4760.99,4736.595,4752.99
1776866400,4752.88,4757.53,4729.99,4736.11
1776870000,4736.14,4740.395,4725.02,4727.68
1776873600,4727.81,4735.045,4723.995,4728.62
1776877200,4728.615,4739.64,4728.56,4737.36
1776880800,4737.31,4750.2,4729.985,4741.81
1776884400,4741.8,4745.595,4737.075,4740.39
1776888000,4740.375,4740.965,4734.59,4740.455
1776895200,4741.96,4742.305,4725.82,4726.07
1776898800,4726.12,4730.005,4723.645,4727.88
1776902400,4727.89,4754.2,4694.135,4747.765
1776906000,4747.755,4750.06,4722.35,4723.555
1776909600,4723.54,4724.81,4698.405,4699.095
1776913200,4699.025,4708.74,4698.26,4704.1
1776916800,4704.03,4707.255,4698.935,4704.49
1776920400,4704.55,4715.36,4692.485,4713.625
1776924000,4713.655,4721.57,4708.6,4713.115
1776927600,4713.095,4720.59,4703.2,4719.275
1776931200,4719.28,4725.115,4701.78,4703.45
1776934800,4703.385,4703.79,4694.765,4697.825
1776938400,4697.83,4701.805,4684.265,4696.82
1776942000,4696.84,4721.065,4695.575,4720.925
1776945600,4720.935,4743.2,4719.905,4740.125
1776949200,4740.115,4741.23,4723.95,4724.435
1776952800,4724.44,4736.69,4717.185,4733.705
1776956400,4733.755,4741.205,4716.545,4720.65
1776960000,4720.685,4737.275,4715.76,4733.055
1776963600,4733.095,4734.61,4664.38,4709.665
1776967200,4709.69,4722.24,4699.43,4701.045
1776970800,4701.06,4704.66,4689.56,4696.08
1776974400,4696.125,4698.365,4686.715,4694.09
1776981600,4695.935,4699.445,4690.21,4693.5
1776985200,4693.495,4700.84,4686.65,4695.445
1776988800,4695.485,4708.175,4690.965,4704.69
1776992400,4704.68,4711.23,4690.29,4699.4
1776996000,4699.415,4700.57,4673.05,4676.955
1776999600,4676.96,4678.435,4668.68,4672.38
1777003200,4672.37,4676.98,4658.03,4674.485
1777006800,4674.55,4687.245,4669.755,4686.555
1777010400,4686.56,4688.255,4667.055,4671.975
1777014000,4671.895,4695.45,4671.085,4694.49
1777017600,4694.51,4697.55,4685.25,4690.915
1777021200,4690.925,4696.76,4679.35,4682.33
1777024800,4682.28,4686.33,4674.88,4677.935
1777028400,4677.93,4717.44,4677.88,4706.87
1777032000,4706.855,4712.025,4690.36,4700.64
1777035600,4700.71,4717.485,4689.665,4711.835
1777039200,4711.585,4740.57,4706.92,4726.435
1777042800,4726.485,4733.425,4715.125,4727.12
1777046400,4727.04,4729.76,4719.255,4726.98
1777050000,4726.99,4730.16,4719.17,4723.35
1777053600,4723.375,4724.975,4717.015,4722.91
1777057200,4722.94,4726.17,4713.785,4716.395
1777060800,4716.405,4717.595,4705.465,4709.75
1777240800,4696.875,4697.365,4680.28,4684.6
1777244400,4684.54,4685.02,4675.21,4680.235
1777248000,4680.22,4698.535,4672.405,4697.94
1777251600,4697.9,4710.08,4691.07,4702.77
1777255200,4702.815,4723.54,4696.38,4718.29
1777258800,4718.26,4729.63,4714.535,4724.23
1777262400,4724.17,4729.965,4722.615,4725
1777266000,4725.01,4725.59,4708.985,4710.325
1777269600,4710.315,4715.895,4709.44,4712.78
1777273200,4712.785,4718.46,4710.16,4713.5
1777276800,4713.42,4714.94,4705.595,4706.795
1777280400,4706.79,4708.365,4699.3,4703.77
1777284000,4703.78,4711.075,4699.675,4708.76
1777287600,4708.795,4709.145,4700.345,4705.12
1777291200,4705.135,4712.655,4697.12,4699.43
1777294800,4699.405,4703.68,4689.125,4696.225
1777298400,4696.24,4696.84,4676.715,4678.24
1777302000,4678.255,4682.755,4667.335,4670.235
1777305600,4670.24,4679.715,4667.425,4676.895
1777309200,4676.915,4686.305,4668.44,4682.24
1777312800,4682.245,4685.585,4679.06,4680.735
1777316400,4680.715,4682.765,4676.74,4680.915
1777320000,4680.91,4681.955,4677.55,4681.955
1777327200,4682.585,4691.32,4682.385,4687.87
1777330800,4687.835,4694.945,4687.195,4692.06
1777334400,4692.195,4701.64,4690.64,4690.835
1777338000,4690.82,4691.75,4669.475,4670.76
1777341600,4670.85,4680.015,4666.6,4669.17
1777345200,4669.265,4676.255,4668.59,4671.155
1777348800,4671.07,4671.41,4666.755,4667.73
1777352400,4667.84,4668.08,4624.08,4632.39
1777356000,4632.34,4643.13,4623.545,4629.06
1777359600,4629.035,4639.5,4620.655,4633.015
1777363200,4633.025,4635.585,4614.75,4629.77
1777366800,4629.73,4630.12,4604.675,4604.755
1777370400,4604.68,4616.78,4603.365,4603.41
1777374000,4603.405,4608.95,4555.635,4562.795
1777377600,4562.895,4600.3,4555.135,4593.935
1777381200,4593.905,4594.85,4570.86,4580.71
1777384800,4580.645,4580.88,4557.36,4574.645
1777388400,4574.655,4586.73,4566.995,4586.625
1777392000,4586.63,4594.93,4577.915,4592.24
1777395600,4592.255,4601.51,4587.28,4594.945
1777399200,4594.965,4600.655,4592.225,4594.415
1777402800,4594.43,4600.18,4593.415,4595.695
1777406400,4595.565,4598.65,4591.275,4596.8
1777413600,4598.745,4598.745,4592.38,4594.17
1777417200,4594.175,4596.27,4588.095,4595.75
1777420800,4595.755,4610.535,4594.995,4600.52
1777424400,4600.53,4600.765,4575.72,4585.015
1777428000,4585.04,4604.32,4585.02,4593.71
1777431600,4593.715,4603.415,4592.395,4595.71
1777435200,4595.725,4605.835,4595.48,4604.825
1777438800,4604.81,4607.725,4590.775,4591.15
1777442400,4591.105,4598.87,4580.925,4584.665
1777446000,4584.69,4589.005,4567.37,4567.93
1777449600,4567.96,4576.995,4557.385,4573.43
1777453200,4573.415,4580.75,4551.675,4555.78
1777456800,4555.775,4576.535,4555.06,4569.95
1777460400,4569.945,4572.2,4559.25,4561.695
1777464000,4561.675,4569.155,4541.705,4544.945
1777467600,4544.91,4553.65,4510.095,4521.73
1777471200,4521.665,4542.815,4517.945,4539.455
1777474800,4539.385,4558.995,4536.3,4547.77
1777478400,4547.765,4564.985,4543.32,4545.565
1777482000,4545.6,4554.625,4541.79,4547.83
1777485600,4547.84,4553.05,4518.335,4538.24
1777489200,4538.255,4550.855,4533.34,4546.93
1777492800,4546.94,4553.855,4541.55,4543.715
1777500000,4540.13,4552.805,4539.685,4552.2
1777503600,4552.185,4561.945,4549.525,4561.685
1777507200,4561.725,4574.245,4556.485,4569.99
1777510800,4569.92,4582.585,4564.76,4579.085
1777514400,4579.08,4582.035,4559.94,4565.085
1777518000,4564.8,4569.24,4555.79,4556.07
1777521600,4556.08,4557.09,4540.925,4542.05
1777525200,4542.06,4569.87,4541.965,4562.69
1777528800,4562.74,4591.59,4560.1,4589.66
1777532400,4589.7,4605.645,4584.885,4598.44
1777536000,4598.48,4629.76,4597.46,4616.36
1777539600,4616.35,4631.93,4614.29,4625.23
1777543200,4625.195,4647.045,4623.705,4639.755
1777546800,4639.78,4645.96,4627.08,4630.26
1777550400,4630.345,4640.14,4624.75,4639.61
1777554000,4639.66,4645.905,4610.82,4611.185
1777557600,4611.24,4625.985,4609.5,4619.62
1777561200,4619.615,4625.57,4611.33,4615.3
1777564800,4615.295,4617.885,4605.48,4607.745
1777568400,4607.71,4621.765,4607.7,4616.895
1777572000,4616.91,4625.36,4616.73,4622.635
1777575600,4622.645,4627.415,4614.655,4617.17
1777579200,4617.18,4622.07,4615.435,4622.065
1777586400,4629.515,4632.99,4626.555,4630.265
1777590000,4630.26,4634.145,4626.585,4626.685
1777593600,4626.655,4631.365,4618.635,4619.93
1777597200,4619.915,4622.435,4614.15,4621.02
1777600800,4620.905,4635.94,4616.655,4619.215
1777604400,4619.155,4632.11,4617.875,4626.735
1777608000,4626.74,4628.865,4609.2,4609.265
1777611600,4609.255,4616.2,4602.985,4605.18
1777615200,4605.235,4608.095,4590.86,4594.925
1777618800,4594.885,4598.165,4575.875,4578.25
1777622400,4578.245,4582.52,4565.16,4569.225
1777626000,4569.2,4573.13,4560.32,4563.035
1777629600,4563.04,4576.105,4561.595,4567.055
1777633200,4567.01,4579.665,4562.515,4578.865
1777636800,4578.81,4607.875,4575.11,4591.435
1777640400,4591.43,4628.905,4586.695,4625.77
1777644000,4625.67,4660.585,4625.16,4632.31
1777647600,4632.325,4648.195,4619.1,4643.25
1777651200,4643.2,4650.035,4633.99,4638.81
1777654800,4638.815,4642.785,4626.785,4629.49
1777658400,4629.495,4630.725,4613.855,4624.385
1777662000,4624.46,4627.69,4609.015,4610.92
1777665600,4610.905,4617.805,4607.22,4613.835
1777845600,4625.35,4629.465,4612.66,4619
1777849200,4618.985,4621,4611.405,4613.965
1777852800,4613.96,4616.685,4601.825,4613.17
1777856400,4613.125,4614.165,4592.965,4613.255
1777860000,4613.26,4618.825,4591.11,4606.065
1777863600,4606.04,4617.34,4598.63,4615.315
1777867200,4615.28,4615.7,4605.36,4606.205
1777870800,4606.19,4613.16,4592.365,4598.92
1777874400,4598.915,4600.76,4583.95,4588.97
1777878000,4588.95,4593.565,4578.215,4579.255
1777881600,4579.245,4581.625,4573.85,4577.27
1777885200,4577.245,4584.825,4572.095,4575.64
1777888800,4575.645,4576.03,4526.09,4562.575
1777892400,4562.545,4570.91,4551.515,4560.515
1777896000,4560.395,4579.44,4559.295,4568.49
1777899600,4568.525,4575.945,4555.205,4564.14
1777903200,4564.16,4583.38,4553.44,4561.625
1777906800,4561.74,4566.2,4513.635,4521.83
1777910400,4521.775,4527.045,4501.035,4510.695
1777914000,4510.74,4531.715,4510.74,4522.48
1777917600,4522.525,4525.4,4509.96,4516.4
1777921200,4516.345,4527.265,4511.425,4517.89
1777924800,4517.84,4524.175,4512.005,4524.115
1777932000,4520.775,4522.92,4515.59,4517.395
1777935600,4517.39,4521.59,4516.125,4519.155
1777939200,4519.2,4530.475,4513.655,4529.755
1777942800,4529.63,4542.13,4525.47,4541.04
1777946400,4541.145,4546.94,4534.775,4538.955
1777950000,4538.875,4542.82,4532.465,4534.64
1777953600,4534.635,4536.71,4528.03,4533.67
1777957200,4533.625,4552,4531.47,4545.945
1777960800,4545.95,4552.02,4533.9,4548.34
1777964400,4548.365,4558.465,4543.42,4545.825
1777968000,4545.815,4559.57,4545.69,4558.375
1777971600,4558.36,4560.445,4550.985,4556.515
1777975200,4556.53,4557.155,4540.13,4543.77
1777978800,4543.755,4564.87,4539.96,4562.99
1777982400,4562.985,4574.595,4554.195,4564.41
1777986000,4564.42,4585.205,4564.42,4579.47
1777989600,4579.57,4586.605,4565.985,4582.39
1777993200,4582.44,4583.85,4568.43,4568.685
1777996800,4568.655,4569.125,4553.77,4561.295
1778000400,4561.28,4562.79,4553.355,4559.94
1778004000,4559.975,4565.83,4557.55,4560.965
1778007600,4561.095,4561.47,4551.625,4555.26
1778011200,4555.14,4560.18,4554.23,4557.535
1778018400,4552.07,4577.46,4546.36,4573.51
1778022000,4573.42,4596,4569.565,4593.87
1778025600,4593.735,4619.97,4588.33,4618.8
1778029200,4618.645,4628.915,4609.63,4626.225
1778032800,4626.2,4642.195,4625.555,4640.95
1778036400,4640.925,4652.13,4638.67,4643.65
1778040000,4643.645,4653.585,4643.455,4648.815
1778043600,4648.82,4663.95,4644.765,4663.22
1778047200,4663.21,4669.97,4657.07,4669.455
1778050800,4669.46,4681.905,4657.47,4681.36
1778054400,4681.325,4702.965,4671.655,4700.58
1778058000,4700.63,4708.7,4689.08,4701.725
1778061600,4701.73,4723.14,4695.705,4718.005
1778065200,4717.98,4721.32,4690.98,4691.99
1778068800,4691.995,4693.1,4660.435,4683.29
1778072400,4683.325,4707.82,4669.02,4702.13
1778076000,4702.13,4717.625,4697.71,4703.205
1778079600,4703.17,4705.915,4687.79,4687.79
1778083200,4687.75,4692.19,4679.705,4683.21
1778086800,4683.205,4688.14,4679.145,4684.27
