time,open,high,low,close
1778090400,4684.275,4690.62,4682.125,4686.13
1778094000,4686.14,4700.235,4686.14,4692.48
1778097600,4692.455,4699.63,4685.26,4690.91
1778104800,4690.165,4699.935,4690.165,4695.05
1778108400,4694.99,4699.59,4690.355,4699.055
1778112000,4698.995,4701.545,4685.655,4688.855
1778115600,4688.86,4721.53,4685.275,4714.925
1778119200,4714.93,4718.745,4700.165,4707.385
1778122800,4707.295,4709.845,4699.12,4699.38
1778126400,4699.425,4701.11,4692.505,4696.48
1778130000,4696.43,4706.81,4694.91,4701.315
1778133600,4701.32,4750.01,4701.29,4739.355
1778137200,4739.37,4750.66,4731.53,4743.28
1778140800,4743.265,4753.435,4730.875,4731.08
1778144400,4731.11,4739.515,4721.84,4729.255
1778148000,4729.255,4739.84,4726.77,4735.795
1778151600,4735.93,4743.805,4727.305,4742.845
1778155200,4742.965,4752.69,4733.185,4750.195
1778158800,4750.235,4758.165,4731.38,4746.495
1778162400,4746.245,4763.58,4741.28,4762.885
1778166000,4762.895,4764.905,4726.43,4729.305
1778169600,4729.31,4729.87,4704.575,4715.24
1778173200,4715.235,4719.685,4687.92,4711.44
1778176800,4711.445,4716.09,4695.535,4709.64
1778180400,4709.62,4712.93,4697.98,4703.045
1778184000,4703.055,4719.195,4686.28,4687.18
1778191200,4694.565,4699.605,4682.045,4686.095
1778194800,4686.115,4705.74,4684.845,4704.405
1778198400,4704.385,4709.615,4694.125,4701.38
1778202000,4701.3,4725.71,4700.45,4722.97
1778205600,4723.145,4732.885,4706.995,4713.57
1778209200,4713.565,4731.185,4711.405,4719.735
1778212800,4719.72,4723.315,4709.31,4711.13
1778216400,4711.22,4731.39,4709.675,4727.62
1778220000,4727.605,4734.895,4712.665,4725.94
1778223600,4725.855,4726.725,4697.045,4707.925
1778227200,4707.965,4723.84,4706.72,4715.76
1778230800,4715.755,4723.13,4707.605,4712.015
1778234400,4711.915,4727.85,4711.24,4719.82
1778238000,4719.8,4727.495,4713.91,4717.9
1778241600,4717.87,4732.125,4702.88,4724.485
1778245200,4724.395,4748.015,4716.51,4747.85
1778248800,4747.84,4749.58,4713.495,4716.01
1778252400,4716.02,4721.065,4702.055,4707.22
1778256000,4707.23,4720.28,4705.55,4712.525
1778259600,4712.505,4722.765,4712.225,4720.96
1778263200,4721.025,4729.025,4720.01,4722
1778266800,4721.995,4726.915,4721.06,4724.09
1778270400,4724.19,4724.43,4714.745,4715.715
1778450400,4687.43,4696.435,4680.075,4691.76
1778454000,4691.75,4698.65,4688.805,4691.89
1778457600,4691.84,4693.375,4670.505,4683.44
1778461200,4683.415,4705.56,4674.635,4685.97
1778464800,4685.975,4700.425,4676.905,4681.985
1778468400,4681.96,4690.715,4675.45,4678.75
1778472000,4678.775,4680.11,4668.55,4672.16
1778475600,4672.1,4680.97,4648.09,4652.53
1778479200,4652.62,4680.645,4649.505,4678.565
1778482800,4678.555,4680.385,4664.33,4667.86
1778486400,4667.79,4678.995,4664.46,4667.895
1778490000,4667.84,4670.275,4650.795,4656.895
1778493600,4656.9,4667.69,4656.49,4664.14
1778497200,4664.15,4677.425,4664.15,4674.625
1778500800,4674.56,4701.245,4667.535,4700.035
1778504400,4700.055,4748.95,4698.82,4736.135
1778508000,4736.125,4738.465,4715.205,4725.625
1778511600,4725.61,4738.195,4722.9,4732.36
1778515200,4732.375,4733.735,4708.005,4716.485
1778518800,4716.415,4724.835,4715.92,4723.895
1778522400,4724.035,4729.47,4721.11,4725.085
1778526000,4725.13,4736.21,4722.495,4733.655
1778529600,4733.755,4738.59,4729.985,4735.455
1778536800,4740.565,4755.745,4737.79,4751.09
1778540400,4751.48,4769.795,4746.35,4767.67
1778544000,4767.675,4773.575,4748.89,4749.56
1778547600,4749.51,4755.805,4720.53,4727.4
1778551200,4727.325,4734.105,4722.425,4730.02
1778554800,4730.05,4733.41,4718.25,4720.33
1778558400,4720.28,4730.48,4710.975,4714.255
1778562000,4714.215,4722.32,4709,4714.595
1778565600,4714.53,4714.735,4694.51,4697.09
1778569200,4697.1,4703.97,4686.395,4699.985
1778572800,4699.995,4706.99,4697.195,4703.415
1778576400,4703.36,4705.155,4694.325,4699.455
1778580000,4699.475,4708.715,4685.28,4694.47
1778583600,4694.615,4709.475,4687.26,4706.49
1778587200,4706.58,4711.68,4689.84,4705.74
1778590800,4705.73,4709.025,4676.88,4679.225
1778594400,4679.365,4695.235,4669.555,4673
1778598000,4672.99,4676.235,4638.365,4666.285
1778601600,4666.29,4675.19,4664.265,4671.375
1778605200,4671.38,4682.42,4671.38,4678.84
1778608800,4678.825,4698.14,4676.235,4695.94
1778612400,4695.96,4715.705,4695.96,4715.595
1778616000,4715.545,4719.365,4712.155,4715.495
1778623200,4719.905,4722.445,4711.74,4716.965
1778626800,4716.955,4723.915,4715.24,4717.175
1778630400,4717.28,4727.03,4713.925,4714.955
1778634000,4715.015,4717.405,4701.205,4702.615
1778637600,4702.575,4707.73,4687.705,4692.01
1778641200,4692,4705.795,4689.025,4696.1
1778644800,4696.165,4703.45,4695.48,4699.57
1778648400,4699.52,4707.385,4693.73,4704.32
1778652000,4704.32,4715.385,4698.955,4701.735
1778655600,4701.755,4708.755,4696.8,4702.78
1778659200,4702.785,4704.34,4694.665,4700.605
1778662800,4700.615,4702.09,4685.905,4700.85
1778666400,4700.87,4710.585,4693.77,4694.19
1778670000,4694.215,4705.7,4691.775,4697.485
1778673600,4697.43,4701.62,4676.135,4683.84
1778677200,4683.715,4694.825,4669.525,4679.415
1778680800,4679.405,4691.12,4672.885,4679.75
1778684400,4679.825,4700.025,4678.92,4695.715
1778688000,4695.65,4709.9,4695.13,4695.865
1778691600,4695.885,4701.28,4684.555,4685.6
1778695200,4685.635,4694.175,4677.63,4685.11
1778698800,4685.14,4690.705,4683.525,4688.38
1778702400,4688.465,4693.475,4686.075,4689.14
1778709600,4693.605,4700.57,4689.06,4700.035
1778713200,4699.98,4702.125,4693.38,4696.62
1778716800,4696.5,4706.795,4689.78,4705.065
1778720400,4705.015,4707.15,4683.455,4688.95
1778724000,4689,4699.775,4680.21,4686.48
1778727600,4686.475,4693.45,4673.965,4675.285
1778731200,4675.3,4712.685,4668.71,4702.355
1778734800,4702.54,4704.235,4689.21,4689.955
1778738400,4689.94,4702.505,4686.31,4700.515
1778742000,4700.43,4718.88,4690.945,4693.35
1778745600,4693.365,4706.83,4692.205,4693.485
1778749200,4693.55,4702.755,4688.645,4699.73
1778752800,4699.74,4705.63,4691.27,4697.09
1778756400,4697.16,4704.895,4689.51,4694.205
1778760000,4694.175,4710.165,4692.42,4704.95
1778763600,4704.945,4707.935,4666.78,4679.775
1778767200,4679.835,4700.98,4677.815,4679.53
1778770800,4679.62,4689.625,4677.195,4685.765
1778774400,4685.815,4687.055,4670.51,4678.66
1778778000,4678.675,4683.115,4676.49,4678.33
1778781600,4678.34,4678.41,4667.165,4671.8
1778785200,4671.89,4672.02,4653.26,4654.37
1778788800,4654.385,4657.18,4644.31,4652.27
1778796000,4654.08,4662.77,4652.145,4662.515
1778799600,4662.5,4665.445,4646.85,4652.15
1778803200,4652.22,4658.225,4613.745,4630.465
1778806800,4630.475,4631.69,4607.51,4614.23
1778810400,4614.265,4623.42,4609.45,4617.945
1778814000,4617.885,4622.33,4607.68,4615.605
1778817600,4615.61,4621.91,4604.45,4606.19
1778821200,4606.3,4606.58,4556.71,4559.04
1778824800,4559.02,4580.645,4556.52,4570.22
1778828400,4570.205,4588.88,4566.07,4570.975
1778832000,4570.985,4572.245,4550.055,4554.62
1778835600,4554.605,4564.035,4531.995,4546.095
1778839200,4546.115,4572.775,4544.3,4566.135
1778842800,4566.12,4570.37,4550.005,4552.18
1778846400,4552.19,4558.815,4543.83,4545.96
1778850000,4545.965,4557.66,4510.985,4533.685
1778853600,4533.645,4566.735,4525.465,4562.85
1778857200,4562.865,4563.78,4533.86,4539.95
1778860800,4539.995,4548.255,4529.555,4544.4
1778864400,4544.23,4564.605,4543.105,4559.65
1778868000,4559.685,4563.115,4552.415,4559.25
1778871600,4559.255,4560.18,4545.1,4546.005
1778875200,4546.01,4546.47,4533.34,4540.645
1779055200,4545.805,4554.915,4538.175,4546.05
1779058800,4546.06,4548.035,4532.25,4537.21
1779062400,4537.215,4542.635,4480.41,4514.795
1779066000,4514.795,4535.715,4489.535,4525.67
1779069600,4525.61,4542.9,4522.355,4533.815
1779073200,4533.785,4548.06,4525.565,4541.215
1779076800,4541.21,4549.93,4530.235,4540.825
1779080400,4540.775,4552.045,4530.205,4531.245
1779084000,4531.19,4548.235,4530.005,4546.855
1779087600,4546.875,4560.095,4538.465,4546.295
1779091200,4546.285,4557.135,4542.44,4549.97
1779094800,4549.96,4552.125,4540.38,4543.205
1779098400,4543.165,4547.955,4532.145,4540.495
1779102000,4540.49,4567.17,4529.96,4550.925
1779105600,4550.965,4575.065,4545.36,4571.425
1779109200,4571.43,4584.375,4561.975,4575.75
1779112800,4575.63,4575.63,4537.81,4546.53
1779116400,4546.555,4548.02,4531.85,4543.71
1779120000,4543.715,4554.69,4533.915,4550.21
1779123600,4550.04,4558.29,4545.645,4546.935
1779127200,4546.95,4547.775,4534.375,4535.855
1779130800,4535.86,4565.07,4535.335,4558.55
1779134400,4558.625,4566.87,4558.08,4566.16
1779141600,4570.36,4578.58,4569.81,4574.115
1779145200,4573.995,4589.09,4573.86,4581.995
1779148800,4582.16,4589.58,4561.465,4563.21
1779152400,4563.26,4572.48,4554.27,4564.065
1779156000,4564.005,4564.005,4546.055,4547.29
1779159600,4547.22,4555.16,4543.77,4545.19
1779163200,4545.18,4545.895,4538.075,4542.605
1779166800,4542.71,4546.675,4531.085,4540.915
1779170400,4540.93,4553.97,4533.68,4548.33
1779174000,4548.315,4559.535,4541.575,4557.28
1779177600,4557.25,4559.25,4536.405,4543.05
1779181200,4543.035,4546.935,4536.205,4542.035
1779184800,4542.01,4544.925,4525.68,4544.925
1779188400,4544.855,4548.01,4529.915,4530.89
1779192000,4530.905,4547.28,4527.6,4537.305
1779195600,4537.385,4537.7,4464.78,4504.175
1779199200,4504.055,4514.23,4484.495,4494.165
1779202800,4494.095,4509.48,4489.845,4508.63
1779206400,4508.64,4512.7,4496.385,4507.9
1779210000,4507.725,4511.125,4499.31,4500.9
1779213600,4500.915,4503.84,4490.33,4493.65
1779217200,4493.63,4497.84,4481.285,4483.5
1779220800,4483.44,4488.355,4481.07,4482.115
1779228000,4484.735,4485.975,4477.45,4484.73
1779231600,4484.61,4496.595,4479.995,4489.485
1779235200,4489.51,4508.85,4479.82,4501.185
1779238800,4501.175,4506.29,4456.095,4481.485
1779242400,4481.54,4487.24,4458.68,4465.395
1779246000,4465.305,4467.265,4453.39,4463.96
1779249600,4463.955,4470.75,4456.8,4462.14
1779253200,4462.07,4479.125,4461.79,4472.855
1779256800,4472.83,4478.555,4461.69,4474.47
1779260400,4474.355,4486.095,4472.08,4478.545
1779264000,4478.585,4490.305,4476.81,4484.065
1779267600,4484.035,4491.18,4472.805,4484.925
1779271200,4484.885,4497.115,4484.68,4494.85
1779274800,4494.845,4501.29,4490.905,4499.16
1779278400,4499.08,4505.435,4493.07,4496.245
1779282000,4496.24,4506.36,4482.26,4483.265
1779285600,4483.285,4537.355,4467.245,4531.295
1779289200,4531.3,4553.045,4523.175,4529.21
1779292800,4529.27,4535.555,4524.115,4534.465
1779296400,4534.475,4538.24,4529.995,4531.445
1779300000,4531.275,4545.16,4529.12,4542.515
1779303600,4542.525,4550.38,4541.81,4545.675
1779307200,4545.66,4550.445,4542.18,4543.705
1779314400,4544.62,4546.92,4535.35,4539.9
1779318000,4539.91,4547.525,4534.74,4546.74
1779321600,4546.87,4553.355,4537.365,4545.16
1779325200,4545.19,4570.895,4539.92,4561.01
1779328800,4561,4564.92,4531.615,4533.24
1779332400,4533.23,4540.28,4527.37,4528.4
1779336000,4528.385,4540.8,4527.56,4538.63
1779339600,4538.72,4540.66,4518.44,4527.975
1779343200,4527.995,4539.905,4518.905,4521.525
1779346800,4521.49,4524.375,4512.075,4519.785
1779350400,4519.85,4537.06,4518.415,4532.715
1779354000,4532.685,4543.06,4528.03,4530.855
1779357600,4530.845,4535.435,4504.895,4511.77
1779361200,4511.82,4521.3,4508.23,4514.08
1779364800,4514.1,4519.47,4502.08,4504.25
1779368400,4504.245,4521.095,4488.63,4513.455
1779372000,4513.465,4515.415,4498.17,4508.795
1779375600,4508.835,4515.43,4496.91,4512.045
1779379200,4512.15,4520.81,4512.15,4519.465
1779382800,4519.465,4559.365,4514.28,4551.435
1779386400,4551.48,4556.085,4527.51,4532.035
1779390000,4532.04,4543.935,4529.795,4543.085
1779393600,4543.07,4544.925,4539.94,4543.425
1779400800,4544.905,4544.93,4539.785,4543.465
1779404400,4543.47,4545.26,4532.43,4535.425
1779408000,4535.47,4541.24,4525.64,4526.71
1779411600,4526.695,4536.235,4521.18,4526.38
1779415200,4526.31,4529.66,4518.53,4523.335
1779418800,4523.395,4530.04,4519.37,4529.54
1779422400,4529.535,4532.98,4525.41,4527.135
1779426000,4527.09,4534.325,4507.43,4511.7
1779429600,4511.705,4528.98,4510.025,4527.02
1779433200,4527.045,4527.5,4516.2,4521.87
1779436800,4521.875,4531.32,4517.02,4521.835
1779440400,4521.83,4535.96,4514.88,4532.255
1779444000,4532.265,4536.82,4510.285,4514.705
1779447600,4514.66,4525.315,4511.67,4520.635
1779451200,4520.595,4535.96,4515.325,4528.24
1779454800,4528.225,4534.495,4510.32,4514.02
1779458400,4513.6,4513.73,4491.93,4500.615
1779462000,4500.73,4522.555,4500.245,4519.975
1779465600,4520.085,4526.915,4512.38,4515.05
1779469200,4515.1,4527.995,4513.215,4519.255
1779472800,4519.245,4520.34,4512.11,4515.27
1779476400,4515.28,4516.05,4504.34,4508.45
1779480000,4508.48,4510.69,4504.17,4509.69
1779660000,4550.54,4565.825,4548.91,4565.33
1779663600,4565.36,4580.21,4565.27,4567.08
1779667200,4567.07,4579.575,4566.33,4569.72
1779670800,4569.715,4576.585,4560.34,4563.08
1779674400,4563.09,4570.51,4558.955,4561.43
1779678000,4561.435,4564.6,4556.585,4559.78
1779681600,4559.655,4565.94,4559.39,4564.88
1779685200,4564.895,4566,4552.015,4553.43
1779688800,4553.455,4563.43,4550.55,4562.69
1779692400,4562.7,4565.18,4552.495,4564.79
1779696000,4564.78,4565.085,4553.435,4556.01
1779699600,4556.07,4569.165,4554.92,4567.62
1779703200,4567.62,4573.825,4567.62,4568.6
1779706800,4568.63,4577.115,4567.705,4569.46
1779710400,4569.455,4570.41,4553.12,4567.795
1779714000,4567.74,4571.605,4560.17,4563.125
1779717600,4563.14,4570.655,4562.46,4566.985
1779721200,4566.97,4574.875,4565.665,4571.06
1779724800,4571.07,4574.685,4568.005,4573.63
1779728400,4573.485,4578.065,4563.365,4565.11
1779732000,4565.175,4572.05,4564.325,4570.315
1779746400,4571.33,4576.635,4569.68,4574.935
1779750000,4574.95,4580.245,4555.415,4559.77
1779753600,4559.865,4560.36,4539.595,4549.9
1779757200,4549.905,4550.685,4527.865,4537.3
1779760800,4537.285,4539.75,4530.165,4532.445
1779764400,4532.45,4545.6,4532.22,4542.4
1779768000,4542.44,4543.255,4523.59,4525.65
1779771600,4525.635,4535.24,4523.005,4527.37
1779775200,4527.32,4536.28,4527.26,4531.135
1779778800,4531.225,4539.2,4521.68,4538.365
1779782400,4538.33,4539.145,4520.11,4523.88
1779786000,4523.89,4526.665,4512.07,4522.775
1779789600,4522.81,4540.69,4519.52,4534.46
1779793200,4534.46,4536.405,4503.615,4507.46
1779796800,4507.465,4523.875,4500.785,4520.59
1779800400,4520.565,4531.475,4512.3,4514.15
1779804000,4514.37,4525.11,4507.91,4515.425
1779807600,4515.495,4515.755,4502.41,4506.64
1779811200,4506.725,4511.34,4499.845,4505.155
1779814800,4505.155,4507.765,4490.025,4491.19
1779818400,4491.135,4499.66,4482.62,4499.425
1779822000,4499.43,4510.055,4497.805,4509.05
1779825600,4509.04,4511.22,4504.2,4507.57
1779832800,4506.725,4512.66,4498.125,4511.13
1779836400,4511.155,4528.05,4504.485,4519.68
1779840000,4519.54,4526.035,4514.315,4515.06
1779843600,4515.055,4521.19,4507.005,4508.165
1779847200,4508.16,4509.745,4498.075,4505.96
1779850800,4505.94,4512.095,4496.91,4497.325
1779854400,4497.32,4517.375,4496.065,4510.28
1779858000,4510.31,4513.94,4491.89,4497.685
1779861600,4497.68,4499.31,4479.87,4485.17
1779865200,4485.18,4489.43,4475.985,4482.265
1779868800,4482.27,4498.845,4481.385,4497.93
1779872400,4497.92,4497.92,4487.14,4490.165
1779876000,4490.16,4490.705,4442.765,4445.99
1779879600,4446.075,4453.41,4425.145,4428.795
1779883200,4428.79,4466.7,4427.66,4439.01
1779886800,4438.975,4439.215,4401.63,4427.425
1779890400,4427.455,4455.655,4426.08,4434.105
1779894000,4434.07,4441.64,4428.21,4436.55
1779897600,4436.555,4453.36,4434.23,4450.8
1779901200,4450.82,4454.39,4441.415,4450.495
1779904800,4450.28,4458.445,4447.795,4454.435
1779908400,4454.445,4454.855,4448.905,4451.01
1779912000,4450.925,4458.975,4450.13,4456.12
1779919200,4456.89,4462.58,4455.31,4457.55
1779922800,4457.545,4457.815,4443.905,4447.11
1779926400,4447.125,4458.245,4443.7,4457.15
1779930000,4457.56,4459,4406.875,4410.105
1779933600,4410.29,4412.91,4392.63,4394.37
1779937200,4394.27,4397.925,4368.605,4374.89
1779940800,4374.86,4382.4,4366.23,4373.1
1779944400,4373.13,4395.97,4367.215,4388.115
1779948000,4388.1,4390.67,4374.31,4383.795
1779951600,4383.815,4396.31,4382.9,4387.745
1779955200,4387.725,4395.145,4385.99,4387.055
1779958800,4387.01,4399.195,4386.545,4393.605
1779962400,4393.645,4404.33,4375.255,4383.17
1779966000,4383.12,4390.725,4381.01,4387.925
1779969600,4387.945,4433.88,4379.745,4432.24
1779973200,4432.245,4439.185,4418.255,4430.46
1779976800,4430.285,4480.53,4420.87,4469.97
1779980400,4469.945,4484.995,4468.825,4482.505
1779984000,4482.51,4511.075,4477.685,4511.015
1779987600,4511.035,4514.63,4501.305,4509.065
1779991200,4509.06,4516.63,4498.645,4501.385
1779994800,4501.365,4503.79,4497.305,4497.995
1779998400,4497.965,4500.715,4494.775,4495.825
1780005600,4497.085,4498.15,4491.135,4491.22
1780009200,4491.26,4497.24,4488.975,4495.08
1780012800,4495.195,4500.75,4492.085,4496.22
1780016400,4496.37,4520.815,4492.42,4506.52
1780020000,4506.55,4511.31,4498.6,4501.785
1780023600,4501.69,4502.145,4494.935,4501.38
1780027200,4501.365,4515.19,4501.18,4514.105
1780030800,4514.1,4515.73,4502.635,4515.165
1780034400,4515.17,4524.09,4510.03,4523.605
1780038000,4523.59,4526.2,4510.695,4524.82
1780041600,4524.8,4524.855,4509.955,4514.95
1780045200,4514.965,4539.75,4513.255,4531.315
1780048800,4531.26,4543.31,4525.58,4538.825
1780052400,4538.785,4540.665,4525.935,4538.58
1780056000,4538.6,4538.765,4512.73,4523.215
1780059600,4523.18,4540.785,4517.04,4536.725
1780063200,4536.73,4570.61,4525.38,4564.135
1780066800,4564.13,4595.33,4557.56,4571.25
1780070400,4571.3,4573.68,4560.07,4567.03
1780074000,4567.05,4568.57,4551.715,4553.51
1780077600,4553.545,4561.75,4551.015,4553.245
1780081200,4553.24,4560.29,4542.9,4545.685
1780084800,4545.515,4549.24,4540.06,4540.53
1780264800,4520.795,4540.485,4520.025,4535.37
1780268400,4535.405,4545.845,4535.23,4539.665
1780272000,4539.68,4546.27,4535.39,4540.765
1780275600,4540.83,4541.45,4523.715,4525.47
1780279200,4525.46,4534.825,4521.325,4521.595
1780282800,4521.605,4525.64,4509.965,4516.555
1780286400,4516.615,4519.74,4508.64,4514.64
1780290000,4514.66,4525.27,4512.79,4518.32
1780293600,4518.285,4518.855,4500.32,4501.61
1780297200,4501.57,4510.09,4492.59,4503.345
1780300800,4503.325,4504.69,4490.45,4498.275
1780304400,4498.27,4506.455,4489.095,4495.945
1780308000,4495.95,4511.15,4495.95,4504.125
1780311600,4504.11,4513.08,4499.94,4505.895
1780315200,4505.915,4510.55,4497.62,4502.215
1780318800,4502.265,4503.985,4448.35,4450.745
1780322400,4449.595,4464.845,4447.86,4458.81
1780326000,4458.83,4479.885,4455.595,4474.29
1780329600,4474.16,4482.27,4463.07,4480.17
1780333200,4480.23,4495.54,4471.58,4487.46
1780336800,4487.455,4490.24,4484.915,4486.73
1780340400,4486.605,4488.245,4479.16,4481.265
1780344000,4481.29,4485.89,4480.26,4484.725
1780351200,4483.385,4486.67,4479.755,4485.765
1780354800,4485.755,4488.345,4479.21,4484.475
1780358400,4484.545,4497.135,4476.91,4481.545
1780362000,4481.45,4492.49,4463.01,4474.03
1780365600,4474,4486.78,4472.265,4486.065
1780369200,4486.05,4499.445,4485.785,4499.425
1780372800,4499.43,4518.4,4497.915,4517.45
1780376400,4517.44,4528.26,4515.1,4517.195
1780380000,4517.145,4538.455,4517.07,4535.945
1780383600,4535.765,4541.63,4528.085,4535.14
1780387200,4535.16,4539.255,4526.095,4526.845
1780390800,4526.855,4535.76,4521.715,4529.95
1780394400,4529.97,4534.085,4524.7,4533.28
1780398000,4533.29,4534.845,4525.72,4527.635
1780401600,4527.66,4534.19,4513.555,4514.79
1780405200,4514.84,4524.91,4503.015,4503.08
1780408800,4503.055,4507.065,4490.435,4504.27
1780412400,4504.29,4508.64,4500.16,4502.18
1780416000,4502.245,4502.85,4486.355,4491.965
1780419600,4491.95,4493.22,4482.14,4484.615
1780423200,4484.63,4491.075,4478.785,4487.365
1780426800,4487.385,4490.375,4483.495,4488.205
1780430400,4488.185,4491.14,4486.315,4487.955
1780437600,4490.115,4493.32,4484.15,4484.94
1780441200,4485.015,4488.91,4462.29,4474.465
1780444800,4474.375,4496.885,4474.11,4486.19
1780448400,4486.01,4487.81,4463.64,4475.86
1780452000,4475.955,4485.335,4472.9,4481.895
1780455600,4481.91,4487.655,4481.86,4484.475
1780459200,4484.62,4488.44,4468.385,4469.485
1780462800,4469.455,4474.455,4456.71,4457.165
1780466400,4457.215,4471.06,4455.39,4463.2
1780470000,4463.245,4472.375,4453.025,4453.46
1780473600,4453.55,4459.495,4440.365,4444.11
1780477200,4444.065,4459.135,4439.09,4443.315
1780480800,4443.28,4467.185,4441.115,4459.045
1780484400,4459.035,4468.19,4458.645,4462.56
1780488000,4462.555,4467.255,4448.375,4460.365
1780491600,4460.34,4466.205,4426.42,4446.875
1780495200,4446.84,4459.745,4442.48,4457.24
1780498800,4457.3,4458.515,4436.755,4442.405
1780502400,4442.27,4444.05,4433.925,4442
1780506000,4442.035,4448.445,4435.73,4439.2
1780509600,4439.19,4443.075,4435.535,4442.235
1780513200,4442.23,4452.325,4441.605,4444.03
1780516800,4444.04,4445.485,4430.635,4434.715
1780524000,4431.91,4453.23,4423.965,4449.285
1780527600,4449.23,4464.87,4445.64,4457.54
1780531200,4457.615,4465.46,4444.245,4448.57
1780534800,4448.38,4473.95,4443.18,4465.91
1780538400,4465.81,4476.71,4455.63,4475.23
1780542000,4475.04,4477.37,4458.52,4463.865
1780545600,4463.86,4484.055,4462.47,4481.135
1780549200,4481.2,4482.44,4466.98,4469.34
1780552800,4469.335,4477.255,4463.075,4467.865
1780556400,4467.955,4470.89,4459.66,4461.795
1780560000,4461.665,4469.595,4458.665,4463.57
1780563600,4463.595,4475.725,4461.035,4470.595
1780567200,4470.55,4474.025,4464.35,4473.88
1780570800,4473.86,4514.76,4468.785,4511.62
1780574400,4511.555,4513.875,4491.185,4504.185
1780578000,4504.17,4515.515,4495.515,4495.865
1780581600,4495.87,4500.035,4457.36,4466.11
1780585200,4466.115,4479.115,4463.78,4477.45
1780588800,4477.435,4485.17,4475.37,4482.855
1780592400,4482.835,4482.835,4474.09,4478.16
1780596000,4478.19,4481.22,4472.775,4478.28
1780599600,4478.275,4483.555,4476.2,4480.77
1780603200,4480.78,4481.655,4474.455,4475.29
1780610400,4474.185,4481.625,4469,4469.87
1780614000,4469.805,4474.155,4460.67,4461.915
1780617600,4461.93,4467.02,4450.79,4459.55
1780621200,4459.565,4470.045,4444.265,4447.02
1780624800,4447.07,4455.14,4438.69,4440.575
1780628400,4440.56,4444.135,4435.305,4442.615
1780632000,4442.66,4446.84,4437.69,4445.065
1780635600,4445.085,4450.26,4438.795,4440.085
1780639200,4440.06,4456.175,4428.72,4452.95
1780642800,4452.945,4467.34,4451.99,4460.955
1780646400,4460.86,4468.355,4458.725,4462.795
1780650000,4462.715,4469.465,4458.895,4465.025
1780653600,4465.03,4468.21,4461.975,4466.61
1780657200,4466.595,4475.325,4458.28,4470.22
1780660800,4470.305,4475.885,4404.93,4406.605
1780664400,4406.65,4421.235,4365.475,4365.755
1780668000,4365.865,4379.45,4344.605,4369.81
1780671600,4369.86,4372.615,4334.11,4335.645
1780675200,4335.58,4345.095,4323.27,4344.68
1780678800,4344.85,4347.455,4335.715,4341.965
1780682400,4341.97,4342.355,4315.345,4322.485
1780686000,4322.55,4325.215,4314.005,4318.73
1780689600,4318.745,4330.79,4311.93,4327.885
1780869600,4321.55,4330.885,4310.115,4317.53
1780873200,4317.64,4347.095,4317.585,4344.16
1780876800,4344.175,4353.45,4340.06,4342.45
1780880400,4342.55,4346.18,4300.025,4325.83
1780884000,4325.82,4330.855,4307.14,4310.82
1780887600,4310.785,4317.295,4303.66,4317.145
1780891200,4317.235,4322.005,4307.72,4312.98
1780894800,4312.975,4316.21,4268.48,4292.19
1780898400,4292.145,4311.525,4292.14,4300.16
1780902000,4300.16,4316.96,4294.52,4294.59
1780905600,4294.44,4297.325,4285.415,4288.82
1780909200,4288.84,4302.01,4273.165,4294.455
1780912800,4294.495,4305.94,4286.105,4302.19
1780916400,4302.165,4333.455,4297.285,4331.425
1780920000,4331.435,4339.505,4320.28,4333.34
1780923600,4333.345,4346.88,4321.3,4327.185
1780927200,4327,4331.705,4314.945,4331.01
1780930800,4331.07,4345.775,4322.67,4341.84
1780934400,4341.82,4346.4,4337.89,4340.775
1780938000,4340.81,4342.525,4332.025,4339.2
1780941600,4339.225,4346.005,4333.025,4334.79
1780945200,4334.81,4338.295,4323.365,4326.63
1780948800,4326.615,4330.4,4324.59,4330.065
1780956000,4326.5,4328.93,4322.88,4327.91
1780959600,4327.94,4328.915,4312.96,4317.88
1780963200,4317.71,4323.775,4315.125,4320.045
1780966800,4320.025,4338.945,4318.66,4336.465
1780970400,4336.515,4341.005,4328.315,4336.275
1780974000,4336.27,4342.275,4331.275,4336.565
1780977600,4336.57,4339.36,4324.33,4332.585
1780981200,4332.625,4351.56,4330.83,4343.67
1780984800,4343.655,4348.995,4330.225,4330.725
1780988400,4330.69,4334.895,4322.365,4326.83
1780992000,4326.84,4337.02,4321.32,4326.695
1780995600,4326.69,4336.32,4324.19,4332.225
1780999200,4332.24,4340.965,4325.2,4339.275
1781002800,4339.31,4343.86,4335.74,4340.02
1781006400,4340.015,4344.39,4334.97,4341.555
1781010000,4341.57,4363.72,4325.285,4329.075
1781013600,4329.055,4336.22,4278.58,4300.535
1781017200,4300.645,4302.235,4263.29,4272.46
1781020800,4272.385,4281.295,4236.7,4252.165
1781024400,4252.19,4268.235,4251.395,4263.13
1781028000,4263.12,4274.345,4259.585,4270.105
1781031600,4270.155,4271.675,4249.96,4258.815
1781035200,4258.85,4262.195,4255.69,4259.965
1781042400,4256.145,4257.605,4232.475,4237.52
1781046000,4237.495,4247.43,4210.505,4222.155
1781049600,4222.165,4228.5,4199.025,4218.42
1781053200,4218.435,4219.2,4183.89,4188.7
1781056800,4188.715,4192.455,4173.265,4173.98
1781060400,4173.89,4186.555,4173.115,4184.92
1781064000,4184.92,4187.215,4172.565,4174.855
1781067600,4174.895,4209.155,4173.57,4205.25
1781071200,4205.21,4222.005,4201.835,4204.005
1781074800,4203.995,4208.14,4181.59,4186.085
1781078400,4186.065,4187.385,4161.47,4169.135
1781082000,4169.11,4179.65,4163.195,4168.75
1781085600,4168.755,4178.785,4155.715,4174.81
1781089200,4174.835,4176.325,4145.865,4147.79
1781092800,4147.785,4173.98,4130.62,4147.235
1781096400,4147.29,4186.42,4133.065,4179.605
1781100000,4179.695,4181.215,4117.78,4125
1781103600,4124.985,4137.06,4107.03,4128.92
1781107200,4128.98,4135.385,4116.16,4122.13
1781110800,4122.085,4135.08,4100.985,4111.72
1781114400,4111.78,4120.51,4097.095,4101.67
1781118000,4101.69,4102.25,4081.73,4082.775
1781121600,4082.75,4083.185,4067.24,4072.015
1781128800,4061.7,4069.38,4036.06,4046.485
1781132400,4046.53,4064.965,4023.87,4047.445
1781136000,4047.475,4078.15,4036.03,4075.92
1781139600,4075.725,4118.395,4066.315,4101.91
1781143200,4102.065,4102.815,4052.295,4068.03
1781146800,4068.055,4078.705,4057.04,4072.675
1781150400,4072.665,4086.155,4070.26,4082.93
1781154000,4082.935,4106.325,4072.885,4094.355
1781157600,4094.28,4097.58,4076.52,4094.485
1781161200,4094.49,4110.64,4091.845,4104.925
1781164800,4104.845,4112.725,4084.7,4084.715
1781168400,4084.71,4096.54,4077.645,4091.745
1781172000,4091.695,4094.74,4086.71,4090.07
1781175600,4090.065,4096.07,4079.975,4080.395
1781179200,4080.5,4087.31,4057.55,4081.97
1781182800,4081.98,4092.92,4067.285,4083.235
1781186400,4083.275,4085.57,4052.975,4073.41
1781190000,4073.405,4095.655,4070.38,4088.905
1781193600,4088.905,4107.755,4078.03,4080.375
1781197200,4080.38,4170.095,4072.02,4151.895
1781200800,4151.925,4171.76,4131.455,4161.87
1781204400,4161.94,4220.22,4161.94,4208.91
1781208000,4208.97,4218.69,4208.17,4211.195
1781215200,4208.535,4246.715,4205.51,4243.515
1781218800,4243.505,4246.09,4214.28,4219.915
1781222400,4219.815,4230.53,4200.875,4208.435
1781226000,4208.405,4210.98,4171.405,4186.71
1781229600,4186.645,4200.03,4182.91,4191.475
1781233200,4191.375,4204.995,4189.425,4197.17
1781236800,4197.195,4201.27,4189.685,4189.92
1781240400,4189.885,4193.03,4171.005,4173.47
1781244000,4173.51,4185.77,4172.385,4184.12
1781247600,4184.05,4194.53,4170.29,4194.53
1781251200,4194.495,4226.13,4192.165,4219.545
1781254800,4219.55,4228.07,4217.45,4221.995
1781258400,4222.01,4225.71,4202.945,4211.055
1781262000,4211.005,4215.43,4197.735,4206.915
1781265600,4206.93,4215.43,4188.59,4191.76
1781269200,4191.795,4210.325,4182.88,4186.575
1781272800,4186.545,4208.62,4177.25,4204.07
1781276400,4204.065,4235.69,4200.38,4212.12
1781280000,4212.155,4233.085,4208.2,4216.155
1781283600,4216.19,4226.525,4214.03,4221.515
1781287200,4221.535,4235.485,4214.215,4215.625
1781290800,4215.575,4219.565,4201.82,4210.8
1781294400,4210.78,4219.52,4209.505,4218.56
1781474400,4301.665,4309.19,4280.395,4285.675
1781478000,4285.705,4295.225,4281.24,4294.04
1781481600,4294.045,4308.42,4291.635,4292.545
1781485200,4292.635,4319.715,4285.32,4316.94
1781488800,4316.905,4335.57,4316.28,4329.65
1781492400,4329.64,4331.395,4321.26,4325.1
1781496000,4325.195,4330.44,4320.76,4328.345
1781499600,4328.33,4333.05,4307.57,4310.135
1781503200,4310.15,4313.48,4301.005,4308.125
1781506800,4308.185,4325.375,4305.41,4323.24
1781510400,4323.22,4345.555,4321.875,4334.14
1781514000,4334.145,4343.285,4334.145,4336.78
1781517600,4336.885,4341.585,4335.4,4338.31
1781521200,4338.31,4347.575,4331.99,4335.505
1781524800,4335.525,4349.41,4324.8,4349.15
1781528400,4349.135,4369.085,4341.32,4355.215
1781532000,4355.2,4369.665,4353.91,4356.89
1781535600,4356.88,4360.855,4349.655,4356.345
1781539200,4356.395,4358.825,4334.65,4339.19
1781542800,4339.26,4339.26,4320.545,4324.955
1781546400,4324.965,4328.015,4318.06,4325.75
1781550000,4325.68,4326.825,4316.73,4320.71
1781553600,4320.725,4322.095,4306.545,4308.85
1781560800,4312.985,4315.44,4306.11,4312.215
1781564400,4312.22,4319.33,4311.485,4315.705
1781568000,4315.665,4320.955,4306.985,4319.295
1781571600,4319.305,4326.02,4312.27,4313.6
1781575200,4313.615,4321.08,4307.7,4318.855
1781578800,4318.805,4333.375,4315.515,4330.475
1781582400,4330.45,4332.245,4321.315,4322.63
1781586000,4322.65,4331,4314.24,4315.84
1781589600,4315.825,4324.525,4313.53,4323.835
1781593200,4323.99,4335.585,4322.665,4335.105
1781596800,4335.1,4348.105,4332.715,4347.02
1781600400,4347.03,4348.505,4338.41,4345.205
1781604000,4345.2,4349.14,4342.34,4349.14
1781607600,4349.045,4349.655,4335.165,4341.005
1781611200,4341.025,4354.95,4337.5,4354.66
1781614800,4354.57,4354.835,4331.67,4331.855
1781618400,4331.82,4338.89,4313.32,4324.19
1781622000,4324.11,4343.445,4321.025,4335.35
1781625600,4335.305,4347.145,4334.975,4340.6
1781629200,4340.57,4341.2,4325.37,4340.215
1781632800,4340.235,4342.94,4336.235,4338.58
1781636400,4338.66,4342.92,4330.69,4334.105
1781640000,4334.06,4335.015,4329.69,4331.28
1781647200,4331.69,4336.255,4328.975,4335.45
1781650800,4335.445,4338.57,4329.58,4331.025
1781654400,4331.03,4341.785,4328.615,4337.06
1781658000,4336.995,4349.605,4334.265,4340.955
1781661600,4340.965,4344.545,4329.74,4331.73
1781665200,4331.72,4334.29,4328.79,4332.305
1781668800,4332.31,4334.18,4317.665,4326.845
1781672400,4326.87,4334.285,4321.125,4326.685
1781676000,4326.81,4331.92,4320.575,4331.82
1781679600,4331.785,4332.825,4324.73,4325.275
1781683200,4325.325,4328.08,4317.19,4324.72
1781686800,4324.67,4335.81,4321.29,4329.64
1781690400,4329.64,4335.225,4326.735,4331.49
1781694000,4331.58,4332.165,4321.04,4323.285
1781697600,4323.315,4335.79,4319.94,4333.68
1781701200,4333.675,4345.27,4324.09,4339.705
1781704800,4339.695,4364.09,4330.95,4344.7
1781708400,4344.67,4364.935,4343.82,4363.575
1781712000,4363.545,4366.555,4355.14,4359.515
1781715600,4359.505,4382.615,4355.335,4379.55
1781719200,4379.505,4379.505,4270.2,4286.52
1781722800,4286.535,4295.7,4219.165,4236.055
1781726400,4235.99,4269.855,4235.205,4257.65
1781733600,4257.675,4271.645,4257.675,4267.02
1781737200,4267,4283.89,4264.245,4278.08
1781740800,4278.09,4315.39,4276.625,4308.39
1781744400,4308.355,4328.545,4306.83,4318.045
1781748000,4318.05,4329.865,4310.365,4310.96
1781751600,4310.94,4322.73,4309.225,4319.635
1781755200,4319.745,4324.055,4309.82,4315.68
1781758800,4315.685,4324.91,4301.355,4308.105
1781762400,4308.14,4310.035,4296.23,4306.66
1781766000,4306.675,4309.375,4287.445,4288.645
1781769600,4288.665,4293.015,4265.6,4266.965
1781773200,4267.03,4273.365,4259.875,4268.64
1781776800,4268.61,4272.985,4254.85,4255.66
1781780400,4255.69,4255.995,4240.07,4242.04
1781784000,4242.035,4269.225,4240.55,4246.79
1781787600,4246.775,4276.745,4245.09,4256.755
1781791200,4256.795,4257.98,4237.265,4252.345
1781794800,4252.365,4254.845,4223.2,4226.69
1781798400,4226.75,4233.465,4214.165,4219.65
1781802000,4219.675,4233.225,4218.805,4230.29
1781805600,4230.305,4233.235,4218.34,4218.605
1781809200,4218.715,4219.29,4201.495,4217.205
1781812800,4217.21,4219.685,4207.685,4208.995
1781820000,4204.63,4210.695,4202.685,4207.54
1781823600,4207.585,4208.55,4186.94,4188.445
1781827200,4188.44,4198.245,4184.075,4190.62
1781830800,4190.625,4194.665,4184.125,4184.995
1781834400,4184.955,4186.335,4171.955,4176.425
1781838000,4176.395,4177.355,4146.05,4153.68
1781841600,4153.685,4155.33,4125.225,4125.685
1781845200,4125.63,4141.84,4121.955,4139.77
1781848800,4139.765,4150.87,4133.065,4147.775
1781852400,4147.665,4163.355,4147.665,4158.215
1781856000,4158.22,4178.525,4155.435,4169.325
1781859600,4169.31,4171.08,4161.18,4163.025
1781863200,4163.03,4163.285,4148.2,4149.835
1781866800,4149.72,4155.105,4142.035,4152.71
1781870400,4152.805,4180.12,4147.445,4179.07
1781874000,4179.06,4183.125,4150.565,4151.54
1781877600,4151.525,4154.765,4142.545,4149.485
1781881200,4149.475,4154.155,4147.835,4151.25
1781884800,4151.24,4157.985,4144.32,4155.405
1782079200,4157.1,4160.11,4147.905,4156.44
1782082800,4156.43,4164.945,4136.695,4140.385
1782086400,4140.405,4201.24,4140.095,4201.185
1782090000,4201.27,4221.37,4189.735,4191.225
1782093600,4191.24,4200.29,4183.54,4188.575
1782097200,4188.59,4190.065,4170.805,4171.635
1782100800,4171.57,4182.345,4170.695,4181.945
1782104400,4181.82,4198.66,4179.51,4193.96
1782108000,4193.925,4207.355,4191.31,4197.59
1782111600,4197.62,4201.945,4188.87,4190.49
1782115200,4190.5,4197.945,4188.645,4197.455
1782118800,4197.425,4210.215,4195.985,4208.23
1782122400,4208.21,4214.42,4203.715,4204.795
1782126000,4204.8,4215.255,4201.61,4207.555
1782129600,4207.57,4212,4192.24,4193.295
1782133200,4193.29,4205.8,4183,4199.875
1782136800,4199.925,4210.78,4186.48,4198.385
1782140400,4198.39,4201.455,4169.82,4182.805
1782144000,4182.85,4193.23,4174.405,4190.13
1782147600,4190.235,4191.725,4177.165,4183.235
1782151200,4183.31,4192.915,4182.67,4191.34
1782154800,4191.36,4193.47,4184.23,4190.755
1782158400,4190.8,4193.835,4188.72,4191.69
1782165600,4192.855,4194.86,4188.445,4189.975
1782169200,4189.965,4195.255,4186.875,4187.615
1782172800,4187.585,4194.74,4178.485,4193.49
1782176400,4193.345,4198.605,4150.025,4161.305
1782180000,4161.32,4163.4,4146.545,4146.99
1782183600,4146.95,4149.95,4130.965,4144.195
1782187200,4144.35,4147.065,4114.825,4118.325
1782190800,4118.36,4137.595,4115.58,4121.245
1782194400,4121.195,4127.17,4110.335,4114.49
1782198000,4114.455,4124.92,4096.61,4098.98
1782201600,4098.99,4111.05,4091.03,4105.34
1782205200,4105.32,4122.375,4103.945,4122.375
1782208800,4122.42,4133.48,4119.565,4119.68
1782212400,4119.67,4132.11,4117.44,4123.405
1782216000,4123.445,4127.48,4111.72,4113.305
1782219600,4113.295,4140.39,4105.43,4135.39
1782223200,4135.35,4145.215,4122.775,4130.08
1782226800,4130.075,4141.82,4123.485,4138.71
1782230400,4138.755,4143.94,4131.645,4134.385
1782234000,4134.355,4139.955,4127.79,4128.1
1782237600,4128.12,4131.16,4112.88,4117.88
1782241200,4117.895,4126.215,4111.675,4111.795
1782244800,4111.845,4113.035,4107.53,4110.745
1782252000,4111.71,4115.235,4097.01,4104.275
1782255600,4104.26,4104.355,4080.895,4099.25
1782259200,4099.27,4112.135,4093.82,4097.5
1782262800,4097.55,4102.51,4068.52,4089.075
1782266400,4088.96,4096.335,4052.07,4061.275
1782270000,4061.22,4070.705,4050.47,4062.835
1782273600,4062.87,4067.34,4055.035,4064.635
1782277200,4064.475,4086.24,4060.86,4075.85
1782280800,4075.74,4097.73,4075.63,4087.135
1782284400,4087.075,4090.845,4073.795,4074.925
1782288000,4074.94,4087.76,4073.185,4076.385
1782291600,4076.39,4079.36,4064.26,4064.655
1782295200,4064.82,4066.96,4054.6,4055.805
1782298800,4055.855,4058.615,4037.585,4046.78
1782302400,4046.765,4048.86,3987.655,3987.93
1782306000,3988.115,4042.26,3964.645,4038.365
1782309600,4038.33,4041.025,4003.075,4008.05
1782313200,4008.17,4016.97,3997.37,4002.635
1782316800,4002.605,4022.435,3995.615,4006.845
1782320400,4006.865,4011.49,3972.78,3972.9
1782324000,3973.035,3994.34,3959.08,3981.535
1782327600,3981.74,3990.875,3973.67,3988.055
1782331200,3988.07,4003,3984.71,3999.5
1782338400,4006.955,4007.825,3992.905,3996.475
1782342000,3996.5,4018.825,3990.87,4012.5
1782345600,4012.47,4016.42,3978.5,3991.775
1782349200,3991.71,4005.825,3972.425,3976.92
1782352800,3976.91,3991.35,3962.475,3982.83
1782356400,3982.845,4001.125,3966.335,3995.365
1782360000,3995.4,3997.76,3983.605,3996.225
1782363600,3996.205,4000.215,3980.535,3986.73
1782367200,3986.545,3989.465,3974.12,3977.655
1782370800,3977.68,3989.765,3971.695,3987.835
1782374400,3987.885,4002.11,3984.355,3989.17
1782378000,3989.24,3997.72,3986.095,3988.245
1782381600,3988.265,3989.52,3981.355,3984.39
1782385200,3984.595,3987.86,3973.64,3980.14
1782388800,3980.2,4019.38,3978.84,4012.67
1782392400,4012.68,4034.225,4000.98,4002.365
1782396000,4002.36,4028.55,3999.17,4011.925
1782399600,4011.92,4042.755,4005.02,4041.525
1782403200,4041.49,4044.085,4023.88,4028.73
1782406800,4028.78,4036.83,4026.88,4034.725
1782410400,4034.735,4044.14,4026.025,4034.8
1782414000,4034.88,4043.87,4021.965,4026.83
1782417600,4026.745,4035.155,4024.51,4026.92
1782424800,4030.09,4036.505,4019.935,4026.44
1782428400,4026.28,4030.535,4012.815,4014.555
1782432000,4014.635,4024.735,4011.575,4020.495
1782435600,4020.505,4030.015,4014.315,4020.915
1782439200,4020.875,4023.355,3982.95,3990.61
1782442800,3990.56,4006.685,3986.645,4004.52
1782446400,4004.51,4015.295,3998.935,4011.705
1782450000,4011.71,4021.57,4005.63,4008.19
1782453600,4008.205,4033.185,4006.795,4032.115
1782457200,4032.1,4039.875,4026.81,4030.565
1782460800,4030.525,4037.805,4025.86,4030.94
1782464400,4030.945,4054.16,4029.59,4047.185
1782468000,4047.175,4054.995,4042.42,4054.705
1782471600,4054.73,4055.76,4042.61,4045.965
1782475200,4045.985,4061.615,4035.935,4058.99
1782478800,4059.035,4078.265,4043.23,4073.77
1782482400,4073.75,4093.15,4067.805,4080.585
1782486000,4080.63,4095.985,4075.72,4090.625
1782489600,4090.71,4093.785,4082.21,4085.2
1782493200,4085.225,4088.215,4073.825,4074.85
1782496800,4074.865,4079.02,4067.275,4067.46
1782500400,4067.48,4074.695,4064.705,4071.815
1782504000,4071.845,4091.205,4064.795,4088.385
1782684000,4075.86,4083.82,4053.375,4066.425
1782687600,4066.385,4070.545,4052.145,4063.115
1782691200,4063.08,4074.33,4048.15,4069.41
1782694800,4069.415,4074.75,4053.77,4061.6
1782698400,4061.59,4071.85,4058.53,4066.24
1782702000,4066.185,4076.015,4064.92,4068.895
1782705600,4068.88,4069.125,4049.665,4052.335
1782709200,4052.23,4057.505,4039.325,4054.475
1782712800,4054.415,4064.88,4053.585,4062.365
1782716400,4062.405,4068.83,4056.185,4061.72
1782720000,4061.63,4066.78,4043.875,4047.28
1782723600,4047.26,4055.485,4024.44,4031.66
1782727200,4031.65,4039.855,4027.545,4037.015
1782730800,4037.02,4042.34,4027.51,4039.285
1782734400,4039.38,4052.61,4037.605,4043.75
1782738000,4043.785,4051.935,4028.315,4032.265
1782741600,4032.36,4035.62,4000.325,4025.745
1782745200,4025.71,4030.525,4016.84,4026.96
1782748800,4026.975,4028.765,4018.755,4023.975
1782752400,4023.98,4032.17,4019.405,4021.055
1782756000,4021.07,4025.41,4012.02,4013.58
1782759600,4013.57,4019.675,4005.435,4015.955
1782763200,4015.91,4018.115,4012.82,4016.955
1782770400,4018.65,4022.455,4009.57,4014.235
1782774000,4014.365,4022.505,4013.675,4015.1
1782777600,4015.05,4015.4,3979.98,3987.34
1782781200,3987.325,3987.505,3942.1,3969.76
1782784800,3969.59,3973.645,3952.135,3963.13
1782788400,3963.01,3971.42,3960.255,3970.06
1782792000,3969.975,3998.27,3968.165,3985.585
1782795600,3985.575,3991.02,3975.23,3978.05
1782799200,3978.035,4034.325,3978.035,4029.625
1782802800,4029.68,4034.86,4023.785,4032.28
1782806400,4032.285,4037.665,4013.8,4015.725
1782810000,4015.695,4023.955,4012.47,4023.955
1782813600,4023.985,4031.385,4021.565,4029.895
1782817200,4029.85,4037.43,4025.45,4034.05
1782820800,4033.99,4034.56,4008.74,4009.97
1782824400,4010.025,4033.46,4009.455,4029.375
1782828000,4029.415,4063.48,4025.425,4037.405
1782831600,4037.455,4039.53,4022.335,4029.365
1782835200,4029.335,4034.015,4025.86,4026.175
1782838800,4026.145,4032.265,4020.765,4030.885
1782842400,4030.875,4033.925,4028.24,4028.55
1782846000,4028.56,4029.605,4014.73,4015.97
1782849600,4015.985,4021.265,4006.58,4007.525
1782856800,4014.34,4018.175,4011.085,4013.245
1782860400,4013.3,4018.505,4005.505,4005.835
1782864000,4005.86,4009.915,3993.21,3996.72
1782867600,3996.77,3999.9,3974.1,3977.995
1782871200,3978.005,3986.25,3970.395,3979.395
1782874800,3979.38,3987.095,3976.765,3980.58
1782878400,3980.615,3982.985,3972.515,3976.7
1782882000,3976.685,3979.15,3969.98,3974.13
1782885600,3974.135,3977.605,3963.34,3971.99
1782889200,3971.965,3978.585,3960.275,3976.065
1782892800,3976.1,3984.555,3969.465,3974.665
1782896400,3974.645,3986.145,3972.95,3984.545
1782900000,3984.535,3998.75,3981.39,3998.41
1782903600,3998.51,4035.595,3997.975,4030.475
1782907200,4030.5,4034.045,4019.65,4022.905
1782910800,4022.93,4108.205,4012.865,4089.65
1782914400,4090.045,4115.81,4082.925,4093.46
1782918000,4093.475,4094.665,4076.75,4081.16
1782921600,4081.165,4088.435,4070.55,4071.285
1782925200,4071.18,4073.725,4067.33,4068.21
1782928800,4068.21,4070.85,4057.865,4062.19
1782932400,4062.175,4068.365,4034.58,4038.88
1782936000,4038.87,4039.83,4028.265,4031.705
1782943200,4038.71,4045.155,4035.155,4045.035
1782946800,4045.025,4045.185,4033.245,4035.325
1782950400,4035.335,4052.795,4030.895,4052.095
1782954000,4052.14,4068.73,4045.29,4050.32
1782957600,4050.315,4061.065,4041.515,4057.085
1782961200,4057.09,4074.235,4055.51,4070.03
1782964800,4070.025,4073.325,4060.77,4060.87
1782968400,4060.885,4067.865,4053.245,4066.275
1782972000,4066.36,4079.92,4066.11,4073.275
1782975600,4073.305,4075.585,4060.815,4064.375
1782979200,4064.34,4080.12,4061.475,4076.19
1782982800,4076.195,4077.225,4064.095,4065.275
1782986400,4065.425,4068.8,4061.665,4066.365
1782990000,4066.37,4072.325,4057.44,4065.33
1782993600,4065.34,4140.525,4061.31,4117.58
1782997200,4117.55,4144.08,4109.445,4136.79
1783000800,4136.81,4138.265,4114.06,4128.655
1783004400,4128.64,4131.665,4114.745,4128.54
1783008000,4128.6,4130.39,4100.355,4118.185
1783011600,4118.02,4120.045,4105.855,4106.89
1783015200,4106.815,4127.09,4105.895,4122.75
1783018800,4122.755,4124.485,4108.295,4121.425
1783022400,4121.385,4125.19,4116.365,4123.605
1783029600,4125.815,4128.335,4122.62,4124.745
1783033200,4124.725,4135.08,4121.47,4126.105
1783036800,4126.015,4151.14,4122.775,4147.115
1783040400,4147.175,4195.51,4146.725,4182.51
1783044000,4182.525,4186.86,4176.485,4183.425
1783047600,4183.4,4184.62,4175.205,4176.07
1783051200,4176.02,4183.06,4173.085,4179.065
1783054800,4179.055,4182.08,4169.165,4171.335
1783058400,4171.33,4174.515,4160.415,4173.11
1783062000,4173.145,4181.665,4169.39,4177.535
1783065600,4177.55,4186.655,4176.9,4181.14
1783069200,4181.09,4182.08,4168.57,4172.115
1783072800,4172.08,4181.275,4170.865,4177.16
1783076400,4177.09,4186.46,4175.64,4181.025
1783080000,4181.04,4183.29,4172.255,4176.775
1783083600,4176.905,4179.38,4163.705,4164.76
1783087200,4164.9,4171.295,4155.41,4170
1783090800,4169.99,4174.51,4164.54,4164.825
1783094400,4164.815,4176.58,4163,4175.695
1783288800,4180.345,4191.665,4177.305,4188.315
1783292400,4188.31,4202.225,4177.22,4183.285
1783296000,4183.275,4189.085,4170.295,4179.715
1783299600,4179.525,4202.705,4172.795,4186.07
1783303200,4186.265,4187.905,4168.71,4174.29
1783306800,4174.215,4176.53,4161.175,4165.375
1783310400,4165.36,4166.78,4157.525,4159.87
1783314000,4159.85,4161.09,4144.83,4148.135
1783317600,4148.13,4159.63,4145.91,4150.475
1783321200,4150.465,4166.52,4147.255,4164.58
1783324800,4164.68,4166.14,4147.265,4150.52
1783328400,4150.53,4151.25,4136.555,4143.24
1783332000,4143.225,4155.92,4142.095,4154.93
1783335600,4154.885,4159.6,4151.54,4155.265
1783339200,4155.28,4158.525,4131.52,4139.65
1783342800,4139.66,4150.625,4136.055,4140.835
1783346400,4140.1,4147.25,4128.51,4138.25
1783350000,4138.23,4152.185,4137.54,4148.43
1783353600,4148.48,4156.34,4140.295,4155.14
1783357200,4155.15,4161.65,4150.455,4161.26
1783360800,4161.295,4167.59,4155.435,4164.08
1783364400,4164.075,4165.53,4158.895,4163.81
1783368000,4163.805,4165.17,4160.77,4165.115
1783375200,4164.735,4168.65,4164.15,4164.275
1783378800,4164.29,4165.77,4157.005,4157.425
1783382400,4157.435,4162.75,4145.195,4146.13
1783386000,4146.095,4148.07,4125.7,4141.91
1783389600,4141.975,4145.39,4131.59,4136.815
1783393200,4136.805,4140.35,4124.535,4131.3
1783396800,4131.355,4141.415,4126.065,4126.835
1783400400,4126.885,4131.535,4116.7,4124.15
1783404000,4124.145,4133.03,4121.675,4130.54
1783407600,4130.535,4133.665,4124.465,4124.815
1783411200,4124.765,4139.395,4121.94,4126.08
1783414800,4126.065,4133.9,4119.81,4131.235
1783418400,4131.22,4138.875,4131.205,4135.83
1783422000,4135.835,4158.36,4131.84,4157.175
1783425600,4157.185,4175.085,4154.625,4172.4
1783429200,4172.505,4180.52,4156.16,4158.71
1783432800,4158.64,4163.95,4143.73,4154.32
1783436400,4154.215,4155.7,4135.945,4139.055
1783440000,4139.07,4147.31,4137.135,4145.235
1783443600,4145.19,4148.345,4140.685,4144.575
1783447200,4144.635,4145.365,4125.23,4127.105
1783450800,4127.06,4127.88,4092.295,4114.215
1783454400,4114.205,4115.905,4103.53,4106.12
1783461600,4105.04,4106.35,4095.74,4098.375
1783465200,4098.355,4108.01,4096.065,4098.775
1783468800,4098.78,4126.82,4097.125,4111.74
1783472400,4111.58,4117.89,4096.56,4111.23
1783476000,4111.275,4125.11,4106.08,4114.57
1783479600,4114.61,4131.22,4114.56,4123.55
1783483200,4123.45,4128.955,4120.61,4125.295
1783486800,4125.29,4133.99,4121.26,4127.925
1783490400,4127.895,4133.805,4122.245,4123.67
1783494000,4123.665,4127.27,4114.9,4121.36
1783497600,4121.345,4121.365,4052.285,4057.005
1783501200,4056.93,4061.105,4041.565,4043.515
1783504800,4043.545,4058.77,4040.575,4053.165
1783508400,4053.155,4072.845,4041.55,4062.335
1783512000,4062.235,4086.445,4058.885,4072.325
1783515600,4072.33,4083.185,4065.34,4070.895
1783519200,4070.825,4071.585,4033.885,4040.915
1783522800,4040.955,4043.96,4021.815,4034.46
1783526400,4034.49,4064.48,4033.225,4063.87
1783530000,4063.875,4076.495,4059.77,4065.53
1783533600,4065.45,4091.67,4063.5,4084.285
1783537200,4084.275,4091.375,4078.425,4080.055
1783540800,4080.04,4083.64,4071.645,4077.12
1783548000,4074.405,4079.885,4073.475,4076.57
1783551600,4076.575,4077.905,4072.26,4076.285
1783555200,4076.185,4090.02,4070.38,4073.97
1783558800,4073.985,4078.895,4062.475,4073.09
1783562400,4073.185,4082.83,4064.525,4065.195
1783566000,4065.19,4067.8,4054.4,4064.25
1783569600,4064.37,4064.705,4056.455,4064.405
1783573200,4064.4,4084.325,4063.85,4082.02
1783576800,4081.995,4108.185,4081.44,4108.04
1783580400,4108.065,4111.24,4101.54,4107.95
1783584000,4108.02,4118.005,4105.315,4108.34
1783587600,4108.34,4112.52,4103.09,4106.355
1783591200,4106.35,4110.22,4093.855,4099.23
1783594800,4099.205,4110.59,4097.915,4108.61
1783598400,4108.605,4122.63,4105.225,4107.69
1783602000,4107.665,4129.59,4106.875,4122.085
1783605600,4122.015,4136.605,4114.305,4127.84
1783609200,4127.915,4132.84,4124.885,4126.885
1783612800,4126.885,4138.035,4125.785,4128.155
1783616400,4128.115,4138.06,4125.095,4136.24
1783620000,4136.225,4136.48,4121.53,4124.59
1783623600,4124.58,4127.06,4118.91,4122.56
1783627200,4122.44,4125.745,4120.7,4123.79
1783634400,4125.25,4127.815,4121.65,4121.9
1783638000,4121.94,4125.24,4121.065,4123.535
1783641600,4123.54,4128.47,4114.545,4126.51
1783645200,4126.565,4131.26,4108.72,4116.895
1783648800,4116.995,4129.105,4116.12,4127.77
1783652400,4127.76,4134.92,4119.55,4120.355
1783656000,4120.375,4121.285,4112.265,4115.32
1783659600,4115.315,4117.285,4108.39,4116.89
1783663200,4116.845,4120.19,4111.16,4111.785
1783666800,4111.68,4115.52,4104.44,4109.07
1783670400,4108.985,4109.65,4094.86,4098.03
1783674000,4098.02,4105.625,4094.535,4104.5
1783677600,4104.525,4112.815,4104.28,4104.67
1783681200,4104.595,4108.205,4096.155,4102.415
1783684800,4102.465,4117.585,4097.63,4100.765
1783688400,4100.865,4106.765,4085.855,4099.995
1783692000,4099.99,4109.145,4072.8,4092.94
1783695600,4092.945,4113.595,4091.46,4113.115
1783699200,4113.215,4115.51,4104.48,4104.525
1783702800,4104.52,4107.035,4100.58,4100.785
1783706400,4100.815,4105.58,4098.21,4101.375
1783710000,4101.415,4109.155,4097.925,4108.465
1783713600,4108.47,4121.375,4108.4,4120.67
1783893600,4090.98,4094.82,4069.68,4076.745
1783897200,4076.795,4084.885,4068.61,4084.7
1783900800,4084.72,4091.295,4061.115,4074.105
1783904400,4074.36,4089.905,4065.74,4072.59
1783908000,4072.74,4077.405,4064.695,4068.735
1783911600,4068.57,4069.545,4053.27,4060.66
1783915200,4060.69,4060.69,4050.465,4058.95
1783918800,4058.935,4073.27,4052.17,4053.76
1783922400,4053.765,4063.72,4044.06,4055.655
1783926000,4055.66,4065.225,4049.045,4065.055
1783929600,4065.04,4080.845,4063.29,4074.585
1783933200,4074.555,4076.715,4068.18,4068.43
1783936800,4068.26,4070.705,4046.43,4060.815
1783940400,4060.835,4068.63,4055.08,4056.525
1783944000,4056.55,4067.6,4053.62,4067.56
1783947600,4067.61,4067.8,4042.005,4043.425
1783951200,4043.39,4047.025,4000.23,4015.415
1783954800,4015.4,4020.355,4010.37,4016.09
1783958400,4016.155,4018.115,3986.58,3993.5
1783962000,3993.655,4002.025,3992.055,3993.27
1783965600,3993.335,4005.215,3986.92,4001.51
1783969200,4001.585,4004.615,3993.62,4002.07
1783972800,4002.065,4006.245,3996.59,4001.185
1783980000,4001.64,4005.925,4000.9,4001.075
1783983600,4001.12,4003.18,3992.855,4001.26
1783987200,4001.355,4007.41,3983.545,4004.285
1783990800,4004.32,4012.385,3992.1,4010.58
1783994400,4010.6,4019.235,4006.15,4012.515
1783998000,4012.5,4019.25,4011.09,4017.13
1784001600,4017.195,4023.575,4013.57,4020.26
1784005200,4020.275,4034.25,4019.635,4031.42
1784008800,4031.475,4033.35,4021.75,4024.06
1784012400,4024.07,4029.965,4020.3,4020.83
1784016000,4020.89,4024.03,4014.515,4016.065
1784019600,4016.075,4024.6,4013.925,4021.745
1784023200,4021.66,4023.015,4015.175,4021.875
1784026800,4021.855,4031.915,4015.485,4031.185
1784030400,4031.11,4104.05,4023.33,4076.225
1784034000,4076.335,4088.795,4071,4076.63
1784037600,4076.68,4090.655,4070.71,4085.16
1784041200,4085.21,4100.685,4064.725,4066.415
1784044800,4066.4,4067.31,4057.81,4061.625
1784048400,4061.605,4065.17,4054.57,4062.885
1784052000,4062.68,4063.195,4042.885,4054.35
1784055600,4054.355,4057.395,4047.835,4055.84
1784059200,4055.83,4056.575,4049.31,4052.775
1784066400,4053.215,4053.24,4048.62,4049.05
1784070000,4049.11,4056.215,4046.925,4053.035
1784073600,4052.935,4060.845,4051.05,4059.295
1784077200,4059.285,4062.125,4035.54,4037.43
1784080800,4037.25,4042.305,4029.38,4035.335
1784084400,4035.285,4040.455,4028.1,4031.4
1784088000,4031.45,4035.315,4028.325,4033.245
1784091600,4033.32,4037.16,4022.245,4034.84
1784095200,4034.735,4035.63,4021.465,4032.1
1784098800,4032.155,4034.485,4019.71,4024.615
1784102400,4024.735,4033.29,4017.475,4031.35
1784106000,4031.385,4034.475,4025.605,4030.31
1784109600,4030.405,4036.14,4026.61,4028.27
1784113200,4028.26,4040.25,4027.77,4038.435
1784116800,4038.45,4071.595,4035.955,4067.85
1784120400,4068.045,4074.175,4054.105,4061.69
1784124000,4061.855,4066.07,4053.325,4060.61
1784127600,4060.605,4063.01,4039.655,4046.985
1784131200,4047.03,4048.02,4026.945,4033.83
1784134800,4033.82,4066.3,4033.11,4062.36
1784138400,4062.41,4081.52,4058.1,4059.29
1784142000,4059.265,4063.055,4048.1,4057.12
1784145600,4057.03,4063.225,4055.255,4060.695
1784152800,4060.64,4064.71,4058.235,4059.68
1784156400,4059.57,4062.075,4055.825,4058.02
1784160000,4058.035,4061.21,4043.745,4044.605
1784163600,4044.595,4050.735,4034.075,4039.14
1784167200,4039.145,4040.21,4024.27,4031.525
1784170800,4031.455,4037.075,4027.8,4036.385
1784174400,4036.435,4038.045,4032,4033.305
1784178000,4033.305,4034.13,4025.46,4027.445
1784181600,4027.375,4036.62,4023.21,4030.705
1784185200,4030.7,4031.99,4023.03,4030.805
1784188800,4030.745,4036.645,4025.43,4035.29
1784192400,4035.295,4037.98,4030.55,4031.755
1784196000,4031.695,4034.805,4028.65,4029.565
1784199600,4029.645,4042.43,4021.375,4038.465
1784203200,4038.45,4043.36,3990.58,3992.54
1784206800,3992.55,4008.485,3973.8,3990.265
1784210400,3990.23,4006.815,3987.19,3997.92
1784214000,3997.97,4017.03,3989.47,4007.125
1784217600,4007.17,4007.775,3982.455,3992.05
1784221200,3992.085,3992.99,3980.095,3984.71
1784224800,3984.74,3990.51,3976.69,3980.36
1784228400,3980.4,3986.13,3969.345,3980.085
1784232000,3980.2,3980.27,3971.905,3976.58
1784239200,3979.265,3979.325,3973.365,3978.445
1784242800,3978.455,3986.585,3975.25,3986.105
1784246400,3986.135,3992.06,3980.61,3992
1784250000,3991.975,3996.3,3979.385,3983.44
1784253600,3983.475,3987.52,3970.74,3979.19
1784257200,3979.2,4008.795,3979.025,3991.435
1784260800,3991.415,3991.765,3980.245,3981.97
1784264400,3981.965,3991.54,3975.295,3985.2
1784268000,3985.21,4007.295,3985.21,3999.475
1784271600,3999.43,4002.76,3992.69,3992.775
1784275200,3992.81,3999.985,3987.945,3994.265
1784278800,3994.255,4002.455,3992.93,3998.055
1784282400,3998.06,3999.23,3990.595,3990.995
1784286000,3990.99,3998.805,3990.12,3994.225
1784289600,3994.165,3995.71,3964.155,3966.32
1784293200,3966.34,4003.745,3959.8,3997.37
1784296800,3997.3,4004.605,3990.19,4001.365
1784300400,4001.255,4021.345,3997.74,4019.2
1784304000,4019.36,4023.835,4011.035,4014.98
1784307600,4015.09,4019.27,4008.32,4010.14
1784311200,4010.145,4016.26,4006.68,4011.385
1784314800,4011.305,4016.605,4002.42,4015.475
1784318400,4015.585,4019.04,4008.7,4017.315
1784498400,3995.57,4002.31,3993.485,3994.725
1784502000,3994.8,3996.2,3989.5,3995.515
1784505600,3995.5,4010.325,3982.63,4008.695
1784509200,4008.73,4021.1,3995.82,4002.215
1784512800,4002.205,4028.94,4001.38,4022.015
1784516400,4021.965,4028.04,4018.65,4024.175
1784520000,4024.165,4026.845,4018.55,4018.935
1784523600,4019.04,4021.295,4005.52,4008.72
1784527200,4008.715,4011.855,4002.95,4003.775
1784530800,4003.785,4021.895,4002.185,4017.34
1784534400,4017.26,4030.875,4017.145,4019.03
1784538000,4019.005,4023.34,4014.845,4021.315
1784541600,4021.34,4025.725,4018.31,4024.225
1784545200,4024.355,4040.815,4019.855,4025.315
1784548800,4025.325,4025.325,4006.505,4008.165
1784552400,4008.18,4017.48,4005.77,4005.825
1784556000,4005.795,4013.88,3998.33,4006.3
1784559600,4006.335,4019.63,4004.63,4011.855
1784563200,4011.835,4018.385,4001.58,4009.775
1784566800,4009.77,4013.095,4003.885,4005.38
1784570400,4005.415,4011.87,4003.405,4007.34
1784574000,4007.35,4018.035,4004.305,4006.995
1784577600,4007.005,4009.55,4005.87,4007.585
1784584800,4008.105,4011.025,3999.915,4000.555
1784588400,4000.67,4010.85,4000.305,4010.055
1784592000,4010.06,4027.225,4003.565,4024.8
1784595600,4024.81,4036.16,4018.46,4023.34
1784599200,4023.345,4045.365,4022.055,4038.145
1784602800,4038.135,4051.515,4036.75,4046.96
1784606400,4046.995,4051.92,4043.725,4049.67
1784610000,4049.68,4068.095,4046.375,4061.6
1784613600,4061.61,4084.305,4061.395,4078.605
1784617200,4078.65,4080.285,4067.62,4071.255
1784620800,4071.195,4072.52,4059.175,4062.875
1784624400,4062.92,4069.745,4061,4065.975
1784628000,4065.945,4070.235,4060.975,4063.06
1784631600,4063.055,4063.75,4054.52,4056.175
1784635200,4056.2,4065.725,4051.255,4054
1784638800,4053.9,4061.795,4044.725,4053.245
1784642400,4053.2,4074.08,4051.61,4068.64
1784646000,4068.49,4083.405,4065.74,4074.255
1784649600,4074.265,4079.265,4069.945,4071.555
1784653200,4071.55,4072.855,4066.83,4068.75
1784656800,4068.81,4087.135,4067.79,4082.23
1784660400,4082.25,4085.815,4080.085,4084.485
1784664000,4084.435,4086.455,4076.915,4077.325
1784671200,4078.675,4085.32,4077.165,4080.59
1784674800,4080.595,4083.135,4079.18,4080.71
1784678400,4080.68,4102.575,4076.755,4097.58
1784682000,4097.67,4123.72,4096.78,4122.265
1784685600,4122.16,4131.015,4118.81,4130.66
1784689200,4130.69,4141.715,4129.32,4130.875
1784692800,4130.785,4131.23,4124.725,4126.995
1784696400,4127.01,4134.12,4123.08,4131.26
1784700000,4131.235,4135.415,4113.475,4116.58
1784703600,4116.565,4123.065,4109.395,4110.78
1784707200,4110.785,4120.21,4110.635,4118.28
1784710800,4118.305,4122.325,4113.32,4115
1784714400,4115.025,4121.89,4114.8,4117.59
1784718000,4117.555,4123.17,4112.605,4122.695
1784721600,4122.705,4134.46,4106.72,4113.16
1784725200,4113.155,4155.87,4112.93,4154.525
1784728800,4154.52,4163.54,4144.165,4148.58
1784732400,4148.6,4166.13,4148.59,4159.475
1784736000,4159.475,4159.605,4144.55,4146.84
1784739600,4146.83,4147.93,4138.44,4142.47
1784743200,4142.475,4142.885,4132.125,4136.125
1784746800,4136.115,4137.29,4129.02,4131.905
1784750400,4131.875,4137.92,4128.42,4129.76
1784757600,4119.635,4130.195,4119.59,4121.525
1784761200,4121.625,4134.4,4116.73,4133.495
1784764800,4133.505,4134.67,4125.2,4132.15
1784768400,4131.855,4141.275,4114.425,4118.11
1784772000,4118.035,4129.025,4112.315,4128.14
1784775600,4128.15,4133.25,4124.32,4124.87
1784779200,4124.855,4130.54,4120.07,4121.265
1784782800,4121.26,4130.625,4119.645,4124.165
1784786400,4124.16,4128.37,4117.06,4118.67
1784790000,4118.69,4119.525,4090.055,4095.47
1784793600,4095.42,4097.855,4087.11,4093.52
1784797200,4093.54,4099.63,4088.465,4089.96
1784800800,4089.955,4095.46,4086.185,4093.405
1784804400,4093.375,4094.07,4073.2,4085.765
1784808000,4085.645,4086.045,4061.2,4061.85
1784811600,4061.815,4067.415,4040.595,4043.45
1784815200,4043.52,4061.8,4040.185,4057.98
1784818800,4058.165,4059.64,4042.41,4048.815
1784822400,4048.89,4051.83,4045.96,4051.535
1784826000,4051.535,4054.58,4041.7,4041.88
1784829600,4041.94,4048.445,4040.745,4046.175
1784833200,4046.145,4051.14,4043.115,4049.935
1784836800,4049.945,4051.44,4047.495,4049.78
1784844000,4048.875,4050.655,4048.645,4049.785
1784847600,4049.78,4050.825,4046.71,4047.29
1784851200,4047.33,4051.01,4041.375,4049.88
1784854800,4049.89,4050.39,4039.97,4043.68
1784858400,4043.64,4048.59,4023.07,4024.54
1784862000,4024.535,4033.84,4023.04,4029.54
1784865600,4029.52,4030.54,4025.72,4027.12
1784869200,4027.13,4032.335,4022.06,4023.135
1784872800,4023.195,4039.185,4023.055,4035.845
1784876400,4035.855,4053.84,4035.245,4048.415
1784880000,4048.435,4058.775,4045.28,4057.65
1784883600,4057.645,4060.74,4051.84,4059.885
1784887200,4059.935,4064.025,4057.165,4060.205
1784890800,4060.2,4063.495,4051.49,4057.795
1784894400,4057.81,4060.285,4051.815,4056.095
1784898000,4056.07,4068.68,4044.81,4067.865
1784901600,4067.86,4069.98,4056.115,4063.35
1784905200,4063.4,4082.16,4061.955,4077.535
1784908800,4077.575,4078.245,4064.285,4067.175
1784912400,4067.18,4069.96,4062.985,4063.505
1784916000,4063.555,4064.615,4051.255,4054.47
1784919600,4054.52,4058.01,4049.38,4053.895
1784923200,4053.875,4056.465,4051.665,4052.845
1785103200,4090.16,4093.84,4084.03,4089.575
1785106800,4089.795,4096.515,4083.8,4094.11
1785110400,4094.105,4116.185,4090.64,4100.815
1785114000,4100.83,4112.48,4097.13,4110.255
1785117600,4110.3,4111.105,4093.75,4093.765
1785121200,4093.68,4095.955,4085.23,4091.045
1785124800,4091.055,4092.925,4087.08,4090.39
1785128400,4090.395,4094.99,4084.49,4093.365
1785132000,4093.33,4099.365,4091.36,4096.02
1785135600,4095.98,4106.24,4088.635,4088.885
1785139200,4088.98,4096.985,4087.24,4095.28
1785142800,4095.215,4100.38,4090.575,4096.14
1785146400,4096.12,4102.45,4086.62,4099.625
1785150000,4099.66,4104.205,4093.695,4094.015
1785153600,4094.03,4097.845,4081.73,4083.82
1785157200,4083.875,4089.59,4070.495,4074.445
1785160800,4074.48,4079.23,4065.415,4076.335
1785164400,4076.315,4080.05,4071.915,4078.62
1785168000,4078.625,4094.105,4077.965,4082.56
1785171600,4082.565,4082.565,4070.785,4076.505
1785175200,4076.51,4079.58,4073,4078.005
1785178800,4078.04,4089.485,4076.22,4083.5
1785182400,4083.535,4084.21,4075.325,4076.425
1785189600,4080.685,4081.415,4071.16,4074.32
1785193200,4074.22,4075.14,4070.035,4073.385
1785196800,4073.365,4074.26,4057.665,4058.245
1785200400,4058.23,4060.43,4042.77,4045.23
1785204000,4045.245,4049.215,4040.935,4042.115
1785207600,4042.11,4051.24,4040.455,4049.615
1785211200,4049.605,4049.7,4041.395,4042.305
1785214800,4042.3,4046.625,4034.795,4045.2
1785218400,4045.195,4052.405,4043.015,4048.425
1785222000,4048.395,4052.425,4046.235,4047.395
1785225600,4047.355,4055.21,4041.72,4045.56
1785229200,4045.46,4045.955,4019.575,4023.42
1785232800,4023.49,4028.63,4017.115,4026.67
1785236400,4026.66,4032.555,4023.275,4028.19
1785240000,4028.195,4038.22,4022.965,4029.69
1785243600,4029.74,4036.04,4020.33,4022.11
1785247200,4022.16,4033.6,4011.765,4024.375
1785250800,4024.43,4047.195,4022.16,4046.13
1785254400,4046.145,4046.68,4036.715,4037.605
1785258000,4037.69,4041.73,4025.755,4027.935
1785261600,4027.985,4030.58,4021.715,4023.15
1785265200,4023.19,4028.07,4021.935,4026.465
1785268800,4026.455,4030.555,4022.6,4028.67
1785276000,4026.565,4028.165,4013.975,4018.44
1785279600,4018.45,4026.345,4015.21,4024.945
1785283200,4024.99,4029.815,4017.57,4022.08
1785286800,4022.075,4030.675,4010.41,4026.16
1785290400,4026.165,4038.08,4023.265,4029.435
1785294000,4029.42,4032.84,4023.25,4023.73
1785297600,4023.74,4027.845,4020.655,4027.4
1785301200,4027.425,4040.15,4026.735,4033.135
1785304800,4033.14,4044.845,4033.08,4041.25
1785308400,4041.2,4047.88,4041.2,4043.825
1785312000,4043.82,4044.555,4035.67,4037.64
1785315600,4037.73,4038.38,4031.36,4032.695
1785319200,4032.68,4034.57,4026.065,4027.535
1785322800,4027.555,4036.195,4025.105,4032.845
1785326400,4032.85,4033.5,4009.39,4022.65
1785330000,4022.82,4026.565,4002.6,4007.445
1785333600,4007.455,4010.215,3996.055,4004.875
1785337200,4004.93,4013.815,4003.4,4009.975
1785340800,4010.015,4032.915,4007.63,4027.46
1785344400,4027.455,4050.745,4027.405,4044.285
1785348000,4044.29,4110.12,4042.775,4106.75
1785351600,4106.74,4116.415,4044.375,4044.74
1785355200,4044.74,4070.195,4042.955,4066.34
1785362400,4074.84,4090.65,4064.505,4088.58
1785366000,4088.61,4100.485,4084.4,4084.59
1785369600,4084.625,4086.735,4064.96,4072.27
1785373200,4072.285,4092.955,4070.36,4084.59
1785376800,4084.46,4090.45,4063.435,4063.71
1785380400,4063.705,4070.345,4050.81,4058.88
1785384000,4058.94,4060.385,4044.34,4046.045
1785387600,4046.05,4051.445,4028.69,4033.82
1785391200,4033.725,4040.63,4029.4,4036.54
1785394800,4036.57,4051.43,4035.41,4038.935
1785398400,4038.825,4073.01,4036.81,4061.49
1785402000,4061.485,4073.155,4060.305,4063.405
1785405600,4063.495,4083.23,4063.065,4078.155
1785409200,4078.105,4082.945,4075.77,4077.815
1785412800,4077.79,4086.785,4067.285,4069.03
1785416400,4069.04,4112.825,4065.315,4112.34
1785420000,4112.415,4120.495,4087.195,4100.01
1785423600,4100.075,4110.23,4083.27,4108.25
1785427200,4108.2,4119.285,4106.645,4110.78
1785430800,4110.75,4111.325,4098.505,4102.765
1785434400,4102.75,4107.855,4098.785,4099.74
1785438000,4099.745,4115.375,4098.77,4112.065
1785441600,4112.2,4117.515,4099.235,4103.27
1785448800,4103.36,4111.455,4102.63,4109.385
1785452400,4109.335,4112.01,4102.345,4105.985
1785456000,4106.065,4107.225,4090.585,4094.855
1785459600,4094.835,4101.71,4082.15,4084.325
1785463200,4084.39,4090.405,4074.27,4076.275
1785466800,4076.07,4079.65,4072.145,4075.14
1785470400,4075.07,4081.535,4073.32,4080.16
1785474000,4080.17,4083.315,4073.44,4074.43
1785477600,4074.45,4087.665,4072.785,4077.765
1785481200,4077.735,4079.315,4067.62,4067.81
1785484800,4067.795,4067.89,4054.175,4060.98
1785488400,4060.895,4064.115,4050.315,4055.25
1785492000,4055.185,4058.435,4052.015,4054.565
1785495600,4054.58,4061.15,4050.69,4053.84
1785499200,4053.83,4059.495,4040.575,4040.765
1785502800,4040.75,4047.035,4022.13,4025.51
1785506400,4025.41,4050.435,4020.975,4049.315
1785510000,4049.345,4052.695,4036.82,4045.58
1785513600,4045.585,4049.995,4041.3,4043.415
1785517200,4043.41,4054.805,4041.6,4053.66
1785520800,4053.665,4055.245,4047.18,4050.82
1785524400,4050.785,4055.665,4046.955,4050.935
1785528000,4050.915,4053.105,4043.04,4045.165
1785708000,4075.055,4078.785,4063.515,4063.755
1785711600,4063.705,4075.09,4063.3,4075.065
1785715200,4075.07,4079.185,4055.88,4057.35
1785718800,4057.355,4063.7,4047.345,4056.77
1785722400,4056.775,4067.275,4052.11,4062.605
1785726000,4062.51,4068.1,4059.5,4065.115
1785729600,4065.145,4072.055,4064,4064.045
1785733200,4063.99,4070.045,4054.17,4069.035
1785736800,4069.03,4072.185,4060.51,4063.94
1785740400,4063.95,4065.305,4052.19,4061.155
1785744000,4061.1,4062.595,4054.335,4059.42
1785747600,4059.43,4062.21,4046.685,4055.355
1785751200,4055.375,4057.13,4045.84,4049.495
1785754800,4049.485,4063.245,4045.57,4062.505
1785758400,4062.465,4064.74,4042.34,4047.85
1785762000,4047.865,4053.855,4019.24,4032.35
1785765600,4031.91,4039.16,4026.75,4036.375
1785769200,4036.475,4041.03,4030.54,4036.135
1785772800,4036.14,4039.335,4034.805,4037.03
1785776400,4037.06,4037.8,4030.27,4030.57
1785780000,4030.62,4045.12,4029.675,4043.535
1785783600,4043.53,4055.815,4043.485,4052.08
1785787200,4052.145,4058.215,4050.325,4055.33
1785794400,4052.12,4053.58,4049.04,4052.765
1785798000,4052.725,4055.22,4050.22,4053.96
1785801600,4053.93,4069.465,4048.64,4049.425
1785805200,4049.345,4061.97,4042.72,4058.82
1785808800,4058.825,4065.235,4055.62,4059.08
1785812400,4059,4061.855,4052.25,4052.56
1785816000,4052.61,4066.425,4051.25,4063.765
1785819600,4063.785,4067.835,4057.2,4061.975
1785823200,4061.96,4066.215,4055.7,4063.515
1785826800,4063.58,4066.79,4060.845,4065.535
1785830400,4065.635,4072.97,4054.455,4055.19
1785834000,4055.16,4055.505,4046.255,4049.93
1785837600,4049.935,4060.84,4045.62,4053.99
1785841200,4053.995,4084.345,4052.44,4074.995
1785844800,4075.055,4084.56,4061.115,4070.945
1785848400,4070.925,4093.88,4061.23,4083.955
1785852000,4083.995,4092.075,4074.55,4083.64
1785855600,4083.645,4088.885,4074.735,4087.35
1785859200,4087.44,4093.685,4083.195,4093.41
1785862800,4093.36,4106.475,4086.205,4086.21
1785866400,4086.18,4089.06,4075.285,4079.945
1785870000,4079.995,4084.86,4076.39,4078.615
1785873600,4078.61,4080.295,4074.69,4077.055
1785880800,4078.39,4085.87,4075.735,4075.805
1785884400,4075.89,4077.205,4065.33,4072.605
1785888000,4072.6,4083.63,4070.505,4082.55
1785891600,4082.57,4102.58,4077.725,4101.43
1785895200,4101.44,4135.435,4095.42,4129.195
1785898800,4129.2,4136.69,4126.92,4128.33
1785902400,4128.335,4141.505,4128.26,4135.595
1785906000,4135.575,4173.1,4134.885,4161.545
1785909600,4161.535,4178.565,4160.3,4177.565
1785913200,4177.645,4179.555,4162.225,4170.81
1785916800,4170.8,4172.68,4159.045,4160.515
1785920400,4160.64,4167.17,4153.145,4157.98
1785924000,4157.97,4161.495,4150.28,4161.42
1785927600,4161.455,4192.625,4160.85,4188.93
1785931200,4188.945,4213.54,4183.305,4183.985
1785934800,4183.965,4206.845,4183.795,4206.17
1785938400,4206.11,4247.64,4203.67,4244.26
1785942000,4244.3,4265.29,4232.375,4233.025
1785945600,4233.03,4247.48,4224.89,4242.26
1785949200,4242.33,4252.555,4237,4250.36
1785952800,4249.95,4268.09,4249.26,4260.985
1785956400,4261,4262.27,4246.405,4247.13
1785960000,4247.08,4249.76,4243.06,4247.275
1785967200,4249.5,4250.385,4245.825,4250.045
1785970800,4250.055,4282.05,4249.12,4278.305
1785974400,4278.315,4300.39,4264.64,4294.985
1785978000,4294.99,4302.74,4272.98,4286.64
1785981600,4286.405,4304.31,4274.93,4278.71
1785985200,4278.735,4280.95,4260.48,4265.795
1785988800,4265.78,4267.27,4253.045,4262.265
1785992400,4262.1,4268.675,4247.24,4267.345
1785996000,4267.325,4268.64,4249.39,4256.225
1785999600,4256.22,4265.47,4252.6,4262.79
1786003200,4262.96,4278.915,4260.345,4278.33
1786006800,4278.405,4284.885,4271.27,4273.16
1786010400,4273.11,4273.7,4264.545,4270.915
1786014000,4270.91,4273.405,4254.26,4263.3
1786017600,4263.305,4271.115,4249.145,4250.27
1786021200,4250.235,4274.29,4230.46,4267.025
1786024800,4267.025,4275.44,4260.255,4273.055
1786028400,4273.065,4274.39,4229.505,4233.82
1786032000,4233.815,4243.18,4223.505,4241.525
1786035600,4241.51,4248.2,4238.545,4247.27
1786039200,4247.345,4249.74,4240.755,4243.535
1786042800,4243.56,4251.385,4233.12,4248.95
1786046400,4248.81,4250.215,4234.78,4240.75
1786053600,4236.61,4243.5,4236.605,4240.83
1786057200,4240.555,4253.245,4240.36,4252.425
1786060800,4252.42,4253.015,4229.875,4232.9
1786064400,4232.925,4259.365,4231.59,4256.97
1786068000,4256.955,4261.785,4247.21,4250.36
1786071600,4250.39,4266.545,4249.57,4266.265
1786075200,4266.245,4269.215,4260.81,4265.045
1786078800,4264.995,4280.635,4262.1,4278.815
1786082400,4278.875,4298.945,4278.535,4297.275
1786086000,4297.3,4298.095,4282.99,4290.18
1786089600,4290.17,4316.735,4289.13,4306.245
1786093200,4306.25,4320.865,4302.29,4316.08
1786096800,4316.075,4320.695,4308.09,4316.97
1786100400,4316.965,4327.745,4316.9,4321.245
1786104000,4321.24,4371.84,4301.015,4361.425
1786107600,4361.415,4368.01,4338.98,4348.255
1786111200,4348.265,4353.025,4327.455,4341.605
1786114800,4341.615,4358.545,4339.895,4341.13
1786118400,4341.185,4349.745,4329.28,4329.305
1786122000,4329.3,4343.15,4327.865,4340.275
1786125600,4340.325,4343.03,4332.255,4335.695
1786129200,4335.7,4350.41,4335.565,4344.08
1786132800,4344.12,4345.38,4336.015,4341.935
1786312800,4340.28,4346.235,4334.605,4341.59
1786316400,4341.605,4349.11,4332.32,4333.115
1786320000,4333.075,4347.215,4330.84,4332.21
1786323600,4332.27,4340.655,4313.43,4322.67
1786327200,4322.695,4332.405,4318.79,4319.735
1786330800,4319.72,4330.025,4317.805,4326.735
1786334400,4326.79,4339.64,4323.21,4339.535
1786338000,4339.475,4352.41,4331.74,4347.405
1786341600,4347.475,4359.935,4341.97,4358.31
1786345200,4358.22,4362.06,4350.23,4355.46
1786348800,4355.445,4356.76,4343.905,4346.65
1786352400,4346.715,4350.07,4340.395,4341.29
1786356000,4341.34,4344.275,4335.45,4335.75
1786359600,4335.78,4339.535,4329.045,4335.12
1786363200,4335.095,4337.635,4324.125,4332.625
1786366800,4332.66,4340.165,4316.675,4317.985
1786370400,4317.98,4352.04,4317.965,4345.435
1786374000,4345.6,4359.545,4343.325,4358.51
1786377600,4358.53,4364.8,4349.19,4356.845
1786381200,4356.855,4365.315,4351.75,4360.23
1786384800,4360.3,4383.05,4359.84,4378.49
1786388400,4378.495,4395.385,4378.495,4388.555
1786392000,4388.55,4392.135,4386.005,4390.235
1786399200,4389.775,4401.065,4389.34,4399.895
1786402800,4399.935,4402.715,4394.7,4402.355
1786406400,4402.41,4419.335,4396.44,4409.495
1786410000,4409.49,4434.265,4393.78,4429.815
1786413600,4429.705,4435.245,4408.09,4410.975
1786417200,4410.96,4421.675,4409.835,4416.9
1786420800,4416.895,4420.5,4403.49,4409.005
1786424400,4408.995,4409.15,4367.52,4375.47
1786428000,4375.47,4382.7,4359.675,4366.315
1786431600,4366.335,4367.97,4356.7,4357.655
1786435200,4357.635,4376.765,4357,4369.29
1786438800,4369.245,4375.655,4367.675,4372.505
1786442400,4372.57,4382.77,4371.37,4382.56
1786446000,4382.485,4393.11,4380.565,4387.8
1786449600,4387.8,4400.185,4383.875,4392.53
1786453200,4392.52,4404.29,4384.645,4389.5
1786456800,4389.35,4397.99,4381.29,4394.125
1786460400,4394.175,4398.83,4369.15,4383.905
1786464000,4383.92,4385.9,4378.52,4383.46
1786467600,4383.5,4385.765,4368.935,4369.19
1786471200,4369.225,4372.69,4360.295,4371.59
1786474800,4371.655,4374.28,4361.265,4370.745
1786478400,4370.78,4371.225,4367.18,4368.245
1786485600,4372.355,4378.52,4367.28,4369.2
1786489200,4369.19,4374.77,4362.655,4371.645
1786492800,4371.65,4383.8,4366.54,4380.5
1786496400,4380.585,4397.42,4378.445,4396.5
1786500000,4396.505,4414.5,4394.21,4411.32
1786503600,4411.355,4416.25,4401.065,4402.36
1786507200,4402.365,4403.425,4395.44,4401.175
1786510800,4401.125,4404.88,4384.02,4391.025
1786514400,4391.01,4406.445,4385.235,4403.545
1786518000,4403.535,4410.145,4398.345,4406.355
1786521600,4406.355,4410.545,4401.8,4401.895
1786525200,4401.95,4424.46,4401.925,4416.055
1786528800,4416.09,4421.025,4407.575,4412.88
1786532400,4412.885,4416.805,4407.995,4412.935
1786536000,4412.955,4438.305,4382.485,4437.37
1786539600,4437.37,4441.315,4408.65,4427.53
1786543200,4427.535,4439.75,4416.545,4422.16
1786546800,4422.245,4430.14,4411.145,4421.17
1786550400,4421.145,4426.57,4396.575,4401.68
1786554000,4401.685,4411.575,4399.135,4399.62
1786557600,4399.625,4418.005,4396.575,4413.165
1786561200,4413.185,4418.475,4408.335,4414.08
1786564800,4413.99,4414.37,4406.725,4408.525
1786572000,4405.785,4405.8,4398.43,4401.835
1786575600,4401.925,4414.62,4401.875,4414.515
1786579200,4414.565,4449.83,4413.06,4427.76
1786582800,4427.71,4435.44,4406.33,4408.55
1786586400,4408.5,4414.245,4399.135,4407.215
1786590000,4407.145,4412.29,4398.78,4400.3
1786593600,4400.235,4400.525,4391.615,4397.825
1786597200,4397.85,4407.31,4380.63,4383.06
1786600800,4383.12,4385.68,4369.035,4381.06
1786604400,4380.955,4381.84,4369.405,4369.93
1786608000,4369.935,4379.355,4364.17,4376.025
1786611600,4375.995,4384.92,4372.605,4384.635
1786615200,4384.66,4393.86,4381.51,4392.245
1786618800,4392.215,4396.715,4382.99,4387.865
1786622400,4387.8,4401.9,4380.88,4401.82
1786626000,4401.745,4402.215,4370.84,4373.045
1786629600,4373.055,4387.19,4357.395,4383.705
1786633200,4383.725,4385.73,4357.755,4365.145
1786636800,4365.13,4368.5,4351.355,4367
1786640400,4367.055,4373.435,4355.81,4356.06
1786644000,4356.05,4363.73,4354.75,4357.045
1786647600,4357.125,4358.97,4343.65,4350.255
1786651200,4350.235,4352.28,4346.985,4351.27
1786658400,4353.405,4362.945,4353.015,4354.91
1786662000,4354.92,4364.45,4349.315,4356.475
1786665600,4356.46,4362.045,4329.42,4341.095
1786669200,4341.085,4341.325,4312.22,4318.255
1786672800,4318.26,4322.94,4311.27,4315.84
1786676400,4315.76,4328.465,4313.835,4323.66
1786680000,4323.67,4328.225,4322.855,4327.015
1786683600,4327.055,4333.67,4311.04,4333.67
1786687200,4333.62,4336.82,4328.05,4335.785
1786690800,4335.76,4345.385,4329.81,4343.83
1786694400,4343.855,4349.845,4341.935,4348.605
1786698000,4348.555,4357.525,4346.14,4357.17
1786701600,4357.175,4358.76,4348.095,4349.425
1786705200,4349.47,4369.46,4348.63,4369.195
1786708800,4369.19,4386.965,4365.79,4373.725
1786712400,4373.785,4397.06,4370.32,4384.68
1786716000,4384.62,4394.745,4378.885,4381.445
1786719600,4381.47,4394.785,4379.075,4391.695
1786723200,4391.7,4396.845,4380.415,4386.015
1786726800,4386.105,4386.53,4376.47,4378.59
1786730400,4378.585,4382.84,4371.005,4373.6
1786734000,4373.525,4379.99,4372.115,4376.23
1786737600,4376.22,4377.005,4371.495,4376.82
1786917600,4372.68,4386.86,4372.31,4386.04
1786921200,4386,4386.345,4367.29,4370.235
1786924800,4370.315,4402.015,4368.1,4401.005
1786928400,4400.995,4416.55,4392.055,4395.755
1786932000,4395.75,4398.315,4388.455,4393.255
1786935600,4393.25,4397.69,4388.285,4397.045
1786939200,4397.035,4399.635,4389.015,4390.86
1786942800,4390.78,4401.475,4386.94,4394.86
1786946400,4394.855,4404.71,4392.815,4403.17
1786950000,4403.085,4411.32,4396.08,4405.19
1786953600,4405.195,4405.195,4392.69,4395.18
1786957200,4395.19,4400.625,4392.55,4395.62
1786960800,4395.655,4405.97,4392.03,4399.08
1786964400,4399.115,4404.98,4395.46,4396.75
1786968000,4396.755,4398.82,4377.355,4384.935
1786971600,4385.015,4416.31,4381.94,4408.645
1786975200,4408.695,4427.6,4403.805,4417.48
1786978800,4417.485,4427.85,4415.335,4427.615
1786982400,4427.63,4428.89,4422.675,4424.245
1786986000,4424.255,4426.23,4411.205,4413.765
1786989600,4413.765,4416.255,4398.205,4406.77
1786993200,4406.68,4421.055,4400.405,4419.965
1786996800,4419.935,4421.47,4414.61,4416.68
1787004000,4416.205,4417.28,4410.49,4411.87
1787007600,4411.92,4426.305,4409.89,4426.12
1787011200,4426.095,4434.88,4419.06,4434.435
1787014800,4434.455,4436.23,4404.32,4408.185
1787018400,4408.01,4408.39,4394.175,4399.985
1787022000,4400,4404.175,4390.63,4391.965
1787025600,4391.98,4395.58,4389.02,4393.69
1787029200,4393.66,4397.66,4386.185,4394.465
1787032800,4394.43,4400.395,4387.755,4398.93
1787036400,4398.92,4403.735,4395.495,4395.71
1787040000,4395.825,4398.775,4386.91,4393.44
1787043600,4393.385,4395.08,4387.03,4393.32
1787047200,4393.375,4399.68,4389.8,4397.63
1787050800,4397.705,4399.055,4388.675,4396.07
1787054400,4396.21,4400.85,4389.67,4394.225
1787058000,4394.23,4406.9,4376.195,4394.695
1787061600,4394.705,4406.48,4363.775,4366.685
1787065200,4366.725,4377.795,4351.765,4364.925
1787068800,4364.92,4371.73,4363.125,4363.83
1787072400,4363.805,4368.355,4356.85,4357.725
1787076000,4357.755,4361.12,4352.705,4354.43
1787079600,4354.43,4358.76,4338.395,4345.785
1787083200,4345.705,4346.665,4329.265,4334.575
1787090400,4341.965,4343.83,4332.77,4333.83
1787094000,4334.045,4338.45,4327.27,4333.105
1787097600,4333.14,4347.42,4331.635,4338.155
1787101200,4338.015,4357.765,4324.68,4356.63
1787104800,4356.72,4362.165,4351.545,4355.085
1787108400,4355.055,4360.51,4351.96,4355.06
1787112000,4355.15,4356.29,4344.005,4348.555
1787115600,4348.53,4350.865,4335.175,4335.695
1787119200,4335.635,4349.465,4335.415,4349.15
1787122800,4349.095,4363.34,4347.54,4354.905
1787126400,4354.805,4363.2,4351.105,4355.735
1787130000,4355.66,4362.095,4353.45,4362.025
1787133600,4362.045,4369.585,4359.755,4367.41
1787137200,4367.435,4374.19,4363.305,4364.655
1787140800,4364.65,4442.47,4362.115,4438.87
1787144400,4438.875,4466.29,4424.285,4459.6
1787148000,4459.59,4498.73,4455.22,4488.245
1787151600,4488.215,4494.465,4478.355,4493.87
1787155200,4493.9,4499.425,4490.655,4493.395
1787158800,4493.52,4499.1,4484.425,4486.965
1787162400,4486.96,4497.215,4472.18,4495.185
1787166000,4495.15,4512.27,4494.49,4511.31
1787169600,4511.265,4524.34,4505.165,4523.05
1787176800,4521.405,4523.72,4516.415,4518.915
1787180400,4518.98,4523.86,4511.36,4511.74
1787184000,4511.69,4521.44,4503.835,4504.68
1787187600,4504.705,4510.22,4484.48,4489.88
1787191200,4489.89,4499.76,4488.68,4490.825
1787194800,4490.83,4501.255,4488.05,4498.925
1787198400,4498.95,4499.345,4486.395,4488.63
1787202000,4488.64,4494.135,4478.075,4481.425
1787205600,4481.35,4496.065,4480.17,4493.935
1787209200,4493.89,4494.145,4483.645,4491.105
1787212800,4491.105,4498.78,4487.34,4489.35
1787216400,4489.39,4494.295,4482.005,4482.735
1787220000,4482.75,4495.145,4480.865,4490.18
1787223600,4490.21,4491.34,4465.57,4467.175
1787227200,4467.18,4477.1,4450.745,4474.855
1787230800,4474.875,4489.335,4469.35,4481.715
1787234400,4481.705,4516.315,4480.87,4516.06
1787238000,4516.145,4541.045,4508.76,4521.735
1787241600,4521.755,4524.885,4502.825,4510.07
1787245200,4510.1,4520.485,4507.79,4520.025
1787248800,4520.06,4525.365,4508.395,4522.08
1787252400,4522.065,4532.235,4518.19,4528.745
1787256000,4528.755,4529.205,4516.835,4518.955
1787263200,4519.545,4524.42,4517.04,4524.225
1787266800,4524.215,4533.05,4520.99,4526.405
1787270400,4526.39,4527.555,4509.8,4510.765
1787274000,4510.755,4544.01,4508.995,4530.785
1787277600,4530.82,4542.96,4518.505,4533.9
1787281200,4533.845,4538.81,4526.795,4535.57
1787284800,4535.61,4548.215,4535.515,4540.7
1787288400,4540.75,4556.46,4529.115,4553.735
1787292000,4553.82,4567.785,4545.6,4560.955
1787295600,4560.95,4568.13,4558.565,4564.42
1787299200,4564.535,4585.13,4559.155,4584.255
1787302800,4584.285,4602.27,4580.545,4582.725
1787306400,4582.62,4594.22,4577.93,4588.57
1787310000,4588.64,4604.61,4587.255,4597.045
1787313600,4597.125,4601.655,4563.57,4578.08
1787317200,4578.025,4593.135,4573.4,4581.095
1787320800,4581.02,4603.625,4579.845,4591.57
1787324400,4591.575,4615.45,4587.28,4614.625
1787328000,4614.645,4629.165,4609.11,4628.88
1787331600,4628.92,4632.145,4615.32,4620.67
1787335200,4620.68,4627.845,4619.555,4624.515
1787338800,4624.555,4625.66,4615.645,4617.03
1787342400,4617.06,4617.815,4602.67,4602.99
1787522400,4609.655,4621.245,4606.13,4606.21
1787526000,4606.255,4624.695,4604.75,4624.085
1787529600,4624.08,4640.935,4594.515,4621.905
1787533200,4621.85,4637.745,4608.155,4632.245
1787536800,4632.23,4657,4627.73,4643.79
1787540400,4643.84,4650.25,4633.6,4641.835
1787544000,4641.82,4642.82,4632.71,4638.93
1787547600,4638.94,4646.67,4630.015,4640.94
1787551200,4640.91,4660.125,4639.465,4649.97
1787554800,4650.005,4654.815,4630.335,4641.615
1787558400,4641.605,4646.685,4628.895,4638.19
1787562000,4638.135,4646.095,4632.895,4645.93
1787565600,4645.895,4650.21,4641.97,4643.285
1787569200,4643.26,4670.46,4639.165,4657.905
1787572800,4657.9,4668.82,4645.625,4662.83
1787576400,4662.815,4681.02,4656.245,4664.835
1787580000,4664.79,4678.725,4655.395,4670.355
1787583600,4670.375,4679.79,4640.135,4649.335
1787587200,4649.42,4662.23,4641.845,4645.105
1787590800,4645.095,4655.475,4630.035,4636.765
1787594400,4636.785,4642.265,4625.225,4636.555
1787598000,4636.515,4656.145,4635.955,4651.95
1787601600,4651.845,4655.255,4647.27,4651.24
1787608800,4655.495,4668.525,4655.205,4667.735
1787612400,4667.705,4682.785,4666.86,4679.93
1787616000,4679.92,4697.105,4675.445,4684.645
1787619600,4684.615,4687.125,4656.775,4658.21
1787623200,4658.2,4661.66,4617.28,4629.53
1787626800,4629.525,4641.35,4622.425,4633.68
1787630400,4633.655,4637.805,4623.76,4626.03
1787634000,4626.025,4647.97,4624.115,4643.075
1787637600,4643.085,4653.43,4637.08,4638.3
1787641200,4638.305,4643.8,4629.865,4630.19
1787644800,4630.195,4645.485,4620.09,4630.48
1787648400,4630.46,4642.585,4624.29,4636.395
1787652000,4636.455,4642.405,4632.82,4639.29
1787655600,4639.295,4647.33,4636.48,4642.405
1787659200,4642.6,4644.235,4630.25,4640.77
1787662800,4640.76,4641.26,4605.29,4616.875
1787666400,4616.88,4640.23,4613.23,4635.575
1787670000,4635.72,4659.485,4629.495,4652.77
1787673600,4652.965,4653.38,4637.155,4643.62
1787677200,4643.625,4648.57,4634.305,4648.515
1787680800,4648.52,4655.085,4644.45,4654.595
1787684400,4654.635,4668.25,4653.405,4667.035
1787688000,4667,4669.115,4657.75,4659.055
1787695200,4661.445,4673.765,4660.155,4672.67
1787698800,4672.605,4673.57,4653.31,4654.945
1787702400,4654.955,4657.955,4634.505,4637.705
1787706000,4637.72,4661.005,4629.615,4656.98
1787709600,4656.95,4670.83,4654.9,4658.42
1787713200,4658.415,4658.825,4642.76,4642.885
1787716800,4642.875,4644.64,4638.99,4640.715
1787720400,4640.765,4649.61,4635.7,4639.905
1787724000,4639.875,4641.64,4624.71,4634.365
1787727600,4634.375,4639.395,4626.675,4629.16
1787731200,4629.08,4630.825,4622.36,4628.49
1787734800,4628.6,4631.085,4616.415,4623.225
1787738400,4623.22,4624.235,4613.225,4620.225
1787742000,4620.245,4625.31,4616.51,4624.75
1787745600,4624.735,4633.325,4610.97,4614.465
1787749200,4614.52,4632.025,4598.1,4631.695
1787752800,4631.72,4633.69,4602.975,4603.125
1787756400,4603.15,4609.345,4583.065,4596.21
1787760000,4596.24,4601.595,4585.615,4591.64
1787763600,4591.685,4602.405,4590.84,4597.83
1787767200,4597.815,4604.735,4592.645,4593.875
1787770800,4593.93,4601.735,4591.23,4594.455
1787774400,4594.385,4596.825,4584.19,4594.725
1787781600,4603.39,4613.41,4601.955,4609.46
1787785200,4609.5,4625.14,4607.01,4623.7
1787788800,4623.865,4627.05,4600.735,4605.2
1787792400,4605.25,4640.91,4602.46,4640.015
1787796000,4640.03,4643.21,4623.675,4629.85
1787799600,4629.78,4638.77,4624.48,4625.63
1787803200,4625.68,4627.4,4617.28,4618.945
1787806800,4618.985,4621.75,4600.935,4607.24
1787810400,4607.23,4612,4597.915,4600.32
1787814000,4600.265,4605.955,4593.705,4600.39
1787817600,4600.385,4606.96,4594.765,4599.105
1787821200,4599.105,4600.9,4577.975,4580.505
1787824800,4580.53,4590.585,4569.29,4590.14
1787828400,4590.12,4600.39,4587.32,4598.34
1787832000,4598.385,4601.225,4580.54,4585.925
1787835600,4585.985,4593.475,4564.27,4572.515
1787839200,4572.595,4598.185,4568.485,4591.39
1787842800,4591.32,4611.305,4588.94,4610.505
1787846400,4610.535,4616.695,4602.525,4615
1787850000,4615.12,4616.55,4605.21,4606.54
1787853600,4606.645,4611.22,4600.97,4610.345
1787857200,4610.39,4618.02,4604.215,4609.505
1787860800,4609.38,4609.78,4600.115,4602.145
1787868000,4601.95,4610.78,4601.02,4610.705
1787871600,4610.695,4611.46,4594.335,4594.59
1787875200,4594.54,4602.66,4585.845,4588.875
1787878800,4588.92,4602.32,4575.505,4575.985
1787882400,4576.015,4589.84,4575.055,4586.545
1787886000,4586.555,4590.22,4578.75,4580.005
1787889600,4580,4585.52,4578.05,4584.465
1787893200,4584.495,4586.405,4571.66,4573.555
1787896800,4573.57,4613.22,4572.62,4612.605
1787900400,4612.55,4614.375,4596.77,4611.835
1787904000,4611.75,4614.59,4601.065,4602.88
1787907600,4602.84,4607.425,4600.38,4605.205
1787911200,4605.29,4609.96,4597.64,4600.295
1787914800,4600.31,4601.455,4591.44,4593.565
1787918400,4593.585,4603.775,4589.13,4601.74
1787922000,4601.82,4627.4,4593.845,4604.605
1787925600,4603.8,4631.98,4530.02,4576.765
1787929200,4576.76,4582.9,4524.125,4524.61
1787932800,4524.595,4529.625,4464.415,4479.545
1787936400,4479.53,4486.84,4460.63,4469.43
1787940000,4469.435,4471.7,4445.455,4456.95
1787943600,4456.985,4467.185,4453.035,4458.545
1787947200,4458.535,4462.755,4453.135,4454.99
1788127200,4445.72,4466.18,4445.545,4461.43
1788130800,4461.425,4466.95,4435.825,4458.495
1788134400,4458.51,4472.165,4452.425,4456.305
1788138000,4456.31,4463.295,4435.96,4440.26
1788141600,4440.265,4441.505,4396.525,4422.985
1788145200,4422.91,4434.05,4419.955,4422.695
1788148800,4422.82,4425.06,4413,4424.635
1788152400,4424.615,4443.98,4419.37,4443.07
1788156000,4443.015,4443.265,4429.35,4439.47
1788159600,4439.44,4448.32,4435.23,4443.25
1788163200,4443.275,4449.53,4433.815,4435.645
1788166800,4435.69,4445.54,4435.605,4445.38
1788170400,4445.41,4455.615,4444.88,4453.93
1788174000,4453.91,4464.23,4452.65,4455.46
1788177600,4455.425,4460.935,4435.44,4435.8
1788181200,4435.81,4448.255,4415.75,4418.7
1788184800,4418.69,4436.96,4416.27,4431.815
1788188400,4431.795,4438.005,4424.735,4426.435
1788192000,4426.48,4440.4,4423.94,4433.365
1788195600,4433.36,4440.15,4428.85,4436.64
1788199200,4436.645,4436.88,4426.3,4431.065
1788202800,4431.06,4453.76,4429.2,4453.415
1788206400,4453.46,4455.925,4446.62,4449.24
1788213600,4454.255,4455.88,4445.65,4447.125
1788217200,4447.165,4452.545,4441.85,4452.35
1788220800,4452.395,4461.7,4446.48,4453.745
1788224400,4453.81,4457.015,4436.505,4444.51
1788228000,4444.485,4449.395,4427.695,4443.05
1788231600,4443.04,4444.175,4431.92,4436.79
1788235200,4436.795,4437.81,4425.555,4426.815
1788238800,4426.82,4446.105,4423.705,4440.28
1788242400,4440.13,4440.63,4427.8,4429.76
1788246000,4429.755,4435.095,4412.205,4420.19
1788249600,4420.145,4420.145,4369.365,4370.905
1788253200,4370.84,4378.26,4364.545,4364.795
1788256800,4364.785,4386.1,4364.41,4378.255
1788260400,4378.215,4387.385,4371.97,4374.64
1788264000,4374.525,4376.265,4352.015,4356.29
1788267600,4356.3,4367.575,4326.27,4365.28
1788271200,4365.49,4375.695,4353.31,4360.44
1788274800,4360.505,4373.955,4355.23,4372.955
1788278400,4372.99,4374.79,4347.09,4351.42
1788282000,4351.47,4352.05,4341.09,4343.025
1788285600,4343.06,4344.625,4328.305,4331.85
1788289200,4331.81,4337.78,4322.745,4327.125
1788292800,4327.145,4330.875,4323.74,4328.405
1788300000,4331.385,4331.59,4326.385,4329.32
1788303600,4329.28,4335.9,4322.945,4324.465
1788307200,4324.455,4334.59,4314.63,4315.905
1788310800,4315.815,4326.815,4288.44,4291.11
1788314400,4291.12,4314.855,4287.27,4303.055
1788318000,4302.95,4304.455,4282.625,4303.45
1788321600,4303.44,4308.06,4301.32,4307.465
1788325200,4307.415,4326.645,4303.72,4320.12
1788328800,4320.16,4329.325,4314.525,4321.875
1788332400,4321.84,4331.405,4319.285,4323.17
1788336000,4323.2,4331.645,4312.685,4313.07
1788339600,4313.045,4322.54,4304.87,4308.645
1788343200,4308.68,4312.355,4301.745,4309.395
1788346800,4309.35,4333.1,4307.705,4332.495
1788350400,4332.5,4344.385,4327.495,4331.525
1788354000,4331.61,4385.515,4330.85,4385.12
1788357600,4385.105,4397.75,4374.41,4377.04
1788361200,4377.065,4381.045,4364.64,4373.195
1788364800,4373.18,4374.91,4364.52,4368.4
1788368400,4368.405,4380.855,4364.735,4377.08
1788372000,4377.075,4379.85,4369.32,4374.265
1788375600,4374.24,4391.365,4371.83,4391.205
1788379200,4391.23,4391.67,4384.055,4388.22
1788386400,4391.29,4391.835,4383.535,4384.75
1788390000,4384.755,4388.94,4381.25,4385.73
1788393600,4385.735,4397.985,4382.505,4395.585
1788397200,4395.645,4412.625,4387.365,4410.565
1788400800,4410.53,4420.565,4406.795,4420.425
1788404400,4420.415,4432.685,4419.4,4431.485
1788408000,4431.455,4438.725,4425.665,4437.405
1788411600,4437.4,4440.355,4422.585,4431.155
1788415200,4431.185,4436.38,4417.575,4420.59
1788418800,4420.61,4431.635,4419.165,4428.91
1788422400,4428.86,4443.715,4428.135,4434.97
1788426000,4435.025,4442.04,4425.595,4427.62
1788429600,4427.66,4429.965,4419.09,4427.345
1788433200,4427.38,4445.745,4425.12,4444.28
1788436800,4444.25,4495.23,4437.855,4493.535
1788440400,4493.585,4496.01,4456.925,4470.785
1788444000,4470.78,4485.425,4458.385,4485.365
1788447600,4485.37,4510.93,4484.28,4493.345
1788451200,4493.335,4495.57,4485.53,4486.28
1788454800,4486.36,4494.745,4483.355,4486.695
1788458400,4486.705,4489.835,4474.02,4475.19
1788462000,4475.175,4480.805,4472.65,4475.29
1788465600,4475.235,4475.74,4470.55,4472.965
1788472800,4476.075,4478.99,4471.515,4474.645
1788476400,4474.545,4480.4,4471.79,4480.16
1788480000,4480.06,4487.475,4472.91,4486.4
1788483600,4486.51,4487.545,4467.125,4478.925
1788487200,4479.075,4482.605,4470.43,4477.47
1788490800,4477.495,4478.73,4467.185,4467.185
1788494400,4467.145,4475.125,4465.49,4473.825
1788498000,4473.785,4477.695,4466.91,4472.205
1788501600,4472.21,4473.5,4460.155,4462.935
1788505200,4462.915,4490.895,4461.51,4483.425
1788508800,4483.43,4486.54,4474.49,4477.97
1788512400,4477.95,4479.315,4464,4465.69
1788516000,4465.665,4476.45,4465.53,4472.955
1788519600,4473.035,4473.515,4465.145,4467.145
1788523200,4467.17,4476.665,4376.18,4393.77
1788526800,4393.735,4434.93,4365.57,4413.285
1788530400,4413.27,4442.26,4412.06,4427.605
1788534000,4427.67,4449,4422.825,4436.655
1788537600,4436.605,4443.615,4432.31,4436.37
1788541200,4436.335,4440.55,4415.645,4416.58
1788544800,4416.615,4426.75,4411.97,4424.035
1788548400,4424.06,4438.565,4422.615,4434.925
1788552000,4434.915,4435.245,4428.69,4429.825
1788732000,4422.495,4435.255,4422.165,4429.39
1788735600,4429.38,4434.06,4421.165,4423.435
1788739200,4423.535,4429.605,4410.1,4412.78
1788742800,4412.75,4416.87,4389.585,4409.215
1788746400,4409.23,4419.02,4403.085,4408.91
1788750000,4408.995,4410.705,4401.26,4404.285
1788753600,4404.27,4407.455,4394.58,4398.145
1788757200,4398.165,4413.315,4393.25,4394.225
1788760800,4394.255,4399.865,4385.33,4392.91
1788764400,4392.945,4406.83,4391.855,4406.45
1788768000,4406.35,4423.885,4405.275,4411.005
1788771600,4411.055,4413.885,4403.695,4405.745
1788775200,4405.645,4406.355,4388.11,4391.695
1788778800,4391.68,4394.975,4381.24,4385.33
1788782400,4385.335,4398.17,4385.335,4396.845
1788786000,4396.745,4407.85,4395.47,4402.43
1788789600,4402.445,4419.655,4401.16,4416.035
1788793200,4416.045,4416.705,4408.905,4414.53
1788796800,4414.515,4417.4,4411.965,4414.575
1788800400,4414.57,4415.185,4407.125,4407.175
1788804000,4407.18,4409.185,4403.13,4406.065
1788818400,4412.87,4413.605,4406.295,4407.645
1788822000,4407.265,4428.17,4407.245,4423.085
1788825600,4423.145,4430.325,4415.215,4426.255
1788829200,4426.24,4440.81,4417.19,4437.245
1788832800,4437.33,4438.785,4421.295,4424.41
1788836400,4424.405,4440.235,4422.75,4437.875
1788840000,4437.965,4442.98,4431.695,4436
1788843600,4435.985,4437.77,4417.595,4419.675
1788847200,4419.595,4420.365,4398.325,4403.71
1788850800,4403.705,4409.465,4390.19,4392.58
1788854400,4392.575,4398.67,4388.01,4394.19
1788858000,4394.185,4405.725,4390.9,4403.04
1788861600,4403.035,4407.015,4393.69,4395.3
1788865200,4395.295,4408.005,4391.165,4406.485
1788868800,4406.43,4411.9,4385.475,4411.73
1788872400,4411.735,4413.235,4390.49,4395.655
1788876000,4395.635,4403.715,4389.295,4398.845
1788879600,4398.85,4409.31,4394.74,4394.765
1788883200,4394.77,4398.56,4380.655,4393.72
1788886800,4393.76,4403.725,4385.415,4390.155
1788890400,4390.15,4390.485,4358.34,4375.74
1788894000,4375.695,4377.46,4356.8,4359.505
1788897600,4359.485,4364.465,4345.06,4355.705
1788904800,4357.66,4357.92,4350.74,4354.335
1788908400,4354.32,4360.035,4349.28,4350.1
1788912000,4350.15,4365.59,4341.255,4364.77
1788915600,4364.795,4378.34,4354.22,4373.82
1788919200,4373.92,4384.58,4367.35,4382.375
1788922800,4382.295,4382.925,4375.24,4375.26
1788926400,4375.245,4382.615,4370.78,4381.64
1788930000,4381.73,4401.08,4380.38,4398.84
1788933600,4398.885,4406.185,4395.36,4400.66
1788937200,4400.665,4413.01,4399.38,4409.28
1788940800,4409.32,4411.98,4399.07,4400.695
1788944400,4400.765,4402.325,4388.795,4390.86
1788948000,4390.855,4403.205,4386.335,4399.665
1788951600,4399.65,4415.365,4399.65,4407.48
1788955200,4407.5,4409.44,4391,4400.19
1788958800,4400.18,4434.175,4398.655,4415.25
1788962400,4415.12,4428.845,4409.935,4418.855
1788966000,4418.79,4432.385,4375.155,4398.52
1788969600,4398.53,4410.425,4391.54,4409.385
1788973200,4409.5,4420.56,4408.835,4416.115
1788976800,4416.18,4421.65,4401.775,4403.2
1788980400,4403.26,4405.005,4395.725,4399.24
1788984000,4399.215,4402.115,4393.59,4402.115
1788991200,4405.28,4406.105,4397.755,4399.765
1788994800,4399.58,4403.245,4393.28,4394.275
1788998400,4394.315,4404.87,4389.735,4401.15
1789002000,4401.05,4419.24,4400.185,4412.425
1789005600,4412.43,4421.01,4408.235,4419.565
1789009200,4419.58,4421.17,4406.905,4409.255
1789012800,4409.31,4415.65,4405.73,4408.675
1789016400,4408.725,4431.2,4408.345,4431.17
1789020000,4431.125,4435.045,4410.995,4425.225
1789023600,4425.205,4425.435,4404.225,4411.86
1789027200,4411.805,4412.855,4392.58,4395.045
1789030800,4395.015,4397.025,4388.405,4394.08
1789034400,4394.035,4400.245,4375.24,4379
1789038000,4379,4391.025,4374.1,4374.57
1789041600,4374.565,4378.055,4324.17,4340.2
1789045200,4340.215,4376.045,4339.33,4365.985
1789048800,4365.94,4376.45,4354.03,4358.15
1789052400,4358.155,4372.14,4352.735,4365.84
1789056000,4365.83,4370.16,4354.075,4364.14
1789059600,4364.24,4367.83,4351.28,4352.705
1789063200,4352.76,4356.175,4330.03,4333.115
1789066800,4333.09,4333.09,4313.85,4324.515
1789070400,4324.535,4324.535,4314.645,4317.025
1789077600,4322.94,4324.065,4313.765,4318.62
1789081200,4318.535,4320.665,4311.345,4315.38
1789084800,4315.385,4334.045,4312.73,4332.32
1789088400,4332.31,4340.6,4320.89,4329.53
1789092000,4329.505,4334.515,4315.945,4322.755
1789095600,4322.7,4326.495,4300.795,4304.19
1789099200,4304.185,4335.31,4302.14,4331.755
1789102800,4331.76,4352.03,4328.32,4346.17
1789106400,4346.22,4361.15,4345.775,4353.215
1789110000,4353.21,4356.24,4340.64,4345.005
1789113600,4345.075,4357.635,4342.1,4347.01
1789117200,4347.055,4354.035,4340.925,4346.275
1789120800,4346.375,4349.975,4336.8,4337.63
1789124400,4337.555,4342.715,4330.285,4333.51
1789128000,4333.52,4390.26,4292.11,4388.555
1789131600,4388.45,4402.555,4380.54,4401.595
1789135200,4401.59,4402.63,4364.8,4370.915
1789138800,4370.715,4377.245,4359.32,4367.055
1789142400,4367.025,4372.775,4352.045,4361.615
1789146000,4361.61,4370.43,4357.98,4358.285
1789149600,4358.335,4360.125,4344.195,4347.005
1789153200,4347.03,4353.905,4342.745,4348.75
1789156800,4348.715,4351.51,4345.605,4349.42
1789336800,4338.79,4342.305,4328.405,4338.1
1789340400,4338.125,4342.615,4332.075,4333.03
1789344000,4333.025,4347.71,4329.85,4338.73
1789347600,4338.685,4355.4,4326.345,4353.355
1789351200,4353.335,4355.405,4330.375,4331.085
1789354800,4330.995,4336.625,4327.335,4330.705
1789358400,4330.69,4331.99,4322.17,4329.755
1789362000,4329.76,4337.52,4323.42,4337.4
1789365600,4337.395,4338.765,4320.69,4322.32
1789369200,4322.29,4324.395,4307.995,4311.055
1789372800,4311.06,4318.36,4303.45,4306.695
1789376400,4306.69,4311.93,4278.3,4285.63
1789380000,4285.615,4296.64,4278.315,4294.685
1789383600,4294.69,4297.09,4284.39,4287.17
1789387200,4287.175,4297.665,4266.005,4271.27
1789390800,4271.26,4281.38,4253.635,4272.735
1789394400,4272.685,4283.01,4264.125,4279.57
1789398000,4279.65,4298.435,4272.565,4288.25
1789401600,4288.295,4317.83,4286.425,4315.715
1789405200,4315.755,4316.44,4307.815,4311.06
1789408800,4311.045,4315.79,4304.865,4307.385
1789412400,4307.41,4307.885,4282.885,4283.72
1789416000,4283.715,4299.79,4282.425,4299.52
1789423200,4299.31,4300.19,4292.99,4295.54
1789426800,4295.51,4297.53,4287.065,4288.375
1789430400,4288.36,4296.825,4283.37,4293.285
1789434000,4293.23,4306.535,4287.915,4304.565
1789437600,4304.635,4317.63,4304.635,4314.315
1789441200,4314.29,4314.69,4303.39,4303.59
1789444800,4303.525,4309.75,4300.85,4304.925
1789448400,4304.975,4307.775,4289.255,4291.205
1789452000,4291.14,4295.38,4286.095,4293.45
1789455600,4293.475,4295.635,4276.35,4280.78
1789459200,4280.785,4280.97,4261.375,4262.54
1789462800,4262.535,4272.385,4261.735,4268.43
1789466400,4268.445,4284.07,4268.42,4281.55
1789470000,4281.545,4286.785,4278.725,4284.74
1789473600,4284.71,4295.905,4271.46,4290.385
1789477200,4290.375,4298.475,4283.5,4294.78
1789480800,4294.785,4300.695,4273.985,4277.04
1789484400,4277.045,4294.82,4276.65,4289.565
1789488000,4289.59,4298.37,4285.57,4295.64
1789491600,4295.705,4299.165,4290.44,4295.105
1789495200,4295.1,4310.455,4293.07,4308.72
1789498800,4308.725,4310.76,4294.34,4297.895
1789502400,4297.865,4299.13,4291.915,4293.885
1789509600,4295.39,4299.115,4289.12,4289.245
1789513200,4289.24,4289.765,4281.25,4283.565
1789516800,4283.63,4286.45,4275.67,4277.615
1789520400,4277.63,4293.71,4276.86,4282.745
1789524000,4282.73,4323.635,4282.13,4321.72
1789527600,4321.67,4341.135,4321.495,4327.185
1789531200,4327.195,4328.65,4320.635,4321.95
1789534800,4321.9,4333.845,4320.79,4326.61
1789538400,4326.6,4333.275,4321.65,4333.15
1789542000,4333.105,4339.28,4328.535,4329.37
1789545600,4329.38,4337.73,4323.05,4330.275
1789549200,4330.355,4339.5,4327.465,4338.185
1789552800,4338.195,4351.26,4337.61,4350.985
1789556400,4350.955,4353.78,4341.735,4341.785
1789560000,4341.79,4349.05,4334.775,4347.6
1789563600,4347.41,4360.5,4335.07,4338.87
1789567200,4338.875,4356.045,4324.25,4355.1
1789570800,4355.09,4361.575,4342.97,4352.815
1789574400,4352.82,4352.955,4343.82,4346.605
1789578000,4346.59,4366.235,4341.725,4359.405
1789581600,4359.6,4367.415,4257.175,4261.36
1789585200,4261.375,4287.575,4235.165,4272.29
1789588800,4272.285,4273.9,4257.355,4263.855
1789596000,4260.09,4276.295,4257.6,4266.71
1789599600,4266.825,4275.78,4258.93,4271.93
1789603200,4271.935,4292.48,4266.535,4280.415
1789606800,4280.42,4318.29,4280.29,4300.415
1789610400,4300.43,4301.1,4274.135,4277.37
1789614000,4277.375,4297.425,4277.21,4296
1789617600,4296.055,4299.075,4290.41,4297.45
1789621200,4297.415,4305.67,4285.6,4304.525
1789624800,4304.51,4315.375,4304.355,4310.85
1789628400,4310.83,4335.45,4309.295,4327.26
1789632000,4327.3,4328.3,4310.16,4311.765
1789635600,4311.77,4319.34,4305.15,4306.26
1789639200,4306.35,4325.145,4305.15,4324.185
1789642800,4324.275,4353.335,4323.365,4349.855
1789646400,4349.82,4381.065,4343.66,4373.345
1789650000,4373.34,4375.16,4355.5,4366.895
1789653600,4366.93,4380.04,4352.335,4354.195
1789657200,4354.27,4370.15,4351.365,4370.04
1789660800,4370.045,4372.615,4355.89,4362.465
1789664400,4362.47,4365.995,4357.92,4361.43
1789668000,4361.42,4365.735,4357.41,4358.465
