time,open,high,low,close
1762124400,3995.47,3996.8,3990.91,3996.075
1762125300,3996.185,3999.335,3988.595,3994.68
1762126200,3994.53,3995.865,3978.08,3979.055
1762127100,3979.095,3985.305,3977.91,3979.67
1762128000,3979.605,3988.505,3966.19,3968.29
1762128900,3968.255,3973.38,3962.275,3970.965
1762129800,3970.955,3977.915,3963.28,3972.79
1762130700,3972.69,3977.05,3967.845,3970.755
1762131600,3970.76,3989.455,3965.28,3986.72
1762132500,3986.715,3999.89,3986.62,3998.95
1762133400,3998.89,4002.075,3990.265,3992.14
1762134300,3992.12,4000.295,3990.25,3996.09
1762135200,3996.055,3998.785,3990.445,3995.08
1762136100,3995.065,4006.7,3994.93,3995.805
1762137000,3995.84,4006.265,3995.25,4001.6
1762137900,4001.86,4006.485,3997.845,4004.21
1762138800,4004.265,4011.585,4002.2,4007.765
1762139700,4007.79,4010.605,4005.54,4006.1
1762140600,4006.105,4013.33,4005.47,4010.86
1762141500,4010.97,4015.45,4010.96,4011.29
1762142400,4011.295,4014.53,4006.825,4009.62
1762143300,4009.585,4009.835,4001.85,4005.62
1762144200,4005.555,4007.95,4002.69,4006.99
1762145100,4006.96,4007.545,4002.76,4003.7
1762146000,4003.71,4010.08,3997.705,4006.975
1762146900,4006.98,4012.91,4004.855,4012.04
1762147800,4012.015,4018.33,4012,4014.85
1762148700,4014.855,4016.92,4011.195,4013.935
1762149600,4013.93,4016.755,4010.03,4014.71
1762150500,4014.615,4018.705,4013.24,4016.565
1762151400,4016.585,4018.03,4013.25,4015.64
1762152300,4015.62,4018.795,4013.93,4017.635
1762153200,4017.64,4023.67,4015.165,4015.37
1762154100,4015.375,4020.65,4013.62,4019.115
1762155000,4019.055,4023.295,4015.715,4022.345
1762155900,4022.275,4026.045,4020.51,4025.185
1762156800,4025.195,4028.13,4020.69,4021.705
1762157700,4021.675,4023.62,4011.215,4014.51
1762158600,4014.515,4017.67,4011.955,4016.705
1762159500,4016.715,4020.845,4012.885,4019.715
1762160400,4019.71,4026.11,4016.735,4021.655
1762161300,4021.66,4022.14,4004.97,4007.24
1762162200,4007.245,4008.065,3996.52,3997.39
1762163100,3997.315,4005.36,3993.1,4000.63
1762164000,4000.675,4005.085,3994.44,3997.605
1762164900,3997.54,4000.815,3995.735,3997.915
1762165800,3997.865,4001.32,3994.445,3998.06
1762166700,3998.035,3999.255,3994.635,3998.715
1762167600,3998.645,4002.44,3994.34,4000.67
1762168500,4000.66,4007.14,3998.935,4006.705
1762169400,4006.77,4007.23,4003.1,4005.385
1762170300,4005.39,4008.76,4004.56,4007.69
1762171200,4007.71,4008.805,4004.865,4007.19
1762172100,4007.19,4007.815,4001.905,4005.3
1762173000,4005.29,4011.125,4003.86,4008.34
1762173900,4008.345,4013.8,4007.97,4013.61
1762174800,4013.59,4018.58,4012.14,4015.805
1762175700,4015.79,4019.82,4014.075,4014.505
1762176600,4014.52,4020.765,4010.865,4017.52
1762177500,4017.495,4018.34,4014.845,4016.155
1762178400,4015.96,4020.865,4012.76,4016.205
1762179300,4016.215,4020.555,4009.375,4010.29
1762180200,4010.335,4013.765,4001.755,4012.645
1762181100,4012.665,4026.155,4012.545,4022.855
1762182000,4022.84,4030.825,4022.84,4026.6
1762182900,4026.615,4028.93,4008.645,4011.62
1762183800,4011.54,4022.555,4005.42,4021.455
1762184700,4021.485,4023.81,4003.39,4008.59
1762185600,4008.595,4013.545,4001.775,4004.735
1762186500,4004.7,4005.31,3995.22,3998.17
1762187400,3998.14,4004.61,3996.05,4003.78
1762188300,4003.77,4009.885,4002.03,4008.48
1762189200,4008.495,4010.105,4003.59,4008.51
1762190100,4008.485,4012.245,4006.625,4007.04
1762191000,4007.04,4007.47,4004.555,4005.94
1762191900,4005.905,4007.78,4005.315,4006.23
1762192800,4006.305,4006.98,4001.765,4002.94
1762193700,4002.92,4003.95,3999.57,4001.47
1762194600,4001.525,4009.78,4001.195,4008.41
1762195500,4008.46,4008.635,4003.58,4006.435
1762196400,4006.42,4008.295,3995.445,4003.46
1762197300,4003.475,4006.055,4001.815,4004.09
1762198200,4004.095,4005.115,4000.7,4000.7
1762199100,4000.735,4007.64,3999.87,4004.66
1762200000,4004.655,4012.45,4004.59,4010.31
1762200900,4010.39,4015.06,4009.715,4011.665
1762201800,4011.66,4012.29,4007.175,4009.295
1762202700,4009.305,4012.225,4008.07,4010.315
1762203600,4010.24,4010.24,4004.64,4004.98
1762204500,4005.11,4005.875,4001.15,4002.005
1762205400,4002,4002.945,4000.36,4001.425
1762206300,4001.415,4002.5,4000.12,4001.605
1762210800,4005.115,4005.27,3981.565,3988.77
1762211700,3988.735,3997.895,3988.21,3996.155
1762212600,3996.125,3999.77,3994.62,3997.875
1762213500,3997.9,3999.555,3992.63,3997.27
1762214400,3997.36,3998.915,3990.345,3994.815
1762215300,3994.71,3999.295,3992.535,3993.28
1762216200,3993.275,3993.985,3978.675,3980.25
1762217100,3980.255,3989.36,3980,3986.51
1762218000,3986.58,3992.775,3984.43,3990.155
1762218900,3990.145,3994.81,3981.09,3985.73
1762219800,3985.725,3988.2,3979.64,3987.495
1762220700,3987.295,3990.61,3985.115,3987.545
1762221600,3987.52,3987.535,3975.57,3977.25
1762222500,3977.24,3984.305,3977.24,3984.155
1762223400,3984.125,3985.465,3977.21,3983.455
1762224300,3983.22,3986.81,3975.885,3986.685
1762225200,3986.855,3990.665,3981.7,3988.39
1762226100,3988.395,3993.86,3984.895,3992.725
1762227000,3992.74,3999.465,3991.025,3992.425
1762227900,3992.495,3995.61,3991.255,3994.64
1762228800,3994.615,3995.26,3988.275,3988.945
1762229700,3988.91,3993.35,3988.085,3992.06
1762230600,3992.045,3993.62,3988.155,3988.465
1762231500,3988.45,3991.645,3984.225,3985.645
1762232400,3985.275,3987.055,3981.24,3984.105
1762233300,3984.08,3987.345,3983.045,3983.18
1762234200,3983.175,3985.82,3975.865,3976.5
1762235100,3976.485,3981.64,3972.805,3973.355
1762236000,3973.365,3975.74,3966.605,3974.685
1762236900,3974.695,3976.305,3968.375,3975.71
1762237800,3975.745,3981.175,3973.975,3979.71
1762238700,3979.84,3988.145,3977.585,3985.095
1762239600,3985.165,3990.33,3982.31,3986.985
1762240500,3987.105,3996.585,3985.89,3994.02
1762241400,3994.065,3996.115,3990.36,3991.42
1762242300,3991.395,3996.3,3991.29,3993.9
1762243200,3993.91,3999.47,3991.475,3991.705
1762244100,3991.68,4000.855,3990.665,3999.825
1762245000,3999.83,4000.735,3994.905,3999.155
1762245900,3999.17,4000.38,3995.725,3996.14
1762246800,3996.165,3997.815,3991.21,3991.685
1762247700,3991.625,3994.87,3991.335,3991.965
1762248600,3991.94,3999.62,3991.665,3997.315
1762249500,3997.34,3998.01,3990.535,3991.27
1762250400,3991.245,3994.89,3986.065,3994.675
1762251300,3994.635,3997.045,3991.47,3992.265
1762252200,3992.27,3997.655,3990.74,3995.585
1762253100,3995.635,3996.275,3991.19,3993.94
1762254000,3993.96,3995.925,3991.845,3994.1
1762254900,3994.12,3995.96,3992.86,3994.3
1762255800,3994.315,3995.895,3992.355,3992.475
1762256700,3992.47,4000.085,3991.895,3994.97
1762257600,3994.995,3996.8,3993.48,3996.735
1762258500,3996.74,3997.61,3989.86,3990.365
1762259400,3990.38,3991,3984.11,3990.785
1762260300,3990.77,3992.675,3983.7,3984.765
1762261200,3984.72,3995.56,3983.815,3993.29
1762262100,3993.295,3996.09,3983.035,3984.08
1762263000,3984.06,3988.29,3975.54,3980.415
1762263900,3980.405,3982.425,3971.855,3975.82
1762264800,3975.8,3976.835,3964.28,3975.98
1762265700,3976.015,3977.875,3951.25,3951.47
1762266600,3951.495,3956.785,3928.685,3931.4
1762267500,3931.325,3959.855,3930.93,3957.12
1762268400,3957.08,3958.88,3944.45,3947.335
1762269300,3947.36,3953.085,3941.41,3949.13
1762270200,3949.12,3968.35,3948.27,3965.415
1762271100,3965.445,3966.065,3956.5,3956.91
1762272000,3956.92,3965.81,3956.815,3963.75
1762272900,3963.765,3975.685,3963.755,3972.47
1762273800,3972.46,3974.15,3965.685,3969.72
1762274700,3969.75,3970.48,3963.96,3969.14
1762275600,3969.15,3971.165,3961.875,3964.185
1762276500,3964.33,3965.455,3958.77,3959.48
1762277400,3959.54,3965.2,3959.165,3961.175
1762278300,3961.2,3964.36,3952.375,3955.08
1762279200,3954.825,3956.93,3949.66,3950.61
1762280100,3950.74,3952.865,3945.575,3950.76
1762281000,3950.82,3951.47,3932.04,3938.5
1762281900,3938.425,3941.3,3935.685,3937.81
1762282800,3937.815,3944.245,3934.63,3940.29
1762283700,3940.28,3944.22,3940.16,3942.12
1762284600,3942.065,3943.2,3935.6,3938.025
1762285500,3937.96,3940.13,3936.035,3937.5
1762286400,3937.55,3939.465,3931.275,3934.305
1762287300,3934.395,3937.83,3931.985,3937.42
1762288200,3937.445,3942.2,3936.045,3940.95
1762289100,3941.03,3941.33,3936.45,3938.77
1762290000,3938.79,3939.14,3933.76,3934.28
1762290900,3934.315,3935.47,3931.125,3934.145
1762291800,3934.15,3935.215,3930.56,3931.135
1762292700,3931.12,3934.395,3930.61,3932.1
1762297200,3937.93,3940.88,3934.14,3935.85
1762298100,3935.79,3939.92,3935.12,3937.97
1762299000,3938.05,3938.885,3933.5,3938.215
1762299900,3937.975,3937.975,3930.92,3934.6
1762300800,3934.625,3942.96,3932.955,3939.985
1762301700,3940.045,3942.495,3934.505,3938.78
1762302600,3938.91,3939.89,3929.82,3931.62
1762303500,3931.6,3939.785,3929.35,3939.745
1762304400,3939.735,3945.13,3937.155,3943.185
1762305300,3943.035,3948.585,3938.41,3946.235
1762306200,3946.275,3949.56,3943.145,3943.28
1762307100,3943.145,3943.65,3934.6,3937.125
1762308000,3937.06,3945.55,3935.725,3942.35
1762308900,3942.335,3942.465,3936.295,3938.14
1762309800,3938.235,3948.94,3937.98,3945.145
1762310700,3945.15,3951.115,3945.045,3948.685
1762311600,3948.705,3955.825,3947.645,3953.005
1762312500,3952.96,3956.37,3952.925,3953.285
1762313400,3953.36,3959.585,3952.095,3959.295
1762314300,3959.395,3965.345,3959.255,3960.98
1762315200,3960.9,3965.045,3959.835,3962.035
1762316100,3962.04,3964.48,3960.325,3963.67
1762317000,3963.68,3972.155,3963.6,3971.46
1762317900,3971.45,3973.905,3967.68,3970.495
1762318800,3970.65,3972.3,3967.13,3971.225
1762319700,3971.25,3978.78,3970.505,3975.86
1762320600,3975.845,3976.035,3969.095,3969.86
1762321500,3969.835,3969.85,3961.875,3965.055
1762322400,3965.07,3968.875,3962.04,3964.725
1762323300,3964.74,3970.495,3963.645,3967.39
1762324200,3967.435,3973.645,3965.285,3971.36
1762325100,3971.285,3971.97,3965.045,3966.275
1762326000,3966.285,3967.85,3963.92,3966.315
1762326900,3966.31,3969.64,3963.74,3966.205
1762327800,3966.21,3971.32,3965.38,3970.285
1762328700,3970.26,3974.88,3968.52,3972.6
1762329600,3972.565,3987.34,3972.52,3982.105
1762330500,3982.08,3984.16,3978.48,3980.105
1762331400,3980.07,3986.195,3980.005,3981.88
1762332300,3981.89,3983.815,3979.565,3980.025
1762333200,3980.02,3981.49,3975.115,3975.515
1762334100,3975.465,3975.71,3963.57,3965.055
1762335000,3965.085,3971.865,3963.62,3969.98
1762335900,3969.955,3972.76,3969.105,3971.955
1762336800,3971.885,3971.935,3956.1,3963.86
1762337700,3963.845,3967.455,3960.415,3964.72
1762338600,3964.67,3967.515,3964.28,3967.185
1762339500,3967.245,3970.295,3960.57,3964.7
1762340400,3964.7,3969.14,3960.46,3960.89
1762341300,3960.835,3961.9,3957.48,3958.155
1762342200,3958.15,3964.235,3957.61,3963.225
1762343100,3963.285,3968.265,3962.56,3966.99
1762344000,3966.995,3967.21,3962.245,3964.3
1762344900,3964.335,3969.905,3963.56,3967.605
1762345800,3967.5,3968.12,3963.185,3964.585
1762346700,3964.635,3969.675,3963.765,3969.65
1762347600,3969.725,3974.575,3966.735,3972.655
1762348500,3972.66,3977.67,3964.885,3976.115
1762349400,3976.115,3977.165,3970.895,3974.54
1762350300,3974.685,3979.48,3971.11,3975.91
1762351200,3975.925,3980.695,3973.7,3979.6
1762352100,3979.665,3985.51,3978.46,3984.025
1762353000,3984,3985.725,3975.795,3976.34
1762353900,3976.345,3978.725,3969.665,3973.6
1762354800,3973.62,3977.765,3964.27,3970.66
1762355700,3970.905,3980.225,3966.58,3979.355
1762356600,3979.37,3984.49,3978.155,3983.035
1762357500,3983.065,3984.275,3977.2,3978.295
1762358400,3978.345,3982.175,3975.75,3976.65
1762359300,3976.655,3981.47,3974.985,3981.365
1762360200,3981.475,3984.585,3977.59,3982.76
1762361100,3982.83,3990.565,3982.83,3986.96
1762362000,3987.045,3989.705,3982.35,3984.3
1762362900,3984.27,3985.475,3978.58,3982.325
1762363800,3982.34,3984.39,3979.685,3983.26
1762364700,3983.235,3983.485,3979.655,3982.12
1762365600,3982.145,3983.84,3979.51,3983.67
1762366500,3983.625,3986.105,3982.05,3983.735
1762367400,3983.78,3985.12,3978.905,3979.66
1762368300,3979.665,3983.3,3979.66,3982.445
1762369200,3982.46,3985.905,3979.6,3979.84
1762370100,3979.775,3984.525,3979.165,3984.27
1762371000,3984.315,3988.755,3982.935,3987.04
1762371900,3987.09,3988.785,3986.53,3987.92
1762372800,3987.91,3990.175,3986.515,3987.685
1762373700,3987.665,3988.53,3985.62,3985.67
1762374600,3985.685,3988.18,3984.025,3984.545
1762375500,3984.53,3985.385,3981.585,3984.6
1762376400,3984.6,3985.185,3981.735,3983.62
1762377300,3983.63,3984.33,3981.595,3981.985
1762378200,3981.955,3983.335,3981.86,3982.155
1762379100,3982.14,3983.055,3977.995,3980.115
1762383600,3968.78,3972.21,3966.54,3969.57
1762384500,3969.62,3971.82,3968.615,3970.35
1762385400,3970.545,3975.46,3970.41,3973.445
1762386300,3973.46,3977.795,3973.245,3973.93
1762387200,3973.895,3975.595,3970.65,3975.15
1762388100,3975.125,3975.225,3971.425,3973.785
1762389000,3973.76,3975.12,3969.79,3972.62
1762389900,3972.565,3976.34,3970.855,3976.34
1762390800,3976.315,3977.465,3964.455,3970.34
1762391700,3970.39,3975.865,3968.58,3969.06
1762392600,3969.095,3974.215,3967.605,3971.155
1762393500,3971.215,3976.9,3971.135,3976.765
1762394400,3976.785,3979.895,3974.38,3977.505
1762395300,3977.51,3979.055,3976.305,3978.13
1762396200,3978.155,3985.13,3978.155,3980.21
1762397100,3980.3,3984.435,3979.68,3983.38
1762398000,3983.435,3985.29,3979.575,3984.88
1762398900,3985,3986.89,3982.64,3986.195
1762399800,3986.2,3990.525,3986.025,3987.48
1762400700,3987.535,3987.84,3985.425,3987.54
1762401600,3987.545,3988.04,3984.58,3985.585
1762402500,3985.61,3987.48,3984.94,3986.81
1762403400,3986.655,3989.36,3986.015,3986.87
1762404300,3986.88,3989.98,3985.13,3988.935
1762405200,3988.88,3990.485,3986.075,3988.145
1762406100,3987.885,3990.87,3987.885,3990.07
1762407000,3990.075,3990.38,3985.67,3987.915
1762407900,3987.865,3990.515,3986.62,3987.645
1762408800,3987.655,3990.095,3984.82,3987.15
1762409700,3987.095,3989.065,3985.675,3987.2
1762410600,3987.015,3987.575,3984.37,3984.37
1762411500,3984.445,3993.08,3982.365,3991.515
1762412400,3991.495,3998.865,3991.185,3998.525
1762413300,3998.52,4009.425,3997.76,4003.92
1762414200,4003.925,4009.545,4003.785,4005.45
1762415100,4005.465,4009.235,4004.425,4005.78
1762416000,4005.785,4009.77,4004.765,4009.15
1762416900,4009.175,4016.29,4009.03,4015.945
1762417800,4015.96,4017.06,4010.14,4010.22
1762418700,4010.33,4015.77,4010.195,4014.88
1762419600,4014.865,4015.235,4010.875,4012.12
1762420500,4012.11,4015.065,4011.075,4012.74
1762421400,4012.735,4013.31,4010.52,4012.31
1762422300,4012.315,4012.705,4009.345,4011.01
1762423200,4011,4011.2,4006.135,4008.755
1762424100,4008.74,4009.27,4005.25,4006.105
1762425000,4006.045,4008.8,4004.5,4008
1762425900,4007.975,4009.6,4005.43,4008.465
1762426800,4008.48,4010.695,4007.845,4009.86
1762427700,4009.855,4011.24,4007.165,4009.565
1762428600,4009.565,4017.08,4009.49,4015.955
1762429500,4015.95,4019.55,4014.18,4018.185
1762430400,4018.19,4019.645,4012.22,4012.815
1762431300,4012.705,4014.7,4011.065,4011.595
1762432200,4011.59,4012.94,4006.62,4009.22
1762433100,4009.22,4010.36,4002.95,4005.375
1762434000,4005.36,4013.355,4003.8,4012.05
1762434900,4012.065,4016.31,4010.425,4013.58
1762435800,4013.585,4016.305,4010.9,4013.83
1762436700,4013.765,4016.16,4012.215,4012.33
1762437600,4012.315,4014.09,4005,4008.305
1762438500,4008.3,4008.3,3989.095,3992.06
1762439400,3992,4003.265,3990.895,3998.415
1762440300,3998.395,4001.235,3992.8,3993.41
1762441200,3993.08,3993.9,3978.245,3982.775
1762442100,3982.8,3991.1,3981.7,3986.8
1762443000,3987.055,3987.39,3975.08,3978.48
1762443900,3978.47,3984.375,3976.84,3980.405
1762444800,3980.48,3986.45,3979.785,3981.965
1762445700,3981.985,3984.12,3976.72,3983.755
1762446600,3983.705,3984.11,3976.595,3979.37
1762447500,3979.295,3984.825,3977.99,3981.03
1762448400,3981.005,3985.715,3978.175,3978.78
1762449300,3978.74,3979.195,3965.71,3969.925
1762450200,3969.895,3982.62,3967.885,3981.99
1762451100,3981.985,3988.26,3981.425,3986.34
1762452000,3986.35,3986.665,3980.27,3984.075
1762452900,3984.1,3989.51,3982.095,3983.205
1762453800,3983.12,3991,3983.12,3989.475
1762454700,3989.485,3990.66,3986.4,3987.915
1762455600,3987.95,3995.365,3986.89,3995.125
1762456500,3995.14,3995.365,3992.255,3992.375
1762457400,3992.35,3992.755,3988.42,3989.54
1762458300,3989.53,3990.33,3983.18,3985.35
1762459200,3985.265,3987.285,3982.89,3984.625
1762460100,3984.56,3984.955,3982.095,3982.79
1762461000,3982.805,3986.945,3982.69,3983.905
1762461900,3984,3984,3979.455,3980.965
1762462800,3981.03,3982.615,3978.015,3981.485
1762463700,3981.42,3981.97,3978.62,3980.84
1762464600,3980.82,3981.17,3978.595,3979.085
1762465500,3979.095,3979.2,3976.88,3977.14
1762470000,3979.465,3983.295,3978.435,3981.315
1762470900,3981.33,3985.39,3980.815,3983.725
1762471800,3983.78,3988.025,3982.07,3986.13
1762472700,3986.27,3989.975,3986.195,3989.345
1762473600,3989.345,3989.855,3984.655,3987.305
1762474500,3987.245,3992.87,3986.675,3991.58
1762475400,3991.57,3994.565,3989.53,3991.43
1762476300,3991.415,3991.5,3987.935,3988.605
1762477200,3988.58,3999.995,3987.245,3998.94
1762478100,3998.95,4001.64,3996.985,3997.56
1762479000,3997.595,4002.625,3994.94,4002.09
1762479900,4002.08,4002.85,3999.28,4001.845
1762480800,4001.82,4003.41,3997.875,3997.99
1762481700,3998.05,3998.1,3994.14,3995.675
1762482600,3995.64,3998.91,3991.61,3992.98
1762483500,3992.955,3997.89,3992.945,3995.47
1762484400,3995.425,3996.73,3988.16,3991.12
1762485300,3991.18,3993.605,3988.64,3992.8
1762486200,3992.74,3995.42,3991.21,3994.72
1762487100,3994.725,3994.82,3989.415,3990.365
1762488000,3990.345,3993.3,3985.605,3991.345
1762488900,3991.325,3997.995,3990.765,3996.33
1762489800,3996.48,3997.25,3993.65,3995.51
1762490700,3995.45,3998.565,3995.105,3998.375
1762491600,3998.38,3999.05,3996.4,3997.75
1762492500,3997.725,3997.95,3992.115,3994.26
1762493400,3994.235,3997.965,3993.845,3996.645
1762494300,3996.745,3997.595,3993.485,3994.95
1762495200,3994.96,3996.985,3992.25,3995.215
1762496100,3995.275,3999.9,3994.62,3998.14
1762497000,3998.09,4003.225,3996.55,4001.495
1762497900,4001.705,4008.65,4001.52,4006.925
1762498800,4006.945,4010.02,4005.55,4007.95
1762499700,4007.945,4009.915,4003.165,4003.66
1762500600,4003.68,4006.685,4003.68,4005.56
1762501500,4005.555,4008.12,4002.815,4007.835
1762502400,4007.935,4010.45,4005.025,4009.72
1762503300,4009.76,4009.91,4003.94,4005.75
1762504200,4005.745,4008.945,4003.735,4005.84
1762505100,4005.845,4010.46,4005.055,4009.73
1762506000,4009.755,4011.565,4008.26,4010.88
1762506900,4010.885,4014.29,4009.61,4010.22
1762507800,4010.21,4011.5,4004.31,4006.295
1762508700,4006.295,4009.75,4005.425,4006.76
1762509600,4006.81,4008.985,4005.86,4006.135
1762510500,4006.085,4009.71,4003.26,4006.06
1762511400,4006.025,4006.89,4003.275,4004.285
1762512300,4004.31,4009.27,4004.285,4007.975
1762513200,4008,4011.925,4002.54,4003.635
1762514100,4003.7,4007.905,3998.13,3999.25
1762515000,3999.29,3999.905,3993.65,3998.5
1762515900,3998.425,4004.52,3998.425,4002.965
1762516800,4002.815,4008.715,4002.175,4005.94
1762517700,4005.945,4006.34,3998.35,3998.495
1762518600,3998.395,3999.445,3994.945,3996.355
1762519500,3996.345,3998.54,3991.69,3996.025
1762520400,3996.06,4000.775,3992.205,3996.05
1762521300,3995.95,4002.13,3995.26,3997.11
1762522200,3997.095,3997.665,3991.79,3993.975
1762523100,3993.99,4000.1,3992.91,3997.855
1762524000,3997.885,4004.27,3995.38,4002.95
1762524900,4002.94,4007.36,3999.97,4000.5
1762525800,4000.535,4000.535,3984.385,3990.575
1762526700,3990.665,3995.875,3986.045,3993.605
1762527600,3993.56,3999.285,3990.74,3991.305
1762528500,3991.3,3995.125,3987.915,3993.385
1762529400,3993.355,3995.82,3985.985,3986.55
1762530300,3986.51,3992.955,3984.01,3991.05
1762531200,3991.095,4000.915,3990.165,3999.565
1762532100,3999.58,4009.665,3995.67,4007.965
1762533000,4007.97,4027.595,4007.915,4020.785
1762533900,4020.795,4022.145,4006.12,4007.765
1762534800,4007.86,4009.8,3995.285,3999.8
1762535700,3999.65,4001.185,3992.37,3997.89
1762536600,3997.815,3999.5,3994.06,3998.83
1762537500,3998.835,4006.59,3997.06,4005.6
1762538400,4005.595,4009.325,4003.3,4004.77
1762539300,4004.805,4006.495,3999.555,4002.78
1762540200,4002.76,4007.31,4001.8,4006.335
1762541100,4006.205,4007.52,4004.005,4005.65
1762542000,4005.685,4009.05,4003.5,4007.92
1762542900,4007.925,4008.71,4005.54,4006.39
1762543800,4006.46,4008.25,4002.195,4003.25
1762544700,4003.235,4008.225,4001.935,4006.71
1762545600,4006.7,4006.93,4003.65,4005.045
1762546500,4005.05,4005.4,3994.64,3998.675
1762547400,3998.67,4004.15,3997.475,4001.21
1762548300,4001.14,4005.935,3999.195,4004.18
1762549200,4004.14,4005.34,4002.7,4002.835
1762550100,4002.86,4003.095,4001.19,4001.945
1762551000,4001.995,4002.585,3999.22,4000.4
1762551900,4000.37,4004.89,3998.69,4001.275
1762729200,4005.675,4011.55,4004.905,4010.595
1762730100,4010.605,4011.555,4004.73,4008.655
1762731000,4008.635,4009.6,4004.355,4007.995
1762731900,4007.97,4012.23,4005.23,4011.87
1762732800,4011.905,4017.195,4011.13,4015.82
1762733700,4015.775,4017.075,4014.32,4016.385
1762734600,4016.36,4017.53,4011.37,4016.56
1762735500,4016.59,4024.12,4016.555,4020.405
1762736400,4020.39,4029.485,4019.15,4027.39
1762737300,4027.405,4051.95,4027.265,4047.805
1762738200,4047.78,4053.47,4045.595,4050.965
1762739100,4050.915,4052.9,4041.435,4044.07
1762740000,4043.99,4047.37,4037.74,4044.9
1762740900,4044.96,4048.11,4039.825,4041.095
1762741800,4041.205,4046.24,4038.54,4044.485
1762742700,4044.495,4049.175,4043.525,4048.135
1762743600,4048.12,4048.285,4045.085,4045.815
1762744500,4045.915,4051.99,4044.945,4050.645
1762745400,4050.745,4052.98,4050.11,4050.355
1762746300,4050.33,4051.435,4047.33,4050.105
1762747200,4050.055,4056.875,4049.975,4056.345
1762748100,4056.195,4056.81,4052.715,4053.81
1762749000,4053.805,4055.565,4052.515,4052.555
1762749900,4052.64,4054.84,4049.835,4054.225
1762750800,4054.27,4054.295,4050.24,4050.24
1762751700,4050.265,4055.92,4050.265,4055.305
1762752600,4055.36,4065.255,4054.8,4063.2
1762753500,4063.19,4070.07,4062.115,4069.56
1762754400,4069.63,4071.405,4066.9,4068.13
1762755300,4068.17,4073.92,4068.17,4073.065
1762756200,4072.905,4078.615,4070.975,4073.365
1762757100,4073.305,4076.665,4069.95,4075.24
1762758000,4075.24,4078.915,4073.085,4078.685
1762758900,4078.66,4079.15,4072.315,4075.735
1762759800,4075.69,4079.065,4074.1,4075.68
1762760700,4075.67,4078.78,4074.07,4075.395
1762761600,4075.335,4083.4,4075.2,4079.205
1762762500,4079.225,4081.085,4075.135,4080.345
1762763400,4080.35,4085.295,4078.39,4079.025
1762764300,4079.065,4083.235,4078.335,4082.315
1762765200,4082.35,4083.55,4074.64,4074.935
1762766100,4074.895,4080.495,4071.49,4080.095
1762767000,4080.045,4086.375,4078.24,4081.12
1762767900,4081.175,4082.64,4076.08,4076.705
1762768800,4076.69,4081.525,4076.69,4081.285
1762769700,4081.33,4082.815,4077.605,4077.605
1762770600,4077.64,4083.42,4077.585,4078.25
1762771500,4078.195,4081.37,4075.95,4081.11
1762772400,4081.175,4082.63,4075.86,4078.06
1762773300,4078.065,4080.665,4077.23,4079.37
1762774200,4079.41,4083.85,4078.94,4082.73
1762775100,4082.745,4085.495,4081.13,4085.385
1762776000,4085.43,4090.225,4084.42,4089.665
1762776900,4089.655,4096.025,4088.02,4094.305
1762777800,4094.32,4096.755,4093.84,4094.785
1762778700,4094.79,4100.085,4093.64,4097.65
1762779600,4097.7,4106,4097,4103.095
1762780500,4103.1,4105.265,4098.81,4102.125
1762781400,4102.12,4103.595,4095.3,4098.045
1762782300,4098.035,4098.15,4090.4,4091.645
1762783200,4091.635,4094.13,4084.155,4086.58
1762784100,4086.545,4088.8,4082.03,4086.31
1762785000,4086.175,4086.175,4074.49,4081.45
1762785900,4081.455,4086.995,4078.485,4083.53
1762786800,4083.455,4092.95,4083.355,4087.58
1762787700,4087.575,4094.355,4086.805,4089.17
1762788600,4089.155,4089.595,4083.02,4087.735
1762789500,4087.72,4087.935,4077.935,4084.435
1762790400,4084.42,4091.885,4082.095,4091.425
1762791300,4091.43,4093.435,4089.71,4093.09
1762792200,4093.165,4095.77,4090.22,4091.205
1762793100,4091.375,4095.66,4088.775,4095.175
1762794000,4095.2,4098.175,4094.085,4096.26
1762794900,4096.275,4098.44,4093.46,4096.92
1762795800,4096.885,4098.19,4094.045,4094.79
1762796700,4094.815,4102.85,4094.6,4102.72
1762797600,4102.735,4105.23,4101.77,4104.87
1762798500,4104.895,4114.645,4104.845,4114.255
1762799400,4114.275,4115.915,4107.22,4109.32
1762800300,4109.31,4110.41,4105.79,4110.145
1762801200,4110.14,4114.47,4107.92,4113.385
1762802100,4113.395,4115.465,4110.24,4114.495
1762803000,4114.47,4114.65,4110.72,4110.8
1762803900,4110.735,4113.91,4109.545,4113.28
1762804800,4113.265,4114.61,4111.165,4111.865
1762805700,4111.875,4112.74,4106.6,4111.33
1762806600,4111.335,4113.07,4108.195,4113.07
1762807500,4113.115,4113.19,4108.015,4111.685
1762808400,4111.735,4112.9,4110.4,4111.675
1762809300,4111.73,4114.685,4111.56,4112.525
1762810200,4112.51,4114.045,4111.73,4113.945
1762811100,4113.895,4116.69,4113.46,4115.41
1762815600,4116.835,4120.37,4116.68,4119.14
1762816500,4119.185,4120.855,4116.075,4120.49
1762817400,4120.485,4120.55,4118.29,4120.22
1762818300,4120.275,4122.925,4117.22,4120.085
1762819200,4120.275,4120.67,4116.29,4119.86
1762820100,4119.845,4126.34,4119.825,4125.105
1762821000,4125.055,4129.445,4124.935,4129.445
1762821900,4129.495,4133.755,4127.615,4130.96
1762822800,4130.91,4135.38,4128,4132.405
1762823700,4132.365,4138.2,4130.24,4137.59
1762824600,4137.53,4141.365,4135.82,4135.82
1762825500,4135.76,4137.35,4130.505,4136.355
1762826400,4136.33,4137.27,4130.39,4134.81
1762827300,4134.725,4137.845,4132.255,4134.38
1762828200,4134.46,4139.11,4129.75,4139.09
1762829100,4139.085,4139.81,4134.375,4138.255
1762830000,4138.235,4144.475,4137.255,4143.395
1762830900,4143.39,4145.895,4143.13,4144.165
1762831800,4144.1,4148.18,4143.3,4144.795
1762832700,4144.745,4147.175,4144.385,4147.05
1762833600,4147.03,4149.1,4142.695,4143.235
1762834500,4143.26,4144.59,4142.365,4144.1
1762835400,4144.11,4146.615,4142.055,4142.165
1762836300,4142.205,4146.325,4142.03,4143.19
1762837200,4143.165,4144.47,4134.985,4140.735
1762838100,4140.895,4142.275,4135.105,4136.23
1762839000,4136.31,4137.165,4124.895,4129.985
1762839900,4129.93,4135.7,4128.335,4131.13
1762840800,4131.08,4134.85,4126.8,4134.185
1762841700,4134.165,4137.915,4133.005,4137.73
1762842600,4137.765,4137.765,4128.585,4129.595
1762843500,4129.635,4133.025,4127.205,4130.07
1762844400,4130.065,4131.3,4126.195,4129.58
1762845300,4129.575,4133.04,4128.315,4131.33
1762846200,4131.28,4131.72,4127.125,4130.87
1762847100,4130.895,4132.85,4124.985,4129.78
1762848000,4129.805,4137.365,4128.925,4136.925
1762848900,4136.95,4137.81,4131.765,4134.815
1762849800,4134.8,4135.235,4129.25,4132.395
1762850700,4132.37,4137.385,4130.94,4135.635
1762851600,4135.685,4144.395,4134.435,4143.485
1762852500,4143.495,4144.6,4141.18,4143.99
1762853400,4144.005,4145.47,4143.03,4143.755
1762854300,4143.775,4146.035,4141.89,4141.89
1762855200,4141.965,4142.57,4137.625,4141.445
1762856100,4141.41,4144.255,4140.635,4142.075
1762857000,4141.86,4142.145,4136.84,4139.435
1762857900,4139.515,4144.345,4139.33,4141.935
1762858800,4141.985,4143.695,4139.74,4140.56
1762859700,4140.62,4143.655,4139.12,4141.21
1762860600,4141.15,4144.805,4139.135,4142.2
1762861500,4142.175,4144.525,4140.99,4142.85
1762862400,4142.895,4143.865,4137.275,4138.96
1762863300,4138.965,4141.12,4136.735,4139.16
1762864200,4139.15,4141.895,4137.99,4141.35
1762865100,4141.345,4141.345,4133.34,4134.465
1762866000,4134.565,4140.905,4133.965,4140.445
1762866900,4140.44,4143.805,4138.355,4141.685
1762867800,4141.66,4146.885,4139.175,4141.885
1762868700,4141.9,4145.705,4141.185,4142.65
1762869600,4142.71,4143.295,4136.965,4139.64
1762870500,4139.615,4140.325,4128.595,4130.4
1762871400,4130.235,4133.48,4123.43,4132.94
1762872300,4132.99,4134.81,4119.94,4125.015
1762873200,4124.97,4126.32,4118.25,4121.25
1762874100,4121.235,4121.51,4097.33,4101.64
1762875000,4101.655,4108.18,4097.245,4108.09
1762875900,4108.115,4112.6,4104.595,4106.835
1762876800,4106.84,4113.63,4105.63,4113.6
1762877700,4113.615,4115.1,4108.045,4109.42
1762878600,4109.455,4114.995,4105.1,4114.05
1762879500,4113.985,4115.815,4111.88,4113.415
1762880400,4113.37,4117.955,4112.285,4115.8
1762881300,4115.74,4117.685,4111.845,4114.445
1762882200,4114.525,4114.98,4110.645,4113.89
1762883100,4113.865,4116.485,4112.225,4114.535
1762884000,4114.635,4116.48,4109.28,4109.605
1762884900,4109.63,4115.015,4109.235,4110.46
1762885800,4110.485,4111.765,4106.64,4109.44
1762886700,4109.49,4114.985,4109.1,4113.86
1762887600,4113.865,4117.685,4112.07,4117.64
1762888500,4117.59,4119.12,4116.55,4117.68
1762889400,4117.705,4122.3,4117.59,4121.77
1762890300,4121.71,4126.26,4121.25,4123.12
1762891200,4123.18,4127.51,4122.395,4127.5
1762892100,4127.51,4128.79,4124.345,4125.8
1762893000,4125.775,4130.36,4124.45,4129.495
1762893900,4129.51,4131.97,4128.455,4129.535
1762894800,4129.495,4130.44,4128.095,4130.44
1762895700,4130.475,4131.45,4127.245,4128.935
1762896600,4129.1,4129.35,4126.505,4128.52
1762897500,4128.46,4128.46,4125.615,4126.505
1762902000,4130.9,4133.13,4129.025,4133.13
1762902900,4133.07,4139.325,4132.875,4138.465
1762903800,4138.5,4143.965,4136.32,4143.525
1762904700,4143.52,4144.74,4141.375,4142.66
1762905600,4142.595,4145.61,4139.205,4144.07
1762906500,4144.165,4144.88,4139.75,4141.865
1762907400,4141.84,4144.555,4140.605,4141.65
1762908300,4141.665,4142.765,4132.16,4133.055
1762909200,4133.12,4137.3,4127.825,4135.075
1762910100,4135.06,4135.145,4129.335,4131.115
1762911000,4131.14,4133.93,4126.315,4133.71
1762911900,4133.645,4135.725,4130.215,4131.5
1762912800,4131.455,4135.495,4130.585,4134.03
1762913700,4134.04,4135.2,4131.045,4131.645
1762914600,4131.72,4131.755,4120.83,4125.44
1762915500,4125.425,4126.515,4118.765,4124.13
1762916400,4124.135,4125.425,4116.685,4123.025
1762917300,4123.095,4123.915,4119.385,4119.545
1762918200,4119.595,4121.645,4117.96,4120.33
1762919100,4120.325,4121.295,4111.895,4112.085
1762920000,4112.025,4113.39,4103.635,4109.735
1762920900,4109.775,4111.735,4105.055,4111.645
1762921800,4111.595,4112.66,4105.77,4107.64
1762922700,4107.59,4112.455,4107.48,4110.735
1762923600,4110.725,4111.265,4106.035,4107.865
1762924500,4107.85,4109.835,4105.13,4105.505
1762925400,4105.565,4108.165,4098.915,4105.125
1762926300,4105.1,4107.71,4102.425,4104.725
1762927200,4104.685,4109.875,4103.275,4106.19
1762928100,4106.295,4116.15,4106.015,4115.04
1762929000,4115.035,4119.3,4112.05,4116.86
1762929900,4116.935,4118.855,4113.135,4118.675
1762930800,4118.68,4125.27,4115.615,4125
1762931700,4124.995,4125.3,4121.28,4124.09
1762932600,4124.115,4124.255,4113.8,4114.58
1762933500,4114.59,4119.155,4113.465,4117.305
1762934400,4117.295,4119.575,4112.27,4118.645
1762935300,4118.695,4130.35,4117.285,4128.115
1762936200,4128.1,4132.965,4126.35,4128.65
1762937100,4128.675,4132.64,4128.675,4131.495
1762938000,4131.445,4133.855,4127.385,4128.575
1762938900,4128.55,4132.6,4124.835,4127.315
1762939800,4127.365,4129.8,4124.12,4126.14
1762940700,4126.145,4126.725,4120.58,4124.74
1762941600,4124.785,4126.455,4121.865,4125.59
1762942500,4125.51,4128.385,4120.205,4120.695
1762943400,4120.72,4128.05,4117.945,4125.855
1762944300,4125.875,4129.57,4124.59,4127.81
1762945200,4127.815,4131.295,4126.67,4131.295
1762946100,4131.34,4131.34,4123.09,4124.385
1762947000,4124.34,4128.74,4123.64,4128.44
1762947900,4128.405,4128.895,4123.7,4126.025
1762948800,4126.05,4130.91,4125.025,4130.64
1762949700,4130.685,4137.705,4130.21,4136.38
1762950600,4136.305,4139.51,4133.61,4134.46
1762951500,4134.28,4137.215,4129.86,4130.25
1762952400,4130.43,4131.665,4122.74,4125.795
1762953300,4125.73,4130.415,4123.2,4127.405
1762954200,4127.41,4132.63,4126.325,4129.165
1762955100,4128.97,4131.605,4124.46,4127.285
1762956000,4127.34,4137.995,4126.955,4135.21
1762956900,4135.26,4136.73,4131.77,4131.88
1762957800,4131.975,4139.185,4125.045,4136.3
1762958700,4136.24,4140.215,4131.945,4136.63
1762959600,4136.605,4162.27,4134.685,4162.065
1762960500,4162.05,4172.68,4159.915,4166.55
1762961400,4166.54,4181.15,4166.04,4178.89
1762962300,4178.925,4185.785,4174.725,4181.495
1762963200,4181.415,4189.535,4180.2,4184.08
1762964100,4184.15,4187.915,4181.065,4187.155
1762965000,4187.2,4196.425,4186.5,4193.56
1762965900,4193.54,4197.83,4187.575,4196.51
1762966800,4196.5,4202.57,4195.725,4198.825
1762967700,4198.82,4199.705,4192.25,4196.58
1762968600,4196.585,4206.515,4195.67,4202.58
1762969500,4202.575,4204.5,4199.125,4199.535
1762970400,4199.57,4201.815,4190.48,4199.99
1762971300,4200.015,4211.795,4198.06,4206.895
1762972200,4206.895,4210.685,4206.08,4208.74
1762973100,4208.745,4210.61,4206.775,4207.025
1762974000,4207.08,4210.25,4194.115,4195.785
1762974900,4195.79,4200.31,4192.25,4194.255
1762975800,4194.225,4200.445,4194.095,4194.975
1762976700,4195.01,4199.955,4194.91,4197.445
1762977600,4197.45,4198.24,4190.685,4197.74
1762978500,4197.755,4199.65,4194.01,4195.505
1762979400,4195.52,4197.665,4191.965,4195.69
1762980300,4195.74,4199.54,4193.53,4196.05
1762981200,4196.025,4197.165,4192.745,4192.815
1762982100,4192.88,4198.37,4191,4197.7
1762983000,4197.775,4202.165,4196.63,4197.55
1762983900,4197.42,4199.675,4194.29,4195.21
1762988400,4202.635,4208.07,4197.52,4198.81
1762989300,4198.82,4199.95,4193.88,4196.025
1762990200,4196.035,4196.165,4187.27,4191.145
1762991100,4191.11,4193.645,4189.32,4191.41
1762992000,4191.425,4192.425,4185.9,4188.165
1762992900,4188.145,4194.195,4187.435,4192.91
1762993800,4192.925,4206.225,4192.835,4202.12
1762994700,4202.125,4209.005,4198.54,4206.065
1762995600,4205.965,4209.315,4190.215,4191.025
1762996500,4190.99,4191.275,4179.735,4188.07
1762997400,4188.06,4190.595,4180.565,4188.405
1762998300,4188.4,4194.205,4181.755,4192.43
1762999200,4192.405,4196.025,4188.57,4194.305
1763000100,4194.31,4195.05,4185.895,4187.755
1763001000,4187.785,4194.79,4183.51,4192.06
1763001900,4192.01,4194.365,4185.67,4190.28
1763002800,4190.235,4203.995,4190.175,4199.825
1763003700,4199.87,4205.99,4196.58,4200.815
1763004600,4200.765,4207.45,4200.37,4207.325
1763005500,4207.315,4213.3,4206.18,4212.96
1763006400,4212.95,4219.52,4209.405,4217.65
1763007300,4217.645,4217.67,4206.745,4209.725
1763008200,4209.7,4210.625,4203.4,4207.955
1763009100,4208.025,4210.83,4205.755,4209.495
1763010000,4209.455,4217.87,4207.56,4217.55
1763010900,4217.54,4217.89,4212.045,4212.37
1763011800,4212.36,4217.235,4210.23,4215.42
1763012700,4215.16,4216.9,4208.18,4212.02
1763013600,4211.945,4211.97,4205.12,4205.99
1763014500,4205.965,4211.72,4203.27,4209.09
1763015400,4208.99,4209.965,4205.425,4205.855
1763016300,4205.785,4212.25,4205.275,4210.525
1763017200,4210.56,4212.115,4208.4,4210.635
1763018100,4210.65,4218.49,4210.215,4216.535
1763019000,4216.66,4219.02,4213.39,4215.63
1763019900,4215.605,4220.255,4212.655,4220.125
1763020800,4220.08,4230.64,4219.26,4229.89
1763021700,4229.9,4238.245,4228.45,4237.53
1763022600,4237.6,4239.66,4233.285,4236.115
1763023500,4236.165,4238.635,4232.175,4232.71
1763024400,4232.6,4234.39,4227.69,4233.055
1763025300,4233.05,4239.62,4226.945,4227.12
1763026200,4227.125,4233.97,4225.08,4227.78
1763027100,4227.79,4233.98,4227.475,4233.215
1763028000,4233.205,4239.345,4231.91,4237.605
1763028900,4237.655,4240.24,4234.84,4235.035
1763029800,4235.06,4236.325,4227.535,4233.665
1763030700,4233.66,4234.81,4221.825,4225.72
1763031600,4225.82,4231.715,4221.7,4227.395
1763032500,4227.37,4228.325,4219.35,4223.08
1763033400,4223.195,4232.245,4221.915,4232.025
1763034300,4232.035,4232.405,4228.605,4230.47
1763035200,4230.435,4235.635,4230.005,4234.46
1763036100,4234.48,4237.16,4230.515,4233.57
1763037000,4233.56,4237.38,4232.27,4235.54
1763037900,4235.61,4245.195,4235.61,4242.83
1763038800,4242.8,4244.1,4225.955,4230.795
1763039700,4230.8,4237.84,4228.585,4235.425
1763040600,4235.465,4236.29,4220.41,4228.56
1763041500,4228.55,4232.505,4224.25,4231.745
1763042400,4231.83,4232.425,4213.76,4220.64
1763043300,4220.54,4221.235,4207.555,4211.37
1763044200,4211.12,4220.275,4184.51,4187.89
1763045100,4187.94,4201.14,4185.34,4195.525
1763046000,4195.515,4205.295,4188.82,4201.635
1763046900,4201.61,4204.725,4191.55,4194.75
1763047800,4194.685,4201.055,4186.535,4197.83
1763048700,4197.79,4203.54,4188.725,4202.675
1763049600,4202.7,4211.065,4202.355,4210.14
1763050500,4210.16,4211.125,4203.24,4206.685
1763051400,4206.665,4208.985,4195.705,4197.755
1763052300,4197.745,4207.33,4197.505,4206.77
1763053200,4206.885,4208.575,4194.34,4195.265
1763054100,4195.28,4205.05,4193.35,4202.865
1763055000,4202.88,4206.795,4199.695,4200.73
1763055900,4200.77,4205.72,4196.45,4202.05
1763056800,4202.065,4203.46,4199.94,4202.135
1763057700,4202.095,4203.03,4187.705,4190.575
1763058600,4190.505,4190.915,4145.19,4155.915
1763059500,4155.82,4162.23,4150.345,4158.07
1763060400,4158.015,4158.02,4146,4154.04
1763061300,4154.03,4161.275,4150.81,4160.045
1763062200,4160.03,4169.95,4158.215,4169.85
1763063100,4169.86,4170.705,4162.335,4164.09
1763064000,4164.1,4167.305,4160.385,4165.27
1763064900,4165.25,4170.68,4160.97,4169.49
1763065800,4169.53,4170.91,4163.66,4164.92
1763066700,4164.925,4167.32,4160.88,4164.17
1763067600,4164.16,4181.265,4161.23,4178.58
1763068500,4178.56,4178.635,4172.9,4174.06
1763069400,4174.065,4175.92,4169.255,4173.12
1763070300,4173.155,4173.805,4171.18,4171.745
1763074800,4177.285,4181.955,4175.93,4176.71
1763075700,4176.78,4184.62,4176.13,4179.095
1763076600,4179.105,4182.03,4176.675,4179.5
1763077500,4179.475,4186.84,4179,4186.205
1763078400,4186.24,4186.8,4179.48,4185.795
1763079300,4185.71,4190.025,4182.645,4188.45
1763080200,4188.46,4189.855,4185.65,4186.835
1763081100,4186.865,4187.345,4178.2,4183.81
1763082000,4183.815,4189.08,4178.95,4183.08
1763082900,4183.07,4186.81,4174.115,4174.735
1763083800,4174.73,4184.035,4173.72,4180.025
1763084700,4180.03,4193.825,4180.025,4190.025
1763085600,4190.03,4194.61,4188.74,4194.07
1763086500,4194.085,4202.68,4192.405,4199.68
1763087400,4199.72,4204.7,4199.19,4203.98
1763088300,4203.995,4210.405,4202.83,4207.225
1763089200,4207.165,4209.045,4203.315,4205.82
1763090100,4205.815,4211.18,4204.695,4210.75
1763091000,4210.79,4211.435,4207.005,4207.265
1763091900,4207.325,4207.38,4201.57,4204.49
1763092800,4204.445,4205.83,4198.34,4200.535
1763093700,4200.51,4201.6,4197.02,4197.78
1763094600,4197.63,4204.47,4197.3,4202.565
1763095500,4202.57,4203.695,4200,4203.335
1763096400,4203.385,4203.67,4188.88,4189.345
1763097300,4189.35,4189.62,4183.985,4188.295
1763098200,4188.305,4196.655,4185.67,4194.135
1763099100,4194.13,4195.485,4187.805,4189.9
1763100000,4189.865,4193.53,4186.14,4189.92
1763100900,4190.145,4190.34,4173.42,4178.16
1763101800,4178.135,4184.215,4176.24,4180.38
1763102700,4180.37,4180.48,4169.625,4175.425
1763103600,4175.4,4177.625,4169.67,4171.5
1763104500,4171.56,4174.16,4158.995,4163.445
1763105400,4163.46,4174.505,4162.825,4174.01
1763106300,4174.14,4182.545,4173.405,4181.26
1763107200,4181.265,4182.35,4173.275,4174.445
1763108100,4174.45,4184.49,4173.765,4177.03
1763109000,4177.005,4187.21,4176.23,4182.755
1763109900,4182.75,4183.82,4170.145,4176.135
1763110800,4176.14,4180.615,4168.1,4174.76
1763111700,4174.77,4177.275,4168.57,4170.265
1763112600,4170.2,4171.735,4166.525,4171.015
1763113500,4171.115,4171.93,4169.015,4169.44
1763114400,4169.415,4170.595,4162.75,4165.61
1763115300,4165.59,4170.885,4162.975,4165.105
1763116200,4165.05,4168.51,4159.145,4167.51
1763117100,4167.505,4171.14,4165.775,4168.08
1763118000,4168.085,4170.075,4150.805,4153.02
1763118900,4152.85,4152.94,4141.91,4148.81
1763119800,4148.835,4157.915,4148.75,4153.61
1763120700,4153.585,4153.75,4130.92,4133.18
1763121600,4133.085,4140.75,4123.88,4125.98
1763122500,4125.925,4128.705,4111.09,4113.335
1763123400,4112.98,4119.415,4107.71,4115.45
1763124300,4115.455,4119.675,4109.83,4116.26
1763125200,4116.255,4119.245,4084.31,4086.395
1763126100,4086.47,4092.13,4053.41,4055.835
1763127000,4055.735,4063.83,4046.47,4054.95
1763127900,4054.965,4058.005,4041.37,4055.975
1763128800,4055.835,4056.05,4037.68,4050.43
1763129700,4050.36,4060.47,4046.495,4053.63
1763130600,4053.66,4072.45,4032.23,4067.8
1763131500,4067.8,4084.145,4063.29,4082.86
1763132400,4082.81,4082.81,4068.31,4079.28
1763133300,4079.35,4082.375,4071.465,4081.08
1763134200,4081.12,4083.715,4072.66,4073.395
1763135100,4073.33,4096.76,4072.05,4093.76
1763136000,4093.75,4095.48,4081.1,4084.305
1763136900,4084.31,4103.405,4082.485,4102.22
1763137800,4102.24,4111.185,4096.42,4108.295
1763138700,4108.395,4109.405,4102.24,4105.24
1763139600,4105.29,4110.71,4096.025,4102.695
1763140500,4102.765,4104.38,4094.22,4099.1
1763141400,4099.11,4110.535,4098.265,4103.555
1763142300,4103.53,4104.72,4096.07,4099.92
1763143200,4099.925,4100.32,4086.105,4095.005
1763144100,4095.06,4095.365,4080.87,4093.225
1763145000,4093.175,4103.75,4091.005,4097.01
1763145900,4097.005,4103.02,4095.69,4098.105
1763146800,4098.02,4100.23,4089.855,4095.235
1763147700,4095.41,4097.325,4092.195,4093.64
1763148600,4093.725,4095.715,4090.005,4090.23
1763149500,4090.285,4095.61,4087.725,4089.995
1763150400,4090.065,4092.335,4083.8,4087.555
1763151300,4087.56,4089.175,4075.615,4083.915
1763152200,4084,4092.48,4082.025,4087.68
1763153100,4087.56,4091.815,4084.985,4087.16
1763154000,4087.095,4087.095,4079.13,4079.84
1763154900,4079.765,4085.35,4079.675,4083.075
1763155800,4083.095,4084.315,4078.02,4080.605
1763156700,4080.665,4086.745,4079.275,4085.825
1763334000,4078.275,4104.305,4077.96,4098.875
1763334900,4098.81,4106.705,4095.34,4104.18
1763335800,4104.08,4106.22,4098.96,4102.425
1763336700,4102.275,4103.315,4093.795,4096.51
1763337600,4096.5,4098.39,4084.185,4085.03
1763338500,4085.035,4092.1,4080.835,4086.595
1763339400,4086.825,4092.08,4085.13,4090.045
1763340300,4090.035,4091.585,4081.54,4083.37
1763341200,4083.27,4096.26,4082.69,4093.74
1763342100,4093.81,4097.1,4085.48,4095.94
1763343000,4095.95,4101.915,4094.21,4098.875
1763343900,4098.87,4099.76,4090.225,4091.325
1763344800,4091.32,4092.715,4083.82,4088.995
1763345700,4089.01,4092.46,4086.155,4091.95
1763346600,4091.955,4093.905,4085.485,4088.48
1763347500,4088.455,4089.82,4080.84,4081.725
1763348400,4081.68,4083,4069.86,4079.955
1763349300,4079.97,4085.85,4075.825,4080.435
1763350200,4080.375,4083.33,4078.08,4083.005
1763351100,4083.03,4085.335,4080.84,4083
1763352000,4082.985,4088.085,4082.06,4083.83
1763352900,4083.89,4084.54,4081.185,4083.405
1763353800,4083.495,4085.4,4081.405,4083.555
1763354700,4083.57,4083.875,4076.84,4078.68
1763355600,4078.73,4078.815,4072.17,4072.53
1763356500,4072.535,4072.915,4058.77,4064.5
1763357400,4064.51,4065.105,4049.76,4057.455
1763358300,4057.38,4060.58,4053.31,4058.48
1763359200,4058.515,4066.7,4054.9,4058.705
1763360100,4058.66,4065.02,4056.435,4063.25
1763361000,4063.16,4072.07,4062.7,4066.895
1763361900,4066.845,4070.045,4064.875,4066.175
1763362800,4066.17,4073.6,4065.38,4072.82
1763363700,4072.885,4079.575,4072.335,4078.745
1763364600,4078.72,4083.25,4077.21,4083.25
1763365500,4083.25,4089.26,4083.165,4088.13
1763366400,4088.32,4095.935,4086.925,4090.02
1763367300,4090.03,4090.69,4078.96,4081.025
1763368200,4081.02,4084.105,4075.845,4077.71
1763369100,4077.715,4079.69,4072.11,4077.395
1763370000,4077.24,4082.46,4072.35,4082.115
1763370900,4082.125,4085.315,4079.38,4083.56
1763371800,4083.49,4088.755,4082.15,4086.205
1763372700,4086.255,4086.655,4079.04,4082.28
1763373600,4082.275,4089.455,4081.34,4087.245
1763374500,4087.345,4089.555,4083.845,4084.37
1763375400,4084.325,4086.55,4078.045,4079.46
1763376300,4079.465,4081.18,4068.435,4070.18
1763377200,4070.175,4073.84,4061.215,4068.095
1763378100,4068.03,4072.365,4065.235,4065.815
1763379000,4065.745,4083.17,4064.4,4080.235
1763379900,4080.295,4085.98,4076.59,4078.47
1763380800,4078.535,4080.4,4076.74,4078.52
1763381700,4078.45,4080.375,4074.705,4078.4
1763382600,4078.46,4085.45,4077.835,4082.665
1763383500,4082.62,4083.365,4075.07,4077.375
1763384400,4077.295,4092.29,4076.155,4083.43
1763385300,4083.425,4087.255,4075.12,4076.875
1763386200,4076.85,4079.79,4067.42,4069.405
1763387100,4069.395,4071.35,4060.65,4065.48
1763388000,4065.505,4074.51,4060.57,4073.705
1763388900,4073.71,4074.74,4064.27,4066.56
1763389800,4066.65,4082.01,4065.47,4074.18
1763390700,4074.09,4080.52,4072.34,4076.34
1763391600,4076.32,4077.79,4061.86,4069.09
1763392500,4069.145,4075.905,4060.825,4072.535
1763393400,4072.53,4077.56,4070.695,4073.77
1763394300,4073.735,4073.905,4063.63,4064.33
1763395200,4064.31,4065.42,4052.38,4061.66
1763396100,4061.645,4069.01,4059.295,4069.005
1763397000,4068.96,4073.86,4068,4068.86
1763397900,4068.82,4071.015,4065.35,4070.12
1763398800,4070.125,4075.725,4069.65,4074.145
1763399700,4074.17,4080.61,4072.37,4077.25
1763400600,4077.35,4081.13,4073.82,4075.6
1763401500,4075.675,4075.925,4071.335,4073.345
1763402400,4073.35,4076.33,4071.21,4072.775
1763403300,4072.79,4075.62,4067.785,4073.115
1763404200,4073.14,4073.14,4067.49,4068.825
1763405100,4068.77,4071.78,4062.475,4062.845
1763406000,4062.835,4064.56,4056.725,4060.75
1763406900,4060.775,4065.32,4053.59,4056.805
1763407800,4056.785,4058.77,4016.065,4019.54
1763408700,4019.45,4026.07,4010.95,4011.38
1763409600,4011.41,4022.935,4007.055,4016.495
1763410500,4016.515,4027.995,4015.615,4027.08
1763411400,4027.215,4031.61,4025.155,4029.84
1763412300,4029.915,4044.435,4029.475,4041.205
1763413200,4041.165,4045.455,4038.99,4044.365
1763414100,4044.37,4045.78,4042.685,4043.57
1763415000,4043.59,4044.88,4042.685,4043.585
1763415900,4043.58,4046.105,4042.715,4045.86
1763420400,4050.79,4054.755,4045.93,4050.09
1763421300,4050.11,4052.66,4047.95,4048.41
1763422200,4048.395,4049.99,4034.565,4037.34
1763423100,4037.31,4042.82,4028.895,4036.785
1763424000,4036.835,4040.355,4030.385,4036.81
1763424900,4036.805,4036.845,4027.3,4030.945
1763425800,4030.93,4039.29,4028.95,4037.255
1763426700,4037.26,4041.205,4032.16,4040.09
1763427600,4040.1,4045.355,4035.055,4040.89
1763428500,4040.865,4045.13,4037.2,4040.42
1763429400,4040.45,4041.6,4029.88,4033.18
1763430300,4033.17,4034.005,4022.425,4025.15
1763431200,4025.14,4034.29,4019.425,4034.11
1763432100,4034.175,4034.47,4026.96,4030.785
1763433000,4030.835,4035.89,4028.28,4029.89
1763433900,4029.89,4030.765,4015.38,4018.035
1763434800,4018.005,4019.895,4010.28,4014.67
1763435700,4014.53,4015.38,4008.24,4013.07
1763436600,4013.1,4026.685,4011.665,4022.27
1763437500,4022.225,4022.325,4011.34,4013.39
1763438400,4013.46,4013.765,4009.725,4011.13
1763439300,4011.2,4018.16,4004.725,4017.68
1763440200,4017.675,4017.825,4007.53,4010.23
1763441100,4010.17,4012.29,4008.665,4010.39
1763442000,4010.45,4014.35,4008.09,4012.11
1763442900,4012.105,4021.955,4010.58,4017.015
1763443800,4017.07,4024.83,4016.735,4023.8
1763444700,4023.85,4025.395,4015.58,4019.005
1763445600,4019.07,4020.58,4012.535,4012.715
1763446500,4012.705,4015.905,4008.275,4014.33
1763447400,4014.16,4015.62,4007.71,4011.26
1763448300,4011.25,4015.985,4008.705,4008.935
1763449200,4008.95,4009.49,4002.25,4008.545
1763450100,4008.55,4010.805,4002.28,4002.465
1763451000,4002.445,4015.265,3997.985,4011.905
1763451900,4011.91,4017.69,4010.13,4013.82
1763452800,4013.84,4026.835,4010.45,4025.1
1763453700,4024.975,4026.525,4021.095,4022.355
1763454600,4022.29,4042.795,4021.655,4037.345
1763455500,4037.295,4041.73,4033.99,4036.695
1763456400,4036.52,4039.125,4030.52,4033.37
1763457300,4033.655,4039.93,4033.63,4034.775
1763458200,4034.605,4037.715,4030.42,4037.715
1763459100,4037.71,4047.335,4036.175,4040.365
1763460000,4040.35,4045.05,4037.695,4041.005
1763460900,4041.04,4043.635,4038.43,4038.43
1763461800,4038.325,4043.755,4037.43,4043.44
1763462700,4043.505,4050.435,4041.86,4044.21
1763463600,4044.265,4048.795,4042.665,4045.78
1763464500,4045.88,4049.29,4044.61,4048.53
1763465400,4048.51,4050.525,4043.675,4044.85
1763466300,4044.92,4045.26,4036.91,4039.655
1763467200,4039.68,4045.305,4038,4040.145
1763468100,4040.19,4043.52,4032.155,4033.32
1763469000,4033.335,4040.16,4032.36,4033.565
1763469900,4033.54,4035.325,4029.33,4032.555
1763470800,4032.695,4046.225,4031.34,4043.085
1763471700,4042.955,4052.97,4040.78,4048.965
1763472600,4048.94,4068.19,4047.81,4063.345
1763473500,4063.355,4070.415,4062,4065.305
1763474400,4065.3,4075.345,4063.395,4073.835
1763475300,4073.86,4080.57,4073.42,4074.745
1763476200,4074.685,4081.915,4069.815,4073.385
1763477100,4073.44,4077.76,4058.22,4065.91
1763478000,4065.83,4068.12,4053.465,4059.49
1763478900,4059.525,4067.235,4054.095,4064.805
1763479800,4064.82,4072.415,4058.13,4060.445
1763480700,4060.42,4061.285,4049.24,4053.2
1763481600,4053.245,4054.755,4040.55,4053.72
1763482500,4053.67,4065.54,4051.5,4064.86
1763483400,4064.91,4067.025,4057.765,4062.34
1763484300,4062.33,4069.35,4060.505,4066.93
1763485200,4066.855,4070.685,4063.825,4066.15
1763486100,4066.185,4068.19,4059.54,4061.71
1763487000,4061.685,4075.75,4060.675,4073.085
1763487900,4073.105,4074.35,4069.79,4071.67
1763488800,4071.6,4074.875,4067.78,4068.435
1763489700,4068.505,4070.42,4063.22,4065.875
1763490600,4066.075,4072.97,4063.77,4070.865
1763491500,4070.85,4074.5,4069.19,4072.63
1763492400,4072.655,4079.905,4072.58,4079.77
1763493300,4079.685,4080.985,4075.075,4075.575
1763494200,4075.645,4081.235,4073.475,4077.025
1763495100,4077.035,4082.12,4076.635,4081.38
1763496000,4081.36,4082.58,4073.32,4073.65
1763496900,4073.95,4076.525,4069.395,4072.3
1763497800,4072.35,4073.625,4068.455,4068.72
1763498700,4068.675,4071.69,4067.435,4069.695
1763499600,4069.63,4072.41,4069.33,4070.45
1763500500,4070.305,4070.305,4064.915,4065.935
1763501400,4066.03,4068.59,4065.3,4067.335
1763502300,4067.28,4068.46,4065.71,4067.425
1763506800,4067.645,4073.355,4067.155,4071.49
1763507700,4071.585,4073.98,4070.92,4071.465
1763508600,4071.46,4074.075,4068.21,4073.53
1763509500,4073.575,4078.1,4070.2,4077
1763510400,4076.975,4077.985,4071.235,4073.18
1763511300,4073.205,4078.655,4071.065,4074.695
1763512200,4074.575,4077.465,4074.19,4075.57
1763513100,4075.52,4075.88,4067.515,4069.34
1763514000,4069.345,4070.24,4061.405,4064.615
1763514900,4064.68,4069.9,4060.76,4067.795
1763515800,4067.705,4070.44,4061.415,4065.58
1763516700,4065.65,4065.65,4056.39,4059.09
1763517600,4059.115,4063.83,4055.525,4059.705
1763518500,4059.81,4065.16,4059.59,4064.42
1763519400,4064.455,4078.8,4064.135,4078.51
1763520300,4078.465,4080.775,4075.435,4075.79
1763521200,4075.795,4078.83,4072.355,4073.78
1763522100,4073.92,4075.715,4069.63,4071.995
1763523000,4071.925,4074.26,4070.425,4073.26
1763523900,4073.545,4076.445,4066.21,4067.105
1763524800,4067.1,4071.085,4064.68,4068.825
1763525700,4068.775,4076,4068.39,4074.34
1763526600,4074.405,4077.105,4072.445,4074.84
1763527500,4074.77,4076.825,4073.28,4075.245
1763528400,4075.455,4079.565,4074.3,4079.29
1763529300,4079.195,4092.19,4079.065,4088.845
1763530200,4088.835,4097.565,4087.79,4092.385
1763531100,4092.34,4095.78,4090.25,4095.63
1763532000,4095.655,4098.72,4092.445,4097.125
1763532900,4097.13,4097.14,4089.105,4092.305
1763533800,4092.405,4095.665,4089.455,4094.31
1763534700,4094.295,4095.515,4089.925,4091.075
1763535600,4091.08,4092.995,4084.95,4087.485
1763536500,4087.49,4091.055,4085.335,4088.695
1763537400,4088.685,4096.165,4088.195,4094.86
1763538300,4094.815,4097,4086.25,4087
1763539200,4086.925,4086.965,4078.35,4082.27
1763540100,4082.255,4088.855,4080.655,4088.08
1763541000,4088.01,4088.67,4080.225,4081.605
1763541900,4081.56,4085.725,4080.5,4083.355
1763542800,4083.4,4090.79,4081.265,4089.835
1763543700,4089.83,4092.155,4085.76,4091.21
1763544600,4091.265,4098.745,4087.99,4098.54
1763545500,4098.555,4116.4,4098.375,4113.325
1763546400,4113.35,4119.23,4109.19,4111.21
1763547300,4111.28,4116,4110.72,4112.475
1763548200,4112.425,4114.74,4110.355,4112.615
1763549100,4112.7,4113.89,4107.075,4108.995
1763550000,4109.03,4111.34,4106.455,4110.26
1763550900,4110.265,4117.75,4110.045,4114.42
1763551800,4114.41,4115.065,4109.83,4111.49
1763552700,4111.515,4117.025,4111.39,4113.125
1763553600,4113.14,4119.895,4112.65,4116.145
1763554500,4116.195,4117.65,4112.155,4117.28
1763555400,4117.29,4120.015,4115.07,4117.47
1763556300,4117.46,4119.79,4112.3,4114.685
1763557200,4114.72,4115.435,4101.44,4103.25
1763558100,4103.15,4109.895,4100.85,4109.525
1763559000,4109.515,4115.19,4106.655,4114.595
1763559900,4114.605,4117.94,4106.205,4110.765
1763560800,4110.84,4118.845,4110.795,4117.69
1763561700,4117.725,4118.885,4105.92,4106.905
1763562600,4106.88,4117.575,4101.7,4112.52
1763563500,4112.48,4128.975,4109.395,4127.905
1763564400,4127.865,4130.43,4120.675,4130
1763565300,4130.025,4132.985,4115.955,4116.32
1763566200,4116.44,4121.295,4109.215,4110.22
1763567100,4110.125,4110.98,4090.05,4096.745
1763568000,4096.74,4098.71,4083.945,4094.85
1763568900,4094.89,4095.56,4071.63,4074.415
1763569800,4074.425,4079.425,4068.005,4073.605
1763570700,4073.685,4078.405,4070.14,4074.74
1763571600,4074.83,4076.67,4055.475,4065.575
1763572500,4065.44,4073.215,4061.985,4072.295
1763573400,4072.3,4078.345,4063.2,4075.215
1763574300,4075.195,4081.25,4072.095,4078.835
1763575200,4078.945,4085.685,4078.61,4084.02
1763576100,4084,4086.68,4078.69,4081.86
1763577000,4081.81,4084.45,4075.795,4079.315
1763577900,4079.255,4091.4,4078.27,4087.485
1763578800,4087.48,4087.52,4073.315,4078.27
1763579700,4078.285,4079.275,4069.285,4071.96
1763580600,4071.94,4076.96,4069.315,4071.94
1763581500,4071.965,4077.555,4071.02,4073.7
1763582400,4073.655,4078.295,4072.345,4075.85
1763583300,4075.945,4082.24,4075.945,4079.44
1763584200,4079.37,4080.68,4074.8,4077.26
1763585100,4077.32,4078.355,4072.45,4076.385
1763586000,4076.36,4076.36,4071.485,4072.48
1763586900,4072.555,4077.565,4065.76,4076.965
1763587800,4076.925,4084.9,4076.45,4080.23
1763588700,4080.41,4082.23,4076.18,4077.85
1763593200,4088.255,4089.465,4083.645,4088.005
1763594100,4087.995,4091.57,4087.37,4088.365
1763595000,4088.36,4099.14,4085.97,4096.72
1763595900,4096.81,4108.21,4096.63,4104.69
1763596800,4104.66,4110.37,4103.565,4105.75
1763597700,4105.745,4109.255,4105.21,4105.605
1763598600,4105.53,4109.025,4101.6,4105.08
1763599500,4105.12,4105.935,4100.42,4103.135
1763600400,4103.065,4109.185,4096.46,4097.59
1763601300,4097.585,4099.145,4092.39,4094.275
1763602200,4094.26,4094.765,4088.405,4091.785
1763603100,4091.845,4098.565,4081.195,4081.605
1763604000,4081.595,4081.88,4059.155,4063.46
1763604900,4063.445,4064.31,4038.9,4055.38
1763605800,4055.51,4062.2,4053.47,4061.87
1763606700,4061.895,4070.36,4060.17,4066.875
1763607600,4066.86,4085.695,4066.25,4078.16
1763608500,4078.135,4078.7,4072.64,4076.32
1763609400,4076.5,4076.84,4065.05,4066.055
1763610300,4065.85,4072.95,4064.88,4072.365
1763611200,4072.38,4078.955,4068.3,4078.07
1763612100,4078.09,4080.06,4076.105,4078.28
1763613000,4078.285,4079.7,4073.36,4076.765
1763613900,4076.7,4080.53,4074.68,4075.5
1763614800,4075.51,4075.97,4068.1,4071.59
1763615700,4071.495,4074.13,4068.3,4069.7
1763616600,4069.635,4072.35,4064.38,4067.13
1763617500,4066.96,4072.055,4066.335,4066.79
1763618400,4066.66,4077.945,4065.05,4073.585
1763619300,4073.56,4074.94,4058.52,4063.05
1763620200,4062.9,4072.27,4061.67,4067.995
1763621100,4068.02,4070.58,4063.6,4068.495
1763622000,4068.48,4076.675,4065.695,4073.5
1763622900,4073.605,4073.65,4060.13,4062.95
1763623800,4062.915,4068.22,4058.795,4059.915
1763624700,4059.94,4061.97,4054.35,4059.935
1763625600,4059.97,4063.195,4042.785,4047.405
1763626500,4047.36,4050.76,4038.93,4046.02
1763627400,4046.075,4058.685,4043.93,4054.6
1763628300,4054.615,4069.48,4051.91,4063.46
1763629200,4063.335,4072.81,4063.045,4068.82
1763630100,4068.885,4071.81,4058.78,4059.175
1763631000,4059.155,4067.715,4055.735,4063.81
1763631900,4063.82,4069.13,4059.765,4064.225
1763632800,4064.235,4068.275,4058.895,4059.63
1763633700,4059.62,4064.12,4058.305,4061.625
1763634600,4061.605,4067.16,4061.375,4063.645
1763635500,4063.49,4065.21,4058.5,4059.91
1763636400,4059.905,4060.97,4054.135,4057.395
1763637300,4057.335,4057.335,4051.16,4056.63
1763638200,4056.53,4068.525,4054.48,4066.755
1763639100,4066.78,4066.95,4056.63,4060.895
1763640000,4060.82,4075.025,4060.185,4072.72
1763640900,4072.71,4079.34,4069.865,4073.27
1763641800,4073.295,4079.5,4072.96,4076.955
1763642700,4076.985,4082.1,4074.155,4081.81
1763643600,4081.79,4094.665,4081.295,4090.185
1763644500,4090.19,4093.275,4083.475,4085.77
1763645400,4085.79,4096.545,4066.925,4080.51
1763646300,4080.54,4090.07,4073.18,4080.245
1763647200,4080.225,4083.41,4072.28,4078.795
1763648100,4078.645,4088.745,4078.49,4080.6
1763649000,4080.62,4091.45,4074.555,4088.955
1763649900,4088.97,4107.35,4086.615,4093.25
1763650800,4093.235,4097.075,4082.63,4092.565
1763651700,4092.55,4098.87,4086.36,4095.445
1763652600,4095.44,4096.175,4074.885,4088.085
1763653500,4088.145,4088.725,4070.23,4070.355
1763654400,4070.39,4082.795,4068.56,4074.635
1763655300,4074.535,4078.595,4063.12,4065.235
1763656200,4064.675,4068.27,4057.82,4059.23
1763657100,4059.28,4067.3,4044.815,4049.12
1763658000,4049.065,4055.135,4043.58,4052.81
1763658900,4052.815,4061.43,4050.495,4056.33
1763659800,4056.32,4060.315,4049.27,4052.33
1763660700,4052.34,4068.67,4051.655,4066.225
1763661600,4066.215,4072.72,4064.55,4066.53
1763662500,4066.545,4067.33,4056.215,4060.465
1763663400,4060.435,4067.375,4057.66,4061.115
1763664300,4061.105,4063.17,4056.895,4060.69
1763665200,4060.68,4069.325,4059.095,4069.22
1763666100,4069.135,4087.445,4066.275,4084.365
1763667000,4084.39,4087.37,4079.32,4083.14
1763667900,4083.155,4085.615,4080.345,4084.76
1763668800,4084.71,4085.24,4074.145,4077.22
1763669700,4077.26,4081.585,4074.165,4077.385
1763670600,4077.42,4078.28,4073.425,4077.905
1763671500,4077.91,4080.195,4073.63,4077.49
1763672400,4077.835,4079.83,4074.455,4077.265
1763673300,4077.28,4081.145,4076.525,4079.055
1763674200,4079.12,4080.37,4076.625,4076.89
1763675100,4076.935,4079.905,4076.935,4077.535
1763679600,4073.08,4085.225,4073.075,4084.96
1763680500,4085.08,4085.915,4076.585,4081.03
1763681400,4081.135,4088.65,4079.495,4087.21
1763682300,4087.22,4088.725,4074.415,4079.035
1763683200,4079.065,4081.56,4073.675,4079.925
1763684100,4079.865,4081.195,4071.61,4074.89
1763685000,4074.96,4080.1,4071.865,4078.545
1763685900,4078.635,4079.78,4071.36,4073.88
1763686800,4073.905,4073.905,4063.09,4064.485
1763687700,4064.52,4068.815,4061.63,4062.015
1763688600,4062.095,4064.965,4060.5,4064.335
1763689500,4064.355,4074.705,4063.415,4068.68
1763690400,4068.695,4075.87,4068.21,4073.74
1763691300,4073.715,4075.335,4066.085,4073.735
1763692200,4073.77,4080.105,4072.155,4073.17
1763693100,4073.18,4073.45,4056.525,4057.305
1763694000,4057.32,4059.495,4052.335,4056.61
1763694900,4056.615,4058.005,4049.46,4052.68
1763695800,4052.685,4057.685,4050.935,4054.925
1763696700,4054.96,4059.625,4052.185,4056.365
1763697600,4056.37,4062.615,4052.94,4055.39
1763698500,4055.26,4060.805,4053.53,4059.99
1763699400,4060.035,4060.705,4048.19,4050.595
1763700300,4050.59,4053.045,4047.705,4052.445
1763701200,4052.45,4057.585,4051.685,4056.105
1763702100,4056.32,4057.445,4053.06,4053.06
1763703000,4053.05,4057.565,4048.1,4048.985
1763703900,4048.975,4060.105,4039.75,4058.69
1763704800,4058.695,4065.095,4051.57,4051.825
1763705700,4051.75,4052.615,4030.54,4032.05
1763706600,4031.995,4040.69,4029.36,4036.11
1763707500,4036.035,4039.275,4032.72,4032.77
1763708400,4032.82,4033.155,4024.835,4032.505
1763709300,4032.52,4037.78,4030.6,4037.66
1763710200,4037.705,4039.87,4032.11,4033.48
1763711100,4033.625,4035.715,4028.705,4031.82
1763712000,4031.815,4039.515,4022.26,4037.015
1763712900,4037.06,4048.195,4033.895,4042.8
1763713800,4042.755,4047.66,4040.98,4043.635
1763714700,4043.53,4047.13,4038.66,4041.185
1763715600,4041.18,4059.7,4040.36,4058.32
1763716500,4058.305,4063.605,4054.08,4056.68
1763717400,4056.675,4060.895,4049.54,4049.62
1763718300,4049.61,4055.14,4048.34,4050.615
1763719200,4050.535,4052.8,4035.37,4038.955
1763720100,4038.935,4043.62,4032.63,4032.71
1763721000,4032.7,4038.045,4032.41,4033.93
1763721900,4033.89,4041.945,4033.505,4037.205
1763722800,4037.095,4047.05,4035.77,4040.41
1763723700,4040.37,4042.15,4037,4039.325
1763724600,4039.39,4041.06,4035.07,4036.675
1763725500,4036.58,4038.71,4031.1,4036.715
1763726400,4036.71,4046.03,4034.785,4044.35
1763727300,4044.33,4050.66,4041.17,4045.2
1763728200,4044.865,4063.635,4043.925,4062.205
1763729100,4062.22,4071.785,4061,4066.015
1763730000,4066.005,4067.355,4059.185,4062.4
1763730900,4062.43,4070.82,4059.945,4067.745
1763731800,4067.755,4072.475,4066.265,4072.425
1763732700,4072.365,4081.39,4072.365,4079.745
1763733600,4079.685,4084.075,4071.7,4076.24
1763734500,4076.27,4076.78,4064.065,4066.755
1763735400,4066.775,4071.085,4061.7,4063.52
1763736300,4063.48,4075.44,4062.335,4071.425
1763737200,4071.245,4076.885,4066.42,4072.145
1763738100,4072.15,4076.615,4067.605,4069.17
1763739000,4069.095,4070.745,4055.16,4063.5
1763739900,4063.595,4072.125,4062.77,4069.67
1763740800,4069.655,4072.725,4063.08,4067.36
1763741700,4067.44,4071.745,4064.265,4070.55
1763742600,4070.535,4081.305,4069.965,4079.37
1763743500,4079.345,4100.685,4076.44,4099.93
1763744400,4099.925,4101.07,4083.105,4084.69
1763745300,4084.715,4087.37,4079.01,4081.66
1763746200,4081.635,4084.735,4079.485,4083.515
1763747100,4083.56,4088.82,4081.06,4085.645
1763748000,4085.65,4087.655,4080.105,4081.365
1763748900,4081.3,4084.76,4079.195,4080.04
1763749800,4080.05,4081.985,4076.575,4079.655
1763750700,4079.65,4088.265,4079.605,4082.875
1763751600,4082.85,4086.325,4082.58,4084.93
1763752500,4084.885,4092.185,4084.425,4090.645
1763753400,4090.62,4092.17,4085.295,4085.765
1763754300,4085.825,4089.435,4084.41,4087.625
1763755200,4087.645,4088.77,4080.38,4081.12
1763756100,4081.125,4083,4068.09,4069.59
1763757000,4069.53,4069.615,4056.49,4059.415
1763757900,4059.37,4070.03,4055.3,4067.29
1763758800,4067.315,4069.195,4054.74,4059.42
1763759700,4059.48,4063.82,4057.13,4062.27
1763760600,4062.375,4066.81,4061.88,4065.26
1763761500,4065.27,4067.16,4062.93,4065.01
1763938800,4067.61,4077.795,4067.61,4074.125
1763939700,4074.13,4077.325,4069.09,4070.67
1763940600,4070.68,4072.47,4065.75,4070.21
1763941500,4070.255,4076.795,4069.465,4075.165
1763942400,4075.11,4076.105,4058.33,4062.255
1763943300,4062.38,4064.84,4059.33,4063.005
1763944200,4062.87,4066.315,4062.045,4065.87
1763945100,4065.885,4068.1,4063.81,4067.53
1763946000,4067.54,4073.33,4051.735,4054.565
1763946900,4054.53,4056.385,4050,4055.46
1763947800,4055.56,4056.585,4050.56,4052.46
1763948700,4052.445,4054.5,4042.755,4044.235
1763949600,4044.125,4048.57,4043.49,4046.485
1763950500,4046.625,4048.855,4046.085,4048.09
1763951400,4048.065,4051.72,4045.23,4047.6
1763952300,4048.095,4048.27,4040.77,4043.68
1763953200,4043.67,4050.84,4043.67,4046.655
1763954100,4046.645,4049.53,4044.67,4048.96
1763955000,4048.89,4058.285,4048.89,4056.28
1763955900,4056.295,4056.6,4048.19,4050.45
1763956800,4050.23,4061.425,4049.53,4059.175
1763957700,4059.13,4060.605,4048.475,4051.16
1763958600,4051.075,4052.535,4045.22,4046.805
1763959500,4046.83,4046.895,4042.225,4044.26
1763960400,4044.28,4046.795,4043.04,4045.695
1763961300,4045.775,4048.17,4040.02,4047.385
1763962200,4047.465,4049.705,4042.625,4048.635
1763963100,4048.695,4048.695,4041.38,4046.545
1763964000,4046.52,4054.705,4045.67,4049.92
1763964900,4049.84,4056.63,4047.915,4053.015
1763965800,4053.01,4058.21,4052.585,4056.945
1763966700,4056.95,4057.265,4052.35,4053.46
1763967600,4053.465,4057.785,4051.56,4053.705
1763968500,4053.7,4056.68,4052.055,4052.725
1763969400,4052.72,4067.115,4052.655,4063.995
1763970300,4064.005,4067.75,4058.56,4060.245
1763971200,4060.25,4064.915,4059.745,4061.935
1763972100,4061.955,4066.355,4059.65,4062.94
1763973000,4062.72,4063.81,4060.125,4063.58
1763973900,4063.38,4067.005,4062.53,4063.385
1763974800,4063.36,4074.415,4062.885,4072.17
1763975700,4072.245,4074.04,4066.945,4068.765
1763976600,4068.635,4072.995,4067.71,4070.375
1763977500,4070.495,4072.66,4065.78,4072.045
1763978400,4072.02,4077.4,4071.045,4073.31
1763979300,4073.155,4077.07,4068.425,4070.385
1763980200,4070.335,4071.085,4066.105,4070.215
1763981100,4070.22,4070.98,4063.335,4064.01
1763982000,4064.015,4068.615,4063.285,4066.665
1763982900,4066.655,4070.475,4066.51,4070.375
1763983800,4070.385,4071.195,4067.09,4070.33
1763984700,4070.3,4071.705,4068.95,4070.035
1763985600,4070.035,4074.355,4065.635,4068.775
1763986500,4068.745,4071.46,4067.48,4070.96
1763987400,4070.98,4080.58,4070.705,4079.115
1763988300,4079.185,4084.145,4077.16,4080.565
1763989200,4080.61,4081.915,4075.955,4078.415
1763990100,4078.4,4085.09,4077.435,4080.615
1763991000,4080.635,4086.02,4074.51,4077.57
1763991900,4077.585,4081.045,4073.705,4077.945
1763992800,4077.9,4083.235,4076.03,4079.97
1763993700,4079.93,4081.23,4073.92,4075.75
1763994600,4075.82,4079.105,4068.445,4073.725
1763995500,4073.73,4086.275,4072.28,4081.595
1763996400,4081.57,4093.485,4081.295,4092.265
1763997300,4092.39,4093.94,4087.225,4088.115
1763998200,4088.15,4093.6,4087.145,4093.35
1763999100,4093.34,4093.79,4089.315,4091.705
1764000000,4091.72,4095.68,4089.64,4095.015
1764000900,4095.02,4095.365,4092.185,4092.57
1764001800,4092.605,4099,4092.16,4097.925
1764002700,4097.96,4098.635,4095.005,4097.37
1764003600,4097.33,4099.8,4091.675,4092.09
1764004500,4092.13,4094.87,4088.925,4093.595
1764005400,4093.655,4096.165,4092.67,4095.36
1764006300,4095.355,4100.47,4092.56,4093.02
1764007200,4093.025,4093.6,4088.085,4090.15
1764008100,4090.14,4095.835,4089.52,4095.72
1764009000,4095.715,4114.715,4095.665,4112.785
1764009900,4112.775,4126.03,4110.385,4120.585
1764010800,4120.61,4124.27,4116.605,4116.825
1764011700,4116.83,4120.745,4114.965,4119.095
1764012600,4119.105,4119.495,4113.775,4116.23
1764013500,4116.2,4121.285,4115.825,4118.575
1764014400,4118.61,4123.795,4118.1,4122.035
1764015300,4122.04,4125.62,4121.14,4124.76
1764016200,4124.785,4133.75,4124.68,4131.485
1764017100,4131.49,4133.585,4128.83,4132.65
1764018000,4132.64,4133.89,4130.075,4131.825
1764018900,4131.855,4133.165,4130.9,4132.3
1764019800,4132.275,4139.875,4131.135,4139.22
1764020700,4139.25,4139.89,4133.515,4133.975
1764025200,4135.485,4139.155,4125.385,4129.495
1764026100,4129.515,4133.635,4127.25,4131.435
1764027000,4131.485,4136.53,4128.985,4136.285
1764027900,4136.18,4144.34,4135.885,4143.62
1764028800,4143.685,4144.585,4136.41,4136.635
1764029700,4136.63,4140.635,4134.19,4135.655
1764030600,4135.745,4136.975,4131.945,4134.88
1764031500,4134.875,4136.17,4127.53,4129.545
1764032400,4129.72,4135.995,4123.97,4128.48
1764033300,4128.515,4128.985,4122.55,4127.565
1764034200,4127.615,4139.365,4127.445,4136.82
1764035100,4136.855,4137.725,4132.55,4134.94
1764036000,4134.905,4142.165,4132.93,4136.465
1764036900,4136.475,4145.875,4135.475,4144.8
1764037800,4144.755,4152.72,4144.12,4152.185
1764038700,4152.295,4155.9,4149.89,4150.665
1764039600,4150.64,4150.75,4145.155,4145.83
1764040500,4145.835,4147.585,4139.59,4145.27
1764041400,4145.42,4145.935,4140.83,4145.2
1764042300,4145.15,4145.78,4141.2,4143.165
1764043200,4143.14,4146.095,4139.51,4144.835
1764044100,4144.845,4147.89,4144.21,4146.15
1764045000,4145.985,4148.43,4143.08,4145.375
1764045900,4145.31,4146.33,4140.2,4140.68
1764046800,4140.78,4148.25,4140.78,4146.9
1764047700,4146.91,4147.36,4142.75,4144.2
1764048600,4144.09,4147.46,4141.535,4146.78
1764049500,4146.71,4152.04,4144.94,4151.09
1764050400,4150.955,4152.21,4145.925,4147.45
1764051300,4147.435,4149.135,4139.975,4140.88
1764052200,4140.87,4143.82,4138.65,4140.015
1764053100,4140.02,4143.355,4138.905,4141.625
1764054000,4141.555,4146.02,4139.52,4140.47
1764054900,4140.54,4143.725,4134.725,4137.21
1764055800,4137.255,4138.83,4130.89,4137.5
1764056700,4137.515,4139.335,4130.115,4132.56
1764057600,4132.715,4136.48,4131.5,4134.41
1764058500,4134.48,4139.495,4134.48,4136.495
1764059400,4136.47,4136.73,4121.345,4127.485
1764060300,4127.465,4128.205,4109.71,4115.965
1764061200,4115.975,4128.45,4113.93,4127.085
1764062100,4127,4130.7,4122.725,4124.895
1764063000,4124.77,4131.43,4122.085,4127.895
1764063900,4127.91,4130.39,4125.83,4128.46
1764064800,4128.455,4137.8,4127.455,4137.43
1764065700,4137.48,4138.91,4129.165,4130.995
1764066600,4131,4133.56,4128.115,4132.185
1764067500,4132.225,4134.74,4127.42,4131.47
1764068400,4131.46,4134.825,4127.865,4134.745
1764069300,4134.81,4137.47,4128.49,4132.47
1764070200,4132.48,4134.275,4129.46,4132.68
1764071100,4132.645,4134.275,4130.11,4133.685
1764072000,4133.68,4137.495,4133.285,4136.085
1764072900,4136.115,4138.92,4132.59,4132.9
1764073800,4132.865,4136.99,4117.355,4117.47
1764074700,4117.45,4130.315,4115.51,4130.065
1764075600,4130.125,4139.975,4129.66,4138.325
1764076500,4138.33,4146.955,4137.75,4141.825
1764077400,4141.795,4150.915,4141.755,4145.88
1764078300,4145.945,4150.27,4144.15,4147.77
1764079200,4147.785,4148.61,4138.895,4142.615
1764080100,4142.61,4143.26,4133.49,4134.315
1764081000,4134.325,4137.775,4117.365,4119.7
1764081900,4119.56,4126.23,4110.805,4125.26
1764082800,4125.28,4131.91,4117.92,4129.215
1764083700,4129.205,4134.13,4125.015,4127.895
1764084600,4127.9,4133.485,4127.095,4130.72
1764085500,4130.775,4132.9,4120.69,4123.125
1764086400,4123.12,4131.825,4122.215,4131.47
1764087300,4131.455,4141.4,4131.375,4140.675
1764088200,4140.665,4141.08,4136.48,4140.05
1764089100,4140.065,4140.315,4134.7,4136.195
1764090000,4136.24,4153.435,4136,4150.17
1764090900,4150.18,4154.03,4145.25,4149.8
1764091800,4149.81,4159.38,4148.83,4152.62
1764092700,4152.725,4153.625,4144.345,4146.215
1764093600,4146.235,4151.085,4141.98,4145.86
1764094500,4145.825,4146.91,4141.83,4142.695
1764095400,4142.705,4145.61,4135.275,4139.475
1764096300,4139.45,4141.345,4132.445,4134.325
1764097200,4134.255,4140.335,4131.595,4138.36
1764098100,4138.365,4138.71,4128.49,4130.06
1764099000,4130.08,4133.675,4129.145,4132.31
1764099900,4132.315,4134.185,4129.465,4133.86
1764100800,4133.895,4138.525,4133.615,4136.635
1764101700,4136.665,4138.015,4132.26,4132.46
1764102600,4132.455,4136.37,4130.73,4135.42
1764103500,4135.435,4135.47,4130.65,4132.42
1764104400,4132.4,4132.67,4127.62,4132.045
1764105300,4132.025,4132.55,4129.65,4130.3
1764106200,4130.33,4132.435,4129.64,4131.305
1764107100,4131.275,4131.57,4129.185,4130.55
1764111600,4134.495,4136.375,4132.49,4133.605
1764112500,4133.645,4137.305,4132.025,4133.435
1764113400,4133.52,4136.025,4129.99,4134.125
1764114300,4134.14,4134.14,4131.385,4133.955
1764115200,4133.97,4139.91,4132.815,4138.59
1764116100,4138.61,4142.805,4137.715,4141.67
1764117000,4141.665,4142.39,4137.855,4139.82
1764117900,4139.83,4144.435,4134.79,4143.08
1764118800,4143.085,4146.055,4138.735,4140.215
1764119700,4140.24,4147.215,4140.24,4144.965
1764120600,4145.045,4151.765,4143.075,4150.59
1764121500,4150.53,4152.985,4148.17,4148.545
1764122400,4148.525,4153.74,4147.465,4150.38
1764123300,4150.36,4164.715,4150.14,4162.29
1764124200,4162.295,4166.37,4158.32,4161.675
1764125100,4161.69,4166.715,4161.55,4162.125
1764126000,4162.1,4169.125,4160.335,4165.37
1764126900,4165.36,4166.075,4163.2,4164.23
1764127800,4164.235,4167.45,4163.17,4166.2
1764128700,4166.195,4169.58,4164.21,4166.07
1764129600,4166.015,4167.09,4159.385,4161.875
1764130500,4161.97,4162.5,4156.985,4157.525
1764131400,4157.51,4161.18,4156.525,4160.35
1764132300,4160.365,4162.985,4157.67,4162.04
1764133200,4162.1,4166.83,4160.87,4166.415
1764134100,4166.37,4168.845,4164.505,4167.035
1764135000,4167.045,4167.675,4160.41,4162.89
1764135900,4162.885,4165.12,4160.715,4162.46
1764136800,4162.415,4162.96,4156.97,4157.34
1764137700,4157.21,4160.405,4153.11,4158.375
1764138600,4158.42,4158.515,4146.68,4151.045
1764139500,4151.06,4154.34,4148.84,4150.215
1764140400,4150.225,4155.04,4149.365,4153.52
1764141300,4153.515,4154.245,4149.96,4152.25
1764142200,4152.235,4156.75,4151.225,4155.55
1764143100,4155.545,4161.74,4155.115,4157.54
1764144000,4157.525,4167.53,4156.785,4165.835
1764144900,4165.795,4168.63,4164.965,4166.79
1764145800,4166.785,4167.315,4155.765,4158.005
1764146700,4157.99,4162.73,4154.76,4161.09
1764147600,4161.1,4164.66,4157.565,4158.29
1764148500,4158.28,4163.27,4156.52,4162.85
1764149400,4162.815,4164.095,4160.14,4160.145
1764150300,4160.275,4162.88,4157.765,4162.865
1764151200,4162.875,4165.28,4162.23,4163.86
1764152100,4163.865,4165.215,4160.46,4163.42
1764153000,4163.335,4163.335,4156.325,4158.21
1764153900,4158.24,4160.67,4155.98,4160.09
1764154800,4160.095,4161.09,4157.815,4160.065
1764155700,4160.075,4165.055,4160.03,4165.025
1764156600,4165.035,4172.67,4165,4171.22
1764157500,4171.21,4173.175,4166.32,4171.61
1764158400,4171.62,4173.5,4167.985,4170.975
1764159300,4171,4171.165,4159.61,4162.04
1764160200,4162.125,4163.915,4155.79,4158.47
1764161100,4158.415,4158.875,4148.57,4155.25
1764162000,4155.26,4163.99,4153.145,4159.59
1764162900,4159.5,4166.665,4157.65,4165.855
1764163800,4165.865,4165.865,4153.2,4153.885
1764164700,4153.895,4156.755,4149.02,4153.5
1764165600,4153.51,4156.97,4139.595,4147.57
1764166500,4147.545,4149.53,4141.8,4142.26
1764167400,4142.27,4154.48,4141.57,4149.28
1764168300,4149.23,4152.34,4142.275,4142.365
1764169200,4142.225,4152.435,4136.665,4152.435
1764170100,4152.415,4158.085,4152.2,4156.715
1764171000,4156.735,4163.975,4155.595,4162.105
1764171900,4162.15,4165.83,4157.955,4165.43
1764172800,4165.445,4165.92,4160.73,4162.335
1764173700,4162.29,4165.04,4161.8,4162.055
1764174600,4162.055,4168.595,4161.13,4167.39
1764175500,4167.395,4168.33,4164.535,4167.15
1764176400,4167.155,4168.335,4165.16,4165.94
1764177300,4166,4169.935,4165.175,4168.075
1764178200,4168.12,4169.285,4165.675,4168.875
1764179100,4168.94,4169.9,4165.93,4167.275
1764180000,4167.29,4171.905,4167.06,4171.24
1764180900,4171.19,4171.35,4167.065,4167.965
1764181800,4167.98,4168.915,4158.375,4159.295
1764182700,4159.265,4165.405,4158.1,4164.795
1764183600,4164.775,4168.67,4164.14,4166.83
1764184500,4166.84,4169.84,4166.18,4167.525
1764185400,4167.535,4168.205,4162.63,4163.78
1764186300,4163.81,4166.195,4162.58,4163.355
1764187200,4163.365,4165.97,4161.4,4164.56
1764188100,4164.565,4167.515,4164.46,4165.295
1764189000,4165.3,4167.445,4164.07,4166.505
1764189900,4166.585,4167.31,4161.775,4164.06
1764190800,4164.1,4164.14,4162.21,4163.4
1764191700,4163.415,4164.98,4162.385,4163.97
1764192600,4163.925,4167.635,4162.805,4164.665
1764193500,4164.875,4165.745,4163.185,4163.575
1764198000,4165.255,4168.75,4165.235,4166.845
1764198900,4166.81,4168.37,4163.465,4164.095
1764199800,4164.13,4165.205,4162.52,4165.06
1764200700,4165.075,4167.86,4164.555,4164.785
1764201600,4164.805,4167.15,4162.3,4165.025
1764202500,4164.985,4166.99,4163.49,4166.18
1764203400,4166.21,4166.97,4164.4,4165.685
1764204300,4165.645,4165.72,4161.75,4164.56
1764205200,4164.555,4165.355,4156.875,4157.64
1764206100,4157.495,4159.205,4148.76,4153.91
1764207000,4153.915,4156.7,4151.61,4152.525
1764207900,4152.495,4154.55,4148.805,4154.45
1764208800,4154.48,4156.425,4151.01,4153.13
1764209700,4153.215,4154.565,4149.56,4152.93
1764210600,4152.915,4155.15,4149.415,4153.16
1764211500,4153.195,4154.93,4144.67,4145.525
1764212400,4145.49,4149.395,4144.525,4148.32
1764213300,4148.42,4150.76,4147.755,4148.345
1764214200,4148.325,4149.89,4146.64,4148.02
1764215100,4148.115,4149.985,4146.04,4147.565
1764216000,4147.56,4147.835,4142.73,4147.545
1764216900,4147.54,4150.04,4146.53,4149.905
1764217800,4149.92,4154.725,4149.92,4152.355
1764218700,4152.35,4154.72,4149.44,4151.01
1764219600,4150.91,4154.95,4150.91,4153.08
1764220500,4153.005,4154.31,4150.82,4152.82
1764221400,4152.675,4153.575,4148.04,4148.11
1764222300,4147.98,4149.115,4144.61,4146.99
1764223200,4147.02,4154.965,4146.885,4153.51
1764224100,4153.54,4156.89,4152.47,4156.815
1764225000,4156.81,4158.175,4153.62,4154.1
1764225900,4154.16,4159.295,4152.71,4157.45
1764226800,4157.425,4161.075,4155.455,4160.91
1764227700,4160.96,4162.515,4159.06,4159.515
1764228600,4159.455,4160.655,4157.53,4158.82
1764229500,4158.765,4160.345,4157.75,4160.18
1764230400,4160.21,4164.565,4159.565,4163.33
1764231300,4163.315,4165.76,4161.725,4165.05
1764232200,4165.11,4166.63,4163.265,4163.605
1764233100,4163.595,4167.26,4163.255,4165.73
1764234000,4165.65,4165.815,4154.435,4155.185
1764234900,4155.24,4157.185,4148.4,4155.005
1764235800,4155.01,4157.9,4153.245,4157.465
1764236700,4157.51,4161.005,4155.84,4158.595
1764237600,4158.635,4160.71,4155.76,4156.45
1764238500,4156.455,4157.1,4152.785,4152.785
1764239400,4152.63,4155.66,4152.415,4154
1764240300,4154.01,4157.26,4153.225,4156.56
1764241200,4156.47,4159.655,4156.045,4157.79
1764242100,4157.81,4159.885,4156.525,4159.08
1764243000,4159.09,4162.605,4158.495,4160.8
1764243900,4160.795,4162.165,4157.415,4157.42
1764244800,4157.445,4159.225,4156.065,4157.76
1764245700,4157.84,4158.72,4155.82,4156.945
1764246600,4156.92,4158.705,4154.85,4155.755
1764247500,4155.745,4158.455,4153.615,4154.175
1764248400,4154.14,4154.255,4149.085,4151.015
1764249300,4151.055,4153.79,4149.445,4152.36
1764250200,4152.355,4158.13,4152,4156.08
1764251100,4156.145,4156.69,4153.24,4155.08
1764252000,4155.075,4159.035,4153.89,4158.57
1764252900,4158.575,4160.88,4157.08,4157.345
1764253800,4157.4,4159.135,4153.03,4157.765
1764254700,4157.74,4159.26,4152.95,4153.34
1764255600,4153.355,4158.855,4153,4157.48
1764256500,4157.485,4161.925,4157.385,4161.245
1764257400,4161.205,4161.205,4158.495,4159.835
1764258300,4159.85,4160.84,4156.985,4158.07
1764259200,4158.025,4158.39,4153.43,4155.405
1764260100,4155.42,4156,4151.505,4154.4
1764261000,4154.415,4155.74,4154.18,4155.355
1764261900,4155.47,4157.65,4154.845,4156.51
1764262800,4156.61,4157.41,4154.94,4155.375
1764263700,4155.335,4157.075,4154.695,4156.86
1764264600,4156.91,4158.26,4156.49,4157.56
1764265500,4157.5,4159.33,4157.28,4157.985
1764266400,4157.98,4158.75,4156.485,4157.03
1764267300,4156.98,4157.89,4155.875,4156.255
1764268200,4156.235,4157.87,4156.165,4157.27
1764269100,4157.415,4159.935,4157.215,4159.29
1764270000,4159.23,4160.46,4159.13,4159.85
1764270900,4159.945,4160.215,4157.34,4157.4
1764271800,4157.85,4159.84,4155.7,4157.775
1764272700,4157.85,4157.85,4157.55,4157.68
1764273600,4157.55,4157.76,4157.01,4157.03
1764274500,4157.26,4158.815,4155.365,4157.1
1764275400,4157.215,4157.65,4157.03,4157.13
1764276300,4157.105,4158.87,4155.355,4157.09
1764277200,4157.65,4157.65,4157.1,4157.1
1764278100,4155.335,4158.945,4155.335,4157.065
1764279900,4155.37,4159.34,4155.35,4158.8
1764284400,4159.355,4163.04,4159.325,4162.915
1764285300,4162.895,4163.16,4161.055,4162.885
1764286200,4162.935,4163.825,4162.17,4162.62
1764287100,4162.64,4163.845,4162.165,4163.165
1764288000,4163.15,4168.765,4162.97,4167.985
1764288900,4167.98,4171.88,4166.76,4170.73
1764289800,4170.79,4184.055,4170.455,4179.325
1764290700,4179.365,4182.995,4178.44,4180.865
1764291600,4180.85,4191.595,4180.77,4186.47
1764292500,4186.455,4190.05,4183.09,4187.545
1764293400,4187.305,4193.26,4186.24,4192.455
1764294300,4192.325,4193.01,4190.365,4191.295
1764295200,4191.28,4191.38,4187.265,4189.595
1764296100,4189.545,4191.985,4188.655,4189.77
1764297000,4189.775,4190.775,4186.04,4188.01
1764297900,4187.755,4190.235,4187.06,4189.635
1764298800,4189.77,4192.705,4185.435,4187.91
1764299700,4187.845,4188.69,4186.03,4188.51
1764300600,4188.455,4189.735,4183.43,4183.625
1764301500,4183.64,4185.335,4180.63,4183.39
1764302400,4183.405,4186.635,4182.37,4185.49
1764303300,4185.45,4186.11,4176.575,4178.89
1764304200,4179.1,4188.105,4176.76,4186.525
1764305100,4186.52,4189.4,4186.265,4189.03
1764306000,4188.655,4189.2,4170.68,4183.02
1764306900,4183.025,4188.48,4176.85,4184.79
1764307800,4184.77,4186.25,4182.025,4184.83
1764308700,4184.87,4186.46,4181.175,4181.97
1764309600,4181.655,4185.085,4180.89,4184.28
1764310500,4184.41,4190.165,4183.19,4186.035
1764311400,4186.055,4190.515,4185.35,4188.375
1764312300,4188.415,4192.46,4185.945,4187.12
1764313200,4187.14,4187.81,4183.085,4184.805
1764314100,4184.815,4186.205,4181.745,4182.9
1764315000,4182.91,4183.415,4177.08,4178.8
1764315900,4178.745,4179.04,4172.85,4174.16
1764316800,4173.95,4175.76,4157.54,4166.725
1764317700,4154.06,4157.925,4154.06,4155.205
1764318600,4162.648,4163.895,4153.74,4155.545
1764319500,4156.22,4168.07,4155.715,4164.01
1764320400,4166.166,4167.16,4162.105,4163.655
1764321300,4165.67,4167.005,4161.03,4163.845
1764322200,4165.41,4168.095,4163.365,4166.245
1764323100,4166.345,4169.105,4164.01,4167.545
1764324000,4167.8,4175.76,4167.6,4173.875
1764324900,4173.875,4178.235,4167.655,4169.08
1764325800,4169.05,4170.575,4159.32,4166.03
1764326700,4166.015,4170.62,4161.59,4163.325
1764327600,4163.14,4174.425,4162.325,4171.225
1764328500,4171.31,4180.15,4170.9,4173.18
1764329400,4173.11,4177.685,4172.375,4173.855
1764330300,4173.84,4176.14,4170.65,4171.275
1764331200,4170.63,4179.72,4168.11,4175.95
1764332100,4175.955,4176.97,4171.2,4175.65
1764333000,4175.905,4176.54,4173.7,4175.95
1764333900,4175.935,4178.3,4175.58,4176.95
1764334800,4176.96,4179.265,4171.785,4173.94
1764335700,4173.605,4174.145,4168.9,4170.88
1764336600,4170.825,4178.215,4168.22,4173.7
1764337500,4173.78,4182.975,4171.97,4182.7
1764338400,4182.785,4192.08,4182.66,4191.87
1764339300,4191.88,4200.235,4190.77,4196.585
1764340200,4196.605,4209.04,4194.765,4199.395
1764341100,4199.51,4203.095,4194.505,4198.075
1764342000,4198.075,4199.085,4185.765,4189.71
1764342900,4189.715,4197.83,4185.84,4197.145
1764343800,4197.16,4198.795,4193.655,4197.395
1764344700,4197.44,4204.295,4196.235,4203.93
1764345600,4203.94,4206.245,4197.87,4199.58
1764346500,4199.52,4210.67,4199.21,4209.58
1764347400,4209.565,4210.95,4202.31,4206.405
1764348300,4206.4,4209.705,4204.96,4206.4
1764349200,4206.425,4211.895,4204.545,4207.39
1764350100,4207.41,4209.22,4205.595,4206.87
1764351000,4206.895,4212.44,4206.21,4212.22
1764351900,4212.1,4217.1,4210.985,4216.97
1764352800,4217.04,4217.465,4210.96,4215.34
1764353700,4215.17,4220.775,4214.655,4220.35
1764354600,4220.385,4226.915,4218.58,4221.485
1764355500,4221.47,4223.71,4219.635,4220.55
1764356400,4220.525,4222.075,4218.64,4219.17
1764357300,4219.135,4219.615,4216.29,4217.625
1764358200,4217.665,4221.46,4216.7,4219.2
1764359100,4219.18,4219.265,4215.005,4215.82
1764543600,4226.31,4226.465,4205.785,4217.335
1764544500,4217.325,4224.81,4214.445,4222.305
1764545400,4222.335,4225.335,4219.885,4223.675
1764546300,4223.62,4225.14,4221.915,4221.94
1764547200,4221.905,4224.615,4218.84,4223.01
1764548100,4223.025,4232.735,4218.43,4227.035
1764549000,4227.045,4232.64,4226.22,4231.885
1764549900,4231.92,4233.735,4225.99,4230.775
1764550800,4230.76,4233.485,4219.745,4228.36
1764551700,4228.41,4239.36,4224.26,4238.67
1764552600,4238.68,4243.8,4234.735,4241.485
1764553500,4241.48,4256.45,4237.195,4255.56
1764554400,4255.55,4256.6,4245.365,4248.395
1764555300,4248.4,4248.955,4240.53,4241.125
1764556200,4241.09,4241.46,4234.305,4239.765
1764557100,4239.775,4243.425,4237.58,4242.955
1764558000,4242.95,4244.08,4232.6,4234.385
1764558900,4234.255,4238.095,4232.665,4235.3
1764559800,4235.275,4240.83,4234.97,4238.285
1764560700,4238.29,4240.12,4235,4239.49
1764561600,4239.5,4239.575,4236.56,4238.92
1764562500,4238.935,4240.95,4237.8,4239.81
1764563400,4239.825,4243.475,4239.295,4242.105
1764564300,4242.15,4247.065,4242.14,4245.775
1764565200,4245.765,4246.745,4229.685,4232.77
1764566100,4232.79,4233.73,4215.605,4220.47
1764567000,4220.465,4228.085,4217.86,4224.46
1764567900,4224.145,4231.495,4223.705,4229.675
1764568800,4229.75,4234.06,4228.705,4233.265
1764569700,4233.27,4233.77,4226.27,4231.815
1764570600,4231.805,4235.725,4229.99,4235.35
1764571500,4235.41,4240.665,4235.325,4237.105
1764572400,4237.105,4239.24,4233.485,4237.14
1764573300,4237.145,4242.8,4231.735,4240.715
1764574200,4240.84,4243.335,4240.38,4240.465
1764575100,4240.47,4246.715,4238.215,4245.35
1764576000,4245.375,4252.97,4244.715,4250.93
1764576900,4250.925,4253.715,4249.105,4249.595
1764577800,4249.6,4250.24,4240.94,4242.375
1764578700,4242.4,4244.885,4238.335,4244.78
1764579600,4244.835,4250.095,4244.835,4249.465
1764580500,4249.5,4251.895,4246.81,4251.57
1764581400,4251.46,4251.515,4246.645,4247.52
1764582300,4247.51,4250.955,4243.8,4250.125
1764583200,4250.14,4262.435,4249.255,4258.72
1764584100,4258.74,4259.41,4252.26,4253.625
1764585000,4253.445,4255.065,4251.33,4254.41
1764585900,4254.395,4258.005,4253.2,4255.64
1764586800,4255.655,4256.755,4250.745,4251.71
1764587700,4251.695,4255.755,4248.33,4254.39
1764588600,4254.395,4258.605,4251.915,4258.4
1764589500,4258.47,4258.555,4253.34,4254.63
1764590400,4254.475,4256.73,4247.525,4249.165
1764591300,4249.08,4254.53,4247.69,4252.915
1764592200,4252.91,4256.43,4250.685,4252.71
1764593100,4252.67,4253.03,4244.225,4246.605
1764594000,4246.45,4256.53,4245.695,4254.41
1764594900,4254.455,4257.815,4250.135,4257.015
1764595800,4257.025,4264.7,4256.98,4261.995
1764596700,4262.02,4263.39,4247.135,4247.395
1764597600,4247.455,4249.335,4238.475,4247.2
1764598500,4247.185,4249.36,4242.235,4246.6
1764599400,4246.595,4247.94,4219.78,4225.45
1764600300,4225.445,4241.685,4223.045,4239.98
1764601200,4240.53,4244.905,4230.645,4231.43
1764602100,4231.475,4232.055,4219.495,4228.325
1764603000,4228.33,4236.545,4221.95,4229.15
1764603900,4229.1,4233.795,4221.775,4232.525
1764604800,4232.51,4240.005,4231.605,4237.155
1764605700,4237.185,4240.13,4227.025,4239.83
1764606600,4239.835,4240.43,4230.535,4239
1764607500,4239.015,4242.66,4225.18,4226.295
1764608400,4226.285,4233.72,4223.105,4230.165
1764609300,4230.15,4236.89,4227.265,4235.74
1764610200,4235.765,4239.825,4235.355,4239.055
1764611100,4239.145,4240.08,4230.03,4232.285
1764612000,4232.345,4238.695,4232.345,4236.465
1764612900,4236.485,4242.025,4235.29,4240.88
1764613800,4240.96,4242.955,4236.245,4242.485
1764614700,4242.46,4244.81,4237.39,4240.44
1764615600,4240.46,4241.785,4236.19,4237.89
1764616500,4237.865,4242.395,4236.82,4241.71
1764617400,4241.625,4243.885,4233.96,4233.96
1764618300,4233.64,4237.305,4229.315,4237.075
1764619200,4237.1,4241.05,4235.14,4238.18
1764620100,4238.045,4239.02,4235.345,4237.71
1764621000,4237.685,4241.63,4235.53,4240.95
1764621900,4241.02,4241.215,4234.545,4237.5
1764622800,4237.4,4239.04,4235.585,4238.53
1764623700,4238.55,4240.47,4237.785,4238.515
1764624600,4238.525,4238.53,4233.065,4233.215
1764625500,4233.26,4234.365,4230.265,4232.29
1764630000,4231.77,4233.835,4231.525,4233.495
1764630900,4233.53,4236.15,4231.82,4235.735
1764631800,4235.725,4235.91,4228.64,4230.81
1764632700,4230.8,4230.815,4224.39,4227.54
1764633600,4227.55,4228.085,4223.555,4227.08
1764634500,4226.865,4227.835,4221.69,4225.345
1764635400,4225.375,4228.635,4224.295,4228.515
1764636300,4228.465,4229.735,4223.625,4226.795
1764637200,4226.72,4227.34,4192.915,4205.7
1764638100,4205.71,4215.965,4204.465,4213.76
1764639000,4213.765,4218.285,4208.475,4211.135
1764639900,4211.195,4220.875,4210.38,4219.56
1764640800,4219.555,4221.75,4215.63,4219.315
1764641700,4219.25,4223.355,4216.04,4217.275
1764642600,4217.225,4221.725,4214.52,4221.465
1764643500,4221.51,4224.705,4220.025,4221.76
1764644400,4221.655,4225.47,4220.69,4224.265
1764645300,4224.18,4226.415,4222.425,4222.855
1764646200,4222.78,4225.42,4220.39,4221.23
1764647100,4221.215,4221.75,4215.74,4216.835
1764648000,4216.84,4220.845,4215.625,4216.71
1764648900,4216.725,4219.2,4215.475,4216.465
1764649800,4216.535,4218.205,4213.8,4217.93
1764650700,4217.965,4218.91,4216.185,4218.785
1764651600,4218.8,4220.18,4215.18,4219.29
1764652500,4219.24,4223.15,4219.18,4221.565
1764653400,4221.495,4223.325,4218.985,4220.25
1764654300,4220.325,4225.655,4219.885,4225.005
1764655200,4225.03,4226.35,4223.985,4223.985
1764656100,4223.965,4224.4,4204.4,4205.8
1764657000,4205.765,4210.575,4203.285,4209.42
1764657900,4209.465,4215.365,4207.81,4212.965
1764658800,4212.945,4214.6,4210.54,4213.925
1764659700,4213.93,4219.495,4213.9,4217.795
1764660600,4217.95,4218.95,4211.445,4211.67
1764661500,4211.62,4214.34,4209.82,4213.57
1764662400,4213.585,4215.325,4207.24,4214.48
1764663300,4214.46,4217.24,4212.18,4214.565
1764664200,4214.615,4216.735,4211.515,4212.58
1764665100,4212.585,4214.705,4210.09,4210.22
1764666000,4210.16,4213.3,4204.94,4208.05
1764666900,4208.035,4208.9,4192.265,4194.685
1764667800,4194.525,4196.06,4181.14,4190.575
1764668700,4190.59,4194.325,4187.91,4192.12
1764669600,4192.085,4192.565,4186.435,4187.06
1764670500,4186.995,4189.405,4182.47,4186.73
1764671400,4186.755,4188.445,4184.56,4187.635
1764672300,4187.7,4189.84,4182.31,4185.925
1764673200,4185.91,4189.96,4185.07,4187.83
1764674100,4187.98,4197.005,4186.915,4197.005
1764675000,4197.03,4200.52,4194.65,4197.995
1764675900,4198,4206.16,4196.615,4205.64
1764676800,4205.625,4208.135,4204.19,4205.135
1764677700,4205.355,4207.225,4201.07,4204.505
1764678600,4204.355,4206.625,4202.435,4205.245
1764679500,4205.325,4209.655,4203.925,4208.925
1764680400,4208.92,4215.33,4202.285,4205.16
1764681300,4205.18,4208.88,4202.225,4203.735
1764682200,4203.71,4209.545,4202.995,4205.24
1764683100,4205.255,4212.965,4202.635,4212.565
1764684000,4212.495,4224.005,4212.4,4223.565
1764684900,4223.615,4230.685,4222.075,4227.685
1764685800,4227.71,4229.58,4215.24,4217.93
1764686700,4217.92,4225.825,4214.415,4218.845
1764687600,4218.77,4219.69,4204.635,4206.09
1764688500,4206.125,4208.8,4186.635,4188.3
1764689400,4188.325,4192.145,4180.23,4189.245
1764690300,4189.29,4189.85,4163.805,4169.835
1764691200,4170.075,4178.475,4166.825,4177.14
1764692100,4177.115,4179.875,4171.54,4177.445
1764693000,4177.41,4190.405,4177.125,4186.37
1764693900,4186.38,4189.04,4180.495,4185.03
1764694800,4185.04,4192.185,4184.835,4187.455
1764695700,4187.445,4192.92,4187.235,4192.26
1764696600,4192.365,4196.54,4190.48,4193.19
1764697500,4193.2,4196.94,4193.195,4193.885
1764698400,4193.865,4197.08,4191.35,4192.615
1764699300,4192.685,4195.615,4189.04,4189.435
1764700200,4189.345,4191.215,4183.23,4187.3
1764701100,4187.245,4192,4185.975,4190.985
1764702000,4191.03,4198.5,4191.03,4197.215
1764702900,4197.26,4198.57,4194.075,4197.365
1764703800,4197.39,4199.92,4193.77,4195.14
1764704700,4195.13,4200.4,4193.955,4196.47
1764705600,4196.45,4199.945,4194.79,4198.19
1764706500,4198.33,4199.535,4195.695,4198.63
1764707400,4198.645,4212.495,4198.53,4209.93
1764708300,4209.955,4212.49,4207.6,4210.225
1764709200,4210.24,4211.865,4207.97,4209.19
1764710100,4209.265,4211.38,4208.405,4210.055
1764711000,4209.995,4211.605,4208.95,4210.115
1764711900,4210.11,4210.635,4205.265,4205.665
1764716400,4202.48,4213.125,4202.38,4207.9
1764717300,4207.905,4211.01,4207.865,4208.955
1764718200,4208.745,4209.045,4206.94,4208.97
1764719100,4208.97,4216.165,4208.475,4212.75
1764720000,4212.745,4212.91,4207.26,4210.01
1764720900,4210.075,4211.86,4206.39,4207.74
1764721800,4207.69,4211.285,4205.715,4207.05
1764722700,4206.99,4212.135,4204.665,4212.07
1764723600,4212.1,4221.185,4211.81,4216.2
1764724500,4216.185,4220.005,4214.155,4217.085
1764725400,4216.975,4218.985,4213.4,4217.285
1764726300,4217.335,4219.745,4214.12,4214.435
1764727200,4214.435,4224.465,4214.235,4224.18
1764728100,4224.105,4224.54,4219.425,4223.45
1764729000,4223.385,4229.065,4222.665,4225.14
1764729900,4225.25,4228.91,4224.395,4226.725
1764730800,4226.725,4227.62,4220.48,4222.78
1764731700,4222.755,4226.005,4221.32,4225.68
1764732600,4225.49,4226.27,4220.715,4222.72
1764733500,4222.685,4224.4,4220.245,4221.335
1764734400,4221.295,4221.52,4217.475,4220.57
1764735300,4220.505,4224.43,4220.275,4222.945
1764736200,4222.89,4225.455,4222.305,4224.15
1764737100,4224.06,4224.225,4220.185,4222.515
1764738000,4222.47,4224.12,4219.96,4220.935
1764738900,4220.86,4222.23,4218.82,4220.67
1764739800,4220.63,4221.115,4205.695,4207.3
1764740700,4207.36,4209.73,4203.405,4207.705
1764741600,4207.735,4209.97,4206.205,4207.815
1764742500,4207.635,4211.995,4206.685,4209.155
1764743400,4209.175,4210,4204.845,4206.955
1764744300,4206.98,4210.13,4205.4,4208.42
1764745200,4208.425,4210.35,4205.935,4206.04
1764746100,4206.03,4208.37,4202.21,4202.54
1764747000,4202.515,4207.66,4200.39,4206.28
1764747900,4206.3,4207.885,4203.355,4206.335
1764748800,4206.385,4208.275,4204.84,4206.825
1764749700,4206.855,4207.64,4203.765,4206.56
1764750600,4206.485,4210.33,4204.24,4208.74
1764751500,4208.77,4209.76,4206.285,4206.43
1764752400,4206.485,4207.665,4197.22,4199.79
1764753300,4199.855,4202.685,4198.865,4200.02
1764754200,4200.075,4202.255,4199.915,4201.68
1764755100,4201.665,4202.51,4200.075,4202.205
1764756000,4202.215,4202.65,4195.3,4195.505
1764756900,4195.5,4204.965,4194.645,4203.03
1764757800,4203.045,4204.06,4198.76,4201.48
1764758700,4201.465,4201.745,4198.02,4200.655
1764759600,4200.7,4200.8,4197.16,4199.715
1764760500,4199.645,4205.685,4199.22,4205.275
1764761400,4205.365,4207.44,4202.66,4204.075
1764762300,4204.12,4209.245,4203.07,4208.795
1764763200,4208.77,4210.605,4205.83,4207.405
1764764100,4207.49,4209.895,4205.16,4208.255
1764765000,4208.335,4214.41,4207.845,4214.185
1764765900,4214.235,4214.315,4210.715,4213.595
1764766800,4213.545,4216.905,4211.105,4211.105
1764767700,4211.255,4223.07,4211.255,4220.465
1764768600,4220.665,4225.875,4216.895,4223.65
1764769500,4223.665,4238.585,4222.425,4237.39
1764770400,4237.49,4240.97,4218.61,4226.76
1764771300,4226.74,4230.945,4221.29,4224.705
1764772200,4224.79,4241.565,4223.635,4226.965
1764773100,4226.97,4226.97,4205.05,4212.335
1764774000,4212.285,4219.425,4206.095,4217.73
1764774900,4217.765,4224.635,4216.405,4221.865
1764775800,4221.815,4229.565,4221.1,4227.46
1764776700,4227.53,4228.23,4214.39,4216.415
1764777600,4216.365,4221.975,4214.205,4219.255
1764778500,4219.205,4219.72,4212.515,4219.225
1764779400,4219.33,4225.33,4218.52,4220.845
1764780300,4220.85,4221.04,4195.855,4200.895
1764781200,4200.94,4212.54,4200.39,4211.125
1764782100,4211.165,4213.275,4207.685,4209.03
1764783000,4209.045,4215.59,4208.135,4212.64
1764783900,4212.715,4214.765,4208.285,4211.075
1764784800,4211.205,4211.515,4202.19,4204.705
1764785700,4204.68,4206.51,4198.785,4201.715
1764786600,4201.655,4206.705,4200.27,4205.075
1764787500,4205.1,4205.795,4195.195,4197.015
1764788400,4197.075,4203.96,4196.95,4201.26
1764789300,4201.215,4207.025,4200.995,4206.18
1764790200,4206.285,4210.065,4204.98,4208.885
1764791100,4208.96,4210.1,4207.73,4207.86
1764792000,4207.84,4212.825,4207.48,4211.24
1764792900,4211.23,4211.605,4208.11,4210.205
1764793800,4210.195,4211.055,4207.86,4208.71
1764794700,4208.74,4208.965,4203.675,4206.23
1764795600,4206.215,4210.1,4206.08,4209.87
1764796500,4209.97,4210,4206.48,4206.94
1764797400,4206.965,4209.74,4206.86,4209.615
1764798300,4209.58,4209.58,4202.69,4203.115
1764802800,4206.465,4207.78,4204.57,4206.655
1764803700,4206.57,4209.08,4206.495,4207.25
1764804600,4207.175,4207.345,4204.125,4206.245
1764805500,4206.135,4207.64,4202.9,4207.465
1764806400,4207.54,4210.575,4204.755,4207.885
1764807300,4207.92,4213,4206.76,4212.05
1764808200,4211.845,4215.975,4211.385,4213.64
1764809100,4213.625,4214.065,4209.49,4211.77
1764810000,4211.655,4214.235,4205.93,4213.875
1764810900,4213.88,4214.9,4210.575,4213.275
1764811800,4213.185,4215.095,4211.03,4214.925
1764812700,4214.905,4217.08,4207.76,4209.24
1764813600,4209.31,4209.31,4199.01,4204.85
1764814500,4204.77,4206.875,4202.78,4206.06
1764815400,4206.135,4207.6,4201.205,4201.5
1764816300,4201.51,4204.57,4199.87,4200.675
1764817200,4200.74,4201.58,4187.43,4193.37
1764818100,4193.355,4196.135,4191.85,4193.255
1764819000,4193.27,4197.22,4190.345,4197.2
1764819900,4197.285,4197.955,4193.765,4195.875
1764820800,4195.805,4197.59,4192.83,4197.255
1764821700,4197.435,4199.25,4195.485,4198.62
1764822600,4198.555,4198.725,4196.905,4197.4
1764823500,4197.395,4197.76,4194.755,4197.155
1764824400,4197.105,4197.995,4194.325,4194.41
1764825300,4194.435,4197.515,4189.615,4197.065
1764826200,4197.17,4199.14,4181.03,4184.285
1764827100,4184.355,4185.76,4174.81,4181.1
1764828000,4181.155,4185.93,4179.39,4180.625
1764828900,4180.595,4185.83,4178.82,4182.985
1764829800,4183,4189.465,4182.495,4189.205
1764830700,4189.19,4190.465,4187.185,4190.345
1764831600,4190.35,4192.695,4186.935,4192.69
1764832500,4192.675,4195.215,4188.91,4189.275
1764833400,4189.25,4191.965,4188.71,4189.68
1764834300,4189.645,4194.115,4186.54,4193.945
1764835200,4193.86,4195.975,4189.82,4191.405
1764836100,4191.355,4196.4,4191.17,4193.07
1764837000,4193.005,4194.64,4190.96,4191.045
1764837900,4191.045,4192.765,4184.8,4185
1764838800,4185.005,4191.595,4183.57,4189.69
1764839700,4189.705,4191.945,4187.645,4191.285
1764840600,4191.275,4198.115,4190.63,4196.865
1764841500,4196.83,4202.28,4196.31,4199.95
1764842400,4199.945,4202.83,4199.075,4199.555
1764843300,4199.605,4202.395,4198.47,4199.13
1764844200,4199.16,4201.785,4198.025,4201.205
1764845100,4201.11,4201.975,4196.645,4197.405
1764846000,4197.415,4206.63,4197.38,4202.41
1764846900,4202.43,4204.17,4197.195,4199.175
1764847800,4199.21,4202.21,4197.96,4200.245
1764848700,4200.22,4200.755,4197.255,4198.475
1764849600,4198.485,4201.855,4193.435,4200.91
1764850500,4200.945,4201.375,4193.015,4194.435
1764851400,4194.365,4194.365,4188.79,4192.89
1764852300,4192.88,4193.5,4188.925,4190.47
1764853200,4190.495,4192.525,4185.45,4187.515
1764854100,4187.525,4196.98,4185.72,4195.905
1764855000,4195.58,4196.175,4187.27,4191.915
1764855900,4191.89,4198.645,4188.415,4198.43
1764856800,4198.385,4206.44,4198.385,4204.85
1764857700,4204.945,4210.465,4202.635,4208.405
1764858600,4208.39,4213.61,4193.575,4200.045
1764859500,4200.03,4208.38,4196.875,4201.305
1764860400,4201.355,4203.125,4191.545,4202.645
1764861300,4202.63,4206.46,4200.84,4205.975
1764862200,4205.97,4210.28,4204.61,4206.545
1764863100,4206.595,4208.51,4202.63,4207.355
1764864000,4207.42,4215.43,4206.63,4210.45
1764864900,4210.495,4219.62,4209.95,4216.24
1764865800,4216.19,4216.58,4207.485,4210.92
1764866700,4210.965,4216.885,4210.18,4215.74
1764867600,4215.74,4216.915,4209.365,4211.36
1764868500,4211.385,4213.65,4208.995,4211.29
1764869400,4211.09,4214.32,4209.71,4213.595
1764870300,4213.59,4217.735,4213.59,4216.715
1764871200,4216.68,4217.675,4210.035,4213.87
1764872100,4213.885,4215.29,4211.765,4212.96
1764873000,4213.035,4213.1,4209.755,4211.39
1764873900,4211.545,4212.19,4207.41,4208.07
1764874800,4208.115,4209.93,4199.545,4203.825
1764875700,4203.73,4206.495,4200.575,4204.86
1764876600,4204.885,4210.18,4204.27,4208.29
1764877500,4208.255,4209.125,4205.99,4208.975
1764878400,4208.785,4209.035,4206.68,4207.3
1764879300,4207.325,4210.015,4206.085,4207.585
1764880200,4207.545,4207.815,4205.485,4206.975
1764881100,4207,4210.365,4206.955,4209.94
1764882000,4209.895,4210.195,4208.43,4209.295
1764882900,4209.31,4209.335,4207.86,4208.33
1764883800,4208.335,4209.705,4208.025,4209.535
1764884700,4209.515,4210.425,4208.045,4208.765
1764889200,4209.41,4209.57,4207.39,4208.085
1764890100,4208.095,4209.555,4207.075,4208.015
1764891000,4207.935,4208.955,4204.005,4206.215
1764891900,4206.06,4206.7,4204.135,4206.285
1764892800,4206.345,4209.29,4204.26,4208.75
1764893700,4208.715,4210.685,4204.845,4205.855
1764894600,4205.925,4206.025,4202.955,4205.075
1764895500,4205.05,4205.49,4201.245,4201.785
1764896400,4201.725,4204.615,4194.88,4197.345
1764897300,4197.33,4200.96,4194.815,4199.85
1764898200,4199.82,4202.71,4197.51,4198.635
1764899100,4198.655,4204.265,4198.01,4203.14
1764900000,4203.17,4204.99,4200.255,4201.8
1764900900,4201.745,4202.095,4196.77,4197.79
1764901800,4197.82,4204.85,4196.825,4204.735
1764902700,4204.76,4208.69,4204.58,4207.3
1764903600,4207.37,4208.915,4201.74,4203.015
1764904500,4202.955,4204.925,4202.34,4203.435
1764905400,4203.415,4209.405,4202.425,4209.385
1764906300,4209.37,4210.89,4207.06,4209.635
1764907200,4209.395,4214.475,4208.08,4213.75
1764908100,4213.72,4213.79,4211.55,4212.515
1764909000,4212.59,4216.27,4212.575,4214.085
1764909900,4214.1,4217.655,4213.335,4217.025
1764910800,4217.02,4218.635,4215.6,4216.455
1764911700,4216.405,4220.075,4214.53,4219.565
1764912600,4219.515,4221.475,4217.74,4220.3
1764913500,4220.28,4221.115,4219.125,4220.65
1764914400,4220.635,4228.6,4218.77,4225.74
1764915300,4225.72,4229.35,4224.7,4227.64
1764916200,4227.545,4228.9,4223.745,4225.135
1764917100,4225.16,4226.325,4223.725,4224.7
1764918000,4224.725,4230.59,4224.625,4227.375
1764918900,4227.425,4230.9,4226.395,4230.255
1764919800,4230.25,4230.28,4224.61,4224.87
1764920700,4224.965,4226.24,4222.56,4224.55
1764921600,4224.575,4227.24,4221.815,4223.005
1764922500,4222.98,4226.515,4222.545,4222.89
1764923400,4222.87,4225.86,4220.84,4223.525
1764924300,4223.69,4224.62,4220.535,4220.6
1764925200,4220.585,4222.51,4217.495,4218.63
1764926100,4218.595,4222.065,4215.935,4221.335
1764927000,4221.375,4224.78,4219.635,4223.94
1764927900,4224.005,4225.22,4223.315,4223.43
1764928800,4223.415,4226.025,4223.325,4224.205
1764929700,4224.2,4227.545,4223.17,4224.205
1764930600,4224.245,4225.525,4223.415,4224.69
1764931500,4224.65,4225.045,4222.525,4222.93
1764932400,4222.915,4224.3,4220.15,4224.26
1764933300,4224.245,4225.8,4221.005,4221.31
1764934200,4221.27,4224.225,4220.5,4223.105
1764935100,4223.115,4223.87,4221.65,4223.54
1764936000,4223.54,4229.695,4222.995,4225.635
1764936900,4225.685,4229.385,4224.005,4224.49
1764937800,4224.525,4226.01,4222.93,4225.505
1764938700,4225.595,4229.72,4224.585,4228.83
1764939600,4228.98,4233.385,4221.46,4228.225
1764940500,4228.38,4235.17,4225.875,4232.905
1764941400,4233.035,4239.03,4231.01,4233.62
1764942300,4233.57,4237.63,4229.96,4234.62
1764943200,4234.54,4239.65,4232.405,4237.42
1764944100,4237.43,4237.58,4230.1,4231.9
1764945000,4231.85,4236.665,4228.22,4236.22
1764945900,4236.215,4245.67,4234.97,4242.135
1764946800,4242.115,4244.015,4234,4239.875
1764947700,4239.925,4249.12,4238.245,4248.87
1764948600,4248.865,4259.34,4246.315,4253.815
1764949500,4253.895,4255.075,4237.525,4243.845
1764950400,4243.89,4245.765,4203.3,4203.55
1764951300,4203.56,4218.445,4198.545,4216.74
1764952200,4216.66,4217.25,4207.95,4211.135
1764953100,4211.16,4217.765,4207.51,4214.175
1764954000,4214.21,4218.56,4210.69,4214.91
1764954900,4214.895,4218.105,4213.17,4217.045
1764955800,4217.07,4219.92,4206.55,4214.255
1764956700,4214.285,4218.8,4212.705,4217.565
1764957600,4217.54,4218.7,4214.93,4217.915
1764958500,4217.925,4219.35,4210.15,4212.645
1764959400,4212.645,4215.725,4209.51,4211.915
1764960300,4211.865,4213.67,4206.695,4208.955
1764961200,4208.97,4211.08,4203.665,4208.765
1764962100,4208.75,4209.985,4205.55,4209.665
1764963000,4209.655,4210.585,4204.545,4205.945
1764963900,4205.95,4208.82,4202.34,4207.56
1764964800,4207.6,4207.71,4202.855,4204.79
1764965700,4204.765,4206.96,4202.935,4203.08
1764966600,4203.045,4205.53,4199.925,4201.05
1764967500,4201.06,4202.76,4199.485,4202.14
1764968400,4202.165,4202.42,4199.78,4200.395
1764969300,4200.355,4200.555,4192.055,4197.175
1764970200,4197.1,4197.1,4193.73,4194.505
1764971100,4194.5,4199.39,4194.11,4198.685
1765148400,4198.685,4198.685,4198.685,4198.685
1765150200,4202.06,4202.915,4199.4,4200.14
1765151100,4200.01,4203.14,4198.505,4201.52
1765152000,4201.58,4208.03,4199.91,4206.11
1765152900,4206.125,4207.995,4203.15,4205.99
1765153800,4205.91,4210.585,4204.965,4209.625
1765154700,4209.605,4211.86,4208.46,4210.76
1765155600,4210.745,4211.775,4201.22,4206.11
1765156500,4206.115,4210.66,4204.49,4208.035
1765157400,4208.09,4209.81,4205.235,4206.685
1765158300,4206.795,4208.29,4197.54,4201.25
1765159200,4201.19,4202.485,4198.72,4200.33
1765160100,4200.27,4203.685,4199.01,4203.475
1765161000,4203.34,4208.975,4199.445,4206.64
1765161900,4206.73,4212.635,4206.605,4208.515
1765162800,4208.51,4210.28,4206.86,4210.12
1765163700,4210.1,4213.305,4207.98,4210.075
1765164600,4210.14,4211.965,4207.245,4207.985
1765165500,4208.03,4210.63,4206.94,4210.24
1765166400,4210.215,4210.555,4208.765,4209.685
1765167300,4209.63,4212.255,4209,4209.675
1765168200,4209.775,4213.415,4209.6,4210.705
1765169100,4210.65,4211.045,4207.045,4208.67
1765170000,4208.625,4209.485,4207.74,4209.06
1765170900,4209.11,4209.395,4204.77,4206.57
1765171800,4206.63,4216.07,4206.485,4215.01
1765172700,4215.06,4217.365,4212.765,4217.3
1765173600,4217.295,4218.75,4212.18,4215.53
1765174500,4215.535,4218.28,4213.88,4216.565
1765175400,4216.495,4219.175,4215.205,4217.175
1765176300,4217.195,4218.255,4215.335,4217.185
1765177200,4217.19,4217.61,4212.67,4214.71
1765178100,4214.65,4216.325,4212.945,4213.93
1765179000,4213.945,4216.325,4209.94,4209.955
1765179900,4209.835,4210.98,4206.31,4206.83
1765180800,4206.815,4212.955,4203.175,4211.66
1765181700,4211.625,4216.695,4209.43,4209.44
1765182600,4209.29,4210.775,4205.09,4208.95
1765183500,4209.025,4212.115,4207.14,4209.875
1765184400,4209.66,4210.86,4204.305,4209.075
1765185300,4209.05,4210.93,4206.225,4210.605
1765186200,4210.68,4211.56,4205.895,4208.31
1765187100,4208.325,4213.045,4206.525,4207.855
1765188000,4207.85,4210.385,4207.645,4209.38
1765188900,4209.475,4210.165,4205.38,4205.865
1765189800,4205.8,4208.36,4201.105,4206.395
1765190700,4206.295,4206.705,4202.865,4203.685
1765191600,4203.51,4204.645,4199.71,4203.445
1765192500,4203.43,4209.805,4202.21,4209.71
1765193400,4209.685,4214.465,4208.835,4213.665
1765194300,4213.735,4213.885,4208.655,4208.735
1765195200,4208.77,4212.96,4208.54,4212.365
1765196100,4212.415,4212.81,4209.725,4211.82
1765197000,4211.855,4213.61,4211.09,4212.485
1765197900,4212.48,4215.585,4210.94,4213.86
1765198800,4213.78,4214.785,4205.515,4210.675
1765199700,4210.67,4211.065,4202.41,4203.055
1765200600,4203.105,4204.885,4200.54,4202.75
1765201500,4202.765,4206.525,4197.895,4201.9
1765202400,4201.905,4210.365,4197.55,4209.87
1765203300,4209.865,4211.85,4207.875,4208.95
1765204200,4208.975,4211.195,4198.105,4198.2
1765205100,4198.205,4211.05,4195.315,4196.575
1765206000,4196.565,4196.8,4177.2,4178.44
1765206900,4178.36,4193.38,4176.205,4192.105
1765207800,4192.14,4193.395,4185.54,4187.02
1765208700,4187.035,4190.435,4182.08,4182.905
1765209600,4182.89,4183.41,4176.815,4183.355
1765210500,4183.31,4196.29,4182.735,4194.88
1765211400,4194.94,4197.88,4193.045,4193.815
1765212300,4193.865,4195.36,4187.975,4191.64
1765213200,4191.645,4191.915,4185.725,4187.245
1765214100,4187.365,4192.165,4186.765,4192.125
1765215000,4192.085,4194.245,4188.935,4188.97
1765215900,4188.885,4195.68,4188.055,4195.045
1765216800,4195.01,4195.74,4188.79,4189.675
1765217700,4189.515,4190.685,4187.205,4188.89
1765218600,4188.94,4191.86,4187.125,4189.775
1765219500,4189.75,4192.35,4184.555,4187.415
1765220400,4187.45,4188.765,4184.435,4185.33
1765221300,4185.35,4188.75,4184.485,4188.065
1765222200,4188.075,4189.055,4186.11,4187.17
1765223100,4187.19,4187.66,4184.975,4187.03
1765224000,4187.045,4191.215,4184.98,4188.645
1765224900,4188.65,4191.44,4187.245,4189.21
1765225800,4189.225,4195.695,4189.1,4194.42
1765226700,4194.48,4194.91,4190.76,4191.67
1765227600,4191.685,4193.36,4191.37,4191.82
1765228500,4191.825,4192.675,4190.105,4190.75
1765229400,4190.72,4190.91,4189.455,4190.365
1765230300,4190.38,4190.87,4188.465,4190.66
1765234800,4191.48,4193.575,4190.785,4191.205
1765235700,4191.405,4194.02,4190.955,4192.875
1765236600,4192.895,4195.28,4191.57,4194.76
1765237500,4194.715,4195.49,4192.43,4194.86
1765238400,4194.835,4195.82,4191.365,4193.02
1765239300,4192.99,4194.425,4192.33,4192.33
1765240200,4192.365,4193.055,4191.64,4192.17
1765241100,4192.115,4194.355,4190.03,4190.535
1765242000,4190.595,4197.39,4188.885,4196.34
1765242900,4196.285,4196.99,4193.67,4194.23
1765243800,4194.325,4197.415,4194.09,4195.875
1765244700,4195.9,4197.13,4193.89,4196.375
1765245600,4196.315,4197.29,4190.8,4190.8
1765246500,4190.96,4193.445,4189.635,4190.66
1765247400,4190.705,4191.09,4186.105,4189.18
1765248300,4189.205,4190.385,4187.27,4190.035
1765249200,4190.1,4194.185,4190.1,4194.075
1765250100,4194.055,4198.305,4193.825,4198.055
1765251000,4198.06,4198.905,4193.66,4194.175
1765251900,4194.215,4196.19,4193.775,4194.605
1765252800,4194.58,4195.585,4192.085,4195.095
1765253700,4195.085,4195.75,4192.94,4193.795
1765254600,4193.735,4195.76,4188.75,4189.405
1765255500,4189.34,4190.075,4184.53,4186.78
1765256400,4186.765,4187.385,4183.6,4186.35
1765257300,4186.345,4187.09,4183.575,4185.525
1765258200,4185.53,4185.94,4180.36,4181.94
1765259100,4181.86,4183.205,4178.035,4179.665
1765260000,4179.7,4179.77,4169.985,4174.895
1765260900,4174.845,4178.84,4174.015,4178.77
1765261800,4178.775,4184.075,4176.605,4181.17
1765262700,4181.155,4183.255,4180.44,4182.285
1765263600,4182.29,4186.03,4180.43,4182.935
1765264500,4182.925,4183.445,4175.855,4178.605
1765265400,4178.515,4181.665,4178.415,4179.83
1765266300,4179.865,4183.63,4179.14,4182.415
1765267200,4182.435,4188.6,4182.425,4188.31
1765268100,4188.32,4189.31,4185.59,4186.215
1765269000,4186.205,4191.08,4185.455,4190.855
1765269900,4190.86,4192.025,4188.68,4191.73
1765270800,4191.74,4205.885,4190.795,4203.45
1765271700,4203.485,4213.05,4203.34,4207.2
1765272600,4207.205,4209.145,4201.635,4203.775
1765273500,4203.79,4205.505,4200.665,4203.035
1765274400,4203.07,4206.805,4201.77,4204.43
1765275300,4204.495,4208.505,4204.3,4204.565
1765276200,4204.62,4206.19,4201.355,4203.75
1765277100,4203.68,4205.16,4201.965,4204.12
1765278000,4204.1,4204.96,4201.95,4202.45
1765278900,4202.505,4205.57,4201.235,4204.065
1765279800,4204.05,4206.66,4203.185,4205.02
1765280700,4205.01,4206.43,4202.62,4203.14
1765281600,4203.19,4205.27,4200.935,4201.81
1765282500,4201.785,4203.32,4198.595,4202.45
1765283400,4202.445,4203.495,4201.305,4202.075
1765284300,4202.015,4207.705,4201.54,4204.235
1765285200,4204.245,4208.57,4203.04,4205.16
1765286100,4205.155,4207.48,4198.47,4202.205
1765287000,4202.205,4202.815,4195.725,4200.735
1765287900,4200.74,4203.435,4199,4201.515
1765288800,4201.54,4202.18,4189.75,4192.195
1765289700,4192.19,4194.61,4189.505,4193.485
1765290600,4193.545,4206.485,4192.755,4205.95
1765291500,4205.91,4210.455,4202.185,4204.99
1765292400,4204.78,4205.09,4190.14,4195.285
1765293300,4195.27,4208.76,4194.995,4206.335
1765294200,4206.29,4208.525,4202.67,4205.16
1765295100,4205.165,4216.545,4198.76,4212.575
1765296000,4212.6,4220.785,4210.26,4218.58
1765296900,4218.6,4220.16,4210.14,4213.495
1765297800,4213.515,4220.625,4213.46,4219.25
1765298700,4219.255,4221.625,4211.705,4212.4
1765299600,4212.41,4216.265,4209.865,4211.535
1765300500,4211.49,4211.595,4204.89,4207.715
1765301400,4207.77,4209.105,4204.285,4207.365
1765302300,4207.425,4208.805,4201.665,4203.14
1765303200,4203.225,4206.3,4201.255,4206.28
1765304100,4206.3,4208.375,4205.035,4207.435
1765305000,4207.415,4208.895,4204.245,4205.855
1765305900,4205.835,4209.935,4204.885,4209.195
1765306800,4209.14,4212.475,4208.685,4211.08
1765307700,4211.06,4211.41,4207.74,4208.31
1765308600,4208.295,4210.25,4207.34,4209.28
1765309500,4209.275,4214.485,4207.15,4212.62
1765310400,4212.53,4216.035,4212.065,4214.57
1765311300,4214.56,4214.695,4208.94,4210.69
1765312200,4210.7,4212.01,4209.295,4210.295
1765313100,4210.285,4213.835,4210.285,4212.125
1765314000,4212.14,4213.05,4210.985,4211.31
1765314900,4211.285,4211.885,4208.815,4210.175
1765315800,4210.15,4210.515,4208.49,4208.9
1765316700,4208.805,4210.055,4207.415,4207.915
1765321200,4209.445,4210.43,4208.525,4208.525
1765322100,4208.54,4211.08,4208.02,4210.74
1765323000,4210.77,4211.885,4209.705,4211.785
1765323900,4211.72,4212.99,4209.76,4210.75
1765324800,4210.68,4212.77,4207.515,4209.125
1765325700,4209.03,4209.775,4207.01,4209.025
1765326600,4209.06,4209.82,4207.025,4207.475
1765327500,4207.48,4209.585,4207.42,4208.295
1765328400,4208.31,4215.49,4206.93,4215.145
1765329300,4215.13,4218.145,4212.75,4216.935
1765330200,4217.035,4218.15,4211.715,4212.34
1765331100,4212.405,4216.57,4211.985,4213.75
1765332000,4213.73,4218.02,4212.97,4215.205
1765332900,4215.185,4215.185,4211.74,4213.745
1765333800,4213.865,4218.86,4213.335,4217.73
1765334700,4217.815,4217.96,4215.515,4217.095
1765335600,4216.995,4217.27,4209.97,4210.08
1765336500,4209.895,4211.05,4207.84,4208.23
1765337400,4208.225,4210.08,4206.38,4206.98
1765338300,4206.905,4208.48,4203.485,4206.44
1765339200,4206.395,4208.495,4205.715,4208.445
1765340100,4208.515,4209.165,4205.71,4206.975
1765341000,4206.96,4209.845,4205.65,4207.84
1765341900,4207.95,4207.95,4205.58,4207.12
1765342800,4207.015,4207.345,4203.265,4203.72
1765343700,4203.77,4205.82,4201.7,4205.81
1765344600,4205.8,4212.395,4205.135,4212.195
1765345500,4212.35,4214.66,4210.03,4211.575
1765346400,4211.515,4211.855,4209.03,4209.55
1765347300,4209.585,4210.33,4204.445,4207.31
1765348200,4207.335,4207.47,4203.005,4206.21
1765349100,4206.26,4207.68,4205.285,4207.415
1765350000,4207.42,4209.26,4204.565,4205.99
1765350900,4205.985,4209.02,4205.46,4207.52
1765351800,4207.525,4208.42,4206.44,4207.015
1765352700,4207.02,4207.135,4203.17,4203.37
1765353600,4203.3,4206.225,4200.365,4202.535
1765354500,4202.455,4206.66,4202.23,4204.02
1765355400,4204.12,4204.16,4198.985,4199.96
1765356300,4199.985,4202.03,4197.05,4197.92
1765357200,4197.72,4200.52,4194.535,4198.005
1765358100,4198.025,4198.97,4195.285,4197.95
1765359000,4197.965,4198.375,4194.035,4195.05
1765359900,4195,4195.69,4192.65,4194.39
1765360800,4194.34,4196.67,4191.485,4195.845
1765361700,4195.72,4196.125,4191.525,4191.9
1765362600,4191.885,4194.73,4187.8,4194.2
1765363500,4194.16,4194.355,4191,4193.245
1765364400,4193.345,4195.415,4192.655,4195.395
1765365300,4195.38,4196.365,4194.01,4194.75
1765366200,4194.785,4197.035,4193.78,4195.15
1765367100,4195.17,4197.845,4194.565,4197.44
1765368000,4197.405,4201.92,4197.34,4201.28
1765368900,4201.315,4202.375,4197.445,4197.74
1765369800,4197.67,4199.21,4196.67,4198.225
1765370700,4198.21,4198.34,4195.405,4196.575
1765371600,4196.565,4200.425,4193.695,4196.15
1765372500,4196.13,4200.115,4193.22,4198.195
1765373400,4198.195,4202.75,4196.17,4202.725
1765374300,4202.69,4205.23,4200.205,4200.745
1765375200,4200.7,4207.105,4199.16,4205.29
1765376100,4205.285,4206.27,4194.86,4196.72
1765377000,4196.715,4199.86,4191.415,4197.82
1765377900,4197.83,4202.21,4192.165,4192.56
1765378800,4192.53,4201.27,4192.045,4194.735
1765379700,4194.74,4197.175,4188.97,4196.655
1765380600,4196.535,4199.45,4193.165,4193.85
1765381500,4193.81,4194.815,4190.325,4193.75
1765382400,4193.78,4195.5,4192.72,4194.315
1765383300,4194.29,4201.205,4193.495,4200.85
1765384200,4200.845,4203.2,4199.255,4202.61
1765385100,4202.635,4205.16,4201.805,4204.975
1765386000,4204.92,4204.955,4199.13,4200.18
1765386900,4200.19,4203.57,4200.02,4200.58
1765387800,4200.565,4201.625,4198.505,4199.165
1765388700,4199.125,4201.815,4196.905,4199.735
1765389600,4199.775,4200.75,4198.765,4199.235
1765390500,4199.055,4199.55,4193.455,4196.605
1765391400,4196.53,4196.97,4192.15,4194.21
1765392300,4194.195,4196.75,4193.255,4194.07
1765393200,4194.105,4219.86,4190.42,4212.46
1765394100,4212.48,4216.785,4195.045,4199.055
1765395000,4199.005,4214.71,4182.08,4187.725
1765395900,4187.695,4217.57,4186.595,4216.45
1765396800,4216.41,4235.92,4211.425,4235.14
1765397700,4235.24,4238.785,4226.735,4232.785
1765398600,4232.8,4235.385,4229.65,4232.55
1765399500,4232.595,4237.355,4229.555,4229.555
1765400400,4229.525,4232.335,4221.32,4228.2
1765401300,4228.195,4229.42,4223.37,4226.195
1765402200,4226.22,4229.295,4225.835,4228.08
1765403100,4228.075,4229.41,4226.98,4228.775
1765407600,4228.245,4229.83,4225.37,4225.685
1765408500,4225.665,4227.325,4224.255,4225.845
1765409400,4225.82,4229.77,4225.765,4228.53
1765410300,4228.515,4234.215,4228.515,4232.585
1765411200,4232.565,4243.905,4231.615,4243.175
1765412100,4243.225,4245.385,4239.99,4241.04
1765413000,4241.015,4243.395,4240.665,4242.02
1765413900,4242.05,4242.83,4235.05,4237.375
1765414800,4237.38,4247.805,4236.18,4240.405
1765415700,4240.315,4242.04,4235.125,4236.105
1765416600,4236.105,4238.655,4233.03,4238.165
1765417500,4238.15,4240.475,4237.25,4238.39
1765418400,4238.365,4240.915,4231.115,4233.9
1765419300,4233.855,4234.49,4229.635,4230.005
1765420200,4230.04,4230.59,4220.36,4227.1
1765421100,4227.125,4228.235,4221.94,4222.28
1765422000,4222.22,4225.02,4209.47,4212.29
1765422900,4212.315,4216.085,4209.505,4212.96
1765423800,4212.97,4216.885,4212.08,4216.855
1765424700,4216.84,4218.68,4215.25,4216.905
1765425600,4216.82,4218.45,4214.045,4217.11
1765426500,4217.105,4217.58,4210.845,4213.08
1765427400,4213.12,4216.335,4211.465,4211.725
1765428300,4211.76,4214.66,4208.43,4213.525
1765429200,4213.405,4216.315,4211.805,4212.06
1765430100,4212.055,4213.345,4209.915,4212.465
1765431000,4212.435,4212.94,4207.09,4210.38
1765431900,4210.43,4210.955,4206.075,4207.35
1765432800,4207.355,4212.6,4204.27,4211.12
1765433700,4211.07,4214.78,4207.76,4213.71
1765434600,4213.735,4215.61,4212.375,4214.1
1765435500,4214.085,4215.585,4211.015,4214.725
1765436400,4214.75,4214.75,4210.595,4212.515
1765437300,4212.43,4214.83,4211.545,4213.15
1765438200,4213.16,4218.105,4211.395,4217.855
1765439100,4217.89,4218.75,4214.925,4216.11
1765440000,4216.105,4217.875,4212.835,4215.37
1765440900,4215.385,4217.09,4213.45,4214.3
1765441800,4214.315,4219.65,4213.705,4217.525
1765442700,4217.475,4219.01,4215.49,4216.775
1765443600,4216.785,4218.155,4210.4,4212.17
1765444500,4212.15,4216.44,4211.335,4214.25
1765445400,4214.225,4218.19,4213.83,4217.845
1765446300,4217.83,4221.615,4217.305,4218.495
1765447200,4218.51,4226.08,4218.51,4220.635
1765448100,4220.695,4221.635,4216.16,4217.46
1765449000,4217.54,4217.915,4211.84,4215.35
1765449900,4215.255,4219.23,4214.855,4217.035
1765450800,4217.06,4219.125,4214.215,4215.25
1765451700,4215.275,4216.645,4214.32,4214.895
1765452600,4214.85,4215.275,4211.205,4214.845
1765453500,4214.765,4215.415,4209.61,4211.19
1765454400,4211.195,4214.495,4208.77,4212.235
1765455300,4212.24,4218.35,4212.09,4218.09
1765456200,4218.025,4220.375,4217.65,4219.17
1765457100,4219.185,4220.61,4216.92,4220.565
1765458000,4220.705,4222.605,4210.1,4212.095
1765458900,4212.08,4214.03,4205.35,4213.245
1765459800,4213.255,4221.08,4209.475,4219.795
1765460700,4219.77,4223.52,4218.245,4221.015
1765461600,4221.035,4229.625,4217.945,4227.305
1765462500,4227.315,4232.06,4223.43,4231.11
1765463400,4231.17,4244,4230.42,4243.925
1765464300,4243.91,4244.595,4228.97,4230.395
1765465200,4230.36,4240.355,4226.335,4237.93
1765466100,4237.72,4244.485,4237.18,4238.87
1765467000,4238.94,4256.465,4238.47,4254.655
1765467900,4254.63,4261.5,4250.195,4256.125
1765468800,4256.16,4257.64,4250.085,4256.05
1765469700,4256.07,4261.585,4254.785,4257.14
1765470600,4257.15,4263.82,4255.445,4261.615
1765471500,4261.595,4279.04,4261.355,4273.655
1765472400,4273.645,4280.95,4272.3,4277.385
1765473300,4277.44,4281.815,4274.685,4276.05
1765474200,4276.06,4277.845,4272.23,4277.755
1765475100,4277.64,4279.765,4273.92,4278.71
1765476000,4278.605,4285.89,4277.11,4283.69
1765476900,4283.68,4285.645,4280.095,4281.93
1765477800,4281.935,4284.205,4277.24,4282.615
1765478700,4282.655,4282.77,4266.77,4268.28
1765479600,4268.255,4271.45,4262.83,4271.365
1765480500,4271.395,4274.645,4269.035,4273.07
1765481400,4272.985,4277.835,4272.37,4274.275
1765482300,4274.55,4275.985,4271.42,4273.545
1765483200,4273.535,4274.2,4264.25,4269.775
1765484100,4269.835,4271.205,4265.375,4268.7
1765485000,4268.705,4274.485,4268.27,4273.415
1765485900,4273.435,4276.395,4271.355,4276.285
1765486800,4276.24,4276.29,4272.665,4272.925
1765487700,4272.93,4279.58,4272.61,4279.535
1765488600,4279.61,4282.275,4276.955,4282.2
1765489500,4282.195,4283.725,4278.79,4279.335
1765494000,4282.93,4283.005,4281.38,4281.71
1765494900,4281.675,4282.925,4277.64,4280.04
1765495800,4280.035,4281.215,4272.42,4275.785
1765496700,4275.705,4277.93,4273.485,4276.285
1765497600,4276.32,4278.035,4273.725,4276.6
1765498500,4276.47,4280.07,4275.805,4278.37
1765499400,4278.365,4278.97,4273.94,4275.52
1765500300,4275.5,4276.055,4269.11,4269.53
1765501200,4269.555,4275.69,4266.185,4274.58
1765502100,4274.505,4276.32,4264.525,4266.015
1765503000,4266.055,4270.33,4265.145,4269.175
1765503900,4269.19,4274.08,4267.975,4270.935
1765504800,4270.95,4277.17,4270.69,4275.565
1765505700,4275.57,4276.89,4272.095,4273.67
1765506600,4273.645,4276.945,4273.1,4274.71
1765507500,4274.79,4274.79,4269.32,4270.41
1765508400,4270.42,4274.825,4269.755,4273.36
1765509300,4273.22,4273.48,4268.775,4269.98
1765510200,4269.975,4272.68,4269.195,4272.04
1765511100,4272.095,4273.115,4270.565,4270.705
1765512000,4270.68,4271.12,4268.175,4269.035
1765512900,4268.99,4269.29,4266.86,4268.595
1765513800,4268.57,4268.675,4266.36,4267.235
1765514700,4267.215,4268.675,4266.375,4266.39
1765515600,4266.44,4269.565,4266.045,4269.28
1765516500,4269.255,4275.855,4268.725,4274.46
1765517400,4274.425,4279.55,4274.245,4277.92
1765518300,4277.9,4280.695,4276.315,4278.94
1765519200,4278.945,4280.69,4276.665,4278.025
1765520100,4277.925,4281.59,4276.955,4281.13
1765521000,4281.075,4282.86,4279.495,4281.47
1765521900,4281.54,4283.285,4281.465,4282.975
1765522800,4282.86,4288.845,4281.38,4285.935
1765523700,4285.855,4288.43,4284.405,4285.82
1765524600,4285.875,4290.625,4284.325,4287.78
1765525500,4287.755,4289.065,4285.375,4287.245
1765526400,4287.28,4295.705,4287.185,4293.35
1765527300,4293.31,4295.58,4290.98,4294.535
1765528200,4294.49,4304.325,4294.31,4303.89
1765529100,4303.905,4309.545,4301.615,4308.17
1765530000,4308.19,4317.3,4306.96,4317.055
1765530900,4317.14,4317.95,4312.8,4313.525
1765531800,4313.495,4313.905,4307.215,4311.9
1765532700,4311.935,4320.425,4311.37,4318.315
1765533600,4318.3,4320.33,4314.695,4319.265
1765534500,4319.285,4322.14,4316.745,4316.77
1765535400,4316.78,4328.6,4316.415,4328.12
1765536300,4328.145,4331.175,4325.56,4330.17
1765537200,4330.315,4338.805,4327.21,4335.62
1765538100,4335.655,4339.385,4332.14,4334.565
1765539000,4334.57,4337.065,4330.14,4334.68
1765539900,4334.775,4339.165,4334.425,4336.515
1765540800,4336.505,4339.46,4331.79,4332.955
1765541700,4332.905,4334.265,4330.375,4332.5
1765542600,4332.485,4334.16,4327.48,4328.14
1765543500,4328.15,4329.675,4324.735,4325.79
1765544400,4325.905,4338.04,4321.495,4337.23
1765545300,4337.215,4339.49,4334.165,4336.045
1765546200,4336.08,4346.32,4336.08,4340.08
1765547100,4340.01,4341.41,4332.35,4341.155
1765548000,4341.145,4344.955,4338.64,4342.33
1765548900,4342.35,4346.06,4338.77,4340.825
1765549800,4340.885,4345.565,4331.05,4339.895
1765550700,4339.885,4353.555,4336.65,4346.935
1765551600,4346.865,4351.625,4340.95,4343.425
1765552500,4343.465,4345.29,4298.34,4300.5
1765553400,4300.525,4318.04,4295.305,4317.265
1765554300,4317.255,4322.225,4283.55,4290.755
1765555200,4290.835,4296.665,4273.615,4286.49
1765556100,4286.465,4293.195,4272.325,4289.82
1765557000,4289.715,4289.8,4257.275,4274.145
1765557900,4274.13,4282.08,4270.84,4281.89
1765558800,4281.87,4285.33,4271.265,4273.815
1765559700,4273.825,4290.86,4273.28,4282.435
1765560600,4282.38,4295.32,4281.95,4293.49
1765561500,4293.465,4298.525,4291.785,4294.255
1765562400,4294.3,4303.085,4291.895,4301.2
1765563300,4301.225,4303.915,4294.01,4295.535
1765564200,4295.51,4300.51,4291.76,4291.875
1765565100,4291.89,4297.325,4290.535,4295.02
1765566000,4295.34,4296.045,4289.96,4294.455
1765566900,4294.435,4299.705,4293.625,4296.21
1765567800,4296.12,4298.765,4293.68,4297.405
1765568700,4297.415,4298.235,4294.21,4296.51
1765569600,4296.53,4302.835,4295.42,4299.74
1765570500,4299.695,4300.725,4290.985,4293.71
1765571400,4293.69,4300.155,4288.74,4298.97
1765572300,4298.955,4302.985,4294.11,4299.335
1765573200,4299.41,4301.81,4298.435,4299.935
1765574100,4299.855,4303.86,4299.225,4303
1765575000,4302.965,4304.215,4301.115,4301.505
1765575900,4301.51,4303.29,4296.93,4299.38
1765753200,4302.985,4308.04,4302.07,4302.55
1765754100,4302.635,4306.295,4302.495,4304.755
1765755000,4304.87,4308.52,4303.48,4305.985
1765755900,4305.895,4306.78,4301.72,4302.575
1765756800,4302.67,4307.17,4300.41,4304.555
1765757700,4304.54,4304.65,4301.29,4302.24
1765758600,4302.28,4307.995,4302.065,4305.355
1765759500,4305.41,4307.785,4303.46,4307.515
1765760400,4307.555,4314.015,4305.66,4313.435
1765761300,4313.43,4316.075,4309.66,4315.32
1765762200,4315.335,4324.91,4314.765,4319.815
1765763100,4319.865,4325.925,4319.57,4322.53
1765764000,4322.39,4326.96,4320.845,4321.51
1765764900,4321.625,4325.105,4321.16,4324.385
1765765800,4324.35,4329.385,4324.205,4329.055
1765766700,4329.085,4329.405,4325.18,4326.345
1765767600,4326.365,4329.775,4322.76,4323.38
1765768500,4323.355,4324.53,4319.32,4323.915
1765769400,4323.985,4328.865,4323.865,4328.06
1765770300,4328.08,4328.095,4325.24,4327.33
1765771200,4327.28,4329.845,4325.675,4328.33
1765772100,4328.35,4330.1,4326.635,4327.865
1765773000,4327.985,4328.155,4323.1,4326.6
1765773900,4326.625,4327.98,4324.81,4326.19
1765774800,4326.255,4327.605,4324.685,4326.425
1765775700,4326.505,4331.21,4326.12,4329.67
1765776600,4329.585,4340.21,4329.22,4338.9
1765777500,4339.105,4344.46,4338.055,4343.615
1765778400,4343.78,4345.76,4339.485,4343.12
1765779300,4343.19,4345.535,4342.39,4343.82
1765780200,4343.83,4345.905,4342.235,4345.43
1765781100,4345.635,4347.48,4343.11,4343.51
1765782000,4343.53,4344.44,4340.645,4342.61
1765782900,4342.585,4344.75,4341.415,4344.06
1765783800,4344.055,4344.435,4333.545,4339.675
1765784700,4339.685,4342.025,4338.925,4339.19
1765785600,4339.215,4344.415,4338.785,4342.84
1765786500,4342.84,4346.79,4341.265,4345.86
1765787400,4345.815,4346.95,4343.755,4345.16
1765788300,4345.17,4349.025,4344.545,4346.82
1765789200,4346.765,4349.64,4343.255,4349.06
1765790100,4349.045,4350.285,4344.54,4347.665
1765791000,4347.71,4350.175,4344.56,4345.265
1765791900,4345.29,4345.985,4342.345,4342.565
1765792800,4342.56,4344.495,4340.835,4343.495
1765793700,4343.52,4348.175,4342.17,4342.685
1765794600,4342.69,4343.48,4337.715,4338.67
1765795500,4338.64,4342.36,4338.165,4339.59
1765796400,4339.61,4339.62,4335.305,4338.37
1765797300,4338.325,4341.8,4335.76,4340.92
1765798200,4340.945,4341.83,4339.23,4340.84
1765799100,4340.875,4343.685,4339.52,4342.775
1765800000,4342.785,4345.89,4342.74,4343.78
1765800900,4343.765,4346.695,4343.025,4346.44
1765801800,4346.49,4348.525,4344.98,4345.56
1765802700,4345.535,4347.245,4343.495,4345.71
1765803600,4345.685,4346.32,4333.54,4335.73
1765804500,4335.7,4341.53,4334.715,4339.43
1765805400,4339.54,4342.09,4335.735,4338.45
1765806300,4338.475,4344.995,4330.74,4332.06
1765807200,4332.075,4336.835,4328.385,4329.055
1765808100,4329.09,4332.56,4321.545,4325.28
1765809000,4325.23,4335.195,4320.705,4328.355
1765809900,4328.39,4331.56,4317.515,4323.765
1765810800,4323.695,4327.33,4312.535,4322.87
1765811700,4322.875,4327.71,4311.63,4314.26
1765812600,4314.295,4324.83,4313.15,4323.75
1765813500,4323.785,4327.935,4317.065,4318.375
1765814400,4318.385,4319.02,4301.055,4303.875
1765815300,4302.445,4305.875,4293.135,4296.25
1765816200,4296.245,4299.99,4285.515,4296.695
1765817100,4296.725,4299.95,4292.655,4297.815
1765818000,4297.795,4300.305,4291.08,4297.165
1765818900,4297.17,4303.87,4293.385,4302.15
1765819800,4302.195,4305.425,4300.515,4304.285
1765820700,4304.25,4306.825,4302.04,4304.425
1765821600,4304.53,4305.34,4301.415,4302.9
1765822500,4302.93,4306.735,4300.06,4305.87
1765823400,4305.835,4310.245,4302.785,4309.855
1765824300,4309.895,4313.61,4307.92,4313.085
1765825200,4313.085,4317.81,4312.07,4312.64
1765826100,4312.555,4314.55,4309.135,4309.315
1765827000,4309.155,4312.325,4307.92,4311.325
1765827900,4311.3,4314.59,4310.12,4314.285
1765828800,4314.21,4314.385,4311.475,4311.585
1765829700,4311.695,4311.695,4299.725,4305.305
1765830600,4305.31,4307.855,4300.665,4305.98
1765831500,4305.965,4307.835,4304.215,4304.625
1765832400,4304.63,4305.755,4300.825,4304.56
1765833300,4304.6,4305.19,4302.855,4303.64
1765834200,4303.635,4304.585,4301.265,4302.125
1765835100,4302.135,4305.84,4302.09,4304.91
1765839600,4307.67,4308.2,4305.265,4306.065
1765840500,4306.095,4309.77,4306.045,4307.595
1765841400,4307.75,4308.56,4305.97,4306.9
1765842300,4306.84,4308.235,4303.565,4304.445
1765843200,4304.435,4309.19,4303.04,4307.4
1765844100,4307.41,4310.395,4304.55,4309.73
1765845000,4309.9,4313.515,4307.905,4311.94
1765845900,4311.89,4312.175,4305.94,4308.045
1765846800,4308.055,4308.69,4299.355,4304.07
1765847700,4303.98,4312.205,4303.935,4311.62
1765848600,4311.68,4318.035,4311.32,4314.745
1765849500,4314.63,4316.205,4304.635,4308.79
1765850400,4308.68,4312.07,4305.65,4310.795
1765851300,4310.845,4312.3,4307.64,4310.975
1765852200,4311.035,4312.18,4305.755,4309.51
1765853100,4309.505,4309.88,4286.605,4289.71
1765854000,4289.745,4294.675,4280.975,4282.61
1765854900,4282.66,4288.46,4280.62,4287.865
1765855800,4287.91,4289.185,4283.06,4285.255
1765856700,4285.21,4291.73,4282.95,4291.005
1765857600,4290.98,4292.385,4286.825,4287.99
1765858500,4287.935,4290.845,4286.85,4288.36
1765859400,4288.415,4291.9,4288.345,4289.7
1765860300,4289.65,4290.75,4287.655,4289.22
1765861200,4289.225,4292.405,4285.815,4286.345
1765862100,4286.395,4286.57,4279.9,4280.825
1765863000,4280.745,4281.2,4271.575,4279.635
1765863900,4279.64,4287.825,4279.5,4284.185
1765864800,4284.22,4288.605,4282.595,4286.645
1765865700,4286.57,4290.085,4285.22,4287.015
1765866600,4286.965,4292.325,4286.09,4291.33
1765867500,4291.375,4292.345,4287.505,4289.41
1765868400,4289.44,4290.13,4285.05,4286.215
1765869300,4286.265,4286.74,4279.63,4281.2
1765870200,4281.16,4288.52,4280.06,4284.175
1765871100,4284.155,4288.375,4283.315,4287.655
1765872000,4287.635,4289.445,4280.43,4281.575
1765872900,4281.705,4281.705,4275.64,4279.115
1765873800,4278.805,4283.465,4275.275,4283.275
1765874700,4283.075,4286.98,4282.845,4284.705
1765875600,4284.685,4285.93,4281.245,4285.025
1765876500,4285,4285,4281.565,4281.875
1765877400,4281.865,4283.88,4279.845,4282.825
1765878300,4282.765,4282.765,4276.575,4280.495
1765879200,4280.545,4284.44,4276.865,4277.995
1765880100,4277.935,4282.05,4276.8,4277.73
1765881000,4277.72,4279.25,4274.7,4279.155
1765881900,4279.165,4281.66,4275.58,4277.45
1765882800,4277.4,4278.665,4274.23,4276.21
1765883700,4276.2,4278.08,4273.885,4277.675
1765884600,4277.705,4279.765,4275.595,4276.51
1765885500,4276.405,4279.11,4276.255,4278.69
1765886400,4278.635,4288.845,4276.94,4287.865
1765887300,4287.915,4292.97,4287.8,4291.625
1765888200,4291.665,4293.715,4287.8,4293.475
1765889100,4293.5,4294.995,4292.145,4294.535
1765890000,4294.565,4297.805,4291,4296.01
1765890900,4296.02,4302.04,4293.555,4301.415
1765891800,4301.565,4312.695,4301.445,4304.34
1765892700,4304.365,4313.27,4299.94,4313.015
1765893600,4313.04,4320.51,4311.43,4319.5
1765894500,4319.48,4330.575,4318.19,4325.665
1765895400,4325.675,4331.955,4321.91,4326.385
1765896300,4327.085,4332.205,4323.12,4324.48
1765897200,4324.445,4335.185,4320.805,4324.015
1765898100,4324.095,4326.05,4312.56,4321.23
1765899000,4321.225,4330.155,4319.84,4322.015
1765899900,4322.06,4329.61,4319.3,4319.865
1765900800,4319.805,4323.39,4312.91,4315.6
1765901700,4315.545,4315.545,4303.795,4307.785
1765902600,4307.77,4307.785,4291.41,4294.895
1765903500,4294.83,4303.115,4293.63,4300.675
1765904400,4300.66,4311.07,4300.645,4304.485
1765905300,4304.515,4306.505,4300.355,4303.065
1765906200,4303.11,4308.975,4302.415,4306.105
1765907100,4306.175,4306.565,4300.56,4303.725
1765908000,4303.83,4306.025,4299.655,4303.165
1765908900,4303.16,4304.185,4298.285,4301.96
1765909800,4301.74,4310.855,4301.33,4308.775
1765910700,4308.83,4313.475,4308.085,4311.37
1765911600,4311.44,4311.755,4303.91,4305.875
1765912500,4305.785,4310,4296.81,4305.64
1765913400,4305.665,4310.065,4304.705,4309.615
1765914300,4309.65,4315.92,4309.145,4310.655
1765915200,4310.65,4314.475,4310.185,4312.07
1765916100,4312.105,4312.105,4308,4310.865
1765917000,4310.87,4311.755,4307.82,4309.17
1765917900,4309.245,4312.2,4302.66,4304.615
1765918800,4304.645,4305.53,4300.875,4302.32
1765919700,4302.38,4302.795,4300.61,4302.245
1765920600,4302.25,4304.945,4301.115,4302.91
1765921500,4302.81,4304.06,4301.775,4302.225
1765926000,4303.6,4304.845,4302.405,4304.645
1765926900,4304.555,4307.275,4304.36,4306.81
1765927800,4306.765,4308.74,4305.62,4307.73
1765928700,4307.655,4309.215,4307.15,4308.11
1765929600,4308.1,4313.175,4307.6,4312.415
1765930500,4312.48,4315.435,4311.785,4313.385
1765931400,4313.385,4314.595,4311.285,4312.63
1765932300,4312.605,4314.52,4311.79,4313.195
1765933200,4313.205,4320.265,4311.445,4317.865
1765934100,4317.85,4319.55,4313.18,4317.065
1765935000,4317.125,4325.535,4316.17,4323.235
1765935900,4323.09,4326.78,4321.97,4326.635
1765936800,4326.69,4327.835,4318.31,4320.305
1765937700,4320.29,4323.69,4319.505,4320.57
1765938600,4320.555,4323.045,4314.045,4316.54
1765939500,4316.555,4316.9,4311.145,4314.365
1765940400,4314.38,4320.265,4312.64,4315.5
1765941300,4315.44,4319.585,4314.555,4318.78
1765942200,4318.61,4323.78,4318.375,4321.6
1765943100,4321.56,4325.215,4321.32,4323.84
1765944000,4323.955,4326.015,4321.28,4324.46
1765944900,4324.505,4325.08,4322.19,4322.74
1765945800,4322.735,4330.03,4320.56,4329.625
1765946700,4329.64,4331.65,4328.495,4329.8
1765947600,4329.785,4334.535,4328.095,4332.405
1765948500,4332.39,4337.975,4330.53,4331.055
1765949400,4331.05,4340.28,4331.05,4338.33
1765950300,4338.39,4342.58,4333.61,4333.9
1765951200,4333.88,4337.64,4331.605,4336.675
1765952100,4336.67,4336.955,4330.58,4332.435
1765953000,4332.43,4333.145,4327.08,4329.28
1765953900,4329.09,4330.73,4324.7,4328.72
1765954800,4328.685,4328.685,4322.49,4325.115
1765955700,4325.345,4325.73,4319.505,4323.035
1765956600,4323.095,4324.625,4316.24,4316.255
1765957500,4316.2,4319.225,4315.68,4317.835
1765958400,4317.785,4320.845,4308.44,4313.77
1765959300,4313.84,4317.93,4312.555,4316.285
1765960200,4316.225,4319.885,4314.79,4315.32
1765961100,4315.3,4320.915,4313.22,4319.385
1765962000,4319.3,4323.45,4317.87,4321.145
1765962900,4321.055,4322.725,4317.12,4322.41
1765963800,4322.375,4322.375,4318.865,4319.02
1765964700,4319.035,4322.175,4315.88,4317.015
1765965600,4316.895,4319.695,4316.255,4319.68
1765966500,4319.675,4322.315,4318.165,4319.905
1765967400,4319.865,4320.16,4306.515,4315.26
1765968300,4315.245,4318.13,4313.46,4317.805
1765969200,4317.875,4319.72,4316.75,4317.825
1765970100,4317.875,4320.465,4315.82,4318.2
1765971000,4318.16,4318.995,4315.06,4316.455
1765971900,4316.43,4318.885,4315.465,4316.345
1765972800,4316.33,4318.395,4314.99,4316.595
1765973700,4316.61,4323.24,4316.075,4321.29
1765974600,4321.345,4322.3,4316.36,4317.47
1765975500,4317.465,4318.35,4315.815,4317.57
1765976400,4317.615,4328.175,4315.085,4323.29
1765977300,4323.2,4331.755,4323.045,4328.09
1765978200,4328.105,4339.5,4328.105,4338.42
1765979100,4338.445,4344.26,4333.16,4342.145
1765980000,4342.125,4346.09,4327.11,4327.695
1765980900,4327.53,4331.4,4323.14,4329.07
1765981800,4329.09,4338.705,4325.72,4338.425
1765982700,4338.395,4342.705,4334.68,4338.245
1765983600,4338.22,4345.315,4334.98,4343.04
1765984500,4343.03,4344.915,4333.075,4343.68
1765985400,4343.685,4349.28,4328.44,4332.255
1765986300,4332.15,4336.725,4324.34,4330.485
1765987200,4330.575,4334.945,4324.58,4327.59
1765988100,4327.435,4332.06,4320.325,4326.855
1765989000,4326.89,4334.335,4323.845,4333.625
1765989900,4333.605,4337.66,4330.865,4333.68
1765990800,4333.675,4335.445,4328.77,4332.775
1765991700,4332.69,4340.04,4330.27,4337.16
1765992600,4337.21,4341.685,4336.26,4338.88
1765993500,4338.99,4342.595,4335.74,4342.58
1765994400,4342.585,4346.61,4342.575,4343.21
1765995300,4343.235,4343.34,4338.37,4341.695
1765996200,4341.645,4344.005,4330.305,4332.355
1765997100,4332.37,4336.39,4328.82,4336.25
1765998000,4336.13,4338.08,4333.355,4337.13
1765998900,4337.125,4340.715,4335.93,4339.88
1765999800,4339.83,4341.2,4334.47,4335.305
1766000700,4335.365,4337.425,4330.45,4337.265
1766001600,4337.28,4339.825,4335.425,4339.365
1766002500,4339.34,4342.66,4339.22,4341.41
1766003400,4341.415,4342.885,4338.585,4341.97
1766004300,4341.965,4346.145,4339.655,4341.49
1766005200,4341.545,4345.855,4340.57,4343.77
1766006100,4343.73,4346.41,4343.35,4344.115
1766007000,4344.115,4344.695,4339.785,4339.855
1766007900,4339.84,4341.99,4337.5,4337.83
1766012400,4338.89,4339.49,4335.535,4336.025
1766013300,4336.085,4339.415,4335.675,4338.025
1766014200,4338.07,4340.385,4337.165,4338.92
1766015100,4338.985,4343.095,4338.625,4339.055
1766016000,4338.985,4341.08,4336.725,4338.415
1766016900,4338.455,4343.03,4337.26,4337.735
1766017800,4337.75,4340.61,4336.76,4336.8
1766018700,4336.825,4337.325,4333.34,4334.985
1766019600,4335.06,4337.245,4328.49,4329.93
1766020500,4329.98,4331.955,4324.76,4324.825
1766021400,4324.82,4328.5,4324.02,4326.77
1766022300,4326.83,4332.04,4324.775,4331.745
1766023200,4331.78,4335.395,4330.285,4331.045
1766024100,4331.095,4336.53,4330.01,4334.61
1766025000,4334.7,4337.985,4334.155,4334.225
1766025900,4334.215,4334.47,4330.92,4333.365
1766026800,4333.345,4336.11,4331.05,4335.96
1766027700,4335.955,4336.94,4332.045,4333.295
1766028600,4333.215,4335.545,4332.275,4332.295
1766029500,4332.26,4333.765,4331.2,4333.34
1766030400,4333.28,4333.59,4329.62,4330.565
1766031300,4330.605,4332.335,4329.195,4330.615
1766032200,4330.42,4331.93,4328.69,4329.725
1766033100,4329.68,4332.585,4329.54,4331.845
1766034000,4331.69,4337.225,4331.065,4337.14
1766034900,4337.18,4337.465,4334.97,4335.855
1766035800,4335.78,4337.265,4332.775,4336.81
1766036700,4336.825,4336.925,4332.26,4333.32
1766037600,4333.27,4335.67,4330.68,4334.605
1766038500,4334.58,4335.585,4331.925,4333.7
1766039400,4333.75,4336.185,4333.28,4333.675
1766040300,4333.765,4335.005,4331.98,4334.01
1766041200,4334.04,4334.99,4330.075,4330.875
1766042100,4330.91,4335.225,4330.46,4334.99
1766043000,4334.99,4337.785,4332.935,4333.505
1766043900,4333.615,4334.23,4331.475,4331.495
1766044800,4331.375,4332.59,4324.96,4328.57
1766045700,4328.565,4329.85,4325.96,4327.185
1766046600,4327.215,4329.075,4325.24,4328.6
1766047500,4328.63,4328.94,4321.805,4326.645
1766048400,4326.48,4328.63,4324.755,4326.315
1766049300,4326.35,4328.225,4323.67,4324.815
1766050200,4324.81,4327.035,4321.06,4324.56
1766051100,4324.535,4324.63,4320.655,4323.64
1766052000,4323.615,4326.055,4323.075,4324.86
1766052900,4324.915,4325.685,4323.26,4323.885
1766053800,4323.855,4327.56,4322.02,4326.98
1766054700,4326.995,4327.615,4324.185,4325.54
1766055600,4325.52,4328.825,4324.47,4327.27
1766056500,4327.28,4328.48,4325.49,4325.835
1766057400,4325.76,4327.23,4325.37,4326.645
1766058300,4326.615,4326.92,4324.76,4325.735
1766059200,4325.685,4326.715,4321.68,4324.11
1766060100,4324.045,4324.475,4317.285,4319.515
1766061000,4319.51,4323.635,4318.655,4322.755
1766061900,4322.76,4322.87,4320.32,4320.94
1766062800,4320.925,4324.3,4314.68,4316.555
1766063700,4316.475,4324.095,4315.935,4321.61
1766064600,4321.585,4338.595,4321.36,4336.575
1766065500,4336.655,4343.185,4335.155,4336.65
1766066400,4336.635,4341.485,4333.07,4336.41
1766067300,4336.535,4338.905,4332.55,4332.795
1766068200,4332.82,4341.285,4311.65,4314.355
1766069100,4314.38,4330.245,4308.67,4328.625
1766070000,4328.58,4337.185,4326.65,4330.83
1766070900,4330.935,4334.405,4325.06,4333.04
1766071800,4333.035,4341.77,4331.26,4337.555
1766072700,4337.55,4341.53,4334.4,4338.395
1766073600,4338.42,4368.115,4337.74,4362.145
1766074500,4362.135,4374.655,4361.93,4367.41
1766075400,4367.475,4371.87,4363.455,4367.07
1766076300,4367.08,4369.68,4356.36,4360.415
1766077200,4360.42,4363.415,4322.55,4328.325
1766078100,4328.33,4332.785,4322.145,4328.03
1766079000,4328.045,4341.71,4326.425,4337.455
1766079900,4337.43,4338.385,4325.105,4333.565
1766080800,4333.575,4341.08,4331.755,4339.55
1766081700,4339.595,4341.455,4331.94,4332.285
1766082600,4332.34,4340.425,4332.03,4333.895
1766083500,4333.86,4334.5,4325.905,4331.955
1766084400,4331.925,4333.115,4326.665,4329.485
1766085300,4329.615,4334.51,4328.805,4333.9
1766086200,4333.91,4335.09,4327.785,4329.76
1766087100,4329.75,4330.84,4322.755,4325.18
1766088000,4325.18,4335.98,4324.67,4333.735
1766088900,4333.765,4334.095,4328.27,4332.53
1766089800,4332.52,4338.545,4331.155,4336.18
1766090700,4336.245,4336.505,4332.41,4335
1766091600,4334.995,4334.995,4331.425,4332.815
1766092500,4332.845,4333.19,4330.8,4332.04
1766093400,4331.985,4332.74,4328.55,4330.83
1766094300,4330.865,4333.915,4330.865,4332.59
1766098800,4335.855,4336.42,4334.565,4334.66
1766099700,4334.725,4336.47,4333.945,4334.065
1766100600,4334.025,4335.6,4333.6,4334.075
1766101500,4334.08,4337.07,4333.785,4335.135
1766102400,4335.11,4335.835,4329.455,4330.055
1766103300,4330.05,4332.275,4328.135,4331.485
1766104200,4331.535,4332.63,4327.85,4328.475
1766105100,4328.41,4331.365,4325.97,4326.33
1766106000,4326.405,4327.775,4320.71,4325.96
1766106900,4325.98,4328.655,4309.62,4313.455
1766107800,4313.47,4319.205,4309.095,4317.53
1766108700,4317.64,4324.115,4316.87,4323.32
1766109600,4323.365,4328.1,4323.34,4324.28
1766110500,4324.285,4324.79,4321.75,4324.61
1766111400,4324.68,4326.055,4314.665,4316
1766112300,4316.005,4318.545,4314.175,4316.76
1766113200,4316.735,4317.97,4312.68,4316.38
1766114100,4316.4,4321.59,4313.005,4319.27
1766115000,4319.41,4322.55,4317.215,4319.815
1766115900,4319.75,4321.16,4317.585,4318.12
1766116800,4318.145,4320.005,4317.775,4319.115
1766117700,4319.165,4320.11,4317.05,4317.49
1766118600,4317.44,4321.76,4317.255,4320.63
1766119500,4320.655,4322.935,4319.72,4322.74
1766120400,4322.725,4323.86,4318.335,4318.615
1766121300,4318.6,4320.63,4317.46,4319.86
1766122200,4319.825,4326.845,4319.765,4325.21
1766123100,4325.285,4328.97,4324.9,4325.97
1766124000,4326.015,4327.56,4324.205,4327.155
1766124900,4327.26,4329.57,4326.535,4327.245
1766125800,4327.275,4328.3,4321.63,4324.4
1766126700,4324.3,4327.245,4322.555,4326.44
1766127600,4326.42,4328.415,4323.075,4327.225
1766128500,4327.21,4327.77,4323.305,4327.655
1766129400,4327.58,4329.665,4324.965,4325.025
1766130300,4325.02,4325.555,4321.5,4322.61
1766131200,4322.615,4324.91,4321.085,4322.96
1766132100,4322.825,4326.09,4322.345,4325.23
1766133000,4325.2,4330.975,4325.005,4327.925
1766133900,4327.84,4328.73,4325.835,4325.99
1766134800,4325.945,4327.625,4324.41,4327.005
1766135700,4327.02,4328.53,4326.06,4327.08
1766136600,4327.06,4331.09,4325.955,4330.66
1766137500,4330.685,4333.67,4327.385,4329.585
1766138400,4329.555,4331.915,4328.19,4330.22
1766139300,4330.235,4331.505,4327.1,4327.395
1766140200,4327.415,4327.87,4322.6,4327.24
1766141100,4327.23,4329.685,4326.69,4327.805
1766142000,4327.81,4329.14,4325.625,4326.58
1766142900,4326.5,4328.8,4325.815,4327.135
1766143800,4327.165,4327.97,4325.18,4327.405
1766144700,4327.44,4329.57,4326.735,4327.375
1766145600,4327.43,4327.61,4320.775,4324.1
1766146500,4324.065,4327.975,4323.36,4325.745
1766147400,4325.83,4328.955,4324.345,4326.055
1766148300,4326.06,4327.3,4323.36,4326.735
1766149200,4326.77,4334.815,4326.055,4330.23
1766150100,4330.315,4335.36,4327.595,4334.915
1766151000,4334.97,4335.705,4328.79,4329.635
1766151900,4329.625,4332.78,4327.335,4328.365
1766152800,4328.325,4334.265,4325.4,4328.105
1766153700,4328.115,4330.35,4325.48,4327.76
1766154600,4327.82,4337.93,4326.77,4334.82
1766155500,4334.815,4335.02,4319.83,4332.855
1766156400,4332.735,4345.515,4332.135,4341.635
1766157300,4341.74,4346.735,4335.17,4337.615
1766158200,4337.62,4344.88,4336.54,4339.94
1766159100,4339.91,4349.29,4339.78,4347.91
1766160000,4347.905,4354.755,4342.855,4343.12
1766160900,4343.14,4347.52,4342.155,4346.825
1766161800,4346.84,4350.52,4343.19,4345.6
1766162700,4345.595,4351.415,4344.48,4349.935
1766163600,4349.92,4353.79,4347.075,4347.105
1766164500,4347.11,4352.815,4347.1,4351.905
1766165400,4352.005,4354.02,4349.925,4351.425
1766166300,4351.47,4355.99,4350.515,4353.555
1766167200,4353.495,4354.885,4350.35,4353.785
1766168100,4353.7,4356.625,4352.06,4354.505
1766169000,4354.48,4355,4344.86,4344.88
1766169900,4344.835,4349.825,4343.155,4348.595
1766170800,4348.605,4350.635,4346.47,4347.26
1766171700,4347.245,4349.355,4346.355,4347.775
1766172600,4347.755,4350.1,4346.685,4346.885
1766173500,4346.865,4348.925,4345.17,4345.295
1766174400,4345.26,4346.545,4342.09,4342.47
1766175300,4342.48,4345.85,4341.33,4345.195
1766176200,4345.15,4345.15,4338.61,4340.385
1766177100,4340.205,4340.935,4336.875,4339.75
1766178000,4339.735,4340.36,4337.375,4338.82
1766178900,4338.875,4339.335,4336.92,4337.7
1766179800,4337.635,4338.885,4336.555,4338.175
1766180700,4338.16,4339.54,4337.56,4338.765
1766358000,4340.905,4345.835,4339.9,4345.385
1766358900,4345.255,4349.435,4344.165,4348.855
1766359800,4348.71,4350.735,4347.37,4348.645
1766360700,4348.67,4356.1,4348.505,4355.4
1766361600,4355.325,4364.97,4355.325,4359.72
1766362500,4359.635,4365.165,4358.77,4363.31
1766363400,4363.705,4366.56,4361.685,4361.91
1766364300,4361.935,4365.59,4361.9,4365.165
1766365200,4365.275,4372.495,4362.635,4364.605
1766366100,4364.495,4370.39,4361.375,4368.295
1766367000,4368.34,4383.89,4368.185,4381.755
1766367900,4381.71,4384.96,4379.745,4382.97
1766368800,4382.995,4384.375,4378.765,4380.715
1766369700,4380.735,4382.565,4378.97,4379.01
1766370600,4378.95,4385.82,4378.695,4384.125
1766371500,4384.095,4388.84,4382.34,4386.07
1766372400,4386.055,4390.175,4384.415,4386.64
1766373300,4386.61,4391.01,4385.34,4389.08
1766374200,4389.15,4392.155,4388.16,4391.68
1766375100,4391.715,4395.05,4391.62,4392.66
1766376000,4392.655,4396.88,4391.33,4396.88
1766376900,4396.885,4397.495,4393.23,4394.775
1766377800,4394.79,4396.285,4394.055,4395.25
1766378700,4395.23,4401.115,4394.96,4398.525
1766379600,4398.38,4403.875,4396.865,4401.295
1766380500,4401.29,4405.57,4398.72,4405.075
1766381400,4405.085,4409.76,4397.33,4401.595
1766382300,4401.5,4406.89,4399.97,4400.21
1766383200,4400.235,4405.26,4398.96,4403.985
1766384100,4403.98,4405.51,4399.69,4401.055
1766385000,4401.035,4409.425,4400.22,4408.555
1766385900,4408.56,4420.16,4408.125,4419.47
1766386800,4419.455,4420.515,4410.41,4412.915
1766387700,4412.895,4416.705,4411.875,4415.85
1766388600,4415.9,4418.04,4412.36,4416.59
1766389500,4416.595,4416.685,4412.605,4414.395
1766390400,4414.345,4414.835,4410.125,4412.36
1766391300,4412.335,4413.54,4409.555,4413.54
1766392200,4413.545,4415.08,4407.06,4410.125
1766393100,4410.11,4411.21,4406.195,4408.28
1766394000,4408.265,4413.375,4408.02,4412.415
1766394900,4412.355,4414.13,4410.9,4412.595
1766395800,4412.61,4413.785,4411.575,4412.43
1766396700,4412.435,4415.01,4411.11,4411.2
1766397600,4411.195,4416.055,4411.145,4414.105
1766398500,4414.095,4414.4,4411.26,4411.405
1766399400,4411.455,4411.645,4406.215,4409
1766400300,4409.01,4411.695,4408.68,4408.79
1766401200,4408.765,4409.925,4406.06,4409.365
1766402100,4409.345,4410.64,4408.18,4409.295
1766403000,4409.32,4411.695,4408.615,4410.165
1766403900,4410.19,4411.095,4408.835,4410.42
1766404800,4410.225,4413.46,4406.29,4407.225
1766405700,4407.21,4412.49,4407.07,4409.19
1766406600,4409.2,4410.875,4407.75,4409.64
1766407500,4409.585,4416.04,4409.425,4415.81
1766408400,4415.83,4426.795,4415.12,4425.475
1766409300,4425.51,4427.375,4412.73,4418.655
1766410200,4418.665,4426.725,4418.195,4423.96
1766411100,4423.985,4427.42,4419.91,4423.865
1766412000,4423.905,4427.39,4421.775,4426.45
1766412900,4426.36,4429.245,4424.225,4426.56
1766413800,4426.575,4426.76,4414.725,4423.025
1766414700,4422.99,4429.665,4417.74,4419.445
1766415600,4419.455,4423.81,4413.935,4416.085
1766416500,4415.97,4419.875,4411.945,4418.105
1766417400,4418.035,4428.185,4416.615,4427.89
1766418300,4427.88,4435.65,4427.88,4431.835
1766419200,4431.86,4438.17,4428.22,4438.15
1766420100,4438.25,4440.52,4435.54,4438.01
1766421000,4438.015,4442.21,4433.115,4435.835
1766421900,4435.84,4438.995,4434.485,4438.72
1766422800,4438.725,4441.825,4435.235,4441.775
1766423700,4441.875,4442.27,4433.705,4434.23
1766424600,4434.255,4437.77,4431.995,4435.775
1766425500,4435.735,4438.765,4435.41,4438.51
1766426400,4438.61,4438.995,4434.415,4436.74
1766427300,4436.8,4438.61,4433.535,4434.145
1766428200,4434.205,4437.32,4432.175,4432.785
1766429100,4432.845,4436.84,4429.445,4435.465
1766430000,4435.46,4436.085,4429.95,4430.27
1766430900,4430.29,4433.24,4429.005,4432.975
1766431800,4432.965,4434.225,4431.41,4432.835
1766432700,4432.84,4433.96,4431.745,4433.69
1766433600,4433.615,4438.765,4433.525,4438.765
1766434500,4438.745,4438.775,4431.86,4432.34
1766435400,4432.19,4435.53,4431.72,4434.67
1766436300,4434.705,4439.27,4434.245,4438.715
1766437200,4438.695,4443.43,4438.525,4443.105
1766438100,4443.1,4449.235,4442.455,4447.965
1766439000,4447.94,4449.385,4444.765,4444.98
1766439900,4444.975,4446.16,4443.325,4443.74
1766444400,4449.18,4455.505,4449.045,4455.3
1766445300,4455.305,4459.695,4455.08,4458.87
1766446200,4458.9,4458.91,4452.84,4458.235
1766447100,4458.15,4461.66,4455.045,4460.145
1766448000,4460.095,4466.66,4458.16,4466.245
1766448900,4466.29,4468.655,4463.78,4468.08
1766449800,4468.075,4469.985,4466.47,4468.755
1766450700,4468.71,4470.715,4467.33,4470.6
1766451600,4470.53,4486.84,4470.46,4485.825
1766452500,4485.85,4486.365,4469.44,4477.36
1766453400,4477.34,4486.125,4477.1,4485.04
1766454300,4485.115,4490.69,4482.25,4486.675
1766455200,4486.66,4488.61,4481.38,4485.455
1766456100,4485.53,4489.74,4485.025,4486.855
1766457000,4486.84,4497.685,4486.69,4495.72
1766457900,4495.71,4496.12,4489.155,4493.48
1766458800,4493.44,4496.78,4485.67,4486.38
1766459700,4486.525,4488.88,4482.955,4487.155
1766460600,4487.13,4488.925,4485.755,4486.2
1766461500,4486.185,4487.095,4483.92,4486.725
1766462400,4486.765,4488.325,4484.655,4487.04
1766463300,4487.035,4488.285,4484.32,4486.47
1766464200,4486.43,4487.175,4484.11,4484.64
1766465100,4484.57,4485.145,4478.86,4482.585
1766466000,4482.525,4485.04,4480.22,4480.85
1766466900,4480.825,4481.695,4476.72,4480.375
1766467800,4480.36,4485.695,4476.53,4481.215
1766468700,4481.245,4482.73,4474.92,4475.335
1766469600,4475.245,4478.41,4469.5,4471.555
1766470500,4471.47,4476.645,4470.705,4476.195
1766471400,4476.215,4478.035,4474.76,4476.41
1766472300,4476.36,4481.735,4475.85,4481.62
1766473200,4481.61,4483.285,4478.5,4481.83
1766474100,4481.825,4486,4481.075,4484.14
1766475000,4484.16,4486.925,4483.655,4484.07
1766475900,4484.055,4489.88,4483.9,4486.855
1766476800,4486.81,4489.5,4485.425,4488.32
1766477700,4488.29,4490.65,4486.445,4487.195
1766478600,4487.21,4492.47,4484.73,4492.08
1766479500,4492.125,4493.49,4488.6,4490.055
1766480400,4490.04,4491.36,4480.53,4481.585
1766481300,4481.405,4484.595,4479.185,4483.315
1766482200,4483.32,4485.32,4479.705,4481.86
1766483100,4481.94,4483.315,4478.225,4480.5
1766484000,4480.545,4485.03,4479.56,4484.8
1766484900,4484.83,4487.605,4483.035,4485.935
1766485800,4485.95,4485.99,4481.575,4482.905
1766486700,4482.915,4486.12,4482.69,4484.4
1766487600,4484.415,4486.37,4483.295,4484.55
1766488500,4484.465,4485.825,4483.1,4483.965
1766489400,4484.025,4488.71,4483.245,4488.605
1766490300,4488.61,4494.315,4487.32,4493.655
1766491200,4493.625,4493.785,4485.705,4485.935
1766492100,4485.94,4486.085,4483.275,4485.22
1766493000,4485.215,4487.745,4484.53,4486.125
1766493900,4486.16,4489.425,4485.86,4486.41
1766494800,4486.35,4494.69,4486.06,4494.57
1766495700,4494.59,4497.635,4486.62,4489.54
1766496600,4489.57,4492.665,4484.69,4489.955
1766497500,4489.88,4491.06,4473.51,4479.36
1766498400,4479.425,4480.13,4456.205,4469.94
1766499300,4469.83,4472.255,4463.295,4465.135
1766500200,4465.19,4465.34,4447.72,4452.905
1766501100,4452.825,4459.655,4441.5,4446.745
1766502000,4446.735,4451.165,4430.515,4448.655
1766502900,4448.67,4452.175,4439.58,4442.77
1766503800,4442.73,4457.285,4441.655,4453.485
1766504700,4453.49,4459.415,4451.62,4458.395
1766505600,4458.43,4463.49,4456.225,4460.82
1766506500,4460.83,4465.59,4459.16,4461.615
1766507400,4461.675,4467.095,4455.815,4465.96
1766508300,4465.945,4476.695,4465.945,4474.38
1766509200,4474.395,4479.92,4471.75,4475.415
1766510100,4475.435,4478.83,4470.365,4477.85
1766511000,4477.905,4479.485,4474.045,4478.685
1766511900,4478.71,4479.095,4469.945,4472.965
1766512800,4473.08,4481.475,4473.08,4477.675
1766513700,4477.735,4479.405,4474.215,4477.81
1766514600,4477.97,4478.565,4472.74,4476.565
1766515500,4476.635,4485.22,4476.625,4484.725
1766516400,4484.625,4496.38,4484.265,4493.71
1766517300,4493.755,4493.76,4487.37,4490.13
1766518200,4490.175,4493.955,4488.16,4492.945
1766519100,4492.995,4493.01,4489.19,4490.745
1766520000,4490.74,4494.205,4489.535,4493.635
1766520900,4493.62,4494.64,4491.4,4491.975
1766521800,4491.96,4493.26,4489.3,4492.4
1766522700,4492.415,4499.82,4491.845,4497.5
1766523600,4497.505,4498.85,4490.475,4491.22
1766524500,4491.27,4491.77,4489.95,4490.09
1766525400,4490.095,4491.405,4488.385,4489.25
1766526300,4489.28,4489.78,4483.52,4484.55
1766530800,4488.59,4495.585,4488,4495.39
1766531700,4495.315,4498.17,4490.89,4492.29
1766532600,4492.325,4509.235,4492.325,4505.655
1766533500,4505.48,4510.78,4499.805,4503.39
1766534400,4503.3,4512.855,4500.96,4507.945
1766535300,4507.99,4514.175,4507.99,4514.07
1766536200,4513.995,4517.88,4512.775,4517.73
1766537100,4517.77,4518.215,4508.05,4512.095
1766538000,4512.02,4520.205,4507.045,4512.015
1766538900,4512.03,4526.15,4512.03,4521.485
1766539800,4521.495,4523.635,4518.465,4520.29
1766540700,4520.315,4523.63,4518.62,4518.84
1766541600,4518.815,4519.52,4504.865,4511.585
1766542500,4511.59,4512.535,4505.83,4506.955
1766543400,4506.965,4511.26,4504.745,4508.735
1766544300,4508.75,4512.325,4474.375,4478.06
1766545200,4478.26,4486.405,4466.54,4485.805
1766546100,4485.775,4496.31,4485.71,4491.595
1766547000,4491.51,4498.74,4490.52,4495.165
1766547900,4495.19,4495.46,4492,4493.2
1766548800,4493.325,4495.855,4492.225,4494.715
1766549700,4494.74,4497.605,4491.4,4497.1
1766550600,4497.13,4501.565,4496.42,4500.23
1766551500,4500.22,4501.295,4496.615,4499.32
1766552400,4499.17,4500.575,4485.185,4490.905
1766553300,4490.835,4494.67,4489.545,4492.505
1766554200,4492.44,4497.32,4490.65,4495.815
1766555100,4495.81,4497.185,4488.195,4488.645
1766556000,4488.65,4492.96,4486.59,4492.675
1766556900,4492.68,4492.78,4485.275,4487.81
1766557800,4487.88,4498.025,4487.875,4494.625
1766558700,4494.64,4497.6,4492.835,4493.78
1766559600,4493.805,4495.24,4490.665,4493.515
1766560500,4493.495,4494.625,4491.245,4491.66
1766561400,4491.655,4492.315,4488.24,4488.575
1766562300,4488.57,4489.46,4483.61,4484.05
1766563200,4484.04,4487.17,4478.205,4485.51
1766564100,4485.545,4490.94,4483.33,4484.86
1766565000,4484.935,4492.705,4482.325,4490.15
1766565900,4490.105,4490.565,4481.6,4482.505
1766566800,4482.51,4488.265,4482.1,4487.9
1766567700,4487.94,4493.57,4487.55,4489.485
1766568600,4489.495,4492.43,4486.51,4491.61
1766569500,4491.605,4496.26,4491.495,4494.895
1766570400,4494.89,4500.035,4489.885,4490.775
1766571300,4490.78,4496.51,4489.64,4494.285
1766572200,4494.235,4494.795,4482.425,4486.015
1766573100,4485.925,4490.87,4484.82,4489.695
1766574000,4489.71,4490.68,4484.965,4488.04
1766574900,4488.035,4489.345,4486.535,4487.335
1766575800,4487.32,4488.665,4483.165,4488.32
1766576700,4488.34,4492.17,4486.16,4491.77
1766577600,4491.77,4495.985,4491.185,4495.435
1766578500,4495.36,4496.335,4490.92,4493.19
1766579400,4493.215,4493.62,4490.02,4490.445
1766580300,4490.44,4492.58,4489.745,4490.765
1766581200,4490.8,4493.655,4481.28,4485.37
1766582100,4485.375,4487.105,4474.72,4479.395
1766583000,4479.5,4486.365,4477.87,4485.3
1766583900,4485.38,4489.015,4483.375,4488.29
1766584800,4488.135,4489.785,4484.03,4485.535
1766585700,4485.505,4487.7,4482.21,4485.21
1766586600,4485.235,4489.035,4469.325,4481.505
1766587500,4481.47,4482.47,4460.485,4464.975
1766588400,4464.955,4475.285,4461.82,4474.77
1766589300,4474.735,4476.745,4461.45,4469.805
1766590200,4469.58,4473.085,4449.705,4453.43
1766591100,4453.37,4460.885,4448.26,4458.685
1766592000,4458.715,4471.355,4456.12,4466.285
1766592900,4466.26,4469.24,4464.275,4468.435
1766593800,4468.59,4476.795,4467.17,4475.315
1766594700,4475.32,4478.265,4472.065,4476.87
1766595600,4476.88,4487.88,4475.545,4483.685
1766596500,4483.74,4484.83,4476,4477.775
1766597400,4477.795,4483.125,4477.14,4479.45
1766598300,4479.42,4483.59,4479.31,4480.745
1766599200,4480.765,4481.65,4477.405,4478.055
1766600100,4478.32,4482.5,4478.025,4480.645
1766601000,4480.685,4481.945,4478.83,4479.415
1766703600,4502.625,4536.74,4484.195,4490.595
1766704500,4490.47,4499.845,4488.57,4498.415
1766705400,4498.58,4499.765,4489.51,4496.29
1766706300,4496.305,4500.155,4491.625,4495.405
1766707200,4495.315,4506.19,4492.27,4503.165
1766708100,4503.235,4507.215,4501.125,4507.08
1766709000,4507.055,4508.185,4504.275,4507.62
1766709900,4507.565,4518.11,4506.23,4517.97
1766710800,4517.965,4531.515,4508.91,4510.495
1766711700,4510.475,4518.375,4506.76,4510.18
1766712600,4510.21,4515.805,4497.655,4507.18
1766713500,4507.275,4507.5,4500.07,4504.045
1766714400,4504.02,4507.91,4498.335,4506.485
1766715300,4506.59,4509.92,4501.905,4502.06
1766716200,4502.025,4502.655,4492.21,4499.415
1766717100,4499.44,4508.975,4498.59,4508.95
1766718000,4508.955,4511.97,4501.305,4511.97
1766718900,4512,4513.545,4502.96,4503.08
1766719800,4503.275,4503.815,4497.585,4503.01
1766720700,4502.985,4505.975,4500.55,4501.845
1766721600,4501.84,4510.055,4500.54,4507.915
1766722500,4507.96,4510.365,4504.835,4509.655
1766723400,4509.605,4511.855,4505.755,4508.14
1766724300,4508.07,4511.33,4506.785,4509.19
1766725200,4509.185,4511.62,4507.47,4509.265
1766726100,4509.25,4510.4,4506.13,4507.295
1766727000,4507.315,4514.98,4507.26,4512.085
1766727900,4512.315,4513.74,4509.745,4509.82
1766728800,4509.875,4513.62,4509.01,4512.79
1766729700,4512.815,4518.875,4512.585,4518.545
1766730600,4518.565,4519.55,4515.08,4518.65
1766731500,4518.66,4518.745,4508.045,4511.58
1766732400,4511.63,4515.17,4510.69,4514.555
1766733300,4514.565,4515.795,4508.135,4509.435
1766734200,4509.48,4513.13,4507.955,4508.275
1766735100,4508.285,4511.655,4507.435,4511.05
1766736000,4511.21,4515.06,4509.735,4515.045
1766736900,4515.025,4517.525,4514.29,4515.17
1766737800,4515.175,4517.38,4513.315,4514.685
1766738700,4514.67,4519.765,4514.22,4518.99
1766739600,4519.02,4520.7,4515.34,4515.99
1766740500,4516.02,4518.975,4515.22,4517.485
1766741400,4517.48,4518.41,4512.99,4513.92
1766742300,4513.915,4515.44,4512.005,4512.83
1766743200,4512.795,4519.645,4512.155,4518.925
1766744100,4518.96,4523.75,4517.08,4520.635
1766745000,4520.68,4522.205,4514.21,4515.285
1766745900,4515.32,4515.685,4511.255,4514.47
1766746800,4514.48,4515.28,4503.395,4509.935
1766747700,4509.95,4512.115,4503.82,4505.445
1766748600,4505.48,4509.325,4503.55,4507.835
1766749500,4507.9,4509.98,4502.91,4509.945
1766750400,4509.915,4511.205,4507.075,4510.88
1766751300,4510.865,4512.825,4508.445,4512.1
1766752200,4512.125,4515.17,4512.02,4512.69
1766753100,4512.71,4514.21,4506.785,4508.93
1766754000,4508.885,4515.36,4503.705,4514.64
1766754900,4514.72,4519.91,4512.82,4517.955
1766755800,4517.92,4528.885,4517.92,4522.05
1766756700,4522.065,4525.995,4515.17,4525.195
1766757600,4525.19,4527.215,4522.31,4526.005
1766758500,4526.02,4530.265,4523.315,4529.54
1766759400,4529.57,4533.235,4519.05,4521.38
1766760300,4521.385,4526.66,4512.795,4521.16
1766761200,4521.155,4530.785,4519.64,4527.305
1766762100,4527.31,4533.99,4526.06,4533.225
1766763000,4533.27,4545.595,4531.82,4538.195
1766763900,4538.185,4547.38,4537.29,4546.495
1766764800,4546.54,4550.15,4534.775,4539.005
1766765700,4538.98,4547.42,4537.14,4546.03
1766766600,4546.035,4546.54,4539.005,4539.555
1766767500,4539.605,4543.495,4531.34,4536.33
1766768400,4536.325,4537.65,4525.675,4526.065
1766769300,4526.205,4528.25,4516.82,4518.12
1766770200,4518.13,4520.47,4510.025,4516.51
1766771100,4516.535,4524.905,4512.365,4519.07
1766772000,4519.055,4521.74,4514.705,4517.715
1766772900,4517.645,4524.7,4516.01,4519.145
1766773800,4519.11,4530.44,4516.13,4529.595
1766774700,4529.61,4532.785,4527.69,4531.155
1766775600,4531.22,4534.52,4524.91,4533.835
1766776500,4533.84,4535.795,4528.73,4529.785
1766777400,4529.695,4530.28,4521.9,4525.36
1766778300,4525.385,4527.005,4519.925,4523.81
1766779200,4523.82,4534.055,4522.955,4532.96
1766780100,4532.99,4535.74,4521.685,4523.795
1766781000,4523.7,4531.365,4522.665,4530.54
1766781900,4530.435,4533.4,4525.595,4531.05
1766782800,4530.985,4533.14,4527.205,4528.61
1766783700,4528.565,4533.1,4528.28,4531.585
1766784600,4531.555,4534.825,4529.7,4532.36
1766785500,4532.365,4534.52,4529.37,4533.21
1766962800,4542.66,4548.35,4523.05,4533.5
1766963700,4533.375,4542.055,4532.02,4536.06
1766964600,4536.07,4540.31,4530.76,4532.585
1766965500,4532.575,4534.81,4525.79,4527.08
1766966400,4527.135,4527.98,4514.605,4523.845
1766967300,4523.875,4523.885,4481.825,4486.75
1766968200,4486.705,4503.385,4472.25,4489.425
1766969100,4489.345,4507.1,4489.025,4497.3
1766970000,4497.305,4514.715,4492.375,4512.425
1766970900,4512.42,4517.59,4495.92,4499.44
1766971800,4499.435,4507.85,4492.295,4501.81
1766972700,4501.83,4507.03,4494.995,4497.325
1766973600,4497.325,4509.555,4496.45,4507.14
1766974500,4507.125,4514.49,4504.16,4512.635
1766975400,4512.63,4515.86,4508.935,4511.96
1766976300,4511.945,4516.02,4509.38,4512.425
1766977200,4512.465,4518.955,4509.445,4515.42
1766978100,4515.32,4518.505,4512.27,4512.865
1766979000,4512.91,4520.61,4512.85,4516.52
1766979900,4516.51,4517.565,4513.715,4516.67
1766980800,4516.48,4517.14,4508.005,4515.295
1766981700,4515.32,4516.36,4511.02,4514.335
1766982600,4514.34,4519.74,4513.135,4515.985
1766983500,4516.005,4516.67,4513.58,4515.825
1766984400,4515.66,4515.68,4510.02,4514.575
1766985300,4514.59,4515.88,4510.92,4514.045
1766986200,4514.045,4519.595,4512.125,4516.51
1766987100,4516.545,4517.76,4504.925,4506.665
1766988000,4506.545,4510.74,4500.12,4506.11
1766988900,4506.075,4507.23,4489.165,4490.71
1766989800,4490.775,4497.915,4484.435,4487.145
1766990700,4487.12,4488.14,4471.325,4475.105
1766991600,4475.05,4476.665,4445.115,4473.165
1766992500,4473.17,4481.685,4471.325,4471.48
1766993400,4471.405,4479.765,4470.205,4473.695
1766994300,4473.91,4478.715,4473.115,4474.775
1766995200,4474.86,4486.12,4466.345,4483.865
1766996100,4483.84,4488.6,4479.99,4480.045
1766997000,4480.055,4480.71,4469.94,4470.1
1766997900,4470.1,4472.105,4452.68,4461.035
1766998800,4461.08,4468.155,4459.27,4467.77
1766999700,4467.7,4469.03,4462.23,4465.875
1767000600,4465.875,4476.035,4460.385,4475.92
1767001500,4475.95,4476.545,4469.115,4472.18
1767002400,4472.165,4474.68,4469.115,4471.455
1767003300,4471.5,4472.57,4462.605,4462.73
1767004200,4462.705,4463.94,4456.935,4460.165
1767005100,4460.125,4463.575,4458.425,4460.935
1767006000,4460.93,4461.14,4455.89,4458.36
1767006900,4458.275,4468.02,4457.8,4465.385
1767007800,4465.37,4465.98,4434.12,4453.23
1767008700,4453.175,4453.705,4441.85,4446.885
1767009600,4446.995,4456.36,4445.75,4452.8
1767010500,4452.84,4457.26,4451.89,4456.895
1767011400,4456.905,4464.69,4454.9,4462.615
1767012300,4462.61,4464.985,4460.8,4464.415
1767013200,4464.41,4467.7,4456.8,4457.74
1767014100,4457.745,4460.02,4445.575,4451.86
1767015000,4451.885,4455.05,4425.425,4429.7
1767015900,4429.675,4429.675,4407.145,4421.735
1767016800,4421.665,4421.665,4386.365,4398.635
1767017700,4398.645,4405.735,4386.925,4389.945
1767018600,4389.96,4390.34,4356.765,4373.76
1767019500,4373.755,4384.79,4358.945,4360.275
1767020400,4360.38,4360.61,4328.315,4343.27
1767021300,4343.225,4343.29,4302.11,4319.615
1767022200,4319.305,4337.1,4316.85,4331.6
1767023100,4331.61,4339.975,4322.46,4325.455
1767024000,4325.42,4342.805,4323.575,4334.2
1767024900,4334.195,4337.79,4324.41,4334.425
1767025800,4334.33,4342.635,4329.025,4335.07
1767026700,4335.055,4347.435,4334.67,4341.59
1767027600,4341.73,4343.34,4325.69,4330.21
1767028500,4330.135,4333.805,4322.81,4329.37
1767029400,4329.395,4330.09,4315.015,4320.07
1767030300,4320.04,4329.565,4319.845,4328.255
1767031200,4328.35,4333.495,4325.875,4329.755
1767032100,4329.895,4334.86,4322.83,4327.95
1767033000,4327.925,4334.22,4326.23,4330.275
1767033900,4330.31,4332.325,4328.19,4331.38
1767034800,4331.39,4335.675,4327.615,4335.39
1767035700,4335.395,4336.58,4328.58,4330.575
1767036600,4330.82,4335.705,4330.24,4332.285
1767037500,4332.43,4337.9,4331.02,4336.925
1767038400,4336.88,4344.695,4336.585,4342.335
1767039300,4342.4,4342.835,4337.06,4340.89
1767040200,4340.885,4341.565,4325.735,4333.525
1767041100,4333.51,4335.905,4329.035,4334.76
1767042000,4334.97,4339.64,4328.495,4336.325
1767042900,4336.32,4338.185,4330.875,4331.765
1767043800,4331.755,4332.735,4327.765,4329.98
1767044700,4329.97,4333.15,4329.72,4332.56
1767049200,4341.72,4347.59,4340.02,4340.88
1767050100,4340.855,4341.045,4323.42,4334.065
1767051000,4334.09,4337.515,4331.205,4337.215
1767051900,4337.035,4347.235,4336.46,4345.945
1767052800,4345.945,4347.665,4338.26,4346.95
1767053700,4346.885,4350.855,4343.78,4349.265
1767054600,4349.405,4349.405,4339.745,4340.64
1767055500,4340.75,4342.865,4334.62,4339.995
1767056400,4339.975,4340.26,4324.65,4335.12
1767057300,4335.105,4343.39,4334.965,4336.71
1767058200,4336.705,4349.715,4331.935,4347.095
1767059100,4347.105,4360.405,4346.61,4360.37
1767060000,4360.36,4362.165,4351.85,4355.405
1767060900,4355.41,4358.05,4352.48,4354.86
1767061800,4354.915,4357.11,4348.805,4354.45
1767062700,4354.435,4364.93,4354.38,4362.75
1767063600,4362.73,4365.415,4357.205,4360.935
1767064500,4360.925,4369.19,4358.93,4368.16
1767065400,4368.195,4368.995,4361.185,4363.485
1767066300,4363.5,4364.99,4356.41,4359.305
1767067200,4359.265,4362.42,4357.635,4361.495
1767068100,4361.47,4365.89,4360.665,4363.255
1767069000,4363.25,4370.125,4362.34,4366.98
1767069900,4366.96,4367.325,4362.355,4363.595
1767070800,4363.735,4364.98,4358.925,4364.16
1767071700,4364.18,4376.445,4362.535,4372.465
1767072600,4372.41,4380.23,4372.11,4374.95
1767073500,4374.925,4379.795,4372.77,4377.585
1767074400,4377.535,4378.56,4372.7,4373.29
1767075300,4373.355,4374.015,4364.11,4366.505
1767076200,4366.51,4369.945,4360.295,4362.005
1767077100,4362,4366.635,4360.055,4364.665
1767078000,4364.685,4369.01,4359.085,4368.98
1767078900,4368.975,4372.58,4365.855,4368.335
1767079800,4368.34,4377.22,4368.255,4377.11
1767080700,4377.09,4383.445,4370.215,4372.42
1767081600,4372.51,4373.875,4363.65,4370.505
1767082500,4370.49,4371.54,4352.01,4353.665
1767083400,4353.7,4360.655,4350.49,4359.37
1767084300,4359.38,4366.485,4354.405,4365.085
1767085200,4365.045,4373.965,4364.3,4373.255
1767086100,4373.23,4376.785,4367.98,4368.595
1767087000,4368.59,4371.93,4367.47,4368.505
1767087900,4368.545,4374.13,4367.705,4372.345
1767088800,4372.28,4376.475,4368.01,4376.07
1767089700,4376.105,4383.035,4374.905,4382.425
1767090600,4382.365,4391.91,4381.955,4382.735
1767091500,4382.7,4385.69,4378.73,4384.88
1767092400,4385.13,4390.535,4385.13,4387.135
1767093300,4387.18,4389.84,4385.94,4389.12
1767094200,4389.135,4389.585,4383.84,4384.92
1767095100,4384.925,4385.465,4381.365,4384.38
1767096000,4384.405,4397.49,4383.5,4396.21
1767096900,4396.275,4399.505,4391.6,4393.755
1767097800,4393.73,4402.85,4393.005,4399.715
1767098700,4399.73,4402.12,4396.47,4401.24
1767099600,4401.265,4404.375,4397.27,4399.38
1767100500,4399.46,4399.46,4390.115,4393.755
1767101400,4393.815,4393.865,4376.27,4379.325
1767102300,4379.35,4389.7,4376.335,4388.55
1767103200,4388.565,4390.835,4382.64,4386.045
1767104100,4386.04,4391.415,4381.06,4390.755
1767105000,4390.765,4392.34,4364.535,4371.33
1767105900,4371.425,4372.52,4355.865,4366.11
1767106800,4366.095,4373.19,4360.975,4369.22
1767107700,4369.27,4377.54,4365.025,4366.415
1767108600,4366.45,4374.78,4359.665,4362.625
1767109500,4362.64,4371.16,4361.26,4365.52
1767110400,4365.485,4365.655,4355.145,4358.68
1767111300,4358.73,4371.825,4357.815,4369.135
1767112200,4369.18,4369.23,4362.335,4367.265
1767113100,4367.23,4379.955,4366.36,4377.78
1767114000,4377.745,4382.125,4373.54,4373.595
1767114900,4373.54,4376.95,4368.58,4375.075
1767115800,4375.1,4376.43,4364.85,4368.545
1767116700,4368.64,4370.885,4364.27,4370.32
1767117600,4370.325,4378.865,4368.98,4371.285
1767118500,4371.3,4372.48,4366.255,4371.18
1767119400,4371.2,4371.39,4362.735,4366.13
1767120300,4366.145,4367.625,4363.175,4364.84
1767121200,4364.845,4368.07,4363.53,4366.77
1767122100,4366.83,4367.96,4364.17,4366.195
1767123000,4366.21,4366.73,4360.165,4362.815
1767123900,4362.825,4363.05,4337.29,4348.82
1767124800,4348.87,4350.46,4338.36,4348.395
1767125700,4348.405,4353.1,4346.295,4350.595
1767126600,4350.565,4355.69,4346.14,4349.075
1767127500,4349.13,4351.985,4337.955,4341.83
1767128400,4342.01,4350.665,4341.01,4348.605
1767129300,4348.6,4349.175,4346.615,4346.665
1767130200,4346.71,4349.615,4346.37,4348.915
1767131100,4348.825,4349.585,4334.8,4339.395
1767135600,4341.77,4346.755,4340.4,4346.11
1767136500,4346.115,4346.19,4332.38,4334.285
1767137400,4334.28,4343.05,4328.125,4339.715
1767138300,4339.575,4339.775,4333.38,4339.12
1767139200,4339.07,4344.175,4338.985,4341.715
1767140100,4341.56,4343.265,4332.985,4336.855
1767141000,4336.825,4346.63,4332.765,4342.66
1767141900,4342.72,4344.235,4336.47,4342.515
1767142800,4342.5,4356.095,4336.85,4353.505
1767143700,4353.48,4360.82,4349.445,4354.835
1767144600,4354.725,4370.175,4354.415,4369.045
1767145500,4369.13,4373.59,4365.43,4365.995
1767146400,4365.955,4371.425,4361.2,4362.145
1767147300,4362.15,4364.23,4357.765,4361.315
1767148200,4361.49,4371.33,4357.82,4370.455
1767149100,4370.44,4370.94,4346.635,4348.905
1767150000,4348.95,4359.86,4343.62,4359.525
1767150900,4359.545,4359.91,4341.075,4348.675
1767151800,4348.645,4353.95,4346.37,4352.04
1767152700,4352.06,4352.675,4345.57,4348.66
1767153600,4348.685,4351.375,4344.92,4348.435
1767154500,4348.43,4348.69,4342.41,4346.445
1767155400,4346.435,4348.37,4342.66,4343.285
1767156300,4343.31,4346.335,4330.69,4332.865
1767157200,4332.865,4334.84,4329.295,4334.785
1767158100,4334.715,4343.155,4332.95,4342.645
1767159000,4342.69,4343.22,4316.545,4324.995
1767159900,4324.945,4327.77,4276.685,4285.815
1767160800,4286.105,4301.495,4274.025,4299.26
1767161700,4299.295,4309.28,4292.355,4307.86
1767162600,4307.73,4317.65,4304.98,4314.49
1767163500,4314.485,4329.415,4312.12,4328.065
1767164400,4328.135,4332.47,4323.755,4330.76
1767165300,4330.75,4335.23,4329.055,4333.04
1767166200,4333.075,4334.865,4330.475,4332.1
1767167100,4332.115,4332.72,4326.785,4331.12
1767168000,4331.16,4333.105,4320.285,4323.03
1767168900,4323.06,4327.665,4322.11,4326.11
1767169800,4326.09,4326.51,4317.06,4317.225
1767170700,4317.235,4317.89,4303.325,4307.74
1767171600,4307.71,4318.265,4307.325,4317.135
1767172500,4317.11,4327.715,4310.965,4324
1767173400,4323.935,4337.48,4323.605,4336.125
1767174300,4336.11,4337.345,4325.25,4325.66
1767175200,4325.675,4331.455,4324.63,4327.145
1767176100,4327.01,4330.38,4319.685,4319.895
1767177000,4319.88,4319.88,4305.1,4307.245
1767177900,4307.235,4311.265,4303.42,4306.705
1767178800,4306.605,4315.35,4304.215,4313.915
1767179700,4313.955,4316.07,4309.945,4311.545
1767180600,4311.52,4313.965,4307.935,4312.92
1767181500,4312.91,4316.735,4309.66,4311.26
1767182400,4311.2,4312.845,4305.685,4309.18
1767183300,4309.185,4310.955,4303.255,4307.14
1767184200,4307.2,4318.35,4306.75,4317.37
1767185100,4317.365,4317.515,4310.9,4313.99
1767186000,4313.995,4317.125,4308.205,4311.73
1767186900,4311.755,4329.575,4311.46,4328.86
1767187800,4328.545,4335.01,4325.86,4332.975
1767188700,4332.98,4348.395,4332.065,4346.105
1767189600,4345.995,4348.74,4334.735,4340.32
1767190500,4340.305,4344.965,4332.865,4337.17
1767191400,4337.12,4349.06,4332.825,4344.17
1767192300,4344.19,4353.445,4342.555,4346.03
1767193200,4345.97,4346.285,4329.43,4331.885
1767194100,4331.84,4338.82,4327.005,4337.28
1767195000,4337.355,4341.565,4328.925,4331.145
1767195900,4331.095,4338.22,4327.285,4337.61
1767196800,4337.675,4339.95,4321.9,4324.19
1767197700,4324.16,4329.9,4321.89,4325.565
1767198600,4325.6,4329.855,4319.195,4319.93
1767199500,4319.925,4324.9,4317.235,4323.16
1767200400,4323.175,4328.525,4320.77,4323.745
1767201300,4323.775,4325.055,4318.33,4320.875
1767202200,4320.845,4329.715,4319.2,4325.695
1767203100,4325.68,4327.22,4320.23,4322.085
1767204000,4322.005,4328.025,4321.865,4327.755
1767204900,4327.79,4331.78,4323.9,4328.635
1767205800,4328.61,4329.13,4318.755,4322.11
1767206700,4322.14,4322.225,4315.91,4319.815
1767207600,4319.975,4323.08,4315.85,4317.995
1767208500,4318,4320.055,4316.785,4317.74
1767209400,4317.765,4318.155,4307.94,4311.07
1767210300,4311.04,4314.365,4308.845,4311.55
1767211200,4311.56,4315.76,4304.645,4315.115
1767212100,4315.12,4319.2,4313.075,4315.06
1767213000,4315.04,4324.915,4314.585,4321.395
1767213900,4321.41,4322.025,4307.15,4313.575
1767214800,4313.67,4314.95,4310.795,4313.315
1767215700,4313.335,4313.34,4307.465,4310.285
1767216600,4310.265,4316.805,4309.725,4315.085
1767217500,4315.095,4322.61,4314.13,4322.61
1767308400,4326.405,4335.725,4326.285,4331.315
1767309300,4331.215,4343.405,4328.38,4341.08
1767310200,4341.165,4345.925,4338.755,4345.295
1767311100,4345.345,4351.665,4342.06,4348.26
1767312000,4348.245,4353.52,4344.375,4348.28
1767312900,4348.15,4349.7,4341.61,4347.295
1767313800,4347.335,4350.925,4346.58,4349.68
1767314700,4349.66,4355.885,4349.655,4354.055
1767315600,4354,4355.825,4345.55,4346.895
1767316500,4347.01,4350.135,4344.68,4349.19
1767317400,4349.17,4351.485,4345.71,4346.695
1767318300,4346.635,4354.755,4346.155,4348.095
1767319200,4348.105,4352.29,4345.88,4347.165
1767320100,4347.28,4348.695,4345.32,4348.105
1767321000,4348.15,4353.44,4346.005,4351.515
1767321900,4351.5,4363.33,4351.22,4362.955
1767322800,4362.93,4372.055,4362.195,4369.3
1767323700,4369.28,4371.2,4365.845,4369.265
1767324600,4369.275,4375.025,4368.03,4373.885
1767325500,4373.91,4375.78,4372.23,4375.125
1767326400,4375.145,4378.665,4373.925,4374.985
1767327300,4374.98,4376.175,4371.605,4373.915
1767328200,4373.885,4375.58,4371.795,4375.435
1767329100,4375.425,4375.97,4371.285,4373.16
1767330000,4373.17,4380.225,4371.11,4377.725
1767330900,4377.74,4380.16,4375.415,4378.675
1767331800,4378.6,4379.94,4377.915,4378.915
1767332700,4378.91,4381.975,4378.355,4380.66
1767333600,4380.69,4380.88,4373.92,4375.255
1767334500,4375.23,4380.385,4373.67,4380.135
1767335400,4379.975,4380.105,4374.32,4374.32
1767336300,4374.29,4376.4,4373.325,4374.965
1767337200,4374.945,4378.18,4372.485,4377.5
1767338100,4377.495,4377.61,4372.05,4373.915
1767339000,4373.99,4380.915,4372.345,4375.98
1767339900,4375.955,4383.58,4375.465,4383.015
1767340800,4382.99,4386.71,4380.935,4385.17
1767341700,4385.115,4385.815,4381.74,4385.405
1767342600,4385.43,4390.755,4384.27,4390.675
1767343500,4390.665,4397.835,4386.75,4386.98
1767344400,4386.99,4391.25,4386.105,4390.18
1767345300,4390.17,4391.715,4383.405,4388.925
1767346200,4388.94,4390.065,4386.965,4388.895
1767347100,4389.01,4389.67,4385.03,4385.56
1767348000,4385.59,4388.635,4384.7,4388.235
1767348900,4388.23,4390.04,4385.755,4386.44
1767349800,4386.545,4396.785,4384.745,4393.9
1767350700,4393.89,4398.615,4393.855,4396.24
1767351600,4396.25,4397.96,4394.04,4395.22
1767352500,4395.215,4399.39,4394.315,4394.465
1767353400,4394.455,4395.815,4391.815,4395.145
1767354300,4395.14,4395.62,4390.83,4393.065
1767355200,4393.05,4397.415,4391.185,4395.395
1767356100,4395.385,4398.44,4393.18,4393.55
1767357000,4393.48,4394.775,4385.25,4388.14
1767357900,4388.175,4394.86,4385.54,4394.52
1767358800,4394.585,4401.32,4392.72,4399.705
1767359700,4399.72,4402.295,4373.28,4374.605
1767360600,4374.61,4377.625,4365.95,4372.765
1767361500,4372.705,4377.855,4362.165,4366.255
1767362400,4366.27,4372.955,4364.72,4370.27
1767363300,4370.28,4373.91,4366.99,4368.635
1767364200,4368.615,4370.61,4348.105,4356.74
1767365100,4356.705,4363.49,4352.49,4353.74
1767366000,4353.75,4357.455,4333.945,4340.95
1767366900,4340.945,4342.98,4330.475,4336.785
1767367800,4336.855,4346.95,4331.7,4346.195
1767368700,4346.19,4347.34,4333.775,4335.395
1767369600,4335.545,4337.535,4320.475,4322.725
1767370500,4322.74,4325.295,4315.195,4321.885
1767371400,4321.805,4328.24,4315.21,4325.865
1767372300,4325.86,4328.4,4321.505,4326.58
1767373200,4326.535,4333.415,4324.925,4330.34
1767374100,4330.315,4333.24,4324.19,4328.94
1767375000,4328.935,4331.42,4323.41,4326.615
1767375900,4326.545,4328.335,4322.88,4323.245
1767376800,4323.085,4323.83,4312.465,4314.645
1767377700,4314.75,4321.77,4310.915,4318.755
1767378600,4318.995,4319.81,4309.915,4312.735
1767379500,4312.865,4315.915,4312.275,4315.405
1767380400,4315.835,4322.395,4315.835,4321.705
1767381300,4321.685,4323.405,4316.465,4318.575
1767382200,4318.635,4326.355,4318.3,4322.735
1767383100,4322.765,4322.93,4317.505,4318.2
1767384000,4318.175,4321.735,4317.38,4320.185
1767384900,4319.955,4329.46,4318.895,4328.49
1767385800,4328.465,4329.46,4325.34,4327
1767386700,4327.02,4331.76,4326.475,4331.685
1767387600,4331.765,4332.02,4326.88,4328.92
1767388500,4328.835,4329.885,4327.735,4328.955
1767389400,4328.9,4330.5,4327.4,4328.69
1767390300,4328.635,4333.725,4328.44,4332.065
1767567600,4356.505,4370.945,4349.355,4370.31
1767568500,4370.335,4372.61,4361.31,4367.225
1767569400,4367.205,4367.205,4354.51,4362.375
1767570300,4362.325,4375.995,4361.485,4372.725
1767571200,4372.71,4380.01,4370.425,4377.865
1767572100,4377.855,4389.475,4377.56,4386.96
1767573000,4386.91,4396.71,4385.635,4387.98
1767573900,4387.91,4396.335,4384.905,4395.29
1767574800,4395.28,4421.605,4394.625,4402.97
1767575700,4402.94,4405.185,4394.045,4396.29
1767576600,4396.34,4405.35,4392.97,4404.485
1767577500,4404.495,4407.17,4391.06,4402.2
1767578400,4402.08,4405.365,4388.575,4394.305
1767579300,4394.455,4403.08,4392.655,4402.425
1767580200,4402.335,4407.07,4399.925,4400.045
1767581100,4400.035,4409.505,4398.76,4405.435
1767582000,4405.49,4414.165,4405.395,4410.755
1767582900,4410.825,4412.59,4406.09,4407.565
1767583800,4407.455,4410.68,4403.345,4409.685
1767584700,4409.675,4410.4,4399.805,4399.98
1767585600,4399.965,4404.535,4397.25,4400.105
1767586500,4400.125,4406.52,4400.05,4405.01
1767587400,4405.035,4407.785,4404.315,4405.92
1767588300,4405.94,4408.46,4403.63,4404.31
1767589200,4404.225,4409.15,4403.695,4408.285
1767590100,4408.24,4412.88,4407.035,4412.685
1767591000,4412.67,4414.705,4401.745,4401.81
1767591900,4401.795,4412.69,4401.035,4412.46
1767592800,4412.46,4420.275,4411.565,4418.225
1767593700,4418.215,4426.45,4415.525,4424.045
1767594600,4424.075,4426.52,4416.31,4420.125
1767595500,4420.345,4422.375,4418.075,4420.65
1767596400,4420.635,4424.1,4416.875,4420.22
1767597300,4420.195,4423.5,4419.005,4420.5
1767598200,4420.495,4425.14,4418.57,4424.565
1767599100,4424.595,4424.595,4419.96,4421.79
1767600000,4421.73,4425.23,4419.31,4424.335
1767600900,4424.34,4430.16,4424.3,4426.635
1767601800,4426.57,4431.25,4423.615,4430.19
1767602700,4430.225,4434.02,4430.145,4430.25
1767603600,4430.205,4432.23,4426.17,4430.77
1767604500,4430.785,4434.63,4430.02,4432.75
1767605400,4432.785,4438.335,4431.02,4437.615
1767606300,4437.665,4438.175,4433.875,4434.865
1767607200,4434.85,4435.38,4430.86,4433.095
1767608100,4433.12,4436.755,4431.37,4433.175
1767609000,4433.06,4439.295,4432.725,4435.155
1767609900,4435.255,4440.055,4434.31,4436.48
1767610800,4436.515,4437.755,4430.36,4433.205
1767611700,4433.42,4433.685,4410.805,4417.19
1767612600,4417.225,4424.59,4415.17,4424.125
1767613500,4424.07,4426.135,4418.165,4419.265
1767614400,4419.01,4421.51,4416.65,4417.96
1767615300,4417.91,4418.645,4413.83,4415.66
1767616200,4415.69,4417.265,4406.285,4410.125
1767617100,4410.05,4412.405,4405.52,4409.705
1767618000,4409.785,4418.99,4407.225,4409.295
1767618900,4409.28,4413.55,4397.09,4399.72
1767619800,4399.86,4414.395,4396.485,4412.155
1767620700,4412.15,4417.31,4411.51,4416.965
1767621600,4417.025,4428.595,4417.025,4426.36
1767622500,4426.355,4429.82,4420.435,4421.255
1767623400,4421.12,4430.215,4417.785,4429.695
1767624300,4429.605,4442.765,4427.925,4436.28
1767625200,4436.77,4455.77,4436.77,4449.35
1767626100,4449.255,4452.605,4442.305,4444.6
1767627000,4444.615,4447.885,4435.56,4447.455
1767627900,4447.475,4450.1,4440.46,4448.5
1767628800,4448.48,4451.49,4438.195,4446.6
1767629700,4446.675,4448.875,4440.125,4440.79
1767630600,4440.75,4446.055,4440.155,4445.145
1767631500,4445.07,4454.415,4440.935,4441.93
1767632400,4441.955,4442.535,4432.535,4442.485
1767633300,4442.505,4449.255,4442.355,4445.975
1767634200,4445.94,4447.645,4437.835,4439.555
1767635100,4439.57,4445.745,4439.145,4443.615
1767636000,4443.55,4448.295,4441.99,4447.265
1767636900,4447.25,4448.59,4439.795,4441.31
1767637800,4441.235,4445.87,4441.025,4443.525
1767638700,4443.56,4448.605,4442.64,4448.605
1767639600,4448.595,4449.45,4434.855,4440.17
1767640500,4440.055,4443.015,4437.745,4441.92
1767641400,4441.88,4445.92,4441.32,4442.655
1767642300,4442.66,4444.15,4438.55,4439.735
1767643200,4439.705,4445.425,4439.025,4443.895
1767644100,4443.915,4447.105,4442.775,4445.8
1767645000,4445.76,4445.805,4438.24,4438.25
1767645900,4438.33,4445.935,4438.295,4444.795
1767646800,4444.815,4448.21,4444.815,4447.08
1767647700,4446.94,4447.04,4443.33,4445.425
1767648600,4445.45,4448.25,4445.36,4446.045
1767649500,4446.04,4449.54,4445.28,4449.17
1767654000,4454.8,4460.285,4451.335,4451.475
1767654900,4451.455,4453.685,4448.58,4448.945
1767655800,4449.12,4450.31,4438.9,4443.32
1767656700,4443.31,4444.495,4436.865,4440.675
1767657600,4440.635,4441.765,4436.425,4440.395
1767658500,4440.425,4442.74,4439.415,4440.95
1767659400,4440.985,4444.77,4430.28,4436.835
1767660300,4436.86,4438.495,4434.77,4436.75
1767661200,4436.76,4442.635,4427.635,4442.025
1767662100,4442.065,4444.48,4433.83,4435.22
1767663000,4435.285,4443.615,4432.905,4439.475
1767663900,4439.46,4452.595,4438.655,4450.89
1767664800,4450.905,4460.525,4448.72,4459.535
1767665700,4459.54,4460.89,4456.525,4460.405
1767666600,4460.37,4461.385,4448.77,4453.755
1767667500,4453.695,4457.835,4451.98,4455.17
1767668400,4455.175,4465.84,4454.385,4462.765
1767669300,4462.735,4468.16,4461.945,4463.745
1767670200,4463.765,4467.845,4463.23,4466.345
1767671100,4466.255,4468.27,4464.685,4467.7
1767672000,4467.68,4468.655,4464.71,4465.735
1767672900,4465.665,4467.59,4463.395,4464.875
1767673800,4464.94,4466.57,4461.805,4462.9
1767674700,4462.895,4468.67,4462.645,4467.57
1767675600,4467.535,4469.785,4467.09,4467.315
1767676500,4467.265,4470.815,4466.805,4469.96
1767677400,4469.93,4474.265,4461.775,4463.315
1767678300,4463.305,4464.83,4449.51,4452.505
1767679200,4452.495,4458.63,4451.56,4457.045
1767680100,4457.095,4461.54,4455.615,4461.405
1767681000,4461.31,4465.96,4459.295,4463.665
1767681900,4463.61,4467.09,4461.275,4465.92
1767682800,4465.86,4470.4,4464.265,4468.55
1767683700,4468.54,4469.89,4461.655,4464.65
1767684600,4464.64,4467.35,4463.55,4464.725
1767685500,4464.575,4466.57,4457.115,4459.47
1767686400,4459.475,4463.78,4457.37,4462.215
1767687300,4462.205,4475.79,4461.97,4470.895
1767688200,4470.9,4472.56,4464.435,4465.72
1767689100,4465.735,4469.465,4464.965,4468.305
1767690000,4468.295,4468.46,4453.875,4458.3
1767690900,4458.305,4458.535,4452.18,4456.87
1767691800,4456.835,4457.2,4453.815,4456.06
1767692700,4455.925,4456.37,4444.91,4446.58
1767693600,4446.555,4452.55,4442.665,4450.365
1767694500,4450.29,4452.77,4448.755,4450.205
1767695400,4450.2,4455.99,4448.52,4451.085
1767696300,4451.05,4453.34,4449.375,4451.875
1767697200,4451.86,4453.25,4449.94,4450.89
1767698100,4450.875,4455.895,4448.78,4455.635
1767699000,4455.645,4462.485,4455.015,4462.32
1767699900,4462.285,4464.705,4459.875,4463.525
1767700800,4463.515,4464.85,4461.745,4462.37
1767701700,4462.345,4465.88,4461.61,4464.595
1767702600,4464.65,4466.565,4458.8,4461.975
1767703500,4461.995,4465.005,4459.71,4463.785
1767704400,4463.735,4468.175,4459.71,4465.59
1767705300,4465.6,4470.63,4457.44,4459.195
1767706200,4459.195,4462.295,4455.67,4461.21
1767707100,4461.23,4468.56,4453.965,4468.09
1767708000,4468.165,4472.71,4466.43,4471.8
1767708900,4471.79,4473.355,4464.405,4467.015
1767709800,4467.015,4483.205,4465.195,4479.515
1767710700,4479.505,4489.78,4479.5,4487.65
1767711600,4487.605,4491.205,4479.27,4480.125
1767712500,4480.135,4483.385,4473.82,4480.985
1767713400,4481.045,4482.085,4463.13,4475.625
1767714300,4475.625,4479.99,4471.67,4478.46
1767715200,4478.425,4483.235,4471.445,4478.93
1767716100,4478.95,4485.44,4477.775,4483.515
1767717000,4483.51,4489.045,4482.655,4488.17
1767717900,4488.165,4489.015,4484.405,4488.38
1767718800,4488.395,4490.415,4484.295,4488.485
1767719700,4488.545,4490.335,4486.155,4487.305
1767720600,4487.285,4490.08,4481.76,4484.125
1767721500,4484.135,4491.65,4483.48,4489.51
1767722400,4489.44,4491.74,4486.285,4491.26
1767723300,4491.245,4494.165,4484.205,4485.895
1767724200,4485.93,4487.885,4482.165,4486.26
1767725100,4486.245,4490.53,4486.15,4488.675
1767726000,4488.68,4489.52,4481.965,4482.2
1767726900,4482.215,4484.655,4477.49,4481.095
1767727800,4481.085,4483.785,4477.605,4481.66
1767728700,4481.675,4483.81,4479.19,4481.505
1767729600,4481.49,4486.97,4480.505,4485.445
1767730500,4485.45,4487.885,4484.855,4485.7
1767731400,4485.695,4490.195,4483.88,4489.88
1767732300,4489.955,4496.87,4488.645,4493.735
1767733200,4493.69,4494.48,4491.835,4491.94
1767734100,4491.955,4494.55,4491.91,4494
1767735000,4494.035,4497.005,4493.955,4496.235
1767735900,4496.21,4497.31,4493.915,4494.635
1767740400,4498.54,4499.54,4494.635,4497.57
1767741300,4497.58,4500.56,4496.98,4498.41
1767742200,4498.415,4499.57,4494.975,4495.345
1767743100,4495.265,4496.54,4492.305,4493.73
1767744000,4493.645,4494.66,4490.4,4493.37
1767744900,4493.52,4493.62,4489.6,4491.145
1767745800,4491.375,4494.71,4487.985,4489.805
1767746700,4489.8,4492.415,4482.36,4492.195
1767747600,4492.18,4496.115,4469,4471.25
1767748500,4471.45,4479.115,4470.795,4477.26
1767749400,4477.265,4477.975,4464.9,4468.575
1767750300,4468.565,4470.845,4460.985,4465.58
1767751200,4465.525,4475.615,4459.71,4472.435
1767752100,4472.415,4475.41,4468.32,4473.905
1767753000,4473.84,4478.47,4473.625,4475.895
1767753900,4475.88,4479.08,4473.765,4474.65
1767754800,4474.665,4477.235,4471.85,4474.94
1767755700,4474.99,4480.52,4472.82,4476.565
1767756600,4476.56,4479.16,4475.655,4478.485
1767757500,4478.5,4478.64,4473.885,4474.9
1767758400,4474.895,4476.06,4469.465,4470.72
1767759300,4470.695,4472.07,4466.185,4466.285
1767760200,4466.26,4468.67,4463.57,4465.165
1767761100,4465.015,4467.47,4463.885,4464.96
1767762000,4464.935,4467.13,4461.975,4465.935
1767762900,4465.95,4470.55,4465.325,4468.77
1767763800,4468.785,4469.495,4448.685,4452.395
1767764700,4452.375,4454.58,4443.24,4454.38
1767765600,4454.365,4459.305,4452.935,4456.145
1767766500,4456.14,4460.415,4452.22,4455.135
1767767400,4455.145,4455.73,4443.65,4446.705
1767768300,4446.73,4451.095,4441.445,4444.125
1767769200,4444.12,4451.135,4441.61,4450.52
1767770100,4450.525,4455.105,4448.5,4455.06
1767771000,4455.17,4460.245,4453.74,4459.1
1767771900,4459.09,4465.065,4458.765,4461.185
1767772800,4461.16,4466.68,4459.53,4465.995
1767773700,4466.145,4468.86,4463.8,4465.245
1767774600,4465.205,4474.875,4464.11,4466.77
1767775500,4466.715,4470.88,4465.52,4468.42
1767776400,4468.425,4468.7,4459.495,4466.015
1767777300,4466.04,4467.48,4461.695,4461.855
1767778200,4461.78,4464.68,4461.045,4461.52
1767779100,4461.505,4465.93,4460.045,4463.59
1767780000,4463.54,4465.82,4461.445,4464.845
1767780900,4464.84,4466.815,4458.895,4460.065
1767781800,4459.995,4467.315,4459.085,4466.05
1767782700,4465.89,4467.745,4463.76,4464.415
1767783600,4464.405,4465.115,4461.245,4461.865
1767784500,4461.86,4464.4,4455.255,4459.245
1767785400,4459.31,4460.3,4450.49,4450.51
1767786300,4450.625,4454.685,4446.62,4447.47
1767787200,4447.55,4450.315,4443.475,4445.825
1767788100,4445.8,4450.745,4439.45,4450.405
1767789000,4450.38,4455.23,4449.635,4450.07
1767789900,4450.055,4453.76,4445,4445.045
1767790800,4445.03,4450.06,4428.015,4433.375
1767791700,4433.475,4447.335,4429.91,4442.295
1767792600,4442.245,4450.855,4438.41,4445.34
1767793500,4445.375,4453.24,4444.605,4452.96
1767794400,4452.99,4454.52,4447.045,4447.255
1767795300,4447.14,4453.655,4442.715,4444.645
1767796200,4444.675,4452.405,4435.885,4444.245
1767797100,4444.19,4453.15,4440.86,4445.02
1767798000,4444.1,4444.66,4426.61,4426.87
1767798900,4426.895,4442.73,4423.385,4442.365
1767799800,4442.51,4452.485,4441.945,4442.125
1767800700,4442.145,4448.275,4440.555,4446.3
1767801600,4446.28,4450.645,4443.965,4447.13
1767802500,4447.145,4461.27,4444.59,4457.95
1767803400,4457.91,4468.23,4456.805,4467.89
1767804300,4467.775,4468.37,4461.87,4464.235
1767805200,4464.255,4465.375,4457.755,4460.085
1767806100,4460.095,4462.92,4457.125,4458.385
1767807000,4458.44,4461.4,4456.005,4456.87
1767807900,4456.885,4459.4,4449.705,4451.93
1767808800,4451.815,4452.945,4448.06,4450.03
1767809700,4450.065,4455.96,4447.135,4452.145
1767810600,4452.17,4459.05,4451.64,4456.435
1767811500,4456.425,4456.73,4450.105,4452.25
1767812400,4452.255,4455.375,4448.015,4449.805
1767813300,4449.82,4451.275,4445.545,4450.665
1767814200,4450.64,4457.33,4450.585,4453.295
1767815100,4453.33,4458.24,4452.04,4457.145
1767816000,4457.125,4459.67,4455.62,4458.53
1767816900,4458.49,4461.625,4456.17,4458.245
1767817800,4458.27,4460.57,4456.685,4456.91
1767818700,4456.885,4459.855,4450.725,4452.495
1767819600,4452.515,4454.9,4449.72,4454.175
1767820500,4454.205,4455.39,4452.14,4452.755
1767821400,4452.695,4454.615,4452.5,4453.265
1767822300,4453.215,4456.835,4452.875,4456.65
1767826800,4461.955,4462.74,4458.52,4459.69
1767827700,4459.7,4464.05,4459.095,4461.97
1767828600,4461.69,4462.97,4459.93,4461.715
1767829500,4461.57,4463.87,4459.87,4463.52
1767830400,4463.5,4466.155,4462.555,4465.83
1767831300,4466.015,4466.485,4453.925,4456.77
1767832200,4456.77,4458.82,4450.175,4451.49
1767833100,4451.435,4452.515,4446.825,4450.25
1767834000,4450.06,4460.42,4444.22,4457.375
1767834900,4457.56,4460.405,4454.495,4454.88
1767835800,4454.87,4457.765,4445.835,4447.58
1767836700,4447.59,4448.49,4441.935,4448.4
1767837600,4448.395,4449.61,4440.515,4446.815
1767838500,4446.665,4446.945,4441.04,4441.32
1767839400,4441.39,4442.81,4433.735,4441.945
1767840300,4441.95,4444.105,4437.43,4441.36
1767841200,4441.355,4445.9,4438.98,4442.75
1767842100,4442.85,4445.845,4437.49,4444.155
1767843000,4444.145,4446.565,4439.97,4442.07
1767843900,4442.075,4442.995,4438.175,4440.28
1767844800,4440.225,4440.55,4436.695,4440.42
1767845700,4440.405,4440.665,4436.54,4436.65
1767846600,4436.63,4438.805,4432.12,4432.2
1767847500,4432.245,4433.345,4430.235,4431.695
1767848400,4431.68,4432.535,4425.955,4427.465
1767849300,4427.47,4429.835,4422.755,4426.19
1767850200,4426.135,4426.97,4415.405,4418.77
1767851100,4418.755,4428.105,4415.935,4425.815
1767852000,4425.83,4429.565,4415.745,4421
1767852900,4420.99,4428.48,4418.595,4426.34
1767853800,4426.325,4437.82,4426.305,4435.86
1767854700,4435.88,4436.29,4430.13,4433.385
1767855600,4433.425,4439.765,4432.085,4436.1
1767856500,4436.08,4437.115,4430.795,4436.685
1767857400,4436.695,4436.915,4431.11,4431.495
1767858300,4431.5,4434.145,4428.415,4431.085
1767859200,4431.02,4433.625,4425.725,4425.94
1767860100,4425.9,4430.985,4425.52,4426.945
1767861000,4426.94,4428.73,4419.92,4421.34
1767861900,4421.335,4433.11,4421.08,4431.815
1767862800,4431.71,4435.51,4430.525,4430.985
1767863700,4430.98,4431.455,4426.1,4430.58
1767864600,4430.595,4435.125,4430.055,4433.26
1767865500,4433.295,4433.58,4429.095,4432.77
1767866400,4432.78,4432.88,4427.745,4429.475
1767867300,4429.475,4430.805,4423.035,4424.695
1767868200,4424.605,4435.035,4423.815,4432.705
1767869100,4432.705,4433.875,4430.055,4433.395
1767870000,4433.235,4433.235,4427.585,4428.6
1767870900,4428.56,4429.74,4424.83,4426.48
1767871800,4426.47,4428.29,4424.84,4426.595
1767872700,4426.505,4427.45,4422.275,4422.985
1767873600,4422.975,4423.185,4411.955,4412.445
1767874500,4412.44,4422.525,4407.835,4420.685
1767875400,4420.67,4431.44,4420.29,4429.085
1767876300,4429.09,4430.44,4426.285,4427.825
1767877200,4427.765,4429.865,4417.405,4420.565
1767878100,4420.625,4436.205,4420.515,4434.605
1767879000,4434.645,4435.84,4426.08,4433.485
1767879900,4433.47,4434.06,4421.515,4423.835
1767880800,4423.87,4428.12,4418.925,4423.345
1767881700,4423.325,4430.28,4419.435,4427.965
1767882600,4428.025,4435.64,4421.985,4426.07
1767883500,4426.15,4439.53,4425.9,4433.175
1767884400,4433.155,4449.245,4428.04,4447.99
1767885300,4447.965,4454.095,4443.31,4447.765
1767886200,4447.805,4455.595,4446.755,4453.4
1767887100,4453.475,4456.83,4447.695,4454.36
1767888000,4454.375,4458.155,4447.34,4447.39
1767888900,4447.4,4455.29,4447.035,4453.635
1767889800,4453.645,4464.705,4452,4460.985
1767890700,4460.975,4464.545,4457.83,4463.365
1767891600,4463.425,4465.745,4458.28,4460.105
1767892500,4460.08,4462.4,4457.715,4461.78
1767893400,4461.79,4463.605,4458.865,4461.415
1767894300,4461.415,4464.195,4459.195,4463.565
1767895200,4463.53,4463.53,4452.42,4453.955
1767896100,4453.905,4456.645,4449.475,4452.125
1767897000,4452.12,4453.84,4448.065,4452.32
1767897900,4452.325,4455.17,4449.455,4449.685
1767898800,4449.675,4451.36,4446.975,4447.395
1767899700,4447.48,4449.9,4444.715,4447.93
1767900600,4447.915,4452.975,4447.84,4451.74
1767901500,4451.72,4453,4449.695,4452.19
1767902400,4452.18,4459.065,4451.565,4458.255
1767903300,4458.285,4473.88,4457.53,4469.955
1767904200,4469.965,4478.18,4469.965,4473.6
1767905100,4473.61,4478.065,4471.97,4476.26
1767906000,4476.25,4479.71,4476.035,4477.845
1767906900,4477.875,4478.595,4472.665,4474.995
1767907800,4475.005,4475.845,4472.77,4474.3
1767908700,4474.24,4478.745,4473.725,4477.565
1767913200,4476.635,4479.735,4475.405,4476.97
1767914100,4477.035,4478.945,4475.105,4477.165
1767915000,4477.25,4477.53,4475.265,4475.84
1767915900,4475.855,4476.405,4472.675,4475.735
1767916800,4475.75,4476.81,4471.685,4471.73
1767917700,4471.775,4473.015,4463.455,4465.82
1767918600,4465.815,4468.82,4463.915,4467.85
1767919500,4467.94,4467.94,4460.085,4462.89
1767920400,4462.885,4465.73,4452.92,4459.17
1767921300,4459.18,4461.565,4453.115,4457.495
1767922200,4457.485,4463.61,4456.22,4462.69
1767923100,4462.655,4470.065,4462.555,4468.91
1767924000,4468.965,4476.615,4468.95,4472.03
1767924900,4472.05,4474.57,4470.16,4472.32
1767925800,4472.29,4475.675,4468.35,4473.36
1767926700,4473.395,4473.775,4465.7,4469.54
1767927600,4469.49,4470.13,4462.235,4464.37
1767928500,4464.395,4466.51,4461.135,4463.575
1767929400,4463.56,4465.59,4460.49,4463.895
1767930300,4463.975,4465.885,4463.64,4464.18
1767931200,4464.17,4465.7,4462.465,4462.635
1767932100,4462.645,4464.025,4460.83,4462.875
1767933000,4462.87,4464.86,4461.67,4463.285
1767933900,4463.29,4466.97,4461.985,4464.79
1767934800,4464.59,4466.94,4461.83,4463.195
1767935700,4463.21,4465.075,4458.295,4465.075
1767936600,4465.08,4471.905,4464.43,4467.54
1767937500,4467.53,4469.485,4465.685,4468.1
1767938400,4468.115,4471.04,4466.1,4467.43
1767939300,4467.42,4473.715,4466.205,4473.575
1767940200,4473.57,4475.905,4472.92,4475.23
1767941100,4475.245,4477.545,4472.83,4474.175
1767942000,4474.185,4475.54,4470.78,4471.42
1767942900,4471.435,4473.34,4468.81,4470.415
1767943800,4470.365,4472.92,4468.62,4471.635
1767944700,4471.65,4473.67,4469.4,4470.275
1767945600,4470.25,4477.05,4466.405,4474.325
1767946500,4474.445,4475.43,4472.33,4473.235
1767947400,4473.195,4473.87,4465.655,4466.785
1767948300,4466.795,4468.885,4464.2,4468.715
1767949200,4468.655,4475.18,4468.525,4474.845
1767950100,4474.85,4477.7,4473.24,4473.95
1767951000,4473.955,4475.205,4471.695,4471.785
1767951900,4472.005,4474.44,4470.79,4471.285
1767952800,4471.225,4474.3,4469.835,4472.04
1767953700,4472.02,4473.91,4469.065,4469.13
1767954600,4469.135,4472.505,4468.285,4469.325
1767955500,4469.23,4472.945,4467.12,4472.675
1767956400,4472.75,4474.92,4470.04,4472.205
1767957300,4472.21,4473.125,4470.605,4470.735
1767958200,4470.775,4472.02,4469.315,4470.76
1767959100,4470.65,4476.395,4468.775,4475.525
1767960000,4475.495,4480.615,4472.175,4474.185
1767960900,4474.285,4474.985,4467.13,4467.815
1767961800,4467.855,4468.855,4461.045,4466.255
1767962700,4466.265,4468.31,4463.75,4466.005
1767963600,4466.03,4473.89,4463.72,4467.605
1767964500,4467.6,4474.93,4462.03,4473.495
1767965400,4473.51,4492.135,4458.935,4487.06
1767966300,4487.15,4489,4478.86,4482.9
1767967200,4482.685,4496.71,4480.54,4489.41
1767968100,4489.395,4496.08,4483.855,4494.395
1767969000,4494.425,4498.425,4482.68,4487.905
1767969900,4487.915,4495.765,4479.135,4494.97
1767970800,4494.77,4500.42,4490.1,4496.605
1767971700,4496.635,4511.195,4493.48,4505.485
1767972600,4505.47,4517.25,4505.42,4514.44
1767973500,4514.475,4514.865,4508.585,4512.43
1767974400,4512.435,4514.46,4499.945,4503.225
1767975300,4503.22,4507.245,4500.245,4503.775
1767976200,4503.78,4506.925,4500.91,4504.705
1767977100,4504.645,4508.115,4501.76,4506.505
1767978000,4506.45,4511.815,4504.725,4508.995
1767978900,4508.98,4508.98,4501.89,4504.015
1767979800,4503.95,4510.295,4501.4,4502.09
1767980700,4502.06,4503.315,4482.01,4484.475
1767981600,4484.485,4493.455,4483.065,4492.955
1767982500,4492.96,4494.8,4489.8,4491.54
1767983400,4491.46,4504.635,4491.33,4502.445
1767984300,4502.44,4502.885,4495.42,4496.205
1767985200,4496.215,4498.21,4492.935,4497.17
1767986100,4497.175,4501.82,4496.795,4499.07
1767987000,4499.025,4500.325,4495.945,4496.9
1767987900,4496.91,4502.05,4496.91,4499.38
1767988800,4499.37,4507.265,4497.86,4506.92
1767989700,4506.905,4509.545,4503.285,4505.575
1767990600,4505.555,4506.09,4502.565,4504.115
1767991500,4504.14,4510.24,4503.85,4507.63
1767992400,4507.655,4508.71,4505.075,4508.25
1767993300,4508.29,4510.555,4507.58,4509.76
1767994200,4509.795,4511.47,4506.18,4510.25
1767995100,4510.215,4510.73,4508.34,4509.66
1768172400,4521.495,4530.885,4521.19,4529.89
1768173300,4529.87,4538.625,4529.21,4537.855
1768174200,4537.97,4544.96,4533.325,4542.445
1768175100,4542.425,4544.075,4538.565,4540.26
1768176000,4540.255,4554.53,4536.53,4553.52
1768176900,4553.495,4566.145,4551.275,4564.885
1768177800,4564.855,4594.28,4562.415,4591.535
1768178700,4591.6,4601.695,4588.36,4589.02
1768179600,4589.02,4595.135,4578.02,4581.815
1768180500,4581.82,4584.3,4574.22,4582.925
1768181400,4582.93,4584.605,4571.81,4573.58
1768182300,4573.33,4579.35,4570.19,4570.19
1768183200,4570.18,4575.05,4561.935,4567.065
1768184100,4567.07,4570.275,4564.495,4566.37
1768185000,4566.38,4579.165,4562.595,4578.99
1768185900,4579.06,4582.165,4573.6,4577.48
1768186800,4577.465,4580.515,4575.11,4578.71
1768187700,4578.735,4581.4,4576.415,4581.21
1768188600,4581.195,4581.51,4572.6,4572.825
1768189500,4572.83,4574.63,4567.79,4570.71
1768190400,4570.665,4571.355,4565.65,4568.825
1768191300,4568.83,4572.22,4567.195,4568.76
1768192200,4568.73,4570.14,4563.455,4567.985
1768193100,4567.975,4570.265,4566.22,4568.74
1768194000,4568.655,4572.125,4566.145,4570.185
1768194900,4570.19,4574.04,4569.735,4572.505
1768195800,4572.375,4583.04,4569.745,4581.85
1768196700,4581.94,4585.17,4578.9,4581.065
1768197600,4581.025,4581.12,4571.6,4572.795
1768198500,4572.85,4576.08,4569.88,4573.8
1768199400,4573.835,4576.55,4571.905,4574.53
1768200300,4574.535,4580,4574.02,4578.56
1768201200,4578.58,4584.205,4574.71,4583.49
1768202100,4583.48,4587.7,4578.985,4581.47
1768203000,4581.48,4585.51,4578.84,4583.83
1768203900,4583.845,4589.725,4583.24,4587.77
1768204800,4587.76,4589.52,4582.095,4583.49
1768205700,4583.505,4584.545,4579.535,4583.71
1768206600,4583.705,4589.63,4581.925,4585.695
1768207500,4585.73,4598.45,4585.085,4596.955
1768208400,4596.985,4597.785,4593.425,4597.2
1768209300,4597.18,4599.475,4594.175,4596.635
1768210200,4596.605,4597.16,4593.655,4595.57
1768211100,4595.6,4595.685,4587.84,4589.225
1768212000,4589.22,4593.565,4586.12,4592.3
1768212900,4592.31,4594.155,4588.97,4592.565
1768213800,4592.58,4594.74,4586.82,4589.865
1768214700,4589.86,4595.505,4589.72,4594.41
1768215600,4594.47,4595.015,4590.57,4591.05
1768216500,4591.06,4594.025,4583.905,4585.26
1768217400,4585.27,4592.125,4584.49,4592.08
1768218300,4592.12,4592.15,4581.75,4585.315
1768219200,4585.365,4586.88,4579.07,4582.265
1768220100,4582.255,4582.94,4578.485,4582.82
1768221000,4582.88,4586.98,4582.335,4586.34
1768221900,4586.35,4590.84,4585.46,4590.525
1768222800,4590.475,4609.5,4588.715,4606.67
1768223700,4606.675,4611.24,4604.455,4604.95
1768224600,4604.935,4613.26,4604.85,4609.02
1768225500,4609.14,4620.38,4607.87,4615.905
1768226400,4615.895,4617.45,4592.625,4596.435
1768227300,4596.42,4599.62,4585.07,4586.49
1768228200,4586.505,4611.53,4585.15,4604.245
1768229100,4604.215,4608.275,4597.435,4602.245
1768230000,4602.1,4619.41,4601.905,4617.6
1768230900,4617.565,4622.335,4610.365,4619.68
1768231800,4619.69,4627.61,4618.495,4623.535
1768232700,4623.53,4625.025,4618.06,4621.22
1768233600,4621.075,4629.915,4617.615,4629.26
1768234500,4629.165,4630.19,4619.815,4620.025
1768235400,4620.045,4623.355,4607.835,4612.42
1768236300,4612.41,4618.46,4612.15,4616.93
1768237200,4616.935,4618.515,4613.785,4615.43
1768238100,4615.4,4618.595,4611.96,4616.39
1768239000,4616.38,4617.05,4610.795,4613.265
1768239900,4613.31,4620.655,4613.215,4616.415
1768240800,4616.435,4618.68,4608.4,4608.465
1768241700,4608.48,4608.68,4600.345,4605.645
1768242600,4605.69,4610.985,4603.12,4605.965
1768243500,4606.01,4611.555,4603.785,4610.91
1768244400,4610.885,4614.81,4608.785,4613.98
1768245300,4614.015,4617.415,4612.835,4616.97
1768246200,4617,4618.985,4614.005,4616.435
1768247100,4616.42,4616.935,4609.32,4611.24
1768248000,4611.205,4611.795,4599.985,4603.125
1768248900,4603.145,4604.62,4599.73,4602.455
1768249800,4602.53,4604.805,4592.685,4592.88
1768250700,4592.965,4599.34,4591.66,4593.93
1768251600,4593.925,4597.15,4591.11,4592.71
1768252500,4592.695,4594.435,4590.91,4593.91
1768253400,4593.925,4595.33,4590.135,4590.56
1768254300,4590.57,4598.06,4589.415,4597.65
1768258800,4597.62,4597.62,4578.095,4578.445
1768259700,4578.305,4588.78,4578.305,4584.55
1768260600,4584.545,4590.24,4584.12,4586.28
1768261500,4586.275,4600,4586.2,4599.575
1768262400,4599.66,4599.89,4592.205,4592.905
1768263300,4592.96,4596.075,4588.08,4588.28
1768264200,4588.165,4590.85,4584.505,4586.34
1768265100,4586.345,4592.38,4586.275,4587.36
1768266000,4587.39,4595.955,4581.705,4592.545
1768266900,4592.58,4595.66,4581.515,4581.62
1768267800,4581.54,4587.33,4575.585,4583.325
1768268700,4583.385,4586.17,4577.675,4577.95
1768269600,4577.78,4590.705,4576.75,4586.685
1768270500,4586.68,4587.42,4583.655,4583.855
1768271400,4583.695,4590.315,4581.96,4589.275
1768272300,4589.295,4595.195,4589.09,4594.355
1768273200,4594.335,4599.845,4592.885,4597.945
1768274100,4597.89,4598.835,4594.945,4595.775
1768275000,4595.75,4598.36,4593.595,4594.045
1768275900,4594.12,4595.51,4592.585,4594.285
1768276800,4594.285,4598.06,4594.085,4597.775
1768277700,4597.715,4599.75,4596.74,4597.585
1768278600,4597.51,4599.885,4594.79,4599.16
1768279500,4599.085,4599.405,4596.12,4596.49
1768280400,4596.405,4598.52,4591.775,4594.5
1768281300,4594.495,4601.54,4594.37,4601.4
1768282200,4601.385,4602.195,4585.765,4594.305
1768283100,4594.305,4596.315,4591.2,4592.225
1768284000,4592.22,4592.48,4588.07,4590.415
1768284900,4590.41,4590.975,4582.4,4584.965
1768285800,4584.99,4586.13,4573.605,4576.065
1768286700,4576.02,4583.57,4575.44,4581.955
1768287600,4581.895,4585.52,4579.215,4584.925
1768288500,4584.935,4585.08,4578.955,4583.95
1768289400,4583.995,4587.275,4579.7,4580.405
1768290300,4580.44,4582.62,4577.54,4580.795
1768291200,4580.82,4591.75,4579.705,4587.88
1768292100,4587.72,4592.695,4584.97,4590.2
1768293000,4590.195,4597.095,4589.405,4593.575
1768293900,4593.665,4595.605,4591.88,4592.96
1768294800,4592.905,4595.845,4589.625,4594.12
1768295700,4594.115,4595.19,4587.995,4589.245
1768296600,4589.235,4592.1,4586.625,4590.675
1768297500,4590.665,4591.005,4585.695,4586.155
1768298400,4586.115,4586.92,4580.4,4583.645
1768299300,4583.605,4586.435,4581.01,4584.67
1768300200,4584.645,4588.37,4581.66,4587.28
1768301100,4587.315,4587.4,4584.865,4586.395
1768302000,4586.42,4589.07,4584.89,4584.905
1768302900,4584.9,4589.195,4582.13,4586.87
1768303800,4586.865,4589.975,4585.195,4589.93
1768304700,4589.93,4592.18,4586.375,4588.72
1768305600,4588.815,4589.38,4583.3,4583.665
1768306500,4583.68,4584.85,4577.925,4580.55
1768307400,4580.52,4586.33,4579.315,4585.955
1768308300,4585.95,4595.39,4585.565,4593.345
1768309200,4593.35,4606.4,4590.51,4602.68
1768310100,4602.715,4606.545,4599.505,4600.985
1768311000,4600.945,4620.605,4600.925,4618.105
1768311900,4618.055,4621.03,4607.24,4611.56
1768312800,4611.54,4619.17,4609.155,4618.9
1768313700,4618.885,4623.805,4614.62,4618.235
1768314600,4618.265,4626.155,4611.8,4625.99
1768315500,4625.91,4634.89,4622.745,4629.8
1768316400,4629.865,4630.365,4614.455,4621.66
1768317300,4621.445,4623.56,4600.83,4608.975
1768318200,4608.875,4616.265,4605.06,4614.805
1768319100,4614.81,4620.77,4613.01,4619.165
1768320000,4619.17,4620.875,4606.575,4612.585
1768320900,4612.545,4613.015,4592.94,4598.59
1768321800,4598.58,4609.525,4596.85,4608.905
1768322700,4608.87,4614.06,4607.495,4613.565
1768323600,4613.535,4616.09,4606.645,4608.515
1768324500,4608.505,4612.675,4606.465,4609.81
1768325400,4609.795,4612.205,4603.145,4604.51
1768326300,4604.55,4607.085,4586.825,4590.595
1768327200,4590.52,4594.505,4585.805,4594.475
1768328100,4594.53,4595.125,4581.175,4591.885
1768329000,4591.87,4600.755,4590.015,4600.36
1768329900,4600.365,4602.09,4594.14,4594.155
1768330800,4594.22,4595.805,4584.29,4595.71
1768331700,4595.705,4597.225,4584.63,4593.305
1768332600,4593.285,4598.99,4592.58,4596.1
1768333500,4596.125,4598.91,4590.685,4597.495
1768334400,4597.515,4597.855,4590.385,4592.985
1768335300,4592.995,4595.38,4587.85,4589
1768336200,4588.985,4589.36,4569.47,4585.245
1768337100,4585.265,4589.335,4582.47,4586.195
1768338000,4586.25,4589.51,4583.575,4583.705
1768338900,4583.72,4589.565,4582.975,4588.035
1768339800,4588.02,4589.575,4585.675,4589.115
1768340700,4589.145,4589.935,4585.94,4586.005
1768345200,4591.935,4596.04,4591.495,4596.015
1768346100,4596.025,4597.95,4593.115,4597.25
1768347000,4597.2,4597.37,4593.22,4594.315
1768347900,4594.355,4598.965,4593.76,4597.105
1768348800,4597.095,4607.76,4597.005,4605.255
1768349700,4605.25,4610.705,4603.09,4609.825
1768350600,4610.05,4610.755,4606.955,4608.705
1768351500,4608.73,4610.645,4604.73,4609.215
1768352400,4609.29,4617.175,4606.18,4615.515
1768353300,4615.485,4618.61,4611.99,4614.665
1768354200,4614.69,4618.91,4613.505,4614.935
1768355100,4614.95,4620.03,4613.57,4619.385
1768356000,4619.445,4620.95,4614.22,4618.48
1768356900,4618.48,4621.6,4616.81,4620.15
1768357800,4620.29,4622.695,4618.015,4621.435
1768358700,4621.37,4623.79,4618.215,4620.725
1768359600,4620.705,4622.995,4617.77,4618.23
1768360500,4618.265,4621.77,4613.51,4615.225
1768361400,4615.21,4625.69,4614.99,4624.175
1768362300,4624.1,4630.355,4623.24,4628.32
1768363200,4628.45,4630.455,4626.96,4627.615
1768364100,4627.61,4630.22,4625.35,4626.655
1768365000,4626.71,4630.035,4625.44,4628.14
1768365900,4628.12,4630.63,4627.025,4629.42
1768366800,4629.435,4639.72,4629.435,4633.955
1768367700,4633.95,4635.58,4631.035,4634.2
1768368600,4634.155,4639.89,4631.785,4636.5
1768369500,4636.505,4639.66,4617.945,4619.895
1768370400,4619.905,4635.245,4618.575,4633.6
1768371300,4633.6,4635.375,4630.965,4633.1
1768372200,4633.1,4633.41,4626.205,4630.74
1768373100,4630.655,4637.36,4630.655,4637.355
1768374000,4637.36,4638.5,4631.645,4632.95
1768374900,4633.02,4639.695,4632.05,4637.195
1768375800,4637.135,4638.525,4633.92,4636.76
1768376700,4636.795,4637.775,4632.47,4632.47
1768377600,4632.48,4634.27,4623.56,4627.445
1768378500,4627.5,4628.88,4621.65,4625.26
1768379400,4625.24,4632.835,4624.67,4632.425
1768380300,4632.43,4638.025,4631.665,4635.045
1768381200,4635.045,4639.34,4633.32,4638.48
1768382100,4638.62,4639.63,4636.41,4637.57
1768383000,4637.58,4637.795,4627.27,4627.66
1768383900,4627.645,4631.825,4627.08,4630.535
1768384800,4630.525,4632.55,4627.8,4631.705
1768385700,4631.815,4637.025,4631.815,4635
1768386600,4634.94,4638.33,4632.36,4635.81
1768387500,4635.82,4636.66,4631.27,4633.095
1768388400,4633.115,4636.66,4630.345,4635.48
1768389300,4635.515,4637.58,4629.235,4630.28
1768390200,4630.265,4632.71,4627.415,4630.825
1768391100,4630.685,4631.64,4626.175,4630.415
1768392000,4630.47,4638.72,4630.315,4635.755
1768392900,4635.72,4638.99,4634.085,4636.28
1768393800,4636.245,4638.28,4634.045,4634.655
1768394700,4634.64,4641.985,4633.74,4638.785
1768395600,4638.79,4641.74,4627.195,4628.69
1768396500,4628.675,4635.315,4627.385,4632.235
1768397400,4632.275,4637.47,4624.305,4636.96
1768398300,4636.965,4637.13,4629.61,4635.805
1768399200,4635.795,4639.07,4629.78,4634.335
1768400100,4634.395,4638.085,4631.215,4635.49
1768401000,4635.365,4635.365,4614.15,4618.99
1768401900,4618.985,4620.8,4607.02,4617.52
1768402800,4617.5,4617.5,4599.5,4616.16
1768403700,4616.055,4626.61,4614.52,4615.59
1768404600,4615.61,4622.105,4609.98,4613.215
1768405500,4613.16,4619.48,4610.59,4618.025
1768406400,4618.265,4621.455,4614.93,4618.05
1768407300,4617.92,4624.935,4616.535,4621.785
1768408200,4621.775,4623.365,4613.93,4615.62
1768409100,4615.67,4617.59,4608.755,4617.14
1768410000,4617.145,4619.25,4609.96,4615.85
1768410900,4615.85,4615.915,4605.555,4611.515
1768411800,4611.505,4612.21,4601.22,4604.365
1768412700,4604.395,4616.725,4604.055,4614.4
1768413600,4614.375,4623.825,4612.905,4623.81
1768414500,4623.795,4630.225,4622.56,4628.38
1768415400,4628.435,4633.585,4627.99,4631.41
1768416300,4631.41,4637.375,4630.085,4635.175
1768417200,4635.19,4642.97,4633.355,4637.215
1768418100,4637.225,4640.205,4634.17,4634.915
1768419000,4634.98,4640.625,4634.615,4639.955
1768419900,4639.93,4641.545,4635.815,4639.255
1768420800,4639.24,4641.635,4626.17,4636.38
1768421700,4636.43,4638.025,4631.005,4634.34
1768422600,4634.335,4635.755,4625.515,4625.83
1768423500,4625.825,4633.12,4625.825,4632.63
1768424400,4632.64,4633.05,4624.47,4624.47
1768425300,4624.39,4626.83,4620.905,4622.385
1768426200,4622.39,4623.3,4617.89,4621.135
1768427100,4621.14,4629.195,4619.92,4626.575
1768431600,4624.17,4624.17,4612.47,4616.58
1768432500,4616.6,4618.69,4605.465,4609.115
1768433400,4609.105,4613.155,4602.88,4606.505
1768434300,4606.555,4616.21,4606.555,4615.325
1768435200,4615.285,4617.935,4611.63,4616.675
1768436100,4616.68,4618.26,4614.14,4616.71
1768437000,4616.715,4618.095,4613.42,4614.02
1768437900,4613.925,4617.49,4610.225,4615.235
1768438800,4615.22,4617.54,4606.725,4609.25
1768439700,4609.25,4610.24,4597.06,4600.78
1768440600,4600.765,4603.24,4583.565,4602.72
1768441500,4602.725,4607.23,4597.36,4600.17
1768442400,4599.465,4614.815,4597.665,4614.025
1768443300,4614.12,4614.69,4607.365,4611.045
1768444200,4611.06,4614.86,4604.415,4607.42
1768445100,4607.435,4607.74,4595.59,4602.96
1768446000,4602.95,4604.38,4589.6,4591.46
1768446900,4591.455,4594.86,4581.23,4585.3
1768447800,4585.285,4597.575,4581.065,4596.7
1768448700,4596.69,4596.725,4589.365,4592.27
1768449600,4592.255,4594.725,4587.13,4593.965
1768450500,4593.95,4597.555,4590.71,4593.94
1768451400,4593.93,4595.95,4589.29,4590.94
1768452300,4591.02,4595.66,4589.875,4592.35
1768453200,4592.38,4592.555,4587.56,4587.675
1768454100,4587.67,4593.15,4581.095,4593.105
1768455000,4593.13,4593.97,4581.48,4589.695
1768455900,4589.595,4599.01,4587.455,4595.35
1768456800,4595.36,4608.655,4593.635,4605.465
1768457700,4605.485,4610.14,4603.875,4604.105
1768458600,4604.095,4608.225,4600.46,4605.765
1768459500,4605.755,4612.14,4603.57,4610.305
1768460400,4610.295,4611.19,4605.985,4609.595
1768461300,4609.59,4613.645,4608.65,4610.3
1768462200,4610.285,4611.36,4601.695,4604.105
1768463100,4604.09,4604.5,4599.22,4601.8
1768464000,4601.825,4604.735,4597.865,4603.93
1768464900,4603.935,4606.475,4600.37,4602.23
1768465800,4602.245,4607.34,4599.24,4606.48
1768466700,4606.495,4606.8,4601.305,4604.43
1768467600,4604.48,4605.035,4600.76,4604.12
1768468500,4604.175,4605.535,4602.02,4604.73
1768469400,4604.735,4611.375,4602.89,4609.645
1768470300,4609.635,4613.2,4608.07,4612.65
1768471200,4612.675,4614.22,4609.445,4612.515
1768472100,4612.56,4615.87,4611.28,4612.26
1768473000,4612.23,4619.455,4610.655,4618.07
1768473900,4618.095,4620.645,4617.15,4620.04
1768474800,4620.035,4621.605,4618.705,4619.085
1768475700,4619.09,4620.755,4617.495,4619.32
1768476600,4619.315,4623.11,4617.875,4618.17
1768477500,4618.175,4620.56,4615.705,4619.3
1768478400,4619.295,4620.89,4614.69,4615.005
1768479300,4615.01,4618.865,4614.11,4616.67
1768480200,4616.645,4618.65,4615.51,4617.225
1768481100,4617.25,4617.585,4611.77,4614.035
1768482000,4614.04,4616.32,4609.7,4611.68
1768482900,4611.645,4614.15,4602.53,4606.01
1768483800,4605.96,4605.96,4588.325,4590.115
1768484700,4589.905,4594.54,4581.625,4588.325
1768485600,4588.34,4600.045,4583.22,4599.965
1768486500,4599.955,4606.815,4596.475,4602.8
1768487400,4602.76,4612.075,4601.64,4602.965
1768488300,4603.03,4615.23,4600.41,4611.205
1768489200,4611.145,4615.27,4603.855,4613.32
1768490100,4613.315,4618.25,4612.4,4616.65
1768491000,4616.625,4617.715,4609.48,4611.69
1768491900,4611.67,4617.15,4609.995,4615.545
1768492800,4615.53,4623.35,4608.785,4622.155
1768493700,4622.15,4625.015,4611.545,4611.65
1768494600,4611.715,4613.46,4604.465,4607.385
1768495500,4607.37,4607.42,4601.21,4605.68
1768496400,4605.685,4611.26,4605.62,4609.755
1768497300,4609.735,4613.815,4607.72,4610.79
1768498200,4610.795,4616.685,4610.235,4614.48
1768499100,4614.45,4617.01,4613.77,4616.61
1768500000,4616.64,4620.46,4616.48,4617.935
1768500900,4617.93,4621.275,4617.345,4619.56
1768501800,4619.335,4619.335,4613.48,4615.62
1768502700,4615.625,4619.755,4615.485,4617.69
1768503600,4617.7,4621.72,4617.595,4619.165
1768504500,4619.16,4620.705,4617.755,4618.365
1768505400,4618.375,4619.25,4615.155,4617.005
1768506300,4616.975,4617.265,4612.82,4615.935
1768507200,4615.955,4616.425,4604.08,4605.76
1768508100,4605.745,4608.88,4600.71,4605.05
1768509000,4605.055,4609.365,4603.81,4608.195
1768509900,4608.205,4609.185,4603.505,4605.92
1768510800,4605.865,4612.24,4604.5,4612.19
1768511700,4612.185,4615.755,4611.375,4614.355
1768512600,4614.345,4615.865,4613.795,4615.845
1768513500,4615.85,4616.615,4613.75,4616.04
1768518000,4619.075,4620.975,4613.77,4614.335
1768518900,4614.27,4615.225,4608.805,4608.985
1768519800,4609.065,4611.09,4607.06,4608.19
1768520700,4607.965,4610.945,4606.41,4610.365
1768521600,4610.39,4610.5,4603.42,4605.86
1768522500,4605.935,4611.32,4605.405,4607.66
1768523400,4607.65,4608.19,4601.155,4601.495
1768524300,4601.495,4602.155,4598.52,4600.025
1768525200,4600,4605.09,4593.78,4603.845
1768526100,4603.855,4607.435,4599.92,4606.225
1768527000,4606.185,4608.655,4601.555,4605.26
1768527900,4605.285,4605.625,4599.245,4600.62
1768528800,4600.615,4603.74,4597.64,4598.36
1768529700,4598.355,4604.43,4596.92,4600.14
1768530600,4600.065,4601.11,4591.37,4595.935
1768531500,4595.915,4598.665,4591.96,4595.075
1768532400,4595.065,4599.505,4594.445,4598.66
1768533300,4598.645,4599.9,4595.28,4595.675
1768534200,4595.605,4597.555,4592.935,4596.315
1768535100,4596.35,4597.565,4595.205,4596.44
1768536000,4596.385,4599.68,4596.14,4598.75
1768536900,4598.74,4601.5,4598.245,4598.59
1768537800,4598.605,4600.99,4597.34,4600.09
1768538700,4600.1,4602.175,4599.015,4601.265
1768539600,4601.29,4601.56,4595.36,4596.6
1768540500,4596.61,4601.76,4595.53,4601.32
1768541400,4601.3,4607.06,4596.55,4607.055
1768542300,4607.055,4616.315,4606.72,4611.58
1768543200,4611.53,4612.41,4604.095,4604.94
1768544100,4604.89,4609.255,4603.615,4604.55
1768545000,4604.55,4608.145,4595.68,4596.01
1768545900,4596.025,4599.315,4594.095,4598.245
1768546800,4598.29,4612.245,4596.925,4610.195
1768547700,4610.165,4610.25,4604.97,4606.105
1768548600,4606.085,4612.07,4601.075,4603.05
1768549500,4603.045,4609.79,4601.92,4607.645
1768550400,4607.65,4610.7,4604.825,4605.005
1768551300,4604.945,4610.725,4604.59,4607.49
1768552200,4607.48,4609.27,4601.98,4602.185
1768553100,4602.175,4607.585,4601.31,4603.345
1768554000,4603.315,4608.695,4602.27,4604.98
1768554900,4605.05,4605.13,4599.755,4601.215
1768555800,4601.22,4603.565,4598.925,4603.49
1768556700,4603.47,4603.55,4600.375,4600.845
1768557600,4600.81,4607.97,4600.585,4607.06
1768558500,4606.955,4611.215,4606.915,4607.545
1768559400,4607.535,4609.515,4606.895,4607.545
1768560300,4607.52,4608.73,4599.79,4600.25
1768561200,4600.28,4606.78,4598.6,4606.555
1768562100,4606.59,4611.66,4605.525,4611.285
1768563000,4611.28,4616.005,4609.705,4615.58
1768563900,4615.605,4616.33,4612.435,4612.605
1768564800,4612.61,4612.86,4609.34,4610.98
1768565700,4611.035,4613.08,4604.635,4606.395
1768566600,4606.39,4606.815,4602.13,4603.345
1768567500,4603.335,4605.41,4597.41,4602.01
1768568400,4601.99,4605.77,4594.56,4596.19
1768569300,4596.185,4597.73,4582.67,4587.025
1768570200,4587.01,4601.505,4585.15,4599.73
1768571100,4599.685,4603.07,4597.015,4602.055
1768572000,4602.05,4608.805,4598.38,4607.34
1768572900,4607.495,4609.495,4598.38,4599.08
1768573800,4599.02,4611.735,4596.135,4608.93
1768574700,4608.94,4614.83,4607.31,4607.725
1768575600,4607.675,4620.39,4607.46,4616.115
1768576500,4616.08,4617.75,4564.575,4565.21
1768577400,4565.205,4570.575,4536.49,4555.56
1768578300,4555.84,4575.66,4555.84,4571.31
1768579200,4571.265,4593.465,4567.795,4593.12
1768580100,4593.115,4596.74,4584.415,4591.9
1768581000,4592.03,4599.2,4588.25,4596.34
1768581900,4596.36,4597.535,4581.96,4591.45
1768582800,4591.485,4593.34,4585.22,4590.785
1768583700,4590.775,4590.915,4576.705,4578.62
1768584600,4578.64,4586.785,4576.865,4580.84
1768585500,4580.76,4583.7,4578.9,4581.51
1768586400,4581.465,4589.18,4579.955,4584.59
1768587300,4584.56,4591.82,4581.85,4590.125
1768588200,4590.19,4596.2,4588.68,4595.425
1768589100,4595.435,4596.03,4582.37,4582.745
1768590000,4582.705,4588.325,4581,4584.06
1768590900,4584.065,4586.315,4580.97,4584.035
1768591800,4584.045,4591.74,4583.9,4589.345
1768592700,4589.35,4592.475,4588.405,4590.545
1768593600,4590.54,4595.865,4588.885,4593.015
1768594500,4592.99,4593.2,4587.57,4588.25
1768595400,4588.235,4588.245,4580.78,4584.4
1768596300,4584.395,4589.21,4581.63,4582.02
1768597200,4582.035,4586.735,4582.035,4586.51
1768598100,4586.525,4598.64,4586.27,4592.495
1768599000,4592.495,4595.88,4591.79,4594.645
1768599900,4594.64,4596.685,4594.365,4596.32
1768777200,4649.78,4661.84,4646.135,4654.245
1768778100,4654.225,4684.24,4653.7,4679.035
1768779000,4678.78,4690.94,4663.73,4672.255
1768779900,4672.26,4677.425,4664.395,4672.975
1768780800,4672.94,4676.365,4665.33,4665.68
1768781700,4665.685,4678.42,4660.89,4675.87
1768782600,4675.805,4682.145,4673.48,4677.755
1768783500,4677.75,4679.005,4671.965,4675.52
1768784400,4675.575,4678.685,4661.77,4663.14
1768785300,4663.17,4669.75,4656.575,4662.26
1768786200,4662.265,4664.645,4656.19,4662.58
1768787100,4662.605,4667.665,4657.085,4657.285
1768788000,4657.28,4665.26,4653.225,4659.22
1768788900,4659.235,4662.48,4656.925,4660.115
1768789800,4660.11,4664,4656.625,4658.62
1768790700,4658.645,4664.82,4655.06,4662.59
1768791600,4662.6,4669.74,4662.525,4669.085
1768792500,4668.945,4670.015,4664.01,4664.605
1768793400,4664.61,4666.1,4661.845,4662.94
1768794300,4662.945,4663.56,4658.23,4658.38
1768795200,4658.54,4662.49,4658.205,4662.49
1768796100,4662.39,4665.09,4660.535,4662.515
1768797000,4662.52,4663.245,4659.22,4661.67
1768797900,4661.57,4666.15,4661.215,4663.36
1768798800,4663.355,4671.28,4663.195,4669.635
1768799700,4669.63,4672.47,4668.945,4669.245
1768800600,4669.195,4674.48,4663.815,4664.445
1768801500,4664.455,4672.04,4664.245,4670.065
1768802400,4670.08,4670.635,4666.79,4669.3
1768803300,4669.295,4672.75,4668.555,4669.95
1768804200,4669.96,4676.705,4669.83,4672.46
1768805100,4672.52,4679.11,4672.465,4677.995
1768806000,4678.03,4678.72,4668.28,4669.815
1768806900,4669.82,4670.205,4663.72,4667.56
1768807800,4667.615,4669.8,4664.795,4664.88
1768808700,4664.905,4666.49,4661.935,4665.155
1768809600,4665.16,4674.03,4663.8,4669.44
1768810500,4669.42,4671.195,4667.22,4669.485
1768811400,4669.51,4671.04,4666.67,4667.895
1768812300,4667.905,4669.315,4661.725,4663.57
1768813200,4663.6,4671.745,4662.055,4670.95
1768814100,4670.995,4672.99,4666.155,4666.62
1768815000,4666.63,4670.59,4664.945,4669.68
1768815900,4669.7,4669.925,4667.24,4668.48
1768816800,4668.475,4670.49,4666.77,4670.49
1768817700,4670.535,4671.29,4665.585,4665.895
1768818600,4665.865,4667.09,4661.34,4661.645
1768819500,4661.65,4667.04,4661.525,4663.805
1768820400,4663.83,4666.815,4661.94,4664.425
1768821300,4664.445,4667.205,4661.84,4667.035
1768822200,4667.025,4667.665,4660.1,4664.935
1768823100,4664.93,4666.11,4659.73,4660.695
1768824000,4660.755,4666.45,4660.185,4665.93
1768824900,4665.91,4672.285,4665.845,4671.125
1768825800,4671.07,4673.795,4670.075,4671.69
1768826700,4671.67,4672.96,4668.21,4672.05
1768827600,4672.045,4673.725,4668.59,4670.37
1768828500,4670.38,4672.19,4668.71,4671.91
1768829400,4671.965,4673.85,4666.555,4668.5
1768830300,4668.49,4669.475,4664.535,4666.175
1768831200,4666.205,4666.94,4661.55,4665.025
1768832100,4665.05,4668.61,4663.455,4668.11
1768833000,4668.125,4670.52,4663.935,4667.31
1768833900,4667.34,4669.055,4665.47,4666.625
1768834800,4666.585,4670.985,4664.645,4668.25
1768835700,4668.27,4668.915,4664.35,4666.85
1768836600,4666.83,4671.365,4665.95,4670.475
1768837500,4670.44,4676.28,4669.73,4674.47
1768838400,4674.475,4675.74,4671.365,4672.605
1768839300,4672.58,4673.045,4670.485,4671.895
1768840200,4671.92,4673.92,4670.695,4673.325
1768841100,4673.325,4673.825,4671.665,4672.37
1768842000,4672.355,4673.15,4670.55,4670.98
1768842900,4670.94,4671.485,4669.17,4670.945
1768843800,4670.99,4676.38,4670.99,4676.32
1768844700,4676.335,4678.95,4674.275,4676.35
1768845600,4676.35,4676.35,4673.78,4675.46
1768846500,4675.475,4680.405,4675.2,4678.485
1768847400,4678.42,4679.035,4674.865,4677.725
1768848300,4677.76,4678.24,4675.27,4676.585
1768849200,4676.63,4676.725,4672.005,4672.01
1768850100,4672.035,4672.555,4667.115,4670.295
1768863600,4668.575,4671.71,4667.835,4670.805
1768864500,4670.82,4672.345,4664.76,4666.16
1768865400,4666.395,4668.925,4664.37,4666.17
1768866300,4666.165,4666.915,4664.925,4665.36
1768867200,4665.375,4668.065,4664.1,4667.91
1768868100,4668.04,4668.07,4659.395,4659.665
1768869000,4659.675,4666.405,4659.59,4663.24
1768869900,4663.095,4664.19,4660.38,4660.41
1768870800,4660.59,4673.745,4659.915,4670.505
1768871700,4670.285,4672.42,4666.155,4671.11
1768872600,4671.115,4676.235,4671.105,4673.25
1768873500,4673.255,4675.045,4665.91,4669.805
1768874400,4669.74,4672.045,4665.545,4666.345
1768875300,4666.355,4673.625,4665.82,4671.935
1768876200,4671.945,4674.94,4670.19,4674.14
1768877100,4674.1,4674.375,4666.9,4668.815
1768878000,4668.82,4671.78,4666.165,4671.78
1768878900,4671.77,4674.29,4671.15,4673.33
1768879800,4673.31,4679.19,4672.825,4676.94
1768880700,4676.945,4681.57,4676.945,4680.28
1768881600,4680.275,4682.61,4679.755,4680.57
1768882500,4680.565,4687.32,4680.53,4685.925
1768883400,4685.9,4693.575,4684.5,4689.755
1768884300,4689.675,4697.225,4688.83,4695.335
1768885200,4695.33,4701.615,4694.77,4699.64
1768886100,4699.65,4700.635,4694.975,4696.045
1768887000,4696.03,4706.275,4694.315,4705.11
1768887900,4705.125,4716.745,4704.915,4714.63
1768888800,4714.575,4717.265,4707.6,4713.195
1768889700,4713.28,4715.6,4709.465,4712.625
1768890600,4712.63,4715.21,4705.74,4710.85
1768891500,4710.855,4715.485,4709.405,4712.585
1768892400,4712.51,4717.89,4711.46,4715.605
1768893300,4715.625,4722.42,4714.87,4718.32
1768894200,4718.365,4721.82,4716.835,4720.28
1768895100,4720.265,4722.845,4714.935,4716.22
1768896000,4716.28,4725.76,4715.035,4724.58
1768896900,4724.54,4725.505,4718.085,4718.65
1768897800,4718.665,4724.555,4716.065,4722.955
1768898700,4723.025,4731.71,4722.865,4729.41
1768899600,4729.395,4731.795,4724.215,4725.355
1768900500,4725.36,4734.025,4721.315,4733.37
1768901400,4733.375,4736.365,4732.9,4734.39
1768902300,4734.4,4737.57,4732.39,4732.51
1768903200,4732.49,4735.095,4730.37,4731.48
1768904100,4731.315,4733.48,4727.81,4727.84
1768905000,4727.795,4729.39,4723.425,4724.55
1768905900,4724.515,4728.225,4723.075,4726.565
1768906800,4726.565,4728.18,4721.64,4726.36
1768907700,4726.355,4729.24,4725.515,4726.945
1768908600,4726.975,4732.475,4725.87,4732.41
1768909500,4732.455,4735.465,4730.665,4733.245
1768910400,4733.26,4733.26,4728.385,4730.16
1768911300,4730.23,4730.55,4726.31,4726.74
1768912200,4726.755,4729.33,4724.08,4726.755
1768913100,4726.665,4729.615,4726,4727.63
1768914000,4727.64,4728.485,4722.15,4723.545
1768914900,4723.54,4726.405,4716.005,4719.385
1768915800,4719.38,4730.525,4715.035,4729.92
1768916700,4729.925,4738.54,4727.4,4737.265
1768917600,4737.275,4748.705,4732.37,4740.895
1768918500,4740.85,4750.85,4740.32,4750.735
1768919400,4750.745,4751.37,4728.63,4738.68
1768920300,4738.675,4742.54,4733.42,4741.265
1768921200,4740.945,4748.765,4738.575,4744.73
1768922100,4744.475,4744.885,4722.51,4724.105
1768923000,4724.105,4735.81,4722.595,4732.96
1768923900,4732.955,4739.365,4729.045,4737.675
1768924800,4737.655,4743.62,4728.945,4741.575
1768925700,4741.57,4744.35,4735.525,4741.33
1768926600,4741.3,4745.885,4740.8,4745.38
1768927500,4745.395,4757.81,4745.395,4753.63
1768928400,4753.605,4754.505,4746.12,4754.015
1768929300,4754.03,4756.855,4751.895,4755.11
1768930200,4755.115,4758.47,4752.255,4756.61
1768931100,4756.645,4762.47,4752.28,4759.19
1768932000,4759.2,4765.34,4758.685,4763.31
1768932900,4763.32,4766.29,4759.555,4761.61
1768933800,4761.6,4762.985,4757.28,4757.78
1768934700,4757.785,4760.465,4752.785,4759.41
1768935600,4759.405,4760.495,4756.57,4759.295
1768936500,4759.27,4766.4,4758.41,4759.655
1768937400,4759.645,4764.03,4756.87,4763.375
1768938300,4763.37,4763.955,4758.665,4760.855
1768939200,4760.82,4761.31,4755.885,4760.225
1768940100,4760.195,4760.93,4747.36,4750.46
1768941000,4750.47,4755.245,4748.95,4749.88
1768941900,4749.955,4757.94,4749.515,4756.73
1768942800,4756.745,4760.585,4756.405,4760.55
1768943700,4760.56,4761.01,4759.535,4759.91
1768944600,4759.905,4759.905,4757.345,4759.43
1768945500,4759.425,4763.945,4758.995,4763.37
1768950000,4762.815,4763.355,4757.885,4758.23
1768950900,4758.285,4761.315,4757.895,4759.78
1768951800,4759.685,4774.15,4758.695,4774.13
1768952700,4774.115,4781.285,4772.16,4775.99
1768953600,4775.99,4777.795,4770.6,4776.715
1768954500,4776.7,4779.995,4773.83,4777.28
1768955400,4777.2,4785.97,4776.81,4785.18
1768956300,4785.19,4787.805,4782.27,4784.645
1768957200,4784.675,4810.09,4783.495,4807.915
1768958100,4807.82,4827.865,4805.095,4827.63
1768959000,4827.625,4837.055,4815.055,4818.795
1768959900,4818.84,4844.29,4818.82,4835.49
1768960800,4835.455,4842.215,4822.735,4828.225
1768961700,4828.235,4828.315,4817.24,4825.25
1768962600,4825.235,4839.675,4821.985,4831.195
1768963500,4831.315,4837.185,4827.665,4836.73
1768964400,4836.76,4849.84,4833.06,4833.34
1768965300,4833.31,4837.135,4826.975,4833.76
1768966200,4833.77,4846.525,4831.84,4842.915
1768967100,4842.925,4847.26,4840.075,4845.11
1768968000,4845.115,4846.66,4837.93,4844.965
1768968900,4844.88,4854.225,4843.96,4849.99
1768969800,4849.985,4865.775,4849.89,4865.57
1768970700,4865.605,4870.885,4862.285,4865.905
1768971600,4865.87,4867.195,4859.05,4867.13
1768972500,4867.215,4874.205,4863.67,4868.81
1768973400,4868.795,4878.25,4863.865,4871.155
1768974300,4871.15,4877.225,4869.105,4870.025
1768975200,4870.035,4875.6,4864.395,4871.645
1768976100,4871.65,4888.545,4870.17,4883.97
1768977000,4883.81,4887.405,4859.105,4861.7
1768977900,4861.67,4866.275,4845.505,4847.56
1768978800,4847.41,4849.68,4834.705,4837.275
1768979700,4837.22,4850.76,4832.725,4849.64
1768980600,4849.575,4851.985,4838.9,4849.31
1768981500,4849.28,4857.275,4847.755,4855.475
1768982400,4855.54,4864.21,4853.7,4858.515
1768983300,4858.6,4869.65,4858.5,4866.93
1768984200,4866.85,4868.135,4859.075,4861.605
1768985100,4861.325,4863.19,4851.625,4854.735
1768986000,4854.73,4862.525,4852.43,4860.01
1768986900,4860.05,4876.775,4858.18,4875.83
1768987800,4875.82,4877.335,4864.21,4866.41
1768988700,4866.425,4867.705,4859.325,4860.415
1768989600,4860.38,4866.93,4859.625,4863.57
1768990500,4863.565,4864.53,4859.87,4860.36
1768991400,4860.29,4865.905,4859.905,4865.07
1768992300,4865.085,4866.83,4862.045,4862.3
1768993200,4862.32,4865.625,4860.76,4865.185
1768994100,4865.195,4871.605,4865.13,4867.095
1768995000,4867.085,4867.575,4860.665,4862.265
1768995900,4862.25,4866.955,4855.19,4866.785
1768996800,4866.795,4867.575,4861.355,4862.285
1768997700,4862.285,4865.31,4855.52,4865.31
1768998600,4865.39,4870.845,4863.585,4865.685
1768999500,4865.7,4867.305,4856.725,4865.195
1769000400,4865.19,4871.505,4858.485,4869.275
1769001300,4869.29,4871.57,4861.71,4868.125
1769002200,4868.12,4879.155,4866.87,4877.4
1769003100,4877.445,4880.415,4870.045,4879.295
1769004000,4879.3,4880.935,4839.395,4844.725
1769004900,4844.735,4864.695,4842.13,4860.59
1769005800,4860.63,4872.525,4850.1,4860.835
1769006700,4860.85,4862.235,4846.68,4852.14
1769007600,4851.895,4868.83,4847.155,4860.38
1769008500,4860.29,4861.89,4813.355,4831.09
1769009400,4831.105,4845.51,4829.175,4837.49
1769010300,4837.4,4854.67,4833.92,4847.88
1769011200,4847.89,4855.8,4843.89,4847.11
1769012100,4847.115,4852.87,4829.155,4840.175
1769013000,4840.18,4849.775,4833.815,4834.855
1769013900,4834.815,4837.775,4819.695,4833.63
1769014800,4833.635,4834.495,4815.57,4818.495
1769015700,4818.405,4826.46,4814.515,4821.31
1769016600,4821.32,4821.695,4802.62,4810.035
1769017500,4809.95,4827.825,4808.825,4826.48
1769018400,4826.365,4831.91,4822.815,4825.655
1769019300,4825.66,4837.25,4819.925,4834.27
1769020200,4834.355,4838.865,4830.405,4837.65
1769021100,4837.64,4850.7,4836.1,4850.385
1769022000,4850.415,4850.985,4843.225,4849.03
1769022900,4849.055,4854.165,4805.31,4816.04
1769023800,4816.02,4821.735,4765.605,4766.175
1769024700,4766.215,4783.34,4755.075,4781.57
1769025600,4781.555,4787.7,4772.395,4787.405
1769026500,4787.49,4801.2,4784.855,4797.49
1769027400,4797.48,4821.485,4796.49,4820.195
1769028300,4820.29,4828.14,4816.34,4826.515
1769029200,4826.7,4826.7,4813.235,4823.995
1769030100,4823.97,4838.7,4823.85,4832.67
1769031000,4832.71,4839.56,4832.385,4835.195
1769031900,4835.185,4839.9,4827.975,4831.38
1769036400,4816.795,4821.3,4802.04,4815.14
1769037300,4815.105,4815.375,4785.005,4795.065
1769038200,4795.045,4801.775,4785.995,4787.335
1769039100,4787.28,4797.495,4777.63,4778.265
1769040000,4778.23,4794.265,4778.17,4790.41
1769040900,4790.38,4790.42,4780.375,4782.65
1769041800,4782.675,4795.745,4780.39,4793.2
1769042700,4793.215,4798.915,4787.42,4797.975
1769043600,4797.95,4797.95,4772.27,4791.675
1769044500,4791.805,4809.875,4788.41,4796.35
1769045400,4796.365,4804.765,4793.48,4803.265
1769046300,4802.98,4804.995,4797.865,4797.935
1769047200,4797.775,4798.485,4787.49,4793.67
1769048100,4793.685,4796.015,4786.595,4787.56
1769049000,4787.57,4788.27,4774.61,4781.93
1769049900,4781.95,4792.74,4781.95,4789.29
1769050800,4789.275,4791.54,4784.315,4790.005
1769051700,4790.01,4796.185,4785.905,4792.56
1769052600,4792.565,4794.455,4790.41,4790.5
1769053500,4790.51,4797.14,4790.235,4796.48
1769054400,4796.47,4800.52,4795.39,4798.28
1769055300,4798.285,4799.845,4794.67,4796.13
1769056200,4796.12,4798.435,4793.905,4795.715
1769057100,4795.685,4798.11,4793.905,4797.53
1769058000,4797.46,4801.905,4793.705,4800.575
1769058900,4800.58,4800.615,4795.11,4795.415
1769059800,4795.375,4802.735,4795.18,4800.9
1769060700,4800.91,4821.775,4800.91,4821.415
1769061600,4821.41,4825.07,4816.49,4818.13
1769062500,4818.125,4829.28,4817.02,4825.625
1769063400,4825.6,4828.185,4823.715,4823.915
1769064300,4823.93,4826.88,4821.47,4826.7
1769065200,4826.71,4835.015,4825.75,4833.37
1769066100,4833.405,4838.16,4830.26,4837.255
1769067000,4837.225,4839.71,4832.875,4833.505
1769067900,4833.575,4835.875,4830.745,4832.72
1769068800,4832.73,4835.69,4824.275,4827.835
1769069700,4827.885,4830.765,4825.675,4826.375
1769070600,4826.35,4828.71,4822.185,4826.625
1769071500,4826.61,4831.935,4825.8,4830.72
1769072400,4830.725,4838.095,4829.675,4832.755
1769073300,4832.765,4833.805,4828.03,4829.605
1769074200,4829.535,4831.135,4813.96,4816.32
1769075100,4816.3,4823.265,4814.57,4823.185
1769076000,4823.2,4825.15,4819.47,4823.75
1769076900,4823.775,4827.665,4821.08,4826.955
1769077800,4826.7,4829.38,4824.065,4828.545
1769078700,4828.345,4831.97,4827.265,4829.11
1769079600,4829.115,4831.93,4826.395,4826.4
1769080500,4826.39,4829.9,4824.46,4827.79
1769081400,4827.81,4831.565,4825.065,4830.9
1769082300,4830.925,4836.43,4830.415,4831.19
1769083200,4831.18,4831.185,4823.365,4824.835
1769084100,4824.895,4832.605,4824.465,4831.7
1769085000,4831.67,4832.62,4829.535,4829.745
1769085900,4829.755,4829.785,4818.785,4819.67
1769086800,4819.685,4827.67,4815.805,4826.82
1769087700,4826.88,4835.46,4826.02,4828.005
1769088600,4827.62,4828.145,4810.895,4813.885
1769089500,4813.88,4822.835,4810.74,4822.29
1769090400,4822.32,4826.07,4820.49,4824.32
1769091300,4824.42,4830.645,4822.395,4829.72
1769092200,4829.805,4847.845,4828.115,4845.79
1769093100,4845.845,4846.835,4834.815,4835.135
1769094000,4835.195,4840.8,4825.865,4839.3
1769094900,4839.22,4856.25,4836.29,4853.8
1769095800,4853.82,4866.06,4853.53,4863.6
1769096700,4863.605,4873.91,4860.77,4871.82
1769097600,4871.945,4876.43,4868.085,4873.75
1769098500,4873.745,4880.765,4870.735,4876.045
1769099400,4876.06,4885.01,4873.335,4880.925
1769100300,4880.955,4885.46,4874.865,4878.075
1769101200,4878.11,4884.83,4869.58,4880.28
1769102100,4880.305,4893.985,4876.235,4890.045
1769103000,4890.33,4899.64,4889.3,4898.985
1769103900,4898.94,4906.47,4896.54,4904.715
1769104800,4904.7,4915.265,4901.375,4908.515
1769105700,4908.545,4913.67,4906.94,4910.28
1769106600,4910.31,4915.855,4907.38,4913.075
1769107500,4913,4919.59,4911.025,4916.035
1769108400,4916.025,4924.525,4915.545,4924.055
1769109300,4924.07,4924.27,4909.805,4914.735
1769110200,4914.93,4918.24,4913.51,4913.64
1769111100,4913.665,4913.665,4905.985,4911.74
1769112000,4911.76,4926.435,4911.505,4925.955
1769112900,4925.895,4928.54,4924.63,4925.75
1769113800,4925.745,4927.15,4918.485,4922.865
1769114700,4923.085,4924.955,4914.355,4917.07
1769115600,4917.27,4923.16,4914.68,4922.93
1769116500,4922.825,4925.485,4920.725,4925.285
1769117400,4925.19,4940.68,4924.175,4939.245
1769118300,4939.22,4940.885,4935.5,4936.075
1769122800,4952.295,4959.98,4942.61,4942.945
1769123700,4943.015,4946.725,4939.39,4940.355
1769124600,4940.365,4940.415,4930.84,4938.815
1769125500,4938.73,4960.67,4938.73,4959.13
1769126400,4959.135,4963.395,4950.815,4951.83
1769127300,4951.81,4958.685,4947.935,4952.08
1769128200,4952.07,4956.125,4947.58,4949.45
1769129100,4949.565,4965.985,4949.36,4965.16
1769130000,4965.26,4967.52,4936.06,4948.955
1769130900,4948.975,4954.45,4942.66,4947.54
1769131800,4947.535,4956.475,4946.75,4951.23
1769132700,4951.24,4963.07,4951.24,4953.995
1769133600,4953.94,4957.1,4947.225,4949.53
1769134500,4949.625,4953.74,4946.925,4952.97
1769135400,4952.965,4957.665,4952.51,4956.97
1769136300,4956.98,4962.47,4955.54,4955.615
1769137200,4955.595,4959.24,4953.375,4955.08
1769138100,4955.09,4955.545,4938.1,4944.01
1769139000,4944,4953.345,4942.73,4949.76
1769139900,4949.69,4954.535,4948.355,4952.075
1769140800,4952,4953.79,4950.75,4952.63
1769141700,4952.57,4953.52,4950.26,4953.1
1769142600,4953.075,4958.1,4951.95,4956.88
1769143500,4956.89,4958.585,4955.03,4956.285
1769144400,4956.26,4957.8,4954.615,4956.435
1769145300,4956.43,4960.265,4955.685,4957.555
1769146200,4957.59,4961.57,4956.455,4961.185
1769147100,4961.23,4967.28,4960.445,4960.64
1769148000,4960.59,4963.27,4945.575,4952.655
1769148900,4952.695,4959.06,4951.495,4953.225
1769149800,4953.05,4955.95,4950.075,4953.19
1769150700,4953.195,4956.39,4950.76,4953.965
1769151600,4953.97,4958.21,4952.495,4956.035
1769152500,4956.14,4959.715,4951.78,4956.98
1769153400,4957.065,4958.53,4946.09,4946.235
1769154300,4946.23,4951.445,4943.235,4944.47
1769155200,4944.46,4947.825,4940.43,4942.015
1769156100,4942,4942.97,4900.9,4913.49
1769157000,4913.51,4926.37,4910.595,4925.1
1769157900,4925.095,4925.58,4908.895,4913.88
1769158800,4913.875,4920.2,4909.315,4912.04
1769159700,4912.03,4914.92,4899.795,4905.685
1769160600,4905.605,4917.79,4903.405,4916.83
1769161500,4916.855,4921.72,4914.435,4918.66
1769162400,4918.715,4922.84,4915.7,4921.34
1769163300,4921.495,4932.56,4921.495,4929.525
1769164200,4929.545,4930.52,4924.97,4928.23
1769165100,4928.305,4930.735,4924.62,4929.88
1769166000,4929.875,4930.165,4916.135,4918.595
1769166900,4918.59,4922.075,4912.07,4920.91
1769167800,4921.055,4925.25,4919.83,4923.46
1769168700,4923.5,4926.44,4921.11,4922.875
1769169600,4923.08,4934.425,4918.49,4933.91
1769170500,4933.92,4937.17,4930.565,4934.23
1769171400,4934.235,4939.175,4932.355,4936.25
1769172300,4936.215,4942.6,4936.06,4939.42
1769173200,4939.67,4947.98,4933.58,4940.385
1769174100,4940.44,4940.725,4923.77,4931.12
1769175000,4931.085,4939.275,4927.435,4931.82
1769175900,4931.795,4941.055,4930.68,4939.18
1769176800,4939.195,4948.005,4934.86,4944.62
1769177700,4944.725,4945.73,4939.705,4939.995
1769178600,4940.02,4949.89,4932.89,4947.16
1769179500,4947.29,4956.645,4942.605,4943.76
1769180400,4943.505,4955.995,4938.405,4952.895
1769181300,4952.89,4954.37,4942.47,4944.885
1769182200,4944.895,4961.055,4943.745,4959.17
1769183100,4959.155,4963.475,4951.45,4960.64
1769184000,4960.78,4976.89,4959.155,4971.22
1769184900,4971.15,4986.595,4969.495,4985.515
1769185800,4985.51,4988.44,4978.985,4982.865
1769186700,4982.595,4983.07,4975.8,4980.43
1769187600,4980.445,4987.08,4977.35,4984.545
1769188500,4984.55,4987.92,4980.785,4983.05
1769189400,4983.07,4988.16,4982.335,4983.165
1769190300,4983.135,4985.15,4962.005,4965.895
1769191200,4965.995,4982.785,4965.355,4981.02
1769192100,4981.015,4984.205,4977.615,4978.635
1769193000,4978.625,4980.025,4963.91,4964.475
1769193900,4964.51,4969.73,4958.345,4966.85
1769194800,4966.975,4978.845,4966.975,4974.14
1769195700,4974.19,4978.78,4973.72,4977.335
1769196600,4977.31,4980.425,4974.39,4978.75
1769197500,4978.765,4989.88,4978.055,4984.14
1769198400,4984.155,4985.72,4970.59,4981.255
1769199300,4981.28,4985.505,4978,4980.92
1769200200,4980.915,4983.59,4975.745,4982.38
1769201100,4982.445,4984.25,4978.85,4981.055
1769202000,4981.075,4986.125,4978.865,4981.485
1769202900,4981.47,4983.695,4978.185,4981.88
1769203800,4981.89,4983.32,4980.575,4982.435
1769204700,4982.44,4990.12,4981.195,4987.545
1769382000,5015.63,5026.685,5003.705,5021.975
1769382900,5021.675,5031.505,5012.495,5019.155
1769383800,5018.945,5032.11,5016.825,5025.52
1769384700,5025.5,5040.55,5025.27,5039.85
1769385600,5039.89,5044.03,5034.4,5039.43
1769386500,5039.4,5042.9,5030.83,5042.78
1769387400,5042.875,5052.26,5042.295,5050.385
1769388300,5050.38,5051.905,5038.135,5041.89
1769389200,5041.905,5059.055,5028.96,5057.745
1769390100,5057.73,5075.575,5056.755,5074.575
1769391000,5074.51,5085.665,5071.415,5083.285
1769391900,5083.26,5084.945,5067.945,5071.115
1769392800,5071.09,5079.275,5066.925,5075.08
1769393700,5075.065,5089.02,5072.705,5087.9
1769394600,5087.85,5092.975,5079.185,5088.505
1769395500,5088.46,5091.22,5080.69,5081.05
1769396400,5081.075,5085.175,5071.78,5084.935
1769397300,5084.97,5087.93,5074.92,5079.47
1769398200,5079.485,5083.9,5075.91,5078.33
1769399100,5078.315,5079.51,5070.15,5076.66
1769400000,5076.645,5078.195,5072.27,5075.96
1769400900,5076.035,5076.79,5071.43,5072.355
1769401800,5072.31,5073.17,5064.235,5067.03
1769402700,5067.065,5072.445,5058.145,5070.385
1769403600,5070.25,5072.865,5055.14,5060.005
1769404500,5059.99,5067.065,5052.365,5065.62
1769405400,5065.445,5068.105,5053.005,5059.985
1769406300,5059.94,5076.69,5058.515,5074.425
1769407200,5074.41,5082.305,5067.36,5069.435
1769408100,5069.425,5077.37,5065.39,5075.295
1769409000,5075.31,5092.56,5074.74,5091.86
1769409900,5092.06,5111.51,5076.175,5077.645
1769410800,5077.66,5092.41,5073.94,5091.055
1769411700,5091.05,5095.855,5089.89,5095.53
1769412600,5095.57,5095.75,5085.895,5088.725
1769413500,5089.045,5094.37,5088.245,5089.06
1769414400,5089.08,5096.82,5087.26,5096.1
1769415300,5096.205,5097.815,5095.135,5096.72
1769416200,5096.75,5098.455,5090.44,5093.635
1769417100,5093.595,5094.2,5080.14,5083.48
1769418000,5083.415,5093.045,5082.34,5091.265
1769418900,5091.285,5096.97,5088.23,5096.825
1769419800,5096.83,5098.515,5087.44,5091.54
1769420700,5091.56,5093.335,5075.395,5084.14
1769421600,5084.23,5090.37,5078.625,5089.325
1769422500,5089.31,5091.52,5086.335,5087.54
1769423400,5087.755,5095.115,5085.985,5093.005
1769424300,5093.1,5094.435,5090.375,5091.575
1769425200,5091.785,5092.97,5087.39,5087.96
1769426100,5088.005,5088.61,5078.435,5087.59
1769427000,5087.57,5092.64,5083.89,5090.1
1769427900,5090.25,5092.655,5087.475,5091.585
1769428800,5091.58,5093.88,5087.31,5090.465
1769429700,5090.44,5097.1,5086.295,5090.115
1769430600,5090.12,5090.13,5079.45,5083.64
1769431500,5083.645,5085.86,5077.285,5078.995
1769432400,5078.985,5082.43,5066.24,5080.115
1769433300,5080.24,5083.195,5067.205,5072.165
1769434200,5072.115,5073.175,5054.67,5071.26
1769435100,5071.28,5076.23,5067.05,5068.735
1769436000,5068.8,5073.3,5058.45,5071.415
1769436900,5071.425,5082.76,5063.76,5078.465
1769437800,5078.435,5090.915,5074.865,5082.105
1769438700,5082.13,5097.025,5080.625,5096.18
1769439600,5096.245,5097.46,5085.59,5095.53
1769440500,5095.51,5097.05,5084.375,5090.195
1769441400,5090.265,5092.58,5074.255,5078.495
1769442300,5078.35,5095.445,5077.76,5090.845
1769443200,5090.865,5105.34,5089.745,5101.855
1769444100,5101.845,5104.14,5070.425,5075.83
1769445000,5075.855,5083.505,5065.385,5077.45
1769445900,5077.425,5094.475,5076.95,5089.545
1769446800,5089.55,5097.73,5085.635,5094.29
1769447700,5094.32,5095.465,5080.285,5088.34
1769448600,5088.3,5102.355,5082.06,5102.23
1769449500,5102.18,5105.15,5097.215,5101.235
1769450400,5101.2,5103.22,5076.355,5078.3
1769451300,5078.355,5090.76,5076.55,5084.98
1769452200,5084.965,5085.31,5057.935,5064.445
1769453100,5064.37,5083.075,5063.985,5069.04
1769454000,5069.085,5069.85,5036.14,5060.09
1769454900,5059.76,5061.51,5020.635,5027.64
1769455800,5027.7,5043.915,5025.085,5034.515
1769456700,5034.45,5037.99,5008.275,5028.715
1769457600,5028.735,5054.005,5026.26,5049.9
1769458500,5049.895,5057.03,5040.465,5056.675
1769459400,5056.695,5062.32,5035.95,5046.825
1769460300,5046.965,5060.815,5043.33,5055.11
1769461200,5055.12,5059.165,5033.89,5033.89
1769462100,5033.895,5036.08,5011.035,5020.36
1769463000,5020.29,5020.855,4990.215,5004.415
1769463900,5004.46,5017.28,5004.095,5008.875
1769468400,5035.795,5040.575,5028.275,5040.12
1769469300,5039.97,5049.9,5037.535,5045.075
1769470200,5045.09,5058.14,5040.34,5056.89
1769471100,5056.885,5061.675,5043.12,5043.56
1769472000,5043.58,5053.395,5038.745,5052.465
1769472900,5052.51,5054.135,5044.645,5045.16
1769473800,5045.17,5049.915,5028.6,5031.655
1769474700,5031.705,5035.82,5013.875,5033.115
1769475600,5033.125,5071.37,5018.805,5071.365
1769476500,5071.375,5076.14,5063.3,5066.695
1769477400,5066.74,5070.435,5054.23,5063.99
1769478300,5064.015,5066.925,5056.935,5060.14
1769479200,5059.99,5067.82,5049.585,5063.945
1769480100,5063.89,5070.275,5060.055,5068.05
1769481000,5068.1,5079.81,5067.41,5079.05
1769481900,5078.995,5079.72,5065.36,5072.68
1769482800,5072.66,5073.97,5063.785,5065.985
1769483700,5066.015,5073.135,5060.16,5064.785
1769484600,5064.645,5076.545,5064.09,5074.87
1769485500,5074.93,5079.31,5071.7,5077.225
1769486400,5077.025,5078.955,5068.73,5069.735
1769487300,5069.71,5076.255,5069.71,5075.02
1769488200,5074.955,5075.76,5061.5,5066.775
1769489100,5066.81,5071.33,5062.295,5067.8
1769490000,5067.775,5068.88,5057.195,5063.87
1769490900,5063.88,5067,5058.045,5064.65
1769491800,5064.625,5074.99,5060.06,5074.765
1769492700,5074.72,5085.495,5074.72,5083.11
1769493600,5083.125,5087.27,5076.865,5083.715
1769494500,5083.7,5087.5,5079.61,5082.235
1769495400,5082.2,5088.475,5078.775,5086.3
1769496300,5086.225,5094.35,5081.845,5085.785
1769497200,5085.8,5094.59,5082.255,5085.655
1769498100,5085.6,5090.81,5081.58,5088.07
1769499000,5088.105,5100.84,5088.03,5093.225
1769499900,5093.215,5096.63,5085.87,5085.965
1769500800,5086.01,5088.165,5079.25,5086.765
1769501700,5086.725,5087.63,5075.495,5077.725
1769502600,5077.745,5083.05,5073.51,5082.635
1769503500,5082.62,5085.635,5077.745,5079.755
1769504400,5079.75,5084.265,5078.165,5083.36
1769505300,5083.42,5088.765,5082.505,5088.47
1769506200,5088.57,5094.4,5086.175,5087.915
1769507100,5088.1,5099.65,5082.78,5098.325
1769508000,5098.66,5098.66,5091.075,5096.505
1769508900,5096.535,5098.09,5087.66,5088.205
1769509800,5087.71,5089.385,5081.99,5084.97
1769510700,5084.965,5087.34,5082.055,5086.545
1769511600,5086.56,5090.38,5083.685,5090.175
1769512500,5090.21,5090.83,5084.935,5086.94
1769513400,5087.105,5088.33,5083.475,5085.835
1769514300,5085.78,5086.04,5066.64,5077.08
1769515200,5077.095,5082.91,5075.515,5081.305
1769516100,5081.225,5081.45,5073.725,5079.175
1769517000,5079.16,5090.595,5078.38,5089.47
1769517900,5089.44,5091.37,5081.25,5085.13
1769518800,5085.19,5092.185,5078.215,5090.35
1769519700,5090.355,5093.145,5076.04,5080.925
1769520600,5080.875,5086.19,5069.47,5073.43
1769521500,5073.475,5082.34,5071.62,5077.555
1769522400,5077.52,5077.6,5055.365,5060.06
1769523300,5060.13,5066.25,5046.84,5059.675
1769524200,5059.77,5082.205,5059.15,5079.375
1769525100,5079.36,5079.49,5051.125,5054.74
1769526000,5054.74,5070.385,5047.69,5057.87
1769526900,5057.895,5077.21,5056.465,5069.17
1769527800,5069.225,5087.3,5068.775,5080.685
1769528700,5080.725,5091.32,5080.02,5090.905
1769529600,5090.925,5098.755,5083.79,5095.115
1769530500,5095.14,5103.355,5093.71,5098.67
1769531400,5098.68,5099.475,5086.035,5088.73
1769532300,5088.605,5091.955,5083.3,5087.47
1769533200,5087.495,5091.995,5080.21,5091.465
1769534100,5091.495,5094.155,5079.115,5088.335
1769535000,5087.58,5089.745,5078.715,5081.82
1769535900,5081.53,5086.05,5076.92,5081.37
1769536800,5081.395,5087.52,5076.45,5081.755
1769537700,5081.76,5088.95,5079.01,5085.165
1769538600,5085.14,5092.07,5085.14,5088.565
1769539500,5088.57,5095.82,5087.325,5088.11
1769540400,5088.135,5089.245,5081.05,5087.22
1769541300,5087.195,5090.99,5085.59,5087.94
1769542200,5087.95,5093.42,5087.72,5093.13
1769543100,5093.19,5100.12,5090.655,5099.055
1769544000,5099.05,5143.62,5098.035,5141.785
1769544900,5141.77,5151.78,5132.035,5141.655
1769545800,5141.65,5149.415,5133.105,5142.295
1769546700,5142.25,5182.795,5142.1,5176.65
1769547600,5176.6,5186.645,5171.09,5176.455
1769548500,5176.545,5180.435,5169.13,5173.94
1769549400,5173.92,5186.96,5171.535,5185.46
1769550300,5185.475,5190.51,5175.04,5180.625
1769554800,5181.64,5184.57,5167.135,5170.78
1769555700,5170.655,5173.455,5159.025,5170.4
1769556600,5170.265,5172.155,5163.99,5164.35
1769557500,5164.27,5177.175,5163.975,5172.315
1769558400,5172.225,5173.04,5157.21,5166
1769559300,5165.875,5167.19,5160.355,5163.465
1769560200,5163.475,5170.88,5163.385,5168.44
1769561100,5168.45,5180.27,5168.45,5172.025
1769562000,5172.01,5202.86,5168.545,5191.18
1769562900,5190.99,5196.25,5181.71,5193.97
1769563800,5193.945,5215.8,5186.095,5215.75
1769564700,5215.74,5225.36,5204.67,5204.87
1769565600,5204.82,5217.68,5201.745,5210.095
1769566500,5210.1,5220.715,5207.765,5218.15
1769567400,5218.16,5229.93,5216.515,5221.445
1769568300,5221.385,5234.775,5220.885,5232.245
1769569200,5232.02,5247.82,5230.24,5243.695
1769570100,5243.7,5246.355,5236.285,5237.25
1769571000,5237.24,5239.98,5224.4,5233.765
1769571900,5233.76,5244.57,5230.875,5235.285
1769572800,5235.075,5241.115,5232.955,5235.475
1769573700,5235.48,5241.59,5232.5,5238.015
1769574600,5238.035,5241.675,5234.395,5239.935
1769575500,5239.915,5249.09,5233.455,5245.545
1769576400,5245.56,5257.765,5241.57,5253.99
1769577300,5254.07,5262.15,5251.68,5259.39
1769578200,5259.345,5266.305,5251.165,5264.715
1769579100,5264.76,5266.435,5257.29,5261.35
1769580000,5261.47,5263.14,5252.325,5261.96
1769580900,5261.95,5266.085,5251.87,5255.645
1769581800,5255.66,5264.92,5254.95,5261.67
1769582700,5261.665,5271.5,5257.09,5270.16
1769583600,5270.21,5275.675,5263.18,5273.7
1769584500,5273.695,5284.275,5272.765,5281.145
1769585400,5281.15,5285.885,5271.955,5281.445
1769586300,5281.345,5292.87,5277.9,5290.675
1769587200,5290.57,5300.02,5286.49,5293.39
1769588100,5293.4,5301.21,5288.88,5299.785
1769589000,5299.755,5311.665,5289.915,5290.135
1769589900,5289.875,5296.085,5280.64,5293.985
1769590800,5293.975,5297.76,5280.42,5281.84
1769591700,5281.815,5282.285,5268.62,5275.955
1769592600,5275.995,5280.555,5263.22,5267.045
1769593500,5267.08,5279.105,5267.08,5278.37
1769594400,5278.41,5285.95,5272.625,5282.215
1769595300,5282.205,5282.225,5276.425,5278.73
1769596200,5278.65,5279.15,5269.51,5274.75
1769597100,5274.975,5280.975,5269.925,5269.97
1769598000,5270.2,5270.77,5238.59,5260.815
1769598900,5260.545,5262.26,5246.82,5259.79
1769599800,5259.86,5262.62,5252.36,5261.62
1769600700,5261.565,5267.82,5259.895,5261.73
1769601600,5261.84,5264.28,5251.81,5261.445
1769602500,5261.455,5269.045,5258.375,5261.425
1769603400,5261.45,5273.17,5261.45,5269.79
1769604300,5269.69,5279.49,5265.43,5279.415
1769605200,5279.275,5289.71,5268.81,5275.25
1769606100,5275.24,5285.53,5273.3,5281.295
1769607000,5281.275,5285.495,5258.735,5261.635
1769607900,5261.635,5269.07,5257.015,5266.645
1769608800,5266.615,5270.35,5248.775,5262.61
1769609700,5262.625,5271.065,5259.005,5259.245
1769610600,5259.26,5284.235,5250.29,5279.345
1769611500,5279.385,5288.485,5270.225,5286.19
1769612400,5285.925,5298.35,5235.75,5256.535
1769613300,5256.54,5274.645,5244.76,5269.545
1769614200,5269.53,5284.38,5266.25,5280.195
1769615100,5280.35,5281.405,5267.115,5278.28
1769616000,5278.295,5289.075,5274.505,5284.275
1769616900,5284.25,5293.21,5282.005,5287.61
1769617800,5287.645,5289.315,5276.35,5283.25
1769618700,5283.225,5300.33,5281.795,5299.875
1769619600,5299.915,5307.285,5292.53,5295.85
1769620500,5295.94,5304.325,5288.885,5302.92
1769621400,5302.895,5303.545,5283.26,5288.035
1769622300,5288.03,5304.77,5284.695,5298.11
1769623200,5298.145,5305.7,5292.54,5300.06
1769624100,5300.145,5325.97,5298.98,5305.24
1769625000,5305.57,5308.21,5268.45,5273.74
1769625900,5273.7,5284.975,5271.46,5282.595
1769626800,5282.85,5297.83,5269.295,5297.605
1769627700,5297.6,5302.065,5282.735,5283.54
1769628600,5283.47,5312.43,5280.86,5310.84
1769629500,5310.85,5332.08,5304.48,5325.41
1769630400,5325.39,5338.96,5322.645,5326.765
1769631300,5326.74,5356.065,5320.9,5354.795
1769632200,5354.615,5391.46,5353.275,5383.98
1769633100,5383.985,5391.62,5367.305,5376.885
1769634000,5376.885,5396.215,5376.885,5386.72
1769634900,5386.73,5390.9,5379.855,5384.365
1769635800,5384.4,5389.915,5380.62,5386.67
1769636700,5386.49,5419.645,5383.035,5418.545
1769641200,5446.995,5475.385,5432.455,5475.02
1769642100,5475.025,5496.43,5472.345,5490.35
1769643000,5490.385,5602.225,5489.63,5531
1769643900,5531.06,5543.315,5484.3,5513.285
1769644800,5513.585,5514.4,5454.12,5495.185
1769645700,5495.165,5501.995,5463.41,5497.53
1769646600,5497.535,5527.24,5492.615,5509.155
1769647500,5508.985,5523.39,5500.645,5520.195
1769648400,5520.2,5526.57,5444.925,5480.015
1769649300,5480.02,5513.97,5480.02,5507.725
1769650200,5507.735,5551.96,5507.54,5540.16
1769651100,5540.175,5550.23,5526.56,5545.785
1769652000,5545.73,5546.39,5504.585,5522.165
1769652900,5521.975,5525.48,5510.395,5525.42
1769653800,5525.435,5550.06,5518.155,5526.035
1769654700,5525.975,5543.445,5521.645,5536.11
1769655600,5536.12,5549.09,5508.53,5538.82
1769656500,5538.905,5540.625,5521.91,5522.255
1769657400,5522.295,5538.03,5519.95,5528.27
1769658300,5528.275,5549.235,5527.215,5545.84
1769659200,5545.835,5552.425,5534.075,5534.515
1769660100,5534.475,5550.52,5533.265,5546.92
1769661000,5546.925,5564.725,5545.025,5557.88
1769661900,5557.52,5561.67,5550.82,5557.99
1769662800,5557.955,5561.645,5549.895,5560.085
1769663700,5560.11,5560.76,5515.995,5542.105
1769664600,5542.32,5555.37,5541.385,5549.775
1769665500,5549.79,5564.545,5548.45,5562.655
1769666400,5562.725,5588.7,5562.515,5584.465
1769667300,5584.46,5595.77,5574.165,5586.14
1769668200,5586.065,5587.85,5577.735,5582.25
1769669100,5582.24,5585.55,5554.955,5561.325
1769670000,5561.32,5575.28,5560.44,5561.7
1769670900,5561.705,5565.085,5536.905,5541.65
1769671800,5541.635,5557.99,5541.635,5549.435
1769672700,5549.41,5552.77,5543.705,5548.96
1769673600,5548.935,5554.845,5523.145,5537.925
1769674500,5537.95,5543.24,5523.74,5530.425
1769675400,5530.345,5530.88,5475.375,5483.575
1769676300,5483.58,5517.675,5473.555,5510.08
1769677200,5509.82,5516.015,5497.925,5507.68
1769678100,5507.675,5519.215,5500.465,5516.53
1769679000,5516.505,5529.875,5512.33,5524.605
1769679900,5524.6,5527.925,5511.11,5513.92
1769680800,5513.925,5524.455,5502.05,5524.03
1769681700,5524.01,5525.835,5505.935,5510.675
1769682600,5510.63,5510.63,5497.5,5508.15
1769683500,5508.26,5509.12,5482.495,5483.705
1769684400,5483.895,5507.125,5470.9,5507.09
1769685300,5507.105,5516.71,5505.51,5515.915
1769686200,5515.885,5519.78,5508.395,5514.715
1769687100,5514.73,5528.94,5514.73,5522.62
1769688000,5522.655,5539.105,5518.575,5535.695
1769688900,5535.75,5543.23,5528.3,5540.905
1769689800,5540.94,5542.6,5526.395,5529.99
1769690700,5529.975,5542.465,5527.4,5534.16
1769691600,5534.23,5541.215,5513.895,5514.94
1769692500,5514.975,5526.205,5507.87,5520.49
1769693400,5520.6,5530.98,5499.925,5526.06
1769694300,5526.095,5526.445,5506.495,5510.785
1769695200,5510.775,5539.485,5510.74,5529.125
1769696100,5529.105,5549.565,5516.915,5543.75
1769697000,5543.78,5545.345,5501.46,5518
1769697900,5517.85,5522.81,5491.24,5496.965
1769698800,5496.52,5496.66,5365.71,5384.665
1769699700,5384.545,5387.94,5097.215,5193.12
1769700600,5193.92,5260.705,5106.17,5124
1769701500,5123.875,5211.775,5117.785,5183.2
1769702400,5183.13,5277.62,5171.89,5274.875
1769703300,5274.99,5297.395,5234.71,5289.785
1769704200,5289.8,5311.67,5245.085,5273.24
1769705100,5273.2,5277.96,5228.195,5264.55
1769706000,5264.61,5299.555,5264.61,5297.26
1769706900,5297.21,5368.575,5295.295,5363.075
1769707800,5363.155,5375.735,5336.05,5368.395
1769708700,5368.465,5372.225,5314.595,5335.37
1769709600,5335.4,5358.895,5330.17,5355.195
1769710500,5355.095,5359.19,5307.695,5330.18
1769711400,5330.27,5360.795,5322.7,5342.11
1769712300,5342.12,5362.02,5336.225,5338.785
1769713200,5338.81,5345.75,5303.31,5307.24
1769714100,5307.225,5332.955,5305.74,5319.05
1769715000,5319.025,5327.65,5290.46,5317.09
1769715900,5317.015,5325.63,5298.745,5306
1769716800,5306.075,5310.98,5282.98,5295.995
1769717700,5296.005,5325.89,5289.745,5318.775
1769718600,5318.77,5358.315,5309.45,5354.575
1769719500,5354.44,5407.33,5353.15,5394.17
1769720400,5394.195,5405.99,5382.7,5398.71
1769721300,5398.66,5426.085,5388.56,5411.265
1769722200,5411.29,5412.225,5378.33,5383.865
1769723100,5383.975,5399.14,5369.18,5370.23
1769727600,5419.64,5448.89,5418.17,5421.41
1769728500,5421.79,5428.455,5387.62,5416.975
1769729400,5416.96,5439.545,5407.02,5438.46
1769730300,5438.51,5447.88,5428.69,5438.57
1769731200,5438.565,5451.16,5431.32,5445.255
1769732100,5445.27,5450.995,5418.845,5426.36
1769733000,5426.37,5436.715,5405.785,5411.8
1769733900,5411.805,5421.46,5389.895,5407.47
1769734800,5407.435,5410.625,5300,5309.78
1769735700,5309.82,5364.07,5306.145,5357.4
1769736600,5357.52,5373.265,5344.665,5349.8
1769737500,5349.79,5349.795,5290.44,5300.745
1769738400,5300.74,5312.725,5195.61,5211.795
1769739300,5211.78,5214.395,5112.105,5172.8
1769740200,5172.815,5230.855,5139.22,5216.725
1769741100,5216.765,5247.45,5202.6,5225.075
1769742000,5225.08,5230.07,5167.115,5181.43
1769742900,5181.565,5206.98,5172.885,5199.595
1769743800,5199.61,5222.265,5152.995,5154.795
1769744700,5154.805,5200.325,5149.93,5196.94
1769745600,5196.915,5225.97,5193.45,5214.83
1769746500,5214.755,5231.515,5198.7,5210.225
1769747400,5210.21,5227.08,5202.31,5203.125
1769748300,5203.1,5217.23,5200.34,5215.065
1769749200,5214.795,5225.615,5203.22,5225.205
1769750100,5225.215,5241.85,5223.915,5230.245
1769751000,5230.22,5239.73,5212.84,5232.77
1769751900,5232.78,5236.21,5180.175,5185.135
1769752800,5185.29,5205.81,5173.35,5191.645
1769753700,5191.585,5198.315,5156.565,5157.13
1769754600,5157.155,5179.895,5152.22,5158.145
1769755500,5158.155,5172.575,5144.87,5155.96
1769756400,5155.88,5186.445,5124.26,5173.7
1769757300,5173.72,5185.625,5164.93,5175
1769758200,5174.985,5178.93,5118.01,5147.16
1769759100,5147.155,5184.72,5143.13,5181.08
1769760000,5181.115,5181.115,5140.625,5145.98
1769760900,5145.955,5170.755,5133.32,5152.09
1769761800,5152.055,5155.04,5054.43,5096.725
1769762700,5096.73,5129.2,5092.44,5116.775
1769763600,5116.755,5133.05,5014.465,5028.405
1769764500,5028.86,5070.455,5020.775,5028.425
1769765400,5028.4,5069.365,4976.155,4976.98
1769766300,4976.505,5031.345,4941.5,5013.76
1769767200,5013.44,5053.355,5000.82,5038.8
1769768100,5038.815,5076.885,5032.035,5059.895
1769769000,5059.775,5093.72,5055.17,5078.225
1769769900,5078.23,5122.47,5076.28,5119.58
1769770800,5119.765,5127.24,5090.11,5120.75
1769771700,5120.955,5130.37,5105.505,5124.995
1769772600,5124.945,5138.075,5118.25,5121.145
1769773500,5121.325,5144.765,5088.485,5135.91
1769774400,5135.955,5145.98,5121.365,5129.21
1769775300,5129.395,5140.305,5109.87,5120.085
1769776200,5120.1,5136.315,5103.33,5114.07
1769777100,5114.13,5116.11,5055.375,5064.675
1769778000,5064.62,5100.2,5054.055,5075.675
1769778900,5075.875,5077.61,5014.15,5026.8
1769779800,5027.92,5048.71,5011.045,5038.135
1769780700,5038.125,5038.125,4992.555,5019.645
1769781600,5019.53,5073.57,5018,5052.905
1769782500,5052.785,5088.085,5041.105,5072.32
1769783400,5072.055,5113.795,5055.975,5081.215
1769784300,5081.165,5097.4,5014.07,5033.255
1769785200,5033.24,5046.3,4980.8,5027.95
1769786100,5027.96,5060.74,5027.565,5045.96
1769787000,5045.945,5074.065,5039.94,5059.015
1769787900,5059.02,5074.36,5038.13,5050.925
1769788800,5050.9,5052.3,5016.4,5030.46
1769789700,5030.465,5035.665,4986.685,4995.62
1769790600,4995.615,5017.47,4960.245,5010.575
1769791500,5010.58,5015.01,4943.18,4985.7
1769792400,4985.71,4986.51,4900.47,4915.695
1769793300,4915.69,4940.845,4898.995,4925.735
1769794200,4925.705,4925.705,4838.62,4859.805
1769795100,4859.735,4879.07,4800.855,4850.225
1769796000,4850.19,4890.6,4787.015,4808.695
1769796900,4808.73,4818.445,4691.755,4742.65
1769797800,4742.75,4787.695,4679.51,4779.275
1769798700,4779.36,4893.795,4772.9,4878.955
1769799600,4879.135,4918.27,4871.075,4889.25
1769800500,4889.205,4901.295,4836.87,4893.325
1769801400,4893.32,4930.16,4881.385,4926.755
1769802300,4926.825,4948.545,4909.04,4932.84
1769803200,4932.845,4932.945,4878.605,4900.18
1769804100,4900.17,4913.8,4880.21,4890.49
1769805000,4890.535,4894.105,4843.94,4862.02
1769805900,4861.94,4879.885,4807.725,4847.57
1769806800,4847.605,4863.95,4831.905,4840.79
1769807700,4840.93,4890.475,4837.315,4874.985
1769808600,4875.04,4881.91,4849.96,4861.15
1769809500,4861.16,4901.69,4857.56,4895.44
1769986800,4833.89,4834.255,4712.805,4737.79
1769987700,4738.025,4759.385,4697.14,4728.06
1769988600,4728.12,4790.87,4715.53,4774.755
1769989500,4774.78,4778.81,4721.695,4742.1
1769990400,4742.22,4846.055,4740.755,4844.58
1769991300,4844.68,4884.56,4827.43,4846.325
1769992200,4846.35,4847.21,4795.2,4804.505
1769993100,4804.39,4808.4,4760.255,4766.465
1769994000,4766.505,4785.045,4584.82,4643.73
1769994900,4644,4710.355,4641.245,4697.73
1769995800,4697.715,4740.345,4667.735,4714.08
1769996700,4714.095,4750.225,4704.5,4736.89
1769997600,4736.79,4749.47,4696.825,4731.26
1769998500,4731.245,4746.14,4715.33,4739.73
1769999400,4739.68,4773.225,4735.895,4764.67
1770000300,4764.515,4764.825,4697.25,4710.84
1770001200,4710.835,4728.46,4689.93,4692.195
1770002100,4692.19,4729.825,4660.57,4696.265
1770003000,4696.21,4700.945,4630.67,4666.31
1770003900,4666.715,4694.885,4639.56,4646.855
1770004800,4646.81,4663.77,4603.14,4662.61
1770005700,4662.365,4705.425,4660.505,4670.97
1770006600,4670.965,4699.855,4657.105,4688.815
1770007500,4688.78,4713.375,4672.045,4679.745
1770008400,4679.725,4697.085,4649.81,4663.26
1770009300,4663.295,4674.695,4649.955,4658.71
1770010200,4658.485,4658.99,4573.17,4575.685
1770011100,4575.66,4579.55,4498.085,4549.31
1770012000,4549.25,4574.03,4520.455,4535.475
1770012900,4535.485,4549.9,4433.49,4486
1770013800,4486.025,4501.135,4402.38,4452.675
1770014700,4452.66,4523.16,4429.915,4505.79
1770015600,4505.745,4554.195,4484.55,4537.27
1770016500,4537.3,4575.085,4523.66,4560.27
1770017400,4560.39,4592.96,4524.76,4582.77
1770018300,4582.795,4619.31,4581.43,4587.4
1770019200,4587.495,4628.565,4559.075,4610.21
1770020100,4610.25,4650.41,4600.76,4646.48
1770021000,4646.49,4650.24,4607.41,4641.68
1770021900,4641.59,4651.5,4627.385,4641.065
1770022800,4640.82,4657.75,4603.165,4646.795
1770023700,4646.76,4700.27,4626.125,4690.22
1770024600,4690.21,4713.115,4678.8,4688.04
1770025500,4687.975,4731.64,4684.505,4719.6
1770026400,4719.255,4733.805,4704.08,4730.61
1770027300,4730.62,4731.165,4670.555,4682.605
1770028200,4682.665,4698.615,4661.295,4673.37
1770029100,4673.34,4711.96,4657.01,4705.655
1770030000,4705.62,4749.745,4703.27,4749.29
1770030900,4749.295,4760.66,4740.155,4753.48
1770031800,4753.465,4779.12,4747.645,4773.28
1770032700,4773.34,4780.07,4757.17,4766.24
1770033600,4766.235,4777.495,4743.715,4763.08
1770034500,4762.915,4790.655,4760.26,4777.965
1770035400,4778.27,4797.415,4770.445,4797.205
1770036300,4797.46,4812.265,4773.215,4794.555
1770037200,4794.39,4804.2,4721,4783.45
1770038100,4783.445,4794.185,4728.45,4739.31
1770039000,4739.29,4741.945,4669.27,4686.02
1770039900,4685.83,4722.72,4684.225,4706.305
1770040800,4706.305,4739.035,4699.805,4726.31
1770041700,4726.23,4730.025,4680.24,4721.935
1770042600,4721.94,4794.685,4709.575,4753.635
1770043500,4753.705,4763.055,4700.43,4718.945
1770044400,4718.375,4745.54,4690.595,4711.325
1770045300,4711.31,4727.885,4673.59,4681.285
1770046200,4681.27,4704.725,4647.64,4675.69
1770047100,4675.685,4678.12,4617.31,4619.85
1770048000,4619.82,4704.505,4596.74,4697.48
1770048900,4697.495,4708.905,4662.905,4671.885
1770049800,4671.87,4688.775,4645.23,4669.225
1770050700,4669.15,4676.84,4649.58,4666.18
1770051600,4666.175,4714.105,4660.025,4707.945
1770052500,4707.95,4713.73,4660.405,4667.96
1770053400,4667.98,4688.33,4656.855,4674.94
1770054300,4674.97,4688.495,4663.22,4674.11
1770055200,4674.21,4674.415,4632.435,4636.215
1770056100,4636.285,4647.07,4618.67,4632.925
1770057000,4632.985,4674.035,4632.985,4657.395
1770057900,4657.39,4672.26,4644.49,4657.88
1770058800,4657.89,4662.43,4637.195,4647.2
1770059700,4647.155,4654.56,4631.55,4643.675
1770060600,4643.73,4699.735,4637.33,4694.755
1770061500,4694.8,4712.925,4676.86,4685.41
1770062400,4685.405,4701.06,4669.235,4692.46
1770063300,4692.435,4693.03,4651.495,4670.615
1770064200,4670.74,4693.01,4657.345,4680.63
1770065100,4680.655,4682.44,4647.875,4653.115
1770066000,4653.16,4677.025,4644.21,4675.255
1770066900,4675.515,4687.05,4660.32,4681.035
1770067800,4681.105,4686.145,4667.945,4669.315
1770068700,4669.32,4672.64,4648.705,4661.055
1770073200,4704.095,4723.765,4695.53,4718.48
1770074100,4718.49,4763.72,4716.215,4738.09
1770075000,4738.08,4751.28,4716.88,4731.655
1770075900,4731.61,4775.865,4729.405,4774.575
1770076800,4774.605,4797.17,4766.035,4787.115
1770077700,4787.19,4829.655,4787.19,4820.34
1770078600,4820.255,4831.095,4813.855,4821.38
1770079500,4821.38,4827.74,4774.025,4780.485
1770080400,4780.81,4830.565,4766.29,4829.565
1770081300,4829.58,4856.76,4823.53,4853.82
1770082200,4853.845,4856.61,4830.375,4845.755
1770083100,4845.77,4850.435,4820.435,4841.405
1770084000,4841.38,4842.045,4789.885,4801.085
1770084900,4801.09,4802.08,4757.115,4772.51
1770085800,4772.52,4787.865,4755.43,4755.475
1770086700,4755.1,4784.965,4745.68,4783.68
1770087600,4783.71,4794.43,4762.33,4768.905
1770088500,4768.885,4780.57,4751.885,4773.395
1770089400,4773.39,4812.45,4770.42,4805.56
1770090300,4805.585,4813.535,4786.76,4809.505
1770091200,4809.545,4825.17,4808.375,4815.85
1770092100,4815.845,4818.9,4800.905,4806.565
1770093000,4806.475,4825.415,4806.17,4820.72
1770093900,4820.71,4825.155,4807.985,4809.18
1770094800,4809.42,4821.815,4809.3,4813.115
1770095700,4813.09,4842.3,4812.36,4839.74
1770096600,4839.68,4840.105,4816.935,4820.905
1770097500,4820.895,4830.51,4813.46,4825.305
1770098400,4825.365,4849.075,4816.66,4843.095
1770099300,4842.935,4875.32,4841.815,4871.6
1770100200,4871.615,4893.695,4868.63,4891.29
1770101100,4891.285,4893.815,4864.77,4881.315
1770102000,4881.445,4893.415,4872.05,4893.15
1770102900,4893.145,4901.765,4879.775,4900.35
1770103800,4900.505,4933.785,4898.9,4921.195
1770104700,4921.095,4927.44,4912.91,4917.365
1770105600,4917.54,4932.205,4898.34,4928.435
1770106500,4928.43,4942.045,4927.5,4936.605
1770107400,4936.6,4950.68,4930.72,4935.915
1770108300,4935.905,4938.925,4911.41,4912.675
1770109200,4912.595,4924.035,4908.005,4916.35
1770110100,4916.335,4916.575,4890.37,4891.625
1770111000,4891.63,4922.485,4884.625,4921.515
1770111900,4921.525,4926.395,4914.915,4916.175
1770112800,4916.21,4930.075,4914.15,4923.02
1770113700,4923.125,4923.165,4914.085,4914.695
1770114600,4914.715,4924.02,4913.775,4920.12
1770115500,4919.985,4924.355,4901.735,4902.57
1770116400,4902.63,4912.72,4889.88,4906.765
1770117300,4906.56,4910.275,4883.69,4901.25
1770118200,4901.24,4919.485,4898.465,4909.77
1770119100,4909.765,4917.42,4898.92,4917.01
1770120000,4916.915,4936.63,4910.025,4925.08
1770120900,4925.09,4926.115,4892.27,4902.565
1770121800,4902.57,4919.71,4900.23,4912.445
1770122700,4912.46,4918.735,4907.2,4913.83
1770123600,4913.825,4930.975,4902.895,4929.06
1770124500,4929.095,4939.52,4917.245,4934.485
1770125400,4934.49,4942.2,4928.845,4941.86
1770126300,4941.88,4951.295,4921.045,4933.07
1770127200,4933.14,4937.195,4917.665,4924.215
1770128100,4924.17,4925.53,4896.25,4925.11
1770129000,4925.235,4929.23,4893.775,4918.5
1770129900,4918.47,4930.62,4910.01,4917.07
1770130800,4916.945,4948.84,4904.805,4936.405
1770131700,4936.435,4943.14,4908.325,4925.25
1770132600,4925.205,4929.05,4908.18,4924.12
1770133500,4924.115,4935.85,4918.28,4935.445
1770134400,4935.595,4946.13,4929.665,4944.265
1770135300,4944.24,4980.76,4941.45,4973.38
1770136200,4973.355,4993.835,4964.465,4980.96
1770137100,4980.955,4983.47,4951.83,4955.63
1770138000,4955.415,4962.525,4923.42,4944.27
1770138900,4944.175,4970.05,4937.27,4948.63
1770139800,4948.61,4964.845,4913.565,4922.27
1770140700,4922.36,4948.265,4907.63,4929.04
1770141600,4928.675,4954.285,4926.435,4943.225
1770142500,4943.26,4948.545,4904.83,4908.97
1770143400,4908.985,4918.705,4884.765,4906.15
1770144300,4905.79,4915.43,4891.58,4908.43
1770145200,4908.35,4918.03,4880.595,4915.895
1770146100,4915.91,4933.74,4914.84,4930.68
1770147000,4930.605,4948.87,4922.265,4940.4
1770147900,4940.41,4942.355,4915.89,4927.23
1770148800,4927.09,4927.375,4902.11,4921.065
1770149700,4921.16,4942.205,4911.89,4939.28
1770150600,4939.325,4957.21,4937.65,4951.88
1770151500,4951.89,4956.78,4932.79,4944.105
1770152400,4944.125,4964.24,4938.38,4958.16
1770153300,4958.15,4958.66,4942.97,4950.78
1770154200,4950.79,4958.435,4935.535,4940.415
1770155100,4940.425,4949.245,4934.075,4946.805
1770159600,4959.765,4959.765,4909.17,4933.125
1770160500,4933.145,4945.18,4920.285,4923.855
1770161400,4923.875,4951.03,4920.69,4948.75
1770162300,4948.745,4955.74,4940.03,4947.82
1770163200,4947.84,4988.165,4946.16,4987.155
1770164100,4987.145,5000.4,4978.24,4981.52
1770165000,4981.425,4994.61,4968.515,4987.31
1770165900,4987.305,5016.53,4987.07,5015.855
1770166800,5015.83,5053.675,4985.05,5051.23
1770167700,5051.21,5053.575,5031.47,5037.445
1770168600,5037.455,5039.5,5010.965,5032.55
1770169500,5032.545,5050.545,5028.26,5046.855
1770170400,5046.81,5065.795,5046.695,5060
1770171300,5059.995,5065.19,5052.99,5057.86
1770172200,5057.855,5062.33,5039.22,5060.875
1770173100,5060.88,5061.335,5035.72,5040.2
1770174000,5040.155,5056.415,5036.055,5049.07
1770174900,5049.065,5055.075,5039.35,5051.945
1770175800,5052.01,5072.395,5051.815,5062.905
1770176700,5062.88,5073.745,5061.74,5070.115
1770177600,5070.045,5073.94,5062.995,5072.87
1770178500,5072.875,5074.125,5056.28,5061.975
1770179400,5061.965,5073.135,5060.44,5072.04
1770180300,5071.94,5081.54,5071.325,5080.665
1770181200,5080.615,5084,5076.86,5083.025
1770182100,5083.03,5085.48,5078.87,5080.2
1770183000,5080.275,5086.83,5069.29,5081.38
1770183900,5081.7,5090.435,5077.31,5079.455
1770184800,5079.46,5083.17,5055.855,5059.905
1770185700,5059.915,5068.39,5051.155,5054.44
1770186600,5054.485,5070.97,5053.855,5070.46
1770187500,5070.465,5080.215,5067.585,5076.87
1770188400,5076.855,5082.93,5063.235,5063.335
1770189300,5063.615,5089.65,5062.505,5089.36
1770190200,5089.345,5090.445,5066.47,5080.79
1770191100,5080.645,5091.755,5080.335,5084.905
1770192000,5084.895,5091.93,5074.855,5077.49
1770192900,5077.61,5087.58,5076.885,5084.24
1770193800,5084.28,5085.32,5068.87,5079.635
1770194700,5079.705,5085.235,5071.505,5083.73
1770195600,5083.63,5086.975,5067.895,5069.095
1770196500,5069.025,5069.255,5053.38,5056.95
1770197400,5056.975,5066.205,5043.245,5057.405
1770198300,5057.355,5064.45,5047.405,5060.1
1770199200,5060.245,5064.58,5048.165,5054.005
1770200100,5053.995,5056.825,5041.98,5043.47
1770201000,5044.27,5061.63,5044.27,5060.115
1770201900,5060.09,5061.155,5045.67,5048.7
1770202800,5048.675,5053.495,5042.505,5042.7
1770203700,5042.665,5044.38,5013.77,5023.965
1770204600,5023.97,5040.23,5022.06,5032.545
1770205500,5032.585,5050.5,5030.25,5047.49
1770206400,5047.56,5055.375,5037.385,5045.495
1770207300,5045.58,5050.34,5039.99,5047.625
1770208200,5047.63,5063.51,5047.47,5055.75
1770209100,5055.885,5058.175,5036.495,5041.295
1770210000,5041.375,5046.235,5023.735,5031.18
1770210900,5031,5054.43,5030.325,5049.32
1770211800,5049.405,5059.105,5033.055,5036.975
1770212700,5036.845,5063.735,5035.52,5054.185
1770213600,5054.195,5059.23,5034.455,5048.065
1770214500,5048.055,5051.36,5028.94,5031.445
1770215400,5031.43,5038.29,4967.005,4997.305
1770216300,4997.545,5018.49,4970.925,4987.045
1770217200,4987.04,5008.05,4972.53,4990.35
1770218100,4990.34,4994.015,4950.545,4958.16
1770219000,4958.18,4962.52,4887.62,4944.605
1770219900,4944.59,4950.515,4909.805,4920.41
1770220800,4920.36,4940.31,4895.46,4932.085
1770221700,4932.19,4936.47,4890.46,4924.515
1770222600,4924.535,4934.845,4895.135,4897.075
1770223500,4896.955,4910.52,4848.405,4904.53
1770224400,4904.54,4923.38,4892.41,4921.265
1770225300,4921.35,4925.77,4888.225,4917.635
1770226200,4917.675,4931.535,4902.705,4907.88
1770227100,4907.86,4910.315,4895.095,4897.86
1770228000,4897.92,4921.435,4872.865,4910.535
1770228900,4910.525,4935.09,4896.105,4926.365
1770229800,4926.39,4928.72,4903.935,4920.17
1770230700,4920.185,4932.465,4910.83,4927.68
1770231600,4927.795,4946.975,4914.575,4946.665
1770232500,4946.64,4950.325,4920.69,4933.975
1770233400,4933.915,4945.15,4928.71,4942.415
1770234300,4942.12,4957.72,4931.325,4941.72
1770235200,4941.775,4945.85,4921.515,4933.74
1770236100,4933.75,4937.08,4919.41,4922.75
1770237000,4922.8,4951.85,4914.245,4942.555
1770237900,4942.585,4951.295,4934.12,4938.33
1770238800,4938.24,4953.9,4937.49,4953.645
1770239700,4953.625,4959.605,4949.595,4959.075
1770240600,4959.05,4970.43,4952.88,4962.12
1770241500,4962.13,4971.18,4958.77,4964.455
1770246000,4995.96,5010.165,4987.85,5009.99
1770246900,5010.01,5021.315,5000.5,5019.8
1770247800,5019.805,5023.755,5009.665,5022.98
1770248700,5022.91,5024.03,5008.2,5012.535
1770249600,5012.42,5018.385,4996.95,4998.63
1770250500,4998.62,5019.65,4997.655,5015.975
1770251400,5015.89,5018.495,5009.295,5018.42
1770252300,5018.415,5020.555,5004.195,5006.845
1770253200,5007.335,5012.325,4967.275,4968.455
1770254100,4968.405,4973.58,4935.81,4952.57
1770255000,4952.575,4985.25,4952.52,4980.165
1770255900,4980.16,4986.56,4957.92,4959.135
1770256800,4959.185,4962.33,4902.45,4915.805
1770257700,4915.745,4942.335,4895.77,4936.895
1770258600,4936.905,4941,4895.55,4896.985
1770259500,4897.03,4899.21,4805.98,4812.24
1770260400,4812.26,4858.475,4789.655,4847.365
1770261300,4847.28,4888.69,4833.4,4859.345
1770262200,4859.325,4879.855,4839.39,4867.435
1770263100,4867.385,4886.1,4852.68,4880.96
1770264000,4880.83,4885.455,4863.515,4875.41
1770264900,4875.48,4891.49,4871.225,4887.01
1770265800,4887.23,4888.41,4870.165,4886.64
1770266700,4886.665,4888.21,4863.78,4864.19
1770267600,4864.165,4876.165,4849.06,4852.995
1770268500,4852.68,4870.625,4840.345,4869.105
1770269400,4869.1,4887.455,4825.83,4885.68
1770270300,4885.725,4906.57,4885.71,4896.725
1770271200,4896.71,4920.635,4877.655,4910.58
1770272100,4910.535,4930.3,4901.395,4929.705
1770273000,4929.71,4930.56,4909.585,4929.42
1770273900,4929.555,4934.125,4898.68,4920.27
1770274800,4920.255,4931.21,4915.9,4922.02
1770275700,4921.96,4940.92,4911.34,4932.38
1770276600,4932.37,4933.685,4896.065,4910.62
1770277500,4910.56,4920.46,4907.21,4915.145
1770278400,4915.1,4942.705,4912.665,4940.82
1770279300,4940.84,4943.735,4919.495,4920.995
1770280200,4920.985,4929.445,4917.22,4922.355
1770281100,4922.35,4923.25,4900.9,4911.89
1770282000,4911.865,4914.15,4862.605,4863.57
1770282900,4863.5,4887.315,4853.275,4874.49
1770283800,4874.485,4891.59,4873.525,4890.215
1770284700,4889.905,4894.525,4849.9,4855.395
1770285600,4855.39,4874.775,4852.26,4874.65
1770286500,4874.37,4878.35,4847.485,4861.875
1770287400,4861.89,4879.675,4852.005,4876.65
1770288300,4877.09,4887.115,4868.435,4877.325
1770289200,4877.32,4889.195,4877.065,4887.47
1770290100,4887.5,4894.805,4879.4,4892.235
1770291000,4892.255,4893.505,4870.465,4872
1770291900,4872.04,4886.415,4864.475,4868.365
1770292800,4868.44,4878.36,4834.4,4840.52
1770293700,4840.43,4848.595,4810.8,4848.005
1770294600,4848,4871.12,4840.805,4848.275
1770295500,4848.27,4868.095,4837.99,4854.245
1770296400,4854.22,4855.35,4802.06,4826.675
1770297300,4826.645,4865.99,4825.165,4850.405
1770298200,4850.83,4868.82,4822.78,4825.05
1770299100,4825.025,4847.045,4820.205,4835.635
1770300000,4835.645,4850.55,4811.865,4814.875
1770300900,4814.87,4838.54,4810.195,4835.37
1770301800,4835.385,4865.935,4806.26,4859.31
1770302700,4859.38,4869.81,4839.22,4846.34
1770303600,4846.01,4866.825,4822.06,4828.57
1770304500,4828.56,4846.045,4813.52,4819.92
1770305400,4819.855,4838.515,4809.885,4811.78
1770306300,4811.81,4825.56,4800.535,4817.91
1770307200,4817.89,4841.935,4812.675,4820.695
1770308100,4820.705,4856.92,4818.665,4849.98
1770309000,4849.985,4880.47,4844.77,4878.445
1770309900,4878.595,4906.735,4864.44,4888.855
1770310800,4888.885,4890.59,4865.895,4875.405
1770311700,4875.36,4880.425,4859.225,4867.505
1770312600,4867.47,4878.68,4859.555,4870.915
1770313500,4871.05,4885.325,4863.845,4869.025
1770314400,4868.98,4875.25,4855.015,4861.49
1770315300,4861.485,4875.23,4851.69,4869.71
1770316200,4869.765,4873.245,4854.29,4870.68
1770317100,4870.94,4873.325,4851.31,4858.13
1770318000,4858.055,4865.355,4842.4,4851.31
1770318900,4851.395,4859.82,4846.725,4851.545
1770319800,4851.53,4854.21,4828.11,4837.2
1770320700,4837.165,4843.93,4823.85,4829.485
1770321600,4829.66,4843.555,4813.595,4833.495
1770322500,4833.62,4835.965,4810.78,4825.74
1770323400,4825.775,4832.125,4807.11,4813.045
1770324300,4813.035,4817.335,4793.205,4811.575
1770325200,4811.585,4826.315,4804.96,4810.575
1770326100,4810.62,4814.015,4795.655,4802.795
1770327000,4802.78,4804.935,4759.745,4764.17
1770327900,4764.145,4782.02,4759.48,4780.675
1770332400,4778.27,4782.14,4766.165,4769.165
1770333300,4769.13,4773.29,4748.7,4751.94
1770334200,4751.935,4757.045,4732.925,4742.04
1770335100,4742.03,4743.275,4703.485,4703.78
1770336000,4703.775,4707.695,4679.745,4682.54
1770336900,4682.535,4730.4,4655.23,4724.4
1770337800,4724.415,4760.745,4708.1,4759.3
1770338700,4758.785,4764.72,4739.055,4763.3
1770339600,4763.315,4763.735,4693.835,4747.725
1770340500,4747.72,4762.935,4704.475,4712.06
1770341400,4712.135,4747.55,4705.275,4741.82
1770342300,4741.795,4785.005,4736.695,4774.51
1770343200,4774.49,4796.965,4760.865,4788.06
1770344100,4788.055,4821.92,4783.005,4820.735
1770345000,4820.645,4846.66,4809.54,4826.045
1770345900,4826.07,4832.54,4809.345,4816.73
1770346800,4816.685,4839.665,4808.96,4814.52
1770347700,4814.475,4828.05,4801.375,4811.71
1770348600,4811.73,4825.36,4800.515,4805.31
1770349500,4805.305,4827.67,4805.295,4824.385
1770350400,4824.35,4828.075,4815.18,4819.445
1770351300,4819.45,4827.925,4807.265,4826.675
1770352200,4826.665,4832.005,4819.915,4822.54
1770353100,4822.8,4824.715,4810.395,4813.965
1770354000,4813.63,4826.225,4807.72,4824.28
1770354900,4824.285,4852.46,4819.445,4852.18
1770355800,4852.165,4871.555,4837.18,4865.93
1770356700,4865.935,4898.15,4862.39,4897.55
1770357600,4897.465,4903.4,4865.78,4866.74
1770358500,4866.745,4872.37,4848.52,4853.75
1770359400,4853.68,4866.975,4836.64,4846.54
1770360300,4846.52,4856.295,4824.705,4846.36
1770361200,4846.35,4854.845,4838.215,4849.34
1770362100,4849.33,4861.91,4842.6,4858.555
1770363000,4858.535,4860.105,4847.7,4856.87
1770363900,4856.82,4857.125,4840.2,4841.03
1770364800,4841.09,4854.035,4829.71,4851.565
1770365700,4851.56,4874.5,4848.17,4867.61
1770366600,4867.62,4882.34,4855.525,4860.345
1770367500,4860.365,4864.62,4852.605,4862.06
1770368400,4861.905,4871.505,4839.755,4840.195
1770369300,4840.24,4866.96,4838.68,4863.745
1770370200,4863.73,4873.07,4858.42,4858.45
1770371100,4858.455,4870.985,4856.475,4866.805
1770372000,4866.8,4877.97,4866.115,4872.135
1770372900,4872.3,4876.47,4852.045,4855.205
1770373800,4854.975,4878.29,4853.295,4875.615
1770374700,4875.61,4880.13,4867.495,4878.76
1770375600,4878.755,4888.04,4863.83,4884.635
1770376500,4884.545,4894.065,4878.705,4891.01
1770377400,4891.015,4893.58,4880.335,4886.86
1770378300,4886.855,4896.1,4883,4887.38
1770379200,4887.375,4903.61,4883.815,4896.16
1770380100,4896.16,4896.52,4871.66,4877.845
1770381000,4877.89,4896.115,4877.275,4894.555
1770381900,4894.285,4903.94,4894.285,4900.465
1770382800,4900.47,4927.66,4897.355,4909.8
1770383700,4909.845,4928.425,4904.98,4909.05
1770384600,4909.02,4938.505,4908.83,4932.36
1770385500,4932.305,4934.68,4921.93,4929.115
1770386400,4929.13,4933.01,4909.68,4922.015
1770387300,4922.02,4926.5,4894.45,4905.31
1770388200,4905.29,4947.66,4897.55,4932.51
1770389100,4932.535,4949.975,4927.28,4948.29
1770390000,4948.16,4964.815,4938.985,4948.09
1770390900,4948.12,4960.08,4935.55,4955.655
1770391800,4955.87,4960.65,4939.305,4942.87
1770392700,4942.92,4951.06,4928.5,4943.77
1770393600,4943.725,4950.46,4937.185,4940.82
1770394500,4940.695,4946.005,4921.85,4938.63
1770395400,4938.66,4948.435,4930.015,4940.145
1770396300,4940.1,4953.62,4936.555,4951.875
1770397200,4951.83,4960.845,4949.34,4957.725
1770398100,4957.76,4959.42,4952.53,4954.645
1770399000,4954.62,4968.72,4948.24,4954.375
1770399900,4954.38,4964.28,4953.675,4960.6
1770400800,4960.58,4971.34,4958.94,4965.76
1770401700,4965.75,4966.5,4943.835,4956.155
1770402600,4956.14,4965.675,4951.66,4964.465
1770403500,4964.49,4968.655,4960.75,4962.47
1770404400,4962.48,4963.285,4953.945,4958.755
1770405300,4958.72,4962.105,4957.165,4957.675
1770406200,4957.66,4958.805,4948.585,4952.06
1770407100,4952.04,4962.77,4951.785,4957.135
1770408000,4957.14,4959.34,4951.15,4953.335
1770408900,4953.325,4957.465,4946.7,4955.11
1770409800,4955.115,4955.205,4936.69,4944.1
1770410700,4944.09,4954.26,4940.2,4953.33
1770411600,4953.345,4958.395,4946.4,4949.635
1770412500,4949.64,4954.9,4947.58,4953.975
1770413400,4953.99,4964.66,4953.71,4960.74
1770414300,4960.59,4968.915,4957.98,4964.62
1770591600,4989.93,4990.67,4965.42,4980.36
1770592500,4980.45,5028.35,4976.795,5024.765
1770593400,5024.49,5044.45,5020.15,5041.75
1770594300,5041.745,5047.915,5033.855,5036.085
1770595200,5036.07,5045.11,5025.07,5029.75
1770596100,5029.845,5041.465,5022.365,5035.54
1770597000,5035.585,5037.905,5016.76,5028.06
1770597900,5028.105,5028.12,5012.075,5019.93
1770598800,5020.51,5042.105,5005.435,5019.305
1770599700,5019.205,5032.46,5010.225,5017.34
1770600600,5017.365,5022.63,4976.15,5009.92
1770601500,5009.925,5012.4,4980.25,4983.005
1770602400,4982.955,5001.05,4968.885,4997.265
1770603300,4997.26,5001.765,4989.415,5001.38
1770604200,5001.375,5006.48,4989.62,4997.11
1770605100,4997.445,5017.585,4986.465,5007.245
1770606000,5007.23,5021.585,5005.72,5020.49
1770606900,5020.495,5027.015,5012.49,5025.09
1770607800,5025.06,5031.275,5018.805,5024.905
1770608700,5024.89,5028.12,5012.305,5016.06
1770609600,5016.105,5023.86,5012.25,5012.25
1770610500,5012.24,5024.845,5008.775,5017.61
1770611400,5017.595,5023.175,5014.95,5018.72
1770612300,5018.715,5020.485,5007.42,5011.955
1770613200,5011.975,5020.175,5011.315,5015.45
1770614100,5015.53,5031.805,5015.52,5030.3
1770615000,5030.085,5041.755,5025.87,5034.345
1770615900,5034.42,5038.21,5023.43,5036.605
1770616800,5036.68,5045.815,5031.71,5034.45
1770617700,5034.075,5037.62,5013.92,5025.58
1770618600,5025.615,5036.48,5020.895,5035.77
1770619500,5035.77,5040.255,5027.035,5031.155
1770620400,5031.135,5031.14,5008.225,5013.31
1770621300,5013.435,5015.29,4997.855,5008.61
1770622200,5008.715,5015.29,5007.4,5012.805
1770623100,5012.81,5012.955,5001.155,5006.475
1770624000,5006.455,5021.35,5003,5020.335
1770624900,5020.34,5032.115,5020.25,5025.9
1770625800,5025.71,5032.665,5021.355,5029.6
1770626700,5029.595,5036.2,5024.19,5027.56
1770627600,5027.675,5041.4,5022.935,5025.89
1770628500,5025.885,5027.645,5016.41,5024.425
1770629400,5024.38,5027.485,5011.835,5014.74
1770630300,5014.65,5015.615,5002.78,5007.985
1770631200,5007.93,5013.885,4996.71,5010.29
1770632100,5010.2,5015.45,4986.235,4991.27
1770633000,4991.275,4999.52,4982.495,4987.01
1770633900,4986.97,4999.255,4983.175,4991.025
1770634800,4991.015,4999.27,4988.855,4993.17
1770635700,4993.215,5006.875,4991.32,5006.12
1770636600,5006.11,5013.205,5001.27,5008.78
1770637500,5008.74,5018.335,5007.61,5010.83
1770638400,5010.84,5017.475,5007.49,5016.55
1770639300,5016.73,5018.045,5010.58,5014.31
1770640200,5014.32,5021.92,5009.68,5015.445
1770641100,5015.47,5019.155,5007.435,5013.385
1770642000,5013.405,5025,5007.84,5022.185
1770642900,5022.18,5024.415,5003.57,5004.385
1770643800,5004.34,5014.965,4995.125,4998.81
1770644700,4998.815,5010.975,4996.425,5007.34
1770645600,5007.38,5017.67,5002.4,5015.405
1770646500,5015.4,5023.98,5009.86,5020.845
1770647400,5020.775,5037.295,5014.005,5036.665
1770648300,5036.69,5040.845,5031.01,5038.01
1770649200,5037.805,5042.37,5028.41,5030.19
1770650100,5030.21,5035.625,5023.76,5033.41
1770651000,5033.46,5056.365,5033.36,5055.945
1770651900,5056.025,5060.56,5052.615,5059.065
1770652800,5059.05,5068.725,5056.655,5063.815
1770653700,5063.9,5079.905,5063.68,5072.495
1770654600,5072.53,5078.74,5066.875,5078.265
1770655500,5078.235,5080.895,5071.02,5073.57
1770656400,5073.585,5075.62,5060.905,5063.63
1770657300,5063.68,5071.905,5063.6,5068.21
1770658200,5068.325,5070.575,5061.135,5062.625
1770659100,5062.645,5064.22,5040.965,5046.3
1770660000,5046.29,5059.345,5046.265,5058.49
1770660900,5058.47,5059.94,5044.44,5054.28
1770661800,5054.505,5059.62,5048.74,5056.41
1770662700,5056.475,5064.125,5051.545,5062.85
1770663600,5062.84,5069.27,5062.495,5066.48
1770664500,5066.485,5074.37,5064.21,5074.225
1770665400,5074.23,5080.145,5072.9,5075.79
1770666300,5075.72,5077.93,5073.205,5074.62
1770667200,5074.685,5080.76,5073.52,5079.415
1770668100,5079.38,5081.86,5075.86,5080.54
1770669000,5080.555,5086.68,5072.215,5077.75
1770669900,5077.8,5082.965,5073.505,5079.705
1770670800,5079.7,5083.2,5061.805,5063.305
1770671700,5063.2,5066.35,5048.4,5055.18
1770672600,5055.195,5064.65,5054,5061.815
1770673500,5061.81,5066.385,5056.965,5057.775
1770678000,5057.535,5064.13,4987.385,5013.305
1770678900,5013.31,5029.1,5002.3,5023.755
1770679800,5023.795,5040.975,5013.675,5040.205
1770680700,5040.205,5042.67,5029.975,5031.995
1770681600,5032,5048.65,5032,5035.31
1770682500,5035.32,5044.76,5031.735,5034.195
1770683400,5034.21,5041.06,5015.68,5023.82
1770684300,5023.98,5025.5,5009.015,5018.91
1770685200,5018.85,5034.665,5012.59,5031.575
1770686100,5031.58,5038.005,5013.875,5017.41
1770687000,5017.385,5033.115,5015.175,5029.14
1770687900,5029.19,5036.27,5024.415,5033.055
1770688800,5032.98,5046.535,5031.64,5042.13
1770689700,5042.08,5056.34,5040.2,5047.41
1770690600,5047.45,5053.1,5042.085,5050.5
1770691500,5050.545,5052.74,5034.995,5038.66
1770692400,5038.6,5038.6,5025.525,5026.945
1770693300,5026.91,5028.825,5016.535,5022.125
1770694200,5022.105,5032.355,5020.275,5024.65
1770695100,5024.61,5030.25,5016.42,5030.155
1770696000,5030.095,5031.115,5017.625,5023.88
1770696900,5023.895,5030.02,5022.925,5027.47
1770697800,5027.465,5029.96,5022.17,5027.005
1770698700,5026.98,5033.98,5024.92,5031.725
1770699600,5031.705,5035.48,5027.62,5029.855
1770700500,5029.745,5030.105,5011.445,5019.33
1770701400,5019.325,5032.675,5012.99,5032.63
1770702300,5032.685,5040.68,5031.33,5039.295
1770703200,5039.135,5045.73,5034.835,5037.13
1770704100,5037.135,5037.815,5030.835,5031.54
1770705000,5031.545,5039.205,5026.92,5029.095
1770705900,5029.12,5036.39,5019.07,5024.62
1770706800,5024.625,5034.47,5018.67,5028.895
1770707700,5028.89,5031.795,5019.56,5025.425
1770708600,5025.435,5034.905,5025.115,5028.895
1770709500,5028.89,5036.2,5026.815,5033.975
1770710400,5033.965,5041.29,5028.82,5033.155
1770711300,5033.2,5041.31,5032.44,5035.7
1770712200,5035.66,5048.96,5034.29,5048.83
1770713100,5048.77,5055.26,5038.775,5042.07
1770714000,5042.02,5063.55,5040.61,5051.705
1770714900,5051.71,5055.865,5045.55,5052.345
1770715800,5052.295,5053.38,5045.485,5049.15
1770716700,5049.16,5050.22,5042.095,5046.905
1770717600,5046.9,5052.825,5040.825,5041.245
1770718500,5041.21,5050.69,5037.225,5047.765
1770719400,5047.735,5058.195,5045.99,5054.18
1770720300,5054.225,5056.825,5044.165,5047.005
1770721200,5046.945,5053.145,5044.525,5050.705
1770722100,5050.7,5051.915,5045.325,5048.03
1770723000,5047.97,5054.225,5046.025,5047.505
1770723900,5047.155,5057.555,5045.155,5056.135
1770724800,5056.185,5057.285,5041.22,5044.055
1770725700,5043.895,5051.555,5042.545,5046.67
1770726600,5046.685,5047.96,5023.815,5029.815
1770727500,5029.82,5034.495,5019.935,5032.215
1770728400,5032.285,5042.62,5026.605,5042.53
1770729300,5042.55,5046.395,5033.455,5037.96
1770730200,5038.045,5059.06,5038.045,5053.065
1770731100,5053.195,5057.435,5049.53,5051.175
1770732000,5051.195,5058.51,5046.745,5056.025
1770732900,5056.03,5074.86,5056.03,5070.365
1770733800,5070.455,5078.745,5053.39,5056.08
1770734700,5056.085,5056.45,5020.795,5039.53
1770735600,5039.085,5043.945,5029.015,5042.3
1770736500,5042.295,5048.04,5032.115,5032.115
1770737400,5032.07,5037.445,4998.95,5014.195
1770738300,5014.21,5029.905,5012.055,5019.6
1770739200,5019.61,5023.1,5006.58,5020.91
1770740100,5020.845,5024.67,5005.785,5010.24
1770741000,5010.235,5023.86,5008.565,5022.03
1770741900,5022.035,5026.575,5016.065,5023.94
1770742800,5023.92,5027.495,5020.78,5024.625
1770743700,5024.59,5039.19,5024.455,5036.75
1770744600,5036.76,5039.325,5032.12,5037.84
1770745500,5037.865,5040.22,5025.02,5026.605
1770746400,5026.585,5027.985,5013.78,5016.725
1770747300,5016.61,5018.87,5004.73,5008.63
1770748200,5008.625,5016.65,5005.145,5015.595
1770749100,5015.58,5017.26,5007.07,5013.17
1770750000,5013.16,5014.095,5009.015,5012.595
1770750900,5012.61,5021.99,5012.435,5021.175
1770751800,5021.19,5030.17,5021.18,5024.535
1770752700,5024.525,5030.375,5024.525,5028.155
1770753600,5028.165,5030.095,5020.5,5026.165
1770754500,5026.17,5034.19,5023.52,5028.365
1770755400,5028.33,5036.57,5027.435,5036.35
1770756300,5036.385,5045.6,5027.985,5030.315
1770757200,5030.29,5032.865,5025.615,5029.335
1770758100,5029.345,5029.82,5023.14,5026.17
1770759000,5026.16,5028.235,5023.06,5024.17
1770759900,5024.14,5027.38,5020.4,5025.12
1770764400,5033.585,5037.18,5028.975,5034.24
1770765300,5034.235,5054.855,5034.2,5046.555
1770766200,5046.57,5048.075,5038.475,5042.5
1770767100,5042.46,5047.52,5038.755,5041.735
1770768000,5041.795,5044.605,5030.88,5034.315
1770768900,5034.31,5041.31,5028.39,5040.235
1770769800,5040.09,5049.625,5039.435,5041.58
1770770700,5041.575,5042.575,5034.62,5037.735
1770771600,5037.895,5047.825,5030.845,5041.385
1770772500,5041.365,5045.665,5035.36,5037.965
1770773400,5037.955,5046,5032.71,5044.175
1770774300,5044.17,5053.035,5041.27,5052.6
1770775200,5052.575,5056.885,5035,5037.21
1770776100,5037.215,5046.8,5032.745,5042.28
1770777000,5042.255,5054.33,5041.245,5054.19
1770777900,5054.195,5057.775,5050.865,5055.89
1770778800,5055.735,5056.64,5049.335,5049.335
1770779700,5049.34,5059.195,5045.165,5057.215
1770780600,5057.21,5060.66,5053.715,5058.245
1770781500,5058.52,5061.02,5053.245,5054.49
1770782400,5054.365,5058.645,5053.185,5057.805
1770783300,5057.825,5059.545,5056.6,5058.325
1770784200,5058.225,5059.42,5052.025,5052.39
1770785100,5052.34,5056.18,5045.85,5046.59
1770786000,5046.62,5050.23,5043.8,5048.34
1770786900,5048.385,5053.73,5046.08,5053.36
1770787800,5053.32,5064.04,5052.8,5062.325
1770788700,5062.34,5062.89,5046.345,5053.15
1770789600,5053.14,5057.57,5049.59,5054.73
1770790500,5054.79,5061.78,5053.67,5056.835
1770791400,5056.845,5060.76,5053.56,5054.22
1770792300,5054.245,5064.7,5051.86,5064.22
1770793200,5064.24,5069.235,5057.385,5059.42
1770794100,5059.385,5066.29,5052.59,5059.965
1770795000,5059.985,5061.925,5053.56,5054.84
1770795900,5054.785,5056.5,5049.125,5055.505
1770796800,5055.315,5060.51,5051.855,5051.865
1770797700,5051.755,5055.88,5050.73,5051.675
1770798600,5051.745,5053.84,5045.92,5052.72
1770799500,5052.58,5055.22,5050.605,5053.8
1770800400,5053.75,5056.01,5047.345,5051.84
1770801300,5051.85,5055.07,5050.415,5054.515
1770802200,5054.465,5066.145,5053.775,5064.665
1770803100,5064.67,5072.185,5059.99,5062.925
1770804000,5062.91,5069.98,5062.59,5069.19
1770804900,5069.215,5076.685,5068.285,5071.065
1770805800,5071.07,5100.28,5068.24,5099.73
1770806700,5099.75,5101.49,5091.245,5093.245
1770807600,5093.3,5095.985,5082.68,5089.635
1770808500,5089.63,5108.255,5089.63,5107.605
1770809400,5107.84,5110.29,5100.975,5108.69
1770810300,5108.86,5116.725,5108.38,5111.67
1770811200,5111.665,5119.345,5098.725,5106.08
1770812100,5106.02,5107.285,5086.54,5095.38
1770813000,5095.365,5098.915,5052.53,5068.66
1770813900,5068.645,5083.945,5065.895,5083.525
1770814800,5083.395,5088.34,5073.215,5082.655
1770815700,5082.505,5090.24,5064.065,5082.47
1770816600,5082.59,5084.36,5019.715,5060.445
1770817500,5060.35,5073.28,5055.01,5065.77
1770818400,5065.79,5077.725,5062.01,5073.995
1770819300,5073.975,5083.345,5066.895,5071.09
1770820200,5071.11,5076.675,5035.78,5043.02
1770821100,5043.055,5065.335,5040.575,5059.445
1770822000,5059.395,5081.9,5053.765,5067.115
1770822900,5067.09,5074.605,5043.54,5049.085
1770823800,5049.1,5057.885,5039.305,5048.695
1770824700,5048.78,5063.265,5044.74,5060.07
1770825600,5060.035,5064.34,5051.66,5056.08
1770826500,5056.125,5062.335,5043.115,5061.005
1770827400,5060.995,5078.31,5056.105,5074.015
1770828300,5074.02,5076.795,5071.46,5075.22
1770829200,5075.265,5085.39,5068.545,5084.91
1770830100,5084.945,5091.32,5080.395,5087.515
1770831000,5087.29,5099.315,5081.45,5096.32
1770831900,5096.42,5097.725,5088.05,5091.53
1770832800,5091.45,5092.995,5066.96,5072.975
1770833700,5072.93,5079.485,5068.76,5073.74
1770834600,5073.675,5085.605,5071.2,5083.67
1770835500,5083.675,5087.45,5079.99,5082.64
1770836400,5082.59,5092.705,5082.36,5089.175
1770837300,5089.16,5094.29,5087.7,5091.695
1770838200,5091.69,5092.015,5081.295,5085.78
1770839100,5085.77,5088.525,5076.92,5081.99
1770840000,5081.97,5088.39,5079.715,5088.255
1770840900,5088.235,5089.105,5083.725,5084.905
1770841800,5084.92,5087.35,5078.22,5086.665
1770842700,5086.7,5090.195,5084.58,5086.985
1770843600,5086.97,5089.29,5084.455,5088.485
1770844500,5088.475,5093.335,5077.705,5082.365
1770845400,5082.375,5084.61,5069.965,5080.675
1770846300,5080.08,5085.27,5076.805,5084.28
1770850800,5095.495,5095.915,5053.89,5063.375
1770851700,5063.36,5071.18,5058.745,5068.93
1770852600,5068.67,5069.695,5059.88,5063.585
1770853500,5063.58,5071.385,5059.875,5061.55
1770854400,5061.465,5067.945,5049.98,5056.93
1770855300,5056.94,5066.69,5053.825,5060.655
1770856200,5060.675,5066.095,5055.99,5059.27
1770857100,5059.28,5065.945,5058.795,5063.13
1770858000,5063.02,5063.105,5045.445,5050.03
1770858900,5050.035,5061.51,5047.04,5058.89
1770859800,5058.895,5064.315,5055.85,5060.96
1770860700,5060.965,5063.67,5053.115,5063.65
1770861600,5063.56,5072.75,5063.56,5068.49
1770862500,5068.575,5073.25,5062.275,5066.915
1770863400,5066.93,5069.99,5056.54,5058.07
1770864300,5058.075,5066.995,5055.055,5066.1
1770865200,5066.01,5074.875,5062.91,5068.655
1770866100,5068.66,5071.25,5054.82,5060.15
1770867000,5060.13,5067.205,5059.125,5065.495
1770867900,5065.5,5065.535,5055.07,5056.995
1770868800,5056.98,5059.065,5052.42,5055.115
1770869700,5055.105,5057.65,5050.985,5056.47
1770870600,5056.475,5060.33,5054.42,5058.12
1770871500,5058.115,5070.36,5055.325,5069.61
1770872400,5069.615,5078.42,5065.65,5074.88
1770873300,5074.865,5078.105,5070.57,5071.78
1770874200,5071.765,5072.67,5064.46,5072.115
1770875100,5072.12,5076.26,5067.42,5075.815
1770876000,5075.69,5076.475,5062.38,5069.13
1770876900,5069.13,5070.385,5055.36,5055.55
1770877800,5055.535,5058.155,5047.13,5057.89
1770878700,5057.9,5061.83,5054.05,5060.01
1770879600,5060.005,5066.49,5052,5062.985
1770880500,5062.98,5064.66,5056.775,5062.32
1770881400,5062.355,5064.05,5058.05,5058.815
1770882300,5058.65,5065.93,5056.8,5064.085
1770883200,5064.075,5073.6,5063.98,5067.97
1770884100,5067.965,5069.74,5060.965,5060.965
1770885000,5060.93,5063.54,5052.43,5062.995
1770885900,5063,5072.37,5060.455,5068.625
1770886800,5068.605,5076.295,5066.25,5074.055
1770887700,5074.06,5077.975,5071.28,5071.48
1770888600,5071.53,5073.955,5068.7,5072.9
1770889500,5072.925,5080.91,5071.215,5073.265
1770890400,5073.27,5077.09,5064.045,5066.33
1770891300,5066.125,5066.31,5061.045,5061.385
1770892200,5061.375,5066.3,5061.165,5062.51
1770893100,5062.46,5062.95,5056.29,5062.48
1770894000,5062.49,5065.58,5059.53,5061.19
1770894900,5061.36,5065.9,5061.17,5062.73
1770895800,5062.67,5065.71,5061.43,5063.88
1770896700,5063.93,5068.48,5061.74,5064.19
1770897600,5064.25,5066.765,5056.72,5062.49
1770898500,5062.35,5064.39,5060.19,5062.49
1770899400,5062.54,5068.665,5054.72,5057.88
1770900300,5057.835,5058.76,5048.935,5052.85
1770901200,5052.835,5066.085,5051.485,5065.715
1770902100,5065.71,5074.55,5062.25,5062.87
1770903000,5062.855,5077.175,5060.52,5075.58
1770903900,5075.68,5083.855,5074.735,5075.455
1770904800,5075.475,5077.905,5061.245,5065.135
1770905700,5065.125,5068.38,5055.02,5060.19
1770906600,5060.11,5071.815,5053.915,5056.385
1770907500,5056.335,5061.6,5039.7,5044.625
1770908400,5044.63,5066.08,5039.815,5064.99
1770909300,5064.975,5069.955,5062.115,5066.08
1770910200,5065.945,5072.375,5065.275,5070.77
1770911100,5070.845,5074.87,5060.09,5060.57
1770912000,5060.585,5068.36,4948.28,4951.365
1770912900,4951.245,4966.545,4878.5,4897.315
1770913800,4897.235,4969.515,4894.22,4953.43
1770914700,4953.385,4962.66,4931.63,4954.74
1770915600,4955.03,4967.25,4939.89,4959.71
1770916500,4959.66,4983.245,4955.325,4965.875
1770917400,4965.87,4975.095,4957.835,4969.845
1770918300,4969.86,4971.675,4939.925,4941.145
1770919200,4941.14,4950.525,4921.58,4933.895
1770920100,4933.83,4935.295,4906.765,4928.71
1770921000,4928.85,4946.825,4926.3,4940.705
1770921900,4940.7,4952.285,4933.475,4935.625
1770922800,4935.64,4941.655,4927.775,4933.3
1770923700,4933.265,4944.34,4929.575,4931.425
1770924600,4931.51,4950.425,4931.46,4946.695
1770925500,4946.69,4958.155,4943.43,4945.665
1770926400,4945.715,4948.68,4933.94,4941.045
1770927300,4941.04,4941.13,4921.86,4922.855
1770928200,4922.85,4928.325,4911.215,4920.925
1770929100,4920.99,4924.355,4912.08,4915.12
1770930000,4915.19,4922.96,4911.825,4916.9
1770930900,4916.85,4924.59,4912.98,4920.42
1770931800,4920.385,4926.455,4917.96,4918.395
1770932700,4918.455,4927.34,4915.905,4922.08
1770937200,4888.315,4911.76,4888.315,4911.3
1770938100,4911.185,4928.76,4911.185,4920.385
1770939000,4920.285,4926.49,4906.71,4914.055
1770939900,4914.06,4920.5,4906.14,4920.465
1770940800,4920.47,4949,4913.86,4942.29
1770941700,4942.21,4947.86,4934.725,4936.345
1770942600,4936.46,4945.985,4932.855,4940.865
1770943500,4940.86,4945.02,4926.84,4928.175
1770944400,4928.22,4967.86,4927.4,4965.355
1770945300,4965.355,4979.335,4962.05,4970.045
1770946200,4970.045,4982.51,4964.405,4980.225
1770947100,4980.23,4988.825,4975.24,4980.865
1770948000,4980.78,4984.94,4972.705,4977.95
1770948900,4977.91,4986.34,4975.695,4986.09
1770949800,4986.085,4989.48,4973.675,4984.165
1770950700,4984.15,4991.805,4972.315,4988.64
1770951600,4988.59,4989.435,4980.945,4984.03
1770952500,4983.71,4984.515,4973.97,4978.26
1770953400,4978.31,4983.915,4975.02,4977.29
1770954300,4977.275,4984.645,4976.33,4981.51
1770955200,4981.505,4987.685,4975.745,4985.965
1770956100,4985.97,4997.555,4984.965,4985.385
1770957000,4985.38,4986.42,4975.325,4976.955
1770957900,4976.96,4978.485,4972.99,4976.995
1770958800,4976.99,4982.1,4974.825,4978.56
1770959700,4978.555,4986.555,4964.915,4979.68
1770960600,4979.725,4980.315,4959.52,4964.155
1770961500,4964.155,4965.855,4944.93,4946.555
1770962400,4946.565,4962.04,4946.135,4958.45
1770963300,4958.47,4961.395,4950.055,4953.39
1770964200,4953.32,4962.085,4951,4955.18
1770965100,4955.205,4968.875,4951.015,4967.64
1770966000,4967.615,4968.105,4951.285,4960.545
1770966900,4960.55,4976.795,4959.155,4968.5
1770967800,4968.485,4982.9,4966.29,4970.775
1770968700,4970.77,4982.065,4969.25,4975.045
1770969600,4975.16,4989.695,4972.345,4979.455
1770970500,4979.665,4985.97,4977.095,4982.49
1770971400,4982.495,4985.8,4978.565,4983.505
1770972300,4983.57,4987.075,4970.91,4982.795
1770973200,4982.81,4982.975,4976.575,4977.79
1770974100,4977.785,4982.09,4964.44,4965.02
1770975000,4964.795,4974.06,4961.49,4971.135
1770975900,4970.905,4976.84,4968.98,4970.34
1770976800,4970.355,4978.015,4967.185,4972.715
1770977700,4972.855,4980.89,4966.115,4977.45
1770978600,4977.47,4978.6,4967.74,4969.485
1770979500,4969.49,4970.44,4947.17,4950.1
1770980400,4950.07,4953.95,4941.125,4951.645
1770981300,4951.575,4953.025,4933.635,4945.27
1770982200,4945.33,4948.945,4935.37,4944.395
1770983100,4944.39,4955.51,4939.615,4953.64
1770984000,4953.645,4964.845,4952.235,4964.16
1770984900,4964.07,4973.255,4962.78,4967.385
1770985800,4967.36,4973.87,4964.02,4966.465
1770986700,4966.275,4974.23,4964.185,4969.605
1770987600,4969.66,4976.375,4965.725,4967.205
1770988500,4967.225,4970.97,4957.71,4966.885
1770989400,4966.89,4999.685,4966.89,4983.985
1770990300,4984.105,4993.17,4972.235,4987.26
1770991200,4987.275,5000.31,4984.925,4998.905
1770992100,4998.89,5007.98,4995.115,5002.69
1770993000,5002.695,5011.07,4964.22,4991.88
1770993900,4991.735,5007.105,4989.54,4996.12
1770994800,4996.245,5011.22,4992.365,5003.43
1770995700,5003.445,5011.505,4994.745,5009.965
1770996600,5009.93,5020.68,5004.855,5006.83
1770997500,5006.815,5010.375,4974.035,4976.885
1770998400,4976.87,4997.89,4975.52,4997.595
1770999300,4997.585,5033.735,4996.07,5027.84
1771000200,5027.825,5028.415,5013.445,5017.035
1771001100,5017.03,5018.965,5006.125,5007.995
1771002000,5008.03,5022.855,5008.03,5015.775
1771002900,5015.835,5019.545,5006.1,5017.72
1771003800,5017.725,5029.235,5016.12,5022.625
1771004700,5022.585,5024.38,5016.205,5021.045
1771005600,5021.085,5029.77,5015.485,5029.16
1771006500,5029.12,5030.88,5020.29,5022.34
1771007400,5022.385,5031.36,5020.66,5029.92
1771008300,5029.935,5035.55,5026.695,5031.185
1771009200,5031.24,5046.185,5030.455,5039.81
1771010100,5039.55,5045.09,5036.72,5041.435
1771011000,5041.455,5042.995,5032.78,5034.51
1771011900,5034.36,5038.13,5023.545,5023.94
1771012800,5023.865,5034.315,5023.86,5029.06
1771013700,5029.055,5033.475,5026.995,5028.955
1771014600,5028.93,5034.23,5024.435,5030.52
1771015500,5030.61,5034.85,5021.705,5032.59
1771016400,5032.545,5036.2,5029.8,5033.435
1771017300,5033.53,5034.755,5031.125,5033.24
1771018200,5033.255,5039.46,5031.475,5039.01
1771019100,5038.825,5046.48,5037.79,5042.74
1771196400,5017.145,5025.7,5009.64,5022.85
1771197300,5022.84,5032.565,5021.175,5029.245
1771198200,5029.26,5031.735,5017.155,5018.96
1771199100,5018.97,5021.645,5013.63,5020.215
1771200000,5020.21,5022.07,5000.13,5017.385
1771200900,5017.345,5021.375,5008.44,5012.605
1771201800,5012.61,5014.8,5008.875,5014.095
1771202700,5013.84,5023.075,5010.51,5015.62
1771203600,5015.63,5023.92,5006.995,5023.345
1771204500,5023.34,5031.29,5022.855,5029.405
1771205400,5029.48,5031.06,5026.42,5030.56
1771206300,5030.555,5030.875,5025.545,5028.955
1771207200,5028.965,5031.28,5020.57,5022.495
1771208100,5022.475,5026.375,5019.045,5019.61
1771209000,5019.6,5021.965,5002.17,5002.355
1771209900,5002.335,5003.22,4992.19,4994.54
1771210800,4994.525,5000.08,4988.645,4997.705
1771211700,4997.765,4998.825,4993.72,4994.78
1771212600,4994.805,4996.83,4988.635,4991.02
1771213500,4991.03,4993.915,4973.455,4987.555
1771214400,4987.635,4992.38,4973.42,4976.73
1771215300,4976.755,4980.37,4973.36,4976.615
1771216200,4976.6,4978.5,4973.73,4976.2
1771217100,4976.135,4980.205,4974.23,4977.9
1771218000,4977.92,4986.045,4964.865,4983.56
1771218900,4983.7,4988.74,4983.195,4986.425
1771219800,4986.43,4990.325,4983.125,4986.025
1771220700,4985.485,4991.04,4984.945,4990.77
1771221600,4990.775,4992.995,4987.72,4990.41
1771222500,4990.505,4994.95,4984.58,4993.17
1771223400,4993.185,5003.22,4990.57,5002.455
1771224300,5002.44,5002.87,4994.34,4994.92
1771225200,4994.91,4997.92,4988.965,4996.435
1771226100,4996.43,4999.52,4994.015,4998.215
1771227000,4998.23,5006.405,4996.91,5001.505
1771227900,5001.34,5010.115,5001.1,5007.4
1771228800,5007.42,5013.33,4996.49,4998.245
1771229700,4998.195,5006.775,4995.86,5006.405
1771230600,5006.41,5008.885,5005.21,5006.475
1771231500,5006.575,5010.165,5003.55,5008.11
1771232400,5008.1,5015.38,5007.995,5011.32
1771233300,5011.365,5016.565,5011.265,5013.795
1771234200,5013.79,5015.005,5010.23,5010.555
1771235100,5010.58,5017.445,5008.62,5013.66
1771236000,5013.67,5017.225,5006.8,5007.785
1771236900,5007.78,5012.345,5004.82,5005.17
1771237800,5005.24,5010.025,5000.27,5008.395
1771238700,5008.36,5010.875,5005.7,5006.09
1771239600,5006.15,5007.25,4999.03,5001.08
1771240500,5001.09,5005.73,4999.95,5004.635
1771241400,5004.675,5007.045,5002.95,5006.905
1771242300,5006.86,5008.23,5002.17,5004.75
1771243200,5004.755,5005.145,4997.59,4997.86
1771244100,4997.715,4999.575,4992.725,4996.445
1771245000,4996.475,5008.19,4995.215,5005.105
1771245900,5005.095,5006.08,4999.26,5002.03
1771246800,5002.065,5003.905,4997.97,4998.12
1771247700,4998.19,5002.165,4993.29,4994.455
1771248600,4994.465,4998.73,4992.705,4995.325
1771249500,4995.485,4998.625,4989.64,4997.365
1771250400,4997.37,4998.58,4994.345,4995.26
1771251300,4995.31,4999.66,4989.995,4992.575
1771252200,4992.575,4994.59,4983.465,4989.075
1771253100,4989.08,4989.26,4981.765,4988.41
1771254000,4988.395,4988.51,4969.11,4976.54
1771254900,4976.54,4981.585,4975.745,4980.525
1771255800,4980.47,4981.01,4975.045,4980.675
1771256700,4980.865,4983.295,4977,4979.7
1771257600,4979.71,4980.22,4973.235,4979.585
1771258500,4979.5,4987.59,4975.56,4986.305
1771259400,4986.255,4990.45,4986.07,4989
1771260300,4988.955,4989.035,4985.22,4988.37
1771261200,4988.375,4994.45,4988.22,4991.455
1771262100,4991.43,4995.43,4990.88,4994.57
1771263000,4994.645,4996.195,4991.525,4993.16
1771263900,4993.135,4993.19,4990.235,4991.765
1771264800,4991.865,4994.35,4988.645,4993.735
1771265700,4993.525,4997.62,4992.815,4994.365
1771266600,4994.315,4995.48,4991.355,4995.48
1771267500,4995.445,4997.975,4994.51,4994.59
1771268400,4994.61,4996.17,4990.825,4991.2
1771269300,4991.165,4996.525,4990.425,4992.005
1771282800,4997.26,4999.65,4986.29,4991.07
1771283700,4991.07,5001.24,4985.185,4994.065
1771284600,4994.17,4995.62,4986.645,4989.96
1771285500,4989.955,4994.33,4988.96,4989.925
1771286400,4989.855,4991.515,4974.9,4979.425
1771287300,4979.405,4981.755,4971.145,4973.545
1771288200,4973.54,4979.205,4968.73,4970.485
1771289100,4970.48,4970.48,4932.235,4936.04
1771290000,4936.1,4951.465,4922.895,4950.27
1771290900,4950.37,4958.02,4944.545,4956.81
1771291800,4956.81,4964.1,4954.755,4963.32
1771292700,4963.315,4963.985,4955.65,4957.605
1771293600,4957.485,4965.86,4954.875,4965.5
1771294500,4965.505,4971.55,4963.48,4965.59
1771295400,4965.595,4967.055,4959.52,4961.285
1771296300,4961.32,4967.305,4960.28,4967.125
1771297200,4967.13,4970.215,4959.18,4961.9
1771298100,4961.88,4962.1,4953.83,4955.43
1771299000,4955.465,4960.47,4949.76,4953.72
1771299900,4953.725,4960.54,4953.3,4956.87
1771300800,4956.86,4956.86,4946.71,4952.18
1771301700,4952.1,4960.455,4950.6,4959.81
1771302600,4959.83,4960.345,4950.58,4952.4
1771303500,4952.395,4954.18,4949.605,4953.03
1771304400,4952.995,4954.49,4927.205,4928.42
1771305300,4927.905,4928.315,4888.265,4900.79
1771306200,4900.945,4902.555,4859.2,4879.82
1771307100,4879.805,4898.4,4873.855,4888.94
1771308000,4889,4894.625,4887.775,4891.45
1771308900,4891.455,4901.915,4886.6,4894.88
1771309800,4894.72,4914.295,4891.37,4909.065
1771310700,4909.06,4913.97,4899.65,4910.355
1771311600,4910.38,4913.915,4903.87,4906.825
1771312500,4906.825,4917.38,4905.71,4908.145
1771313400,4908.12,4921.37,4904.23,4917.51
1771314300,4917.21,4922.365,4914.675,4917.1
1771315200,4917.085,4930.425,4916.26,4927.645
1771316100,4927.595,4929.16,4919.515,4919.975
1771317000,4919.97,4925.75,4916.7,4918.29
1771317900,4918.295,4925.55,4918.105,4920.78
1771318800,4920.75,4929.205,4919.68,4921.95
1771319700,4921.9,4924.61,4918.37,4919.195
1771320600,4919.175,4924.73,4916.7,4921.23
1771321500,4921.28,4932.67,4913.365,4926.09
1771322400,4926.03,4939.4,4923.74,4936.44
1771323300,4936.55,4937.85,4928.29,4928.29
1771324200,4928.3,4928.435,4919.645,4921.88
1771325100,4921.775,4922.91,4907.885,4913.385
1771326000,4913.665,4927.065,4913.34,4926.42
1771326900,4926.415,4931.24,4924.88,4927.9
1771327800,4927.93,4930.355,4922.215,4928.1
1771328700,4928.27,4930.955,4921.645,4929.4
1771329600,4929.54,4939.07,4928.44,4933.88
1771330500,4934.08,4944.7,4934.08,4943.125
1771331400,4943.095,4944.39,4933.525,4937.455
1771332300,4937.705,4937.805,4929.03,4932.255
1771333200,4932.28,4933.545,4918.43,4922.08
1771334100,4922.075,4923.21,4911.05,4919.75
1771335000,4919.61,4922.875,4908.005,4922.04
1771335900,4922.025,4924.625,4869.965,4870.96
1771336800,4870.92,4899.925,4842.6,4896.36
1771337700,4896.22,4904.745,4889.85,4898.3
1771338600,4898.31,4907.235,4867.415,4870.57
1771339500,4870.535,4880.77,4856.24,4863.325
1771340400,4863.205,4873.25,4849.17,4857.445
1771341300,4857.47,4877.885,4853.945,4861.59
1771342200,4861.58,4873.17,4852.77,4868.335
1771343100,4868.325,4882.64,4861.54,4878.6
1771344000,4878.605,4894.005,4876.14,4883.605
1771344900,4883.615,4891.57,4880.725,4883.75
1771345800,4883.72,4888.05,4874.09,4877.67
1771346700,4877.735,4883.445,4868.655,4869.33
1771347600,4869.38,4871.49,4850.09,4855.455
1771348500,4855.44,4865.365,4855.14,4865.155
1771349400,4865.06,4868.585,4859.405,4860.11
1771350300,4860.045,4868,4853.96,4865.095
1771351200,4865.1,4872.06,4862.395,4866.94
1771352100,4866.945,4890.775,4866.935,4887.38
1771353000,4887.365,4895.945,4880.165,4889.66
1771353900,4889.655,4910.9,4885.54,4899.165
1771354800,4899.19,4901.295,4892.915,4893.96
1771355700,4893.94,4898.145,4882.11,4883.78
1771356600,4883.77,4888.345,4876.45,4884.7
1771357500,4884.715,4885.95,4880.18,4880.515
1771358400,4880.52,4882.56,4874.14,4879.925
1771359300,4879.91,4880.625,4873.59,4877.925
1771360200,4877.93,4883.705,4874.085,4878.835
1771361100,4878.84,4884.355,4876.505,4877.79
1771362000,4877.86,4884.47,4875.145,4881.175
1771362900,4881.215,4886.965,4877.76,4880.565
1771363800,4880.52,4882.195,4878.77,4879.715
1771364700,4879.63,4880.075,4876.8,4877.855
1771369200,4871.135,4884.06,4865.805,4883.19
1771370100,4883.16,4884.845,4868.195,4878.105
1771371000,4878.01,4884.135,4866.195,4876.555
1771371900,4876.52,4877.205,4854.24,4859.44
1771372800,4859.42,4870.17,4858.54,4863.935
1771373700,4863.925,4872.475,4858.37,4870.175
1771374600,4870.185,4882.035,4867.865,4878.28
1771375500,4878.265,4883.4,4872.435,4875.01
1771376400,4874.815,4891.485,4874.65,4886.875
1771377300,4886.84,4891.78,4881.34,4887.22
1771378200,4887.18,4893.55,4883.925,4885.975
1771379100,4885.75,4892.775,4883.04,4889.98
1771380000,4890.02,4901.83,4886.475,4898.59
1771380900,4898.6,4904.4,4895.315,4900.895
1771381800,4900.845,4906.51,4900.755,4905.075
1771382700,4905.065,4907.515,4902.98,4905.35
1771383600,4905.355,4916.445,4904.25,4912.695
1771384500,4912.72,4919.975,4912.68,4919.48
1771385400,4919.495,4920.98,4916.62,4918.85
1771386300,4918.845,4922.345,4917.85,4920.855
1771387200,4920.86,4931.19,4918.415,4928.64
1771388100,4928.925,4933.435,4924.835,4932.98
1771389000,4932.96,4937.06,4931.5,4933.385
1771389900,4933.345,4940.89,4932.385,4934.235
1771390800,4934.265,4938.64,4929.97,4933.12
1771391700,4933.02,4939.35,4931.55,4935.43
1771392600,4935.425,4939.8,4934.66,4934.875
1771393500,4934.755,4938.755,4933.275,4933.49
1771394400,4933.655,4934.335,4926.005,4926.95
1771395300,4927.205,4932.925,4925.21,4930.67
1771396200,4930.51,4932.8,4926.785,4931.145
1771397100,4931.235,4936.21,4930.695,4930.91
1771398000,4930.835,4942.49,4930.08,4938.545
1771398900,4938.595,4942.03,4932.545,4939.335
1771399800,4939.215,4940.765,4933.69,4934.14
1771400700,4934.14,4935.83,4929.19,4930.38
1771401600,4930.345,4932.32,4926.83,4929.34
1771402500,4929.21,4929.44,4922.755,4926.03
1771403400,4926.255,4927.17,4919.66,4921.415
1771404300,4921.44,4922.89,4916.815,4917.25
1771405200,4917.28,4920.72,4913.075,4916.94
1771406100,4916.95,4923.28,4913.415,4921.485
1771407000,4921.54,4923.26,4916.41,4920.76
1771407900,4920.805,4922.42,4916.33,4917.425
1771408800,4917.465,4924.755,4916.855,4920.235
1771409700,4920.245,4924.66,4918.045,4921.575
1771410600,4921.38,4921.38,4909.345,4912.215
1771411500,4912.21,4916.97,4910.315,4914.65
1771412400,4914.665,4916.49,4912.685,4915.975
1771413300,4916.01,4917.79,4914.695,4915.5
1771414200,4915.55,4916.66,4911.065,4911.54
1771415100,4911.545,4916.05,4906.425,4913.075
1771416000,4913.065,4926.31,4912.12,4921.825
1771416900,4921.84,4929.49,4921.08,4921.11
1771417800,4921.125,4931.235,4917.715,4929.22
1771418700,4929.32,4947.105,4928.405,4943.36
1771419600,4943.345,4958.845,4943.2,4957.76
1771420500,4957.88,4959.515,4952.59,4956.5
1771421400,4956.505,4969.1,4952.39,4956.175
1771422300,4956.285,4956.87,4948.99,4954.78
1771423200,4954.79,4961.575,4952.34,4958.38
1771424100,4958.365,4963.71,4955.5,4960.88
1771425000,4960.87,4986.34,4955.615,4981.84
1771425900,4981.79,4994.51,4980.48,4991.795
1771426800,4991.71,5008.18,4991.49,5004.115
1771427700,5004.33,5009.035,5000.59,5004.675
1771428600,5004.925,5005.26,4997.345,5000.58
1771429500,5000.62,5000.725,4994.97,4997.95
1771430400,4997.99,5003.4,4996.925,4999.625
1771431300,4999.65,5000.265,4991.445,4996.985
1771432200,4997.005,5006.81,4994.565,5005.43
1771433100,5005.405,5010.915,4999.75,5000.555
1771434000,5000.625,5001.97,4996.205,4999.165
1771434900,4999.27,5000.855,4997.595,4999.5
1771435800,4999.505,5000.125,4993.5,4997.845
1771436700,4997.93,5000.825,4997.275,4999.195
1771437600,4999.185,5003.27,4997.785,4997.96
1771438500,4998.015,4999.38,4986.725,4988.3
1771439400,4988.51,4993.225,4980.55,4983.475
1771440300,4983.48,4987.855,4982.555,4987.445
1771441200,4987.45,4994.49,4984.18,4992.1
1771442100,4992.07,4995.56,4972.87,4978.865
1771443000,4978.9,4984.54,4973.1,4982.74
1771443900,4982.76,4984.625,4978.715,4980.715
1771444800,4980.585,4984.925,4975.615,4978.755
1771445700,4978.74,4981.03,4976.67,4977.45
1771446600,4977.44,4987.555,4976.845,4985.33
1771447500,4985.32,4986.3,4979.5,4984.96
1771448400,4984.93,4986.375,4980.485,4980.775
1771449300,4980.77,4984.36,4980.45,4981.65
1771450200,4981.57,4982.53,4978.79,4980.23
1771451100,4980.06,4980.685,4975.56,4977.26
1771455600,4973.795,4980.915,4966.715,4976.58
1771456500,4976.575,4984.065,4971.875,4981.945
1771457400,4981.935,4988.86,4979.455,4981.68
1771458300,4981.655,4982.99,4968.3,4976.15
1771459200,4976.02,4976.42,4961.235,4968.16
1771460100,4968.14,4972.32,4963.995,4967.44
1771461000,4967.46,4973.43,4964.945,4965.355
1771461900,4965.005,4966,4960.645,4961.42
1771462800,4961.4,4968.695,4960.785,4966.055
1771463700,4965.945,4967.28,4961.7,4964.34
1771464600,4964.35,4970.875,4961.865,4970.52
1771465500,4970.505,4975.63,4969.395,4973.14
1771466400,4973.08,4977.465,4970.965,4974.24
1771467300,4974.285,4974.88,4965.825,4973.075
1771468200,4973.08,4973.45,4968.585,4971.505
1771469100,4971.5,4973.35,4967.65,4968.345
1771470000,4968.365,4971.16,4966.475,4969.625
1771470900,4969.52,4971.975,4967.135,4969.915
1771471800,4969.985,4979.2,4969.95,4977.265
1771472700,4977.26,4983.48,4977.075,4981.675
1771473600,4981.58,4984.99,4978.68,4981.695
1771474500,4981.7,4983.645,4978.15,4979.975
1771475400,4979.88,4985.69,4979.48,4980.945
1771476300,4980.95,4985.605,4977.09,4984.45
1771477200,4984.42,4993.715,4984.42,4990.51
1771478100,4990.545,4990.555,4987.73,4989.265
1771479000,4989.35,4996.58,4989.02,4996.21
1771479900,4996.195,4998.94,4995.515,4997.28
1771480800,4997.275,5000.195,4996.765,4999.38
1771481700,4999.385,5002.465,4997.455,5001.285
1771482600,5001.29,5010.765,5001.15,5009.34
1771483500,5009.33,5020.29,5009.33,5018.41
1771484400,5018.405,5021.805,5016.79,5017.88
1771485300,5017.875,5020.305,5015.015,5018.105
1771486200,5018.11,5020.395,5014.705,5015.49
1771487100,5015.44,5017.23,5008.815,5010.305
1771488000,5010.33,5012.36,5006.31,5011.82
1771488900,5011.8,5015.04,5009.375,5014.92
1771489800,5014.87,5020.21,5010.495,5020.03
1771490700,5019.96,5022.17,5013.755,5017.085
1771491600,5017.23,5020.12,5015.705,5019.535
1771492500,5019.81,5020.565,4999.67,5000.69
1771493400,5000.68,5005.86,4993.215,5003.625
1771494300,5003.545,5005.46,4995.4,4995.67
1771495200,4995.62,4996.25,4983.23,4989.4
1771496100,4989.26,4991.52,4985.35,4986.92
1771497000,4986.915,4995.275,4981.45,4988.74
1771497900,4988.745,4993.485,4988.15,4993.405
1771498800,4993.41,4996.48,4989.35,4992.975
1771499700,4992.99,4994.57,4978.01,4984.82
1771500600,4984.96,4987.315,4982.15,4982.68
1771501500,4982.635,4986.43,4977.98,4984.715
1771502400,4984.725,4990.66,4980.765,4988.455
1771503300,4988.46,4992.235,4984.74,4992.215
1771504200,4992.22,4992.905,4983.52,4986.46
1771505100,4986.51,4987.86,4980.99,4984.97
1771506000,4985.02,4986.26,4974.52,4983.95
1771506900,4983.87,4987.755,4979.68,4983.46
1771507800,4983.465,4997.285,4971.125,4993.805
1771508700,4993.8,4998.81,4991.505,4997.17
1771509600,4997.12,4997.165,4972.26,4972.97
1771510500,4972.83,4982.57,4972.135,4978.42
1771511400,4978.49,4995.39,4963.445,4992.505
1771512300,4992.5,5010.44,4987.63,5005.795
1771513200,5005.89,5009.925,4999.035,4999.75
1771514100,4999.7,5016.44,4996.095,5016.06
1771515000,5016.09,5022.385,5012.295,5015.425
1771515900,5015.43,5016.145,5006.74,5013.83
1771516800,5013.865,5014.445,5001.07,5005.53
1771517700,5005.45,5006.605,4991.67,4998.22
1771518600,4998.18,5009.04,4998.18,5006.38
1771519500,5006.345,5007.125,4990.22,4995.15
1771520400,4995.23,4999.725,4992.14,4996.735
1771521300,4996.665,5001.905,4992.67,4994.17
1771522200,4994.165,4996.47,4986.26,4993.5
1771523100,4993.445,4994.605,4982.84,4985.165
1771524000,4985.2,4988.925,4979.735,4988.295
1771524900,4988.285,4989.7,4976.245,4978.195
1771525800,4978.24,4983.255,4975.41,4975.89
1771526700,4975.895,4984.75,4975.895,4981.87
1771527600,4981.875,4989.805,4980.87,4987.12
1771528500,4987.105,4990.495,4986.1,4989.31
1771529400,4989.32,4989.93,4978.325,4984.795
1771530300,4984.79,4988.8,4982.14,4987.88
1771531200,4987.935,4992.19,4987.915,4990.92
1771532100,4990.935,4997.16,4989.27,4995.81
1771533000,4995.845,5000.73,4995.115,4999.45
1771533900,4999.495,5003.545,4999.045,5001.84
1771534800,5001.84,5004.225,4997.97,5000.005
1771535700,4999.975,5001.33,4992.065,4994.035
1771536600,4993.995,4999.3,4993.71,4999.06
1771537500,4998.975,5000.02,4993.115,4996.49
1771542000,5000.805,5008.24,4997.945,4998.79
1771542900,4998.805,5003.525,4993.255,4997.275
1771543800,4997.43,5001.535,4995.025,4996.41
1771544700,4996.35,5000.885,4985.56,4987.795
1771545600,4987.955,4996.555,4985.435,4993.615
1771546500,4993.6,4996.405,4988.2,4990.765
1771547400,4990.77,4996.44,4987,4994.02
1771548300,4994.025,5007.185,4993.665,5006.645
1771549200,5006.635,5014.865,5006.04,5013.525
1771550100,5013.52,5013.565,4995.97,4999.685
1771551000,4999.65,5003.845,4995.475,4997.875
1771551900,4997.88,5000.525,4995.61,4997.145
1771552800,4997.135,5007.68,4992.9,4996.915
1771553700,4996.995,4999.455,4992.99,4997.61
1771554600,4997.605,5003.68,4997.605,4999.89
1771555500,4999.88,4999.98,4993.345,4996.29
1771556400,4996.35,4997.43,4989.95,4994.44
1771557300,4994.44,4998.49,4992.385,4992.525
1771558200,4992.54,4999.265,4981.67,4987.415
1771559100,4987.66,4995.945,4986.21,4988.69
1771560000,4988.7,4993.34,4986.96,4992.64
1771560900,4992.72,4994.83,4990.485,4994.58
1771561800,4994.66,5003.815,4993.72,4999.08
1771562700,4999.025,5000.335,4996.38,4999.885
1771563600,4999.925,5005.975,4999.925,5001.3
1771564500,5001.25,5002.725,4998.72,5001.67
1771565400,5001.655,5004.9,4997.915,4999.43
1771566300,4999.445,5012.185,4998.41,5012.185
1771567200,5012.09,5020.275,5011.89,5016.53
1771568100,5016.53,5029.815,5016.435,5022.325
1771569000,5022.32,5028.255,5020.62,5027.065
1771569900,5027.08,5030.145,5020.305,5020.79
1771570800,5020.745,5028.36,5015.755,5022.735
1771571700,5022.975,5023.615,5009.555,5015.41
1771572600,5015.42,5018.1,5012.775,5016.46
1771573500,5016.455,5016.505,5006.145,5006.58
1771574400,5006.605,5016.63,5004.97,5012.37
1771575300,5012.36,5020.09,5011.315,5018.485
1771576200,5018.515,5027.565,5017.85,5022.69
1771577100,5022.75,5031.215,5022.68,5028.995
1771578000,5029.2,5040.9,5028.24,5039.33
1771578900,5039.25,5042.74,5033.71,5034.22
1771579800,5034.27,5036,5029.76,5032.27
1771580700,5032.32,5034.88,5027.625,5027.635
1771581600,5027.67,5028.63,5019.52,5026.07
1771582500,5026.22,5031.2,5023.44,5026.63
1771583400,5026.74,5038.66,5026.74,5033.805
1771584300,5033.84,5036.91,5025.86,5034.62
1771585200,5034.615,5034.9,5031.08,5031.45
1771586100,5031.4,5032.46,5026,5028.88
1771587000,5028.965,5033.56,5022.585,5027.35
1771587900,5027.265,5028.83,5015.585,5017.435
1771588800,5017.405,5024.005,5013.84,5022.675
1771589700,5022.74,5023.665,5011.73,5012.27
1771590600,5012.405,5025.74,5007.285,5025.17
1771591500,5025.085,5026.675,5021.535,5025.185
1771592400,5025.19,5028.785,5023.57,5025.37
1771593300,5025.35,5031.93,5025.085,5028.465
1771594200,5028.425,5032.06,5018.145,5030.905
1771595100,5030.955,5048.885,5030.95,5043.48
1771596000,5043.5,5047.66,5037.31,5042.975
1771596900,5043,5044.915,5038.865,5041.72
1771597800,5041.655,5054.41,5037.74,5053.13
1771598700,5053.46,5060.655,5048.545,5054.495
1771599600,5054.65,5064.33,4990.585,5022.415
1771600500,5022.565,5045.02,5011.53,5025.87
1771601400,5025.835,5046.395,5016.985,5045.38
1771602300,5045.385,5052.65,5036.55,5042.805
1771603200,5042.515,5055.99,5038.835,5054.36
1771604100,5054.435,5056.69,5045.28,5053.95
1771605000,5054,5069.475,5052.865,5063.12
1771605900,5063.115,5067.925,5060.39,5066.765
1771606800,5066.745,5073.59,5064.49,5066.945
1771607700,5066.93,5068.525,5054.555,5064.095
1771608600,5064.17,5070.14,5061.815,5068.465
1771609500,5068.335,5076.465,5067.495,5073.12
1771610400,5073.06,5073.805,5066.54,5069.82
1771611300,5069.805,5070.865,5053.79,5058.465
1771612200,5058.46,5075.16,5057.16,5066.835
1771613100,5066.84,5073.935,5066.7,5071.52
1771614000,5071.525,5075.42,5068.87,5071.585
1771614900,5071.59,5075.605,5068.785,5069.625
1771615800,5069.69,5073.97,5069.69,5073.64
1771616700,5073.66,5079.81,5072.24,5079.265
1771617600,5079.26,5081.49,5077.01,5079.645
1771618500,5079.635,5086.465,5078.535,5084.945
1771619400,5084.905,5087.405,5082.785,5084.995
1771620300,5084.96,5098.215,5083.51,5097.02
1771621200,5097,5099.14,5091.8,5093.425
1771622100,5093.435,5098.84,5091.89,5098.025
1771623000,5097.83,5100.41,5097.715,5099.535
1771623900,5099.54,5108.72,5098.68,5108.255
1771801200,5118.71,5146.92,5117.815,5146.595
1771802100,5146.625,5152.435,5140.77,5146.555
1771803000,5146.36,5159.585,5144.69,5158.85
1771803900,5158.76,5172.315,5153.83,5165.785
1771804800,5165.79,5166.89,5132.58,5138.96
1771805700,5139.04,5153.915,5129.61,5153.65
1771806600,5153.735,5161.38,5139.22,5140.92
1771807500,5140.815,5146.575,5135.05,5144.65
1771808400,5144.84,5158.105,5139.885,5147.675
1771809300,5147.665,5159.575,5146.46,5159.32
1771810200,5159.25,5166.515,5155.505,5166.005
1771811100,5166,5167.935,5156.21,5157.345
1771812000,5157.375,5167.35,5156.765,5160.555
1771812900,5160.56,5167.505,5157.84,5161.4
1771813800,5161.32,5176.95,5161.05,5174.6
1771814700,5174.525,5176.79,5163.95,5173.72
1771815600,5173.69,5176.05,5151.775,5158.36
1771816500,5158.16,5164.69,5153.65,5164.3
1771817400,5164.26,5170.9,5164.255,5168.735
1771818300,5168.615,5171.46,5166.615,5166.85
1771819200,5166.84,5168.855,5155.44,5162.4
1771820100,5162.37,5164.65,5159.025,5160.145
1771821000,5160.125,5163.72,5156.08,5159.53
1771821900,5159.46,5161.85,5158.03,5160.955
1771822800,5160.9,5161.86,5152.165,5158.56
1771823700,5158.66,5159.43,5153.005,5158.085
1771824600,5158.08,5158.19,5153.52,5157.265
1771825500,5157.275,5159.92,5155.99,5158.36
1771826400,5158.35,5161.25,5157.515,5159.53
1771827300,5159.805,5161.755,5152.49,5152.78
1771828200,5152.825,5157.37,5147.39,5148.34
1771829100,5148.345,5153.42,5145.13,5145.88
1771830000,5145.93,5154.375,5138.055,5147.02
1771830900,5147.02,5149.44,5125.19,5136.73
1771831800,5136.64,5137.42,5125.205,5136.935
1771832700,5136.95,5139.455,5134.865,5136.835
1771833600,5136.785,5139.76,5131.18,5138.475
1771834500,5138.48,5139.785,5122.22,5125.2
1771835400,5125.15,5132.355,5122.355,5128.225
1771836300,5128.135,5142.225,5127.825,5140.37
1771837200,5140.31,5147.11,5139.16,5145.865
1771838100,5145.925,5149.595,5145.05,5149.15
1771839000,5149.14,5150.165,5143.065,5146.675
1771839900,5146.655,5149.89,5144.155,5149.5
1771840800,5149.59,5153.01,5146.35,5149.65
1771841700,5149.715,5156.55,5149.12,5156.1
1771842600,5156.04,5157.77,5145.16,5152.28
1771843500,5152.325,5163.655,5151.92,5162.925
1771844400,5162.985,5163.5,5153.09,5153.49
1771845300,5153.495,5154.55,5146.36,5150.76
1771846200,5150.74,5153.86,5147.98,5151.245
1771847100,5151.33,5154.705,5149.51,5149.85
1771848000,5149.78,5154.8,5147.1,5149.675
1771848900,5149.835,5152.44,5145.535,5150.2
1771849800,5150.2,5164.71,5149.77,5164.5
1771850700,5164.495,5165.555,5159.675,5164.215
1771851600,5164.2,5165.565,5153.285,5155.075
1771852500,5155.11,5156.79,5143.85,5149.98
1771853400,5150.07,5154.1,5147.53,5152.75
1771854300,5152.7,5153.41,5145.68,5146.375
1771855200,5146.325,5157.135,5141.615,5156.995
1771856100,5156.995,5165.495,5156.03,5165.445
1771857000,5165.375,5190.875,5164.945,5190.845
1771857900,5190.965,5200.665,5187.435,5192.825
1771858800,5192.69,5199.175,5180.72,5199.075
1771859700,5199.185,5203.75,5191.38,5197.735
1771860600,5197.71,5202.895,5186.365,5201.45
1771861500,5201.54,5205.17,5190.515,5195.97
1771862400,5195.905,5204.515,5175.805,5202.46
1771863300,5202.395,5219.215,5201.195,5214.715
1771864200,5214.765,5215.685,5206.43,5209.865
1771865100,5209.865,5218.15,5206.735,5210.16
1771866000,5210.545,5213.575,5199.75,5204.14
1771866900,5203.96,5212.65,5202.715,5210.335
1771867800,5210.36,5211.21,5191.275,5199.945
1771868700,5199.94,5208.22,5196.405,5208.06
1771869600,5208.09,5215.925,5207.275,5212.685
1771870500,5212.755,5213.375,5201.015,5206.25
1771871400,5206.235,5213.55,5205.515,5206.8
1771872300,5206.79,5212.175,5205.99,5209.48
1771873200,5209.525,5212.28,5206.65,5211.51
1771874100,5211.5,5215.07,5207.055,5209.26
1771875000,5209.255,5217.49,5208.13,5217.03
1771875900,5216.95,5218.44,5214.39,5215.635
1771876800,5215.69,5224.265,5214.875,5223.37
1771877700,5223.385,5226.025,5221.945,5225.28
1771878600,5225.235,5230.09,5224.665,5227.755
1771879500,5227.76,5237.95,5224.89,5236.5
1771880400,5236.5,5237.415,5229.88,5231.085
1771881300,5231.125,5232.21,5228.95,5229.815
1771882200,5229.565,5233.09,5226.43,5228.81
1771883100,5228.64,5231.565,5226.695,5226.87
1771887600,5244.98,5250.005,5235.175,5244.655
1771888500,5244.79,5249.845,5233.83,5236.74
1771889400,5236.75,5247.435,5236.74,5242.57
1771890300,5242.575,5243.235,5234.7,5235.81
1771891200,5235.87,5235.87,5217.52,5230.045
1771892100,5230.295,5238.18,5224.86,5227.55
1771893000,5227.64,5232.665,5224.8,5230.52
1771893900,5230.51,5232.11,5220.89,5224.185
1771894800,5224.19,5224.4,5183.9,5185.525
1771895700,5185.57,5189.075,5145.135,5165.47
1771896600,5165.2,5176.49,5161.005,5174.15
1771897500,5174.2,5179.42,5163.935,5177.375
1771898400,5177.38,5181.715,5166.74,5172.51
1771899300,5172.46,5174.765,5165.46,5173.38
1771900200,5173.35,5188.51,5172.515,5183.485
1771901100,5183.5,5190.965,5183.37,5189.99
1771902000,5189.905,5191.95,5185.615,5189.02
1771902900,5188.96,5189.94,5182.33,5182.81
1771903800,5182.955,5188.74,5176.275,5179.295
1771904700,5179.29,5179.905,5171.02,5172.09
1771905600,5172.025,5172.065,5161.12,5168.465
1771906500,5168.49,5175.36,5168.49,5172.255
1771907400,5172.28,5173.44,5164.66,5164.795
1771908300,5164.79,5171.09,5163.44,5168.3
1771909200,5168.21,5174.5,5164.15,5172.075
1771910100,5171.975,5175.62,5166.93,5167.675
1771911000,5167.68,5175.01,5164.755,5172.925
1771911900,5172.93,5185.88,5172.26,5182.475
1771912800,5182.47,5185.24,5177.17,5182.79
1771913700,5182.86,5183.83,5166.795,5168.9
1771914600,5168.825,5173.64,5155.905,5169.175
1771915500,5169.17,5175.39,5168.03,5173.635
1771916400,5173.64,5173.825,5164.25,5171.45
1771917300,5171.55,5183.665,5169.295,5183.445
1771918200,5183.4,5184.15,5174.595,5179.735
1771919100,5179.74,5183.025,5175.165,5179.4
1771920000,5179.18,5179.57,5169.595,5171.1
1771920900,5171.04,5175.055,5165.21,5170.54
1771921800,5170.175,5181.955,5169.71,5174.665
1771922700,5174.66,5176.83,5169.08,5173.64
1771923600,5173.5,5180.55,5171.48,5172.345
1771924500,5172.3,5174.95,5167.76,5168.35
1771925400,5168.54,5173.69,5166.565,5169.99
1771926300,5169.75,5173.26,5167.225,5171.595
1771927200,5171.55,5176.125,5171.105,5174.56
1771928100,5174.64,5181.49,5172.335,5175.95
1771929000,5176.02,5176.955,5163.355,5170.37
1771929900,5170.31,5174.63,5169.17,5172.92
1771930800,5172.97,5177.465,5172.305,5176.295
1771931700,5176.35,5176.8,5171.02,5174.86
1771932600,5175.04,5178.225,5173.07,5178.185
1771933500,5178.21,5178.67,5172.25,5172.805
1771934400,5172.795,5173.58,5165.025,5167.81
1771935300,5167.655,5168.63,5147.12,5161.79
1771936200,5161.78,5164.73,5154.125,5157.94
1771937100,5157.92,5158.94,5145.01,5150.77
1771938000,5151.105,5161.485,5151.085,5159.31
1771938900,5159.37,5159.525,5152.04,5156.42
1771939800,5156.37,5158.87,5133.435,5145.99
1771940700,5145.915,5146.36,5111,5115.145
1771941600,5115.14,5127.59,5093.225,5105.125
1771942500,5105.145,5119.555,5100.58,5115.355
1771943400,5115.33,5139.22,5109.805,5137.225
1771944300,5137.295,5139.38,5126.615,5127.885
1771945200,5127.9,5137.93,5117.875,5136.99
1771946100,5136.975,5146.285,5134.78,5138.485
1771947000,5138.455,5150.105,5134.31,5149.95
1771947900,5149.995,5155.375,5145.07,5150.385
1771948800,5150.39,5152.33,5141.25,5147.48
1771949700,5147.46,5150.85,5141.49,5143.75
1771950600,5143.85,5150.85,5135.15,5145.66
1771951500,5145.7,5145.855,5130.68,5141.975
1771952400,5141.95,5157.915,5141.685,5156.375
1771953300,5156.445,5163.46,5154.955,5158.675
1771954200,5158.88,5161.245,5156.515,5160.535
1771955100,5160.825,5163.86,5157.575,5163.78
1771956000,5163.715,5170.37,5163.69,5164.36
1771956900,5164.43,5165.61,5155.595,5158.425
1771957800,5158.44,5161.49,5153.575,5159.155
1771958700,5159.15,5163.045,5155.935,5160.125
1771959600,5160.12,5160.55,5149.54,5156.405
1771960500,5156.38,5157.615,5146.39,5151.57
1771961400,5151.62,5156.87,5148.95,5152.31
1771962300,5152.315,5155.47,5151.455,5153.995
1771963200,5154,5155.95,5146.65,5149.25
1771964100,5149.275,5170.165,5148.23,5168.39
1771965000,5168.405,5173.31,5165.645,5172.145
1771965900,5172.15,5172.485,5158.18,5164.095
1771966800,5164.02,5165.51,5156.315,5160.975
1771967700,5160.96,5162.29,5153.745,5155.355
1771968600,5155.365,5155.845,5145.99,5150.83
1771969500,5150.78,5150.78,5139.88,5143.925
1771974000,5135.495,5137.47,5128.285,5135.99
1771974900,5135.995,5137.96,5128.535,5131.01
1771975800,5130.665,5149.99,5129.315,5147.345
1771976700,5147.34,5152.46,5145.47,5146.75
1771977600,5146.76,5149.73,5136.85,5140.65
1771978500,5140.63,5146.275,5137.905,5140.55
1771979400,5140.565,5155.605,5140.565,5147.55
1771980300,5147.51,5156.445,5141.82,5152.375
1771981200,5152.37,5176.865,5144.185,5174.58
1771982100,5174.57,5188.69,5173.925,5185.42
1771983000,5185.31,5189.895,5178.525,5180.41
1771983900,5180.4,5186.445,5174.515,5176.685
1771984800,5176.66,5189.565,5176.36,5188.84
1771985700,5188.845,5193.835,5184.68,5189.87
1771986600,5189.81,5190.64,5182.94,5186.21
1771987500,5186.22,5187.095,5166.495,5180.72
1771988400,5181.045,5190.495,5181.045,5186.23
1771989300,5186.235,5187.59,5179.475,5186.44
1771990200,5186.49,5188.455,5179.68,5183.95
1771991100,5183.82,5187.7,5178.125,5182
1771992000,5181.95,5183.89,5171.815,5180.84
1771992900,5180.835,5185.07,5180.455,5182.89
1771993800,5182.865,5184.25,5179.82,5184.25
1771994700,5184.32,5185.065,5179.985,5182.84
1771995600,5182.845,5191.645,5182.69,5188.56
1771996500,5188.705,5196.55,5187.655,5195.445
1771997400,5195.45,5204.115,5192.35,5203.025
1771998300,5202.945,5210.68,5201.355,5201.705
1771999200,5201.72,5201.73,5182.455,5192.1
1772000100,5192.09,5195.255,5188.87,5189.68
1772001000,5189.675,5194.45,5188.535,5191.385
1772001900,5191.38,5194.8,5189.17,5194.66
1772002800,5194.64,5195.155,5187.595,5188.735
1772003700,5188.73,5190.44,5182.245,5189.625
1772004600,5189.625,5190.5,5185.83,5186.285
1772005500,5186.21,5189.215,5180.325,5184.6
1772006400,5184.625,5190.38,5184.485,5187.315
1772007300,5187.255,5194.155,5186.85,5193.475
1772008200,5193.495,5197.265,5191.265,5192.235
1772009100,5192.23,5192.36,5184.185,5185.515
1772010000,5185.465,5188.165,5176.635,5183.7
1772010900,5183.705,5188.53,5181.7,5186.76
1772011800,5186.755,5193.82,5185.86,5190.945
1772012700,5190.985,5194.595,5187.93,5193.295
1772013600,5193.3,5195.285,5182.885,5184.795
1772014500,5184.645,5184.935,5172.285,5175.265
1772015400,5175.105,5181.1,5169.84,5177.08
1772016300,5176.9,5177.47,5172.355,5175.275
1772017200,5175.27,5175.965,5162.725,5163.8
1772018100,5163.71,5169.525,5155.095,5168.93
1772019000,5168.925,5174.05,5166.685,5173.245
1772019900,5173.315,5182.685,5172.305,5181.695
1772020800,5181.645,5182.99,5178.255,5182.01
1772021700,5182.045,5187.495,5181.85,5183.675
1772022600,5183.635,5186.505,5177.33,5184.8
1772023500,5184.87,5185.52,5178.745,5182.825
1772024400,5182.805,5189.85,5181.1,5187.145
1772025300,5187.275,5191.415,5185.955,5188.015
1772026200,5188.005,5191.275,5181.91,5187.06
1772027100,5187.08,5191.115,5184.185,5185.205
1772028000,5185.175,5191.15,5183.675,5185.505
1772028900,5185.435,5186.035,5174.95,5177.75
1772029800,5177.755,5181.15,5158.645,5175.265
1772030700,5175.17,5193.315,5174.95,5191.175
1772031600,5191.095,5202.795,5190.345,5193.34
1772032500,5193.33,5195.92,5173.97,5179.995
1772033400,5180.235,5193.245,5172.2,5190.93
1772034300,5190.925,5198.43,5186.565,5194.875
1772035200,5194.805,5198.86,5189.87,5192.58
1772036100,5192.71,5206.29,5191.805,5203
1772037000,5202.985,5207.7,5199.2,5207.545
1772037900,5207.54,5214.02,5206.895,5212.245
1772038800,5212.325,5217.78,5207.995,5215.425
1772039700,5215.44,5216.13,5211.425,5213.275
1772040600,5213.31,5214.66,5208.43,5208.85
1772041500,5208.83,5210.81,5203.7,5206.945
1772042400,5206.96,5207.595,5206.905,5207.065
1772043300,5207.085,5207.28,5206.61,5206.835
1772044200,5206.84,5207.645,5205.01,5205.32
1772045100,5205.31,5205.565,5200.55,5202.31
1772046000,5202.4,5207.725,5191.695,5207
1772046900,5207.01,5207.095,5193.925,5203
1772047800,5202.905,5206.54,5199.535,5204.175
1772048700,5204.185,5208.445,5199.8,5205.07
1772049600,5205.085,5206.305,5195.49,5195.58
1772050500,5195.615,5196.645,5182.865,5186.27
1772051400,5186.43,5190.7,5176.455,5181.62
1772052300,5181.72,5181.72,5144.905,5152.55
1772053200,5152.51,5165.845,5150.58,5162.08
1772054100,5162.075,5173.67,5160.965,5169.34
1772055000,5169.38,5173.59,5166.87,5170.54
1772055900,5170.52,5171.79,5162.84,5163.58
1772060400,5173.57,5182.18,5166.31,5168.805
1772061300,5168.785,5180.115,5163.715,5170.02
1772062200,5170.04,5174.76,5163.77,5172.895
1772063100,5172.765,5179.305,5161.46,5163.27
1772064000,5163.275,5169.6,5155.13,5167.76
1772064900,5167.74,5186.505,5167.605,5185.65
1772065800,5185.64,5189.665,5181.21,5188.495
1772066700,5188.5,5192.205,5184.955,5188.45
1772067600,5188.455,5198.455,5182.76,5187.6
1772068500,5187.665,5195.515,5178.53,5180.465
1772069400,5180.46,5192.61,5178.635,5189.52
1772070300,5189.62,5194.17,5185.065,5191.5
1772071200,5191.495,5195.82,5182.4,5183.225
1772072100,5183.22,5190.07,5180.755,5180.955
1772073000,5180.96,5184.44,5174.07,5176.38
1772073900,5176.35,5186.485,5176.33,5184.425
1772074800,5184.42,5188.2,5182.88,5187.26
1772075700,5187.5,5193.835,5185.415,5188.285
1772076600,5188.235,5189.85,5186.145,5186.45
1772077500,5186.365,5193.07,5184.21,5192.735
1772078400,5192.725,5199.49,5192.36,5196.89
1772079300,5196.875,5197.235,5191.5,5194.25
1772080200,5194.155,5195.915,5192.835,5194.325
1772081100,5194.33,5194.905,5190.415,5192.77
1772082000,5192.81,5199.7,5189.935,5197.97
1772082900,5197.98,5205.64,5196.67,5200.52
1772083800,5200.51,5203.44,5195.895,5199.58
1772084700,5199.585,5200.445,5191.28,5198.365
1772085600,5198.395,5199.82,5193.49,5197.98
1772086500,5198.03,5198.56,5193.19,5193.88
1772087400,5193.77,5198.63,5193.77,5196.68
1772088300,5196.675,5197.26,5190.41,5193.32
1772089200,5193.365,5194.935,5182.495,5187.64
1772090100,5187.635,5190.785,5182.175,5185.265
1772091000,5185.215,5189.885,5184.485,5186.525
1772091900,5186.455,5188.22,5179.725,5186.105
1772092800,5186.025,5191.12,5179.515,5189.695
1772093700,5189.69,5191.105,5175.47,5177.16
1772094600,5177.21,5181.035,5170.655,5174.08
1772095500,5174.07,5182.325,5167.7,5179.585
1772096400,5179.28,5182.77,5174.05,5181.91
1772097300,5181.915,5182.525,5174.9,5181.255
1772098200,5181.15,5183.955,5179.395,5181.625
1772099100,5181.575,5189.65,5181.575,5186.49
1772100000,5186.485,5190.335,5185.675,5187.965
1772100900,5187.97,5188.91,5178.99,5179.39
1772101800,5179.4,5179.595,5171.84,5172.28
1772102700,5172.21,5175.385,5165.75,5171.535
1772103600,5171.505,5178.495,5169.345,5175.91
1772104500,5175.9,5176.19,5170.955,5172.015
1772105400,5172.035,5175.53,5171.79,5174.69
1772106300,5174.535,5174.55,5161.05,5164.88
1772107200,5164.91,5170.085,5157.87,5168.55
1772108100,5168.545,5180.41,5165.97,5178.56
1772109000,5178.56,5187.87,5177.87,5187.69
1772109900,5187.705,5188.095,5179.655,5183.86
1772110800,5183.855,5185.73,5168.3,5174.16
1772111700,5174.145,5179.03,5171.285,5174.825
1772112600,5174.76,5177.5,5164.375,5165.265
1772113500,5165.2,5171.69,5164.71,5165.995
1772114400,5165.985,5170.155,5160.24,5166.235
1772115300,5166.2,5172.455,5163.52,5170.4
1772116200,5170.335,5174.88,5140.14,5172.565
1772117100,5172.545,5176.33,5163.7,5164.98
1772118000,5164.535,5172.585,5158.94,5162.41
1772118900,5162.425,5163.37,5130.235,5141.95
1772119800,5141.94,5176.67,5140.73,5175.76
1772120700,5175.82,5192.955,5175.25,5185.775
1772121600,5185.82,5187.335,5172.96,5176.91
1772122500,5176.97,5184.675,5173.79,5180.575
1772123400,5180.585,5186.355,5178.08,5183.2
1772124300,5183.205,5185.685,5175.38,5179.565
1772125200,5179.61,5190.46,5178.3,5179.8
1772126100,5179.805,5182.025,5173.895,5174.445
1772127000,5174.455,5178.205,5172.01,5174.895
1772127900,5174.89,5175.47,5162.025,5167.345
1772128800,5167.49,5173.735,5163.61,5173.39
1772129700,5173.4,5178.485,5171.91,5177.255
1772130600,5177.275,5182.51,5160.53,5181.195
1772131500,5181.2,5186.135,5178.935,5180.56
1772132400,5180.555,5188.375,5179.675,5186.48
1772133300,5186.49,5189.265,5184.685,5185.64
1772134200,5185.685,5190.875,5183.505,5186.395
1772135100,5186.465,5194.08,5186.365,5187
1772136000,5187.01,5198.045,5186.74,5196.95
1772136900,5196.945,5198.06,5191.895,5193.775
1772137800,5193.78,5199.475,5190.87,5198.325
1772138700,5198.335,5201.005,5189.54,5196.62
1772139600,5196.62,5200.755,5196.375,5196.53
1772140500,5196.51,5196.93,5184.905,5186.075
1772141400,5186.08,5191.66,5184.425,5190.42
1772142300,5190.36,5190.36,5182.945,5185.17
1772146800,5182.035,5188.62,5179.005,5184.12
1772147700,5184.125,5187.085,5181.245,5183.93
1772148600,5183.985,5189.5,5181.475,5185.83
1772149500,5185.675,5188.715,5182.335,5184.76
1772150400,5184.74,5186.745,5178.73,5185.915
1772151300,5185.57,5195.03,5185.285,5188.095
1772152200,5188.035,5189.8,5170.115,5175.055
1772153100,5175.09,5177.6,5171.81,5175.1
1772154000,5175.12,5178.97,5166.995,5176.575
1772154900,5176.935,5180.355,5174.8,5175.175
1772155800,5175.13,5191.33,5173.345,5188.82
1772156700,5188.765,5194.79,5187.22,5194.41
1772157600,5194.47,5199.845,5191.805,5194.56
1772158500,5194.595,5195.415,5184.035,5184.28
1772159400,5184.275,5186.225,5174.345,5181.75
1772160300,5181.745,5184.32,5173.59,5183.77
1772161200,5183.7,5185.13,5181.175,5183.02
1772162100,5183.01,5188.485,5181.35,5187.03
1772163000,5187.045,5189.225,5183.575,5187.355
1772163900,5187.335,5190.9,5183.96,5183.975
1772164800,5183.98,5187.865,5183.66,5186.695
1772165700,5186.73,5188.785,5181.78,5187.225
1772166600,5187.155,5188.66,5185.42,5187.39
1772167500,5187.375,5187.655,5181.015,5181.795
1772168400,5181.805,5187.62,5181.58,5187.4
1772169300,5187.535,5195.035,5185.78,5194.86
1772170200,5194.855,5197.585,5190.205,5192.115
1772171100,5192.11,5200.64,5190.945,5197.815
1772172000,5197.83,5198.82,5193.105,5197.21
1772172900,5197.115,5199.47,5192.47,5193.48
1772173800,5193.475,5196.525,5191.565,5193.555
1772174700,5193.56,5194.015,5185.065,5185.77
1772175600,5185.725,5189.845,5181.29,5181.8
1772176500,5181.82,5185.785,5177.585,5178.685
1772177400,5178.7,5182.99,5175.795,5180.395
1772178300,5180.485,5182.77,5175.92,5176.035
1772179200,5176.2,5182.435,5176.2,5178.555
1772180100,5178.55,5179.815,5174.38,5177.63
1772181000,5177.62,5182.325,5176.895,5180.37
1772181900,5180.42,5182.225,5176.53,5178.86
1772182800,5178.855,5181.855,5175.215,5178.61
1772183700,5178.575,5182.285,5177.07,5179.045
1772184600,5178.995,5181.86,5177.865,5181.225
1772185500,5181.2,5182.815,5172.225,5176.11
1772186400,5176.145,5176.99,5168.685,5174.435
1772187300,5174.23,5180.985,5172.24,5173.495
1772188200,5173.455,5176.375,5169.35,5176.255
1772189100,5176.225,5178.965,5175.555,5177.725
1772190000,5177.69,5178.48,5173.425,5174.045
1772190900,5173.935,5178.965,5172.66,5177.675
1772191800,5177.68,5180.435,5176.735,5177.655
1772192700,5177.645,5185.715,5177.645,5185.715
1772193600,5185.73,5190.69,5185.09,5185.57
1772194500,5185.62,5189.815,5185.26,5186.885
1772195400,5186.895,5188.355,5183.96,5185.065
1772196300,5185.07,5189.18,5183.12,5187.695
1772197200,5187.705,5214.995,5186.895,5212.91
1772198100,5212.97,5240.825,5212.59,5235.58
1772199000,5235.565,5236.235,5207.965,5216.715
1772199900,5216.72,5226.135,5211.14,5223.22
1772200800,5223.17,5230.4,5217.425,5226.6
1772201700,5226.71,5236.665,5223.72,5231.345
1772202600,5231.39,5233.94,5213.935,5225.555
1772203500,5225.555,5229.605,5215.985,5223.76
1772204400,5223.595,5240.27,5219.68,5237.945
1772205300,5238.105,5240.33,5214.97,5231.71
1772206200,5231.63,5236.225,5227.13,5231.44
1772207100,5231.45,5246.83,5230.155,5239.475
1772208000,5239.48,5255.815,5233.975,5253.8
1772208900,5253.67,5257.75,5221.89,5234.37
1772209800,5234.195,5238.55,5229.345,5235.95
1772210700,5235.905,5238.24,5228.965,5229.325
1772211600,5229.32,5236.21,5226.305,5231.5
1772212500,5231.495,5232.675,5223.64,5228.855
1772213400,5228.845,5236.945,5220.76,5234.73
1772214300,5234.675,5237.01,5232.29,5234.74
1772215200,5234.75,5238.46,5233.52,5233.595
1772216100,5233.59,5234.56,5222.665,5230.7
1772217000,5230.66,5240.195,5226.68,5239.795
1772217900,5239.775,5246.98,5238.9,5245.34
1772218800,5245.35,5251.38,5240.205,5246.835
1772219700,5246.91,5252.43,5245.28,5248.29
1772220600,5248.31,5251.225,5243.885,5246.245
1772221500,5246.37,5251.44,5245.465,5250.095
1772222400,5250.135,5252.435,5248.735,5251.68
1772223300,5251.675,5262.275,5251.6,5256.955
1772224200,5256.96,5263.33,5254.805,5260.075
1772225100,5260.08,5265.6,5259.765,5263.47
1772226000,5263.455,5264.125,5257.96,5259.865
1772226900,5259.87,5263.865,5257.32,5262.6
1772227800,5262.555,5276.58,5260.535,5274.635
1772228700,5274.63,5281.155,5272.25,5278.51
1772406000,5368.53,5375.195,5329.785,5348.155
1772406900,5348.15,5358.51,5343.425,5355.095
1772407800,5355.225,5394.005,5353.075,5382.375
1772408700,5382.31,5391.375,5373.785,5387.085
1772409600,5387.08,5388.3,5364.42,5375.92
1772410500,5375.965,5376.375,5349.7,5364.855
1772411400,5364.925,5373.34,5359.17,5365.46
1772412300,5365.54,5366.52,5341.28,5347.58
1772413200,5347.57,5347.71,5314.845,5340.09
1772414100,5340.09,5345.975,5303.39,5307.83
1772415000,5307.91,5339.3,5305.465,5333.495
1772415900,5333.845,5338.555,5322.08,5325.44
1772416800,5325.34,5335.905,5317.325,5328.415
1772417700,5328.435,5336.5,5326.41,5331.64
1772418600,5331.47,5351.94,5328.615,5351.22
1772419500,5351.24,5352.04,5340.925,5346.67
1772420400,5346.72,5357.62,5344.415,5355.15
1772421300,5355.145,5359.61,5349.7,5355.67
1772422200,5355.665,5365.095,5353.68,5362.705
1772423100,5362.71,5366.93,5360.115,5366.46
1772424000,5366.625,5367.325,5355.73,5356.255
1772424900,5356.59,5366.375,5356.045,5363.565
1772425800,5363.57,5364.51,5345.16,5354.235
1772426700,5354.25,5358.565,5350.775,5356.12
1772427600,5356.2,5356.2,5345.95,5350.09
1772428500,5350.14,5354.435,5340.82,5350.875
1772429400,5350.88,5363.695,5348.885,5360.78
1772430300,5360.81,5366.395,5359.425,5366.04
1772431200,5366.045,5380.245,5363.835,5375.345
1772432100,5375.35,5382.225,5374,5380.865
1772433000,5380.955,5383.225,5374.29,5375.61
1772433900,5375.615,5390.21,5375.61,5387.7
1772434800,5387.69,5406.98,5385.035,5406.07
1772435700,5406.14,5419.66,5404.555,5408.57
1772436600,5408.515,5411.81,5402.305,5402.97
1772437500,5402.975,5414.645,5402.58,5408.175
1772438400,5408.155,5412.93,5402.835,5409.57
1772439300,5409.55,5416.165,5402.45,5415.775
1772440200,5415.855,5416.945,5396.83,5401.78
1772441100,5401.74,5411.025,5391.39,5394.145
1772442000,5394.11,5400.27,5389.455,5394.695
1772442900,5394.73,5398.77,5386.09,5394.7
1772443800,5394.685,5403.27,5394.31,5396.76
1772444700,5396.78,5397.59,5387.415,5392.11
1772445600,5392.115,5394.62,5379.055,5390.455
1772446500,5390.465,5392.685,5383.66,5390.025
1772447400,5390.03,5401.005,5386.93,5400.64
1772448300,5400.66,5401.045,5381.65,5389.435
1772449200,5389.445,5394.86,5382.45,5388.735
1772450100,5388.665,5397.44,5387.785,5390.71
1772451000,5390.625,5400.215,5389.105,5389.305
1772451900,5389.31,5390.07,5374.37,5385.41
1772452800,5385.43,5398.445,5378.96,5391.495
1772453700,5391.6,5396.185,5384.655,5394.18
1772454600,5394.195,5398.92,5388.94,5396.57
1772455500,5396.52,5398.66,5385.605,5397.15
1772456400,5397.195,5410.26,5381.965,5384.445
1772457300,5384.43,5409.275,5382.555,5401.685
1772458200,5401.745,5417.045,5392.36,5393.175
1772459100,5393.18,5398.525,5389.35,5394.08
1772460000,5394.1,5395.375,5363.81,5375.345
1772460900,5375.34,5376.9,5306.9,5333.64
1772461800,5333.795,5356.265,5306.51,5347.865
1772462700,5347.87,5351.835,5321.185,5334.355
1772463600,5334.125,5347.03,5311.265,5333.69
1772464500,5333.735,5339.38,5317.68,5331.15
1772465400,5331.025,5349.165,5330.055,5342.48
1772466300,5342.495,5345.26,5308.27,5315.605
1772467200,5315.545,5315.55,5260.285,5300.445
1772468100,5300.175,5314.78,5281.525,5310.11
1772469000,5310.095,5311.925,5282.16,5301.44
1772469900,5301.53,5306.435,5289.325,5290.205
1772470800,5290.235,5310.245,5287.11,5298.665
1772471700,5298.51,5312.385,5291.845,5305.125
1772472600,5305.11,5320.92,5303.485,5304.235
1772473500,5304.305,5311.14,5298.1,5306.995
1772474400,5306.99,5308.425,5289.87,5295.465
1772475300,5295.625,5306.245,5293.9,5297.84
1772476200,5297.835,5303.285,5291.02,5303.285
1772477100,5303.295,5316.665,5302.2,5315.515
1772478000,5315.54,5333.38,5313.875,5330.81
1772478900,5330.82,5332.905,5318.535,5330.89
1772479800,5330.885,5334.185,5324.6,5325.075
1772480700,5325.03,5332.43,5323,5330.65
1772481600,5330.685,5346.585,5328.44,5337.645
1772482500,5337.635,5346.475,5328.645,5333.48
1772483400,5333.665,5344.88,5332.01,5342.02
1772484300,5341.94,5342.91,5331.215,5332.69
1772485200,5332.63,5339.875,5331.45,5335.545
1772486100,5335.565,5340.565,5331.4,5332.715
1772487000,5332.645,5332.915,5326.15,5331.41
1772487900,5331.4,5331.4,5321.705,5321.935
1772492400,5344.96,5347.215,5332.885,5338.805
1772493300,5339.075,5342.08,5329.3,5336.865
1772494200,5336.855,5337.135,5330.56,5330.97
1772495100,5331.115,5346.785,5330.145,5345.89
1772496000,5345.95,5349.705,5336.98,5348.55
1772496900,5348.555,5359.09,5348.205,5358.165
1772497800,5358.19,5362.29,5348.32,5355.13
1772498700,5355.135,5359.755,5346.05,5350.32
1772499600,5350.345,5372.13,5347.12,5368.19
1772500500,5368.195,5379.975,5365.96,5377.21
1772501400,5377.205,5378.65,5362.745,5362.79
1772502300,5362.825,5365.6,5338.02,5339.67
1772503200,5339.69,5357.49,5332.94,5350.15
1772504100,5350.26,5359.835,5344.295,5359.045
1772505000,5359.055,5365.285,5355.435,5361.16
1772505900,5361.4,5368.065,5358.965,5367.015
1772506800,5367.025,5371.725,5365.045,5366.94
1772507700,5366.905,5373.535,5363.745,5367.45
1772508600,5367.51,5370.655,5365.595,5369.095
1772509500,5369.07,5370.125,5358.94,5367.525
1772510400,5367.535,5368.08,5359.515,5361.835
1772511300,5361.85,5375.71,5359.715,5372.25
1772512200,5372.255,5375.865,5367.125,5369.53
1772513100,5369.465,5370.035,5360.86,5361.21
1772514000,5361.145,5367.28,5354.25,5362.08
1772514900,5362.075,5364.37,5352.945,5358.98
1772515800,5358.865,5359.72,5334.445,5345.52
1772516700,5345.515,5347.02,5305.1,5319.32
1772517600,5319.36,5323.42,5279.005,5289.7
1772518500,5289.695,5319.815,5288.4,5316.76
1772519400,5316.685,5319.485,5295.905,5310.525
1772520300,5310.38,5315.495,5291.075,5310.69
1772521200,5310.705,5318.555,5306.095,5315.055
1772522100,5315.05,5320.37,5310.195,5313.52
1772523000,5313.535,5328.445,5313.52,5326.53
1772523900,5326.525,5331.32,5323.525,5327.745
1772524800,5327.735,5336.12,5319.95,5320.13
1772525700,5320.805,5328.9,5311.03,5312.365
1772526600,5312.385,5313.47,5296.22,5305.25
1772527500,5305.255,5311.51,5290.085,5295.9
1772528400,5295.835,5304.155,5284.615,5296.375
1772529300,5296.365,5302.64,5225.57,5242.89
1772530200,5242.875,5270.825,5241.135,5264.05
1772531100,5264.045,5281.23,5259.875,5275.345
1772532000,5275.28,5288.07,5268.705,5272.9
1772532900,5272.895,5281.385,5265.78,5276.845
1772533800,5276.815,5277.165,5248.1,5261.065
1772534700,5261.005,5261.005,5237.96,5248.5
1772535600,5248.49,5264.17,5160.515,5198.67
1772536500,5198.61,5209.12,5110.505,5126.595
1772537400,5126.585,5143.19,5073.135,5125.255
1772538300,5125.245,5157.935,5124.105,5144.925
1772539200,5144.95,5193.525,5138.915,5192.85
1772540100,5192.84,5209.75,5181.545,5204.68
1772541000,5204.665,5212.465,5188.995,5202.865
1772541900,5202.855,5227.08,5196.455,5224.46
1772542800,5224.575,5224.625,5146.21,5164.215
1772543700,5164.2,5184.59,5159.63,5178.28
1772544600,5178.22,5186.36,5147.805,5156.625
1772545500,5156.6,5159.43,5127.6,5156.895
1772546400,5156.885,5175.7,5150.32,5165.19
1772547300,5165.135,5166.765,5124.81,5146.325
1772548200,5146.31,5146.31,5062.135,5071.725
1772549100,5071.625,5077.385,5016.125,5039.065
1772550000,5039.085,5070.205,5025.77,5040.115
1772550900,5039.98,5053.47,4996.275,5044.045
1772551800,5043.95,5070.635,5037.315,5061.995
1772552700,5061.96,5097.12,5054.74,5095.76
1772553600,5095.755,5122.78,5090.715,5108.095
1772554500,5108.285,5126.205,5099.73,5112.845
1772555400,5112.865,5134.82,5106.84,5111.44
1772556300,5111.415,5115.94,5098.1,5107.435
1772557200,5107.45,5107.45,5081.205,5098.31
1772558100,5098.32,5109.915,5081.815,5083.135
1772559000,5083.26,5085.98,5065.5,5079
1772559900,5078.985,5084.61,5067.82,5079.63
1772560800,5079.545,5104.125,5079.375,5103.645
1772561700,5103.675,5117.345,5093.71,5112.185
1772562600,5112.23,5137.27,5107.155,5133.39
1772563500,5133.495,5138.44,5127.105,5136.11
1772564400,5136.13,5149.055,5109.915,5112.47
1772565300,5112.38,5121.36,5102.03,5106.825
1772566200,5106.83,5119.23,5099.43,5119.12
1772567100,5119.135,5128.55,5107.19,5113.395
1772568000,5113.385,5127.075,5112.24,5119.125
1772568900,5119.15,5130.67,5114.06,5122.82
1772569800,5123.145,5126.49,5102.53,5111.71
1772570700,5111.7,5113.44,5086.21,5097.52
1772571600,5097.525,5110.66,5094.345,5098.97
1772572500,5098.93,5101.43,5089.595,5089.64
1772573400,5089.89,5096.68,5084.075,5091.905
1772574300,5091.9,5093.76,5083.45,5088.835
1772578800,5106.335,5118.64,5105.37,5117.515
1772579700,5117.37,5128.5,5116.655,5126.445
1772580600,5126.5,5128.96,5116.865,5125.755
1772581500,5125.76,5130.105,5120.195,5125.44
1772582400,5125.43,5126.43,5105.72,5116.105
1772583300,5116.1,5129.05,5113.23,5125.265
1772584200,5125.28,5137.69,5122.605,5132.35
1772585100,5132.195,5140.605,5127.795,5139.095
1772586000,5139.075,5162.785,5139.055,5159.675
1772586900,5159.63,5164.66,5146.23,5146.23
1772587800,5146.005,5163.745,5142.485,5163.265
1772588700,5163.275,5178.82,5158.445,5175.155
1772589600,5175.075,5191.065,5167.95,5190
1772590500,5189.99,5190.04,5175.84,5178
1772591400,5177.98,5180.45,5163.82,5180.36
1772592300,5180.365,5181.125,5154.07,5156.48
1772593200,5156.49,5160.45,5141.14,5156.185
1772594100,5156.12,5168.395,5151.59,5162.655
1772595000,5162.635,5167.855,5154.005,5163
1772595900,5162.885,5177.835,5159.775,5174.465
1772596800,5174.455,5181.01,5171.96,5174.14
1772597700,5174.135,5174.375,5162.86,5168.425
1772598600,5168.455,5171.085,5151.77,5161.735
1772599500,5161.7,5165.205,5154.88,5156.93
1772600400,5157.265,5166.445,5152.095,5161.105
1772601300,5161.1,5166.07,5153.07,5156.685
1772602200,5156.67,5167.96,5155.315,5160.625
1772603100,5160.62,5168.47,5154.075,5160.09
1772604000,5160.095,5160.095,5117.72,5141.425
1772604900,5141.435,5150.57,5128.4,5134.575
1772605800,5134.575,5156.275,5132.745,5148.89
1772606700,5148.885,5161.015,5146.85,5160.625
1772607600,5160.6,5176.065,5158.55,5167.69
1772608500,5167.685,5174.62,5163.505,5167.535
1772609400,5167.595,5173.535,5163.69,5169.66
1772610300,5169.665,5176.035,5168.365,5168.37
1772611200,5168.345,5172.305,5147.64,5157.415
1772612100,5157.44,5168.95,5152.42,5162.74
1772613000,5162.76,5176.445,5162.155,5175.79
1772613900,5175.785,5182.335,5166.435,5167.775
1772614800,5167.73,5171.61,5159.33,5164.33
1772615700,5164.295,5178.8,5162.27,5170.92
1772616600,5170.91,5185.4,5169.13,5182.575
1772617500,5182.72,5185.07,5175.995,5182.51
1772618400,5182.53,5198.325,5182.485,5198.325
1772619300,5198.39,5202.425,5186.855,5188.05
1772620200,5188.315,5191.395,5179.725,5185.8
1772621100,5185.795,5194.105,5181.66,5190.135
1772622000,5190.17,5196.865,5187.88,5195.34
1772622900,5195.38,5197.915,5190.3,5195.09
1772623800,5195.16,5200.79,5190.925,5192.935
1772624700,5192.9,5194.395,5187.645,5192.205
1772625600,5192.21,5206.265,5192.21,5197.595
1772626500,5197.705,5197.905,5174.42,5178.365
1772627400,5178.65,5178.67,5156.51,5167.145
1772628300,5166.96,5173.415,5159.795,5171.335
1772629200,5171.315,5196.52,5170.99,5194.935
1772630100,5195.015,5195.7,5179.2,5192.52
1772631000,5192.535,5193.18,5182.055,5188.63
1772631900,5188.675,5192.43,5167.53,5167.965
1772632800,5167.99,5180.86,5163.93,5165.46
1772633700,5165.45,5175.405,5160.15,5166.53
1772634600,5166.58,5185.33,5163.225,5172.18
1772635500,5172.205,5179.865,5138.98,5147.475
1772636400,5146.005,5163.135,5131.34,5134.505
1772637300,5134.42,5159.83,5132.83,5156.255
1772638200,5156.345,5167.045,5137.54,5143.925
1772639100,5143.9,5153.205,5133.435,5151.595
1772640000,5151.49,5162.675,5143.625,5148.64
1772640900,5148.805,5156.075,5138.28,5146.19
1772641800,5146.255,5159.21,5144.135,5146.785
1772642700,5146.885,5152.925,5142.835,5149.67
1772643600,5149.675,5152.99,5142.845,5147.255
1772644500,5147.315,5149.965,5120.285,5133.815
1772645400,5133.865,5139.25,5128.26,5137.675
1772646300,5137.715,5147.75,5135.77,5141.285
1772647200,5141.23,5143.695,5117.66,5124.68
1772648100,5124.745,5128.185,5110.9,5123.935
1772649000,5123.925,5129.98,5108.64,5125.38
1772649900,5125.37,5134.905,5123.73,5134.06
1772650800,5134.055,5136.765,5126.43,5131.505
1772651700,5131.51,5133.415,5124.62,5124.715
1772652600,5124.665,5132.38,5123.385,5130.98
1772653500,5130.985,5139.695,5129.745,5138.015
1772654400,5137.975,5138.875,5127.035,5129.95
1772655300,5130.06,5138.625,5123.785,5137.39
1772656200,5137.395,5146.945,5137.145,5144.04
1772657100,5144.18,5144.76,5132.95,5134.81
1772658000,5134.835,5144.155,5134.185,5140.49
1772658900,5140.395,5141.71,5136.29,5141.575
1772659800,5141.59,5141.97,5129.595,5135.87
1772660700,5135.6,5142.465,5135.19,5140.945
1772665200,5152.485,5155.21,5144.86,5146.905
1772666100,5146.75,5156.87,5146.415,5154.94
1772667000,5155.22,5156.665,5148.76,5156.255
1772667900,5156.265,5166.33,5155,5165.365
1772668800,5165.375,5172.87,5159.35,5171.23
1772669700,5171.385,5180.1,5170.725,5173.43
1772670600,5173.435,5176.975,5168.295,5171.58
1772671500,5171.585,5177.465,5166.38,5172.695
1772672400,5172.69,5186.575,5169.94,5176.605
1772673300,5176.6,5182.555,5172.67,5177.73
1772674200,5177.72,5179.21,5167.665,5172.895
1772675100,5172.89,5180.31,5169.545,5172.85
1772676000,5172.8,5181.785,5171.895,5178.645
1772676900,5178.62,5188.32,5176.495,5184.38
1772677800,5184.37,5187.325,5174.455,5175.48
1772678700,5175.435,5192.62,5174.375,5192.21
1772679600,5192.155,5195.22,5184.04,5185.92
1772680500,5185.93,5191.34,5184.735,5185.265
1772681400,5185.28,5191.045,5181.315,5188.675
1772682300,5188.68,5191.18,5178.35,5180.35
1772683200,5180.325,5185.875,5176.88,5183.79
1772684100,5183.8,5186.81,5174.8,5178.495
1772685000,5178.5,5180.235,5173.965,5174.36
1772685900,5174.355,5175.735,5166.315,5171.61
1772686800,5171.615,5176.925,5169.35,5175.66
1772687700,5175.72,5176.825,5170.005,5172.57
1772688600,5172.615,5174.215,5162,5166.49
1772689500,5166.41,5169.54,5148.41,5148.755
1772690400,5148.755,5155.535,5120.785,5132.79
1772691300,5132.875,5144.275,5124.645,5143.375
1772692200,5143.37,5156.84,5140.31,5151.045
1772693100,5151.04,5168.95,5149.145,5167.79
1772694000,5167.74,5172.94,5161.49,5161.98
1772694900,5161.985,5168.165,5159.895,5166.2
1772695800,5166.205,5167.11,5159.625,5160.445
1772696700,5160.405,5166.425,5158.8,5162.195
1772697600,5162.11,5162.825,5141.79,5141.835
1772698500,5141.78,5148.785,5137.54,5144.805
1772699400,5144.745,5163.47,5143.81,5161.245
1772700300,5161.225,5170.25,5161.215,5165.625
1772701200,5165.63,5180.48,5161.385,5179.46
1772702100,5179.455,5180.37,5166.93,5169.42
1772703000,5169.365,5169.61,5152.48,5162.695
1772703900,5162.675,5165.66,5157.16,5161.26
1772704800,5161.255,5161.26,5146.24,5154.525
1772705700,5154.305,5158.73,5151.645,5156.26
1772706600,5156.01,5158.92,5147.55,5157.105
1772707500,5157.11,5167.845,5156.41,5164.635
1772708400,5164.685,5168.02,5161.405,5164.59
1772709300,5164.625,5167.125,5161.185,5163.15
1772710200,5163.16,5164.695,5156.955,5160.85
1772711100,5160.855,5165.225,5160.335,5164.035
1772712000,5164.05,5171.54,5163.25,5168.52
1772712900,5168.525,5170.61,5161.77,5161.785
1772713800,5161.71,5167.93,5160.755,5162.535
1772714700,5162.525,5166.275,5160.865,5162.635
1772715600,5162.615,5164.11,5146.635,5155.92
1772716500,5155.965,5160.2,5081.23,5122.575
1772717400,5122.585,5138.105,5115.295,5131.385
1772718300,5131.375,5132.215,5109.98,5118.085
1772719200,5118.09,5130.005,5110.37,5112.955
1772720100,5112.93,5121.415,5102.925,5120.55
1772721000,5120.36,5123.765,5090.54,5097.66
1772721900,5097.775,5111.37,5091.37,5102.305
1772722800,5102.3,5119.965,5060.625,5085.1
1772723700,5085.11,5094.215,5071.97,5086.63
1772724600,5086.675,5093.93,5077.82,5080.645
1772725500,5080.595,5103.07,5079.46,5102.63
1772726400,5102.635,5104.76,5074.415,5083.155
1772727300,5083.14,5085.485,5060.325,5064.06
1772728200,5064.095,5073.005,5054.22,5071.27
1772729100,5071.6,5081.445,5070.465,5077.735
1772730000,5077.74,5089.5,5073.83,5086.415
1772730900,5086.655,5088.99,5075.03,5075.21
1772731800,5075.215,5077.375,5055.065,5063.385
1772732700,5063.405,5069.35,5055.63,5062.87
1772733600,5062.75,5073.715,5050.905,5071.96
1772734500,5071.97,5076.205,5061.55,5071.275
1772735400,5071.28,5085.525,5070.705,5083.06
1772736300,5083.15,5083.59,5067.315,5069.41
1772737200,5069.395,5081.325,5067.505,5073.585
1772738100,5073.58,5073.595,5062.41,5067.175
1772739000,5067.17,5067.425,5055.775,5065.815
1772739900,5065.905,5070.8,5062.305,5066.14
1772740800,5066.145,5079.92,5061.805,5079.05
1772741700,5079.055,5094.925,5076.315,5080.815
1772742600,5080.835,5082.56,5074.335,5080.775
1772743500,5080.84,5081.925,5073.03,5076.855
1772744400,5076.9,5084.52,5072.29,5076.62
1772745300,5076.555,5081.62,5075.795,5081
1772746200,5081.02,5082.78,5072.845,5075.845
1772747100,5075.835,5085.19,5074.18,5081.38
1772751600,5090.81,5092.065,5082.155,5086.405
1772752500,5086.415,5096.945,5083.01,5091.14
1772753400,5091.185,5102.525,5087.485,5101.085
1772754300,5101.08,5101.08,5084.75,5086.155
1772755200,5086.075,5091.67,5074.22,5085.265
1772756100,5085.255,5092.545,5078.06,5090.91
1772757000,5090.925,5092.395,5075.05,5083.845
1772757900,5083.55,5090.28,5076.97,5084.95
1772758800,5084.895,5086.485,5066.4,5077.135
1772759700,5077.125,5089.19,5074.945,5085.965
1772760600,5086,5120.68,5085.79,5118.69
1772761500,5118.46,5144.05,5117.67,5134.575
1772762400,5134.44,5138.58,5125.54,5130.54
1772763300,5130.665,5134.675,5127.945,5128.995
1772764200,5129.04,5132.17,5122.075,5124.435
1772765100,5124.43,5129.26,5123.115,5126.37
1772766000,5126.345,5135.13,5124.44,5133.135
1772766900,5133.14,5141.64,5131.1,5136.765
1772767800,5136.795,5138.25,5129.14,5132.51
1772768700,5132.58,5134.76,5129.835,5131.21
1772769600,5131.2,5136.11,5130.695,5135.29
1772770500,5135.285,5136.485,5127.68,5129.745
1772771400,5129.75,5133.575,5128.32,5132.645
1772772300,5132.675,5136,5126.25,5127.65
1772773200,5127.53,5130.06,5122.995,5126.78
1772774100,5126.57,5130.38,5122.94,5130.06
1772775000,5130.065,5130.37,5119.14,5121.18
1772775900,5121.215,5123.595,5114.23,5117.63
1772776800,5117.595,5121.59,5109.25,5116.53
1772777700,5116.535,5123.115,5114.725,5120.33
1772778600,5120.335,5122.975,5116.63,5121.37
1772779500,5121.27,5122.62,5115.17,5115.78
1772780400,5115.84,5117.98,5105.72,5111.73
1772781300,5111.725,5119.91,5110.835,5114.88
1772782200,5114.775,5116.695,5107.9,5114.33
1772783100,5114.315,5120.82,5112.72,5119.695
1772784000,5119.7,5123.16,5110.91,5115.64
1772784900,5115.505,5117.885,5099.33,5100.72
1772785800,5100.62,5108.945,5096.54,5107.88
1772786700,5107.9,5113.9,5107.125,5108.8
1772787600,5108.805,5109.75,5094.62,5095.83
1772788500,5095.84,5102.735,5092.02,5099.09
1772789400,5099.04,5103.89,5087.115,5096.37
1772790300,5096.34,5097.44,5083.33,5085.715
1772791200,5085.77,5090.895,5075.66,5082.77
1772792100,5082.65,5093.35,5079.925,5087.47
1772793000,5087.305,5091.855,5081.17,5081.915
1772793900,5081.765,5093.15,5081.765,5091.13
1772794800,5091.165,5091.55,5080.475,5086.315
1772795700,5086.325,5098.58,5085.73,5094.63
1772796600,5094.615,5099.735,5080.92,5081.27
1772797500,5081.285,5087.255,5063.215,5077.28
1772798400,5077.34,5091.26,5076.43,5090.045
1772799300,5090.38,5096.725,5086.175,5088.61
1772800200,5088.63,5096.505,5085.305,5096.145
1772801100,5096.13,5096.555,5081.44,5083.295
1772802000,5083.29,5083.67,5065.5,5073.42
1772802900,5073.205,5088.995,5072.63,5083.215
1772803800,5083.19,5131.245,5083.19,5121.64
1772804700,5121.665,5122.51,5073.97,5085.12
1772805600,5085.17,5102.895,5080.905,5097.25
1772806500,5097.31,5109.57,5088.145,5104.47
1772807400,5104.48,5115.7,5084.185,5089.63
1772808300,5089.64,5132.44,5087.515,5130.2
1772809200,5130.18,5159.205,5127.96,5149.3
1772810100,5149.475,5171.89,5144.42,5161.835
1772811000,5161.845,5166.84,5149.885,5154.095
1772811900,5154.04,5157.7,5134.45,5141.835
1772812800,5141.84,5150.925,5136.065,5143.905
1772813700,5143.9,5153.3,5136.53,5142.405
1772814600,5142.435,5146.36,5125.865,5142.3
1772815500,5142.305,5148.24,5130.05,5140.125
1772816400,5140.225,5142.675,5129.02,5136.785
1772817300,5136.755,5145.68,5133.305,5142.445
1772818200,5142.45,5152.585,5136.755,5137.585
1772819100,5137.685,5141.13,5133.04,5141.01
1772820000,5141.015,5147.48,5138.88,5145.565
1772820900,5145.555,5151.095,5143.2,5150.615
1772821800,5150.67,5165.415,5149.02,5165.14
1772822700,5165.18,5167.875,5156.87,5161.08
1772823600,5161.07,5171.405,5160.515,5171.405
1772824500,5171.295,5174.67,5164.51,5165.365
1772825400,5165.29,5168.215,5157.76,5158.305
1772826300,5158.285,5163.96,5156.79,5159.73
1772827200,5159.9,5162.63,5153.925,5155.295
1772828100,5155.31,5160.655,5152.665,5153.825
1772829000,5153.85,5161.615,5149.34,5157.77
1772829900,5157.725,5160.815,5150.695,5153.345
1772830800,5153.34,5167.63,5150.99,5165.21
1772831700,5165.225,5170.59,5164.87,5168.42
1772832600,5168.315,5172.385,5166.52,5170.645
1772833500,5170.615,5176.63,5169.275,5171.5
1773007200,5171.95,5171.95,5118.53,5159.265
1773008100,5159.265,5160.335,5127.025,5156.065
1773009000,5156.09,5164.55,5106.455,5125.92
1773009900,5125.935,5134.605,5104.345,5130.31
1773010800,5130.31,5136.2,5093.745,5102.065
1773011700,5102.055,5107.105,5095.045,5104.875
1773012600,5104.88,5105.53,5044.14,5072.845
1773013500,5072.85,5080.39,5054.25,5076.01
1773014400,5076.02,5081.36,5028.54,5036.25
1773015300,5036.255,5053.27,5032.975,5046.295
1773016200,5046.095,5060.425,5044.195,5052.39
1773017100,5052.385,5057.91,5033.69,5050.03
1773018000,5049.625,5074.81,5015.045,5072.465
1773018900,5072.455,5087.895,5070.055,5071.89
1773019800,5072.08,5086.335,5071.46,5079.605
1773020700,5079.57,5082.545,5065.35,5070.165
1773021600,5070.235,5095.325,5055.21,5094.735
1773022500,5094.74,5094.885,5072.835,5077.54
1773023400,5077.505,5094.155,5076.07,5092.835
1773024300,5092.82,5099.21,5085.93,5094.655
1773025200,5095.515,5099.82,5084.245,5087.295
1773026100,5087.285,5102.255,5083.94,5083.94
1773027000,5083.985,5094.105,5081.87,5087.27
1773027900,5087.21,5093.73,5087.005,5091.275
1773028800,5091.295,5097.225,5086.805,5090.855
1773029700,5090.865,5094.77,5088.465,5089.46
1773030600,5089.685,5093.035,5087.495,5090.38
1773031500,5090.385,5091.51,5085.36,5090.36
1773032400,5090.35,5102.35,5081.185,5096.425
1773033300,5096.375,5104.605,5087.3,5095.425
1773034200,5095.48,5121.51,5091.915,5120.885
1773035100,5120.89,5140.79,5119.415,5124.2
1773036000,5124.185,5134.075,5119.22,5127.865
1773036900,5127.86,5131.46,5123.22,5126.51
1773037800,5126.515,5129.85,5104.69,5106.675
1773038700,5106.68,5111.24,5097.22,5097.975
1773039600,5097.97,5102.095,5088.265,5096.915
1773040500,5096.91,5107.105,5095.285,5106.815
1773041400,5106.825,5108.03,5099.88,5101.23
1773042300,5101.205,5101.56,5093.615,5099.085
1773043200,5099.145,5111.055,5099.145,5100.025
1773044100,5100.015,5106.63,5090.91,5091.6
1773045000,5091.58,5096.895,5087.07,5090.265
1773045900,5090.26,5102.77,5087.23,5096.725
1773046800,5096.71,5116.885,5095.085,5112.865
1773047700,5112.895,5126.875,5112.395,5125.15
1773048600,5125.155,5132.765,5102.655,5102.79
1773049500,5102.785,5107.53,5096.455,5105.39
1773050400,5105.4,5111.32,5102.88,5109.245
1773051300,5109.26,5110.49,5098.2,5099.67
1773052200,5099.525,5100.435,5089.085,5096.045
1773053100,5096.04,5096.815,5083.845,5087.335
1773054000,5087.3,5097.52,5087.3,5090.56
1773054900,5090.565,5092.8,5079.93,5085.94
1773055800,5086.035,5093.215,5082.135,5085.945
1773056700,5085.91,5094.725,5084.26,5088.305
1773057600,5088.29,5099.845,5088.29,5096.32
1773058500,5096.36,5110.28,5094.535,5109.6
1773059400,5109.67,5112.505,5103.9,5107.1
1773060300,5107.295,5107.295,5093.48,5095.07
1773061200,5095.075,5099.475,5088.175,5092.545
1773062100,5092.52,5098.51,5084.795,5094.855
1773063000,5094.755,5111.52,5074.3,5076.065
1773063900,5076.06,5084.885,5067.42,5074.39
1773064800,5074.44,5088.695,5060.595,5071.26
1773065700,5071.335,5084.41,5064.81,5081.745
1773066600,5081.665,5114.99,5079.985,5112.63
1773067500,5112.625,5116.28,5085.71,5094.125
1773068400,5094.01,5095.025,5079.585,5091.85
1773069300,5091.86,5100.505,5082.165,5099.665
1773070200,5099.67,5102.78,5093.15,5095.06
1773071100,5095.07,5103.54,5094.275,5099.79
1773072000,5099.885,5109.52,5097.06,5103.525
1773072900,5103.59,5105.58,5094.76,5104.045
1773073800,5104.195,5110.715,5102.76,5107.305
1773074700,5107.385,5108.755,5103,5104.74
1773075600,5104.76,5106.99,5098.345,5099.935
1773076500,5099.91,5102.465,5091.195,5095.055
1773077400,5095.04,5097.975,5089.135,5090.815
1773078300,5090.805,5099.605,5090.74,5096.12
1773079200,5096.07,5098.24,5092.51,5097.6
1773080100,5097.62,5107.115,5096.69,5105.315
1773081000,5105.375,5120.455,5104.51,5118.145
1773081900,5118.14,5126.645,5115.445,5123.46
1773082800,5123.535,5130.625,5118.63,5122.915
1773083700,5122.91,5144.01,5118.375,5140.23
1773084600,5140.245,5140.275,5125.465,5135.52
1773085500,5135.525,5144.325,5129.32,5141.21
1773086400,5141.265,5148.205,5137.925,5139.53
1773087300,5139.525,5140.57,5134.4,5139.7
1773088200,5139.695,5139.895,5134.72,5139.455
1773089100,5139.38,5140.825,5134.435,5137.91
1773093600,5128.805,5136.975,5124.39,5132.45
1773094500,5132.49,5135.96,5117.355,5132.225
1773095400,5132.215,5140.1,5128.48,5136.265
1773096300,5136.24,5153.285,5136.015,5153.22
1773097200,5153.265,5154.825,5138.53,5146.31
1773098100,5146.31,5156.21,5142.685,5145.04
1773099000,5144.975,5149.765,5135.64,5137.425
1773099900,5137.585,5143.51,5137.12,5139.805
1773100800,5139.61,5141.435,5130.92,5136.965
1773101700,5136.96,5137.8,5129.065,5130.6
1773102600,5130.58,5137.865,5124.89,5137.53
1773103500,5137.525,5139.365,5127.995,5131.225
1773104400,5131.155,5153.455,5124.835,5143.735
1773105300,5143.74,5168.15,5142.315,5158.205
1773106200,5158.21,5169.04,5153.205,5166.065
1773107100,5166.085,5186.455,5164.23,5184.24
1773108000,5184.245,5187.055,5170.53,5175.49
1773108900,5175.475,5181.24,5172.44,5179.95
1773109800,5179.84,5184.86,5175.595,5182.34
1773110700,5182.32,5185.645,5164,5166.065
1773111600,5166.055,5173.48,5165.25,5166.5
1773112500,5166.505,5170.625,5161.705,5166.95
1773113400,5166.925,5167.98,5160.125,5162.61
1773114300,5162.625,5163.055,5155.56,5157.615
1773115200,5157.555,5165.42,5154.47,5164.66
1773116100,5164.645,5166.645,5161.38,5162.565
1773117000,5162.615,5165.5,5161.415,5161.925
1773117900,5161.91,5165.525,5161.48,5163.845
1773118800,5163.84,5173.305,5163.815,5172.875
1773119700,5172.89,5174.38,5169.095,5171.735
1773120600,5171.745,5174.365,5167.465,5168.825
1773121500,5168.725,5179.35,5166.87,5177.87
1773122400,5178.08,5181.1,5174.205,5179.73
1773123300,5179.65,5179.65,5171.84,5176.24
1773124200,5176.44,5179.2,5173.74,5175.95
1773125100,5175.89,5177.48,5173.36,5175.34
1773126000,5175.325,5178.915,5170.83,5174.895
