time,open,high,low,close
1762124400,25875.8,25934.7,25875.8,25934.3
1762125300,25934.1,25939.2,25911.7,25921.4
1762126200,25921.5,25949.7,25916.1,25938.5
1762127100,25938.6,25955.1,25937.8,25942.9
1762128000,25943,25961,25942.8,25954.2
1762128900,25954.4,25976.1,25953.1,25967.9
1762129800,25968,25977.5,25963.3,25974.2
1762130700,25974.4,25980.6,25972,25980
1762131600,25979.8,25982.7,25964.6,25976.3
1762132500,25976.4,25989.5,25965.8,25970.7
1762133400,25970.9,25973.9,25952.8,25964.7
1762134300,25964.5,25965.6,25952.7,25954
1762135200,25953.9,25962,25949.6,25959.3
1762136100,25959.6,25979.2,25957.8,25968.6
1762137000,25968.5,25968.8,25935.1,25951.9
1762137900,25952,25958.7,25943.3,25948.2
1762138800,25948.1,25951.2,25928.4,25930.3
1762139700,25930.6,25944.7,25915.7,25930.2
1762140600,25930.1,25947.4,25924.3,25937.3
1762141500,25937.2,25944.7,25928.3,25942.8
1762142400,25942.3,25943,25930.2,25937.5
1762143300,25937.6,25951.7,25932.2,25944.8
1762144200,25945,25950.3,25936.9,25939.7
1762145100,25939.8,25950.5,25939.4,25949.4
1762146000,25949.2,25953.6,25941.9,25944
1762146900,25943.8,25944.4,25921.5,25942.1
1762147800,25942.3,25952.9,25933.4,25948
1762148700,25947.9,25949,25923.2,25933.9
1762149600,25934,25946.3,25927.2,25927.7
1762150500,25927.6,25931.2,25898.3,25906.7
1762151400,25906.5,25926.2,25901.6,25910.1
1762152300,25909.5,25926.3,25897.4,25913.1
1762153200,25913.2,25914.8,25889.6,25896.2
1762154100,25896.1,25914.3,25888.3,25902.3
1762155000,25902.4,25906.1,25884.4,25884.4
1762155900,25884.5,25903.4,25882.8,25896.9
1762156800,25897.1,25920.4,25884.9,25916.3
1762157700,25916.5,25934.9,25904.7,25930.5
1762158600,25929.7,25945.1,25923.3,25944.7
1762159500,25944.9,25963.2,25940.4,25950.8
1762160400,25950.9,25987,25947.4,25986.5
1762161300,25986.6,26013.6,25984.2,26012.6
1762162200,26012.7,26020.5,26001.7,26011.5
1762163100,26011.4,26013.3,25990.7,25994.8
1762164000,25994.9,26004.9,25988.4,25999.6
1762164900,25999.5,26011,25993.2,26005.6
1762165800,26005.5,26020.3,25997.8,26018.3
1762166700,26018.4,26029.5,25997.1,26004.6
1762167600,26004.4,26033.5,26004.4,26025.1
1762168500,26025,26043.3,26021.9,26026.3
1762169400,26026.4,26034.1,26018,26025.1
1762170300,26025.2,26040.3,26015.3,26018.4
1762171200,26018.6,26048.2,26015.5,26044.3
1762172100,26044.6,26045.3,26017.2,26019.2
1762173000,26019.1,26031.1,26008.9,26023
1762173900,26022.9,26038.8,26017.5,26017.5
1762174800,26017.4,26022.6,25999,26013.4
1762175700,26014.6,26025.1,26006.1,26009.6
1762176600,26009.9,26046.7,26009.4,26040
1762177500,26040.1,26057.3,26031.3,26052.9
1762178400,26053.9,26118.4,26053.8,26076.4
1762179300,26076.2,26101.3,26073.3,26100.4
1762180200,26100.5,26131.2,26021.3,26034.7
1762181100,26033.8,26047.3,25983.2,26001.2
1762182000,26001.3,26020.7,25954.8,25992.2
1762182900,25992.3,25993.8,25900.4,25909.8
1762183800,25910.8,25968.1,25881.6,25956.6
1762184700,25956.7,25980.7,25921,25958.1
1762185600,25958.5,25964.7,25929.2,25950.3
1762186500,25950.4,25971.3,25915,25920.4
1762187400,25920.7,25967.5,25912.6,25946.7
1762188300,25946.8,25995.2,25923.6,25986.8
1762189200,25986.9,25999.3,25950.5,25998.9
1762190100,25998.8,26010.9,25957.2,25969.2
1762191000,25970.4,26018.8,25969.6,26007.2
1762191900,26007.4,26027.5,26004.7,26018.2
1762192800,26018.1,26027.9,26009.1,26023.5
1762193700,26023.4,26025.8,26004.4,26008
1762194600,26007.9,26032.8,26007.9,26025.6
1762195500,26025.7,26027.1,25993.7,25998.2
1762196400,25998,26006.5,25972.1,25980.8
1762197300,25980.6,25989.6,25955.5,25965.3
1762198200,25965,25981.2,25934.3,25958.1
1762199100,25958.4,25993.3,25957.2,25984
1762200000,25984.2,25992.3,25964.2,25975.7
1762200900,25975.5,25982,25957.2,25968.2
1762201800,25968.3,25974.7,25940.7,25974.3
1762202700,25974.5,25980.8,25941.8,25980.3
1762203600,25980.1,26048.3,25965,25993.4
1762204500,25992.9,25994.8,25972.8,25973.8
1762205400,25973.6,25985.9,25973.3,25981.4
1762206300,25981.2,25990,25974.5,25977
1762207200,25977.1,25985.3,25977,25984.8
1762208100,25982.9,25985.6,25982.3,25983.4
1762209000,25983.7,25984.4,25982.9,25983.4
1762209900,25983.2,25983.2,25969.3,25969.3
1762210800,25974.5,25974.5,25952,25953.3
1762211700,25953.2,25960.3,25946.2,25957.2
1762212600,25957.3,25957.9,25937,25938.3
1762213500,25938.1,25944.8,25934,25940.1
1762214400,25939.9,25939.9,25913.1,25915.7
1762215300,25915.6,25917.2,25855.4,25856.5
1762216200,25856.3,25884.2,25852.7,25877.3
1762217100,25877.5,25890.3,25873.2,25886
1762218000,25887,25887.9,25863.6,25877
1762218900,25877.1,25902.5,25871.5,25891.6
1762219800,25891.7,25892.5,25873.6,25883
1762220700,25882.8,25890.8,25859.3,25878.8
1762221600,25878.7,25879.4,25859.9,25862.5
1762222500,25862.6,25867.1,25845.5,25848.1
1762223400,25848.2,25854,25831.1,25832.4
1762224300,25832.5,25840.4,25813.9,25814.8
1762225200,25814.7,25848.8,25811.2,25843.8
1762226100,25843.9,25845.5,25825.4,25836.6
1762227000,25836.5,25838,25796.1,25810.7
1762227900,25810.5,25811,25799.5,25800.9
1762228800,25801,25814.2,25791.8,25798
1762229700,25798.4,25805.1,25781.6,25791.9
1762230600,25792,25799.3,25777,25781.9
1762231500,25782,25801,25780.8,25795.7
1762232400,25795.8,25799.7,25778.7,25779.9
1762233300,25779.8,25785.1,25742.3,25742.8
1762234200,25743,25759.3,25695.9,25696.3
1762235100,25696.7,25722.3,25680.6,25694.5
1762236000,25694.6,25697.8,25627.2,25662.1
1762236900,25661.9,25671.6,25637.9,25640
1762237800,25639.6,25657.6,25615.1,25645.4
1762238700,25645.3,25672.1,25641.3,25648.9
1762239600,25648.7,25652,25609.3,25623
1762240500,25623.1,25664.7,25612,25642.6
1762241400,25641.6,25674.1,25636.1,25648.1
1762242300,25647.9,25674.1,25637.4,25664.3
1762243200,25664.5,25665.1,25607.3,25608.8
1762244100,25608.7,25652.8,25600.7,25637.8
1762245000,25637.7,25662.3,25633.9,25652.7
1762245900,25652.9,25658.4,25626.2,25637.9
1762246800,25637.8,25660.3,25601.9,25622.5
1762247700,25622.3,25636.5,25593.4,25601.5
1762248600,25601.4,25624.3,25584.3,25588.8
1762249500,25588.7,25603.7,25540.5,25546.7
1762250400,25545.6,25566.5,25516.9,25555.9
1762251300,25556,25589.4,25543.4,25586.7
1762252200,25586.9,25634.7,25585.8,25632.9
1762253100,25632.8,25644.3,25622.4,25629.1
1762254000,25628.9,25639.7,25618.6,25630.7
1762254900,25630.6,25643.7,25627.9,25639.2
1762255800,25639,25665,25638.2,25653.4
1762256700,25653.6,25657.9,25633.7,25638.6
1762257600,25639.1,25644.7,25596.4,25616.3
1762258500,25616.2,25656.9,25613.3,25652.3
1762259400,25651.9,25661.7,25622.9,25626.1
1762260300,25626.2,25647,25617.6,25627.8
1762261200,25628,25638.5,25614.3,25615.9
1762262100,25616,25620.8,25577.2,25583.9
1762263000,25584,25589.6,25556.5,25584.4
1762263900,25584.2,25608.1,25567.8,25589.1
1762264800,25589,25598.1,25557.6,25588.2
1762265700,25588.1,25623.7,25587.5,25614.9
1762266600,25615.1,25654.1,25535.8,25648.2
1762267500,25648.3,25751.2,25608,25745.6
1762268400,25745.5,25755.9,25699.8,25724.2
1762269300,25724.7,25764.1,25716.7,25734.5
1762270200,25734.6,25760.7,25715,25741.4
1762271100,25741.7,25741.8,25635.1,25659.5
1762272000,25659.8,25693.7,25630.6,25654.3
1762272900,25654.2,25659.8,25609.9,25642.5
1762273800,25642.6,25667.8,25623.2,25645
1762274700,25644.8,25652.6,25596.3,25628.4
1762275600,25626.9,25628.4,25573.1,25577.9
1762276500,25578,25605.2,25514.6,25582.7
1762277400,25582.2,25590.7,25535.4,25551.9
1762278300,25551.8,25601.6,25536.4,25552.6
1762279200,25552.1,25555.2,25514.5,25531.6
1762280100,25531.8,25542.4,25484.3,25498.4
1762281000,25498.6,25523.7,25474.7,25523
1762281900,25522.9,25556.1,25501.4,25541.5
1762282800,25541.2,25559.6,25512.8,25524.6
1762283700,25524.4,25549.1,25513.7,25532.1
1762284600,25532.7,25537.1,25446.6,25465.2
1762285500,25465.3,25480.4,25447.4,25476.4
1762286400,25476.5,25498.3,25459.7,25494.9
1762287300,25495.4,25510.5,25452.3,25490.9
1762288200,25491.2,25504.3,25466,25499.1
1762289100,25499.6,25512.8,25416.2,25449.6
1762290000,25448.6,25462.1,25424.3,25437.8
1762290900,25436.3,25452.1,25396.7,25413
1762291800,25413.8,25435.1,25392.7,25433.7
1762292700,25433.9,25455.5,25427.9,25444.5
1762293600,25444.4,25450.1,25441.3,25446.2
1762294500,25445.9,25445.9,25436,25445.6
1762295400,25445.1,25445.2,25428.9,25430.6
1762296300,25431.3,25431.3,25419.4,25420.9
1762297200,25417.9,25447,25386,25402.7
1762298100,25402.8,25412.8,25388.5,25393.5
1762299000,25393.6,25410.1,25386.3,25400.8
1762299900,25401,25401.9,25375.4,25377
1762300800,25377.2,25377.2,25328.8,25365.1
1762301700,25365,25371.5,25323.9,25326.6
1762302600,25327.3,25328.8,25287.4,25292.2
1762303500,25292.4,25298.7,25281.2,25283.3
1762304400,25283.4,25285.1,25226.5,25257.9
1762305300,25258,25258.9,25190.4,25192.7
1762306200,25192.6,25205,25155.6,25170.6
1762307100,25169.9,25228.5,25165.5,25212.1
1762308000,25212.2,25235.8,25188.3,25208.1
1762308900,25208.2,25209.4,25171.2,25172.5
1762309800,25174.3,25243.1,25170.7,25242.7
1762310700,25242.9,25296.7,25241.1,25289.5
1762311600,25289.6,25343.1,25289.6,25339.9
1762312500,25339.8,25345.9,25305.1,25338.7
1762313400,25339,25362.3,25322.2,25362.3
1762314300,25362.2,25393.2,25360.8,25392.8
1762315200,25393,25393.3,25334.4,25348.4
1762316100,25348.3,25360.3,25330.1,25354.3
1762317000,25354.5,25369,25342.9,25364.9
1762317900,25365.1,25366.6,25319.9,25342.2
1762318800,25342,25404.6,25339.1,25400.6
1762319700,25400.8,25409.1,25380.8,25399.6
1762320600,25399.5,25412,25373.3,25375.4
1762321500,25375.2,25375.5,25338.4,25357.3
1762322400,25357.8,25388.9,25332.2,25381.2
1762323300,25381.3,25429.7,25381.3,25414.8
1762324200,25415,25426.7,25395.6,25414.3
1762325100,25414.4,25416.6,25400.8,25404.9
1762326000,25404.8,25410.3,25364.3,25365
1762326900,25365.2,25373.6,25347.6,25372.2
1762327800,25372.3,25380,25354.3,25372
1762328700,25371.9,25380.2,25350.2,25351.1
1762329600,25352.1,25407.2,25329.1,25397.3
1762330500,25397.4,25401.9,25366.3,25395
1762331400,25394.9,25410.2,25389.4,25404.7
1762332300,25404.8,25414.1,25386.3,25389.6
1762333200,25389.3,25429.1,25383.8,25395.6
1762334100,25395.7,25405.9,25376.4,25390.8
1762335000,25390.9,25391.5,25356.5,25381.5
1762335900,25381.3,25403.2,25369.3,25396
1762336800,25395.9,25413.6,25365.8,25378.5
1762337700,25378.3,25385.2,25369.4,25370.7
1762338600,25370.6,25372.1,25357.1,25361.6
1762339500,25361.8,25362.4,25287.3,25289.6
1762340400,25289.4,25318.4,25280,25312.3
1762341300,25312.2,25344.2,25311.3,25324.7
1762342200,25324.5,25355.7,25309.4,25347.9
1762343100,25348,25360.6,25343.7,25356.3
1762344000,25356.6,25366.7,25333.8,25353.8
1762344900,25354,25397.8,25353.2,25380.6
1762345800,25380.5,25412,25377.1,25405.9
1762346700,25405.8,25407.4,25375,25403.8
1762347600,25403.9,25416.8,25383.6,25395.3
1762348500,25395.4,25440.5,25390.9,25438.6
1762349400,25438.9,25471.2,25414.9,25467.3
1762350300,25467.2,25472,25454.4,25462.8
1762351200,25462.7,25465,25435.8,25444.2
1762352100,25444.1,25445.3,25404.9,25418.4
1762353000,25418.7,25452.6,25364.5,25403.3
1762353900,25403.8,25567.4,25399.4,25563.1
1762354800,25563.4,25593.7,25519,25523.3
1762355700,25523.2,25591.4,25493.7,25563.2
1762356600,25563.8,25606.1,25549.9,25579.5
1762357500,25579.8,25611.7,25555.3,25595.9
1762358400,25595.5,25608,25543.1,25556.3
1762359300,25556.4,25623.3,25535.4,25618.3
1762360200,25616.9,25643.5,25601.8,25641.3
1762361100,25641.4,25663.5,25633.2,25649.6
1762362000,25647.2,25656.5,25615.1,25640.4
1762362900,25640.6,25669.2,25629.1,25663.2
1762363800,25662.8,25700.9,25659.3,25700.7
1762364700,25700.5,25703.8,25677.1,25687.6
1762365600,25687.7,25697.2,25679.9,25693.5
1762366500,25693.3,25709.4,25685,25704.4
1762367400,25704.1,25736.2,25699.3,25731.8
1762368300,25731.9,25749.3,25727.8,25740.4
1762369200,25741,25741,25700.2,25724.6
1762370100,25724.5,25743.1,25721.6,25729
1762371000,25728.9,25748,25726.2,25736.5
1762371900,25736.7,25750.7,25728,25738.4
1762372800,25739,25752.4,25724.4,25735.7
1762373700,25735.8,25740.2,25704.6,25709.3
1762374600,25708,25708,25679.6,25684.7
1762375500,25685.1,25691.4,25605.7,25616.4
1762376400,25616.2,25639.1,25572,25579.8
1762377300,25580.3,25610.4,25570.1,25593.9
1762378200,25593.8,25609,25592.9,25605.2
1762379100,25604.7,25611.1,25598.9,25599.2
1762380000,25599.1,25608.8,25597.2,25608.2
1762380900,25608.1,25608.6,25604.7,25605.5
1762381800,25604.9,25607.9,25598.4,25607.4
1762382700,25607.8,25619.5,25606.2,25619.5
1762383600,25616.3,25634.4,25580.3,25609.8
1762384500,25609.9,25622.3,25589.5,25612.6
1762385400,25612.5,25648.9,25602.1,25648.3
1762386300,25647.4,25651.7,25621.5,25650.1
1762387200,25650.2,25652.5,25587.7,25597.5
1762388100,25597.7,25607,25528.8,25548
1762389000,25548.4,25589.2,25547.3,25575.4
1762389900,25575.6,25587.1,25558,25575.6
1762390800,25575.7,25575.7,25529.5,25559.8
1762391700,25559.7,25572,25495.2,25507.3
1762392600,25507.6,25551.8,25505.8,25551.3
1762393500,25551.1,25559.7,25535,25550.6
1762394400,25550.7,25554.6,25516.7,25526.7
1762395300,25526.6,25550.4,25525.2,25539
1762396200,25539.2,25591.7,25537.4,25579.2
1762397100,25579,25596.5,25568.6,25592.2
1762398000,25592.3,25603.7,25586.9,25601.7
1762398900,25601.5,25609.8,25581.4,25590
1762399800,25589.8,25608.5,25582.6,25601.3
1762400700,25601.2,25612.8,25576.7,25602.1
1762401600,25602,25606.3,25584.9,25605.7
1762402500,25605.3,25620.4,25603.3,25614.3
1762403400,25614.4,25623.1,25609.5,25619.8
1762404300,25619.9,25621.9,25605.1,25618.8
1762405200,25619,25623,25597.8,25604.4
1762406100,25604.3,25617.7,25601.4,25606.7
1762407000,25606.6,25610.6,25581.3,25582.5
1762407900,25582.6,25588.6,25567.9,25574.1
1762408800,25574,25593.3,25569.9,25578.3
1762409700,25578.4,25592.3,25558.9,25562.9
1762410600,25563,25580.6,25552.2,25573.4
1762411500,25573.7,25585,25561.9,25563.4
1762412400,25563.6,25572.9,25551.9,25571.2
1762413300,25571,25596.5,25555.6,25582.9
1762414200,25582.8,25583.8,25523.3,25544.2
1762415100,25544.4,25558.9,25525,25526.4
1762416000,25526.5,25539.3,25511.3,25533.7
1762416900,25533.5,25536.6,25509.2,25525
1762417800,25525.1,25539.8,25509.5,25538
1762418700,25538.1,25563.1,25527.4,25552.1
1762419600,25552.2,25601.4,25551.2,25600.9
1762420500,25600.1,25620.4,25598.1,25616.4
1762421400,25616.3,25621.6,25595.5,25611
1762422300,25611.1,25628.7,25604.2,25609
1762423200,25610.1,25626.9,25605.9,25623
1762424100,25623.2,25651.5,25618.9,25648.6
1762425000,25648.5,25658.7,25632.9,25641.9
1762425900,25641.8,25647.6,25621.7,25632.4
1762426800,25632.3,25645.1,25623.1,25629.4
1762427700,25629.2,25653.8,25626.2,25649.1
1762428600,25649,25657,25629.6,25643.2
1762429500,25643.3,25648.6,25627.6,25629
1762430400,25628.9,25669.1,25628.6,25655.5
1762431300,25656.2,25668.5,25639.4,25651
1762432200,25651.1,25670.2,25649.1,25665.4
1762433100,25665.6,25672.2,25656.7,25659.5
1762434000,25659.3,25675.5,25656.7,25674.8
1762434900,25674.9,25695.1,25663.6,25692.3
1762435800,25692.6,25703.3,25680.7,25682.8
1762436700,25682.9,25686.9,25642.3,25647.1
1762437600,25647.3,25655.5,25574.9,25602.7
1762438500,25602.8,25606.2,25547.5,25555.5
1762439400,25555.3,25565.6,25467.3,25488.9
1762440300,25488.8,25553.9,25393.8,25397.3
1762441200,25397.5,25397.5,25297.1,25304
1762442100,25304.1,25425.6,25286.2,25386.8
1762443000,25386.3,25395.5,25200.9,25207
1762443900,25206.3,25245.3,25171.1,25181.7
1762444800,25182.9,25250.7,25178.8,25220.3
1762445700,25220.4,25242.7,25158.9,25214.4
1762446600,25214.1,25214.1,25105.2,25138.8
1762447500,25139.1,25166,25083,25102.5
1762448400,25102.6,25190.8,25102.3,25140.3
1762449300,25139.7,25158.7,25082.2,25129
1762450200,25126.9,25181.1,25111.9,25173.1
1762451100,25173.3,25239.5,25170.8,25220.8
1762452000,25222.1,25233.1,25111.3,25133.7
1762452900,25133.6,25223.7,25122.5,25208.2
1762453800,25206.4,25253.9,25204.9,25246.2
1762454700,25246.3,25248.6,25190.5,25211.9
1762455600,25212.3,25292.5,25204.2,25277.4
1762456500,25277.6,25319.4,25245.6,25314.2
1762457400,25314.7,25321.1,25258.1,25286.5
1762458300,25286.8,25309.3,25239.6,25287.3
1762459200,25286,25297.7,25261.3,25274.8
1762460100,25274.6,25285,25232.3,25237.2
1762461000,25238.2,25254.2,25184.8,25187.3
1762461900,25187.5,25196.3,25107.8,25140.7
1762462800,25140.5,25173.8,25123,25169.9
1762463700,25170.2,25175.4,25146.7,25159.8
1762464600,25160.3,25195.6,25158,25188.9
1762465500,25189.7,25199.5,25181.1,25190.2
1762466400,25190.8,25191.7,25176.1,25182.3
1762467300,25183.7,25193.1,25182.8,25186
1762468200,25185.9,25188.8,25179.6,25183.9
1762469100,25183.6,25184.2,25179.3,25183.4
1762470000,25200,25200,25157.5,25168.1
1762470900,25168.4,25199.4,25162.7,25192.2
1762471800,25193.9,25213.6,25182.5,25213.2
1762472700,25213.1,25222.1,25200,25203.5
1762473600,25203.3,25229.3,25165.2,25199.2
1762474500,25199.1,25214.8,25182.4,25207
1762475400,25207.1,25234.3,25206.4,25230.4
1762476300,25230.7,25236.4,25208.4,25210.4
1762477200,25210.2,25219.3,25158.9,25189.8
1762478100,25189.7,25193.1,25130.6,25135.6
1762479000,25135.7,25148.7,25086,25132.5
1762479900,25132.4,25159.7,25127.2,25157.6
1762480800,25157.7,25161,25117.8,25121.1
1762481700,25121,25133.7,25094,25094.8
1762482600,25094.9,25145.4,25094.9,25129.4
1762483500,25129.6,25162.6,25129.1,25160
1762484400,25160.2,25172.8,25118.6,25131.1
1762485300,25131.3,25142.9,25107.6,25124.3
1762486200,25124.4,25135.1,25107.5,25110.7
1762487100,25110.8,25125.8,25095.8,25116.6
1762488000,25116.7,25116.9,25053.8,25088.7
1762488900,25088.5,25155.9,25088.3,25143.8
1762489800,25143.9,25148.3,25122.1,25131.4
1762490700,25131.6,25147.5,25127.2,25141.3
1762491600,25141.2,25191.2,25139.9,25186.9
1762492500,25187.1,25204.9,25178.3,25180.2
1762493400,25180.3,25212.4,25178.6,25207.4
1762494300,25207.2,25224.8,25201.2,25223.5
1762495200,25224,25230.3,25208.2,25215.2
1762496100,25215.3,25228.1,25210.8,25222.9
1762497000,25223,25225.7,25202.2,25223.8
1762497900,25223.9,25232.5,25198.6,25216.6
1762498800,25216.4,25227.9,25205,25225.7
1762499700,25226.7,25240.9,25207.7,25222.2
1762500600,25222,25230.7,25218.2,25226.5
1762501500,25226.4,25241.3,25220.9,25227.4
1762502400,25227.3,25244.6,25221.4,25242.4
1762503300,25242.6,25246.4,25180.7,25194.5
1762504200,25194.6,25200.9,25163.7,25188.6
1762505100,25188.8,25209.7,25187.6,25205.5
1762506000,25205.4,25221.2,25173.7,25216.5
1762506900,25216.6,25218.6,25164.5,25169.4
1762507800,25169.2,25176.3,25136.6,25149.9
1762508700,25150.8,25166.2,25132.3,25151.7
1762509600,25147.8,25170.1,25112,25112.6
1762510500,25112.3,25119.4,25078.4,25111.7
1762511400,25111.5,25139.5,25107.5,25121.5
1762512300,25121.4,25127.3,25101.8,25109.8
1762513200,25109.9,25110.9,25015.7,25017.1
1762514100,25017,25050.8,24992,25018.1
1762515000,25018.2,25031.9,24976.4,25031.9
1762515900,25032,25083.5,25027.7,25072.3
1762516800,25072.2,25084.3,25049.5,25072.1
1762517700,25071.8,25087.8,25037.5,25051.9
1762518600,25052,25053.8,24998.5,25001
1762519500,25000,25005.4,24953.8,24983.6
1762520400,24983.7,25030.8,24960.8,24998.5
1762521300,24998.6,25039.2,24964.8,24970.2
1762522200,24969.9,24994.1,24958.3,24970.5
1762523100,24971.5,25034.2,24969.8,25003.9
1762524000,25004.2,25016.8,24973.1,24997.5
1762524900,24997.3,25012,24967.7,25000.9
1762525800,25002.4,25003.2,24810.3,24867.6
1762526700,24867.9,24938.3,24823,24898.6
1762527600,24908,24913.7,24772.6,24904.1
1762528500,24903.9,24935.2,24843.4,24858.5
1762529400,24859.5,24872,24756.9,24761.3
1762530300,24761.2,24783.5,24714.4,24714.4
1762531200,24715.8,24753.2,24670.2,24679.1
1762532100,24678.9,24735.1,24662.1,24686.8
1762533000,24688.4,24714.7,24648.4,24693.2
1762533900,24693.4,24702.1,24610.5,24637.4
1762534800,24637.6,24671,24601.3,24663.6
1762535700,24663.9,24756.6,24660.1,24725.6
1762536600,24724.6,24752.8,24690.7,24705.4
1762537500,24705.3,24741.1,24654.3,24737.3
1762538400,24736.6,24772.3,24716.7,24769.1
1762539300,24769,24818.1,24745.5,24815.8
1762540200,24815.1,24848.2,24789.8,24825
1762541100,24825.5,24838.3,24752.8,24818.5
1762542000,24817.7,24849.2,24795.8,24844.9
1762542900,24844.6,24859.7,24819.4,24846
1762543800,24845.8,24996.5,24845.7,24987.7
1762544700,24988.1,25011.1,24940.3,25008.3
1762545600,25008.2,25019.4,24957.8,24999.6
1762546500,24999.7,25004.3,24918.9,24950.2
1762547400,24949.2,25030.2,24948.8,25024.5
1762548300,25024.4,25066.5,24960.1,25057.8
1762549200,25054.5,25096.3,25050.6,25088.9
1762550100,25088.4,25111.1,25085.6,25091.2
1762551000,25090.9,25108.7,25090.9,25099.4
1762551900,25099.2,25118.6,25098.7,25115
1762729200,25253,25271.7,25217.5,25237.1
1762730100,25237.2,25241.1,25192.8,25197.8
1762731000,25198,25223,25191.3,25215.1
1762731900,25214.9,25249.2,25207.7,25228.4
1762732800,25228.3,25228.6,25161.5,25206.9
1762733700,25206.7,25227.6,25195.2,25208.2
1762734600,25208.1,25227.5,25198.9,25207.2
1762735500,25207.3,25238.1,25195.8,25223.4
1762736400,25223.2,25276,25218.7,25272.8
1762737300,25273.3,25297.9,25265.7,25279.6
1762738200,25279.8,25286,25267,25270.9
1762739100,25271,25329.9,25270,25321.1
1762740000,25321.2,25326.1,25303.2,25313.7
1762740900,25313.6,25321.6,25309.7,25315.9
1762741800,25316,25333,25316,25327.5
1762742700,25327.4,25341.7,25324,25324.5
1762743600,25324.3,25355.5,25324,25349.7
1762744500,25349.6,25374.2,25347.2,25371.5
1762745400,25371.6,25381.7,25358.7,25364.5
1762746300,25364.6,25366,25353.4,25354.1
1762747200,25353.9,25379.5,25353.3,25362.4
1762748100,25362.3,25363.4,25348.7,25359.1
1762749000,25359.2,25362.9,25348.8,25360
1762749900,25360.1,25370.7,25350.5,25359.9
1762750800,25361.2,25382.6,25358.9,25379
1762751700,25378.9,25390.2,25378.2,25384.7
1762752600,25384.6,25385.6,25365,25376
1762753500,25375.9,25381,25365.2,25377.4
1762754400,25377.5,25383.7,25365.1,25373.8
1762755300,25373.6,25385.2,25360.8,25365.6
1762756200,25365.8,25385.2,25363.2,25380.8
1762757100,25380.9,25397.3,25362.2,25365
1762758000,25364.6,25381.5,25359.4,25377
1762758900,25376.9,25381.1,25366.9,25375
1762759800,25374.8,25391,25371.4,25388.6
1762760700,25388.7,25394.9,25379.7,25384.7
1762761600,25384.8,25390.4,25354.3,25356.7
1762762500,25356.9,25387.1,25352.1,25383.8
1762763400,25383.9,25411.5,25379.4,25408.1
1762764300,25407.6,25430,25403.2,25427.3
1762765200,25427.2,25441.1,25412.7,25438
1762766100,25438.2,25464.1,25430.5,25435.6
1762767000,25435.5,25446,25424.3,25436.7
1762767900,25436.5,25455,25431,25449.5
1762768800,25449.7,25452.4,25433.9,25435.5
1762769700,25435.6,25447.3,25430.2,25432.8
1762770600,25432.9,25453.2,25432,25443.5
1762771500,25443.7,25447.4,25422.9,25424.5
1762772400,25424.4,25439.1,25409.2,25412.4
1762773300,25412.6,25419,25401.6,25407.8
1762774200,25407.9,25426.9,25400.5,25424.6
1762775100,25424.7,25442.6,25419.5,25442.3
1762776000,25442.4,25448.2,25410.8,25421.1
1762776900,25420.6,25424.6,25409.2,25413.6
1762777800,25413.5,25429.8,25412,25427.2
1762778700,25427.1,25442,25417.2,25434.6
1762779600,25434.4,25442.5,25414.6,25421.3
1762780500,25421.4,25447.5,25414.8,25444.9
1762781400,25445,25454.2,25430.7,25437.3
1762782300,25437.5,25455.5,25424.5,25450.3
1762783200,25450.5,25451.4,25424.9,25427.6
1762784100,25427.4,25451.4,25418.1,25434.9
1762785000,25435.2,25536.4,25421.6,25526.4
1762785900,25526.2,25552.8,25483.7,25532.7
1762786800,25531.2,25557.1,25514.3,25521.4
1762787700,25522.9,25562.4,25506.5,25538.6
1762788600,25539.3,25560.4,25511.7,25513.8
1762789500,25514.1,25528.6,25413.4,25420.1
1762790400,25420.3,25436,25371.6,25409.8
1762791300,25409.7,25425.6,25374.7,25380.8
1762792200,25381,25415.9,25350.6,25382.9
1762793100,25382.5,25422.9,25359.4,25419.4
1762794000,25419.3,25474,25409.7,25415.4
1762794900,25416.4,25466.4,25405.1,25449.5
1762795800,25447.5,25512.6,25447.5,25489.4
1762796700,25489.6,25543.4,25489.6,25531.7
1762797600,25530.8,25548.3,25528.8,25542.2
1762798500,25542.3,25551.9,25523.8,25527.7
1762799400,25528.7,25569.3,25528.7,25564.8
1762800300,25564.9,25578.6,25540.4,25543.4
1762801200,25543.1,25571,25537.2,25556.9
1762802100,25556.8,25592.7,25550.4,25582
1762803000,25581.8,25596.6,25571.6,25593.4
1762803900,25593.6,25611.8,25588.4,25597.8
1762804800,25597.4,25623.6,25595.2,25620.2
1762805700,25620.4,25620.4,25592.7,25606.8
1762806600,25605.9,25633,25593.5,25631.4
1762807500,25631.2,25655.3,25604.3,25607.3
1762808400,25607.1,25638.1,25600.3,25628.1
1762809300,25627.8,25641.6,25622.6,25623.1
1762810200,25625.1,25635.3,25615.1,25630.3
1762811100,25628.3,25633.1,25610.3,25612.4
1762812000,25612.5,25617.9,25610.9,25614.2
1762812900,25614.3,25619.3,25613.4,25619.3
1762813800,25619.2,25621.8,25616.7,25619.7
1762814700,25618.5,25623,25617.4,25621.8
1762815600,25620.8,25631.3,25596,25611
1762816500,25610.8,25623.8,25599.3,25615.8
1762817400,25616,25621.2,25599.6,25606.8
1762818300,25606.7,25641.1,25605,25635.7
1762819200,25637.7,25664.3,25624.1,25640.7
1762820100,25640.6,25644.3,25623,25644.3
1762821000,25642.3,25650.7,25628.1,25639
1762821900,25638.8,25641,25623.7,25634.7
1762822800,25634.8,25647,25629.6,25644
1762823700,25644.1,25663.1,25639.5,25655.5
1762824600,25655.6,25658.5,25627.2,25638.5
1762825500,25638.3,25644.8,25630.5,25638.6
1762826400,25638.5,25647.2,25614.3,25626.6
1762827300,25626.5,25640.3,25617,25627.5
1762828200,25627.3,25649.6,25616.6,25636.6
1762829100,25636.7,25643,25621.5,25630.7
1762830000,25630.6,25640.7,25617,25630.1
1762830900,25630,25632.3,25619,25621.6
1762831800,25621.5,25627.6,25611,25622.7
1762832700,25622.6,25637.1,25616.3,25632.3
1762833600,25632.5,25635.6,25606,25615.7
1762834500,25615.6,25620.5,25602.2,25608.5
1762835400,25608.6,25620.1,25601.8,25608.6
1762836300,25608.8,25612,25577.1,25583.7
1762837200,25583.5,25591,25557.8,25560.5
1762838100,25558.5,25576.8,25551.3,25576.5
1762839000,25576.6,25577.3,25549,25555.2
1762839900,25555.5,25570.2,25546.2,25548.7
1762840800,25548.8,25586.1,25546.3,25579.3
1762841700,25579.2,25590.1,25575.8,25583.5
1762842600,25583.3,25599.8,25580.5,25590.6
1762843500,25590.5,25590.7,25570.6,25577.6
1762844400,25577.3,25585.8,25555,25568.5
1762845300,25568.6,25575.1,25546.6,25556.3
1762846200,25556.5,25572.5,25549.7,25565.6
1762847100,25565.7,25567.2,25539.3,25546.2
1762848000,25546.1,25571.7,25543.6,25561.8
1762848900,25561.7,25577.6,25529.2,25534.1
1762849800,25534.2,25544.7,25524.7,25528.5
1762850700,25528.3,25544.2,25524.1,25529.6
1762851600,25529.7,25550.1,25517.2,25535.1
1762852500,25535.2,25540.5,25519.6,25530
1762853400,25529.8,25536.1,25496.3,25504.7
1762854300,25504.6,25523.3,25490.3,25496.5
1762855200,25498.5,25509.6,25489.6,25508
1762856100,25507.8,25525,25501.1,25523
1762857000,25522.8,25528.1,25505.2,25508.6
1762857900,25508.7,25516.7,25504.6,25516.3
1762858800,25516.7,25539.2,25510.6,25538
1762859700,25538.1,25538.1,25513.1,25525.3
1762860600,25525.5,25525.5,25506,25514.8
1762861500,25515,25520.3,25502.1,25516.3
1762862400,25516.2,25531.7,25508.7,25526.7
1762863300,25526.6,25533.5,25511.3,25514.3
1762864200,25514.2,25521.1,25476.3,25489.7
1762865100,25489.6,25499.7,25478.2,25486.5
1762866000,25486.6,25521,25483.3,25519
1762866900,25518.8,25519.3,25466.3,25476.5
1762867800,25476.3,25508.7,25474.5,25488.3
1762868700,25488.5,25501.6,25478.1,25490.3
1762869600,25490.2,25504.2,25477.3,25498.6
1762870500,25498.5,25521.7,25489.1,25500.7
1762871400,25501,25541.1,25482.8,25504.3
1762872300,25503.7,25528.6,25454.8,25521.3
1762873200,25523.1,25524.8,25440.5,25468.3
1762874100,25468.2,25475,25428,25441.9
1762875000,25442.1,25448.2,25395.7,25433.6
1762875900,25433.9,25442.2,25384,25409.5
1762876800,25407.3,25438.8,25401.1,25416.7
1762877700,25416.3,25488.1,25404.6,25407.3
1762878600,25407.8,25433.6,25376.6,25414.4
1762879500,25415,25436.2,25400.6,25407.7
1762880400,25407.3,25471.9,25402.5,25457.5
1762881300,25457.3,25491.7,25445,25460
1762882200,25460.1,25480,25457.1,25478.6
1762883100,25478.5,25526.4,25468.6,25513.1
1762884000,25513,25537.2,25504,25526.4
1762884900,25525.4,25567.8,25519.2,25538.6
1762885800,25536.6,25554.1,25500.6,25546.6
1762886700,25546.5,25591.4,25546.1,25584.9
1762887600,25584.8,25585.4,25536.3,25559.8
1762888500,25560.1,25575.5,25544.1,25556.5
1762889400,25556.3,25568.3,25544,25546
1762890300,25545.9,25571.3,25539.8,25556.6
1762891200,25556.3,25574.3,25553.8,25566.5
1762892100,25566.7,25569.7,25540,25552.4
1762893000,25552.1,25562.2,25535.7,25555.6
1762893900,25555.5,25581.6,25513.5,25540.2
1762894800,25540,25570.8,25518,25567.3
1762895700,25568.3,25580.8,25549.3,25557.5
1762896600,25557.3,25566,25551.3,25564.3
1762897500,25563.5,25564.8,25548.2,25548.7
1762898400,25550.4,25551.8,25545.9,25548.7
1762899300,25549.9,25551.9,25549.4,25551.9
1762900200,25552,25559.2,25551.8,25554.2
1762901100,25554.4,25556.5,25553.2,25556
1762902000,25555.9,25569.5,25523.4,25539.4
1762902900,25539.3,25563.8,25531.9,25556.4
1762903800,25556.5,25567.5,25544.9,25563.7
1762904700,25563.5,25566.3,25543.4,25544
1762905600,25546,25569.8,25543.4,25553.5
1762906500,25553.4,25580.5,25545.7,25575.8
1762907400,25575.7,25580.8,25567.7,25577
1762908300,25577.2,25594.5,25572.4,25578.4
1762909200,25578.3,25611.7,25573.4,25609.3
1762910100,25609.2,25616.2,25596.3,25600.7
1762911000,25600.8,25617.3,25594.2,25609.9
1762911900,25614.4,25634.4,25609.8,25626.4
1762912800,25626.5,25651.5,25623.2,25649
1762913700,25648.9,25656.8,25643.2,25650.8
1762914600,25650.5,25652.9,25629.2,25639.7
1762915500,25639.5,25640,25604.4,25621
1762916400,25621.8,25622.5,25605,25612.7
1762917300,25612.5,25619.7,25603.7,25609.7
1762918200,25609.8,25626.3,25604.3,25622.8
1762919100,25622.7,25630.4,25618.9,25624.8
1762920000,25624.7,25627.3,25603.8,25614.3
1762920900,25614.2,25614.9,25596.9,25605
1762921800,25604.9,25605,25588.3,25595.4
1762922700,25595.3,25612.5,25594.8,25611.8
1762923600,25611.7,25627.8,25607.5,25626.2
1762924500,25626,25626.8,25611.4,25613.8
1762925400,25613.9,25642.3,25613.2,25641.2
1762926300,25641.8,25650.3,25634.4,25639.2
1762927200,25639,25650.5,25635,25641.3
1762928100,25641.4,25660.2,25639.7,25656.8
1762929000,25656.7,25667.8,25646.5,25665.9
1762929900,25665.8,25670.8,25660.4,25665
1762930800,25664.9,25681.5,25664.9,25676.5
1762931700,25676.9,25688.2,25669.4,25687.3
1762932600,25687.4,25708.8,25685,25690
1762933500,25690.2,25694,25671.3,25672.5
1762934400,25672.3,25678.5,25658.2,25665.5
1762935300,25665.4,25700.4,25664,25698
1762936200,25698.5,25704.2,25673.2,25698
1762937100,25698.2,25705.9,25682,25687.4
1762938000,25687.3,25689.3,25664.8,25677.9
1762938900,25677.8,25701.4,25670.9,25689.4
1762939800,25689.5,25720.9,25686.2,25717.2
1762940700,25717.3,25718.7,25705.9,25713
1762941600,25713.2,25725.5,25710.2,25714.7
1762942500,25714.2,25716,25697.3,25698.5
1762943400,25700.5,25705.5,25673.9,25675.9
1762944300,25676,25700,25673.7,25690.5
1762945200,25691,25699.9,25678,25678
1762946100,25677.9,25685.5,25640.3,25641.3
1762947000,25637.9,25662,25623.5,25657.3
1762947900,25657.2,25660.5,25623.7,25630.7
1762948800,25628.4,25684.2,25615.2,25676.3
1762949700,25676.4,25691.3,25671.7,25685
1762950600,25687,25699.3,25670.5,25671.3
1762951500,25673.3,25690.9,25663.5,25686.3
1762952400,25686.2,25706.3,25683.4,25698.3
1762953300,25698.4,25706.9,25683,25687.4
1762954200,25687.7,25700.7,25684.1,25689.1
1762955100,25689.2,25704.9,25688.7,25695.6
1762956000,25695.7,25697.1,25676.5,25679.3
1762956900,25679.1,25686.1,25668.6,25672.8
1762957800,25673.4,25674.3,25534.6,25541
1762958700,25540.9,25553,25461.2,25491.5
1762959600,25491.6,25559.3,25482.2,25494.1
1762960500,25495.5,25525.6,25478.7,25511.5
1762961400,25510.4,25518.4,25429.3,25494
1762962300,25494.6,25506.5,25433.2,25452.6
1762963200,25452.7,25465.4,25394.9,25407.8
1762964100,25408.6,25483.8,25407.9,25478.1
1762965000,25479.2,25504.3,25446.3,25448.3
1762965900,25448.4,25465.3,25387.2,25431.1
1762966800,25430.2,25463.2,25418.5,25454.9
1762967700,25454.7,25474.7,25423.4,25456.1
1762968600,25455.4,25523.6,25449.9,25492.8
1762969500,25494.2,25514.9,25449.1,25506.8
1762970400,25506.9,25513.3,25481,25510.7
1762971300,25510.9,25527,25490.8,25509.3
1762972200,25509.7,25536.8,25502.7,25510.2
1762973100,25510.5,25521.5,25487.1,25513.3
1762974000,25512.3,25522.9,25489,25491.1
1762974900,25490.8,25503.8,25467.1,25477.8
1762975800,25477.5,25495.6,25451,25481
1762976700,25480.2,25500.6,25465.6,25479.1
1762977600,25479.3,25482.6,25444.5,25461
1762978500,25460.8,25503.7,25449.2,25501.4
1762979400,25500,25535.7,25492.7,25521.3
1762980300,25522,25546.7,25488.7,25519.7
1762981200,25519.3,25549,25514.1,25541.3
1762982100,25542,25543.5,25525.3,25535.8
1762983000,25536.3,25540.7,25530.9,25540.2
1762983900,25538.9,25539.4,25517,25518
1762984800,25519,25524.5,25518.3,25520.5
1762985700,25520.6,25525.2,25518.4,25522.4
1762986600,25522.5,25524.6,25521.5,25522.5
1762987500,25523.2,25525,25517.5,25517.5
1762988400,25522.5,25531.5,25424.7,25461.3
1762989300,25461.5,25465.2,25433.8,25458.9
1762990200,25459,25463.6,25425.5,25435.1
1762991100,25435.2,25441.4,25399.3,25437.6
1762992000,25437.8,25496.5,25435,25484.5
1762992900,25482.9,25494.5,25462,25465.7
1762993800,25465.8,25477.6,25452.8,25472.6
1762994700,25472.7,25472.7,25445.4,25463.1
1762995600,25462.9,25617.7,25454.4,25591.9
1762996500,25593,25610.4,25555.7,25561.8
1762997400,25562.6,25610.6,25561.2,25598.2
1762998300,25598,25604.2,25579.2,25588.7
1762999200,25587.9,25599.2,25561.6,25578.4
1763000100,25579.7,25594.1,25569.8,25579.6
1763001000,25579.8,25579.9,25554.5,25556.8
1763001900,25556.7,25569.1,25544.6,25556
1763002800,25555.8,25560.8,25532.3,25534.6
1763003700,25534.7,25578.9,25530,25577.9
1763004600,25577.6,25590,25568.1,25569.4
1763005500,25569.3,25576.8,25555.2,25574.3
1763006400,25574.4,25581.5,25562.3,25574.5
1763007300,25574.4,25576.3,25562.1,25568.1
1763008200,25568,25580.9,25565.7,25580.9
1763009100,25581,25593.6,25581,25586.8
1763010000,25586.9,25602.6,25583.2,25596
1763010900,25595.7,25607.2,25594.9,25599.5
1763011800,25599.4,25607.3,25592.8,25600.9
1763012700,25600.8,25603.9,25589.4,25594.5
1763013600,25594.6,25608.8,25581.8,25597.6
1763014500,25597.3,25607.5,25590.5,25605.6
1763015400,25605.9,25618,25602.1,25613.7
1763016300,25614.1,25618.2,25605.4,25608.1
1763017200,25607,25611.9,25589.9,25603.3
1763018100,25603.8,25616.7,25597.6,25610.9
1763019000,25610.8,25618.1,25593.2,25595.6
1763019900,25595.5,25596.5,25562.5,25564.8
1763020800,25566.1,25580.1,25546.7,25550.4
1763021700,25550.3,25585.1,25541.2,25562.1
1763022600,25562,25578.9,25553.9,25573.1
1763023500,25572.6,25585,25565.1,25575.5
1763024400,25576.7,25582.5,25478.9,25488
1763025300,25489.9,25499.4,25451.7,25455.2
1763026200,25455.7,25470.8,25428.5,25470.5
1763027100,25471,25479.1,25460.1,25463.8
1763028000,25464.3,25505.5,25458.5,25488.1
1763028900,25486.2,25509.9,25477,25498.4
1763029800,25497.9,25526.8,25492.9,25508.9
1763030700,25508.6,25510.4,25485,25495.4
1763031600,25495.3,25523,25490.5,25515.5
1763032500,25515.7,25523.7,25467.9,25475.7
1763033400,25476,25485.7,25445.2,25478.1
1763034300,25477.7,25492.9,25461.8,25487.3
1763035200,25486.8,25488.8,25447.5,25459.9
1763036100,25459.7,25476.7,25455.4,25473.3
1763037000,25473.5,25510.5,25466.2,25510.5
1763037900,25510.8,25511.9,25478,25483.5
1763038800,25483.4,25486.7,25466.1,25485.7
1763039700,25486,25493.1,25444.8,25469.7
1763040600,25469.6,25473.7,25402.7,25410.5
1763041500,25411.3,25441.3,25389.4,25396.2
1763042400,25395,25406.9,25333,25361
1763043300,25358.7,25393.3,25348.9,25373.5
1763044200,25374.5,25399,25191,25195.8
1763045100,25194.5,25317.1,25183.5,25281.8
1763046000,25281.9,25376.1,25226.3,25368.9
1763046900,25369.5,25397.7,25272.6,25285.8
1763047800,25284.2,25285.2,25187.2,25193.2
1763048700,25193.1,25195.2,25099.2,25158.5
1763049600,25159.1,25177.7,25094.7,25130.3
1763050500,25128.5,25155.8,25083.4,25124.4
1763051400,25124,25162.3,25061.3,25076.6
1763052300,25076.4,25120.9,25063.5,25093.4
1763053200,25093,25133.3,25051.9,25074.8
1763054100,25074.7,25147.5,25073.3,25135.1
1763055000,25135.5,25155.8,25086.8,25088.4
1763055900,25085.9,25091.9,25027.6,25037
1763056800,25037.7,25065.5,25016.3,25053.9
1763057700,25054.3,25059.9,24962.8,24974.2
1763058600,24973.7,24973.8,24913.7,24960.4
1763059500,24960.6,24979.1,24937.1,24970.7
1763060400,24971.1,24981.1,24920.4,24928.5
1763061300,24928.4,25024.7,24919.6,25023.1
1763062200,25024.1,25032.7,24966.4,24993.4
1763063100,24993.7,25003.7,24905.8,24956.3
1763064000,24954.8,24981.8,24927.8,24966.6
1763064900,24966.1,24981.6,24916.2,24972.3
1763065800,24972.6,25044.7,24965.2,25018.1
1763066700,25018,25034.8,24936,24997.3
1763067600,25002,25053.3,24993.1,25053.3
1763068500,25053.9,25064.9,25016.2,25027.6
1763069400,25029.6,25034.8,24997.9,25005.8
1763070300,25006,25007.7,24977.7,24982.6
1763071200,24981,24992.9,24980.2,24987.4
1763072100,24987.9,24995.6,24986.1,24988.6
1763073000,24988.3,25000.6,24988,25000.6
1763073900,25000.7,25001.3,24995.9,24996
1763074800,24997.1,25052,24997.1,25014.8
1763075700,25014.9,25048.9,25010.8,25045.6
1763076600,25045.8,25057.6,25029.5,25040.2
1763077500,25039.7,25039.8,25007.3,25014.4
1763078400,25014.6,25036.7,25001.2,25027.8
1763079300,25027.6,25048.5,25021.1,25045.8
1763080200,25045,25047.5,25022.8,25033.5
1763081100,25033.6,25042.4,25009.2,25012.3
1763082000,25012.1,25048.3,25011.1,25037
1763082900,25037.1,25048.4,25008.5,25016.1
1763083800,25016.9,25054.2,25015.5,25029.4
1763084700,25028.9,25034.4,25012.7,25024.5
1763085600,25026.8,25045,25024,25039.1
1763086500,25038.8,25047,25032.1,25038.8
1763087400,25038.6,25056.1,25037.1,25042.3
1763088300,25042.2,25059.1,25036,25040.6
1763089200,25040.4,25049.8,25022,25044
1763090100,25044.3,25050.5,25032.4,25039.7
1763091000,25039.6,25040.4,25025.1,25027.5
1763091900,25027.3,25034.6,24991.8,25016.9
1763092800,25017,25023.9,24975.1,24984.9
1763093700,24984.7,24993.4,24957.5,24963.6
1763094600,24964.1,24983.6,24949.1,24972.5
1763095500,24972.6,24982.2,24927.6,24942.3
1763096400,24941.9,24946.1,24899.8,24906.1
1763097300,24906.4,24978.7,24879.6,24963.3
1763098200,24962.8,25009.2,24950.9,25004.7
1763099100,25005,25024.2,24993.2,25007.3
1763100000,25007,25007.9,24975.5,24984.9
1763100900,24984.8,24988.8,24946.4,24954.4
1763101800,24955.2,24965.3,24911.6,24953.6
1763102700,24953.8,24976.1,24921,24973.9
1763103600,24974.4,24979.9,24881.8,24885.4
1763104500,24885.3,24891.9,24838.8,24877
1763105400,24873.2,24900.3,24872.9,24886.3
1763106300,24887,24923.9,24886.2,24904.9
1763107200,24904.8,24917.2,24862.3,24863.3
1763108100,24864,24878,24830.2,24853.4
1763109000,24853.7,24874.1,24806.9,24841.6
1763109900,24841.5,24891.2,24815.8,24888.8
1763110800,24889,24940.9,24880.6,24901.8
1763111700,24901.9,24906,24879.5,24880.9
1763112600,24881,24887.1,24855.1,24870.5
1763113500,24869.7,24870.2,24836.8,24846
1763114400,24845.4,24890.8,24834,24883.8
1763115300,24884,24885.9,24859.6,24879.6
1763116200,24879.7,24899,24872.3,24887.1
1763117100,24887.2,24888.4,24838.3,24850.1
1763118000,24849.3,24849.3,24761.1,24770.2
1763118900,24770.3,24780,24725,24749.8
1763119800,24748.3,24756.1,24704.7,24717.9
1763120700,24717.8,24739.6,24683.9,24734
1763121600,24733.6,24737.4,24654.5,24658.4
1763122500,24658.3,24689,24638.6,24672
1763123400,24671.8,24680.4,24575.8,24602.8
1763124300,24603,24650.3,24578.3,24630.4
1763125200,24630.3,24671.4,24618.6,24658.2
1763126100,24658.5,24660.8,24577.6,24615.3
1763127000,24615.5,24632.9,24562.9,24578
1763127900,24577.5,24646.1,24563.5,24622.7
1763128800,24622.5,24659.6,24604.1,24631.1
1763129700,24631.6,24668.9,24621.2,24626.4
1763130600,24627,24751.1,24532.7,24740.9
1763131500,24741.3,24876.7,24726.1,24860.1
1763132400,24859.2,24889.2,24769.9,24801.6
1763133300,24801.8,24936.2,24796.6,24918.8
1763134200,24919.1,25007.3,24887.4,25002.9
1763135100,25002.8,25086.4,24996.7,25053.1
1763136000,25052.2,25070.7,24978.6,25026.9
1763136900,25027.9,25175.9,25027.3,25149.1
1763137800,25148.6,25174.6,25111.8,25121.7
1763138700,25121.8,25167,25086.1,25157.7
1763139600,25156.6,25201,25129.7,25187.1
1763140500,25186.9,25191.7,25140.8,25171.9
1763141400,25172.3,25192.6,25133.4,25151.8
1763142300,25151.7,25171.9,25068.9,25111.7
1763143200,25111.2,25133,25029.3,25128.9
1763144100,25127.9,25129.8,25029.9,25072.9
1763145000,25073.2,25097.1,24996.6,25003.5
1763145900,25003.3,25105.5,24997.8,25080.8
1763146800,25079.6,25091.2,25031.2,25060
1763147700,25060.3,25128.2,25058.3,25110.4
1763148600,25110.5,25126.3,25090.9,25110.8
1763149500,25110.6,25149.4,25109.5,25135.8
1763150400,25136.3,25159.7,25092,25096.5
1763151300,25096.6,25102.5,25032.7,25050
1763152200,25050.7,25072,25013.7,25017.2
1763153100,25015.6,25037.2,24981.4,25014
1763154000,25015,25048.9,24983.7,25038.8
1763154900,25039.8,25070.9,25038.8,25062.9
1763155800,25061.7,25064.7,25038.1,25046
1763156700,25046.3,25054.6,25038.6,25050.8
1763334000,25049.3,25052,24931.8,25009.5
1763334900,25009.6,25061.8,25001.6,25046
1763335800,25046.2,25093.7,25046.2,25079.2
1763336700,25079.3,25099.6,25069.5,25081.9
1763337600,25081.4,25095.7,25038.3,25058.4
1763338500,25058.5,25091.6,25024,25091.6
1763339400,25091.5,25152.2,25088.5,25135.6
1763340300,25135.4,25154.7,25135.4,25142.1
1763341200,25144.5,25162.7,25118.7,25153
1763342100,25152.7,25167.1,25148.6,25149.8
1763343000,25149.7,25156.5,25129.3,25134.6
1763343900,25136.3,25142.5,25108.9,25109.7
1763344800,25109.4,25158.3,25109.4,25149.9
1763345700,25149.7,25157.7,25116.9,25118.6
1763346600,25117.6,25140.8,25117.1,25132.5
1763347500,25132.6,25170.6,25132.6,25161.8
1763348400,25160.7,25181.5,25158.4,25171.7
1763349300,25172.7,25177.7,25153.9,25155.9
1763350200,25155.4,25163.8,25148.1,25159.8
1763351100,25161.3,25179.2,25153.5,25175.2
1763352000,25175.6,25185.4,25168.7,25182.4
1763352900,25183.3,25196.3,25175,25193.7
1763353800,25193.9,25194.9,25177.1,25186.9
1763354700,25187.8,25194.5,25183.8,25185.4
1763355600,25185.2,25197.6,25176.9,25185.5
1763356500,25185.4,25194.7,25171.4,25183.6
1763357400,25182.1,25188.3,25164,25172.6
1763358300,25170.9,25178,25153.5,25157.6
1763359200,25157.3,25174.1,25150.1,25161.6
1763360100,25160.3,25182.1,25156.8,25172.3
1763361000,25172.8,25178.3,25146.9,25153.9
1763361900,25153.8,25158.4,25139.7,25150.2
1763362800,25148.7,25200.6,25142.1,25195.5
1763363700,25195.8,25237.4,25191.5,25230.9
1763364600,25230.7,25238.8,25219.6,25229
1763365500,25229.1,25235.7,25222.8,25224.3
1763366400,25226.6,25252.4,25212.3,25249.1
1763367300,25249,25263.4,25235.6,25241.7
1763368200,25242.7,25271,25239.1,25259.6
1763369100,25260.3,25271.7,25248.7,25266.7
1763370000,25266.6,25271.1,25212.8,25227.6
1763370900,25229,25234.8,25213.3,25222.8
1763371800,25221.8,25231.1,25175.1,25198.5
1763372700,25200.5,25206.8,25182.5,25195.4
1763373600,25194.9,25201.5,25175.8,25189.7
1763374500,25189.2,25189.2,25130.6,25137.5
1763375400,25137.2,25158.7,25115.3,25119.5
1763376300,25118.5,25140,25082.7,25110.9
1763377200,25108.5,25125.9,25080.6,25122.5
1763378100,25122.7,25139.1,25112.5,25119.6
1763379000,25119.5,25156.5,25110.9,25115.2
1763379900,25115.6,25139.4,25101.7,25112.9
1763380800,25114.9,25114.9,25050.7,25064.9
1763381700,25065,25085.2,25060.5,25060.5
1763382600,25057.2,25073.5,25037.2,25056.9
1763383500,25058.6,25058.6,25022.5,25041.2
1763384400,25043.2,25050.9,24966.2,24982.9
1763385300,24982.7,25023.7,24979.5,25009.2
1763386200,25008.2,25008.2,24937.6,24937.7
1763387100,24938.7,24991.6,24920.6,24991.2
1763388000,24990.5,24990.5,24925.1,24938.5
1763388900,24938.6,24964.2,24901,24907.1
1763389800,24908.1,25110.9,24867,25069.7
1763390700,25068.4,25167,25063.2,25111.9
1763391600,25112.2,25126.8,24973.6,25038.8
1763392500,25042.8,25065.8,24967.9,25049.6
1763393400,25049.7,25068.2,24971.2,25051.1
1763394300,25050.7,25063.8,24972,24993.6
1763395200,24994,25010.4,24891.7,24902.9
1763396100,24901.9,24986.2,24861.3,24983.9
1763397000,24982.4,25064.6,24978.1,25051.6
1763397900,25050.6,25111.1,25042.6,25106
1763398800,25107.1,25108.5,25058.2,25074.5
1763399700,25074.3,25076.1,25033.3,25059.8
1763400600,25059.5,25074.6,24984.8,24987.8
1763401500,24988,24988.7,24909,24913.6
1763402400,24914.6,24926.3,24870,24902
1763403300,24902.3,24929,24880.3,24896.1
1763404200,24895.5,24916.9,24872.2,24911.8
1763405100,24911.4,24964.3,24800.6,24809.2
1763406000,24808.2,24826.3,24765.8,24794.4
1763406900,24798.3,24799.3,24738.6,24781.5
1763407800,24780.6,24797.5,24691.7,24732.4
1763408700,24732.7,24736,24669,24671.5
1763409600,24671.2,24710.1,24648.2,24665.9
1763410500,24666.4,24724.9,24657.2,24699.2
1763411400,24699.4,24727,24673.1,24709.6
1763412300,24709,24802.2,24706.5,24796.7
1763413200,24796.1,24838.4,24795.1,24831.1
1763414100,24833.1,24836.4,24798.9,24810.9
1763415000,24809.9,24814.1,24787.6,24802.1
1763415900,24800.1,24820.1,24800.1,24814
1763416800,24813.9,24815.9,24811,24813.8
1763417700,24814.2,24817.2,24813.9,24814.7
1763418600,24814.6,24815.5,24806.1,24806.9
1763419500,24806.6,24809.9,24801.1,24808
1763420400,24813,24867.9,24810,24818.3
1763421300,24816.3,24839.3,24794.8,24835.8
1763422200,24835.6,24856.8,24823.4,24831.5
1763423100,24831.4,24837.6,24820.8,24833.6
1763424000,24833.5,24852.3,24827.5,24838.4
1763424900,24839.4,24842,24775.3,24777.6
1763425800,24779.5,24789.3,24743.1,24746.4
1763426700,24746,24805.8,24746,24765.4
1763427600,24772.3,24828.8,24765.8,24814.8
1763428500,24814.9,24870.6,24814.9,24828.3
1763429400,24825.8,24867.9,24820.8,24865
1763430300,24863,24873.6,24845.3,24849.5
1763431200,24848.5,24867,24835.1,24838.6
1763432100,24840.3,24855.4,24821.9,24840.1
1763433000,24840,24849.3,24785.6,24790
1763433900,24788.4,24800.8,24751.1,24753
1763434800,24751.6,24754,24716.5,24732.4
1763435700,24732.5,24755.1,24714.9,24717.9
1763436600,24715.9,24735.5,24697.9,24712.4
1763437500,24712.5,24721.4,24675.4,24697
1763438400,24697.6,24699.6,24629,24630.9
1763439300,24631.3,24638.1,24520.1,24563.8
1763440200,24564.4,24613.1,24564.4,24606.9
1763441100,24605.4,24654.3,24593,24644.9
1763442000,24644.4,24678.1,24603.1,24668.3
1763442900,24668.5,24681,24636.3,24640.1
1763443800,24640.8,24660.1,24636.3,24655.5
1763444700,24655.8,24669.1,24621,24621.9
1763445600,24622.3,24652.6,24609.6,24638.9
1763446500,24639,24661.9,24615.4,24636.6
1763447400,24630.5,24630.5,24553.6,24564.1
1763448300,24563.9,24600.8,24557.8,24573.3
1763449200,24573.5,24573.5,24517,24547.8
1763450100,24547.5,24607.8,24527.4,24594
1763451000,24592.8,24655.9,24589.6,24632.1
1763451900,24634.1,24643.8,24592.4,24612.9
1763452800,24612.1,24693,24612.1,24660.6
1763453700,24660.1,24684.4,24641.4,24684.4
1763454600,24684.1,24771.1,24675.8,24734
1763455500,24732.5,24735.5,24691.8,24717.5
1763456400,24717.4,24744,24694,24735.4
1763457300,24735.1,24773.6,24703.3,24713.9
1763458200,24713.8,24738.3,24680.1,24713.8
1763459100,24713.6,24763.8,24701.1,24750
1763460000,24750.3,24761,24705.9,24712.5
1763460900,24712,24737,24702.8,24713.3
1763461800,24716.3,24744.8,24701.3,24716.1
1763462700,24716.4,24750.3,24708.6,24738.3
1763463600,24738.4,24750,24695,24705.1
1763464500,24705,24730,24694.1,24711.1
1763465400,24711.6,24717.8,24673.5,24686.9
1763466300,24686.6,24717.1,24675.9,24713.5
1763467200,24713.4,24715.6,24617,24623.3
1763468100,24621.3,24679,24621.3,24639.1
1763469000,24639.4,24674.8,24632.1,24638.9
1763469900,24638,24647.3,24572.1,24606.3
1763470800,24608.3,24673,24606.8,24660.5
1763471700,24660,24682.4,24619.4,24628.6
1763472600,24628.5,24680.6,24622,24634.3
1763473500,24634.4,24680.3,24625.9,24646.4
1763474400,24643.9,24673.1,24629.3,24648.9
1763475300,24649.3,24660.1,24608.4,24632.6
1763476200,24631.6,24745.8,24562.5,24566.8
1763477100,24568.6,24650.7,24436.2,24438.3
1763478000,24438.9,24483.6,24345,24442.6
1763478900,24442.8,24523.9,24349.7,24460.3
1763479800,24460.2,24506.1,24365.3,24412.4
1763480700,24413.4,24446.2,24354.3,24375.1
1763481600,24375.3,24476.6,24296.7,24445.5
1763482500,24443.5,24582,24403.7,24563.8
1763483400,24564,24610.1,24544.9,24594.9
1763484300,24593.1,24613,24534.4,24568
1763485200,24566.8,24606.3,24505.4,24507
1763486100,24508,24553.3,24444.9,24450.3
1763487000,24450.5,24646.9,24408.7,24635.5
1763487900,24635.7,24697,24579.3,24667.3
1763488800,24667.1,24705.8,24653.1,24672.3
1763489700,24672.6,24694,24637.3,24643.9
1763490600,24643.3,24715.7,24629.4,24662.8
1763491500,24662.3,24718.1,24607.8,24624.7
1763492400,24624.2,24688.9,24618,24672.6
1763493300,24673,24685,24608.3,24626.1
1763494200,24626.9,24724.2,24600.8,24650.1
1763495100,24650.3,24717.3,24621.8,24689.1
1763496000,24690.6,24711.7,24618.8,24634.6
1763496900,24634.9,24662.3,24561.3,24608.8
1763497800,24608.6,24625,24569.5,24573.4
1763498700,24575.9,24600.9,24494.9,24498.2
1763499600,24498,24507.2,24437.2,24476.7
1763500500,24478.5,24479.2,24444,24459.7
1763501400,24460,24476,24444.7,24451.5
1763502300,24452,24467.2,24437.7,24443.5
1763503200,24443.6,24446.3,24442.5,24444.1
1763504100,24443.9,24456.9,24443.1,24455.4
1763505000,24455.5,24458.6,24453.4,24457.5
1763505900,24458.6,24459.6,24454.2,24459.1
1763506800,24465,24526.5,24460.5,24502.6
1763507700,24502.5,24546.8,24502.5,24536.8
1763508600,24538.6,24545.8,24500,24527.3
1763509500,24527,24527.5,24501.7,24506.3
1763510400,24508.3,24517.3,24452.2,24458.5
1763511300,24458.2,24465.8,24414.2,24433.3
1763512200,24434,24490.7,24424.2,24483.5
1763513100,24485.5,24495.7,24450.6,24474
1763514000,24472,24478.7,24426.6,24451.2
1763514900,24449.8,24543,24447.8,24513.3
1763515800,24513.5,24526.1,24475.8,24489.8
1763516700,24490.2,24510.7,24440.5,24466.8
1763517600,24468.7,24544.6,24468.5,24530.1
1763518500,24530.2,24550.8,24507.1,24543.5
1763519400,24543.3,24566,24539.3,24555.2
1763520300,24553.2,24566.7,24541.1,24564.6
1763521200,24564.7,24574.4,24533.6,24533.8
1763522100,24533.9,24537.9,24486.4,24512.7
1763523000,24512.8,24512.8,24478.1,24486.2
1763523900,24486.1,24490.8,24452.4,24460.4
1763524800,24460.3,24467.6,24409.3,24431.2
1763525700,24431.6,24472.9,24430.7,24461.4
1763526600,24462.9,24465.8,24415.7,24451.7
1763527500,24451.6,24480.4,24435.8,24438.6
1763528400,24440.4,24470.7,24433.4,24439.8
1763529300,24439.6,24474.8,24429.9,24433.6
1763530200,24433.8,24442.4,24375.3,24377.8
1763531100,24377.7,24475.8,24363.4,24451.4
1763532000,24451.8,24468.9,24437.4,24450.4
1763532900,24452.7,24490.7,24451.1,24467.6
1763533800,24466.7,24481.6,24454.6,24464.6
1763534700,24466.6,24475.7,24447.2,24468.2
1763535600,24469.8,24544.7,24448.4,24520.8
1763536500,24520.9,24534.4,24505.7,24515.4
1763537400,24513.4,24534.7,24498.3,24519.4
1763538300,24519.1,24536.1,24510.3,24524.3
1763539200,24523.6,24537.6,24491.4,24499.4
1763540100,24499.3,24557.8,24489.2,24554.7
1763541000,24552.7,24568.9,24506.4,24532.2
1763541900,24532.8,24536.3,24505.8,24506.4
1763542800,24506.7,24553.1,24486.4,24552.4
1763543700,24552.3,24554.8,24535.7,24548.8
1763544600,24548.7,24565.2,24533.8,24560.6
1763545500,24560.9,24600.4,24558.8,24595.4
1763546400,24596.2,24601.7,24579.7,24592.9
1763547300,24594.9,24624.6,24590.1,24614.8
1763548200,24615.1,24617.9,24594.7,24610.8
1763549100,24610.7,24627.3,24593.8,24618.2
1763550000,24618.1,24646.4,24611.8,24632.9
1763550900,24633.1,24640.8,24619.8,24623.1
1763551800,24621.9,24637.3,24605.4,24626.6
1763552700,24627.1,24647.3,24604.6,24610.7
1763553600,24606.7,24621.8,24589.6,24617.1
1763554500,24619.1,24627.2,24599.6,24617.8
1763555400,24617.9,24640.2,24617.6,24627.7
1763556300,24627.8,24639.2,24611.9,24611.9
1763557200,24614.4,24625.1,24557.6,24570.6
1763558100,24568.6,24605.6,24563.8,24604.3
1763559000,24602.3,24624.9,24575.7,24586.3
1763559900,24586.6,24606.9,24572.8,24583.2
1763560800,24583.3,24595.7,24541.4,24543.2
1763561700,24543.9,24566.1,24523.7,24527.4
1763562600,24528.9,24676.3,24490.7,24661.2
1763563500,24662.2,24819.1,24640.9,24812.4
1763564400,24814.4,24869.8,24800.7,24860.8
1763565300,24859.8,24905.1,24849,24871.2
1763566200,24870.3,24885.9,24808,24831
1763567100,24830.8,24830.8,24667.8,24688.6
1763568000,24690.5,24707.6,24613.9,24636.4
1763568900,24636.6,24677.7,24586.1,24628.2
1763569800,24628.4,24645.9,24571.1,24602.8
1763570700,24603.2,24640.7,24570.5,24636.2
1763571600,24635.8,24640.8,24521.1,24531.5
1763572500,24531.4,24566.5,24501.3,24551.5
1763573400,24552.4,24563.4,24429.8,24537.5
1763574300,24536.8,24578.8,24488.6,24556.8
1763575200,24554.7,24606.9,24529.1,24584.2
1763576100,24585.2,24593.5,24514.7,24518.3
1763577000,24518.5,24632.7,24508.7,24554.6
1763577900,24553.8,24625.4,24520.1,24608
1763578800,24605.5,24617.8,24550.5,24589.5
1763579700,24588,24599.6,24497.6,24514.7
1763580600,24515.7,24538.3,24492.2,24515.9
1763581500,24516.3,24620.2,24501.6,24579.3
1763582400,24577.7,24628.9,24564.1,24625
1763583300,24626.3,24723.6,24626.3,24690
1763584200,24689.3,24747.5,24663.8,24685.6
1763585100,24685.7,24686.9,24612.9,24642.9
1763586000,24638.4,24661,24588.7,24636.7
1763586900,24636.4,24819.7,24616.1,24763.7
1763587800,24763.5,24883.4,24762,24883
1763588700,24880.8,24889.1,24858.9,24867.5
1763589600,24867.7,24920.2,24856.2,24911.3
1763590500,24910.8,24920.4,24886.5,24887.2
1763591400,24887.1,24887.1,24841.7,24844.1
1763592300,24844.6,24885.9,24837.1,24882
1763593200,24882.3,25000,24871.8,24995.4
1763594100,24995,25009.5,24949.5,24962.4
1763595000,24961.2,25008,24952.5,24997.3
1763595900,24997.6,25025.3,24995.3,25024.2
1763596800,25023.2,25031,25002.7,25015.6
1763597700,25016,25060.9,25016,25060.6
1763598600,25060.5,25074.8,25047.8,25074.1
1763599500,25073.9,25077,25034.3,25041.6
1763600400,25041.9,25054.4,25017.5,25028.4
1763601300,25028.7,25068.5,25028.6,25067.4
1763602200,25067.3,25071.7,25045.4,25052.5
1763603100,25052.4,25081.7,25049,25071.3
1763604000,25071,25084.2,25055.1,25057.8
1763604900,25058.1,25065.1,25043.7,25047.8
1763605800,25048,25077.4,25044.7,25063.7
1763606700,25063.6,25086.1,25062,25084.3
1763607600,25083.9,25109.6,25078.5,25096.8
1763608500,25096.9,25110.9,25087.9,25102
1763609400,25101.2,25103.7,25080.4,25086.4
1763610300,25086.9,25101.8,25053.2,25084.8
1763611200,25084.5,25096.1,25074.6,25079.1
1763612100,25079.2,25092.7,25065.1,25078.1
1763613000,25078.4,25103.3,25075.1,25097.9
1763613900,25098,25102.9,25092.5,25101.6
1763614800,25101.4,25123.9,25094.1,25103.1
1763615700,25102.9,25110.8,25096.1,25099.2
1763616600,25099,25101.1,25083.8,25094
1763617500,25093.9,25099.1,25072.3,25084.4
1763618400,25084.2,25100.4,25075.9,25086.7
1763619300,25086.5,25086.7,25047,25059
1763620200,25061.5,25096.2,25059.6,25084
1763621100,25084.2,25093.2,25067.4,25089.7
1763622000,25089.8,25100.5,25078.7,25090.9
1763622900,25091,25118.3,25085,25103.9
1763623800,25104,25121.7,25068.1,25076.1
1763624700,25077.1,25077.1,25053.2,25064.9
1763625600,25065.2,25082.7,25035.6,25069.5
1763626500,25068.9,25080.4,25051.9,25069.1
1763627400,25069.2,25085.6,25048.8,25085.1
1763628300,25085.3,25099.3,25047.1,25048.3
1763629200,25048.1,25060.1,25022.1,25044.8
1763630100,25044.2,25051.1,24990.4,24990.4
1763631000,24989.9,25008.7,24981.3,24989.1
1763631900,24989.4,24991.1,24961.1,24975.1
1763632800,24976.4,24979.4,24937.2,24949.7
1763633700,24949.8,25003.5,24949.6,24988.3
1763634600,24987.7,25016.4,24986.8,25016.4
1763635500,25016.5,25041.4,25007.8,25028
1763636400,25028.2,25031.7,24975.3,25000.6
1763637300,25001,25007.3,24961.9,24982.7
1763638200,24982.1,25041.9,24980.3,25038.7
1763639100,25037.6,25041.7,24982.6,25002.5
1763640000,25004.4,25015.7,24975.1,24993.8
1763640900,24993.6,25025.8,24984.5,25007.6
1763641800,25007.3,25045.6,25006.2,25030.4
1763642700,25030.3,25072.3,25028.6,25070.2
1763643600,25069.2,25096.2,25066.5,25086.8
1763644500,25086.7,25093.2,25035.2,25049.3
1763645400,25049.1,25158.2,25049.1,25112.2
1763646300,25112.1,25179.9,25099.9,25144.8
1763647200,25144.4,25164.3,25114.7,25124
1763648100,25123.8,25154.8,25114.6,25123.9
1763649000,25124,25155.4,25063.6,25127.7
1763649900,25127.8,25204.9,25086.6,25187
1763650800,25187.3,25213.8,25073.9,25097.1
1763651700,25097.2,25180,25070.7,25169.9
1763652600,25171.9,25221,25152.5,25210.6
1763653500,25211.2,25214.1,25071.9,25076.3
1763654400,25077.9,25079.7,24922.7,24925.2
1763655300,24927.6,24927.8,24805.1,24821.9
1763656200,24821.8,24845.7,24648.4,24660.3
1763657100,24660.5,24720.4,24431.7,24472.7
1763658000,24472.8,24560.4,24348.9,24406.2
1763658900,24402.5,24410.4,24274.5,24372.1
1763659800,24372,24419.2,24228.6,24278.3
1763660700,24275.1,24348.8,24229.2,24316.3
1763661600,24316.4,24514,24288,24513.7
1763662500,24515.2,24519.9,24388.4,24424.5
1763663400,24423.9,24442.2,24256.9,24264.8
1763664300,24263.7,24270.2,24159.3,24199.5
1763665200,24199.4,24219.8,24128,24194.4
1763666100,24194.3,24292.1,24165.6,24268.2
1763667000,24268.3,24268.3,24182.2,24248.7
1763667900,24248.9,24323.8,24189.7,24318.6
1763668800,24317,24317.2,24192.1,24219.5
1763669700,24219.4,24267.6,24165.1,24212.2
1763670600,24211.6,24231.6,24064,24080.7
1763671500,24081.5,24107,24020.9,24054.4
1763672400,24052.7,24055.8,24011,24032.2
1763673300,24032.9,24039.8,24000.2,24033.2
1763674200,24033.3,24037.8,24007.5,24015.9
1763675100,24015.7,24023.4,23989.7,23994.3
1763676000,23994.4,23999,23988.5,23991
1763676900,23990.6,23997.5,23985.5,23988.7
1763677800,23989,24000.6,23986.7,23991.5
1763678700,23991.7,24013.4,23985.9,24007.7
1763679600,24012.5,24056.2,23944.5,23997.5
1763680500,23996.6,24056.5,23996.6,24052.5
1763681400,24052.3,24072,24023.7,24059.9
1763682300,24058.9,24092.2,24053.7,24062.4
1763683200,24062.3,24104.2,24038.2,24094.6
1763684100,24094.4,24118.8,24082.4,24107.6
1763685000,24107.7,24127.7,24100.9,24110.6
1763685900,24110.5,24130.1,24089.3,24108.5
1763686800,24108.4,24132.4,24091.4,24107.6
1763687700,24106.3,24158.7,24106.3,24153.4
1763688600,24154.1,24156.2,24101.6,24140.9
1763689500,24140.5,24159.7,24129.7,24129.8
1763690400,24132.6,24142.1,24082.2,24092
1763691300,24092.3,24123.1,24089,24106.7
1763692200,24107,24140.6,24102.4,24126.8
1763693100,24126.9,24138.2,24095.4,24098.3
1763694000,24098.1,24116.6,24085.5,24108.8
1763694900,24109,24116,24088.6,24112.2
1763695800,24112.4,24160.2,24105.1,24146.8
1763696700,24146.9,24154.8,24116.2,24117.3
1763697600,24118,24128.2,24094.9,24107.7
1763698500,24106.8,24106.9,24043.6,24075.7
1763699400,24077.6,24079.6,24022.7,24049.9
1763700300,24050.2,24099.5,24031.2,24096.1
1763701200,24094.7,24129.5,24076.2,24117
1763702100,24117.4,24132.2,24089.6,24093.9
1763703000,24093.7,24105.9,24057.1,24075.5
1763703900,24075.3,24080.5,24053.5,24067
1763704800,24066.9,24097,24058.8,24087.7
1763705700,24088.5,24109.9,24059.6,24059.6
1763706600,24058.4,24101.6,24054.5,24096.2
1763707500,24095.2,24123.7,24087.1,24100.3
1763708400,24100.2,24112,24080.5,24089.5
1763709300,24089.6,24120.6,24082.1,24118.9
1763710200,24117.2,24123.9,24063,24077
1763711100,24077.1,24079.7,23985.6,24003.6
1763712000,24003.4,24103.7,24003.4,24089.4
1763712900,24093.2,24100.2,24032.5,24073.7
1763713800,24066,24089.1,24035,24085.4
1763714700,24083.9,24140.1,24078.4,24131.7
1763715600,24131.9,24142.9,24109.7,24113.8
1763716500,24113.5,24116.3,24033.5,24058.7
1763717400,24056.2,24070.2,23987.1,23987.3
1763718300,23987,24015.8,23956.1,23961.2
1763719200,23961.1,23963.1,23855.9,23891.6
1763720100,23892,23898.1,23829.7,23837.2
1763721000,23836.9,23995,23835.2,23955.3
1763721900,23957.5,24020.2,23956.6,24016.9
1763722800,24017.5,24073,24003.4,24071.2
1763723700,24070.9,24079.4,24007.9,24007.9
1763724600,24007.4,24032.9,23984.5,24014.6
1763725500,24011.9,24017.1,23936.5,23982.5
1763726400,23985.5,24001.9,23896.2,23941.7
1763727300,23941.6,23959.8,23880.1,23890
1763728200,23890.2,24117.2,23890.2,24096.8
1763729100,24102.3,24187.3,24101.3,24114.5
1763730000,24115.7,24151,24069.7,24145.7
1763730900,24145.5,24217,24117.3,24119
1763731800,24118.9,24202.6,24118.9,24183.5
1763732700,24183.3,24200.9,24149.3,24168.4
1763733600,24163.4,24192.3,24131.8,24170.7
1763734500,24170.2,24170.2,24107,24127.3
1763735400,24128.2,24204.8,24081,24108.3
1763736300,24108.2,24222.1,24026.7,24104.5
1763737200,24106.8,24157.4,24006.3,24034.3
1763738100,24032.7,24134.3,23957.8,23974.7
1763739000,23974.8,24014.7,23856.8,23957.4
1763739900,23958.3,24032.6,23930.8,23951.2
1763740800,23948.1,24015.7,23868,23989.2
1763741700,23988.5,24104.4,23919.3,24101.9
1763742600,24101.5,24163,24066.6,24148.8
1763743500,24148.7,24301.6,24113,24301
1763744400,24301.3,24318.9,24241.4,24287
1763745300,24286.9,24318.7,24235.6,24284.3
1763746200,24284.2,24342.2,24270.9,24319.3
1763747100,24318.1,24334.1,24259.8,24277
1763748000,24276.6,24288.3,24157.4,24161.4
1763748900,24161.3,24203.7,24131,24190
1763749800,24188.8,24314.9,24174.5,24309.5
1763750700,24309.6,24480,24291.1,24401.8
1763751600,24401.2,24490.6,24396.3,24456.1
1763752500,24458.9,24519.9,24441,24504.6
1763753400,24506.6,24519.9,24420.8,24432.6
1763754300,24436.5,24449,24352.1,24384
1763755200,24381.9,24422.2,24367.7,24404.5
1763756100,24404,24420.2,24316.1,24316.1
1763757000,24315.4,24380.8,24279.7,24314.8
1763757900,24314,24366.7,24212.3,24239.8
1763758800,24239.5,24282.3,24230.1,24250.3
1763759700,24250.8,24259.2,24236.8,24247.4
1763760600,24247.3,24282.6,24244.7,24280.5
1763761500,24280.7,24284.5,24248.2,24273.8
1763938800,24454.6,24461,24404.7,24416.3
1763939700,24416.2,24435,24394.9,24414.3
1763940600,24414.4,24415.8,24385.4,24406.5
1763941500,24406.2,24424.6,24391.9,24400.1
1763942400,24399.9,24399.9,24351.7,24368.7
1763943300,24368.9,24374.4,24334,24361.2
1763944200,24361.1,24400.7,24357.4,24386.9
1763945100,24387.1,24399,24372.9,24374.6
1763946000,24374.7,24396.6,24344.5,24388.6
1763946900,24388.9,24410.3,24372.9,24399.2
1763947800,24397.2,24409.5,24356.9,24363.4
1763948700,24362.1,24391.9,24359.1,24378.9
1763949600,24380.7,24395.9,24363,24366.7
1763950500,24366.8,24419.6,24366.3,24414.5
1763951400,24414.4,24429.8,24390.1,24427.4
1763952300,24427.1,24445.6,24424,24444
1763953200,24443.7,24451.3,24439.3,24445.9
1763954100,24444.9,24450.6,24429.5,24442.2
1763955000,24442.3,24442.9,24405.7,24423.5
1763955900,24423.1,24431.4,24406.5,24414.5
1763956800,24413.7,24420.9,24375.5,24383.3
1763957700,24383.8,24386.1,24361.4,24379.2
1763958600,24380.2,24399.8,24371.7,24391.9
1763959500,24393.2,24404.8,24375.2,24382.5
1763960400,24382.4,24432.3,24374.3,24428.8
1763961300,24429.2,24440.6,24424.4,24432.4
1763962200,24431.9,24433.2,24408,24421.5
1763963100,24421.6,24429.9,24416.2,24424
1763964000,24424.1,24430.8,24405.3,24406.7
1763964900,24406.9,24424.9,24404.3,24409
1763965800,24408.8,24418.7,24396.4,24400.4
1763966700,24400.5,24409.4,24392.3,24406.1
1763967600,24405.8,24419.2,24378.4,24403
1763968500,24402.6,24413.9,24397.3,24412.5
1763969400,24412.6,24442.2,24399.1,24437.4
1763970300,24436.6,24454.3,24433.8,24441.4
1763971200,24440.1,24440.1,24384.3,24432.6
1763972100,24433.7,24484.4,24432.2,24473
1763973000,24472.8,24485.3,24453.6,24471.1
1763973900,24471.3,24491.8,24466.7,24480.3
1763974800,24478.3,24491.4,24438.3,24445.2
1763975700,24446.8,24463,24296.4,24300.8
1763976600,24300.6,24375.6,24294.8,24342.8
1763977500,24342.7,24371.2,24339.2,24350.6
1763978400,24351.4,24367.1,24316,24330.6
1763979300,24330.4,24360.3,24312.8,24324.5
1763980200,24324.3,24350.5,24292,24343.8
1763981100,24343.2,24356.7,24322.2,24331.5
1763982000,24330.9,24341.2,24307.2,24321.1
1763982900,24321.4,24357.2,24313.4,24338.5
1763983800,24338.4,24362.7,24323.9,24355.2
1763984700,24355,24391.7,24344.9,24384.2
1763985600,24377.8,24389.4,24352.5,24360.4
1763986500,24360.3,24417.2,24351.8,24410.1
1763987400,24410.4,24428.2,24392.5,24401
1763988300,24401.4,24444.2,24398.5,24433.7
1763989200,24434.2,24477.8,24427.5,24474.9
1763990100,24475,24487.9,24454.4,24479.7
1763991000,24479.8,24493.3,24457.5,24464.9
1763991900,24465,24470,24421.4,24428.6
1763992800,24427.2,24503.8,24424.7,24498.1
1763993700,24498.3,24498.8,24449.2,24452.8
1763994600,24452.9,24651.3,24449.3,24553.9
1763995500,24553.7,24618.4,24509.6,24612.6
1763996400,24612.3,24695.7,24593.9,24663
1763997300,24667.5,24678.9,24608.4,24665.6
1763998200,24665.9,24734.2,24637.9,24724.8
1763999100,24726.3,24744.1,24689.2,24706.4
1764000000,24706.2,24799,24706.2,24792.1
1764000900,24793.3,24810.8,24774.2,24792.8
1764001800,24792.1,24806.5,24768.7,24799.6
1764002700,24799.1,24816,24761.9,24774.6
1764003600,24773.7,24792.6,24755.8,24767.8
1764004500,24767.7,24817,24763,24808.5
1764005400,24809.5,24862.2,24808.4,24846.9
1764006300,24846.8,24867.7,24840.8,24848.3
1764007200,24847.2,24881.2,24847.2,24873.7
1764008100,24872.7,24877.9,24853.2,24857.2
1764009000,24858,24866.8,24840.5,24857.8
1764009900,24857.3,24868.7,24848.1,24852.8
1764010800,24853,24887.5,24850.2,24877.4
1764011700,24878.4,24883.6,24856,24859.8
1764012600,24859.4,24865.4,24829.6,24842.2
1764013500,24841.9,24854.1,24820.5,24841.6
1764014400,24841.1,24878.6,24839.3,24866.9
1764015300,24866.6,24888.6,24851.9,24863
1764016200,24863.1,24888.5,24853.5,24885.5
1764017100,24885.3,24920.7,24855.3,24864.3
1764018000,24864.2,24898.2,24851.7,24887
1764018900,24887.7,24900.7,24874.5,24888.5
1764019800,24888.7,24902.7,24881,24893.2
1764020700,24892.5,24897.7,24886.2,24887
1764021600,24887.3,24889.5,24885.6,24887
1764022500,24886.9,24891.9,24886.7,24891.9
1764023400,24892,24893.3,24883.8,24886.2
1764024300,24885.6,24908.3,24884.8,24904.2
1764025200,24899.7,24912.3,24884.5,24893.8
1764026100,24893,24902.7,24879.9,24892.3
1764027000,24892.4,24909,24887.3,24904.4
1764027900,24902.4,24916.5,24888.3,24889
1764028800,24888.2,24890.5,24860.2,24867.4
1764029700,24867.3,24870.7,24847.5,24857.2
1764030600,24857,24882,24854.7,24862.3
1764031500,24860.3,24893.5,24859.2,24888.3
1764032400,24888.4,24892.8,24870.2,24870.5
1764033300,24870.7,24882.4,24859.9,24870.9
1764034200,24870.3,24877.4,24855.4,24859.2
1764035100,24858.4,24863.2,24848.3,24853.9
1764036000,24854.2,24871.3,24849.3,24865.9
1764036900,24865.7,24886.2,24856.8,24862
1764037800,24864,24882.2,24857.4,24875.8
1764038700,24876.3,24879.8,24862,24877.8
1764039600,24877.4,24886.8,24869.8,24881.8
1764040500,24881,24889.3,24873.5,24877.5
1764041400,24877.4,24880.8,24852.4,24864.3
1764042300,24864.4,24865.7,24843.7,24854
1764043200,24855,24868.9,24849.4,24866.2
1764044100,24866,24883.3,24862.4,24863.5
1764045000,24863.4,24869.8,24855.7,24856.9
1764045900,24856.8,24867.4,24856,24864.9
1764046800,24865.3,24882.8,24853.8,24882.5
1764047700,24882.7,24885.7,24841.9,24846.7
1764048600,24846.9,24866.9,24845.3,24861.2
1764049500,24861,24864.8,24847.5,24851.3
1764050400,24851.4,24868.9,24849.4,24859.8
1764051300,24859.7,24859.7,24833.8,24841.5
1764052200,24841,24858.8,24835.3,24837.8
1764053100,24838.5,24840.2,24823,24832.2
1764054000,24832.3,24833.3,24809.7,24821.2
1764054900,24821.8,24829.4,24813.5,24824.8
1764055800,24824.7,24855.7,24819.2,24853.7
1764056700,24855.7,24865.9,24833.3,24845
1764057600,24844.7,24861.2,24813.9,24817.8
1764058500,24818.3,24857.5,24817.9,24850.4
1764059400,24850.7,24852,24830.3,24834
1764060300,24834.2,24836.5,24785,24796.8
1764061200,24796.9,24829.5,24790,24810
1764062100,24810.2,24813.4,24756.5,24758.9
1764063000,24759,24797.9,24750.8,24796.4
1764063900,24796.7,24803.2,24776.4,24787.5
1764064800,24787.4,24805.9,24772.3,24794.8
1764065700,24795.9,24803.7,24779.2,24789.5
1764066600,24789.2,24816.3,24764.7,24800.9
1764067500,24801.5,24823.9,24795.3,24817
1764068400,24817.2,24827.9,24802.9,24819.3
1764069300,24820.2,24822.7,24792,24796.3
1764070200,24794.3,24799.2,24775.2,24787.8
1764071100,24786.4,24805.3,24772.9,24803.3
1764072000,24804.9,24864.8,24794.7,24854.5
1764072900,24854.4,24864.3,24833.9,24861.9
1764073800,24861.8,24905.8,24809.8,24863.9
1764074700,24865.9,24879.3,24824,24839.4
1764075600,24836.7,24866.5,24831.5,24840.9
1764076500,24839,24880.7,24835,24869.8
1764077400,24869.5,24885.9,24803.2,24806.8
1764078300,24807.5,24843.9,24802,24812
1764079200,24812.3,24822.4,24775.9,24795
1764080100,24794.2,24798.3,24772,24786.9
1764081000,24787.9,24809,24650.4,24660.9
1764081900,24659.5,24755.9,24533,24748.9
1764082800,24748.4,24749.3,24586.2,24672.2
1764083700,24673.2,24715.3,24630.9,24710.3
1764084600,24711.3,24775.8,24694,24775.8
1764085500,24775.3,24803.3,24692.2,24748.5
1764086400,24747.5,24751.7,24703.8,24714.2
1764087300,24713.9,24814.8,24706.6,24786.6
1764088200,24786.2,24821.3,24777,24803.9
1764089100,24803.6,24846.4,24772.6,24833.8
1764090000,24832.8,24885.5,24825.7,24883.6
1764090900,24882.6,24949.5,24867.5,24924.5
1764091800,24922.5,24991.7,24921.6,24964.7
1764092700,24964.4,24977.8,24908.7,24918.4
1764093600,24918.7,24949.2,24916.7,24932.5
1764094500,24931.7,24955.5,24920.2,24954.4
1764095400,24954.7,24961.3,24934.2,24944.9
1764096300,24945,24983,24945,24956.6
1764097200,24955.7,24964.7,24934.9,24940.4
1764098100,24941.4,24945.3,24886.9,24915.4
1764099000,24915,24920.9,24869.9,24898.7
1764099900,24897.8,24952.1,24884.4,24946.1
1764100800,24946.2,24977.5,24946.2,24961.9
1764101700,24962.4,24985.3,24957.4,24980.1
1764102600,24981,25019.2,24979.5,25011.7
1764103500,25011.8,25068.7,25002.4,25012.7
1764104400,25011.2,25031.2,25000.2,25006.9
1764105300,25006.7,25013.4,24996.4,24997.4
1764106200,24997.7,25008.2,24989.2,24995.9
1764107100,24993.7,25001.4,24991.2,24993.7
1764108000,24994.6,25000,24992.4,24999.3
1764108900,24999.7,25003.9,24997.6,25001.8
1764109800,25003.3,25006.5,24999.4,25006.2
1764110700,25006.1,25011,25006.1,25007
1764111600,25008.9,25027.8,24998.4,25020.9
1764112500,25021.3,25022.4,25007.3,25016.3
1764113400,25016.5,25019.8,25007.5,25012.9
1764114300,25012.5,25024,24995.2,25018.8
1764115200,25018.7,25027,24999.8,25016
1764116100,25016.2,25048.4,25014.9,25040.5
1764117000,25040.7,25048.2,25032.4,25041.9
1764117900,25042,25061,25036.9,25055
1764118800,25054.9,25078.4,25045.4,25076.9
1764119700,25077,25091.5,25069,25080.8
1764120600,25079.5,25100.8,25071.5,25098
1764121500,25097.9,25105,25085,25099.7
1764122400,25098,25103.4,25090.5,25099
1764123300,25099.2,25107.8,25089.3,25095.9
1764124200,25096,25115.3,25095.5,25110.3
1764125100,25108.3,25117.7,25099.5,25114.3
1764126000,25114.4,25128.5,25103.8,25105.8
1764126900,25105.5,25113.9,25101,25109.8
1764127800,25109.7,25122.4,25106.5,25109.3
1764128700,25109.4,25121.7,25109.4,25115.7
1764129600,25115.5,25122.7,25109.9,25116.5
1764130500,25116.8,25119.5,25101.2,25101.8
1764131400,25102,25106.7,25093.5,25098.3
1764132300,25098.4,25107,25094.8,25100.7
1764133200,25100.5,25125,25099.7,25116.3
1764134100,25116.2,25134,25115.7,25123.4
1764135000,25122.9,25136.7,25122.9,25132.5
1764135900,25132.7,25134.8,25124.3,25134
1764136800,25133.8,25136.5,25125.2,25129.2
1764137700,25129,25134.4,25119,25130.9
1764138600,25130.8,25149.9,25130.8,25146.1
1764139500,25146.3,25160.1,25145.6,25150.9
1764140400,25151.1,25159,25148.4,25151.9
1764141300,25152.1,25168.9,25146.3,25166.4
1764142200,25166.6,25175.1,25161.4,25164.1
1764143100,25164.3,25166.1,25149.9,25149.9
1764144000,25148.9,25150.3,25120,25144.3
1764144900,25144.9,25164,25130.9,25146.5
1764145800,25146.8,25149.6,25122.9,25123.4
1764146700,25123.3,25140.8,25109.1,25109.6
1764147600,25108.9,25113.9,25091.6,25100.5
1764148500,25098.8,25112.9,25075.1,25080.9
1764149400,25081.1,25110,25080.9,25098.6
1764150300,25098.8,25106.4,25077.3,25086.1
1764151200,25086.3,25127.4,25086.3,25120.4
1764152100,25122.4,25128.4,25110.6,25110.6
1764153000,25110.5,25135.9,25097.1,25123.1
1764153900,25124.1,25143.1,25118.3,25134.6
1764154800,25136.6,25141.4,25124.5,25135.4
1764155700,25135.3,25154,25128.5,25142.6
1764156600,25142.5,25148.4,25115.1,25131.6
1764157500,25133.1,25147.9,25111.6,25116.5
1764158400,25116.8,25123.3,25058.5,25073
1764159300,25073.9,25085.4,25056.4,25078.5
1764160200,25078.1,25100.4,25060.4,25091.9
1764161100,25091.1,25122,25091.1,25112.9
1764162000,25112.5,25130.4,25106.1,25126.8
1764162900,25126.6,25145.6,25120.9,25134
1764163800,25134.1,25150.3,25110.6,25133.1
1764164700,25133,25158.6,25126.1,25152.1
1764165600,25151.3,25153.8,25115.4,25130.1
1764166500,25131,25169,25125.8,25158.9
1764167400,25159.9,25208.6,25129.9,25172.4
1764168300,25171.4,25217.3,25093.5,25105.5
1764169200,25099.1,25158.9,25073.7,25112.8
1764170100,25111.8,25146.2,25079.1,25127.7
1764171000,25127.3,25187.3,25127.3,25160.5
1764171900,25158.3,25208,25128.6,25205.5
1764172800,25204,25242,25198.7,25229.8
1764173700,25229.6,25274.5,25226.3,25259.7
1764174600,25259.3,25310.1,25244.9,25298.4
1764175500,25300.9,25302.4,25267.7,25288.7
1764176400,25288,25294.4,25247.9,25260.1
1764177300,25259.6,25280.4,25247.1,25272.4
1764178200,25273,25303.8,25270.5,25300.8
1764179100,25301.6,25303.2,25266.9,25273.9
1764180000,25274.2,25292,25219.6,25265.1
1764180900,25265.3,25295.5,25238.9,25282.2
1764181800,25280.8,25282.6,25226.1,25227.5
1764182700,25226.5,25265.6,25221.2,25251.5
1764183600,25251.6,25274.4,25232.9,25263.5
1764184500,25263.4,25282.9,25259.1,25280.9
1764185400,25281.9,25291.1,25247,25256.7
1764186300,25256.6,25271.4,25245.1,25268.1
1764187200,25268.4,25291.9,25254.9,25290.7
1764188100,25291.7,25296.9,25280.9,25283.1
1764189000,25283.4,25287.6,25265.3,25274.7
1764189900,25274.5,25281.5,25232.7,25233.7
1764190800,25232.8,25268,25228.8,25250
1764191700,25250.3,25261.3,25236,25251.3
1764192600,25251,25255,25239,25244.3
1764193500,25245.3,25253.3,25241.8,25248.9
1764194400,25249.2,25249.9,25246.6,25248.9
1764195300,25247.6,25248.7,25243.8,25246.5
1764196200,25246.7,25251.5,25246.7,25251
1764197100,25251.1,25254.6,25250.3,25253.4
1764198000,25252.7,25272.8,25248.2,25254.2
1764198900,25254.3,25262.4,25248.8,25252.5
1764199800,25252.7,25265.3,25252.5,25259
1764200700,25258.9,25269.7,25253.3,25258.3
1764201600,25260.3,25269.5,25249.7,25264.2
1764202500,25264.3,25265.4,25251.9,25260.8
1764203400,25260.7,25265.3,25253.4,25257.7
1764204300,25257.5,25268.2,25250.4,25266.9
1764205200,25267.2,25275.9,25246.4,25253.5
1764206100,25252.5,25255.9,25239.4,25250.3
1764207000,25250.4,25253.2,25240.7,25253
1764207900,25253.5,25271.4,25247.9,25268.7
1764208800,25268.9,25274.7,25260.4,25269.4
1764209700,25269.3,25273,25260,25265.9
1764210600,25267.9,25269.4,25254.4,25263.2
1764211500,25263.4,25264.4,25249.8,25253
1764212400,25253.4,25255.4,25240,25245.8
1764213300,25245.9,25258.7,25243.4,25246.2
1764214200,25246.4,25250.9,25241.3,25249.8
1764215100,25249.7,25252.8,25245,25250
1764216000,25250.3,25255,25244.4,25248.2
1764216900,25248,25254.7,25243.4,25253.2
1764217800,25253.3,25262.8,25252,25255.8
1764218700,25255.7,25262.3,25250.7,25261.8
1764219600,25261.9,25271,25259.2,25270.4
1764220500,25270.3,25273.3,25265.3,25266.8
1764221400,25266.9,25273.4,25265.5,25268.2
1764222300,25268,25270.7,25255.7,25258.8
1764223200,25259.2,25264.3,25251.2,25253.4
1764224100,25253.3,25257.8,25242.9,25253.9
1764225000,25253.7,25256.2,25244.9,25249.2
1764225900,25249.3,25251.5,25233.7,25237.5
1764226800,25238,25249,25235.5,25247.5
1764227700,25247.7,25254.8,25243.4,25249.5
1764228600,25249.7,25252.2,25231.2,25246.9
1764229500,25246.8,25262.5,25245.8,25259.2
1764230400,25259.4,25259.4,25228,25244.9
1764231300,25244.8,25262.4,25243.9,25254.5
1764232200,25254.4,25265.4,25247,25251.9
1764233100,25251.4,25254.2,25235.4,25236
1764234000,25235.5,25246.2,25231.7,25238.5
1764234900,25238.4,25251.4,25232.8,25250.4
1764235800,25250.5,25263.2,25248.4,25256.3
1764236700,25256.2,25258.2,25237.7,25238.3
1764237600,25238.2,25250.7,25235.5,25240.9
1764238500,25240.8,25245.5,25235.4,25241.4
1764239400,25241.3,25248.9,25235.7,25246.4
1764240300,25246.5,25255.9,25244.4,25254.4
1764241200,25252.4,25257.9,25242.9,25250.2
1764242100,25250.3,25252.4,25242,25247.8
1764243000,25247.7,25260.9,25243.5,25255.7
1764243900,25257.7,25259.2,25240.5,25243.2
1764244800,25242.7,25252,25238.2,25247.2
1764245700,25247.3,25247.9,25239,25241.7
1764246600,25241.5,25244.4,25228.9,25234.7
1764247500,25234.8,25240.3,25228.9,25232.9
1764248400,25231.9,25241.7,25226.2,25231.3
1764249300,25230.7,25238.5,25225,25233.7
1764250200,25233.5,25250.9,25233.2,25245.9
1764251100,25247.9,25247.9,25235.3,25235.3
1764252000,25235.2,25240.8,25226,25232
1764252900,25232.2,25244.9,25232.2,25239
1764253800,25238.8,25254,25223,25234.8
1764254700,25234.7,25236.8,25224.9,25231.9
1764255600,25232,25243.8,25229,25239.5
1764256500,25240.3,25244.7,25237,25240.3
1764257400,25240.7,25242.2,25227.3,25236.5
1764258300,25236.7,25239.9,25234.7,25238.8
1764259200,25238.7,25239.2,25223.4,25233.7
1764260100,25234.5,25242.2,25230.2,25238.5
1764261000,25238.4,25240,25233.2,25236.4
1764261900,25236.3,25237.7,25227.5,25234.3
1764262800,25235.3,25237.7,25231.8,25233.5
1764263700,25233.7,25236.4,25232.4,25233.7
1764264600,25233.8,25240,25232.5,25239.3
1764265500,25239.4,25240.5,25235.9,25239.2
1764266400,25236.8,25241.2,25236.3,25239.8
1764267300,25239.9,25241.9,25235.8,25235.8
1764268200,25238.1,25239.9,25237.8,25239.7
1764269100,25240.9,25244.1,25239.9,25239.9
1764270000,25240,25240.2,25240,25240.1
1764270900,25240.2,25240.2,25239.6,25239.6
1764271800,25239.7,25239.7,25239.5,25239.5
1764272700,25239.6,25240,25239.6,25240
1764273600,25240.1,25244.1,25239.9,25240.4
1764274500,25240.5,25240.7,25240.5,25240.7
1764275400,25240.6,25244.7,25240.6,25244.4
1764276300,25244.5,25256.7,25244.2,25256.7
1764284400,25241.7,25268.9,25238.5,25257.5
1764285300,25257.6,25264.5,25245.8,25263.6
1764286200,25263.5,25263.8,25253.1,25259.8
1764287100,25259.6,25273.5,25258.7,25269.4
1764288000,25269.5,25289.9,25264.1,25288
1764288900,25288.1,25292.4,25277.9,25279.3
1764289800,25279.4,25286.3,25274.1,25278.6
1764290700,25277,25285.5,25270.4,25280.6
1764291600,25280.8,25300.6,25274.8,25295
1764292500,25295.4,25307.8,25292.1,25296.9
1764293400,25297.3,25297.3,25275,25278.4
1764294300,25278.5,25289.5,25278.5,25281.5
1764296100,25282.6,25287.5,25280,25285.6
1764297000,25285.8,25290.5,25283,25288.4
1764297900,25287.6,25289,25287,25289
1764298800,25288.6,25289,25287,25288
1764299700,25287.8,25287.8,25285.2,25286
1764311400,25284.5,25284.5,25283.7,25284.5
1764325800,25334.2,25334.2,25328.7,25329.8
1764326700,25329.3,25331.2,25327.9,25330.1
1764327600,25330,25335.3,25329.7,25333.6
1764328500,25333.5,25336,25325,25327.9
1764329400,25328,25330.4,25324.7,25325.9
1764330300,25326,25327.1,25322.7,25325.4
1764331200,25325.2,25339.6,25318,25339.6
1764332100,25340.6,25355.9,25340.6,25352.8
1764333000,25352.6,25354.2,25339.3,25339.8
1764333900,25340,25347.3,25332.6,25346.2
1764334800,25346.4,25347.3,25336.2,25336.8
1764335700,25336.7,25336.9,25315.8,25317.6
1764336600,25317.5,25337.3,25302.3,25324
1764337500,25323.9,25333.2,25312.1,25312.6
1764338400,25312.2,25327.6,25308.5,25313.4
1764339300,25313.5,25319.6,25288.3,25298.1
1764340200,25297.6,25362.4,25272.1,25298.3
1764341100,25299.1,25339.6,25284.2,25310.1
1764342000,25309.6,25332.1,25293.3,25326.5
1764342900,25328.1,25347.7,25304.3,25314.3
1764343800,25315.1,25340.9,25305.3,25335
1764344700,25335.2,25366.9,25325.1,25354.2
1764345600,25354,25381.7,25343.9,25375
1764346500,25374.8,25381.9,25313.4,25334.4
1764347400,25334.6,25365.4,25319.4,25349.4
1764348300,25349.5,25378.5,25344.4,25371.3
1764349200,25369.1,25383.8,25348,25374.1
1764350100,25374.6,25379.6,25358.1,25365.1
1764351000,25364.3,25368.9,25339.5,25340.2
1764351900,25339.2,25433.2,25338.5,25429.4
1764352800,25431.6,25444.9,25414.2,25429.6
1764353700,25424.2,25427,25421.6,25421.9
1764354600,25422,25428,25417.9,25422
1764355500,25421.8,25421.8,25417.3,25417.3
1764356400,25417.1,25421.8,25413.8,25414.9
1764357300,25414.8,25414.8,25413.3,25414.1
1764358200,25414.2,25419.2,25413.8,25419.2
1764359100,25419.3,25428.2,25419.2,25420.5
1764360000,25420.4,25420.4,25419.7,25419.7
1764360900,25419.5,25423.7,25418.6,25418.6
1764361800,25418.5,25423.1,25410.9,25415.1
1764362700,25415,25418.9,25402.9,25407.3
1764363600,25407.2,25407.3,25407.2,25407.3
1764543600,25453.5,25473.4,25415.7,25449.3
1764544500,25449.6,25471.7,25438.8,25445.8
1764545400,25445.4,25447.8,25390.1,25390.1
1764546300,25390.2,25425.2,25389.6,25413.1
1764547200,25414.3,25417.3,25347.8,25362.7
1764548100,25361.4,25373.1,25303.8,25338
1764549000,25337.9,25342.2,25282.1,25292.5
1764549900,25292.1,25293.1,25253.6,25267.1
1764550800,25266.7,25276.4,25212.8,25245.9
1764551700,25246.7,25274.9,25240.4,25255.1
1764552600,25255.5,25280.6,25242.9,25278.8
1764553500,25279.2,25290.6,25261.2,25265.6
1764554400,25265.4,25274.9,25248.4,25251.8
1764555300,25251.4,25258.6,25227.3,25243.4
1764556200,25243,25259.3,25225.2,25230.7
1764557100,25231.1,25244.2,25213.9,25230.3
1764558000,25228.9,25230.7,25193.1,25197.4
1764558900,25197.3,25210.8,25187.2,25203.7
1764559800,25204.1,25205.3,25184.6,25199.8
1764560700,25199.7,25217.4,25197.8,25207.3
1764561600,25207,25213.1,25194.9,25197.2
1764562500,25196.8,25205.8,25189.2,25195.5
1764563400,25195.9,25209.2,25188.4,25199.1
1764564300,25198.7,25200.7,25173.2,25178.3
1764565200,25178.9,25182.7,25152.4,25167.4
1764566100,25167.3,25171.3,25150.4,25153.4
1764567000,25153.6,25167.3,25139.8,25165.3
1764567900,25164.9,25204.4,25164.7,25199.9
1764568800,25198.8,25206.4,25179.2,25195.9
1764569700,25196.3,25215.7,25192.7,25207.1
1764570600,25208.3,25217.3,25193.9,25214.7
1764571500,25214.6,25218.2,25204.2,25214.1
1764572400,25215.7,25222.7,25194.4,25199.1
1764573300,25199.2,25232.2,25184.3,25222.1
1764574200,25222,25230.1,25208.8,25216.8
1764575100,25216.9,25231.4,25213.4,25226.5
1764576000,25224.9,25261.7,25214.7,25258.3
1764576900,25257.9,25290.4,25256.3,25278.9
1764577800,25278.5,25282.2,25259.8,25277.6
1764578700,25277.8,25279.9,25252.4,25254.4
1764579600,25253.7,25287.7,25244.7,25269.7
1764580500,25270.1,25281.1,25248.3,25264.4
1764581400,25264.6,25266.8,25229.6,25238.7
1764582300,25238.3,25247.8,25218.9,25229.1
1764583200,25229.2,25266.6,25227.8,25260.4
1764584100,25260.6,25271.9,25249.4,25258.6
1764585000,25258.4,25274.8,25250.8,25274.1
1764585900,25274.2,25281.1,25253.4,25260.9
1764586800,25260.3,25263.7,25233.4,25261.9
1764587700,25261.8,25265.1,25240.7,25246.6
1764588600,25247,25254.1,25225.9,25230.4
1764589500,25228.8,25252.6,25228.2,25243.3
1764590400,25245.3,25254.9,25192.9,25213.4
1764591300,25212.8,25219.4,25190.6,25202.9
1764592200,25203.2,25203.2,25176.9,25182.9
1764593100,25182.7,25189.8,25157.1,25173.4
1764594000,25174.2,25203.7,25160.7,25197.9
1764594900,25197.4,25209.3,25184.2,25192.3
1764595800,25192.2,25210.1,25180.9,25202.4
1764596700,25202.5,25218.3,25185.2,25212.1
1764597600,25211.9,25246.8,25203.4,25242.8
1764598500,25242.4,25247.3,25192.7,25200.6
1764599400,25201.4,25266.7,25156.8,25193.4
1764600300,25194.2,25328.2,25184.3,25310.4
1764601200,25310.1,25338.8,25280.1,25303.6
1764602100,25303.8,25323.5,25261,25273.3
1764603000,25273.1,25308.4,25217.4,25283
1764603900,25282.2,25370.3,25270,25362.7
1764604800,25362.9,25368.8,25291.9,25297.8
1764605700,25296.8,25339.9,25271.1,25330.8
1764606600,25329.9,25382.8,25329.1,25371.6
1764607500,25371.4,25398.4,25368.9,25382.1
1764608400,25383.1,25414.2,25381.2,25391.1
1764609300,25390.9,25409.1,25363.4,25400.8
1764610200,25401.3,25429.9,25390.2,25429.9
1764611100,25429.7,25443.8,25397.3,25398.2
1764612000,25397.7,25430.8,25394.2,25422.6
1764612900,25422.9,25427.4,25402.5,25410.2
1764613800,25410.6,25424,25407.8,25417
1764614700,25417.3,25440,25411.3,25433.6
1764615600,25432.5,25434.4,25380,25396.8
1764616500,25396.6,25396.6,25338.7,25344.3
1764617400,25344.5,25362.8,25304.7,25329.7
1764618300,25329.9,25343.9,25316.7,25323.4
1764619200,25322.9,25362.1,25314.9,25358.6
1764620100,25357.3,25360,25332.7,25349.1
1764621000,25348.5,25368.2,25334.1,25365.5
1764621900,25366.3,25369.2,25313.8,25350
1764622800,25349.2,25358.1,25332.1,25338.2
1764623700,25337.2,25352.8,25335.6,25346.2
1764624600,25345.8,25350.8,25339.6,25347.7
1764625500,25349.3,25355.1,25346.1,25347
1764626400,25347.9,25350.7,25345.1,25350.1
1764627300,25349.7,25354.5,25349.5,25351.1
1764628200,25351.2,25353,25350.2,25352.4
1764629100,25352.2,25360,25352.1,25356.7
1764630000,25358.3,25373.8,25329.1,25336.8
1764630900,25337.1,25371.3,25336.2,25364.7
1764631800,25364.8,25376.8,25357.9,25361.1
1764632700,25361.3,25367.4,25345.4,25350.6
1764633600,25349,25361.3,25334.2,25355.1
1764634500,25354.8,25359.9,25345.2,25352.6
1764635400,25352.3,25368.3,25351.6,25360.4
1764636300,25360.9,25363.2,25354.2,25358.4
1764637200,25358.6,25394.9,25351.3,25385
1764638100,25385.1,25396.2,25380.7,25387.2
1764639000,25387.3,25388.9,25366.6,25367.1
1764639900,25367.2,25374.7,25363.3,25365.2
1764640800,25364.4,25365.4,25337.3,25347.3
1764641700,25347.4,25358.6,25346.2,25353.3
1764642600,25352.7,25371.4,25345.2,25370.5
1764643500,25370.4,25382.2,25368.1,25375.5
1764644400,25373.9,25377.7,25358.5,25359.9
1764645300,25360.1,25360.1,25316.2,25323.2
1764646200,25323.1,25333.4,25298.8,25331.2
1764647100,25330.9,25358.4,25321.1,25340.8
1764648000,25341,25349.9,25337.6,25344.4
1764648900,25344.6,25347.3,25334.9,25339.8
1764649800,25340.2,25347.1,25335.4,25338.8
1764650700,25338.7,25344.1,25316.8,25323.7
1764651600,25324.7,25335.3,25318.2,25318.7
1764652500,25318.6,25331.6,25310.4,25321.7
1764653400,25321.8,25328.1,25313.2,25314.8
1764654300,25314.7,25328.8,25313.9,25323.1
1764655200,25324.7,25324.7,25294.1,25300.8
1764656100,25300.7,25305.6,25285.6,25289.2
1764657000,25290.8,25312.9,25289.2,25311.4
1764657900,25310.8,25338.2,25307.2,25319.2
1764658800,25320.8,25336.7,25319.5,25329.4
1764659700,25329.6,25337.1,25322.7,25333.6
1764660600,25333.7,25337.6,25302.2,25314.1
1764661500,25314.2,25317.8,25305.3,25309.3
1764662400,25308.3,25311.7,25276.3,25305.9
1764663300,25304.3,25315.7,25298.1,25310.3
1764664200,25308.7,25336.4,25306.3,25336.3
1764665100,25336.4,25377.7,25334.4,25371.1
1764666000,25370.8,25394.9,25369.3,25385.2
1764666900,25385.7,25402.7,25378.8,25395.6
1764667800,25395.7,25396.2,25375.1,25382.7
1764668700,25382.6,25402.3,25375,25393.7
1764669600,25393.3,25410.4,25389.8,25397.8
1764670500,25397.7,25407.9,25386.6,25404.7
1764671400,25404.5,25426.2,25402.8,25424.2
1764672300,25424.3,25451.3,25424.2,25439.8
1764673200,25439.6,25448.9,25428.3,25442.8
1764674100,25443.4,25454.4,25434.9,25452.9
1764675000,25453.4,25460.3,25433.4,25441.2
1764675900,25441.3,25447.8,25428.9,25431.6
1764676800,25433.2,25446.9,25413.2,25425.3
1764677700,25426.7,25442.7,25420.7,25436.9
1764678600,25437.3,25439.2,25408.4,25415.7
1764679500,25415.6,25451.8,25412.4,25450.4
1764680400,25450.5,25452.7,25436.1,25448.8
1764681300,25448.7,25456.8,25436.8,25447.8
1764682200,25448.2,25466.2,25433.4,25457.1
1764683100,25457.5,25458.6,25431.1,25457.9
1764684000,25458.3,25474.3,25452.6,25460.4
1764684900,25460.9,25466.8,25435.7,25443.4
1764685800,25443.2,25563.8,25422.3,25545.1
1764686700,25547.3,25561.7,25514.2,25549.7
1764687600,25548.5,25604.9,25546,25582.7
1764688500,25581.9,25595.3,25516.2,25522.2
1764689400,25522.9,25577.5,25481.1,25573.6
1764690300,25572.8,25621.1,25566.3,25599.4
1764691200,25598.1,25612.8,25474.7,25492.8
1764692100,25491.1,25503.3,25397.8,25411.6
1764693000,25410.9,25476.5,25367.2,25441.3
1764693900,25439.5,25485.7,25431,25460.7
1764694800,25461,25506.8,25457.4,25501.1
1764695700,25501.3,25565.9,25497.5,25556.9
1764696600,25556.2,25574.3,25535.5,25548.5
1764697500,25549.7,25558.7,25457.7,25457.7
1764698400,25459.5,25530.3,25450.4,25502.1
1764699300,25502.9,25538.1,25491.5,25515.3
1764700200,25515.6,25527.9,25481.9,25509.4
1764701100,25510.2,25539.9,25497.1,25529.2
1764702000,25527.9,25560.8,25515.3,25554.2
1764702900,25553.8,25561.3,25514.7,25536.2
1764703800,25535.8,25562.2,25529.5,25538.6
1764704700,25539.4,25593.9,25533.2,25584.9
1764705600,25583,25588.5,25564.5,25578.7
1764706500,25578.9,25589.8,25571.1,25584.6
1764707400,25584.8,25598.2,25557.6,25572.8
1764708300,25573.5,25588,25542.4,25550.9
1764709200,25549.4,25556.2,25538.7,25545.7
1764710100,25546.2,25550.2,25536.7,25549
1764711000,25547.4,25550.2,25538.5,25540.2
1764711900,25538.7,25556.7,25537.3,25552.6
1764712800,25552.4,25556.5,25549.6,25555.3
1764713700,25554.8,25561,25553.9,25561
1764714600,25560.8,25564.1,25560.8,25562.4
1764715500,25562.9,25564,25561.9,25562.6
1764716400,25562.5,25581.5,25562.5,25567.8
1764717300,25566.8,25585.4,25562.8,25581.3
1764718200,25581.4,25582.3,25570.2,25574.7
1764719100,25574.8,25583.8,25570,25575.1
1764720000,25576.7,25589.8,25575.8,25577.9
1764720900,25578.4,25582.4,25527.3,25534.2
1764721800,25534,25559,25529,25557.2
1764722700,25558.2,25589.9,25557.2,25577.7
1764723600,25579.5,25593.8,25575.5,25589.3
1764724500,25589.2,25595,25579.4,25587
1764725400,25586.9,25601.9,25586,25595.2
1764726300,25595.3,25597.4,25586.5,25590.9
1764727200,25591.1,25608.7,25588.3,25605.4
1764728100,25605.8,25625.5,25601.8,25619
1764729000,25618.9,25618.9,25597.7,25603.2
1764729900,25603,25610.7,25597.5,25607.8
1764730800,25607.9,25608.5,25593.8,25601.8
1764731700,25601.9,25616.7,25601.5,25615.3
1764732600,25615.4,25627.7,25615.3,25625.8
1764733500,25625.7,25626.5,25615.7,25620.4
1764734400,25620.8,25625.8,25615.2,25621
1764735300,25621.2,25624.5,25615.9,25616.8
1764736200,25616.7,25619.2,25612.4,25616
1764737100,25615.9,25617.3,25608.3,25610.9
1764738000,25611.1,25626.5,25609.8,25623.7
1764738900,25623.8,25627.5,25618.2,25623
1764739800,25623.2,25625.3,25609.2,25612.7
1764740700,25612.6,25617.7,25606.7,25611.4
1764741600,25611.6,25617.5,25605.8,25610.2
1764742500,25609.9,25615.2,25602.4,25603.1
1764743400,25602.4,25611.8,25590.4,25606
1764744300,25605.9,25616.8,25602.3,25608.3
1764745200,25608.7,25619.9,25605.3,25619.9
1764746100,25620.8,25629.5,25614.8,25622.2
1764747000,25622,25624.7,25600.2,25602.7
1764747900,25602.3,25612.3,25595.9,25604.8
1764748800,25603.6,25617.4,25598.5,25604.2
1764749700,25604.9,25605.9,25564.5,25572.9
1764750600,25572.8,25597.5,25565.4,25593.9
1764751500,25593.5,25619.5,25591.5,25612.7
1764752400,25611.5,25613.9,25573,25584.4
1764753300,25584.5,25585.4,25567.7,25572.7
1764754200,25571.1,25591.8,25564.8,25577.9
1764755100,25577.7,25593.2,25574.8,25590
1764756000,25589.9,25602,25585.9,25591.8
1764756900,25592.2,25599.4,25588.4,25596.3
1764757800,25596.4,25597.8,25572.3,25580.5
1764758700,25580.4,25581.7,25556.8,25575.4
1764759600,25575,25581,25561.3,25576.5
1764760500,25574.9,25592.9,25571.8,25590.2
1764761400,25590.1,25594.2,25583.2,25587.5
1764762300,25587.7,25597.2,25584,25586.6
1764763200,25585,25600.9,25566.2,25599
1764764100,25598.9,25606.8,25588.9,25599.8
1764765000,25599.7,25614.4,25596.5,25609.5
1764765900,25609.4,25616,25605.2,25606.2
1764766800,25607.8,25627.8,25605.4,25626.7
1764767700,25627.7,25629.7,25591.5,25612.9
1764768600,25612.8,25620.3,25602,25607
1764769500,25607.2,25620.2,25597.7,25601.5
1764770400,25600.9,25605.7,25372.2,25383.7
1764771300,25384.2,25452,25374.8,25446.4
1764772200,25447.2,25490.2,25405.7,25427.9
1764773100,25427.1,25455.9,25383.2,25449.8
1764774000,25452.3,25528.6,25443.3,25469.7
1764774900,25470.5,25517.4,25454.7,25482.9
1764775800,25484.3,25557.7,25456.7,25551.5
1764776700,25552.5,25561.7,25506.3,25518.5
1764777600,25518.4,25554.9,25476.3,25494.4
1764778500,25494.3,25539.9,25488,25519.7
1764779400,25520.6,25575.8,25514.8,25566.2
1764780300,25569.7,25570.2,25485.2,25514.2
1764781200,25514.5,25555.6,25509.3,25552.2
1764782100,25552.5,25585.1,25539.3,25573.8
1764783000,25572.7,25581.1,25552,25573.5
1764783900,25574.3,25591.2,25560.7,25580
1764784800,25580.7,25593.5,25572.2,25587.5
1764785700,25586.7,25589.7,25562.1,25580.6
1764786600,25580.2,25607.7,25580.2,25605.5
1764787500,25606.3,25608.2,25576.5,25582.6
1764788400,25583.5,25606.4,25580.5,25603.4
1764789300,25603.6,25612.2,25593.2,25604.5
1764790200,25603.2,25613.9,25594.7,25612.3
1764791100,25613.1,25627.6,25604.1,25625.4
1764792000,25623.5,25635.8,25612.2,25632.1
1764792900,25631.3,25639.8,25622.7,25637.2
1764793800,25636.4,25636.4,25620.6,25630.1
1764794700,25629.1,25636.9,25594.4,25611.3
1764795600,25610.6,25614.9,25594.4,25599.9
1764796500,25597.4,25607.2,25592.7,25593.2
1764797400,25592.9,25603,25589.7,25593.5
1764798300,25593,25601.3,25587.2,25597.5
1764799200,25595.7,25597.5,25593.7,25597.3
1764800100,25597.2,25600.3,25595.4,25597.3
1764801000,25597.2,25598.7,25593.7,25593.7
1764801900,25593,25596.2,25591.3,25595.3
1764802800,25594.7,25613.9,25588.5,25600.5
1764803700,25602.1,25612.7,25600.5,25606.7
1764804600,25605.1,25613.1,25603.9,25606.7
1764805500,25606.9,25609.7,25596.1,25601.8
1764806400,25601.6,25620.6,25596,25611.7
1764807300,25612.5,25619.2,25606.4,25609.9
1764808200,25610,25616,25607.5,25608.6
1764809100,25608.5,25610.7,25576.5,25588.6
1764810000,25588.2,25617.9,25582.4,25609.1
1764810900,25609.2,25615.5,25603.4,25614
1764811800,25612.4,25613.4,25597,25604.8
1764812700,25604.7,25607,25587.4,25594.7
1764813600,25596.3,25604.6,25577.3,25581.4
1764814500,25579.8,25596.1,25574.2,25591.8
1764815400,25591,25597.4,25588.6,25594.1
1764816300,25594.2,25611,25590,25604.1
1764817200,25604.5,25604.7,25589.7,25595.9
1764818100,25596,25598.1,25580.3,25583.4
1764819000,25583.3,25585.5,25568.1,25579.6
1764819900,25579.5,25588.6,25575.8,25584.6
1764820800,25584.5,25589.7,25579.2,25586.8
1764821700,25586.9,25590.1,25573.1,25581.5
1764822600,25583.1,25596,25579.2,25593
1764823500,25593.4,25598.2,25588.1,25593.4
1764824400,25593.2,25603.4,25588.3,25600.1
1764825300,25600,25605.1,25583.7,25588
1764826200,25587.6,25595.5,25582.7,25589.8
1764827100,25589.6,25596,25587.9,25593.5
1764828000,25593.4,25610.2,25593.2,25600.5
1764828900,25600.4,25609.9,25593.2,25609.3
1764829800,25607.7,25614.3,25604,25608.4
1764830700,25608.7,25617.5,25606.4,25608.5
1764831600,25609,25625.4,25605,25609
1764832500,25609.1,25625,25605.1,25620.5
1764833400,25620.6,25620.6,25608.5,25611.5
1764834300,25611.4,25620.7,25606.1,25610.2
1764835200,25610.1,25612.6,25580,25589.1
1764836100,25589.2,25599.9,25557.4,25572.5
1764837000,25572.6,25601.1,25565.6,25592.7
1764837900,25592.9,25604.7,25581.7,25588
1764838800,25589.6,25607.1,25583.3,25590.7
1764839700,25589.1,25601.7,25565.4,25599.4
1764840600,25601,25647.9,25598.9,25637.7
1764841500,25637.6,25645.6,25627,25638.3
1764842400,25638.5,25646.7,25628.6,25631
1764843300,25630.7,25636.9,25624.5,25634.7
1764844200,25634.3,25634.6,25608,25609.5
1764845100,25609.6,25616.2,25594.6,25597.7
1764846000,25597.9,25609,25586.5,25593.5
1764846900,25593.3,25597.5,25580.5,25593.2
1764847800,25593.1,25609.6,25587,25596.5
1764848700,25596.9,25612.6,25592.4,25609.5
1764849600,25611.1,25623.1,25607.5,25620.4
1764850500,25620.2,25625.2,25611.6,25617
1764851400,25617.1,25625.5,25609.1,25624.2
1764852300,25624.6,25629.6,25611.1,25612.5
1764853200,25612.4,25616.4,25591.2,25595.5
1764854100,25595.1,25612.6,25590,25609.9
1764855000,25616.4,25621.7,25582,25596.5
1764855900,25597.4,25599,25572.7,25585.9
1764856800,25586.1,25687.7,25585.7,25678.4
1764857700,25680,25682.5,25644.9,25666.6
1764858600,25665.8,25665.8,25506.8,25546.2
1764859500,25542.6,25562.8,25497.4,25512.4
1764860400,25511.7,25548.5,25503,25523.6
1764861300,25523.8,25554.3,25477.9,25547.8
1764862200,25547,25594.2,25537.2,25585.5
1764863100,25585.6,25591.7,25521.6,25526.1
1764864000,25527,25540.6,25465.1,25507.8
1764864900,25507.4,25553.9,25495.4,25538.6
1764865800,25538.9,25556.6,25522.3,25527.2
1764866700,25527.3,25606.2,25526.2,25598.4
1764867600,25598.6,25604.8,25555.4,25586.1
1764868500,25586.3,25589.9,25552.7,25555.8
1764869400,25556.4,25580.4,25541.8,25568.6
1764870300,25568.7,25578.5,25554.2,25574.2
1764871200,25573.2,25576,25529.5,25558.2
1764872100,25558.8,25582.7,25553.7,25578.1
1764873000,25577.8,25588.4,25551.5,25555.9
1764873900,25556.7,25567.9,25549.1,25560.4
1764874800,25560.7,25568.2,25539.2,25548.7
1764875700,25547.4,25548,25445.2,25489.5
1764876600,25489.2,25567,25481.5,25547
1764877500,25548.1,25563.3,25535.2,25544.5
1764878400,25543.9,25548.5,25506.7,25542.2
1764879300,25542.4,25542.9,25516.5,25518.7
1764880200,25518.1,25537.1,25514.9,25524.8
1764881100,25524,25586.6,25517.8,25582.4
1764882000,25579.4,25586.1,25566.9,25583.4
1764882900,25583.6,25588.6,25581.1,25584.6
1764883800,25583.1,25584.9,25576.4,25579.7
1764884700,25579.2,25582.9,25575.4,25581.4
1764885600,25581.3,25582,25575.9,25576.6
1764886500,25576.7,25586.8,25576.6,25586.2
1764887400,25585.9,25585.9,25583.2,25583.6
1764888300,25583.5,25584.7,25582.4,25584.1
1764889200,25588.2,25605.9,25585.4,25590.9
1764890100,25591.1,25594.6,25586.2,25589.7
1764891000,25589.8,25593.6,25570.6,25576.3
1764891900,25576.6,25584.9,25566.2,25580.2
1764892800,25579.1,25587.1,25569.3,25576.2
1764893700,25576.4,25603.6,25574.8,25596.7
1764894600,25596.8,25615.3,25592.1,25605.7
1764895500,25605.8,25613.7,25599.8,25613.7
1764896400,25614.2,25629.1,25610.8,25621
1764897300,25622.1,25630.9,25617.3,25624.7
1764898200,25624.4,25640.4,25622.2,25633.3
1764899100,25633.7,25641.8,25631.8,25639.2
1764900000,25638.9,25649.7,25636.9,25649.5
1764900900,25649.8,25671.2,25646.3,25670.4
1764901800,25670.3,25670.7,25651.7,25653.8
1764902700,25653.7,25656.2,25640.9,25648.4
1764903600,25648.7,25654.1,25641.7,25644.6
1764904500,25646.2,25658.2,25644.3,25650.8
1764905400,25651.3,25655.4,25641.4,25651.8
1764906300,25651.7,25665.6,25648.4,25659.9
1764907200,25658.3,25676.2,25654.9,25670.1
1764908100,25671.7,25673.3,25656.3,25663.8
1764909000,25663.4,25671.4,25660.7,25662.3
1764909900,25661.5,25673.7,25657.1,25669.8
1764910800,25669.7,25680.2,25668.9,25673.1
1764911700,25673.2,25677.9,25669.7,25671.8
1764912600,25671.9,25679.2,25665.1,25678.5
1764913500,25678.4,25683.2,25674.3,25681
1764914400,25680.8,25687.8,25678.4,25683.2
1764915300,25683.3,25687.7,25675.9,25677.4
1764916200,25677.9,25682.9,25661.1,25676.3
1764917100,25674.7,25679.1,25666.4,25669.9
1764918000,25669.8,25688.3,25663.9,25673.4
1764918900,25673.3,25685.8,25667.6,25683.7
1764919800,25683.4,25687.7,25673.1,25676.2
1764920700,25675.8,25687.4,25673.8,25682.6
1764921600,25683.5,25703.7,25678.9,25691.7
1764922500,25691.3,25714.3,25687.9,25695.1
1764923400,25694.7,25707.2,25692.9,25703.6
1764924300,25703.5,25705.7,25681.4,25683.8
1764925200,25682.2,25693.6,25669.6,25674.8
1764926100,25675.1,25687.8,25670.7,25685.4
1764927000,25685.3,25687.2,25664.1,25670.2
1764927900,25669.8,25679.2,25669.2,25677.3
1764928800,25677.2,25691.1,25669.7,25681.5
1764929700,25681.7,25686.7,25676.6,25683.2
1764930600,25683.4,25690.6,25678.1,25688.9
1764931500,25688.8,25689.3,25671.2,25673.8
1764932400,25674.2,25683.7,25662.2,25677.9
1764933300,25678.1,25686.3,25668.4,25681.9
1764934200,25682.1,25683.4,25672.9,25677.3
1764935100,25675.7,25680.8,25674.7,25678.2
1764936000,25676.6,25691.1,25670.6,25672.7
1764936900,25672.8,25676.1,25646.6,25669.8
1764937800,25669.7,25676.4,25662.2,25664.2
1764938700,25662.2,25666.5,25651.8,25662
1764939600,25660.4,25669.1,25658.6,25663.7
1764940500,25663.9,25664.2,25635.2,25646.5
1764941400,25644.9,25648.2,25564.2,25573.8
1764942300,25573.4,25584.7,25538.4,25573.4
1764943200,25572.9,25611.8,25569.6,25610.8
1764944100,25611.3,25643.4,25601.4,25639.6
1764945000,25639.4,25735.8,25633.3,25668
1764945900,25668.2,25761.5,25667.3,25749
1764946800,25749.5,25820.6,25727.2,25818.7
1764947700,25819.4,25827.6,25786.6,25796.1
1764948600,25795.8,25820.2,25767.6,25779.2
1764949500,25777.6,25791.6,25676.1,25701.7
1764950400,25704.2,25725.2,25665.9,25665.9
1764951300,25659.1,25699.7,25642.3,25656.3
1764952200,25656.5,25663.9,25609.9,25649.1
1764953100,25649.5,25719.9,25637.9,25688.3
1764954000,25689.8,25698.6,25653.2,25658
1764954900,25657.5,25671.5,25649.5,25655.2
1764955800,25655.3,25660.5,25626.8,25655.2
1764956700,25655.1,25700.9,25647.9,25690.7
1764957600,25690.1,25699.4,25678.6,25685.4
1764958500,25685.9,25707.9,25660.8,25705.2
1764959400,25705.7,25719.3,25684,25695.8
1764960300,25696,25701.5,25682,25688.5
1764961200,25687.4,25701.3,25674.6,25699.4
1764962100,25699.3,25701.8,25668.6,25684
1764963000,25683.9,25690.8,25667.8,25673.8
1764963900,25673.7,25704.5,25664.5,25698.5
1764964800,25697.3,25700,25672.5,25685
1764965700,25685.1,25700,25676,25686
1764966600,25685.3,25687.6,25668.1,25682.6
1764967500,25681.8,25700,25638,25685.5
1764968400,25683.6,25701.1,25680.8,25691.1
1764969300,25690.8,25695.6,25687.1,25689.6
1764970200,25690.3,25697.3,25687.6,25693.3
1764971100,25693.6,25697.3,25689.8,25691.2
1765148400,25716.9,25729.1,25680,25690.7
1765149300,25689.1,25716.4,25685.9,25706.8
1765150200,25706.6,25718.2,25700.6,25709.1
1765151100,25708.9,25715.1,25703.4,25708
1765152000,25709,25709,25661,25673.7
1765152900,25673.6,25697.5,25671.1,25692
1765153800,25692.1,25701.7,25686.2,25697.1
1765154700,25697,25712.4,25693.7,25706.6
1765155600,25706.7,25726.5,25703.4,25707.4
1765156500,25707.2,25716.7,25703.7,25710.1
1765157400,25710,25731.2,25709.2,25723.5
1765158300,25723.4,25731.6,25722.6,25728.5
1765159200,25728.4,25734.4,25722.5,25731.4
1765160100,25731.2,25743.6,25729.5,25738.5
1765161000,25738.2,25745.2,25729.7,25737.2
1765161900,25735.2,25744.9,25731,25744.5
1765162800,25744.6,25748.7,25737.2,25746.2
1765163700,25746.1,25753.1,25742.7,25746.2
1765164600,25746.1,25756.4,25743.6,25747
1765165500,25747.1,25753,25741.2,25749.5
1765166400,25749.6,25759.2,25747.4,25759
1765167300,25758.9,25761,25754.4,25756.2
1765168200,25756.4,25762.6,25754.1,25759.7
1765169100,25759.9,25764.4,25755,25760.3
1765170000,25760.5,25761.2,25752.8,25758.9
1765170900,25758.7,25765.9,25757.1,25763
1765171800,25762.9,25766.1,25758.2,25763
1765172700,25762.9,25765.6,25751.1,25754.5
1765173600,25754.4,25769.1,25745.9,25767.3
1765174500,25767.4,25772.9,25764.7,25767
1765175400,25766.9,25772.9,25757.1,25760.9
1765176300,25760.5,25766.1,25748.9,25750.4
1765177200,25749.7,25757.5,25738.1,25754.5
1765178100,25754.6,25777.5,25752.9,25774
1765179000,25773.9,25783,25764.9,25778.5
1765179900,25778.1,25778.5,25760.2,25767
1765180800,25767.1,25768.1,25748.7,25751.9
1765181700,25752,25765.7,25741.9,25747.1
1765182600,25747.5,25754.9,25736.7,25744.2
1765183500,25744.4,25744.7,25728.7,25736.2
1765184400,25736.7,25752.9,25732.5,25751.7
1765185300,25751.5,25758.6,25738.2,25754.8
1765186200,25754.6,25758.6,25738.7,25743.2
1765187100,25743,25745.9,25729.2,25734.1
1765188000,25734.6,25742.7,25722.5,25736.9
1765188900,25737,25752.2,25727.5,25751.5
1765189800,25749.9,25760.1,25745,25752.5
1765190700,25752.6,25759.9,25748.2,25755.7
1765191600,25756,25757.1,25740,25754
1765192500,25753.4,25758.7,25733.2,25736
1765193400,25735.7,25744.1,25732.2,25743
1765194300,25742.9,25747.1,25733.7,25735.5
1765195200,25733.7,25748.4,25726.7,25742.2
1765196100,25741.7,25752.7,25740.5,25747.6
1765197000,25746.9,25763.7,25745.2,25762.7
1765197900,25762.6,25772.9,25757.2,25763.6
1765198800,25764.2,25776.7,25760,25775.1
1765199700,25773.1,25794.9,25759,25770.5
1765200600,25770.6,25771.5,25744.9,25765.6
1765201500,25765.5,25776.5,25758.2,25770.4
1765202400,25772.4,25785.5,25766.9,25779
1765203300,25778.9,25781.4,25742.6,25754.1
1765204200,25747.9,25822.4,25733,25766.5
1765205100,25766.9,25769.1,25685,25706.9
1765206000,25708.1,25742.7,25694,25703.6
1765206900,25704.6,25712.6,25620.2,25664.3
1765207800,25666.2,25688.7,25648.7,25652.4
1765208700,25652.3,25667.4,25614.1,25626.7
1765209600,25625.6,25630.6,25591.8,25603.1
1765210500,25602.1,25634.2,25592.5,25624.9
1765211400,25625.9,25635.5,25601.5,25615.5
1765212300,25616,25620.5,25596,25604.7
1765213200,25602.7,25609.4,25564.2,25586.6
1765214100,25586.3,25601.3,25556.8,25580.4
1765215000,25580.7,25603.3,25576.6,25584.8
1765215900,25585.1,25652.8,25574.3,25643.5
1765216800,25644.1,25659.9,25620.1,25642.2
1765217700,25641.7,25653.4,25593.2,25596.1
1765218600,25595.4,25605.6,25566.4,25591.4
1765219500,25590.4,25598.4,25528.4,25556.3
1765220400,25556.9,25561.4,25532.2,25543.3
1765221300,25543.1,25572.9,25542.3,25562
1765222200,25561.5,25582.5,25556.8,25567.7
1765223100,25568.1,25584.9,25548.7,25553.7
1765224000,25554.6,25566.5,25545.3,25565.5
1765224900,25565.9,25580.9,25557.8,25579.2
1765225800,25579,25580.3,25552.9,25577
1765226700,25577.1,25633.5,25564.8,25631.2
1765227600,25631,25637.5,25617.5,25621.8
1765228500,25622,25648,25617.3,25644
1765229400,25642,25665.3,25636.8,25664.8
1765230300,25664.5,25670.3,25649.8,25666.7
1765231200,25666.8,25666.8,25658.7,25660.4
1765232100,25660.5,25667.7,25660.5,25665.7
1765233000,25665.2,25670.6,25665.2,25668.1
1765233900,25667.9,25669.3,25666,25668.6
1765234800,25669.1,25689.7,25661.9,25664.3
1765235700,25665.4,25670.7,25658.4,25661.5
1765236600,25661.4,25673.2,25656.2,25666.9
1765237500,25667,25693.5,25665.2,25690.3
1765238400,25689.9,25692.5,25679.9,25685.5
1765239300,25685.4,25687,25677,25682.4
1765240200,25682.7,25685.7,25675.9,25680.4
1765241100,25680.5,25690.9,25675,25683.4
1765242000,25682.8,25690.3,25667.2,25687.8
1765242900,25687.7,25693.7,25668.9,25668.9
1765243800,25670.9,25679.4,25648.9,25658.9
1765244700,25659,25665,25654.7,25657.5
1765245600,25655.5,25662.3,25639,25655.7
1765246500,25655.4,25673.3,25655.4,25663
1765247400,25662.9,25664.2,25648.5,25654.9
1765248300,25654.8,25662.8,25650.9,25657.8
1765249200,25657.7,25663.7,25648.9,25657.3
1765250100,25659.3,25663.4,25653,25659.4
1765251000,25659.3,25666,25653.7,25658.2
1765251900,25658,25666.5,25649.2,25664.2
1765252800,25663.4,25665.2,25655.7,25657.8
1765253700,25657.9,25662.3,25652.7,25656.5
1765254600,25656.4,25660.2,25647.2,25654
1765255500,25654.2,25657.9,25649.8,25651.2
1765256400,25653.2,25655,25634.2,25639.2
1765257300,25639,25642.7,25629.7,25631.4
1765258200,25630.5,25642.9,25628.3,25639.4
1765259100,25639.2,25644.3,25626.5,25626.7
1765260000,25627.2,25629.9,25611.2,25621.9
1765260900,25621.7,25626,25610.5,25618.8
1765261800,25620,25646.8,25617.7,25644
1765262700,25646,25653,25635.3,25647
1765263600,25646.2,25659.8,25645.2,25651
1765264500,25650.9,25655.9,25644.3,25650.3
1765265400,25650.5,25657.3,25639.7,25652.7
1765266300,25652.5,25662.2,25649.7,25655.4
1765267200,25657.4,25671.3,25651.3,25666.2
1765268100,25666.3,25677.7,25655.7,25658.3
1765269000,25658.4,25664.5,25646.7,25657.2
1765269900,25656.9,25670.3,25655.8,25659
1765270800,25659.7,25661.3,25636.4,25645.9
1765271700,25645.8,25647.8,25623.7,25632.2
1765272600,25632.3,25640.7,25613.8,25620.9
1765273500,25621,25632.5,25616.7,25619.8
1765274400,25619.9,25641,25618.3,25635.5
1765275300,25635.2,25656.8,25631,25653.9
1765276200,25654,25657,25569.9,25620.2
1765277100,25620.3,25640.8,25600.7,25631.7
1765278000,25631.3,25636.5,25601.7,25608.9
1765278900,25609.7,25633.9,25595.7,25631
1765279800,25631.2,25646.4,25621.5,25640.9
1765280700,25638.9,25645.8,25632.2,25634.9
1765281600,25636.9,25640.3,25623.7,25632
1765282500,25632.3,25634.3,25621.8,25629
1765283400,25627,25632.8,25613.2,25618.7
1765284300,25616.7,25636,25609,25629.3
1765285200,25629.2,25629.9,25614.4,25621
1765286100,25621.1,25622.7,25602.1,25613.2
1765287000,25613.4,25617,25572,25590.4
1765287900,25590.7,25604.3,25573.4,25581
1765288800,25581.4,25590.7,25564.5,25570.8
1765289700,25570.5,25584.8,25553.5,25581.3
1765290600,25582,25618,25525.8,25576.2
1765291500,25580.4,25600,25561.7,25594.4
1765292400,25595.6,25635.5,25584.9,25603.8
1765293300,25602.3,25629.7,25591,25624.5
1765294200,25625,25646.9,25607.4,25646.1
1765295100,25646,25650.9,25602.9,25650.5
1765296000,25650.3,25669,25645.4,25657.9
1765296900,25657.4,25675,25654.1,25655.3
1765297800,25654.5,25677.8,25635.1,25640.6
1765298700,25641.3,25681.6,25639.9,25674.3
1765299600,25672.2,25696.3,25664.6,25684.3
1765300500,25685.6,25686.3,25654.5,25672.5
1765301400,25673.9,25682.8,25660.3,25669.5
1765302300,25669.6,25684.6,25655.5,25683.2
1765303200,25681.2,25692.5,25669.1,25681.5
1765304100,25681.6,25695.8,25681.4,25691
1765305000,25691.6,25694.8,25667.5,25669.2
1765305900,25669.9,25700.6,25656.6,25687.3
1765306800,25685.4,25687.4,25662.2,25669.4
1765307700,25669.1,25682.6,25665.9,25677.2
1765308600,25676.1,25681.3,25649.2,25657.3
1765309500,25657.6,25673.9,25653.8,25668.3
1765310400,25667.6,25678.3,25661.4,25667.7
1765311300,25667.9,25674.3,25659.8,25662.8
1765312200,25664.1,25673,25654.9,25673
1765313100,25672.9,25687,25654.3,25668
1765314000,25667.7,25667.8,25646.5,25650.9
1765314900,25650.1,25652.4,25640.8,25646.9
1765315800,25646.7,25651.1,25642.3,25644.4
1765316700,25644.2,25648,25640,25640.7
1765317600,25641.9,25646.7,25641.9,25646.6
1765318500,25646.7,25649.9,25639.6,25640.5
1765319400,25640.7,25646.9,25640.6,25646.9
1765320300,25647.2,25648.7,25644.8,25647
1765321200,25647.6,25657,25644.6,25646.3
1765322100,25646.4,25647.8,25638,25643.7
1765323000,25643.9,25649,25641,25648
1765323900,25647.7,25648.8,25637.6,25641.2
1765324800,25641,25662.6,25637,25654.6
1765325700,25654.7,25655.2,25629,25640.8
1765326600,25640.9,25645,25634.6,25638.2
1765327500,25638.3,25638.5,25619.2,25619.2
1765328400,25620.1,25632.3,25608.4,25618.6
1765329300,25618.7,25623.7,25612.7,25622.7
1765330200,25622.8,25625.4,25612.4,25624.1
1765331100,25623.5,25628.4,25620,25623.2
1765332000,25623.6,25631.2,25622.4,25628.9
1765332900,25629.5,25642.1,25626.5,25635.7
1765333800,25635.8,25646,25635.5,25640.2
1765334700,25640.4,25645.9,25637.8,25640.8
1765335600,25641.3,25653.8,25641.3,25644.2
1765336500,25644.4,25644.6,25633.7,25635.2
1765337400,25635.1,25642.9,25631,25636.2
1765338300,25636,25642.4,25632.3,25641.1
1765339200,25641.2,25654.2,25641.2,25649.2
1765340100,25649.1,25653.6,25646.5,25651.4
1765341000,25651.7,25677.7,25651.7,25660.2
1765341900,25660.3,25668.2,25658.9,25662.9
1765342800,25662.6,25663.1,25636.8,25643
1765343700,25643.1,25650,25641.6,25647.5
1765344600,25647.7,25653.8,25644,25653.1
1765345500,25653.2,25655.1,25647.8,25648.9
1765346400,25649,25675.1,25648.6,25672.1
1765347300,25671.9,25674.3,25665.1,25669.5
1765348200,25670.9,25682,25667.5,25671.2
1765349100,25671.3,25674,25665.6,25671.6
1765350000,25671.5,25676,25665.6,25672.7
1765350900,25671.9,25686.3,25671.9,25682.2
1765351800,25682.3,25694.3,25679.3,25692.6
1765352700,25692.7,25698.6,25688.7,25695.6
1765353600,25696.9,25714.4,25689.7,25702.2
1765354500,25702.1,25710.9,25695.1,25697.5
1765355400,25697.4,25707.3,25683.9,25688.9
1765356300,25689,25694.5,25673,25689.7
1765357200,25689.8,25699,25679.7,25685.9
1765358100,25686.1,25686.9,25673.2,25681.9
1765359000,25681.7,25685.1,25674.6,25675.4
1765359900,25675.8,25687.4,25674.4,25676.9
1765360800,25676.8,25701.1,25665.3,25672.6
1765361700,25672.4,25676.4,25601.4,25601.4
1765362600,25601.6,25625.3,25583.9,25620.2
1765363500,25620.5,25639.3,25613.4,25620.1
1765364400,25617.7,25659.3,25607.6,25639.8
1765365300,25639.6,25644.9,25626.4,25635.9
1765366200,25634.9,25639.5,25623.8,25625.7
1765367100,25625.5,25641.2,25622.8,25633.1
1765368000,25634.7,25634.7,25601.1,25611.1
1765368900,25612.1,25617.2,25602.8,25615.5
1765369800,25615.7,25621.6,25595.5,25604.4
1765370700,25604.5,25619.6,25598.3,25617.2
1765371600,25617.1,25634.8,25612.4,25634
1765372500,25633.9,25681.9,25630,25675.4
1765373400,25675.1,25685.2,25644.4,25651.2
1765374300,25651.5,25656.4,25636.6,25641.7
1765375200,25640.6,25649.7,25616,25631.5
1765376100,25631.7,25635.4,25608.7,25616.2
1765377000,25616.5,25631.5,25536.6,25611.3
1765377900,25611.7,25640.9,25557.6,25598.7
1765378800,25600.7,25620.8,25576.2,25596.2
1765379700,25596.6,25626.8,25588.9,25606.8
1765380600,25607.1,25611.7,25536.5,25557.1
1765381500,25557,25597.7,25520.8,25536.5
1765382400,25537.9,25581.2,25500.4,25581.2
1765383300,25581.1,25619.9,25576.3,25615.9
1765384200,25616.5,25621.8,25590.1,25594.6
1765385100,25594.8,25627.9,25580.5,25620.9
1765386000,25619.1,25624,25593.5,25602.9
1765386900,25603,25610,25586.2,25594.3
1765387800,25594.1,25619.3,25587.1,25602.1
1765388700,25601.9,25649.9,25600.7,25634.4
1765389600,25632.5,25635.7,25613.1,25619.1
1765390500,25618.9,25622.9,25566.2,25576.9
1765391400,25577.9,25602.3,25566.3,25579.6
1765392300,25578.4,25601.7,25569.1,25585.9
1765393200,25586.9,25710.2,25577.8,25665.1
1765394100,25665.3,25705.3,25597.7,25636.5
1765395000,25637.6,25747.9,25581.5,25635.8
1765395900,25635.3,25801.9,25631.2,25793.2
1765396800,25792.4,25830.3,25757.6,25826.3
1765397700,25826.4,25832.9,25795.6,25804.7
1765398600,25805.8,25831.1,25798.9,25807.7
1765399500,25808.3,25820.2,25761.8,25772.5
1765400400,25769.5,25777.4,25726.8,25757
1765401300,25756.2,25771.4,25747.5,25764.6
1765402200,25764.8,25771.1,25755.1,25769.3
1765403100,25769.2,25780,25758.1,25768.6
1765404000,25768,25772.1,25760,25763.9
1765404900,25763.8,25764.7,25748.1,25748.1
1765405800,25746.4,25752.6,25742.7,25743.5
1765406700,25743.6,25747.5,25738.9,25745.6
1765407600,25745,25757.1,25711.8,25719.7
1765408500,25718.8,25718.8,25687.7,25700.1
1765409400,25699.8,25705.8,25698.1,25701.6
1765410300,25701.7,25709.2,25700.1,25701.4
1765411200,25701.7,25703.5,25681.6,25695.4
1765412100,25695,25704.4,25689.9,25700.7
1765413000,25700.6,25700.6,25666.6,25672.4
1765413900,25672.3,25672.4,25642.4,25655
1765414800,25654.1,25654.5,25631.7,25643
1765415700,25643.7,25648.1,25628.8,25643.4
1765416600,25643.5,25653.8,25643.5,25650.4
1765417500,25650.6,25652.1,25623.8,25632
1765418400,25632.1,25633.2,25594.9,25607.8
1765419300,25607.7,25611.7,25575,25580.2
1765420200,25580.3,25582.2,25532,25550.8
1765421100,25551.7,25554.5,25495.3,25521.5
1765422000,25521.4,25521.4,25356.5,25405.4
1765422900,25405.5,25449.4,25401.4,25443.1
1765423800,25442.9,25447,25406.1,25446.5
1765424700,25446.3,25469.3,25435.2,25456.8
1765425600,25457,25504.3,25448.5,25488
1765426500,25487.5,25496.3,25468.7,25479.4
1765427400,25479.6,25495.5,25465.4,25483.1
1765428300,25483,25494.2,25472.4,25479.9
1765429200,25479.7,25483.4,25462.3,25466.5
1765430100,25466.6,25479.9,25457.5,25459.3
1765431000,25459.5,25472.3,25454.4,25463.9
1765431900,25464.2,25493.2,25462.2,25486.1
1765432800,25486.2,25494.9,25470.4,25478.7
1765433700,25478.8,25482.6,25442.5,25444.8
1765434600,25445.2,25481.6,25443.6,25480.9
1765435500,25480.3,25485.9,25466.3,25480.5
1765436400,25480.4,25482.3,25446.8,25476.1
1765437300,25476.3,25493,25468,25491.2
1765438200,25491.3,25510.5,25487.6,25502.2
1765439100,25502.3,25514,25493.4,25512
1765440000,25510,25514.4,25447.9,25461.4
1765440900,25465.3,25476.2,25448.5,25458.6
1765441800,25458.9,25475.7,25445,25459
1765442700,25458.9,25513.7,25455,25507.1
1765443600,25506.8,25544,25499.8,25540.1
1765444500,25540.3,25564.7,25530.7,25554.5
1765445400,25554.3,25570.9,25547.6,25561.1
1765446300,25561,25593.3,25558.2,25574.2
1765447200,25574.5,25582.2,25550.6,25581.4
1765448100,25581.7,25586.7,25565.1,25575.5
1765449000,25575.7,25578.8,25561,25563.8
1765449900,25563.9,25578.6,25562.7,25568.3
1765450800,25568.5,25584.2,25561.9,25577.1
1765451700,25577.2,25581.9,25568.5,25578.3
1765452600,25578.1,25580.8,25564.9,25576.7
1765453500,25576.9,25601.6,25574.4,25594.5
1765454400,25594.6,25617.6,25587.8,25613.8
1765455300,25614.4,25651.3,25613.3,25647.8
1765456200,25647.9,25672.3,25643.9,25658.8
1765457100,25658.7,25670.5,25649.7,25662.8
1765458000,25662.7,25670.8,25635.5,25646.7
1765458900,25647.4,25656.4,25638.8,25643.4
1765459800,25643.5,25650.5,25603.7,25614.6
1765460700,25614.2,25634.8,25606.5,25615.8
1765461600,25616.3,25647,25611,25641
1765462500,25641.1,25652.4,25615.5,25616.2
1765463400,25616.3,25620.9,25527.5,25558.5
1765464300,25559,25561.9,25378.5,25391.2
1765465200,25391.7,25543,25368.7,25533.8
1765466100,25533.7,25603.9,25510.3,25573.8
1765467000,25572.9,25584.8,25497.4,25515
1765467900,25514.7,25536.4,25432.6,25506
1765468800,25506.1,25537.5,25467.3,25488.9
1765469700,25487.7,25499.5,25431.3,25442.8
1765470600,25443.5,25553.5,25441.4,25539.1
1765471500,25540.8,25563.3,25442.8,25475.5
1765472400,25475.6,25556.6,25471.2,25544.4
1765473300,25544.3,25611.7,25539.1,25577.9
1765474200,25577,25621.5,25577,25613.4
1765475100,25614,25620,25554.5,25569.1
1765476000,25570.3,25618.3,25559.9,25609.9
1765476900,25610.9,25619.7,25584.8,25597.5
1765477800,25596.5,25657.5,25588,25652.2
1765478700,25652.5,25660.5,25605.4,25612.7
1765479600,25612.4,25646.4,25612.4,25644.1
1765480500,25644,25677,25643.5,25673.2
1765481400,25671.9,25690,25667.8,25687.7
1765482300,25687.6,25696.9,25664.1,25664.9
1765483200,25664.5,25682.5,25664.3,25666.9
1765484100,25666.8,25676.7,25649.1,25653.1
1765485000,25652.9,25655.9,25634.7,25652
1765485900,25651.3,25692.1,25641.2,25687.6
1765486800,25686.7,25719.8,25679.6,25715.4
1765487700,25736.6,25804.9,25736.3,25790.8
1765488600,25791.1,25796.3,25761.4,25768.1
1765489500,25768.3,25831.9,25766.8,25807.5
1765490400,25807.6,25809.2,25786.4,25793
1765491300,25792.9,25794.6,25726.6,25727.3
1765492200,25727.4,25738,25644.5,25665.1
1765493100,25659,25681.4,25649.1,25681.4
1765494000,25677.3,25709.8,25632.3,25639.1
1765494900,25639,25658,25628.7,25645
1765495800,25645.1,25661.7,25645.1,25660.7
1765496700,25660.3,25673.3,25649.6,25651.8
1765497600,25650.8,25654.5,25622,25634.8
1765498500,25634.6,25656.5,25632.2,25649.6
1765499400,25649.7,25666,25641.7,25642
1765500300,25642.2,25651.1,25622.7,25627
1765501200,25626.9,25644.4,25626.3,25638.1
1765502100,25638.7,25659.5,25637.3,25659.4
1765503000,25659.5,25659.5,25647.5,25648.4
1765503900,25648.6,25660.8,25642,25659.4
1765504800,25658.3,25682.6,25654.1,25678.2
1765505700,25677.8,25683.9,25665.5,25669.4
1765506600,25669.5,25680,25666.9,25679
1765507500,25678.9,25679.2,25666.1,25673.4
1765508400,25673.6,25676.9,25659.4,25665.1
1765509300,25664.9,25664.9,25644.5,25648.1
1765510200,25648.2,25662.3,25647,25660.4
1765511100,25660.5,25662.7,25648.7,25649.8
1765512000,25649.7,25653.8,25637.4,25642.2
1765512900,25642.3,25645,25637.8,25639.7
1765513800,25639.5,25642.3,25636.6,25640.9
1765514700,25640.8,25646.9,25633.1,25638.5
1765515600,25638,25653.4,25636.5,25643.3
1765516500,25642.9,25656,25642.9,25654.5
1765517400,25654.4,25677.3,25653.3,25673.7
1765518300,25673.6,25679,25668.3,25670.9
1765519200,25671.1,25678.2,25667.4,25673.7
1765520100,25673.6,25682.6,25671.4,25680.5
1765521000,25680.7,25683.1,25659.1,25660.7
1765521900,25660.6,25664.2,25656.1,25659.5
1765522800,25658,25659,25648.2,25651.3
1765523700,25651.5,25653.8,25642.4,25646.4
1765524600,25646.3,25654.5,25637.3,25653.9
1765525500,25653.8,25655.8,25645.6,25645.6
1765526400,25646.7,25662.3,25632.6,25658.5
1765527300,25658.8,25660.2,25647.8,25652.6
1765528200,25651.9,25662,25643.7,25645.9
1765529100,25646,25653.4,25631.5,25642.9
1765530000,25641.9,25648,25593.5,25618.7
1765530900,25619.1,25622.8,25569.6,25570.6
1765531800,25570.4,25577.7,25542.7,25552.3
1765532700,25552.8,25574.1,25542.9,25567
1765533600,25567.1,25601.3,25561.6,25598
1765534500,25597.9,25597.9,25560.5,25565.6
1765535400,25566.2,25569.7,25546,25566.8
1765536300,25566.7,25573.7,25560.3,25563.2
1765537200,25563.3,25564.7,25543.3,25558.3
1765538100,25558.2,25568.6,25548.9,25549.6
1765539000,25549.8,25562.4,25522.1,25535.8
1765539900,25535.6,25541.9,25513.2,25531.8
1765540800,25531.9,25552.5,25518.2,25550.8
1765541700,25550.9,25562.8,25542,25553.8
1765542600,25553.3,25556.7,25534.3,25534.4
1765543500,25534.5,25575.7,25530.6,25548.2
1765544400,25548.3,25578.5,25539.5,25567.3
1765545300,25567.6,25579.7,25561.7,25566.9
1765546200,25567,25571.8,25556.8,25563.4
1765547100,25563.2,25605.2,25558.5,25604.7
1765548000,25604.5,25612.2,25582,25584.8
1765548900,25584.5,25592.1,25537.1,25539.4
1765549800,25539.8,25598.7,25509.7,25533.5
1765550700,25534,25550.1,25482.7,25539.4
1765551600,25541.9,25541.9,25394.3,25423.7
1765552500,25423.2,25439.1,25302.9,25307.6
1765553400,25306.9,25369,25281.4,25368.5
1765554300,25368.4,25385.5,25202.2,25227.5
1765555200,25228.4,25262.8,25141.1,25182.2
1765556100,25182.1,25214.9,25121.4,25210.8
1765557000,25210.6,25210.6,25104.9,25173.2
1765557900,25169.9,25173.9,25123.9,25162.9
1765558800,25161.6,25245.6,25150.7,25236
1765559700,25236.3,25285.3,25203.6,25209.2
1765560600,25210,25272.3,25181.6,25256.3
1765561500,25256.5,25293,25255.6,25261.7
1765562400,25262.6,25344.1,25248.5,25317.4
1765563300,25317.3,25353.2,25292.5,25322.8
1765564200,25322.6,25328.8,25280.6,25289.2
1765565100,25290.2,25309.8,25258.1,25261.9
1765566000,25263,25270.8,25218.8,25221.8
1765566900,25219.8,25238.7,25198.4,25208.6
1765567800,25208.4,25248,25208.1,25224.5
1765568700,25224.4,25236.7,25209.7,25227.5
1765569600,25228,25247,25207.4,25208.8
1765570500,25210,25224.8,25188.1,25192.7
1765571400,25192.4,25199,25130.4,25165.7
1765572300,25165.9,25206.8,25154.3,25194.9
1765573200,25192.6,25206.5,25180.2,25196.3
1765574100,25196.6,25201.2,25182.4,25183.9
1765575000,25183.4,25193.2,25179.4,25188.2
1765575900,25187.7,25193.5,25179,25180.4
1765753200,25155.7,25155.7,25133.7,25134.6
1765754100,25151.4,25151.4,25142.2,25146
1765755000,25157.1,25168.2,25157.1,25166.9
1765756800,25193.9,25195.8,25180.7,25188.3
1765757700,25188.4,25194.1,25173.2,25190.6
1765758600,25190.7,25206.3,25190,25203.5
1765759500,25203.3,25225.3,25200.8,25217.2
1765760400,25217.3,25224.5,25204.2,25217.5
1765761300,25217.2,25222.3,25209.8,25221.7
1765762200,25222.2,25245.1,25222.1,25233.6
1765763100,25233.5,25247.7,25229.9,25246
1765764000,25245.9,25257,25244.1,25249.9
1765764900,25250.1,25260.2,25242.4,25254.9
1765765800,25254.7,25267.2,25253,25257
1765766700,25256.9,25258.6,25236.9,25244.2
1765767600,25244.4,25256,25233.2,25239.9
1765768500,25240.1,25240.1,25227.8,25233.7
1765769400,25232.6,25244.1,25228.3,25229
1765770300,25229.1,25241.5,25228.7,25238.1
1765771200,25238.3,25243.7,25223.1,25223.4
1765772100,25223.2,25240.1,25216.7,25235.6
1765773000,25235.5,25241.3,25229.8,25240.9
1765773900,25240.7,25257.5,25239.3,25251.9
1765774800,25251.6,25255.9,25247.7,25252
1765775700,25251.9,25253.1,25237.1,25251.2
1765776600,25251.1,25262.5,25246,25259.3
1765777500,25259.5,25266.3,25252.6,25260.7
1765778400,25260.1,25260.4,25231.6,25241.7
1765779300,25241.5,25255.4,25239,25246.5
1765780200,25246,25257,25235.8,25255.5
1765781100,25256.4,25263.2,25251.1,25256.1
1765782000,25256.2,25266.2,25235.3,25243.1
1765782900,25242.5,25250.7,25226.4,25231.9
1765783800,25231.7,25242.1,25222,25228.5
1765784700,25228.6,25239.1,25220.1,25234.8
1765785600,25233.2,25246.2,25214.4,25218.9
1765786500,25218.5,25239.1,25215.3,25232.6
1765787400,25232.2,25273.4,25229.7,25268.4
1765788300,25268.3,25274.7,25261.7,25267.1
1765789200,25267.2,25296.2,25257.2,25293.1
1765790100,25293.2,25304.1,25280.7,25298.2
1765791000,25297.7,25310.8,25296.2,25303.5
1765791900,25303.4,25316.2,25301.8,25307.4
1765792800,25307.5,25315.6,25300.3,25314
1765793700,25314.4,25326.4,25310.5,25319.5
1765794600,25319.6,25321.6,25306.8,25316
1765795500,25316.1,25325.7,25314.2,25319.6
1765796400,25319.4,25322.5,25312.1,25316.6
1765797300,25316.8,25332.8,25314,25328.1
1765798200,25328.4,25340.1,25327,25331.6
1765799100,25331.9,25339.6,25330.3,25337.3
1765800000,25335.5,25337.7,25306.4,25313.1
1765800900,25313.2,25333,25308.8,25315.5
1765801800,25315.9,25345.1,25313.7,25336.2
1765802700,25336.3,25338.9,25332,25334.3
1765803600,25334.5,25338.5,25332.1,25337.3
1765804500,25337.4,25339.3,25319.3,25333
1765805400,25333.2,25343,25330.4,25339.7
1765806300,25339.5,25366.8,25339.5,25362.5
1765807200,25362.6,25379.3,25359.8,25377.1
1765808100,25376.9,25391.2,25355.4,25391.2
1765809000,25392.7,25392.7,25270.5,25271.8
1765809900,25271.9,25294,25197.6,25206.4
1765810800,25204.8,25215.5,25140.2,25153.7
1765811700,25151,25153.7,25012.3,25045.8
1765812600,25045.9,25154.6,25032.7,25154
1765813500,25153.8,25173.5,25096.9,25129.8
1765814400,25131.8,25171.9,25098,25134.5
1765815300,25134.6,25244.5,25130.4,25233.5
1765816200,25235.1,25240.8,25109.1,25116.4
1765817100,25117.1,25172.6,25096.6,25140.5
1765818000,25141.3,25156.5,25122.7,25135
1765818900,25135.1,25146.2,25107.1,25130.5
1765819800,25130.2,25168.7,25105,25152.4
1765820700,25151.4,25163,25066.2,25111.8
1765821600,25111.9,25141.2,25084.8,25136
1765822500,25136.2,25147.5,25066.9,25081.4
1765823400,25080.4,25104.1,25062.5,25097
1765824300,25097.8,25150.2,25093.8,25133.3
1765825200,25132.1,25162.7,25121.2,25121.2
1765826100,25121.4,25139.2,25103.2,25116.9
1765827000,25117,25125.9,25090.8,25097.4
1765827900,25096.4,25134.9,25087.9,25131.1
1765828800,25131.2,25137.4,25090.3,25118.4
1765829700,25117.1,25131.3,25086.6,25098.7
1765830600,25098.8,25107.6,25073.5,25082.2
1765831500,25080.3,25102.8,25063.1,25065.2
1765832400,25065.7,25086.9,25057,25076.5
1765833300,25078.2,25083.3,25064.5,25065.8
1765834200,25065.6,25079.5,25063.7,25077.6
1765835100,25077.8,25081.9,25072.9,25076.9
1765836000,25076.7,25079.1,25075.6,25079.1
1765836900,25079.6,25084.1,25076.7,25079.5
1765837800,25080.2,25082.5,25077,25079.2
1765838700,25078.1,25080,25067.4,25069.3
1765839600,25085.2,25105.6,25084.4,25093.2
1765840500,25093.4,25098.6,25067.9,25074.8
1765841400,25074.9,25077.7,25037.2,25056.2
1765842300,25055.9,25056.4,25020.4,25041.1
1765843200,25040.8,25050.3,24990.4,25002
1765844100,25001.8,25021.7,24973.8,25017.4
1765845000,25018,25027.1,24991,25001
1765845900,25001.3,25013.4,24978.1,24985.7
1765846800,24985.2,24996.2,24964.9,24977.8
1765847700,24977.7,24992.1,24974.9,24976.5
1765848600,24975.7,24984.5,24846.2,24856.5
1765849500,24853.5,24900.6,24850.4,24884.8
1765850400,24884.9,24904.3,24858.7,24899.7
1765851300,24899.4,24918.8,24886.5,24910.2
1765852200,24908.6,24912.9,24871.4,24897.5
1765853100,24897.4,24905.1,24876.1,24882.9
1765854000,24882.4,24898.8,24862.2,24871.6
1765854900,24871.8,24881.6,24852,24865.1
1765855800,24865,24876.1,24835.6,24866
1765856700,24866.1,24902.3,24863.9,24893.2
1765857600,24893.1,24897.3,24854.7,24870.8
1765858500,24870.5,24890.5,24865.2,24885.3
1765859400,24885.4,24903.1,24881.6,24898.2
1765860300,24898.5,24907.9,24894.8,24896.3
1765861200,24896.2,24899.5,24873.8,24878
1765862100,24877.8,24890,24870.1,24875.2
1765863000,24874.6,24875.3,24858.2,24864.5
1765863900,24864.4,24875.5,24837.1,24846.9
1765864800,24848.7,24868.5,24837.8,24862.2
1765865700,24861.2,24864.7,24844.4,24855.6
1765866600,24854.4,24855.6,24841.2,24850.9
1765867500,24850.6,24867.4,24848.5,24866.5
1765868400,24867.9,24878.5,24856.6,24856.7
1765869300,24856.6,24879.2,24856.5,24868.8
1765870200,24868.7,24870,24807.6,24813.4
1765871100,24813.3,24867.8,24810.6,24859.6
1765872000,24861.4,24899.5,24858.6,24892.8
1765872900,24892.9,24921.6,24881.3,24917.2
1765873800,24916.7,24926.3,24900.5,24925.7
1765874700,24925.8,24945.2,24925.4,24937
1765875600,24937.2,24964.3,24920.5,24963.9
1765876500,24963.7,24964.7,24943.4,24945.3
1765877400,24946.4,24961.3,24936.3,24942.6
1765878300,24942.8,24947.1,24898.6,24916.2
1765879200,24916.3,24947.4,24900.2,24945.8
1765880100,24946.1,24971.1,24946.1,24968.4
1765881000,24968.5,25004.2,24954.2,25003.9
1765881900,25003.8,25007.2,24969.5,24980.5
1765882800,24980.4,24990.3,24969.7,24979.4
1765883700,24979.5,24983.1,24969.6,24982.6
1765884600,24983.7,25009.6,24971.7,25001.9
1765885500,25002.1,25026.2,24991.3,25026.2
1765886400,25026.1,25047.3,25013.4,25042.8
1765887300,25042.6,25053,25033.5,25042
1765888200,25041.9,25058.1,25032.9,25043.6
1765889100,25043.2,25052.4,25027.3,25031.6
1765890000,25032.1,25042.7,24998.3,25017.2
1765890900,25017.3,25050,24995.8,25024.6
1765891800,25024.8,25115.5,25008.2,25009.3
1765892700,25009,25045.8,24974.3,24985.2
1765893600,24985.4,25011.5,24958.4,24989.6
1765894500,24988.6,25024.2,24958.5,24963.7
1765895400,24964.6,25083.3,24945.8,24997.5
1765896300,24998.1,25132.2,24939.2,25125.6
1765897200,25126.4,25141.5,25039.4,25058.7
1765898100,25057.2,25067.5,24913.4,24975.1
1765899000,24975.2,25022.8,24928.2,24987.6
1765899900,24987.7,25072.6,24964.2,25056.5
1765900800,25056.4,25077.2,24982.2,24994.5
1765901700,24993.7,24998.5,24947.5,24966
1765902600,24967.5,25006.3,24948.3,24991
1765903500,24990.5,25073,24984.1,25069
1765904400,25068.7,25085.8,25013.8,25072.7
1765905300,25073.8,25088.8,24991.7,25006.4
1765906200,25005.6,25052.6,24967.9,24982.7
1765907100,24985.6,25001.4,24926.9,24934.2
1765908000,24934.3,24960.7,24907.4,24958.7
1765908900,24959,24967.8,24923.3,24937.7
1765909800,24938.2,25052.6,24935.3,25050
1765910700,25051,25082.2,25043.3,25050.4
1765911600,25050.2,25055,24979.5,24983.9
1765912500,24982.7,25028.5,24972.3,25027
1765913400,25026.7,25071.3,25019.6,25061.9
1765914300,25062,25096.9,25043.4,25065.7
1765915200,25066.4,25115.3,25059.9,25080.9
1765916100,25081,25122.9,25077.3,25121.2
1765917000,25120.7,25186.7,25119.1,25167.2
1765917900,25166.6,25190,25120.3,25120.3
1765918800,25119.1,25121.2,25083.3,25087.9
1765919700,25088.9,25090,25053.6,25069.5
1765920600,25069.3,25087.8,25068.1,25084.4
1765921500,25084.6,25089,25062.6,25068.2
1765922400,25067.4,25079.3,25065.8,25078
1765923300,25076.1,25083.7,25072.3,25082.9
1765924200,25080.7,25088.4,25079.5,25084.3
1765925100,25084.5,25087.2,25083.2,25085.7
1765926000,25084.5,25103,25042.8,25069.6
1765926900,25069.8,25086.1,25058.9,25085.1
1765927800,25084.9,25110.6,25079.5,25109.3
1765928700,25109.9,25110.1,25058.5,25065.6
1765929600,25065.8,25065.8,25016.6,25038.1
1765930500,25037.1,25063.3,25028.4,25046.1
1765931400,25045.9,25068.8,25029.7,25054.2
1765932300,25054.4,25076.5,25043.8,25053.7
1765933200,25054.6,25102.2,25054.6,25088.5
1765934100,25088.7,25096.4,25064.1,25081.6
1765935000,25081.7,25095.8,25059.3,25086
1765935900,25086.2,25107.3,25067.9,25105.3
1765936800,25105,25108.8,25077.5,25087.1
1765937700,25087.6,25107.2,25078.7,25106.5
1765938600,25104.6,25120.3,25096.3,25113.6
1765939500,25113.5,25122.6,25103.6,25111.1
1765940400,25111.3,25123.2,25105.4,25117.9
1765941300,25117.7,25128.8,25114.5,25121.4
1765942200,25120.8,25123.4,25105.3,25115
1765943100,25115.1,25118.7,25089.7,25099.7
1765944000,25100,25114.7,25094.8,25107
1765944900,25106.8,25109.5,25077.6,25085
1765945800,25085.5,25088.9,25060.7,25067.8
1765946700,25067.3,25076.5,25061.1,25063.3
1765947600,25063.8,25078.9,25041.3,25068.9
1765948500,25068.5,25072.9,25049.3,25057.1
1765949400,25057.4,25097.2,25056.7,25095.9
1765950300,25096.4,25106.3,25092.7,25101.8
1765951200,25101,25149.4,25101,25149
1765952100,25150.4,25160.6,25138,25149.9
1765953000,25146.8,25164.4,25139,25155.3
1765953900,25155.4,25161.1,25140.2,25142.2
1765954800,25142.4,25181.2,25129.5,25170.7
1765955700,25169.8,25176.4,25144.4,25154.7
1765956600,25154.6,25167.7,25144.7,25152.3
1765957500,25153.8,25177.2,25152.1,25160.4
1765958400,25160,25164.4,25137.3,25155.7
1765959300,25156.5,25169.6,25142.2,25160.1
1765960200,25159.8,25173,25152.7,25171.8
1765961100,25171.9,25183.4,25146.8,25162.9
1765962000,25161.6,25173.7,25151.3,25171.2
1765962900,25171.3,25193.9,25171,25180.6
1765963800,25180.1,25206.4,25175.2,25205.2
1765964700,25205.1,25218.6,25201.4,25212.8
1765965600,25212.6,25231.5,25202.9,25226.6
1765966500,25226.5,25230.1,25210.8,25217.5
1765967400,25217.6,25239.8,25209.1,25227.4
1765968300,25227.6,25237.2,25221.3,25230.2
1765969200,25230.4,25247.7,25219.3,25223
1765970100,25223.2,25235.8,25214.8,25224
1765971000,25224.1,25239.1,25222.7,25237.7
1765971900,25237.8,25245.2,25224.9,25241.4
1765972800,25239.5,25245.7,25221.6,25243
1765973700,25242.9,25243.5,25225.5,25226.6
1765974600,25226.3,25244.4,25224.4,25243.3
1765975500,25243.5,25256.9,25233.7,25234.3
1765976400,25234.2,25245.6,25189.5,25207.3
1765977300,25206.5,25223.3,25147.3,25192.7
1765978200,25192.6,25199,25170.2,25192.8
1765979100,25193,25241.4,25184.6,25213.5
1765980000,25213,25227.2,25177.2,25177.7
1765980900,25177.6,25200,25165.6,25171.4
1765981800,25171.6,25195.7,25046.1,25066.9
1765982700,25065.9,25102.5,24995.8,25086.1
1765983600,25086.6,25099.4,25036.7,25070.7
1765984500,25070.1,25102.7,25035.6,25075.6
1765985400,25075.3,25087.6,24884.1,24900.9
1765986300,24896.2,24917.2,24798.7,24820.5
1765987200,24820.6,24883.8,24785.6,24787.6
1765988100,24787.7,24859.6,24770.8,24828.6
1765989000,24829.7,24829.7,24762.4,24802.3
1765989900,24802.4,24821.9,24749,24797.6
1765990800,24798.4,24816.3,24747.3,24765
1765991700,24764.7,24842.9,24751.1,24807.2
1765992600,24806.2,24847.7,24767.3,24773
1765993500,24773.8,24803.9,24749.3,24786
1765994400,24786.2,24842.5,24773.3,24775.7
1765995300,24773.8,24792.9,24758.1,24777.1
1765996200,24777,24782.9,24706.5,24731.6
1765997100,24731.4,24745,24700.6,24723.5
1765998000,24723.6,24734,24699.5,24719.7
1765998900,24719.3,24732.5,24701.4,24706.9
1765999800,24706.1,24731.6,24686.5,24723.3
1766000700,24723.8,24750.3,24712.4,24740.7
1766001600,24740.9,24748.7,24707.9,24719.9
1766002500,24719.6,24741.9,24705.1,24718.5
1766003400,24718,24735.2,24698,24730.8
1766004300,24730.5,24732.9,24650.9,24653.5
1766005200,24657.8,24757.8,24656.2,24755.6
1766006100,24755.4,24755.7,24714.6,24717.6
1766007000,24717.4,24728.7,24703,24713.8
1766007900,24713.7,24736.5,24709.4,24715.2
1766008800,24715.9,24722.3,24714.7,24716.7
1766009700,24717.1,24734.1,24716.2,24734.1
1766010600,24734.3,24740.1,24726.3,24736.5
1766011500,24735.5,24746.5,24734,24745.5
1766012400,24753.5,24764.1,24722.9,24729.1
1766013300,24729.3,24731.8,24697.1,24720.8
1766014200,24719.9,24740.9,24713.1,24734.9
1766015100,24735.3,24735.3,24690.4,24697.9
1766016000,24697.6,24715,24666.2,24708.4
1766016900,24709,24746.6,24703.4,24721.4
1766017800,24720.8,24742.2,24708.1,24719.4
1766018700,24720.8,24761.6,24719.5,24750.5
1766019600,24750.7,24757.1,24724.7,24741.6
1766020500,24740.7,24756.6,24726.1,24745.2
1766021400,24743.6,24753.2,24728.7,24747.2
1766022300,24747.4,24760,24716.3,24726.9
1766023200,24728.9,24766.9,24721.4,24742.1
1766024100,24742.2,24774.8,24734.5,24737.5
1766025000,24737.1,24757.9,24735.5,24738.7
1766025900,24738.6,24744.2,24724.6,24733.8
1766026800,24733.6,24735.8,24685.1,24691.2
1766027700,24691.1,24695.3,24667.1,24678.8
1766028600,24679,24697.1,24673.8,24675.6
1766029500,24675.5,24715.5,24674.5,24704.2
1766030400,24704.3,24732.3,24702.2,24707.5
1766031300,24706.5,24731.5,24706,24728.1
1766032200,24727.8,24752.7,24725.4,24747.2
1766033100,24748.2,24755.8,24741.7,24751.6
1766034000,24751.5,24758.9,24741.7,24750.5
1766034900,24750.1,24753.2,24730.3,24736.2
1766035800,24736.5,24756.2,24735.2,24751.3
1766036700,24751.6,24756.8,24739.7,24749.1
1766037600,24749,24755.9,24739.1,24741.9
1766038500,24742,24752.2,24736,24746.3
1766039400,24745.1,24753.7,24740,24744.4
1766040300,24744.5,24747.5,24717.7,24746.7
1766041200,24746.9,24790.7,24746,24783.5
1766042100,24784.5,24802.4,24781.4,24798.3
1766043000,24798.1,24804.8,24787,24798.6
1766043900,24798.8,24800.2,24787.5,24794.3
1766044800,24794.7,24799.1,24776.6,24793.2
1766045700,24791.5,24811.8,24772.2,24783.2
1766046600,24784.7,24818,24781,24810.9
1766047500,24811.1,24837.4,24811.1,24819.6
1766048400,24820.3,24829.3,24796.1,24809
1766049300,24808.8,24821.6,24795.1,24813.5
1766050200,24814.5,24845.4,24814.5,24840.2
1766051100,24840.3,24862.1,24840.3,24859.3
1766052000,24859.6,24862.1,24835.9,24841.6
1766052900,24842.2,24848.6,24829.3,24848.5
1766053800,24848.3,24862.7,24837.4,24845
1766054700,24845.7,24850.3,24833.4,24843.2
1766055600,24843.3,24859.2,24839.4,24856.4
1766056500,24856.6,24866.8,24838.7,24850.9
1766057400,24850.8,24863.7,24847.3,24848.7
1766058300,24848.9,24867.2,24845.8,24864
1766059200,24863.1,24878.8,24853.3,24862.2
1766060100,24862.5,24875.8,24858,24859.2
1766061000,24859.3,24871.8,24854.9,24866.2
1766061900,24865.2,24868.1,24848.9,24858.3
1766062800,24858.1,24876.7,24828.5,24872.6
1766063700,24871.3,24884.5,24864.5,24872.1
1766064600,24871.9,25018.7,24871.9,25012.1
1766065500,25012,25028,24976.9,24988.7
1766066400,24988.9,25037.3,24984,25025.2
1766067300,25025.4,25048.5,25014.1,25043.6
1766068200,25044.1,25094,24937.5,24961.2
1766069100,24961.1,25048.6,24927.2,25035.2
1766070000,25038.9,25059.3,24935,24955.6
1766070900,24953.7,25093,24934,25080.2
1766071800,25079.1,25162.2,25065,25136
1766072700,25136.1,25142.1,25112.4,25122
1766073600,25121,25166.1,25106.3,25130.7
1766074500,25131.4,25157.4,25096.5,25106.2
1766075400,25107.6,25157.9,25105.3,25148.5
1766076300,25148.6,25165,25133.7,25141.3
1766077200,25139.5,25139.6,24970.7,24987.3
1766078100,24986.2,25003.2,24941.4,24985.2
1766079000,24985.4,25097.3,24972.4,25097.3
1766079900,25098.8,25118.6,25060.2,25112.1
1766080800,25113.2,25126,25075.4,25103.1
1766081700,25102.1,25130.4,25102,25116.6
1766082600,25116.5,25155.7,25116.5,25125.3
1766083500,25125.6,25128.8,25088,25094.7
1766084400,25096,25096.2,25010.8,25052.7
1766085300,25052.6,25052.7,25013.3,25034.7
1766086200,25036.5,25041.1,24995.1,24998.7
1766087100,24999.4,25038.3,24952.1,24966.6
1766088000,24968.7,25049.4,24952.7,25048
1766088900,25047.9,25072.8,25027.2,25064.9
1766089800,25063.9,25090,25053.1,25086.2
1766090700,25085.8,25098.6,25008,25008
1766091600,25008.1,25012.4,24957.9,24965.2
1766092500,24964.2,24973.6,24960.6,24972.8
1766093400,24972.9,24977.4,24951.7,24954.2
1766094300,24953.4,24978.8,24952.6,24973.9
1766095200,24972.4,24983.1,24972.1,24982.7
1766096100,24983.1,24993.9,24980.2,24985.4
1766097000,24985.5,24988.1,24982.1,24987.9
1766097900,24986.4,25005.6,24986.3,25001.3
1766098800,25000.9,25012.9,24971.7,24994.9
1766099700,24995,25007.6,24979.2,24988.7
1766100600,24989.5,25001.8,24982.4,24994.3
1766101500,24994.4,25020,24993.1,25019.1
1766102400,25019.3,25029.7,24991.6,24995.8
1766103300,24996,25008.3,24985.7,25000.3
1766104200,25000.1,25004.2,24983.9,24989.6
1766105100,24989.7,25013.2,24983.4,25007.1
1766106000,25006.6,25008.1,24976.6,24992.1
1766106900,24991.9,25007,24991.9,24996.2
1766107800,24996,25005.2,24974.1,24992.1
1766108700,24992.6,25039.8,24983.5,25029.1
1766109600,25029,25040.4,25012.7,25031.2
1766110500,25031.1,25041.5,25020.9,25034.4
1766111400,25034.3,25050.4,25020.9,25035.6
1766112300,25035.8,25037.9,25013.2,25015.1
1766113200,25014.9,25032.5,25007,25026.3
1766114100,25026.5,25074.9,25000,25052.9
1766115000,25053.5,25073.9,25042.4,25071.8
1766115900,25070.8,25084.1,25063.5,25068.1
1766116800,25068.5,25080.6,25062.5,25073.8
1766117700,25074.9,25078.2,25052,25061.7
1766118600,25061.6,25069,25048.5,25059.3
1766119500,25059.9,25075.9,25057.7,25067.4
1766120400,25067.6,25071.2,25047.3,25048.7
1766121300,25048.8,25061.2,25044.2,25060.9
1766122200,25060.7,25075.7,25055.2,25069.2
1766123100,25069.1,25071,25050.9,25053.1
1766124000,25053.3,25067,25046.8,25048.3
1766124900,25047.9,25054.7,25043.3,25050.1
1766125800,25048.8,25057.8,25033.5,25037.3
1766126700,25037.5,25060.7,25028.4,25060.5
1766127600,25060.3,25130.2,25060.3,25123.6
1766128500,25123.8,25135.3,25107.4,25112.7
1766129400,25112.6,25113.2,25093.3,25098.8
1766130300,25098.9,25112.4,25085.1,25111.4
1766131200,25109,25139.8,25103,25130.3
1766132100,25130.1,25142.7,25107.2,25107.9
1766133000,25107.4,25139.1,25107.4,25136.4
1766133900,25136.2,25150.7,25131.1,25133
1766134800,25132,25150,25118.8,25129
1766135700,25128.2,25152.4,25119.9,25150.1
1766136600,25150.2,25155.5,25137,25138.4
1766137500,25138.5,25149.6,25133.6,25145.4
1766138400,25145.7,25147.2,25116.9,25137.5
1766139300,25138,25145.8,25135,25135.5
1766140200,25134.9,25142.4,25121.2,25136.7
1766141100,25136.6,25144.2,25118.6,25123.1
1766142000,25122.9,25124.4,25079.2,25109.2
1766142900,25108.9,25122,25094.9,25117.6
1766143800,25118.2,25127.6,25102.3,25117.7
1766144700,25118.1,25122.7,25093.8,25104
1766145600,25104.7,25120.6,25076.4,25096.1
1766146500,25096.3,25107.6,25076.9,25094.8
1766147400,25095,25102.6,25071.9,25078.5
1766148300,25078.4,25088.3,25041.3,25043.4
1766149200,25043.6,25074.2,25037.4,25072.5
1766150100,25072.6,25079.3,25062.6,25076.3
1766151000,25075.5,25101.5,25054.4,25081.7
1766151900,25081.8,25093.9,25074.2,25084.3
1766152800,25084.8,25104.5,25060.4,25101.7
1766153700,25102.6,25143.5,25088.6,25131.9
1766154600,25132.7,25311,25123.1,25310.9
1766155500,25311.1,25336,25287.2,25322
1766156400,25321.9,25362.7,25292.6,25300.8
1766157300,25302,25319.7,25228.4,25267.4
1766158200,25266.7,25310.9,25239.2,25266.3
1766159100,25267.5,25272.2,25230.7,25244.8
1766160000,25244.5,25319.7,25220.8,25286.3
1766160900,25286.1,25304.8,25276.1,25300.1
1766161800,25299.8,25323.1,25290,25290.2
1766162700,25290.4,25297.4,25254,25264.5
1766163600,25264.3,25312,25262.5,25310.2
1766164500,25310.1,25338.2,25310.1,25333
1766165400,25331.2,25335.9,25314.8,25325.5
1766166300,25326.4,25354.4,25320.3,25336.2
1766167200,25335.5,25349.3,25327.4,25341.1
1766168100,25340.8,25345.9,25325.3,25331.6
1766169000,25333.1,25338.2,25304.8,25313.9
1766169900,25313.6,25326.1,25305.8,25312.7
1766170800,25313.5,25337.4,25312.5,25331.6
1766171700,25332.1,25344.1,25325.5,25339.4
1766172600,25339.6,25347,25333,25343.8
1766173500,25343.9,25351.7,25329.5,25330.5
1766174400,25329.7,25342.3,25327.9,25337
1766175300,25337.2,25350,25331.7,25344.9
1766176200,25343.5,25345.6,25311.7,25322.7
1766177100,25321.5,25353.1,25318.1,25342.1
1766178000,25339.3,25353.1,25326.8,25339
1766178900,25338.8,25346.1,25331.3,25346.1
1766179800,25346.3,25352.6,25342,25345.2
1766180700,25345.1,25358.4,25343.3,25354
1766358000,25407.3,25424.3,25393.9,25396.1
1766358900,25395.6,25408.2,25389.3,25404.9
1766359800,25405.1,25430,25403.5,25421.8
1766360700,25421.7,25432.5,25419.3,25427.6
1766361600,25427.5,25440.1,25415.1,25420.5
1766362500,25420.3,25424.5,25405.9,25412.9
1766363400,25413.1,25426,25413.1,25416.4
1766364300,25416.3,25423.9,25413.1,25417
1766365200,25416.6,25450.9,25415.5,25443.9
1766366100,25444.1,25454.4,25439.3,25451
1766367000,25450.9,25457.9,25446.5,25451.5
1766367900,25451.4,25457.7,25447.3,25449.1
1766368800,25449.3,25454.3,25441.2,25446.5
1766369700,25446.9,25455.7,25445.8,25452.1
1766370600,25452.2,25460.2,25447,25451.7
1766371500,25451.8,25457.6,25448.7,25456.2
1766372400,25456.1,25460.9,25451.8,25451.8
1766373300,25452.6,25452.9,25438.6,25440.1
1766374200,25440,25442.5,25434.6,25440.1
1766375100,25440,25444.4,25436.3,25440
1766376000,25440.2,25448.4,25432.8,25438.7
1766376900,25438.6,25444.1,25436.5,25441.7
1766377800,25441.8,25445.7,25438.8,25444.1
1766378700,25443.9,25451.3,25441.7,25442.5
1766379600,25442.4,25443.5,25429.2,25430
1766380500,25429.9,25432.9,25424.3,25426.2
1766381400,25426,25439.2,25422.9,25435.8
1766382300,25436.8,25440.7,25434.2,25434.6
1766383200,25434.4,25449.6,25434.4,25440.8
1766384100,25440.6,25444.9,25436.6,25442.6
1766385000,25442.5,25451.9,25439.7,25447.3
1766385900,25447.2,25459.3,25446.9,25450.3
1766386800,25450.2,25462.1,25449.2,25460.9
1766387700,25460.7,25471.2,25454.9,25459.9
1766388600,25459.8,25468,25457.2,25459.5
1766389500,25459.6,25468.8,25454.9,25462.4
1766390400,25462.9,25478.6,25455.7,25463.7
1766391300,25463.3,25472.6,25461.8,25466.6
1766392200,25466.7,25470.1,25453.5,25456.8
1766393100,25456.9,25463.7,25442.5,25448.7
1766394000,25448.6,25465.3,25444.2,25465.3
1766394900,25465,25476.3,25462.8,25472.2
1766395800,25472.4,25486.8,25469.4,25476.6
1766396700,25476.4,25479.5,25471.6,25472.6
1766397600,25472.8,25481.9,25467.4,25478.3
1766398500,25478.2,25478.8,25471.5,25474.4
1766399400,25474.3,25477.1,25467.9,25468.5
1766400300,25468.4,25474.8,25467,25467.6
1766401200,25467.8,25477.7,25465.7,25473.5
1766402100,25473.6,25480.5,25468.8,25476.8
1766403000,25476.6,25479.3,25465,25476.8
1766403900,25476.7,25476.9,25460.7,25461.6
1766404800,25462.6,25484.6,25459,25472
1766405700,25472.1,25492.4,25467.9,25488.7
1766406600,25488.8,25500.5,25480.4,25495.4
1766407500,25495.2,25497.7,25483.1,25496.6
1766408400,25497.5,25506.9,25492.7,25503.2
1766409300,25503.1,25518.4,25500.4,25509.5
1766410200,25509.4,25511.6,25491.7,25498
1766411100,25498.1,25514.5,25495.2,25513.4
1766412000,25514.1,25530.2,25509.8,25520.5
1766412900,25520.6,25545.5,25518.6,25540.7
1766413800,25541.7,25556.6,25433.5,25455
1766414700,25452.2,25520.4,25447.7,25508.9
1766415600,25509,25515.5,25438.5,25438.5
1766416500,25439,25476.6,25436.6,25449.8
1766417400,25449.4,25458.4,25391,25439.3
1766418300,25439.1,25451.7,25421.4,25435.6
1766419200,25436.3,25469,25434.8,25468.2
1766420100,25468.1,25482.5,25464.3,25473.6
1766421000,25472.8,25473.7,25452.7,25452.8
1766421900,25452.9,25475.8,25451.2,25475.8
1766422800,25476,25480.2,25457.1,25461.5
1766423700,25461.7,25471.8,25457.9,25461.1
1766424600,25461.2,25465,25450.9,25456.1
1766425500,25456.2,25487.5,25448.7,25482.8
1766426400,25483.1,25483.6,25452,25452.9
1766427300,25452.5,25454.8,25435.5,25450.5
1766428200,25450.4,25461.3,25444.2,25457.5
1766429100,25457.4,25460.3,25440.8,25450.8
1766430000,25450.9,25453.2,25437.7,25444.4
1766430900,25444.6,25462.4,25440.2,25460.8
1766431800,25461,25473.7,25459.4,25461.4
1766432700,25461.6,25466,25451.1,25452.8
1766433600,25452.9,25456.3,25444.5,25444.5
1766434500,25444.8,25455.8,25442,25450.3
1766435400,25450.1,25460.7,25448.4,25455.7
1766436300,25455.9,25461.6,25443,25450.9
1766437200,25450.6,25466.6,25450.5,25462.3
1766438100,25462.1,25463,25453.9,25455.3
1766439000,25455.5,25461.9,25454.3,25459.3
1766439900,25459.2,25462.4,25454.8,25460.4
1766440800,25459.7,25468.2,25458.2,25461.1
1766441700,25461.7,25467.2,25461.5,25466.6
1766442600,25466.1,25466.1,25461.7,25464.5
1766443500,25464.3,25464.5,25460.3,25461.9
1766444400,25468.5,25480.4,25464.5,25472
1766445300,25472.1,25479.5,25470.1,25477.3
1766446200,25477.7,25485.9,25474.6,25479.3
1766447100,25479.2,25482,25471.4,25478.4
1766448000,25479.7,25483.5,25472.5,25479.8
1766448900,25480,25483.5,25473.5,25479.9
1766449800,25479.8,25485.8,25473.9,25481.7
1766450700,25481.5,25486.4,25480.3,25485
1766451600,25485.1,25493.7,25474.2,25478
1766452500,25478.1,25484.2,25472,25474.3
1766453400,25474.2,25484.7,25458.8,25479.5
1766454300,25479.6,25480.4,25467.5,25473.9
1766455200,25473.8,25492.4,25472.9,25492
1766456100,25491.8,25501.9,25485,25488.6
1766457000,25488.2,25495.5,25482.4,25486.1
1766457900,25486.2,25489.2,25475.7,25487.4
1766458800,25487.7,25495.8,25483.2,25486.8
1766459700,25486.9,25488.3,25478.9,25483.1
1766460600,25483.2,25486,25478.5,25482.3
1766461500,25482.4,25483.4,25473.1,25476.6
1766462400,25476.4,25476.4,25463.3,25471.8
1766463300,25472.7,25477.3,25465.7,25466.6
1766464200,25466.5,25471,25449.9,25453.5
1766465100,25453.4,25456.8,25446.4,25456.6
1766466000,25456.5,25458.6,25447.3,25451.2
1766466900,25451,25466.4,25450.7,25463.2
1766467800,25463,25463.8,25454.7,25456.2
1766468700,25456.4,25456.5,25445.3,25445.5
1766469600,25445.2,25448.8,25438.4,25439.6
1766470500,25439.5,25445.1,25423.6,25425.3
1766471400,25425.8,25437.4,25420.7,25433.2
1766472300,25433.3,25436.4,25425.3,25435.9
1766473200,25436.4,25440.2,25424.6,25432.3
1766474100,25432.2,25442.8,25427.7,25441.4
1766475000,25441.3,25441.3,25430.6,25439.8
1766475900,25440,25447,25433.8,25438.2
1766476800,25438.5,25463.8,25433.2,25462.5
1766477700,25462.6,25474,25457.1,25464.4
1766478600,25464.2,25471.9,25458.9,25460.5
1766479500,25460.3,25465.5,25452.4,25456.7
1766480400,25456.6,25472.3,25455.4,25466.4
1766481300,25466.5,25486.1,25464.7,25483.3
1766482200,25483.7,25496.1,25483.7,25490.4
1766483100,25490.3,25492.5,25482.9,25485.3
1766484000,25485.1,25492.6,25479.7,25480.4
1766484900,25480.6,25481.8,25465,25473.9
1766485800,25473.8,25478.7,25465.7,25473.6
1766486700,25473.2,25478.6,25469.4,25474.6
1766487600,25474.2,25477.5,25458.3,25460.2
1766488500,25460.4,25469.2,25454,25463.7
1766489400,25463.6,25472.2,25459.5,25465
1766490300,25465.1,25470.1,25457.8,25461.9
1766491200,25461.5,25469.5,25439.1,25448.5
1766492100,25448.4,25452,25432.5,25433.9
1766493000,25433.8,25447.8,25429.2,25438.7
1766493900,25437.9,25453.5,25436.6,25452.5
1766494800,25453,25454.2,25433.9,25440
1766495700,25439.9,25443.2,25428.7,25439.9
1766496600,25439.7,25444.3,25375.4,25406.5
1766497500,25406.8,25415.1,25378.3,25388.2
1766498400,25388.3,25402.1,25376.7,25391.3
1766499300,25391.6,25413.6,25391,25411
1766500200,25411.5,25504,25406.2,25497
1766501100,25496.8,25519,25444.7,25463.1
1766502000,25461.6,25462.7,25397.9,25417.5
1766502900,25417.6,25457.5,25417.5,25443.9
1766503800,25444.2,25487.3,25442.8,25483
1766504700,25483.2,25510.8,25473.6,25501.9
1766505600,25499.7,25517.8,25495.2,25503.2
1766506500,25503,25521.7,25498.8,25512.6
1766507400,25512.7,25522,25500.8,25519.8
1766508300,25520,25544.4,25519.2,25541.1
1766509200,25539,25544.7,25528.6,25537
1766510100,25537.1,25542.8,25530.9,25533.3
1766511000,25533.2,25540.5,25522.2,25527.5
1766511900,25527.6,25531.3,25518.4,25522.4
1766512800,25523,25538.4,25519.8,25537.1
1766513700,25537,25545.6,25533.2,25536.7
1766514600,25537.4,25545.8,25534.8,25543.5
1766515500,25543.3,25544.8,25537.2,25541
1766516400,25539.7,25554.3,25538.8,25551.9
1766517300,25551.8,25557.1,25549.7,25552.1
1766518200,25552,25553.6,25548.6,25552.1
1766519100,25552.3,25566.2,25551.2,25563.6
1766520000,25562.6,25570.8,25561.6,25563.7
1766520900,25563.8,25572.1,25561.1,25564.8
1766521800,25565.5,25571.5,25562.2,25565.1
1766522700,25564.8,25585.6,25559,25575.9
1766523600,25575.7,25586.9,25572.1,25576.5
1766524500,25576.3,25584.4,25572.8,25581.5
1766525400,25581.3,25583.4,25575.3,25576.5
1766526300,25575.5,25580,25568.9,25573
1766527200,25572.9,25578.4,25567.5,25574.2
1766528100,25574.3,25575.5,25570.2,25571
1766529000,25571.1,25571.7,25568.6,25571.1
1766529900,25571,25574.1,25571,25572.6
1766530800,25570.3,25583.8,25567.4,25578.3
1766531700,25578.4,25579.8,25570.4,25572.4
1766532600,25572.2,25576.1,25565.6,25571.3
1766533500,25571.2,25577.1,25568,25574.4
1766534400,25575.9,25590.8,25574.8,25584
1766535300,25584.1,25585.9,25579.8,25581.5
1766536200,25581.3,25587.7,25576.5,25584.7
1766537100,25584.9,25585,25578.5,25581.9
1766538000,25582,25583.6,25575.2,25581.8
1766538900,25581.3,25588.4,25578.5,25578.5
1766539800,25578,25584.1,25568.8,25574.4
1766540700,25574.3,25585.1,25572.3,25582.3
1766541600,25581.7,25585.4,25579.2,25584.6
1766542500,25584.5,25584.5,25572.5,25573.2
1766543400,25573.1,25575.2,25556.6,25561.9
1766544300,25562,25574.7,25561.9,25566.9
1766545200,25567.1,25567.6,25561.4,25566.8
1766546100,25567,25571.1,25563.2,25569.8
1766547000,25569.3,25577.3,25568.3,25574.7
1766547900,25574.5,25576.7,25569.4,25570.1
1766548800,25570.4,25575.4,25568.3,25573.1
1766549700,25572.9,25573.2,25563.6,25564.8
1766550600,25564.5,25566.5,25561.7,25563
1766551500,25562.9,25563.4,25554.5,25555.4
1766552400,25555,25561.7,25552.3,25557.3
1766553300,25557.1,25562.6,25554.5,25561.5
1766554200,25561.4,25573,25560.1,25569.7
1766555100,25569.5,25570.2,25564.1,25564.3
1766556000,25564.6,25571.3,25564.4,25569.9
1766556900,25569.6,25573.5,25569.5,25569.9
1766557800,25569.3,25573.2,25565.1,25571.2
1766558700,25571.3,25571.6,25564.2,25566.2
1766559600,25565.5,25568.4,25564.3,25567.3
1766560500,25567.1,25567.5,25558.2,25560.8
1766561400,25560.5,25566.4,25558.7,25563.1
1766562300,25563.2,25567.2,25560.3,25562.3
1766563200,25562.5,25570,25561.5,25568
1766564100,25567.8,25570.3,25561,25567.1
1766565000,25567.2,25569.8,25561.4,25564.5
1766565900,25564.6,25568.3,25560.8,25562.7
1766566800,25562.8,25572.1,25557,25571.8
1766567700,25572.5,25580.7,25571.6,25575.1
1766568600,25574.9,25578.3,25572.4,25574
1766569500,25574.2,25575,25570.3,25572.7
1766570400,25572.1,25572.1,25561.9,25567.1
1766571300,25567,25573.5,25564.8,25566.3
1766572200,25566.8,25571.5,25565.8,25569.5
1766573100,25569.4,25571.3,25565.5,25567.6
1766574000,25567.7,25574.2,25566.6,25571.6
1766574900,25572.4,25573.2,25563.3,25566.9
1766575800,25566.8,25568.8,25560.6,25562.4
1766576700,25562.2,25566.4,25560.4,25565.5
1766577600,25565.4,25576.4,25563.2,25576.4
1766578500,25575.7,25590.3,25575.7,25580.5
1766579400,25580.6,25588.4,25580.6,25585.9
1766580300,25585.7,25591.5,25584.7,25589.3
1766581200,25587.4,25588.6,25573.9,25579.7
1766582100,25579.6,25587.5,25579.3,25587.1
1766583000,25586.3,25600,25581.8,25595.2
1766583900,25595.7,25605.9,25590.2,25597.4
1766584800,25597.2,25598.8,25584.4,25592.7
1766585700,25592.6,25593.7,25566,25570.5
1766586600,25563.6,25601.7,25558.5,25569.8
1766587500,25570.3,25586.5,25560.9,25586.3
1766588400,25585.8,25608.1,25581.1,25603.6
1766589300,25604.2,25616.4,25579.4,25591
1766590200,25590.5,25601.7,25582.9,25598.9
1766591100,25598.4,25607.1,25594,25603.5
1766592000,25604.1,25628.2,25603.9,25627.2
1766592900,25626.7,25631.1,25615.3,25628.1
1766593800,25627,25657.4,25624.7,25653.8
1766594700,25654,25657.7,25644.2,25647.5
1766595600,25647.4,25654.6,25644,25652.4
1766596500,25652.3,25653.2,25637.3,25649.3
1766597400,25648.9,25660.5,25638.6,25639.8
1766598300,25640.1,25665.7,25639.4,25651.7
1766599200,25650.9,25654.7,25625.5,25637.6
1766600100,25637.7,25637.7,25633.4,25633.9
1766703600,25652.3,25671.1,25639.4,25665.7
1766704500,25666.3,25666.3,25644.9,25655.8
1766705400,25655.7,25663.3,25653.6,25656.3
1766706300,25656,25659.7,25650.8,25659.5
1766707200,25659.3,25681.9,25658.3,25679
1766708100,25678.8,25683.4,25673.4,25680.1
1766709000,25680.2,25681.8,25674.8,25676.7
1766709900,25676.6,25679,25668,25676.1
1766710800,25675.9,25686.7,25673.8,25682.8
1766711700,25682.7,25690,25672.7,25672.7
1766712600,25672.2,25676.9,25655.5,25663
1766713500,25662.7,25667.7,25659.3,25661.4
1766714400,25661.3,25667,25660.7,25665
1766715300,25665.1,25669.6,25657.5,25658.9
1766716200,25658.8,25671.9,25657.2,25669.2
1766717100,25669,25671.4,25666.4,25669.7
1766718000,25670,25675,25668.1,25672
1766718900,25671.9,25672.5,25663.6,25663.9
1766719800,25663.7,25665.6,25656,25656.5
1766720700,25656.3,25659.4,25653.3,25654.3
1766721600,25653.8,25656,25647.5,25655.7
1766722500,25655.8,25657.4,25651,25653.2
1766723400,25653.4,25655.7,25648.1,25655.7
1766724300,25655.6,25656.6,25651.1,25651.1
1766725200,25651,25658.4,25649.2,25654.6
1766726100,25654.5,25661.5,25652.9,25658.6
1766727000,25658.5,25658.7,25650.7,25655
1766727900,25654.9,25657.7,25650,25654.2
1766728800,25654.7,25659.1,25652.1,25655.2
1766729700,25655.3,25657.7,25649.8,25651.7
1766730600,25651.6,25657.6,25646.8,25655.3
1766731500,25655.4,25656.2,25646.2,25648.9
1766732400,25649,25650.6,25642.6,25647.8
1766733300,25647.9,25648.9,25626.6,25641
1766734200,25640.9,25647.4,25635.3,25639.8
1766735100,25639.4,25642.3,25635.3,25637.6
1766736000,25635.1,25640.6,25622.1,25629.6
1766736900,25629.5,25632.4,25624.5,25629.3
1766737800,25629.2,25630.6,25621.6,25625.9
1766738700,25626,25637.5,25623.7,25635.6
1766739600,25635.5,25649.6,25633.9,25646.5
1766740500,25646.6,25648.6,25637.8,25639.9
1766741400,25640,25645.3,25639.6,25642.3
1766742300,25642.4,25655.8,25641.9,25652.9
1766743200,25652.8,25673.4,25652.8,25662.4
1766744100,25662.3,25666.7,25658.1,25660.2
1766745000,25660.3,25668.3,25658.4,25666
1766745900,25665.8,25666.6,25657.3,25662.3
1766746800,25662.2,25666.1,25658.3,25662.1
1766747700,25662.2,25663.8,25656.5,25656.5
1766748600,25656.7,25661.6,25650,25655.9
1766749500,25656.1,25657.2,25644.2,25654.4
1766750400,25655.5,25659.9,25646,25652.4
1766751300,25653,25665,25648.4,25660.8
1766752200,25660.9,25674,25658.8,25671.8
1766753100,25672,25674.6,25664.6,25668.2
1766754000,25668.1,25674.7,25663.9,25669.9
1766754900,25669.8,25680.8,25667.5,25671.2
1766755800,25671.3,25699.4,25670.2,25694.2
1766756700,25694.4,25700.9,25669.7,25674.3
1766757600,25674.1,25682.9,25669,25681.8
1766758500,25681.9,25689.1,25670.8,25677
1766759400,25677.5,25709.9,25644,25707.7
1766760300,25707.3,25713.1,25651.3,25658.1
1766761200,25659,25662.2,25614.9,25620.6
1766762100,25620.1,25664.7,25612.7,25662.4
1766763000,25662.6,25675.5,25652.4,25659.7
1766763900,25660,25684.2,25656.1,25677.8
1766764800,25677.7,25688.6,25638.1,25640.7
1766765700,25639.9,25663.2,25636.1,25659.6
1766766600,25660.3,25668.1,25654.6,25665.6
1766767500,25666.1,25668.4,25651.5,25652.1
1766768400,25652.9,25653.3,25634.8,25634.8
1766769300,25634.7,25658.1,25627.9,25657.9
1766770200,25658,25659.7,25639.1,25644.5
1766771100,25644.8,25652.9,25638,25649.3
1766772000,25649.6,25659.7,25649.3,25653.6
1766772900,25653.5,25653.5,25632.7,25648.1
1766773800,25647.6,25659.7,25647.1,25652.6
1766774700,25652.5,25671.4,25649.6,25670.2
1766775600,25669.7,25676.5,25662.6,25668.4
1766776500,25668.7,25670.4,25657.5,25659.7
1766777400,25660.3,25664.8,25653.4,25656.5
1766778300,25655.8,25673.8,25652.1,25668.9
1766779200,25668.1,25669.9,25649.2,25651.4
1766780100,25651.2,25655.7,25646.1,25651.2
1766781000,25651.1,25658.1,25648.3,25656.2
1766781900,25656.7,25657.3,25636.7,25644.8
1766782800,25644.1,25649.5,25638.4,25646.5
1766783700,25647,25647.4,25637.8,25639.1
1766784600,25639,25639.5,25632.4,25635.7
1766785500,25636,25640.5,25629.9,25630.7
1766962800,25650.8,25653.6,25635.2,25641
1766963700,25641.1,25646.2,25620.5,25637
1766964600,25636.9,25654.7,25635.3,25651.5
1766965500,25651.2,25654.2,25645.1,25646.6
1766966400,25646.9,25650.3,25634.7,25634.9
1766967300,25635.1,25643.6,25629.6,25638.7
1766968200,25638.9,25656.8,25636.2,25653.6
1766969100,25653.7,25670.7,25652.4,25669.1
1766970000,25668.3,25670.7,25650.9,25652.8
1766970900,25653,25656.4,25636.9,25638.2
1766971800,25637.9,25642.6,25613.3,25620.8
1766972700,25621,25627.8,25614.8,25620.1
1766973600,25619.8,25626.7,25618.1,25622.1
1766974500,25622.2,25624.6,25614.2,25616.4
1766975400,25616.1,25623.6,25601.8,25622.1
1766976300,25622.2,25627.6,25620.7,25621.9
1766977200,25622,25631.3,25620.1,25621.1
1766978100,25621.3,25621.7,25602.5,25610.5
1766979000,25610.4,25631.2,25610.4,25625.7
1766979900,25625.9,25630.3,25622.6,25628.8
1766980800,25628.3,25636,25628,25635
1766981700,25634.9,25638.8,25633.4,25636.7
1766982600,25637.2,25645.1,25635.1,25645.1
1766983500,25645.6,25645.6,25631.7,25632.1
1766984400,25632.4,25632.7,25602.7,25610.6
1766985300,25610.8,25613.6,25597.2,25602.6
1766986200,25602.8,25609.8,25598.9,25605.5
1766987100,25605.6,25616.6,25597.4,25600.1
1766988000,25599.9,25612.8,25592.1,25607.7
1766988900,25607.8,25622.6,25605.4,25616.2
1766989800,25617.8,25619.8,25595.9,25602.5
1766990700,25602.4,25603.3,25591.9,25596.4
1766991600,25596.3,25603,25571.5,25574.1
1766992500,25573.9,25590,25564.6,25589.6
1766993400,25590.1,25591.6,25577.7,25579.5
1766994300,25580.2,25586.6,25578.6,25579.9
1766995200,25580.9,25582.8,25558.2,25562.5
1766996100,25562.8,25574.2,25553.9,25555.3
1766997000,25555.4,25563.5,25528,25537.1
1766997900,25536.9,25537.9,25512.4,25518.9
1766998800,25519.3,25543.4,25519.3,25538.9
1766999700,25538.5,25550.5,25536.5,25548.4
1767000600,25548.3,25549.3,25523.9,25526.2
1767001500,25526.3,25544.8,25513.7,25541.9
1767002400,25542.1,25546,25528,25542.6
1767003300,25542.3,25549.5,25529.1,25540.1
1767004200,25540.2,25543.1,25531.1,25536.2
1767005100,25536,25537.6,25524.5,25527.2
1767006000,25527.7,25536.2,25517.8,25523.1
1767006900,25522.9,25528.7,25516.7,25523.8
1767007800,25524,25551.9,25523.3,25550.2
1767008700,25550.3,25555.2,25542.9,25551.1
1767009600,25549.8,25553.9,25537.3,25546.6
1767010500,25546.7,25556.9,25542.6,25547.7
1767011400,25547.2,25553.1,25523.5,25524.7
1767012300,25524.8,25535,25515.2,25524.9
1767013200,25524.4,25541.5,25515.1,25529.8
1767014100,25530.1,25535.5,25517.9,25527
1767015000,25526.7,25529.4,25512.3,25517.6
1767015900,25517.7,25521.6,25441.5,25473.7
1767016800,25474.7,25481.4,25460.3,25474.8
1767017700,25475,25491.3,25435.9,25488.2
1767018600,25486.1,25598,25446.3,25574
1767019500,25572.8,25572.9,25492.4,25503.8
1767020400,25503.9,25524.4,25447.1,25463
1767021300,25463.5,25536.5,25461.6,25531.6
1767022200,25531.4,25557.6,25523.4,25541.1
1767023100,25540.6,25542.8,25460.2,25488.7
1767024000,25490.9,25504.5,25468.7,25498.8
1767024900,25498.6,25499.9,25472.2,25491.1
1767025800,25491.5,25505.8,25468.4,25477.6
1767026700,25477.9,25498.4,25476.8,25484.1
1767027600,25483.6,25495.2,25461.7,25472.3
1767028500,25472.2,25479,25437.7,25448.4
1767029400,25447.7,25470.9,25444,25467.6
1767030300,25467.4,25493.4,25465.2,25486.8
1767031200,25485.4,25485.4,25468.6,25470.3
1767032100,25470.8,25498.5,25468.6,25489.7
1767033000,25490.2,25517.8,25488.5,25494.6
1767033900,25494.4,25495.8,25477.9,25482.7
1767034800,25483.1,25485.8,25472.9,25477.7
1767035700,25478.1,25500.4,25475.4,25499
1767036600,25498.1,25525.7,25495.5,25520.2
1767037500,25520.3,25558.6,25520.3,25550.4
1767038400,25549.5,25550.4,25533.1,25542.9
1767039300,25543.4,25552.2,25534.6,25535.3
1767040200,25535.1,25543.7,25519.6,25527.3
1767041100,25526,25540.1,25514.1,25525.3
1767042000,25524.5,25527.6,25512.5,25520.3
1767042900,25520.5,25528.2,25519.4,25526
1767043800,25526.2,25532.1,25521.5,25529
1767044700,25528.5,25531.7,25526.1,25527.2
1767045600,25527.4,25530,25523.1,25530
1767046500,25529.8,25529.8,25526.5,25527
1767047400,25527.1,25528.6,25521.2,25521.7
1767048300,25521.6,25524.1,25520.9,25522.8
1767049200,25528.6,25530.9,25511.4,25511.8
1767050100,25512.1,25513.7,25494.2,25495.2
1767051000,25495.4,25510,25494.4,25497.6
1767051900,25497.8,25498.8,25492,25492.1
1767052800,25493.1,25502.2,25487.4,25501.8
1767053700,25501.1,25509.5,25496.8,25507.8
1767054600,25508,25509.3,25495.2,25506.4
1767055500,25506.2,25512.6,25486.1,25490.4
1767056400,25490.9,25501.4,25482.9,25498.6
1767057300,25498.5,25500.9,25490.1,25493.5
1767058200,25493.7,25502.5,25488.2,25501
1767059100,25501.3,25510.9,25493,25510.5
1767060000,25510.9,25514.4,25501.8,25502.8
1767060900,25502.9,25508.7,25493.8,25494.3
1767061800,25493.8,25498.9,25491.5,25492.5
1767062700,25492.9,25497.3,25487.7,25496.1
1767063600,25496.4,25503.1,25496,25498.1
1767064500,25499,25509.5,25498.2,25508.1
1767065400,25508.6,25527.2,25507.9,25526.3
1767066300,25526.8,25527,25516.5,25522.1
1767067200,25522.4,25534.9,25514.8,25531.5
1767068100,25531.6,25537.6,25524.6,25532.3
1767069000,25532.7,25537.3,25531.8,25534.8
1767069900,25535.2,25536.8,25531.4,25533.9
1767070800,25534,25540.2,25527,25527.1
1767071700,25527,25530,25519.4,25520.8
1767072600,25520.7,25522.9,25506.5,25519.4
1767073500,25519.3,25532.7,25517.2,25530.3
1767074400,25530.1,25530.8,25515.3,25519.8
1767075300,25520.3,25521.5,25502.2,25502.5
1767076200,25503,25515.5,25501.5,25511.7
1767077100,25511.5,25517.3,25509.9,25511
1767078000,25510.4,25510.5,25494.6,25497.3
1767078900,25497.1,25499.6,25471.5,25481.9
1767079800,25481.8,25483.4,25471,25482
1767080700,25482.2,25492.4,25479,25488.6
1767081600,25488.4,25513.6,25488.2,25510.2
1767082500,25510.1,25516.3,25502.7,25507.1
1767083400,25507.6,25522,25506.1,25515.6
1767084300,25515.5,25527,25515.4,25524.3
1767085200,25522.8,25532.1,25515.1,25523.7
1767086100,25523.6,25536.5,25522.8,25534
1767087000,25534.2,25536.9,25522.6,25523.8
1767087900,25523.9,25527.3,25516.2,25525.3
1767088800,25525.2,25531.1,25518.3,25523.3
1767089700,25522.9,25531.5,25521.1,25525.4
1767090600,25525.1,25528.4,25515.7,25525.2
1767091500,25525.3,25526.4,25505.7,25514.4
1767092400,25514.5,25515.3,25493.7,25503.2
1767093300,25503.1,25504.1,25488.7,25493.5
1767094200,25493.4,25501.7,25491.3,25501.3
1767095100,25501.4,25522.6,25500.2,25518.3
1767096000,25518.2,25527.4,25514.3,25523.8
1767096900,25523.9,25529.4,25510.6,25514.9
1767097800,25515,25521,25498.3,25519.6
1767098700,25519.7,25522,25507,25513.5
1767099600,25513.6,25529,25508.7,25519
1767100500,25519.1,25531.3,25516.8,25520.4
1767101400,25519.1,25521.5,25481.4,25492.6
1767102300,25492.5,25501,25476.3,25498.8
1767103200,25498.9,25507.8,25490.3,25506.2
1767104100,25506.4,25508.4,25475.9,25479.1
1767105000,25479.2,25519.2,25468.4,25477.7
1767105900,25477.4,25561.9,25460.6,25544.4
1767106800,25544.8,25549.2,25472.4,25483.9
1767107700,25484.7,25511.6,25474.8,25487.4
1767108600,25488.3,25493.7,25472.8,25481.6
1767109500,25482.2,25542.7,25477.9,25533.6
1767110400,25533.4,25555.8,25528.8,25543.5
1767111300,25544.3,25578.3,25542.8,25559.5
1767112200,25558.7,25561.2,25516.7,25525.7
1767113100,25526.7,25528.2,25504,25506.6
1767114000,25507.5,25511.6,25496.4,25498.1
1767114900,25497.9,25513.3,25488.9,25511.7
1767115800,25511.3,25524.9,25506,25509.9
1767116700,25509.7,25521.6,25500.6,25517.8
1767117600,25517,25522.7,25496.5,25518.5
1767118500,25518.7,25526.1,25514.7,25524.6
1767119400,25524.2,25530.8,25505.8,25515
1767120300,25514.8,25525,25510.9,25518.8
1767121200,25518.7,25522.1,25501.3,25521.4
1767122100,25521.1,25529.6,25516.4,25522
1767123000,25521.5,25527.5,25510,25514.5
1767123900,25514.4,25514.9,25493.8,25500.5
1767124800,25500.3,25503,25473.1,25483.1
1767125700,25482.9,25507.2,25481.8,25495.2
1767126600,25494.1,25503.1,25491.2,25497.8
1767127500,25497.3,25497.6,25456.7,25465.6
1767128400,25464.6,25475.1,25457.3,25471.6
1767129300,25472.1,25477.1,25468.7,25472.7
1767130200,25472.6,25475.7,25466.5,25473.9
1767131100,25473.4,25475.3,25460.4,25460.4
1767132000,25463.2,25463.5,25459.8,25462.6
1767132900,25462.4,25464.8,25461.6,25464.8
1767133800,25464.7,25465.7,25463.4,25464.2
1767134700,25464.4,25464.5,25462.2,25464.5
1767135600,25468.9,25476.4,25445.5,25451.6
1767136500,25451.4,25458.9,25449.1,25451.9
1767137400,25451.7,25455.1,25432.2,25446.1
1767138300,25446.2,25447.4,25440.8,25445.9
1767139200,25446,25446.5,25422.7,25433.2
1767140100,25433.1,25439,25427.3,25437.6
1767141000,25437.5,25437.5,25423.5,25424
1767141900,25423.9,25424,25395,25404.6
1767142800,25404.5,25410.5,25376.5,25404.5
1767143700,25402.8,25414,25395.8,25408.5
1767144600,25408.4,25411,25398,25406.3
1767145500,25405.6,25411.9,25399.7,25407.8
1767146400,25407.7,25416.4,25399.8,25407.2
1767147300,25407.1,25420.5,25404,25418
1767148200,25418.1,25425.3,25409.4,25413.8
1767149100,25413.9,25417.1,25392.6,25415.4
1767150000,25415.2,25421.7,25410.8,25417.3
1767150900,25417.4,25421.5,25402.5,25403.9
1767151800,25403.8,25405.6,25394.9,25401.4
1767152700,25401.3,25406.3,25399.2,25406.1
1767153600,25406.6,25417.1,25405.1,25416.1
1767154500,25415.9,25422,25412.8,25414.9
1767155400,25415.4,25419.4,25408.5,25409.2
1767156300,25409.5,25411.3,25403,25405.8
1767157200,25405.9,25413.2,25404.6,25404.6
1767158100,25404.3,25413.1,25402,25410.8
1767159000,25410.7,25416,25397.9,25402
1767159900,25402.1,25402.4,25384.3,25389.1
1767160800,25388.8,25394.9,25382.3,25390.7
1767161700,25390.8,25391.9,25367.8,25374
1767162600,25373.9,25384.6,25373.9,25384.1
1767163500,25384.3,25386.5,25377.3,25385
1767164400,25385.1,25392,25364.9,25372.7
1767165300,25372.5,25389.7,25366.2,25389.1
1767166200,25389.3,25398.9,25386.7,25393.5
1767167100,25393.6,25396.9,25380.4,25385.6
1767168000,25385.5,25393.3,25372.6,25376.6
1767168900,25376.7,25381.4,25366.3,25366.7
1767169800,25366.5,25369.3,25342.7,25356
1767170700,25356.1,25361.1,25347.8,25347.9
1767171600,25346.1,25373.8,25345.5,25365
1767172500,25364.7,25372.3,25354.8,25358.1
1767173400,25358.2,25368,25356,25360.8
1767174300,25360.9,25366.8,25355.5,25358.3
1767175200,25358.4,25364.2,25348.9,25362
1767176100,25361.9,25376.3,25360.9,25375.3
1767177000,25375.5,25380.8,25364.6,25371.6
1767177900,25371.3,25374.9,25364,25372.6
1767178800,25372.5,25384.7,25372.3,25380.6
1767179700,25380.5,25387.4,25369.6,25383.9
1767180600,25383.8,25393.2,25381.2,25392.8
1767181500,25392.7,25399.3,25388.1,25397.7
1767182400,25398,25403.5,25386.9,25394.9
1767183300,25395,25416.4,25394.7,25410.8
1767184200,25410.5,25420.4,25408.2,25409.9
1767185100,25409.6,25419.4,25408.2,25417.3
1767186000,25417.5,25421.8,25412.6,25418.9
1767186900,25419,25439.1,25417,25435.4
1767187800,25435.2,25464.9,25429.8,25462.6
1767188700,25462.8,25502.6,25461,25492.6
1767189600,25492.4,25504.6,25487.1,25489.4
1767190500,25489.5,25491.4,25467.1,25469.2
1767191400,25468.4,25480,25398.3,25409.8
1767192300,25409.4,25424.2,25371.7,25395.9
1767193200,25395.2,25406.5,25372.8,25392.3
1767194100,25392.2,25399.7,25357.2,25391.4
1767195000,25390.8,25397.9,25363.9,25376.8
1767195900,25376.6,25376.9,25332,25344
1767196800,25343.2,25357.8,25342.3,25352.2
1767197700,25352.3,25386.4,25352.3,25385.5
1767198600,25385.8,25386.9,25361.6,25367.5
1767199500,25367.6,25396,25360.9,25394.3
1767200400,25394.4,25395.6,25357.7,25370.5
1767201300,25370.6,25382,25365.7,25376.7
1767202200,25376,25393.4,25373.5,25383.7
1767203100,25383.6,25385.2,25361.7,25370.3
1767204000,25369.8,25392.3,25362.3,25392.3
1767204900,25392,25393.2,25373.6,25392
1767205800,25392.1,25414.4,25385.3,25407.1
1767206700,25407.6,25419.1,25400.8,25403.6
1767207600,25403.4,25422.5,25403.4,25408.9
1767208500,25409.1,25409.6,25370,25371.3
1767209400,25371.5,25374.7,25325.2,25338.9
1767210300,25338.7,25344.9,25321.7,25325.4
1767211200,25325.1,25327,25273.5,25288.5
1767212100,25287,25301.7,25261.9,25266.1
1767213000,25266.6,25302.5,25260.2,25294.7
1767213900,25294.9,25298.2,25233.8,25245.1
1767214800,25242.3,25258.1,25226.4,25244.1
1767215700,25244,25244,25227.3,25231.6
1767216600,25231.4,25232,25223.2,25229.5
1767217500,25229.3,25231,25214.4,25218.2
1767308400,25258.4,25277.1,25235.2,25266.9
1767309300,25267.2,25284.1,25266.5,25273.4
1767310200,25273.5,25286.7,25268,25281.8
1767311100,25281,25292.6,25276.5,25285.2
1767312000,25285,25288.7,25261.9,25275.5
1767312900,25274.4,25296.8,25271.9,25294.2
1767313800,25294,25296.6,25281.2,25288.7
1767314700,25288.6,25301.7,25284.4,25298.2
1767315600,25299.3,25324.8,25298.4,25318
1767316500,25318.1,25323.1,25307.5,25319.7
1767317400,25318.9,25342,25318.9,25337.9
1767318300,25338,25344.2,25330.9,25342.7
1767319200,25343,25362,25342.7,25362
1767320100,25362.1,25380.8,25356.1,25377.7
1767321000,25377.6,25381.9,25372.6,25377
1767321900,25376.8,25396.3,25374.7,25391.2
1767322800,25390.4,25395.9,25384.7,25392.2
1767323700,25392.5,25393.8,25387.5,25391.3
1767324600,25391.4,25409.5,25383.5,25406.7
1767325500,25406.9,25414.9,25400.7,25414.1
1767326400,25414.2,25420.1,25407.8,25415.8
1767327300,25415.7,25425.7,25409.4,25416.6
1767328200,25416.7,25422,25405.2,25420
1767329100,25420.2,25423,25412,25413.8
1767330000,25413.9,25416,25400.6,25410.5
1767330900,25410.3,25421,25409.8,25419.2
1767331800,25418.9,25420.5,25409.8,25411
1767332700,25411.3,25432.2,25410.1,25426.7
1767333600,25426.6,25432.5,25422.5,25429
1767334500,25429.2,25431.4,25425.6,25427.6
1767335400,25427.5,25437.5,25422.1,25433.9
1767336300,25434,25436.3,25423.6,25425
1767337200,25423.8,25435.1,25419.5,25419.5
1767338100,25419.1,25431.5,25414.4,25425.2
1767339000,25425.3,25431.5,25422.3,25427.2
1767339900,25427,25430.9,25414.6,25426.4
1767340800,25426.5,25481.6,25425.4,25476.7
1767341700,25476.6,25490.4,25468.4,25475.1
1767342600,25475,25484.7,25463.7,25480
1767343500,25481,25507.4,25478.3,25498
1767344400,25497.8,25525.7,25493.1,25522.6
1767345300,25522.1,25523.4,25503.6,25520.8
1767346200,25520.7,25523.5,25513.2,25517.9
1767347100,25517.8,25525,25509.6,25520.7
1767348000,25520.8,25525.2,25511.1,25515.4
1767348900,25515.5,25524.3,25499.9,25504.3
1767349800,25504.4,25512.8,25495.4,25509.8
1767350700,25509.9,25523.9,25509.9,25518.5
1767351600,25518.8,25530.4,25518.7,25522.8
1767352500,25522.6,25525,25502.9,25505.4
1767353400,25505.3,25518,25505.2,25514.8
1767354300,25514.7,25518.2,25505,25514.6
1767355200,25514.7,25514.7,25468.1,25480.5
1767356100,25480.8,25490.8,25476.5,25483.9
1767357000,25483.6,25494.5,25476.7,25491.3
1767357900,25491.4,25493.9,25481.1,25491.1
1767358800,25490.8,25496.1,25484.5,25490.5
1767359700,25490.8,25496.3,25476.1,25485.9
1767360600,25485.8,25491.2,25476.5,25483.9
1767361500,25483.8,25491.4,25468.1,25481.1
1767362400,25481.3,25495.7,25462.2,25464.6
1767363300,25464.5,25483.2,25450.7,25476.3
1767364200,25476.4,25521.6,25428.5,25477.6
1767365100,25477.5,25587.4,25477.5,25525.5
1767366000,25525.9,25573.9,25393.5,25404.7
1767366900,25403.2,25405,25257.4,25289.5
1767367800,25287.4,25406.9,25268.5,25386.7
1767368700,25385.9,25397.7,25165.9,25180.6
1767369600,25182.1,25192.5,25105.7,25191.7
1767370500,25191,25218,25140.1,25187.6
1767371400,25188.2,25238.1,25173.8,25178.4
1767372300,25176.4,25192.6,25116.8,25154.7
1767373200,25156.1,25216.9,25130.8,25210.7
1767374100,25210.8,25219.3,25176.4,25200.8
1767375000,25199.7,25214.6,25175.1,25186.9
1767375900,25186.7,25197.7,25127.6,25139.2
1767376800,25139.4,25168.7,25129,25132.3
1767377700,25131.1,25179.7,25123,25148.2
1767378600,25147.2,25162.6,25131,25155.1
1767379500,25155.4,25166.9,25081.4,25111.1
1767380400,25112.2,25210.7,25106.1,25203.3
1767381300,25204.8,25230.3,25181.4,25223.9
1767382200,25223.1,25268.3,25222.6,25246.1
1767383100,25246.2,25256.4,25200.7,25212
1767384000,25214,25248.9,25203.3,25235.4
1767384900,25235,25263.3,25230,25245.3
1767385800,25245,25253.4,25205.8,25207.3
1767386700,25207.4,25218.5,25182.3,25197.9
1767387600,25200.1,25227.6,25194.9,25210.5
1767388500,25211,25211.2,25204.1,25207.9
1767389400,25208,25214.4,25207.2,25212.3
1767390300,25212.6,25212.8,25192.6,25207.4
1767567600,25243,25271.4,25222.9,25241.6
1767568500,25242.2,25279.9,25238.4,25274.6
1767569400,25274.5,25276.1,25247.1,25247.9
1767570300,25248.9,25277.9,25234.5,25273.8
1767571200,25276,25294.1,25263.8,25270.6
1767572100,25271.2,25296.3,25270.3,25286
1767573000,25286.3,25289.4,25252.3,25269.5
1767573900,25269.8,25287.7,25268.5,25283.4
1767574800,25283.9,25302.9,25268.1,25281.8
1767575700,25281.7,25285.3,25266.8,25284.6
1767576600,25284,25302.5,25281,25294.6
1767577500,25294.5,25296.3,25269,25274.6
1767578400,25274.1,25299.5,25273.7,25286.4
1767579300,25286.3,25292.2,25278,25283.1
1767580200,25283.2,25287.8,25270.2,25284.4
1767581100,25284.3,25295.4,25283,25289.9
1767582000,25289.8,25298.1,25285.8,25288.7
1767582900,25288.5,25293.1,25284.3,25289.5
1767583800,25289.7,25289.7,25279,25282
1767584700,25281.5,25285.1,25274.1,25280.5
1767654000,25402.6,25414.1,25398.7,25405.2
1767654900,25405.5,25407.6,25394.9,25404.5
1767655800,25404.4,25405,25381.1,25386.1
1767656700,25386.5,25390.7,25377.6,25382.6
1767657600,25383.6,25396.9,25372.1,25372.1
1767658500,25371.9,25387.3,25370.1,25386.9
1767659400,25387,25389,25370.1,25375.8
1767660300,25375.9,25383.3,25373.8,25380.8
1767661200,25378.8,25395.1,25371.8,25388.1
1767662100,25388.2,25415.5,25383.6,25409.1
1767663000,25409.2,25414.8,25406.3,25408.5
1767663900,25408.6,25418.9,25405.9,25413.2
1767664800,25413,25421.7,25408.6,25409
1767665700,25408.9,25424.1,25407.5,25420.3
1767666600,25420.4,25433.1,25416.7,25428.9
1767667500,25428.8,25440.5,25428.1,25439.1
1767668400,25439,25444.6,25437.1,25442.5
1767669300,25442.3,25444,25436.1,25437.8
1767670200,25437.9,25443,25436.4,25442.2
1767671100,25442.1,25442.2,25433.3,25436.7
1767672000,25436.9,25453.8,25436.6,25452.2
1767672900,25452.5,25456.1,25449.2,25456
1767673800,25456.1,25460.2,25448,25454
1767674700,25454.1,25463.4,25452.7,25462.6
1767675600,25462.5,25467.8,25456.5,25467.3
1767676500,25467.1,25469.5,25461.6,25462.4
1767677400,25462.1,25466.9,25457.6,25457.6
1767678300,25457.5,25460.1,25453.8,25459.1
1767679200,25459.6,25474.2,25459.4,25471.9
1767680100,25472,25483.5,25469.9,25477
1767681000,25477.2,25490.6,25477,25488.5
1767681900,25488.4,25488.9,25479.8,25484.7
1767682800,25484.6,25486,25470.2,25475.8
1767683700,25475.7,25475.8,25464.7,25467.9
1767684600,25468,25474.3,25463,25463.2
1767685500,25463.1,25466.1,25457.9,25463.5
1767686400,25464.1,25464.1,25403.3,25405.3
1767687300,25405.7,25409.5,25364,25370.1
1767688200,25368.3,25378.1,25343.4,25375.4
1767689100,25375.8,25394.6,25371.8,25387.1
1767690000,25387.8,25399.8,25373.1,25395.3
1767690900,25394.9,25403.6,25377.5,25386.1
1767691800,25386,25406.1,25380.7,25405.3
1767692700,25405.4,25424.5,25394.8,25401.8
1767693600,25402.3,25407.9,25391.2,25396
1767694500,25395.9,25400.3,25386.9,25397
1767695400,25396.9,25411,25394.1,25407.9
1767696300,25408,25413.8,25399.7,25408.2
1767697200,25409,25422.1,25408.4,25414.9
1767698100,25414.7,25417.9,25405.9,25409.3
1767699000,25409.4,25414.2,25406,25412
1767699900,25412.1,25426.7,25407.1,25412.3
1767700800,25411.3,25433.1,25407.1,25430
1767701700,25430.2,25434.1,25424.6,25432.2
1767702600,25431.9,25450.4,25426.9,25449
1767703500,25448.8,25464.8,25447.8,25456.3
1767704400,25456.2,25466.5,25440.3,25447
1767705300,25447.5,25458.5,25435.7,25440.5
1767706200,25440.7,25453.5,25435.6,25438.1
1767707100,25438.4,25442.1,25406.8,25432.1
1767708000,25431.9,25435.5,25408.8,25431.2
1767708900,25431.5,25453.5,25424.1,25452
1767709800,25452.3,25492.4,25425.8,25480.7
1767710700,25482.2,25578.3,25478.4,25570.2
1767711600,25568.2,25588.3,25543.3,25569.6
1767712500,25570.4,25593.1,25547.6,25586.8
1767713400,25587,25587,25532.3,25538.2
1767714300,25538.5,25550.8,25491.6,25503.6
1767715200,25505.6,25505.6,25458,25489.7
1767716100,25489,25527.8,25478.4,25497.1
1767717000,25495.3,25519.6,25476.8,25483
1767717900,25483.5,25518.8,25479.7,25513.4
1767718800,25513.3,25536,25493.6,25532.1
1767719700,25532.4,25560.7,25525.5,25551.7
1767720600,25551.4,25601.3,25550.5,25583.2
1767721500,25583.5,25588.2,25563.8,25574.2
1767722400,25576.2,25580.3,25562.4,25579.5
1767723300,25579.4,25596.2,25573.5,25574.4
1767724200,25574.8,25600,25566.3,25599.3
1767725100,25599.4,25620.6,25598.3,25619.8
1767780000,25567.8,25578.4,25559.1,25575.1
1767780900,25575.2,25575.5,25550.3,25551.1
1767781800,25551,25558.3,25544.8,25548.9
1767782700,25548.8,25556.3,25543.1,25556.2
1767783600,25556.5,25564.9,25548.8,25561
1767784500,25560.9,25565.8,25554.1,25557.5
1767785400,25557.9,25579.7,25555.1,25573.8
1767786300,25574.1,25585.4,25571.4,25584.4
1767787200,25584.8,25597.3,25577.3,25587.8
1767788100,25587.6,25598.5,25585.8,25590.2
1767789000,25590.3,25590.7,25568.3,25583.7
1767789900,25583.4,25593.8,25575.4,25582.4
1767790800,25582.1,25585.3,25570.5,25579
1767791700,25578.5,25592.8,25578.5,25591.7
1767792600,25592.1,25609.7,25582.5,25605.3
1767793500,25604.8,25605.5,25587.6,25603.4
1767794400,25602.9,25606,25577.9,25588.7
1767795300,25588.6,25607.1,25578.3,25606.1
1767796200,25606.6,25679.9,25587.8,25670.7
1767797100,25671,25701.5,25661.2,25676.4
1767798000,25675.8,25691.1,25632.3,25679.6
1767798900,25680.8,25696.3,25643.8,25687.4
1767799800,25686.8,25722.7,25633.2,25674.2
1767800700,25674.5,25731.2,25671.9,25725.4
1767801600,25725,25747,25723.7,25743.6
1767802500,25744.3,25747.6,25697.8,25714
1767803400,25715.4,25764.4,25710.3,25762.9
1767804300,25762.8,25791.4,25759.4,25789.4
1767805200,25790.3,25808.7,25784.7,25796.5
1767806100,25796.4,25810,25790.3,25804.2
1767807000,25804.6,25816.5,25795.5,25813.8
1767807900,25813.9,25815.6,25781.9,25791.6
1767808800,25791.4,25792.9,25767.1,25779.1
1767809700,25779,25780,25746.5,25749.1
1767810600,25750,25792.3,25748.7,25789
1767811500,25788.7,25795.8,25768.4,25772.9
1767812400,25773.4,25774.1,25720.9,25738.3
1767813300,25738.9,25741.6,25710.5,25718.9
1767814200,25720.2,25742.7,25713.1,25734.8
1767815100,25734.9,25738.3,25721.4,25722.8
1767816000,25722.6,25733.8,25684.3,25690.7
1767816900,25690.4,25706.6,25672.7,25680.8
1767817800,25680.4,25682.3,25636.8,25653.1
1767818700,25653.2,25667.4,25639.8,25653.4
1767819600,25653,25656.4,25641.9,25648
1767820500,25647.5,25655.4,25640,25652.3
1767821400,25652.2,25654.1,25648,25650.9
1767822300,25650.8,25660.5,25649.6,25654.8
1767823200,25654.6,25655.7,25652,25653
1767824100,25653.1,25661.1,25653.1,25660
1767825000,25660.2,25667.5,25658.1,25661.3
1767825900,25661.4,25663.1,25660.8,25663.1
1767826800,25662.7,25672.2,25649.3,25649.7
1767827700,25649.6,25660.3,25645.5,25653.7
1767828600,25653.6,25658.3,25649.8,25656.7
1767829500,25656.6,25657.8,25641.6,25646
1767866400,25593,25593,25566.2,25574.8
1767867300,25574.6,25579.1,25569.3,25572
1767868200,25571.6,25592.1,25568.4,25588.5
1767869100,25588.4,25597.9,25575.1,25596.4
1767870000,25596.9,25604.6,25586.9,25597
1767870900,25597.1,25609.1,25589.7,25601.8
1767871800,25600.7,25608.2,25566.8,25597.3
1767872700,25597.4,25608.9,25590.3,25592.9
1767873600,25592.8,25598,25569.4,25582.9
1767874500,25583.4,25601.3,25581.7,25598.4
1767875400,25598.3,25598.6,25576.6,25581.7
1767876300,25581.8,25600.8,25577.4,25591.3
1767877200,25591.4,25609.7,25581,25606.3
1767878100,25607,25633.3,25597.1,25627.9
1767879000,25627.8,25641.6,25608.8,25621.6
1767879900,25622.1,25624.9,25610.1,25623.6
1767880800,25623.4,25635.1,25605.8,25618.4
1767881700,25618.3,25621.9,25596.9,25608.9
1767882600,25609.6,25625.6,25438.7,25446
1767883500,25445.7,25500.2,25422.7,25428.6
1767884400,25429.3,25508,25396.3,25503.1
1767885300,25503.3,25539.2,25493.9,25523.8
1767886200,25523.3,25530.7,25451.3,25509.6
1767887100,25509.5,25517.2,25436.7,25509.4
1767888000,25510,25511.4,25455.7,25462.5
1767888900,25462.1,25494.2,25442.4,25450.9
1767889800,25451,25477.8,25410.1,25473.3
1767890700,25474.8,25503.8,25457.5,25494.6
1767891600,25495.4,25499.3,25460.4,25477.1
1767892500,25476.1,25504.5,25452.4,25462.2
1767893400,25462.5,25503.9,25460.1,25497
1767894300,25497.2,25527.8,25497.2,25504.6
1767895200,25505,25509.2,25447.5,25451.5
1767896100,25452.3,25494.5,25445.2,25483.3
1767897000,25484,25492.3,25474.4,25484.8
1767897900,25484.7,25501.8,25451,25457.7
1767898800,25458.5,25483.4,25438.6,25439.3
1767899700,25439.8,25473.4,25423.1,25453.5
1767900600,25452.7,25470.2,25438.2,25445.1
1767901500,25445,25470.8,25441.9,25459.2
1767902400,25458.9,25479.6,25448.8,25478.9
1767903300,25479,25505.3,25462.1,25497.8
1767904200,25497.1,25521.3,25488.6,25501.2
1767905100,25501.4,25520.6,25492.7,25502.5
1767906000,25501.9,25522.6,25501,25510.7
1767906900,25510.5,25519,25504.5,25516.8
1767907800,25516.3,25561.3,25516.2,25551
1767908700,25550.8,25555.5,25526.3,25531.1
1767909600,25529.6,25546.9,25528,25542.9
1767910500,25543.1,25552.4,25542.7,25551.6
1767911400,25551.7,25566.5,25548.3,25557.3
1767912300,25557.2,25561.8,25549,25551.7
1767913200,25551.4,25552.3,25532.6,25534.5
1767914100,25534.9,25536.1,25517.2,25519.2
1767915000,25519.3,25523.4,25508.7,25512
1767915900,25511.9,25517.7,25497.2,25501.4
1767916800,25499.5,25513.3,25497.4,25511.6
1767917700,25511.4,25519.7,25498,25511.2
1767918600,25511.4,25520.2,25508.8,25519.6
1767919500,25519.7,25519.7,25490.7,25491.4
1767920400,25490.7,25503.7,25488.3,25494.3
1767921300,25494.2,25498.5,25455.7,25463.1
1767922200,25463.7,25466.9,25452.8,25463
1767923100,25463.3,25479.5,25460.5,25477.2
1767924000,25477.5,25489.4,25473.4,25478.7
1767924900,25478.6,25514.5,25477.1,25514
1767925800,25513.6,25515.1,25497.8,25512.2
1767926700,25512.3,25519.5,25501.2,25508.4
1767927600,25508.3,25512.9,25494.4,25509.2
1767928500,25509.1,25515.3,25497.1,25498
1767929400,25497.7,25506.7,25491.8,25505.3
1767930300,25505.4,25508.7,25495.2,25500.1
1767931200,25500.2,25505.7,25489.2,25493.4
1767932100,25493.6,25498.6,25482.4,25494.7
1767933000,25494.8,25501.4,25491.8,25498.3
1767933900,25498.4,25506.4,25491.8,25503.5
1767934800,25503.6,25514.2,25499.7,25501.6
1767935700,25501.4,25509.2,25499,25506.5
1767936600,25507,25507,25491.8,25495.3
1767937500,25495.1,25521,25491.4,25518.6
1767938400,25518.5,25527.7,25497,25507.1
1767939300,25506.9,25509.3,25499.8,25507
1767940200,25507.7,25522,25506.4,25519
1767941100,25519.1,25525.1,25511.9,25516.3
1767942000,25516.7,25517.2,25505.8,25513.1
1767942900,25513.4,25513.8,25478.6,25482.9
1767943800,25483,25500,25477.8,25494.8
1767944700,25494.6,25507.2,25492.9,25496.8
1767945600,25497.8,25524.2,25496.6,25514.2
1767946500,25514.4,25525.5,25508,25514.7
1767947400,25515.9,25522.8,25496,25515.2
1767948300,25515.7,25516,25490.5,25499
1767949200,25498.8,25506.7,25486.7,25499.6
1767950100,25499.4,25520.9,25496.7,25520.2
1767951000,25520.3,25549.7,25520.3,25536.4
1767951900,25536.8,25550.3,25534.7,25546.2
1767952800,25548.1,25555.1,25542.4,25546.4
1767953700,25546.5,25561.1,25546.5,25555.3
1767954600,25555.1,25560.4,25546.8,25550.3
1767955500,25550.5,25560.1,25549.5,25552.2
1767956400,25552,25559.9,25545.7,25550.6
1767957300,25550.8,25574.5,25549.2,25570.5
1767958200,25570.7,25590.1,25568.3,25589.4
1767959100,25589.3,25591.1,25562.6,25568
1767960000,25565.8,25578.3,25560.9,25563.6
1767960900,25563.4,25564,25546.1,25551.5
1767961800,25551.8,25554.4,25539.1,25553.5
1767962700,25553.3,25574.5,25553.3,25574
1767963600,25573.8,25578.6,25557.1,25567.2
1767964500,25567.1,25574.7,25551.2,25567.2
1767965400,25567.1,25630.4,25564.5,25617.7
1767966300,25617.9,25632.6,25607.2,25629.8
1767967200,25629.4,25650.6,25577.5,25594.1
1767968100,25594,25598.2,25526.4,25539.6
1767969000,25540.1,25614.2,25477.1,25578
1767969900,25576.9,25593.2,25501.1,25560.8
1767970800,25560.7,25583.9,25445.5,25572.9
1767971700,25572.6,25685.6,25559.3,25678.3
1767972600,25680.1,25705.5,25608.2,25608.5
1767973500,25608.3,25641.3,25591.1,25638.2
1767974400,25638.4,25728.1,25638.4,25718.5
1767975300,25718.4,25721.5,25685.9,25690.4
1767976200,25690.3,25703.4,25672.3,25695
1767977100,25694.9,25746.6,25694.2,25736.7
1767978000,25735,25750.7,25723.4,25738.8
1767978900,25739,25749.8,25711.2,25740.9
1767979800,25738.9,25750.5,25729.8,25736.1
1767980700,25736,25761.2,25731.2,25749.4
1767981600,25748.8,25748.8,25712.1,25716.8
1767982500,25716.9,25734.5,25707.4,25733.1
1767983400,25732.8,25786,25732.3,25766.1
1767984300,25765.9,25792.5,25764.7,25785.9
1767985200,25785.8,25787.6,25773,25781.5
1767986100,25781.4,25793.9,25781.4,25785.3
1767987000,25785.5,25790.7,25778.8,25789.1
1767987900,25788.8,25798.9,25779.8,25780.6
1767988800,25780,25799.9,25775.3,25793.1
1767989700,25792.5,25812.3,25790.5,25795
1767990600,25794.6,25799.2,25781.2,25787.8
1767991500,25787.7,25791.6,25759.3,25760
1767992400,25759.4,25770,25754.5,25759.7
1767993300,25757.5,25768.6,25755.7,25760.6
1767994200,25760.4,25761.8,25751.9,25753.2
1767995100,25752.9,25761.6,25750.9,25759.3
1768172400,25761.5,25767.2,25700.4,25736
1768173300,25736.1,25742,25708.8,25731
1768174200,25731.1,25741.5,25726.9,25734.8
1768175100,25735,25740.3,25724,25724.2
1768176000,25724,25732.2,25687,25690.3
1768176900,25691.4,25700.6,25685.7,25692.3
1768177800,25692.1,25692.6,25603.3,25635.7
1768178700,25636.3,25643.9,25611.2,25619.4
1768179600,25620.5,25627.3,25591.2,25611.9
1768180500,25612.9,25614.8,25578.3,25585.4
1768181400,25585.6,25599.6,25552.8,25598.9
1768182300,25599.1,25614.7,25596.7,25608.3
1768183200,25608.6,25608.7,25574.4,25577.3
1768184100,25577.4,25580.7,25563.8,25573.8
1768185000,25573.9,25591,25573,25587.4
1768185900,25587.3,25596.2,25571.3,25580
1768186800,25580.1,25585.1,25570.6,25575.5
1768187700,25575.4,25584.6,25573.1,25577.7
1768188600,25577.6,25585.2,25572.4,25578.3
1768189500,25578.4,25579.3,25541,25570
1768190400,25571.1,25571.9,25550.4,25556.1
1768191300,25556.6,25563.2,25547,25560.9
1768192200,25560.7,25570.1,25556.2,25561.8
1768193100,25561.7,25565.2,25554.9,25558.8
1768194000,25559.1,25575.1,25552.9,25552.9
1768194900,25552.7,25554.6,25524.6,25534.7
1768195800,25533.9,25533.9,25518.7,25521
1768196700,25520.8,25532.5,25508.4,25531.5
1768197600,25532.2,25557.5,25529,25549.2
1768198500,25549,25550.2,25529.6,25541
1768199400,25541.5,25548.5,25536.9,25545.9
1768200300,25546,25553.8,25543.6,25549.9
1768201200,25549.7,25578.9,25547.8,25567.3
1768202100,25567.9,25571.3,25555.3,25565.9
1768203000,25566,25566.9,25554.8,25559.9
1768203900,25560,25568,25554.7,25564
1768204800,25564.3,25582.4,25546.7,25547.9
1768205700,25548.1,25553.6,25491.7,25508.8
1768206600,25508.9,25509.4,25466.5,25481.5
1768207500,25481.8,25505.5,25470.5,25491.1
1768208400,25491.3,25531.4,25491.3,25527.5
1768209300,25527.6,25531.6,25504.2,25511.3
1768210200,25511,25516.7,25498.5,25507.6
1768211100,25507.4,25538.3,25507.2,25529.6
1768212000,25529.7,25534.2,25518.5,25522
1768212900,25521.9,25538.2,25518.5,25535.9
1768213800,25536.4,25554.4,25536.4,25546.1
1768214700,25546.2,25549.2,25532.9,25538.6
1768215600,25539,25563.7,25536.5,25559.6
1768216500,25559.7,25563.1,25544.9,25549.5
1768217400,25550.4,25554,25542.1,25548.3
1768218300,25548.4,25556,25542,25550.4
1768219200,25550.3,25573.5,25544.4,25562.6
1768220100,25562.7,25571.3,25556.7,25560.1
1768221000,25560.2,25579.7,25559.8,25573.9
1768221900,25573.7,25592,25568,25585.1
1768222800,25585,25592,25558.7,25562.8
1768223700,25563.3,25593.9,25562.3,25585.6
1768224600,25585.2,25586.8,25569.8,25576.2
1768225500,25575.8,25590.4,25571.3,25574.3
1768226400,25574.7,25585.2,25562.7,25573.9
1768227300,25573.4,25582.5,25551.8,25578.3
1768228200,25578.5,25720.9,25578.5,25687
1768229100,25686.8,25755.3,25666.7,25733.1
1768230000,25733,25738.8,25699.7,25737.3
1768230900,25737.5,25767.4,25718.1,25755.6
1768231800,25755.9,25757.7,25708.4,25721.6
1768232700,25721.3,25753.9,25698,25749.3
1768233600,25748.7,25780.9,25734.5,25780.3
1768234500,25780.2,25794.1,25763.3,25774.7
1768235400,25772.8,25782.7,25762.4,25762.8
1768236300,25762.3,25800.5,25753.7,25792
1768237200,25790.4,25805.1,25781.4,25800.5
1768238100,25800,25802.4,25781.5,25794.5
1768239000,25794.8,25795.4,25771.2,25791.2
1768239900,25791.5,25804.4,25789.1,25798.6
1768240800,25800.8,25823.8,25797.6,25816.3
1768241700,25816.4,25828.3,25807,25822.1
1768242600,25822,25824.8,25810.9,25813
1768243500,25812.9,25824.6,25806.4,25810.7
1768244400,25809.2,25814.4,25792.8,25812.7
1768245300,25813,25834.5,25808.1,25827.8
1768246200,25827.4,25847.9,25826.7,25837.9
1768247100,25838,25847.7,25836.2,25846.8
1768248000,25846.7,25850.8,25829.8,25835.1
1768248900,25834.9,25835.3,25817.5,25823
1768249800,25823.2,25827.5,25805.4,25811.2
1768250700,25810,25821.8,25783,25783
1768251600,25783.2,25795.2,25778.4,25790.2
1768252500,25789.2,25804.5,25782.7,25801.3
1768253400,25801.5,25801.7,25791.6,25798.4
1768254300,25798.5,25798.5,25762.1,25771.2
1768255200,25771.3,25775,25770.2,25775
1768256100,25775.1,25778.3,25773.6,25776.5
1768257000,25778.8,25782.1,25777.7,25781.1
1768257900,25781,25782.9,25779.4,25781.6
1768258800,25782,25784.8,25745.7,25761.2
1768259700,25761.1,25769.9,25759,25761.1
1768260600,25760.8,25763.8,25746.6,25752.1
1768261500,25751.9,25752.2,25725.9,25728.6
1768262400,25728.4,25732.6,25714.9,25719.3
1768263300,25719.6,25730.2,25715.1,25716.3
1768264200,25716.4,25720.6,25705.7,25708.9
1768265100,25708.6,25715.2,25704.7,25708.5
1768266000,25708.3,25715.4,25703.4,25707.4
1768266900,25707.3,25714.7,25704.7,25706.8
1768267800,25705.7,25710.5,25680.1,25686.7
1768268700,25686.6,25723.4,25678.7,25711.5
1768269600,25711.6,25730.6,25710,25723.3
1768270500,25723.5,25729.7,25708.3,25711.4
1768271400,25711.3,25725,25709.1,25719.8
1768272300,25719.9,25723.3,25707.4,25711.5
1768273200,25711.6,25721.8,25700.4,25718.4
1768274100,25718.3,25725.6,25713.6,25718
1768275000,25717.7,25720.3,25693.4,25701.3
1768275900,25700.6,25718.4,25695,25715.5
1768276800,25715.7,25718.5,25709.3,25710.6
1768277700,25710.8,25725.2,25707.8,25717.7
1768278600,25717.8,25719.8,25703.6,25705.3
1768279500,25704.9,25724.3,25702.1,25718.7
1768280400,25719.1,25721.1,25710.9,25714.7
1768281300,25714.5,25738.5,25712.5,25738.1
1768282200,25738,25740.1,25717,25731.7
1768283100,25731.6,25739.7,25728.3,25737
1768284000,25736.5,25750.7,25736.4,25748.2
1768284900,25748.1,25756.2,25744.2,25752.1
1768285800,25753.5,25760.8,25745.4,25751.7
1768286700,25751.8,25768,25746.4,25751.3
1768287600,25751.2,25760,25742.1,25759.2
1768288500,25759.3,25760.8,25742.9,25749.8
1768289400,25749.9,25754.6,25745.2,25752.1
1768290300,25751.9,25759,25751.1,25752.2
1768291200,25749.7,25756.5,25735.4,25736.6
1768292100,25736.3,25759.6,25735.2,25753.9
1768293000,25753.5,25757.1,25730.7,25750.3
1768293900,25750.4,25750.8,25738.4,25739.7
1768294800,25741.2,25766.4,25741.2,25763.6
1768295700,25763.8,25772.2,25756.4,25757.4
1768296600,25756.9,25762.6,25727.1,25732.4
1768297500,25731.9,25750.9,25729.4,25745.3
1768298400,25744.8,25748.7,25711.7,25713.9
1768299300,25714,25725.7,25706.4,25716
1768300200,25715.9,25731.2,25714.9,25719.7
1768301100,25719.6,25723.5,25711.1,25714
1768302000,25713.7,25730.6,25711.9,25718.9
1768302900,25719,25729.4,25715.9,25723
1768303800,25723.1,25723.7,25705.7,25710
1768304700,25709.8,25736.7,25709.6,25736.5
1768305600,25736.2,25743.7,25723.9,25739.6
1768306500,25739.5,25752.3,25737.9,25750.7
1768307400,25750.6,25753.5,25743.5,25751.1
1768308300,25750.9,25751.7,25724.2,25729.3
1768309200,25729.2,25743.8,25723,25734.7
1768310100,25734.6,25746.1,25722.3,25745.2
1768311000,25745.8,25879.2,25745.8,25824.7
1768311900,25823.5,25827,25778.5,25805.7
1768312800,25805.8,25814.3,25794.4,25804.3
1768313700,25804.4,25835,25783.1,25784.3
1768314600,25784.8,25877.6,25766.7,25826.8
1768315500,25826.6,25837.2,25775.5,25782.1
1768316400,25782.2,25803,25727.7,25748.9
1768317300,25748.8,25748.8,25647.7,25678.1
1768318200,25679.2,25717.5,25658.6,25670.1
1768319100,25669.9,25741.4,25648.3,25732.1
1768320000,25730.9,25748,25717.5,25739.9
1768320900,25739.7,25760.3,25683.9,25742.2
1768321800,25742.4,25816.5,25731.4,25808.7
1768322700,25808.4,25859.7,25805.9,25841.9
1768323600,25841.6,25851,25825.1,25825.8
1768324500,25826.1,25828.4,25776.8,25800.4
1768325400,25800.6,25812.2,25750.2,25761.6
1768326300,25761.3,25782,25692.7,25711.2
1768327200,25713.2,25740.9,25689.4,25740.5
1768328100,25740.3,25747.4,25701.5,25710.6
1768329000,25711.1,25740.5,25697.7,25700.8
1768329900,25701.1,25715.4,25668.7,25675.1
1768330800,25676.6,25689.5,25656.4,25664.2
1768331700,25664.4,25704.7,25662.8,25702
1768332600,25702.4,25709.2,25684.2,25694
1768333500,25693.9,25721.9,25680.6,25702.8
1768334400,25702.4,25703,25675.8,25677.7
1768335300,25678.5,25688.8,25661.3,25663.8
1768336200,25664,25682,25640.1,25680.5
1768337100,25680.6,25746.1,25672.2,25738.1
1768338000,25736.4,25759.4,25735.4,25744.1
1768338900,25744.3,25751.1,25738.4,25746.2
1768339800,25746.1,25746.4,25730.7,25730.7
1768340700,25730.4,25737.1,25728,25730.5
1768341600,25730.3,25738,25730.2,25737.9
1768342500,25736.9,25736.9,25731.6,25733.5
1768343400,25734.2,25736.4,25724.9,25729.3
1768344300,25730.3,25734.2,25728.2,25733.7
1768345200,25731.8,25749,25725.9,25736.9
1768346100,25737.2,25739,25723.9,25727.9
1768347000,25727.6,25736.7,25725.8,25731.9
1768347900,25732,25732,25724.9,25727.6
1768348800,25726.9,25756.7,25720.9,25750.3
1768349700,25750.1,25759.2,25746.3,25758
1768350600,25758.1,25759.5,25743.5,25747.8
1768351500,25747.4,25755.7,25742.1,25742.6
1768352400,25742.9,25751.9,25735.3,25738.6
1768353300,25739,25759.7,25738.3,25756.7
1768354200,25755.7,25758.5,25732.2,25736.5
1768355100,25736.1,25736.5,25713.9,25722.6
1768356000,25722.8,25727.8,25711.1,25725.5
1768356900,25725.6,25732.5,25715.2,25730.6
1768357800,25730.7,25731.9,25720.5,25725.5
1768358700,25725.4,25731,25723.1,25730
1768359600,25729.8,25753.2,25726.1,25749.9
1768360500,25749.4,25755.8,25743.6,25752.3
1768361400,25752.1,25761.5,25749.8,25757.4
1768362300,25757,25757.9,25747.5,25750.6
1768363200,25750.5,25755.2,25734.1,25734.5
1768364100,25733.8,25739.5,25732,25736.1
1768365000,25736.2,25736.4,25727.3,25727.8
1768365900,25727.7,25728.2,25708.1,25718
1768366800,25717.9,25719.9,25704.4,25714
1768367700,25714.4,25715.8,25697.9,25702.4
1768368600,25702.5,25713,25698.3,25702.6
1768369500,25702.2,25702.2,25689.7,25694.5
1768370400,25694.6,25696.4,25676.6,25691.3
1768371300,25691.1,25694,25681.1,25688.1
1768372200,25689.5,25702.1,25672.9,25695.9
1768373100,25695.8,25698.4,25679.9,25698.4
1768374000,25698.9,25702,25689.6,25697.8
1768374900,25698,25704.6,25685.7,25697.7
1768375800,25697.8,25709.9,25695.5,25705.4
1768376700,25705.2,25706.8,25692.1,25701.2
1768377600,25700.5,25713.1,25696.7,25700.6
1768378500,25701.1,25705.8,25688.2,25702.4
1768379400,25702.6,25704.6,25677.5,25691.6
1768380300,25691.2,25700,25679,25696.5
1768381200,25696.2,25715.9,25693.1,25711.3
1768382100,25711.4,25716,25698,25703.6
1768383000,25703.4,25707.6,25685,25692.4
1768383900,25692.3,25695.5,25674,25690.4
1768384800,25691.3,25691.3,25666.4,25671
1768385700,25671.7,25672.5,25594.6,25609.2
1768386600,25608.4,25612.4,25574.5,25590.4
1768387500,25590.5,25592.4,25548.5,25575.7
1768388400,25575.5,25580.3,25553.7,25576.7
1768389300,25576.2,25602.5,25572.2,25596.3
1768390200,25596.7,25605.4,25580.4,25583.5
1768391100,25584.1,25597.2,25576.8,25581.7
1768392000,25581.1,25589.5,25539.6,25587.6
1768392900,25587.8,25618,25585.3,25611.3
1768393800,25611.1,25622.4,25608.1,25614.2
1768394700,25614.7,25619.5,25606.4,25617.2
1768395600,25617.1,25621,25596.3,25603.3
1768396500,25603.1,25635,25592.2,25634.4
1768397400,25634.5,25641.6,25582.8,25583.9
1768398300,25583.8,25599.2,25569.3,25591.2
1768399200,25591,25607.8,25572.6,25586.2
1768400100,25586.3,25609.7,25572.4,25577.5
1768401000,25577.6,25627,25462.1,25470.1
1768401900,25470,25512,25421.3,25424.8
1768402800,25426.6,25516,25374.5,25516
1768403700,25515.2,25532.9,25448.1,25452.7
1768404600,25451.3,25471.2,25387.5,25397.7
1768405500,25397.8,25408.5,25310.4,25331.8
1768406400,25333.5,25377.3,25330.1,25340.1
1768407300,25340.6,25428.5,25330.9,25417.7
1768408200,25415.7,25428.7,25350.4,25352.4
1768409100,25352.7,25352.7,25281.1,25300.4
1768410000,25302.1,25345,25285,25335.7
1768410900,25334.4,25341.2,25279.1,25333.3
1768411800,25331.8,25332.9,25286.7,25319.1
1768412700,25318.9,25349.4,25273.5,25289
1768413600,25291,25335.9,25286.9,25329.7
1768414500,25329.5,25338.2,25305.5,25336.8
1768415400,25336.5,25345.8,25260.7,25305.4
1768416300,25305.5,25367.4,25295.1,25356.4
1768417200,25356.3,25358.3,25327.3,25340.3
1768418100,25339.9,25363.8,25333.3,25352
1768419000,25352.2,25370.1,25342.2,25351.6
1768419900,25351.8,25372.4,25333.5,25339.3
1768420800,25339.5,25431.7,25301.4,25390.8
1768421700,25391.2,25404.3,25359,25401.8
1768422600,25400.8,25469.9,25399.8,25421.6
1768423500,25422.6,25477.8,25400.9,25472.3
1768424400,25472.1,25491.6,25454.7,25468.4
1768425300,25468.2,25468.9,25449.9,25455.3
1768426200,25454.6,25458.2,25440.2,25455.5
1768427100,25455.3,25464.5,25390.1,25443.9
1768428000,25443.5,25446.9,25435.3,25441.9
1768428900,25442.1,25444.3,25424.2,25428
1768429800,25428.2,25432.6,25411.3,25414.3
1768430700,25414.5,25421.3,25412.9,25420.2
1768431600,25432.1,25451.6,25414.6,25429.2
1768432500,25429.1,25440.2,25400.1,25431.9
1768433400,25432,25445.8,25424.1,25428.3
1768434300,25428.2,25447,25425.4,25441.1
1768435200,25441,25445.4,25432.1,25441
1768436100,25441.1,25442.4,25424.2,25431.3
1768437000,25431.5,25437.7,25430.4,25435.7
1768437900,25435.6,25446.2,25422.3,25439.2
1768438800,25438.4,25480.4,25438.4,25459.1
1768439700,25458.9,25459.9,25441.7,25451.7
1768440600,25451.4,25455.4,25400.2,25442.5
1768441500,25443,25468.5,25440,25466.2
1768442400,25466.5,25469.1,25455.9,25463.6
1768443300,25463.8,25471.7,25441.6,25444.7
1768444200,25445.1,25452.5,25433.7,25442.4
1768445100,25442,25452.9,25434.6,25445.1
1768446000,25445.6,25465.1,25445.6,25452.2
1768446900,25452,25462.3,25433.5,25433.6
1768447800,25433.5,25453,25424.7,25441.8
1768448700,25441.7,25443.8,25418.9,25422.9
1768449600,25422.6,25434.1,25416.6,25432.2
1768450500,25432.5,25440.1,25418.4,25431.1
1768451400,25431.3,25432.4,25417.6,25425.4
1768452300,25425.6,25427.8,25409,25418.8
1768453200,25419.1,25451.7,25415.3,25449.6
1768454100,25449.5,25460.2,25444.5,25450.5
1768455000,25451,25477.6,25447.9,25477.5
1768455900,25478.5,25487.8,25458.9,25462.7
1768456800,25462.6,25494.3,25451.4,25485.1
1768457700,25484.9,25557.9,25483.7,25538.3
1768458600,25537.8,25562.2,25525.4,25561.3
1768459500,25561.6,25562.3,25539.3,25540.7
1768460400,25539.8,25548.2,25524.9,25533.7
1768461300,25533.8,25538.1,25518.5,25522.7
1768462200,25522.8,25543.1,25520.4,25525.2
1768463100,25525.1,25539.7,25517.7,25527.4
1768464000,25528.3,25586.1,25513.2,25559
1768464900,25559.2,25571.5,25544.2,25552
1768465800,25552.2,25573.9,25550.2,25570.4
1768466700,25570.3,25580.2,25557.5,25577.2
1768467600,25575.1,25620.1,25573,25616.1
1768468500,25616,25647.1,25602.1,25643.7
1768469400,25644,25672.7,25642.7,25666.8
1768470300,25666.9,25671.4,25645.3,25653.2
1768471200,25653.1,25670,25649.5,25664.2
1768472100,25663.9,25664.6,25640.1,25654.2
1768473000,25654.1,25663.6,25648.3,25663.6
1768473900,25663.7,25668.8,25650.7,25655.2
1768474800,25655.3,25687.6,25655.3,25684.3
1768475700,25684.4,25687,25671.2,25673.4
1768476600,25673.2,25691.3,25669.7,25676.9
1768477500,25677,25694.2,25676.6,25680.8
1768478400,25678.6,25685.2,25665.6,25667.4
1768479300,25668.4,25675.5,25656.5,25669.6
1768480200,25669.7,25674.4,25650.3,25672.7
1768481100,25673.2,25694.6,25669.8,25691.8
1768482000,25691.5,25710.6,25675.6,25698.8
1768482900,25698.9,25711.3,25692,25709.7
1768483800,25709.9,25734.7,25693.8,25731.6
1768484700,25731.5,25757.1,25730.8,25731.5
1768485600,25731.6,25759.5,25729.3,25740.9
1768486500,25740.8,25790.8,25735.2,25763.9
1768487400,25764.5,25787.1,25695.1,25766.4
1768488300,25766.1,25791.7,25685.2,25699.4
1768489200,25699.5,25724.6,25676.3,25713
1768490100,25712.2,25748.4,25678.1,25696.2
1768491000,25697.5,25761.2,25685.5,25688
1768491900,25686.7,25724.4,25641.6,25720.3
1768492800,25721.5,25753.3,25716.8,25728.8
1768493700,25729.5,25765.3,25720.8,25740
1768494600,25739.4,25752.7,25716.6,25749.9
1768495500,25750.1,25771.3,25737.1,25758.2
1768496400,25759.2,25773.7,25741.1,25743.7
1768497300,25743.3,25747.3,25714.2,25717.6
1768498200,25718.5,25725,25697.9,25718.2
1768499100,25718.4,25732.8,25686.1,25690.6
1768500000,25691.5,25734.1,25687.2,25721.6
1768500900,25721.5,25735.3,25707.5,25733.4
1768501800,25735.4,25746.8,25724.4,25732.1
1768502700,25732.3,25736.6,25716,25721.7
1768503600,25722.4,25722.4,25660.3,25676.7
1768504500,25676.1,25683.7,25626.7,25635
1768505400,25635.6,25641.1,25589.4,25624.4
1768506300,25623.9,25634.3,25583.6,25592.7
1768507200,25591.9,25607,25567.1,25588
1768508100,25587.8,25588.2,25527.6,25554.7
1768509000,25554.8,25562.9,25524.1,25547.7
1768509900,25548,25559.6,25516.9,25553.2
1768510800,25552.5,25564.9,25534.8,25537
1768511700,25536.8,25544.8,25529.3,25535.2
1768512600,25534.7,25545.8,25529.8,25542.7
1768513500,25542.4,25546.7,25538,25542.3
1768514400,25541.6,25550.8,25540.4,25550.8
1768515300,25551.2,25563.5,25550.6,25561.4
1768516200,25562.4,25578,25555.4,25569.3
1768517100,25569.5,25569.9,25564.4,25564.8
1768518000,25557.4,25569,25546.2,25568.6
1768518900,25568.8,25579,25563.1,25577.6
1768519800,25577.5,25580.3,25564,25575.7
1768520700,25575.2,25596.1,25570.9,25585.8
1768521600,25586.3,25599,25573.2,25582.8
1768522500,25582.4,25592.5,25580,25591.4
1768523400,25591.6,25601.5,25589.8,25600.6
1768524300,25599.9,25607.2,25596.3,25603.7
1768525200,25603.1,25621,25602,25602.6
1768526100,25602.8,25610.9,25591.6,25604.3
1768527000,25603.8,25626.7,25602.5,25616.1
1768527900,25616,25619.6,25611.9,25612.5
1768528800,25612.7,25632.2,25606.9,25630.9
1768529700,25630.6,25632.1,25624.7,25630.7
1768530600,25630.6,25641.5,25629.6,25632.9
1768531500,25632.6,25639.4,25628.5,25630.1
1768532400,25629.6,25638.2,25629.5,25635.4
1768533300,25635.7,25642.9,25631,25632.3
1768534200,25632.4,25640.7,25631.5,25632.9
1768535100,25632.7,25637.5,25627,25629.4
1768536000,25629.9,25637.9,25627.9,25634.1
1768536900,25634.4,25654.4,25633.1,25647.1
1768537800,25647,25648.5,25640.7,25643.9
1768538700,25643.8,25655.5,25643.8,25653.7
1768539600,25653.8,25658.5,25645.9,25649.9
1768540500,25650.1,25664,25647.2,25662.1
1768541400,25662.2,25665.6,25646.8,25650.2
1768542300,25649.7,25655,25647.5,25652.1
1768543200,25651.8,25660.1,25645.8,25656.3
1768544100,25656.4,25665.8,25650,25656.9
1768545000,25656.6,25665.7,25651.1,25662.1
1768545900,25662.3,25671.5,25658.1,25667.4
1768546800,25667.5,25671.7,25658.9,25662.5
1768547700,25662.6,25674.8,25657.7,25666.1
1768548600,25666.3,25670,25650,25669.7
1768549500,25669.5,25683.1,25666.6,25668
1768550400,25667.5,25690.6,25667.5,25672.1
1768551300,25672.2,25681.2,25655.2,25662.8
1768552200,25662.7,25666.1,25639.1,25653.8
1768553100,25653.7,25679.5,25650.4,25662.1
1768554000,25661.4,25684.4,25661,25675.1
1768554900,25675.5,25684.4,25653.1,25683
1768555800,25683.2,25686.4,25667.7,25671.1
1768556700,25671,25676.2,25656.1,25656.8
1768557600,25657.4,25677.8,25655.6,25671.6
1768558500,25671.4,25683.8,25667.2,25678.8
1768559400,25678.7,25701.7,25678.7,25699.2
1768560300,25699.1,25707.2,25693.3,25696.2
1768561200,25696.4,25707.3,25691.3,25705.8
1768562100,25705.9,25715.9,25704.2,25710.9
1768563000,25711,25711.8,25693.9,25694.4
1768563900,25694.3,25696.4,25670.5,25677.6
1768564800,25673.3,25688.1,25665.2,25681.4
1768565700,25681.6,25685.2,25663.9,25676.4
1768566600,25676.6,25691.3,25666.5,25689.9
1768567500,25689.8,25697.3,25651.1,25673.3
1768568400,25671.8,25678.1,25655.9,25659.7
1768569300,25659.8,25671.4,25646.4,25668.1
1768570200,25669.1,25682.3,25652.4,25666.5
1768571100,25666.4,25678.9,25664.8,25670.3
1768572000,25670.6,25685.8,25667.1,25683.1
1768572900,25682.6,25720.4,25674.2,25713
1768573800,25713.2,25734.5,25664,25665
1768574700,25665.4,25687.6,25573.2,25576.1
1768575600,25578.1,25612.1,25557.8,25568.9
1768576500,25568.2,25577.6,25514.4,25517.8
1768577400,25517.9,25520.2,25441.7,25471.2
1768578300,25470.9,25531.5,25450.1,25530.7
1768579200,25529.6,25552.7,25510.2,25536
1768580100,25536.8,25565.3,25528.9,25562.3
1768581000,25562.1,25588,25560.6,25582.8
1768581900,25583,25596.5,25532.8,25561.6
1768582800,25562.3,25567.5,25547.3,25554.3
1768583700,25554.5,25561.5,25539.5,25546.3
1768584600,25547.3,25559.2,25525,25546.5
1768585500,25545.9,25545.9,25503.7,25505.7
1768586400,25505.4,25547.8,25499.4,25538.4
1768587300,25538.1,25573.2,25537.9,25563.6
1768588200,25563.3,25575.4,25554.4,25562.3
1768589100,25562.6,25569,25554.9,25559.8
1768590000,25558.8,25590.8,25535.2,25538
1768590900,25537.5,25543.6,25516,25526.5
1768591800,25526.3,25566.3,25525.1,25553.1
1768592700,25553.9,25572.1,25552,25559
1768593600,25559.7,25571.1,25547.8,25566.6
1768594500,25566.2,25571.7,25554.6,25554.6
1768595400,25554.2,25566.3,25539.4,25552.2
1768596300,25551.2,25558.7,25526,25528.7
1768597200,25530.7,25543.8,25514.5,25522.2
1768598100,25521.4,25531.7,25520.3,25529.9
1768599000,25529.2,25529.3,25522.2,25526.9
1768599900,25526.8,25532.1,25522.2,25524.4
1768777200,25283,25314.7,25242.9,25283.1
1768778100,25284.2,25291.9,25247.4,25284.2
1768779000,25284.1,25297.5,25274.3,25283.6
1768779900,25283.5,25310.8,25266.7,25309.4
1768780800,25307.7,25312.2,25265.3,25272
1768781700,25271.9,25272,25226.6,25230.3
1768782600,25229.9,25286.8,25220.1,25280.4
1768783500,25280.1,25291.8,25266.5,25272.6
1768784400,25272.4,25284.1,25250.1,25279.2
1768785300,25279.4,25294,25243.6,25252.2
1768786200,25252.8,25265.5,25244.7,25248.6
1768787100,25248.7,25256.6,25230.9,25241.2
1768788000,25241.6,25265.4,25234.7,25257.8
1768788900,25257,25263.1,25250,25255.5
1768789800,25254.7,25262.2,25250.1,25256.7
1768790700,25256.6,25262.1,25251,25259.6
1768791600,25259.4,25262.3,25241.7,25246.2
1768792500,25246.4,25251.5,25212.3,25224.8
1768793400,25224.9,25238.2,25215.8,25231.8
1768794300,25231.6,25235.6,25206.7,25230.2
1768795200,25229.9,25236.6,25215.1,25222.3
1768796100,25222.2,25234.4,25217.3,25232.8
1768797000,25233,25238.1,25228.2,25232.8
1768797900,25232.9,25233.5,25217.5,25223.6
1768798800,25223.5,25233.1,25216.7,25224.3
1768799700,25224.5,25257.7,25215,25257.5
1768800600,25257.7,25261.1,25241.5,25248.4
1768801500,25248.6,25250.5,25235.9,25237.3
1768802400,25237,25254.4,25234.1,25251.2
1768803300,25250.9,25253.7,25239.1,25244.4
1768804200,25247.4,25257.9,25236.2,25249.3
1768805100,25249,25256.2,25223.6,25228.9
1768806000,25228.8,25236.5,25193.3,25225.3
1768806900,25225.4,25228.7,25204.2,25204.5
1768807800,25203.5,25212.9,25168.2,25171.7
1768808700,25171.9,25195.7,25169.1,25194.1
1768809600,25194.5,25221.8,25191.3,25199.6
1768810500,25199.3,25247.9,25194.5,25225.6
1768811400,25225.4,25253.6,25221.9,25222.8
1768812300,25222.4,25240.9,25216.8,25234.9
1768813200,25235.6,25240.2,25180.1,25190.4
1768814100,25191.3,25206,25141.8,25168.9
1768815000,25167.7,25180.2,25114.6,25126.5
1768815900,25127.1,25151.4,25109.7,25124.7
1768816800,25124.6,25142.3,25101,25138.3
1768817700,25138.4,25156.6,25130.8,25147.6
1768818600,25147.8,25150.3,25112.8,25117.2
1768819500,25117.3,25135.6,25109.9,25112.5
1768820400,25113.2,25125.6,25108.3,25124
1768821300,25124.1,25157.4,25120.4,25156.5
1768822200,25156.4,25161.4,25136.4,25140.1
1768823100,25140,25143.9,25123.7,25134.8
1768824000,25134,25143.1,25115.8,25136.3
1768824900,25136.4,25152.1,25133.3,25146.2
1768825800,25146.1,25185.9,25136.9,25181.9
1768826700,25182.2,25192,25166.9,25171.7
1768827600,25171.9,25186.9,25160.9,25162.3
1768828500,25162,25164.8,25128,25143.3
1768829400,25143.2,25173.6,25134.6,25164.5
1768830300,25164.4,25175.1,25161,25163.1
1768831200,25163,25188.8,25148.9,25152.5
1768832100,25152.7,25158.1,25125.4,25136.9
1768833000,25137,25140.6,25084.8,25089.9
1768833900,25089.6,25160.8,25081.3,25160.3
1768834800,25161,25186.7,25155.6,25168.3
1768835700,25167.6,25172.5,25131.7,25162.5
1768836600,25162.3,25177.4,25143.1,25165
1768837500,25165.2,25175,25149.2,25170.2
1768838400,25170.1,25222.9,25164.9,25222.8
1768839300,25222.6,25226.3,25170.8,25180.2
1768840200,25179.3,25218.6,25177.6,25214.8
1768841100,25214.6,25226.4,25214.3,25222
1768842000,25221.8,25241.3,25215.7,25232.2
1768842900,25232.5,25254.3,25228.5,25252
1768843800,25251.8,25256.6,25237.2,25251.5
1768844700,25251.6,25260.8,25239.5,25240.8
1768845600,25241.2,25243.3,25235.8,25239.2
1768846500,25239.4,25241.6,25232.7,25232.7
1768847400,25236.6,25242.3,25232.7,25237.6
1768848300,25238,25241.4,25236.7,25241.1
1768849200,25237.2,25243.5,25236.4,25238.6
1768850100,25238.5,25243,25238.5,25242.7
1768851000,25243.8,25247.7,25242.9,25244
1768851900,25244.1,25244.1,25239.1,25239.1
1768852800,25239.2,25239.2,25237.7,25237.7
1768853700,25237.6,25239.5,25233.2,25237.9
1768854600,25237.8,25238.1,25233.1,25237.3
1768855500,25237.4,25237.5,25223.9,25228.2
1768863600,25239.5,25249.7,25218,25220.1
1768864500,25220.3,25234.3,25211.7,25234
1768865400,25235.1,25246.2,25224.8,25229.7
1768866300,25229.8,25244.4,25217.7,25223.3
1768867200,25224.2,25226.9,25189,25194.5
1768868100,25194.7,25197.3,25170.2,25178.1
1768869000,25178.2,25249.9,25174.7,25243.8
1768869900,25244,25248.9,25195.9,25208
1768870800,25210.5,25242.5,25209.7,25238.6
1768871700,25238.7,25274,25232.9,25271.7
1768872600,25271.6,25276.1,25263.5,25266.6
1768873500,25267.1,25282.6,25265.2,25271.1
1768874400,25271.3,25284.9,25263.9,25267.2
1768875300,25266.2,25268.2,25241.3,25257.9
1768876200,25257.7,25282.6,25257.7,25278.4
1768877100,25278.3,25288.5,25273.7,25274.6
1768878000,25275.1,25282,25264,25276.1
1768878900,25275.7,25279.5,25264.1,25268.9
1768879800,25268.1,25270.9,25255.7,25258
1768880700,25258.3,25270.6,25254.9,25259.7
1768881600,25259.5,25263.4,25244,25247.5
1768882500,25247.6,25255.6,25242.2,25253.6
1768883400,25253.5,25259.9,25242.9,25243.5
1768884300,25244.2,25251.2,25220.8,25231.1
1768885200,25231,25243.3,25217.1,25234.5
1768886100,25235.6,25263.4,25226.1,25257.7
1768887000,25257.6,25263.1,25231.9,25237
1768887900,25236.2,25250.3,25231.9,25232.9
1768888800,25232.7,25241.6,25197,25204.4
1768889700,25203.8,25203.8,25146.1,25155.2
1768890600,25154.7,25166.8,25120.5,25144.2
1768891500,25144.1,25165,25109.4,25160.5
1768892400,25161.7,25170.8,25139,25139.7
1768893300,25139.8,25152.1,25110.2,25148
1768894200,25147,25152.5,25125,25125
1768895100,25124.3,25145.7,25107.5,25134.6
1768896000,25134.4,25138.7,25078.1,25109.1
1768896900,25108.9,25115.9,25076.5,25088.4
1768897800,25088.5,25088.5,25017.5,25051.5
1768898700,25053.7,25076.9,25045.3,25051.9
1768899600,25057.8,25071.4,25017.2,25027.2
1768900500,25027.4,25035.5,24982.8,24993.6
1768901400,24993.8,24994.3,24951.5,24978.2
1768902300,24978.3,24990.7,24946.3,24985
1768903200,24984.7,25019.6,24961.4,25013.6
1768904100,25014.3,25057.8,25012.9,25045.6
1768905000,25046.1,25053.7,25018.3,25039.2
1768905900,25038.9,25050,25023.7,25026.6
1768906800,25026.7,25061.6,25024.9,25050
1768907700,25049.9,25077.9,25024.2,25052.1
1768908600,25052.3,25056.2,25025.9,25045.5
1768909500,25045.2,25072,25031.3,25057.1
1768910400,25055.7,25103.6,25041.9,25097.1
1768911300,25097.3,25105.4,25064,25085.6
1768912200,25085.2,25125.2,25077.7,25121.6
1768913100,25121.7,25133.3,25101,25107.4
1768914000,25111.5,25123.9,25073.4,25076.5
1768914900,25076.6,25126.4,25074.2,25098.5
1768915800,25098.9,25101.9,25031.7,25062.7
1768916700,25063.4,25086,25054,25062
1768917600,25062.5,25094.1,25056.6,25084.8
1768918500,25084.7,25102.8,25051.4,25096.5
1768919400,25096.9,25207.3,25086.8,25189.8
1768920300,25190.8,25225.8,25126.1,25180.9
1768921200,25181,25190.1,25118.1,25143.7
1768922100,25139.8,25220.7,25114.3,25219.8
1768923000,25219.7,25274.4,25208.4,25247.9
1768923900,25247.7,25251,25171.6,25220.4
1768924800,25220.7,25282.9,25216.5,25256
1768925700,25253.8,25262.1,25190.1,25259.6
1768926600,25255.2,25282.6,25206.7,25209.6
1768927500,25210.3,25268.8,25194.8,25255.1
1768928400,25255,25262.9,25202.5,25218.1
1768929300,25217.8,25227.5,25182.4,25194.2
1768930200,25193.1,25193.1,25147.2,25147.2
1768931100,25146.7,25156,25113.1,25147.3
1768932000,25146.6,25165.4,25130.1,25139.2
1768932900,25138.9,25141.6,25101,25104.1
1768933800,25105.2,25112.9,25058,25066.6
1768934700,25066.3,25077.3,25027.5,25055.7
1768935600,25055.4,25080.2,25034.3,25049.3
1768936500,25048.8,25049.1,25005.9,25017.3
1768937400,25017.4,25035.3,24983.9,25007.1
1768938300,25006.1,25033.8,24998.5,25024.3
1768939200,25024.1,25024.1,24974.9,24976.3
1768940100,24978.1,25021.7,24971.2,24984.1
1768941000,24983.3,24997.4,24958.1,24976
1768941900,24975.4,24996.7,24953.6,24996.5
1768942800,24995.7,25020.4,24982,25016
1768943700,25015.2,25018.2,24987.4,24998.5
1768944600,24996.5,24997.9,24975,24987.8
1768945500,24987.9,24998.4,24984.9,24993.5
1768946400,24993.6,24996.4,24991.6,24991.7
1768947300,24991.6,24992.2,24989.1,24992.1
1768948200,24992,24999.6,24986.8,24995.3
1768949100,24995.2,24998.1,24992.2,24997.4
1768950000,24998.7,25029.8,24992.3,25015
1768950900,25014.5,25017.9,25004.8,25008.9
1768951800,25008.7,25019.3,25005.8,25015.6
1768952700,25015.5,25015.6,24958.5,24972.2
1768953600,24972,25006.4,24971.7,24997.6
1768954500,24997.9,25013.3,24987.8,25011.7
1768955400,25011.8,25038.5,25009,25029.2
1768956300,25029.3,25041.1,25026.4,25034.8
1768957200,25036.3,25058.5,25034.7,25058.3
1768958100,25058.2,25073.4,25053.1,25065.6
1768959000,25067.1,25074.2,25052.7,25067.3
1768959900,25067.7,25070.2,25055.7,25056.3
1768960800,25056.9,25063.8,25048.1,25061.9
1768961700,25062.1,25064.5,25032.1,25032.8
1768962600,25032.9,25046.2,25024,25043.6
1768963500,25043.1,25044.7,25034.2,25034.4
1768964400,25034.2,25063.3,25033.9,25061.1
1768965300,25061.3,25083.4,25058.4,25078
1768966200,25078.1,25080.8,25056.7,25058.4
1768967100,25058.3,25067.9,25041.8,25053.3
1768968000,25052.4,25067.7,25050.3,25052.1
1768968900,25052.2,25069,25037.2,25060.8
1768969800,25060.6,25066.6,25053,25055.9
1768970700,25056.1,25061,25048.1,25052.5
1768971600,25052.3,25075.4,25041.5,25073.6
1768972500,25073.5,25074.5,25055,25065.6
1768973400,25065.4,25081.4,25065.4,25079.7
1768974300,25079.8,25081,25070.5,25075.3
1768975200,25074.8,25085.7,25067.5,25080.2
1768976100,25080.1,25083.1,25064,25074.9
1768977000,25074.7,25085.5,25067.9,25072.2
1768977900,25072.1,25072.1,25047.9,25052.8
1768978800,25052.5,25090.3,25049.5,25088.2
1768979700,25088.8,25102.1,25088.2,25095.9
1768980600,25095.5,25096,25085.4,25086.9
1768981500,25086.8,25086.8,25059.4,25068.6
1768982400,25068.7,25078.6,25049.5,25053.9
1768983300,25053.5,25089.6,25053.4,25076.2
1768984200,25076.3,25083.1,25064.4,25081.2
1768985100,25081.3,25083.3,25058.9,25059
1768986000,25059.3,25081.1,25047.9,25064.8
1768986900,25064.6,25072.7,25037.3,25051.6
1768987800,25051.4,25052.1,25025.3,25031.8
1768988700,25031.9,25032.4,24984.9,24985.6
1768989600,24985.7,25020.4,24976.9,25014.7
1768990500,25014.8,25038.6,25008,25031.5
1768991400,25031.4,25042.8,25026.1,25038.6
1768992300,25038.4,25043.1,25007.4,25008.8
1768993200,25009.6,25009.6,24990.1,24994.8
1768994100,24994.9,25015.6,24991.8,24996.3
1768995000,24997.1,25013.4,24964.6,24973.4
1768995900,24974.8,24974.8,24895.2,24903.6
1768996800,24903.8,24925.5,24881.9,24914.5
1768997700,24914.8,24944.4,24904.1,24927.7
1768998600,24927.4,24930.9,24896.1,24909.2
1768999500,24909.5,24945.9,24887.6,24941.1
1769000400,24941.3,24968.9,24925.1,24951
1769001300,24950.9,24956.5,24927.3,24932.7
1769002200,24932.4,24934.1,24897.1,24904.9
1769003100,24904.5,24979.7,24900.8,24939.8
1769004000,24940,25068.5,24929.1,25053.5
1769004900,25052.3,25112.5,25025.1,25052.8
1769005800,25053.4,25077.7,24984.6,25056.6
1769006700,25057.4,25195.6,25053.3,25182.8
1769007600,25184.3,25200.3,25154.7,25186.7
1769008500,25187.7,25245.3,25176.6,25237.6
1769009400,25235.9,25316.3,25234.7,25309.2
1769010300,25309.3,25344.2,25309.3,25325.9
1769011200,25324.8,25348.1,25303.3,25310.8
1769012100,25310.9,25331.9,25297.7,25311.3
1769013000,25311.4,25314.7,25147.7,25149.8
1769013900,25150.3,25165.1,25078.4,25087.7
1769014800,25089.2,25120.7,25003,25012.1
1769015700,25012,25091.2,25001.7,25065.5
1769016600,25064.7,25077.9,25031.8,25043.2
1769017500,25042,25119.2,25029.3,25103.6
1769018400,25103.1,25110.5,25010.3,25090.1
1769019300,25090.2,25099.4,25042.7,25094.1
1769020200,25094.8,25116,25064.7,25076.7
1769021100,25079.2,25152.7,25063.5,25141.1
1769022000,25139.8,25151.9,25090.2,25101.1
1769022900,25101.2,25310.9,25091.6,25286.1
1769023800,25284.6,25425.8,25278.8,25409.8
1769024700,25413.7,25492.6,25413.7,25490.4
1769025600,25488.7,25501.8,25424.5,25438.9
1769026500,25441.8,25442.8,25338.1,25339.2
1769027400,25340.7,25369.5,25302.4,25338.6
1769028300,25336.1,25348.4,25302.3,25327.7
1769029200,25329.7,25383.1,25328.1,25376.9
1769030100,25377,25386.5,25358.6,25367.8
1769031000,25368.3,25369.5,25356.8,25366.9
1769031900,25366.1,25366.4,25354,25361.9
1769032800,25361.8,25370.1,25356,25369.2
1769033700,25369.4,25371.8,25366.6,25369.8
1769034600,25369.9,25377.6,25367.2,25375.2
1769035500,25376.1,25382.4,25369.8,25381.5
1769036400,25387.8,25426.2,25387.8,25404.3
1769037300,25404.5,25420.2,25401.2,25415.8
1769038200,25415.7,25416.7,25381.3,25396.6
1769039100,25396.5,25417.1,25392.9,25409.9
1769040000,25412.3,25427.4,25396.5,25424.3
1769040900,25424.1,25440.2,25413.8,25423.2
1769041800,25423.3,25435.7,25403.3,25417.8
1769042700,25417.9,25423.5,25409.2,25418.1
1769043600,25418.2,25422.8,25409.2,25419.4
1769044500,25420.1,25449.5,25417.6,25446.8
1769045400,25445.5,25456.8,25442.3,25456.2
1769046300,25456.5,25458.6,25445.1,25451.7
1769047200,25452.2,25459.1,25449.4,25450.8
1769048100,25451,25451.9,25434.6,25440.2
1769049000,25440.3,25440.7,25422.5,25423.3
1769049900,25423.8,25433.4,25422.5,25425.7
1769050800,25425.9,25451.5,25425.5,25440.6
1769051700,25441,25448.9,25432.6,25441.3
1769052600,25441.4,25446.2,25433.1,25436.6
1769053500,25436.4,25448.5,25434.3,25446.1
1769054400,25446.2,25447.4,25436.5,25439.9
1769055300,25439.5,25440,25424.6,25432.8
1769056200,25432.5,25437,25424.7,25425.7
1769057100,25425.8,25435.2,25423,25432.7
1769058000,25432.6,25434.9,25421,25423.1
1769058900,25423,25425.8,25418.8,25423.4
1769059800,25423.6,25426.7,25394.6,25401.9
1769060700,25402.7,25409.1,25385.8,25391.3
1769061600,25390.9,25406.5,25343.9,25345.6
1769062500,25345.3,25367.4,25340.2,25348.4
1769063400,25348.2,25384.4,25345.6,25384.3
1769064300,25384.1,25404.7,25373.5,25398
1769065200,25398.1,25407.2,25357.4,25374.7
1769066100,25374.2,25393.1,25363.1,25391.9
1769067000,25392.4,25451,25391.2,25444.4
1769067900,25444.3,25448.2,25421.2,25445.6
1769068800,25443.3,25482.7,25440.8,25476.7
1769069700,25475.8,25525.7,25473.4,25509.7
1769070600,25509.6,25531.3,25497.2,25522.9
1769071500,25521.9,25564.1,25513.1,25540.5
1769072400,25539.5,25563.1,25529.7,25559.5
1769073300,25559.6,25573.5,25544.6,25549.8
1769074200,25549.9,25567.6,25546.4,25558.1
1769075100,25557.9,25570.4,25550.1,25555.5
1769076000,25556,25560.1,25538.8,25543.2
1769076900,25542.9,25558,25527.9,25544.7
1769077800,25544.6,25555.4,25542.5,25545.6
1769078700,25545.3,25552.9,25539.7,25545.3
1769079600,25545,25572.1,25544.9,25550
1769080500,25549.9,25555.6,25523.9,25539.9
1769081400,25540,25560.1,25528,25536.7
1769082300,25536.8,25542.5,25530.7,25533.8
1769083200,25532.1,25541.5,25516.3,25525.7
1769084100,25525.6,25548.3,25525.6,25540.9
1769085000,25538.8,25549.3,25527.3,25541.3
1769085900,25541.6,25553.3,25533.4,25547.7
1769086800,25547.6,25564.2,25535,25548
1769087700,25548.1,25565.3,25548,25561.9
1769088600,25560.7,25569.9,25536.8,25548.5
1769089500,25548.4,25597,25548.4,25593.1
1769090400,25592.6,25596.1,25561.9,25574.7
1769091300,25574.2,25594.2,25568,25585.6
1769092200,25586.9,25587.4,25473,25502.8
1769093100,25502.4,25515.2,25411.1,25436.3
1769094000,25436.2,25438,25393.3,25409
1769094900,25406.2,25466.2,25394.2,25447.7
1769095800,25449.6,25504.5,25428,25503.2
1769096700,25503,25515.3,25461.7,25464.1
1769097600,25464,25515.3,25461.4,25510.6
1769098500,25509.1,25541.6,25496.2,25529.4
1769099400,25529.1,25545.6,25517.2,25537.3
1769100300,25537.2,25555.2,25518.9,25525.7
1769101200,25525.3,25548.7,25507.9,25543.5
1769102100,25543.6,25547.8,25512.7,25535.2
1769103000,25535,25564.4,25535,25555.3
1769103900,25555.6,25574.4,25554.1,25567.5
1769104800,25568,25576.2,25546.7,25551.8
1769105700,25551.9,25565,25539.4,25555.5
1769106600,25554.9,25564.9,25546.6,25549.2
1769107500,25550,25565.3,25524.1,25531
1769108400,25530.9,25566.7,25528.2,25556
1769109300,25556.5,25570.9,25548,25566.1
1769110200,25565.2,25568.6,25528.1,25531.4
1769111100,25530.9,25537.1,25491.2,25496.1
1769112000,25496.8,25509.7,25489.2,25505.1
1769112900,25506.4,25520.9,25465.2,25465.9
1769113800,25466.5,25478,25442.1,25472.4
1769114700,25473.2,25521.1,25473,25521.1
1769115600,25520.2,25533.5,25487.5,25502.2
1769116500,25502,25518.7,25500.3,25518
1769117400,25518.2,25519.7,25498.5,25499.1
1769118300,25499.3,25507.3,25466.2,25485.1
1769119200,25485.3,25501,25482.6,25493.9
1769120100,25491.4,25494.7,25477.1,25487.6
1769121000,25486.5,25487.8,25477.2,25481.4
1769121900,25481.3,25485.5,25477.8,25477.8
1769122800,25477.1,25481.1,25442.4,25453.3
1769123700,25453.1,25483.9,25451.5,25476.6
1769124600,25476.8,25492.2,25475,25485.7
1769125500,25485.4,25490.1,25462.5,25480.3
1769126400,25479.8,25492.7,25459.4,25488.4
1769127300,25488.1,25501.1,25480.5,25489
1769128200,25488,25510,25485.7,25507.1
1769129100,25507.2,25515.8,25501.3,25515.6
1769130000,25516,25539.1,25510.1,25531.2
1769130900,25531.4,25544.8,25521.4,25527.5
1769131800,25527.8,25542.9,25524.2,25531.8
1769132700,25531.9,25550.7,25529.7,25549.5
1769133600,25549.6,25550.6,25536.2,25549.8
1769134500,25549.7,25550.8,25536.7,25538.7
1769135400,25538.4,25539.1,25529.8,25531.3
1769136300,25531.2,25535.7,25526.7,25531.4
1769137200,25531.5,25555.8,25530.3,25555
1769138100,25554.9,25570.6,25554.5,25563.5
1769139000,25563.6,25565.9,25551.6,25563.8
1769139900,25563.3,25564.5,25553.7,25557.6
1769140800,25557.4,25562.1,25550.9,25559.6
1769141700,25559.7,25561.4,25547.6,25560.1
1769142600,25559.9,25567.8,25557.8,25557.8
1769143500,25556.8,25569.3,25551.3,25562.2
1769144400,25562.3,25570.2,25556.4,25570.1
1769145300,25569.9,25574.2,25565.6,25565.6
1769146200,25565.3,25572.6,25561.6,25563.3
1769147100,25563.4,25577.8,25563.4,25576.2
1769148000,25576,25594.4,25576,25586.6
1769148900,25586.7,25594.4,25580.7,25585.8
1769149800,25584.8,25591.9,25567.5,25569.5
1769150700,25569.7,25574,25566.4,25569.6
1769151600,25570.3,25576.1,25559.7,25562.7
1769152500,25563.2,25588.7,25562.9,25581.9
1769153400,25582.4,25583.2,25562.9,25565.7
1769154300,25566.5,25567.6,25546.6,25556.1
1769155200,25554.3,25555.4,25518.7,25519.3
1769156100,25519.2,25535.6,25485.1,25493.6
1769157000,25493.7,25499.1,25467.2,25477.5
1769157900,25477.9,25493.2,25445.7,25465.6
1769158800,25465.7,25492.8,25456.2,25464.4
1769159700,25464.3,25487.2,25458.6,25467.4
1769160600,25466.8,25469.7,25409.2,25417.5
1769161500,25417.7,25436.1,25404.9,25423.2
1769162400,25423,25437.5,25415.8,25417.7
1769163300,25417.8,25438.4,25413.9,25426.5
1769164200,25426.3,25429.4,25413.7,25419.4
1769165100,25419,25438.9,25418.6,25438.9
1769166000,25439,25503.7,25435,25489.4
1769166900,25489.5,25510.3,25482.8,25508.9
1769167800,25509.4,25521.4,25492.6,25496
1769168700,25495.7,25499.1,25460.4,25470.3
1769169600,25471.4,25491.3,25462.2,25475.6
1769170500,25475.8,25483.3,25460.1,25481.8
1769171400,25481.7,25489,25446.8,25479.8
1769172300,25479.7,25496.8,25477.3,25492
1769173200,25491.7,25499.3,25479,25487.7
1769174100,25488.2,25490,25435.7,25436.2
1769175000,25436.1,25469.2,25435.4,25452.5
1769175900,25452.6,25453.3,25424.3,25435.1
1769176800,25434.6,25447.3,25420.3,25432.5
1769177700,25432.3,25475.6,25425.7,25470.7
1769178600,25471.1,25514.4,25428.5,25481.6
1769179500,25481.8,25536.1,25450.5,25536
1769180400,25534,25587.1,25533.8,25556.7
1769181300,25557.3,25632.1,25545,25614.5
1769182200,25615,25654.3,25614.5,25649.5
1769183100,25648.5,25694.4,25640,25693.4
1769184000,25695.1,25712.4,25672.6,25689.8
1769184900,25690.8,25696.3,25646.5,25658.9
1769185800,25656.5,25689.8,25625.9,25675.8
1769186700,25675.9,25691.4,25647.2,25651.3
1769187600,25650.7,25668.5,25628.4,25668.4
1769188500,25668.5,25671.1,25643.8,25661.1
1769189400,25662.1,25663.9,25588.2,25594.7
1769190300,25594.6,25607.9,25547.5,25559.1
1769191200,25561.5,25625.6,25556.7,25596.5
1769192100,25596.3,25630.5,25593.8,25618.9
1769193000,25619.3,25629.6,25592.7,25597.2
1769193900,25597.4,25607.5,25580.5,25591.2
1769194800,25591,25634.4,25591,25612.5
1769195700,25612.4,25640.1,25610.1,25611.2
1769196600,25611.3,25624.3,25586.4,25612.3
1769197500,25612.8,25620.6,25597.2,25614.7
1769198400,25613.6,25616.7,25558.1,25590.5
1769199300,25591.3,25610.3,25574.5,25576.2
1769200200,25577.2,25599.6,25562.4,25598.5
1769201100,25598.3,25620.6,25580.1,25601.6
1769202000,25599.1,25603.8,25566.7,25567.5
1769202900,25567.6,25567.6,25537.3,25553.6
1769203800,25552.3,25562.1,25548.6,25555.9
1769204700,25555.6,25558.9,25542.9,25543.8
1769382000,25304.4,25366.1,25230.4,25363.4
1769382900,25362.4,25406.4,25353.3,25395
1769383800,25395.2,25409,25357.6,25363.6
1769384700,25364.1,25435.3,25360.8,25425.3
1769385600,25424.3,25460.4,25410.8,25444.6
1769386500,25445.2,25474.1,25437.1,25472.6
1769387400,25472.3,25483.4,25431.4,25445.2
1769388300,25445.4,25461.1,25431,25450.6
1769389200,25451.6,25510.9,25438.7,25473.5
1769390100,25472.9,25528.8,25472.9,25518.7
1769391000,25518,25522.2,25498.2,25514.2
1769391900,25513.9,25535.5,25507.9,25516.5
1769392800,25515.8,25532.6,25515,25524
1769393700,25524.1,25531.3,25509.4,25515.9
1769394600,25516.1,25517.6,25484.7,25487.2
1769395500,25487,25487.5,25465.4,25477.9
1769396400,25478.5,25524.8,25477.4,25512
1769397300,25511.7,25514.1,25490.3,25506
1769398200,25506.1,25513.5,25494.1,25502.6
1769399100,25502.7,25507.1,25491.8,25501.5
1769400000,25501.3,25502.6,25489.9,25495.8
1769400900,25495.9,25519.6,25492.3,25518.4
1769401800,25518.8,25525.9,25491.8,25497
1769402700,25497.8,25509.7,25490.7,25502.8
1769403600,25503,25508.6,25495.3,25498
1769404500,25497.5,25535.1,25497.5,25530.2
1769405400,25530.4,25544.5,25525.3,25534.4
1769406300,25534.6,25542.1,25526.3,25541.1
1769407200,25541.5,25557,25540.9,25555.5
1769408100,25555.8,25570.9,25550.8,25560.3
1769409000,25560.4,25565.1,25537.3,25540.5
1769409900,25540.6,25562.4,25533.9,25536.6
1769410800,25536.9,25553,25534.6,25552.2
1769411700,25552.4,25562.7,25542,25561.4
1769412600,25561.6,25567.4,25545.5,25562.6
1769413500,25562.5,25579.1,25554.9,25566.3
1769414400,25568.8,25589.3,25566.8,25577.5
1769415300,25577.6,25610.3,25572.2,25597
1769416200,25596.8,25608.7,25584.3,25589.4
1769417100,25589.3,25599,25581,25596.1
1769418000,25595.4,25602,25571.4,25573.3
1769418900,25572.8,25580.6,25554.5,25556.9
1769419800,25556,25557.8,25480.7,25484.1
1769420700,25483.2,25492.8,25450.3,25486.3
1769421600,25486,25507.7,25480.7,25506.7
1769422500,25506.8,25524.9,25494.1,25517.6
1769423400,25517.3,25542.4,25514.4,25525.2
1769424300,25525.3,25533.6,25516.8,25517.8
1769425200,25518.5,25527.6,25509.3,25518.6
1769426100,25518.8,25527,25511.3,25516.5
1769427000,25516.6,25529.9,25515.3,25519.8
1769427900,25519.5,25540.8,25514.3,25539.5
1769428800,25537.7,25582.2,25537.7,25574
1769429700,25573.8,25577.4,25550.2,25558.5
1769430600,25559,25564.2,25545.4,25546.1
1769431500,25546.2,25558.7,25542.8,25555.5
1769432400,25555.7,25570.1,25543.3,25569
1769433300,25569.2,25575.1,25552.4,25556.9
1769434200,25557.1,25561,25525.4,25541.2
1769435100,25541.7,25589.7,25539.4,25583.1
1769436000,25583,25605.6,25583,25588.6
1769436900,25588.9,25615.3,25581.2,25614.5
1769437800,25614.6,25696.8,25572.8,25686.6
1769438700,25686.8,25723.9,25674.2,25708.8
1769439600,25706.5,25716.8,25670.3,25706.2
1769440500,25706.1,25754.1,25696.7,25714.5
1769441400,25713.9,25744.8,25701.3,25706
1769442300,25707,25765.8,25707,25748.3
1769443200,25748.2,25763,25734.3,25752.8
1769444100,25752.1,25775.9,25719,25773.6
1769445000,25771.4,25793.5,25761.4,25762.4
1769445900,25762.6,25777.1,25752.8,25772
1769446800,25772.3,25796.4,25769.8,25780.6
1769447700,25780.5,25794.2,25773.6,25779.3
1769448600,25779.7,25782.7,25765,25775.8
1769449500,25776.1,25776.1,25749.2,25757.4
1769450400,25757.3,25764.2,25741.2,25748.7
1769451300,25747.7,25780.3,25742.9,25774.4
1769452200,25774.1,25796,25760,25763.4
1769453100,25763.2,25773.5,25753.8,25767.4
1769454000,25766.4,25780.5,25760.3,25775.2
1769454900,25775.3,25779.5,25753.2,25767.8
1769455800,25769.2,25778,25759.9,25771.5
1769456700,25771.8,25774.3,25746.7,25746.8
1769457600,25747.6,25759.2,25741.4,25749.9
1769458500,25749.4,25752.6,25734.7,25749.2
1769459400,25749.1,25761.5,25746.3,25753.3
1769460300,25753.4,25760.4,25709.5,25712.6
1769461200,25713.8,25725.1,25702.8,25722.6
1769462100,25723.3,25740.6,25722.1,25736.2
1769463000,25734.2,25737.9,25728.5,25736.2
1769463900,25736,25737.1,25721.9,25727.8
1769464800,25727.6,25732.9,25718.9,25719.3
1769465700,25719.2,25723.3,25715.2,25722.3
1769466600,25722.4,25723.1,25720.7,25721
1769467500,25721.2,25722.8,25719.2,25721.6
1769468400,25728.4,25739.1,25713,25739
1769469300,25738.4,25767.8,25738.1,25749.3
1769470200,25749.9,25756.6,25742.9,25753.2
1769471100,25753.4,25761.9,25749.2,25760.6
1769472000,25760.7,25763.2,25746.6,25755.9
1769472900,25755.6,25770.3,25754.9,25761.4
1769473800,25761.5,25774.7,25757.3,25766.8
1769474700,25766.9,25773,25764.5,25768.9
1769475600,25767.8,25783.3,25766.1,25779.2
1769476500,25779.3,25786.4,25775.4,25782.1
1769477400,25782.2,25790.3,25781,25789.4
1769478300,25789.3,25797.5,25786,25793
1769479200,25792.6,25821.9,25792.6,25817.1
1769480100,25817.2,25826.8,25817.2,25818.8
1769481000,25818.9,25834.2,25814,25831.5
1769481900,25831.6,25846.2,25826,25842.6
1769482800,25841.9,25847.4,25838.3,25838.5
1769483700,25838.6,25844.4,25835.6,25836.5
1769484600,25836.2,25846,25833.4,25841.7
1769485500,25841.6,25851.2,25835,25847.3
1769486400,25847.7,25874.2,25842.1,25861.6
1769487300,25861.5,25865.7,25852.6,25856.3
1769488200,25856.5,25863.2,25856.5,25862
1769489100,25861.7,25864,25859.3,25859.6
1769490000,25859.2,25861.4,25842.9,25849.9
1769490900,25850.2,25851.8,25844.4,25851.1
1769491800,25851.7,25867.4,25851.6,25867.1
1769492700,25867.2,25881.4,25864.7,25878.4
1769493600,25878.6,25900.1,25878.2,25889
1769494500,25888.9,25896.6,25885.7,25894.7
1769495400,25895.5,25895.5,25873.7,25876.3
1769496300,25876.2,25879.4,25869.8,25872.6
1769497200,25872.5,25885.3,25870.8,25874.9
1769498100,25875,25878.6,25862.7,25868.7
1769499000,25869,25892.5,25865.6,25881.8
1769499900,25881.6,25883.1,25866.5,25876.5
1769500800,25876.2,25881.8,25853.5,25861.7
1769501700,25862.7,25874.3,25845,25850.5
1769502600,25851.7,25856.5,25837.8,25848.8
1769503500,25849,25861.2,25847.3,25854.5
1769504400,25853.1,25863.6,25840.9,25852.7
1769505300,25852.6,25866,25850.4,25854.2
1769506200,25853.9,25858.8,25847.6,25853.7
1769507100,25853.6,25857.3,25838.2,25845.6
1769508000,25845.4,25864.4,25841,25854.8
1769508900,25856.8,25871.2,25854.6,25867.4
1769509800,25867.2,25871,25862,25864.9
1769510700,25864.8,25878.7,25864.2,25876.3
1769511600,25876,25880.7,25863.1,25873.1
1769512500,25873.4,25878.1,25863.4,25875.6
1769513400,25875.7,25903.7,25872.2,25901.8
1769514300,25901.7,25914.2,25895.6,25903.6
1769515200,25903.4,25905,25882.9,25886.5
1769516100,25886.4,25892.6,25865.5,25867.4
1769517000,25866.6,25889.4,25862.4,25879.9
1769517900,25880,25883.8,25870.3,25875.2
1769518800,25874.3,25888.9,25872.3,25888.2
1769519700,25887.9,25889.8,25872,25873.7
1769520600,25873.3,25879.5,25864.9,25871.2
1769521500,25871.7,25878,25853.9,25860.5
1769522400,25860.6,25880.3,25860.4,25865.5
1769523300,25865.2,25877.3,25852.2,25852.9
1769524200,25853.1,25883.4,25789.1,25830.5
1769525100,25830.4,25929.3,25830.4,25924.2
1769526000,25922.2,25942.8,25892.8,25928.6
1769526900,25928.7,25941.3,25906.3,25910.9
1769527800,25911.5,25963.8,25908.4,25960
1769528700,25959.6,25966,25931.3,25945.4
1769529600,25946.5,25967,25941,25965
1769530500,25965.1,25974.3,25955.3,25957.3
1769531400,25956.9,25966.8,25953.6,25957.9
1769532300,25958,25964.1,25945.1,25946.7
1769533200,25945.9,25951,25933.5,25938.9
1769534100,25938.2,25956.5,25918.5,25951.7
1769535000,25951.2,25960.4,25938.1,25945
1769535900,25945.1,25946.4,25926.5,25930.3
1769536800,25930.1,25940.8,25906.7,25936.8
1769537700,25935.8,25954.7,25935.8,25946.1
1769538600,25945.8,25961.4,25945.7,25950.9
1769539500,25951,25964.9,25949.4,25959.3
1769540400,25958.5,25958.5,25942.6,25954.7
1769541300,25953.6,25963,25952.6,25960.7
1769542200,25960.2,25967.8,25947.7,25955
1769543100,25954.7,25967.3,25946.5,25960.5
1769544000,25960,25980.3,25952.1,25978.6
1769544900,25978.7,25982.9,25962.2,25964
1769545800,25964.4,25966,25954.5,25959.9
1769546700,25959.3,25969,25937.9,25944.4
1769547600,25943.9,25955.8,25929.3,25945
1769548500,25945.8,25972.8,25945.8,25962.6
1769549400,25963.6,25980.9,25960,25980.1
1769550300,25979.6,25984.7,25974.4,25975.4
1769551200,25975.8,25982.2,25975,25979.9
1769552100,25979.5,25981,25978.7,25980
1769553000,25980.2,25987.8,25979.1,25986.4
1769553900,25986.6,25987.9,25985.1,25986.8
1769554800,25980.9,26016.6,25980.9,26015
1769555700,26015.2,26015.8,25998.7,26007
1769556600,26007.1,26009.8,26000.6,26009.1
1769557500,26009.2,26011.7,26006.3,26007.6
1769558400,26007.5,26033.2,26006.2,26026.7
1769559300,26026.6,26040.5,26023.5,26038
1769560200,26037.4,26076.4,26036.7,26076.1
1769561100,26076.2,26077.9,26064,26076.8
1769562000,26077.8,26097.9,26077.2,26092.6
1769562900,26092.5,26096,26085.2,26094.8
1769563800,26094.9,26095.7,26077.2,26078.1
1769564700,26078.2,26087.3,26071.1,26075.4
1769565600,26075.3,26091.2,26073.5,26086.2
1769566500,26086.4,26090.1,26082,26082.6
1769567400,26082.5,26088.7,26077.3,26081.9
1769568300,26082,26090,26078.1,26083.3
1769569200,26083.2,26087.9,26080.5,26083.1
1769570100,26083.5,26086.5,26065.4,26071.9
1769571000,26072.6,26079.8,26063.8,26064.1
1769571900,26064.3,26073.3,26061.8,26069.6
1769572800,26069.9,26092.5,26069.7,26088.6
1769573700,26088.8,26097.3,26087.3,26094.9
1769574600,26094.5,26095.8,26086.8,26088.4
1769575500,26088.7,26090.9,26082.7,26090.5
1769576400,26090.6,26101,26089.8,26097.5
1769577300,26097.6,26103.6,26096.5,26100.5
1769578200,26100.6,26112.2,26100.3,26109.7
1769579100,26109.5,26119.6,26108,26114.5
1769580000,26131.7,26175.3,26129,26174.5
1769580900,26174,26190.8,26164.7,26170.5
1769581800,26171.3,26217.5,26171.3,26186.3
1769582700,26186.4,26196.8,26170,26172.7
1769583600,26172.8,26193.2,26162,26190.5
1769584500,26190.3,26191.8,26170.6,26173
1769585400,26172.2,26191.2,26158.3,26187.7
1769586300,26188,26191.2,26177.9,26184.8
1769587200,26184.3,26202.2,26171,26172.7
1769588100,26172.9,26188.7,26146,26172.3
1769589000,26170.6,26185.1,26169.7,26173.3
1769589900,26173.2,26173.2,26140.2,26150.1
1769590800,26150.3,26154.8,26127.9,26141.1
1769591700,26141.6,26149.4,26124.9,26131.6
1769592600,26131.8,26145.1,26122.8,26144
1769593500,26144.2,26160.4,26140.6,26154.9
1769594400,26154.8,26164.2,26141.3,26156.2
1769595300,26156.6,26167.1,26147.3,26163.7
1769596200,26164.1,26185.4,26161.6,26178.8
1769597100,26178.4,26190.8,26169.9,26186.3
1769598000,26186.7,26188.4,26164.9,26168.4
1769598900,26168.3,26180.5,26157.1,26178.4
1769599800,26178.9,26188.8,26177.1,26183.4
1769600700,26183.3,26197.1,26175.4,26189.5
1769601600,26189.7,26189.7,26136.9,26161.9
1769602500,26163.3,26166.4,26134.6,26147
1769603400,26146.9,26166.8,26140.4,26156.2
1769604300,26160.9,26170.4,26150.2,26151.2
1769605200,26151.9,26176,26138.2,26139.5
1769606100,26138.7,26162.6,26138,26148.5
1769607000,26147.2,26153.1,26124.8,26131.6
1769607900,26131.4,26155.6,26129.8,26143.7
1769608800,26143.8,26149.2,26113.3,26116.4
1769609700,26116.8,26132.8,26104.5,26124.2
1769610600,26124.4,26159.7,26084.2,26155.7
1769611500,26156.6,26169.3,26101.3,26124.3
1769612400,26123,26133.5,26084.5,26084.5
1769613300,26084.6,26123.1,26078.3,26089.5
1769614200,26090.2,26106.3,26053.7,26056.3
1769615100,26055.8,26063.1,26031.9,26035
1769616000,26033.6,26069.1,26033.1,26053.9
1769616900,26054.1,26057.4,26021.8,26054.2
1769617800,26052.6,26052.6,25991.7,25993.3
1769618700,25993.2,26006.9,25970.3,25985.9
1769619600,25987.4,26026.7,25985.2,26022.5
1769620500,26023,26034,25987.3,25996.9
1769621400,25997.3,26009.9,25981.1,26001.9
1769622300,26003.1,26035.6,25991.9,26012.5
1769623200,26012,26031.4,25993.9,26031.3
1769624100,26031.4,26043.2,26024.7,26032.1
1769625000,26031.9,26038.7,26018,26027.1
1769625900,26027.6,26051.6,26019.7,26041.8
1769626800,26040.1,26065,25987.4,26015
1769627700,26014.4,26043.4,25991.6,25993.2
1769628600,25992.3,26049.3,25987.9,26018.2
1769629500,26019.2,26080.7,26015.8,26031
1769630400,26031.8,26081.1,26024.5,26067
1769631300,26066.3,26079.9,26041.4,26044.7
1769632200,26045,26052.4,26020.5,26027.9
1769633100,26027.6,26057.8,26004.5,26019.8
1769634000,26019.5,26068.6,25867.6,26066.5
1769634900,26066.2,26133.7,26050.5,26130.8
1769635800,26130.7,26144.3,26113.7,26136.2
1769636700,26136.7,26157.3,26114.2,26134.1
1769637600,26134.5,26146.6,26128.2,26140.5
1769638500,26140.8,26172.4,26139.7,26172.4
1769639400,26172.6,26174.1,26146.3,26152.5
1769640300,26152.3,26161.7,26132.6,26160.8
1769641200,26160.1,26166.1,26034.3,26036
1769642100,26035.6,26115,26032.8,26079.9
1769643000,26080.1,26086.9,26047.3,26058.6
1769643900,26059,26087.7,26032.3,26042.9
1769644800,26046.1,26052.1,25976.2,26018.2
1769645700,26017.9,26043.4,26002.2,26042.6
1769646600,26042.7,26043.1,25998.5,26007.7
1769647500,26007.5,26035.3,25998.6,26034.9
1769648400,26035.1,26040.2,26013,26019.5
1769649300,26019.4,26021.7,25958.1,25984.1
1769650200,25985.4,25995.8,25963.2,25979.4
1769651100,25979.5,26001.2,25975.3,25999.7
1769652000,25999.4,26022.5,25994.6,26005.8
1769652900,26006.6,26047.6,26000.4,26042
1769653800,26042.9,26049.1,26029.5,26032.5
1769654700,26032.7,26047.5,26019.6,26033.7
1769655600,26033.9,26053,26033.8,26051.5
1769656500,26051.7,26066.4,26051.2,26054.4
1769657400,26055.4,26067.5,26050.9,26067
1769658300,26066.4,26072.1,26057.1,26071.2
1769659200,26071,26075.6,26066.8,26074
1769660100,26073.2,26096.3,26072.9,26084.8
1769661000,26084.7,26102.2,26084.7,26096.2
1769661900,26095.4,26105.3,26091.4,26099.3
1769662800,26098.9,26104,26082.6,26089.1
1769663700,26090,26103.8,26089.3,26102
1769664600,26103.2,26121.3,26102.7,26120.8
1769665500,26120.9,26121.5,26098.9,26106.6
1769666400,26106.4,26137.1,26104.9,26134.3
1769667300,26134.4,26139.9,26118.9,26126.9
1769668200,26125.9,26134,26113,26117.2
1769669100,26117.3,26121.8,26103.6,26117.2
1769670000,26117.1,26131.3,26112.7,26118.2
1769670900,26118.1,26122.1,26102.5,26122
1769671800,26121.7,26149.1,26117.4,26144.9
1769672700,26144.8,26146.8,26122.6,26126.3
1769673600,26126.8,26140.3,26099.3,26137
1769674500,26137.1,26151.4,26122.6,26139.1
1769675400,26139.4,26142.2,26117.7,26134.1
1769676300,26133.9,26137.4,26105.4,26120.9
1769677200,26119.8,26144.2,26116.6,26137.2
1769678100,26137.7,26140.7,26122.4,26124.1
1769679000,26123.7,26137.9,26113.1,26125.1
1769679900,26125,26125,26082.3,26082.8
1769680800,26082.3,26092.3,26068.2,26076.4
1769681700,26076.2,26109,26075.8,26099.1
1769682600,26099.2,26102.4,26082.9,26089.8
1769683500,26089.9,26095.2,26058,26063.9
1769684400,26063.8,26079,26047.6,26066.1
1769685300,26066.6,26075.1,26053.6,26066.8
1769686200,26066.9,26076.4,26049.4,26065.1
1769687100,26064.9,26080.6,26063.6,26072.1
1769688000,26075.1,26094.3,26070.9,26084.9
1769688900,26084.8,26089.6,26061.3,26070.2
1769689800,26069.6,26072.6,26030.4,26033.1
1769690700,26033.6,26051.3,26028.1,26047.8
1769691600,26047.6,26059.9,26041.7,26047.7
1769692500,26047.3,26048.4,26023.7,26046.6
1769693400,26046.3,26074.8,26030.9,26070.7
1769694300,26070.8,26074,26055.4,26065
1769695200,26065.7,26067.4,26016.9,26020.4
1769696100,26020.6,26033.2,26005,26005
1769697000,26005.2,26046.3,25820.7,25823.4
1769697900,25823.3,25879.9,25731.4,25735.4
1769698800,25735.2,25738.9,25590.7,25591.9
1769699700,25592.2,25691.8,25592.2,25608.3
1769700600,25608.9,25624.7,25483.1,25497.3
1769701500,25497.6,25514.8,25409.6,25448.5
1769702400,25449,25544.5,25418.9,25541.7
1769703300,25541.8,25592.5,25531.4,25564.2
1769704200,25565.4,25612.6,25548.1,25590.6
1769705100,25592.6,25620.1,25565.1,25592
1769706000,25592.8,25687.5,25590,25678.2
1769706900,25678.1,25730.3,25670.8,25717.6
1769707800,25717.2,25756.8,25692,25714.9
1769708700,25715.4,25715.8,25630.2,25639.7
1769709600,25641.6,25742.1,25639,25734.5
1769710500,25734.6,25737.4,25693.3,25724.8
1769711400,25724.7,25768.1,25700.2,25745.3
1769712300,25745.7,25758.2,25716,25716
1769713200,25716.1,25761.8,25700.1,25754.8
1769714100,25754.9,25777.6,25746.8,25756.9
1769715000,25757.5,25766.2,25724.3,25735.4
1769715900,25734.9,25750,25712.7,25727.3
1769716800,25727.1,25758,25719.2,25746
1769717700,25745.3,25756.4,25728.4,25731.4
1769718600,25730.7,25802.9,25722.5,25798.8
1769719500,25797,25896.1,25788.7,25871.1
1769720400,25868.6,25889.9,25840,25855.7
1769721300,25856,25869.5,25834.2,25858.6
1769722200,25871.6,25912.2,25844.2,25857.1
1769723100,25856.9,25872.7,25842.6,25857.4
1769724000,25858.7,25862.8,25849.4,25856.5
1769724900,25857.5,25900.6,25856.6,25881.6
1769725800,25881.5,25885.4,25867.8,25868.3
1769726700,25868.2,25883.7,25867.5,25880.8
1769727600,25879,25889.5,25781.6,25786.5
1769728500,25787.1,25863.8,25765.9,25823.2
1769729400,25820.9,25899.4,25819.9,25883.5
1769730300,25883.2,25890.1,25838.6,25851.3
1769731200,25852.9,25870.5,25818.1,25835.1
1769732100,25836,25851.5,25788.5,25807.6
1769733000,25808.3,25870.4,25796.1,25803
1769733900,25802.9,25829.1,25796.2,25810
1769734800,25810.1,25812.7,25775.9,25782.6
1769735700,25781.6,25789.1,25762.2,25766
1769736600,25766.1,25769.5,25678.1,25704.6
1769737500,25705,25747.1,25690.3,25732.4
1769738400,25733.3,25746.4,25698.2,25704.4
1769739300,25705.1,25722.4,25631.7,25632.3
1769740200,25632.5,25680.6,25616.8,25668
1769741100,25667.9,25728.1,25661.1,25723.1
1769742000,25725.3,25767.6,25720.4,25736.7
1769742900,25736,25752.9,25709.2,25730.5
1769743800,25730.6,25761,25723.7,25734.3
1769744700,25734.7,25753.5,25726.3,25728.4
1769745600,25727.6,25767.9,25725.1,25767.9
1769746500,25767.7,25776.6,25742.4,25760.1
1769747400,25759.8,25776.2,25755.1,25762.5
1769748300,25762.9,25769,25732.9,25738.9
1769749200,25740.1,25767.4,25737.6,25745.2
1769750100,25745,25755,25729.9,25747.8
1769751000,25747.3,25748.9,25725.8,25727.1
1769751900,25726.7,25742.6,25713.3,25713.9
1769752800,25714.7,25720.3,25681.5,25693.3
1769753700,25693.5,25694.6,25636.9,25666.1
1769754600,25665.3,25694.8,25651.6,25669.8
1769755500,25669.7,25678.1,25617.2,25632.6
1769756400,25631,25684.8,25625.1,25671.4
1769757300,25672.5,25672.8,25637,25641.8
1769758200,25641.6,25660.7,25587.7,25618.8
1769759100,25619.8,25628.4,25583.1,25586.9
1769760000,25587,25626.8,25563.4,25622.3
1769760900,25621.4,25651.6,25603,25629.2
1769761800,25628.5,25628.5,25573.1,25608.6
1769762700,25608.5,25672.6,25596.5,25649.3
1769763600,25649.2,25666.1,25594,25600.5
1769764500,25600.6,25612.9,25569.2,25585.5
1769765400,25586.5,25612,25575,25585.6
1769766300,25586.9,25596.1,25530.7,25577.4
1769767200,25576.9,25621.5,25574.4,25617.8
1769768100,25618.1,25629.2,25596.9,25608.1
1769769000,25608.2,25664.5,25608.2,25654.8
1769769900,25655.5,25670.1,25637.6,25645.1
1769770800,25645.3,25688.4,25644.6,25684.9
1769771700,25685.1,25699.8,25674.2,25697.2
1769772600,25697,25725.8,25689.7,25710.3
1769773500,25710.2,25763.1,25667.7,25750.8
1769774400,25752.4,25785.4,25739.2,25749.7
1769775300,25749.8,25764.9,25734.5,25746.6
1769776200,25747,25775.6,25730.2,25731.8
1769777100,25732.3,25751.5,25704.1,25725
1769778000,25725.1,25765.4,25721.9,25759.4
1769778900,25759.6,25766.4,25707.9,25740.2
1769779800,25740.3,25740.5,25663.3,25723.9
1769780700,25723.6,25733.4,25691.2,25705.2
1769781600,25704.3,25729,25689.2,25713.9
1769782500,25713.4,25727.4,25687.2,25716.9
1769783400,25715.1,25819.9,25695.7,25754.9
1769784300,25752.9,25809.8,25688.8,25709.4
1769785200,25709.5,25807.3,25692.8,25780
1769786100,25778.5,25801.6,25674.1,25676.9
1769787000,25677.9,25792.2,25655.3,25776.5
1769787900,25776.6,25816.7,25707.2,25724.6
1769788800,25725.9,25751.4,25697.2,25715.9
1769789700,25715.6,25716.4,25637.9,25681.8
1769790600,25681.7,25741.4,25667.7,25717.6
1769791500,25717.4,25721.1,25629.8,25642.5
1769792400,25641.7,25646.2,25569.9,25588.3
1769793300,25588.9,25673.5,25574.1,25668
1769794200,25666,25678.8,25585.3,25626.4
1769795100,25627.2,25657.8,25563.3,25564.6
1769796000,25565.7,25598.4,25546,25556.9
1769796900,25557.1,25564.8,25454.8,25556.1
1769797800,25554.3,25565.1,25484.5,25509.6
1769798700,25509.7,25655.4,25506,25624.8
1769799600,25623.7,25664,25610.3,25627.3
1769800500,25627.7,25646.2,25598.9,25600.3
1769801400,25600.1,25621.4,25559.6,25576.9
1769802300,25576.5,25608.3,25536.9,25541.6
1769803200,25541.7,25566.4,25497.6,25500.5
1769804100,25499.3,25499.3,25455.2,25479.6
1769805000,25479,25537.7,25474.4,25531.7
1769805900,25531,25611.2,25509.6,25553.8
1769806800,25553.2,25588,25509.4,25531.5
1769807700,25531.2,25560.7,25527.2,25533.4
1769808600,25534.1,25541.1,25512.8,25517
1769809500,25517.8,25532,25512.8,25519.1
1769986800,25402.5,25417.5,25284.7,25325.6
1769987700,25325.7,25348,25258,25317.2
1769988600,25316.3,25441.9,25302.9,25428.9
1769989500,25429.1,25455.5,25413.6,25417.9
1769990400,25417.8,25490.5,25371.9,25466.7
1769991300,25467.2,25517.7,25462.4,25498.1
1769992200,25499,25529.7,25475.3,25506.5
1769993100,25507.3,25517.6,25478.3,25487.2
1769994000,25487.4,25519.5,25362.6,25380.1
1769994900,25379.7,25429.5,25365.9,25409.5
1769995800,25410.5,25413.8,25325.2,25334
1769996700,25334.1,25342,25284.6,25292.1
1769997600,25292.6,25333.1,25272.4,25305.8
1769998500,25306.1,25326.5,25282.3,25305.8
1769999400,25305.9,25332.3,25282.2,25311.2
1770000300,25312.5,25316.8,25241.1,25250.8
1770001200,25252.1,25271.8,25200.2,25224.9
1770002100,25225,25249.3,25211.3,25217
1770003000,25216.9,25226.9,25165.8,25181.4
1770003900,25182.6,25209.4,25146,25164.3
1770004800,25164.8,25170.6,25100.1,25138.6
1770005700,25137.8,25215.9,25132.1,25195.1
1770006600,25193,25259,25190.9,25251.2
1770007500,25250.9,25256.1,25218.9,25225.6
1770008400,25224.5,25232.4,25170.9,25194
1770009300,25194.1,25206.3,25150,25155.6
1770010200,25155.8,25162.7,25130.1,25138.3
1770011100,25138.2,25166.8,25120.3,25134.3
1770012000,25133.7,25157.8,25089.3,25090.8
1770012900,25091,25134.7,25070.8,25130.1
1770013800,25129.2,25141.3,25064.7,25110.2
1770014700,25110.1,25122.9,25071,25117.8
1770015600,25117.5,25191.2,25117,25160.3
1770016500,25160.5,25188.5,25139.6,25186.6
1770017400,25186.3,25206.5,25159.3,25178.6
1770018300,25178.3,25234.4,25178.3,25232.1
1770019200,25230.6,25278.5,25223.6,25254.3
1770020100,25255.2,25286.9,25246,25274.3
1770021000,25274.1,25302.5,25263.5,25288
1770021900,25288.2,25305.9,25281.5,25284.9
1770022800,25289.7,25291.7,25239.7,25274
1770023700,25273.9,25342.1,25257.2,25322.4
1770024600,25322.2,25347.2,25316.2,25327.1
1770025500,25327.2,25343.2,25322.5,25337.5
1770026400,25337.2,25353.9,25318.4,25329.7
1770027300,25330.5,25347.6,25322.6,25332
1770028200,25331.8,25336.8,25284.2,25288.1
1770029100,25288.6,25304.1,25274.4,25290
1770030000,25290.1,25327.4,25284.3,25323.2
1770030900,25323.4,25342.4,25303.6,25340.3
1770031800,25340.2,25355.8,25323.4,25349.8
1770032700,25350.2,25376.1,25329.3,25335.6
1770033600,25337.3,25368.1,25335.9,25360.1
1770034500,25359.6,25398.6,25357.3,25394.2
1770035400,25393.6,25406.8,25382.9,25405.7
1770036300,25405.8,25410.5,25359.4,25372.6
1770037200,25371.7,25381.8,25340.6,25377.7
1770038100,25377.8,25385.9,25357,25360.9
1770039000,25360.7,25379.3,25340.6,25379.2
1770039900,25379.4,25424.1,25376.5,25412.9
1770040800,25413.2,25430.6,25403.1,25422.8
1770041700,25422.9,25430.4,25404.3,25426.9
1770042600,25427,25613.8,25425.2,25602.8
1770043500,25606.9,25682.2,25583,25632.8
1770044400,25632.9,25761.9,25618.3,25758.2
1770045300,25758,25795.8,25741.6,25750
1770046200,25752,25792.7,25738,25761.2
1770047100,25760.7,25761.6,25703.3,25727.6
1770048000,25726.4,25741.4,25689.6,25739.9
1770048900,25737.4,25782.7,25732.5,25778.3
1770049800,25777.9,25784.3,25744.5,25753.4
1770050700,25753.9,25786.7,25721.7,25780.5
1770051600,25778.7,25808.8,25772.4,25789.8
1770052500,25789.3,25805.3,25782.1,25801.3
1770053400,25801.9,25819.1,25788.5,25798.6
1770054300,25798.7,25828.4,25795.4,25810.4
1770055200,25810.2,25823.3,25809.7,25813
1770056100,25812.9,25815,25785.4,25798.9
1770057000,25798.3,25818.8,25794.1,25812.6
1770057900,25812.7,25834.8,25810.7,25827.4
1770058800,25826.6,25830,25815.5,25817.2
1770059700,25817.1,25825.8,25805.9,25808.3
1770060600,25807.2,25807.3,25779.7,25792.2
1770061500,25791.9,25797.1,25728,25731.6
1770062400,25732.4,25784.3,25708.8,25756
1770063300,25755.8,25783.8,25744.6,25751.3
1770064200,25751,25753.6,25729.7,25734.9
1770065100,25733.6,25751.1,25717.9,25740.4
1770066000,25740.3,25780.9,25721.4,25760.4
1770066900,25760.9,25774.7,25748.9,25770.4
1770067800,25768.9,25776.8,25754.4,25757.3
1770068700,25757.5,25770.2,25750.9,25763.7
1770069600,25763.6,25765.9,25758.3,25764
1770070500,25763.7,25768.8,25763,25768.7
1770071400,25768.6,25790.4,25767.7,25788.9
1770072300,25788.8,25793.2,25787,25788.7
1770073200,25768.1,25823.8,25754.8,25805.3
1770074100,25805.4,25828.7,25805.4,25826.9
1770075000,25827,25865.1,25820.7,25849.1
1770075900,25849.3,25854.9,25833.4,25836.1
1770076800,25835.8,25843,25802,25829.3
1770077700,25829.2,25873.2,25822.9,25860.4
1770078600,25861,25864.3,25840,25846.4
1770079500,25845.4,25847.5,25832.5,25841.1
1770080400,25840.5,25869.5,25840.5,25865.8
1770081300,25865.7,25879.2,25857,25860.6
1770082200,25859.1,25863.3,25843.9,25861.3
1770083100,25861.5,25862.9,25836,25847.6
1770084000,25847.7,25847.9,25808.5,25813.1
1770084900,25813,25839.5,25810.3,25812.9
1770085800,25813.1,25817.3,25789,25798.8
1770086700,25797.9,25823.3,25787.8,25817
1770087600,25816.6,25836.6,25808.3,25810.9
1770088500,25810.7,25832,25800.6,25826.2
1770089400,25826.9,25849,25815.6,25847.9
1770090300,25848.4,25852.3,25834.1,25844.8
1770091200,25844.7,25864.2,25844.7,25849.7
1770092100,25849.9,25852.2,25840.6,25850.1
1770093000,25850.6,25870.6,25849.7,25867.6
1770093900,25867.4,25875.1,25861.3,25867.7
1770094800,25867.8,25873.7,25839.4,25848.4
1770095700,25848.2,25865.7,25845.3,25855.7
1770096600,25856,25869.8,25852.9,25866.4
1770097500,25866.3,25884.5,25864.6,25874.1
1770098400,25874.2,25884.7,25861.7,25882
1770099300,25882.5,25889.7,25874.3,25874.3
1770100200,25873.4,25894.2,25870.6,25890.5
1770101100,25890.8,25891.5,25876.4,25878.6
1770102000,25878.5,25890.4,25873.6,25882.7
1770102900,25882.8,25886.7,25862.2,25875.5
1770103800,25875.6,25900.4,25870.3,25899.5
1770104700,25899.6,25915.6,25894.4,25900.1
1770105600,25899.4,25911.1,25878.6,25908.9
1770106500,25908.8,25911.1,25891,25891.2
1770107400,25891,25892.6,25868.1,25878.2
1770108300,25878,25885,25857.9,25865.6
1770109200,25866.5,25897.3,25862.5,25864
1770110100,25865.1,25875.8,25846.3,25851.2
1770111000,25852.2,25867.3,25845.2,25855.1
1770111900,25855.9,25866.5,25845.9,25857.7
1770112800,25857.8,25878.2,25853.9,25865
1770113700,25864.9,25874,25854.8,25859.3
1770114600,25859.2,25859.5,25833.4,25839.8
1770115500,25839.9,25852.7,25835.4,25842.9
1770116400,25842.8,25853.9,25827.7,25843.3
1770117300,25843.2,25852,25828.9,25833
1770118200,25834.4,25844.7,25822.3,25841.2
1770119100,25840.9,25852.3,25830.8,25834.1
1770120000,25834,25856.9,25810.5,25856
1770120900,25856.6,25876,25847.7,25874.6
1770121800,25874,25882.7,25869,25871.8
1770122700,25871.9,25883.1,25865.8,25869
1770123600,25869.1,25890.8,25864,25875.8
1770124500,25875.9,25886.4,25862.5,25878.4
1770125400,25878.6,25888.1,25859.4,25862.4
1770126300,25862.5,25871.3,25848.6,25855.3
1770127200,25856.3,25865.1,25841.2,25842.9
1770128100,25844,25844,25815.2,25819.9
1770129000,25822,25839.8,25612.6,25640.5
1770129900,25640.4,25699.3,25513.9,25523
1770130800,25522.6,25536.3,25422.7,25445.6
1770131700,25446.3,25496.6,25363.5,25440.4
1770132600,25439.9,25454.9,25375.4,25417.3
1770133500,25415.5,25524,25391.3,25509.8
1770134400,25510,25510.9,25427.5,25445.5
1770135300,25445.6,25467,25387.5,25389.9
1770136200,25390,25426.6,25372.7,25396.8
1770137100,25396.6,25418.7,25362.2,25385.3
1770138000,25385.2,25395,25295,25313.5
1770138900,25314,25358.3,25300.4,25307.7
1770139800,25308.9,25315.8,25238,25251.3
1770140700,25251.2,25319.4,25246.3,25279.5
1770141600,25278.8,25315.7,25219.1,25226.2
1770142500,25226.1,25258.7,25206,25224.5
1770143400,25224.6,25224.6,25176.4,25184.4
1770144300,25183.1,25188.8,25139.4,25139.4
1770145200,25138.3,25217.5,25111.1,25214.3
1770146100,25213.7,25251.5,25172.4,25188
1770147000,25188.7,25217.1,25156.7,25163.2
1770147900,25163.7,25223.4,25129.4,25212.2
1770148800,25211.3,25220.7,25164.9,25206
1770149700,25203.7,25237,25180.1,25224.2
1770150600,25224.5,25315.6,25224.5,25285.2
1770151500,25285,25351.6,25279.3,25338.4
1770152400,25338.3,25365.9,25328.3,25339.7
1770153300,25339.8,25370.7,25273.1,25318.5
1770154200,25319,25321.3,25293.4,25307.3
1770155100,25307,25316.7,25294.6,25311.6
1770156000,25311.7,25314.7,25300.2,25300.6
1770156900,25300.4,25301,25285,25294.7
1770157800,25294.5,25298.6,25286.7,25286.7
1770158700,25287.6,25294.1,25284.6,25291.1
1770159600,25288.6,25317.5,25257.7,25317.5
1770160500,25317.6,25336.5,25283.4,25291.2
1770161400,25291.1,25297.7,25281.1,25296
1770162300,25295.9,25329,25285.8,25323.3
1770163200,25322.9,25330.4,25285.7,25300.2
1770164100,25302.2,25331.1,25295,25302.4
1770165000,25303.4,25323.2,25292.5,25296.1
1770165900,25296.2,25307,25272.4,25272.5
1770166800,25279.8,25336.9,25279.5,25332.4
1770167700,25332.7,25347.2,25328.5,25339.1
1770168600,25338.4,25350.5,25318.6,25327.1
1770169500,25326.3,25340,25309.3,25334
1770170400,25338.2,25369.6,25335.1,25350.3
1770171300,25351.3,25360.6,25310.9,25321.5
1770172200,25321.8,25333.4,25302.7,25319
1770173100,25318.9,25323.3,25294.8,25309.3
1770174000,25309.1,25328.7,25297.9,25320.2
1770174900,25319.3,25332.6,25303.7,25320.8
1770175800,25318.7,25346,25318.4,25326.1
1770176700,25325.7,25332.2,25306.2,25329.6
1770177600,25329.1,25335.3,25320.5,25328.7
1770178500,25328.6,25332,25311.7,25318.8
1770179400,25318.7,25344.3,25318.7,25334.2
1770180300,25334.1,25337.7,25318.3,25329.6
1770181200,25329.8,25332,25310.8,25317.4
1770182100,25317.3,25334.4,25317.1,25326.4
1770183000,25326.3,25329.5,25303.3,25324.8
1770183900,25324.9,25339.4,25322.2,25339.3
1770184800,25339,25359.7,25330.6,25356.7
1770185700,25356.8,25358.9,25331.4,25351.7
1770186600,25352,25375.1,25343.2,25372.7
1770187500,25372.8,25384.6,25362.8,25366.6
1770188400,25366.3,25386.9,25364.8,25382.1
1770189300,25381.8,25394.5,25378.1,25385.2
1770190200,25385.3,25403.9,25370.9,25399.5
1770191100,25399.4,25410.3,25394.6,25397.8
1770192000,25397.9,25405.6,25354.6,25387.5
1770192900,25387.4,25390.5,25305.9,25310.2
1770193800,25309.7,25347.2,25295.8,25346.2
1770194700,25346,25349.8,25311.7,25320.7
1770195600,25322.2,25345.1,25303.5,25308.2
1770196500,25308,25312,25255.1,25278
1770197400,25278.1,25293.8,25251,25270.9
1770198300,25270.3,25303.1,25263.9,25297.5
1770199200,25297.3,25336,25291,25317.4
1770200100,25316.3,25343.8,25313.5,25339.3
1770201000,25340.2,25361.8,25332,25338.3
1770201900,25338.4,25356.2,25329.4,25344.6
1770202800,25344.7,25354.7,25331.2,25339.6
1770203700,25339.1,25355.8,25335,25344.4
1770204600,25344.2,25373.6,25340,25358
1770205500,25365.7,25379.3,25351.7,25370.1
1770206400,25370.6,25386.9,25333.6,25357.1
1770207300,25356.9,25360.6,25315.9,25325.1
1770208200,25324.3,25343,25293.9,25312.2
1770209100,25312,25322.4,25292.1,25302.8
1770210000,25301.8,25311.9,25270.1,25286.6
1770210900,25287.7,25304.4,25265.5,25287.9
1770211800,25288,25311.2,25270.3,25288.5
1770212700,25288.7,25289.1,25238.2,25254.5
1770213600,25253.1,25254.9,25221.2,25245.5
1770214500,25245.1,25284.3,25229.8,25280.9
1770215400,25281.3,25281.3,25127,25228.6
1770216300,25228.2,25267.6,25082.2,25091.8
1770217200,25091.2,25153.5,25004.2,25113.4
1770218100,25112.8,25200,25075.3,25143.7
1770219000,25143.6,25164.3,25016,25106
1770219900,25105.4,25116.5,25029,25046.8
1770220800,25046.4,25066.2,24948.1,25006.6
1770221700,25006.5,25034.7,24936.5,25028
1770222600,25027.2,25029.4,24872,24876.1
1770223500,24876.2,24939.3,24824.6,24932
1770224400,24931,24951.1,24881,24927.5
1770225300,24927.6,24938.1,24772.6,24785
1770226200,24784.7,24841.3,24696,24747.4
1770227100,24747.1,24778.8,24679.4,24769
1770228000,24771,24796.6,24717.8,24748.3
1770228900,24749.3,24847.8,24724.1,24840.6
1770229800,24839.1,24840.1,24750.6,24785.9
1770230700,24785.2,24857.2,24732.7,24823.4
1770231600,24821.9,24838.9,24762.2,24804.9
1770232500,24802.9,24866.1,24789.9,24861.6
1770233400,24861.5,24943,24858.3,24925.2
1770234300,24924.9,25014.5,24911.2,25004.6
1770235200,25005.8,25019.3,24920.5,24947.6
1770236100,24947.7,24988.5,24928.1,24959.3
1770237000,24958.8,24997,24940.3,24962.5
1770237900,24963.7,24988.6,24879.1,24897.2
1770238800,24897.7,24961.7,24775.5,24945.8
1770239700,24945.6,24956.7,24893.3,24942
1770240600,24940.2,25078.4,24934.3,25052
1770241500,25052.3,25071.3,25006.9,25012.7
1770242400,25012.8,25017.3,24978.9,24991.4
1770243300,24989.6,24994.7,24976.7,24982.3
1770244200,24982.2,24983.2,24942.2,24960.5
1770245100,24960.4,24960.4,24945.6,24949.4
1770246000,24960.9,25015.3,24960.1,24970.6
1770246900,24970.7,24996.9,24966.2,24995.2
1770247800,24995.3,25024.8,24965.8,24977.4
1770248700,24977.5,25003.1,24944,24969.1
1770249600,24969.2,24974,24932,24967.9
1770250500,24968,25022,24967.5,25014
1770251400,25014.8,25036.8,25003,25028
1770252300,25027.8,25035.8,25007.6,25007.6
1770253200,25010,25059.7,25000.9,25054.3
1770254100,25054.4,25069.6,25011.6,25028.9
1770255000,25029.1,25053.3,25022.5,25045
1770255900,25045.5,25054.1,25016.7,25023.3
1770256800,25024.9,25035.9,24913,24913.5
1770257700,24914,24964.5,24860.8,24960
1770258600,24958.3,24995.8,24957.8,24972.6
1770259500,24972.1,24977.8,24859.7,24861.3
1770260400,24862.7,24920.1,24850.2,24907.5
1770261300,24905.9,24939,24880.4,24914.2
1770262200,24914,24919.9,24861.1,24899.2
1770263100,24897.5,24897.6,24831,24848
1770264000,24849.9,24885.5,24842.9,24858.6
1770264900,24859.3,24860.6,24816.4,24850.9
1770265800,24851,24917.6,24841.9,24915.5
1770266700,24915,24927.6,24902.8,24912.1
1770267600,24912.4,24923.8,24883.6,24887.9
1770268500,24887.4,24910.8,24864.7,24903.2
1770269400,24902.9,24946.1,24884.4,24930.1
1770270300,24930.4,24938.2,24891.6,24898.2
1770271200,24898,24933.9,24894.1,24927.9
1770272100,24927.5,24954,24912.8,24931.9
1770273000,24927.4,24958.7,24922.6,24951.9
1770273900,24954.8,24977.9,24953.3,24972.1
1770274800,24972.5,24986.3,24961.8,24966
1770275700,24966.3,24990.8,24957,24980.6
1770276600,24980.5,24988.9,24947,24962.5
1770277500,24962.7,24989.1,24942.3,24946.8
1770278400,24946.5,25013.8,24946.5,24999.1
1770279300,24999.9,25025.2,24979.4,24994.7
1770280200,24993.8,25014.5,24971.6,24985.7
1770281100,24984.3,24984.6,24900.4,24900.5
1770282000,24900.2,24943,24878.3,24901.8
1770282900,24899,24972.9,24885.1,24970.6
1770283800,24970.8,24996.5,24929,24933.7
1770284700,24933.6,24959.3,24913.6,24930.1
1770285600,24930.3,24980.5,24923.4,24980.1
1770286500,24980.3,24992.3,24965.4,24987.6
1770287400,24988,24990.5,24927,24937.8
1770288300,24937.9,24955,24931.2,24935.1
1770289200,24934.2,24942.7,24913,24936.5
1770290100,24936.6,24965.5,24923,24923.1
1770291000,24924.5,24934.4,24892,24914.6
1770291900,24915.4,24933.9,24908.2,24932.2
1770292800,24932.7,24958.2,24902.1,24941.3
1770293700,24941.4,24949.6,24782.6,24805.9
1770294600,24805.2,24819.4,24654.1,24691.4
1770295500,24690.4,24706,24610.1,24694.2
1770296400,24694.5,24739.7,24672,24703.1
1770297300,24703.2,24724.3,24681.1,24693.2
1770298200,24693.3,24765.7,24663.6,24715.8
1770299100,24715.5,24726.4,24659.3,24668.8
1770300000,24670.4,24740.5,24639.4,24664.7
1770300900,24667.8,24680.4,24627.2,24670.9
1770301800,24670.8,24836.3,24555.6,24815
1770302700,24814.8,24860.3,24660.7,24671.9
1770303600,24671.7,24699,24458,24459.5
1770304500,24459.4,24564.4,24452.6,24480.6
1770305400,24481.5,24601.1,24455.8,24579.9
1770306300,24576.2,24592.6,24471.5,24533.5
1770307200,24534.9,24555.9,24452.2,24455.4
1770308100,24454.9,24685.8,24454.9,24680.8
1770309000,24680.2,24726,24663.5,24687
1770309900,24686.5,24759.2,24633.7,24732.2
1770310800,24729.8,24732.6,24639.4,24675.9
1770311700,24676,24767.2,24625.7,24740.6
1770312600,24738.4,24777.6,24696.5,24751.6
1770313500,24754,24788.2,24672.7,24684.2
1770314400,24684.6,24735.5,24648.1,24674.4
1770315300,24674.7,24687,24613.7,24633.1
1770316200,24633.7,24673,24594.9,24614.8
1770317100,24614.7,24625.3,24563.4,24600.8
1770318000,24600.9,24716.2,24587.1,24701.5
1770318900,24701.7,24736.6,24659.3,24663.3
1770319800,24663.5,24665.1,24583.2,24597.7
1770320700,24597.8,24617.8,24574.6,24613.9
1770321600,24612.8,24706.2,24594.4,24648
1770322500,24647.6,24649.5,24530.7,24537.9
1770323400,24539.1,24574.5,24504.5,24514.3
1770324300,24513.3,24563.7,24468.7,24537.1
1770325200,24537,24592.7,24455.1,24507
1770326100,24506,24515.1,24430.5,24445.8
1770327000,24445.5,24446.8,24334.4,24363.1
1770327900,24366.6,24385.2,24307.8,24326.6
1770328800,24326.3,24326.3,24263.4,24263.4
1770329700,24263.3,24309.9,24261.9,24305.2
1770330600,24305.4,24316.5,24261.5,24269.2
1770331500,24269.1,24292.6,24257.7,24288.2
1770332400,24312.4,24374.4,24296.8,24333.7
1770333300,24333.4,24346.6,24264.9,24331.3
1770334200,24329.5,24336.8,24252.4,24256.6
1770335100,24256.7,24263.4,24201.5,24239.9
1770336000,24238.1,24243.1,24165.7,24174.4
1770336900,24174.5,24281.2,24146.4,24275.4
1770337800,24273.9,24307.9,24252.7,24279
1770338700,24278.4,24314.4,24249.2,24305.7
1770339600,24306.8,24345.2,24281.5,24282.7
1770340500,24282.9,24297.1,24246.5,24269.3
1770341400,24271.1,24386.6,24270.1,24385.4
1770342300,24382.9,24441.2,24368.1,24434.7
1770343200,24435.1,24475.4,24435.1,24449.5
1770344100,24449.7,24473.2,24426.1,24463.4
1770345000,24463.7,24481.2,24434.7,24458.6
1770345900,24458.5,24463.5,24416.2,24439.5
1770346800,24439.6,24470.2,24428.9,24440.4
1770347700,24440.5,24446.9,24407.7,24426.2
1770348600,24425.8,24456.7,24377.6,24387.2
1770349500,24387.1,24439.8,24385.2,24432
1770350400,24432.1,24434.1,24401.8,24413.3
1770351300,24412.8,24421.4,24392.8,24397.4
1770352200,24397.6,24402.1,24354.6,24372.3
1770353100,24372.6,24382,24332,24359.9
1770354000,24360,24374.5,24335.7,24370.6
1770354900,24370.3,24397.6,24360.5,24397
1770355800,24396.8,24466.1,24394,24463.9
1770356700,24463.4,24501.4,24449.5,24487.6
1770357600,24487.9,24516.8,24483.5,24499.6
1770358500,24499.3,24517,24487.1,24501.5
1770359400,24501,24519.2,24453.1,24463.9
1770360300,24463.6,24470.5,24446.3,24453.6
1770361200,24455.8,24457.8,24411.7,24434.5
1770362100,24434.6,24482.6,24427.6,24476.5
1770363000,24476.9,24484,24449.1,24451
1770363900,24450.8,24463.8,24433.9,24463.1
1770364800,24460.7,24496.3,24397,24478.8
1770365700,24478.7,24496.4,24455.3,24456.9
1770366600,24457,24495.5,24435.5,24473.3
1770367500,24473.4,24512.4,24442.2,24489.9
1770368400,24489.1,24564.2,24467.2,24561
1770369300,24560.9,24631.4,24541.8,24628.1
1770370200,24627.8,24687.7,24625.3,24680.6
1770371100,24679.7,24680.4,24641.4,24656.7
1770372000,24656.5,24656.5,24618.1,24640
1770372900,24639.9,24658.5,24621,24624.1
1770373800,24623.9,24671.5,24616.7,24656.5
1770374700,24656.7,24702,24644.4,24698.4
1770375600,24698.3,24735.2,24696.3,24730.8
1770376500,24730.9,24737,24708.8,24718.1
1770377400,24715.8,24766.1,24715.8,24748.8
1770378300,24748.9,24777.9,24730.3,24759.7
1770379200,24759.6,24765.4,24705.9,24706
1770380100,24706.1,24730.7,24688.3,24699
1770381000,24698,24730,24679.7,24700.5
1770381900,24700.1,24715.7,24665.9,24687.2
1770382800,24687,24711.4,24663.6,24707.2
1770383700,24706.9,24753.5,24686.2,24725.7
1770384600,24725.5,24757.1,24685.7,24713.9
1770385500,24713.4,24724.9,24681.5,24703.5
1770386400,24703.7,24723,24681.6,24701.4
1770387300,24702.9,24714.5,24654.4,24664.9
1770388200,24665,24832.3,24607.4,24831.2
1770389100,24831.4,24892.8,24759.1,24762.3
1770390000,24763.8,24778.9,24668.6,24679.7
1770390900,24678.9,24823.1,24655.5,24812
1770391800,24812.2,24856.1,24769.6,24833.4
1770392700,24834.6,24870,24731.7,24805.1
1770393600,24807,24915.1,24792.9,24914.7
1770394500,24914.5,24945.6,24886,24916.6
1770395400,24915.9,24960.5,24914.3,24934.9
1770396300,24935.1,24952.2,24890.1,24912.8
1770397200,24911.9,24965,24896.8,24951.3
1770398100,24951.1,24984.6,24934.6,24978.5
1770399000,24978.4,25008.5,24948.5,24982.8
1770399900,24982.7,25020,24982.7,25003.2
1770400800,25003.4,25034.4,25003.4,25008
1770401700,25008.6,25029.5,24985.4,25001
1770402600,25000.2,25018.2,24990.4,25006.1
1770403500,25006.2,25019.7,24992.3,24994.6
1770404400,24995.1,25012,24985.8,24986.1
1770405300,24986,25018.5,24975.6,25015.9
1770406200,25014.6,25018,24985.8,24986.5
1770407100,24986.6,25016,24980.9,24980.9
1770408000,24980.6,25013.6,24966.5,25006.5
1770408900,25006.8,25038.2,25006.2,25021.5
1770409800,25021.8,25062.4,25011.2,25061.5
1770410700,25062.3,25131.9,25057.8,25057.8
1770411600,25055.9,25074.1,25031.6,25036.4
1770412500,25035.2,25043.1,25018.5,25019.9
1770413400,25020.1,25023.6,25008.4,25018.2
1770414300,25017.4,25021.7,25000.2,25012.2
1770591600,25115,25167,25083.5,25154.6
1770592500,25154.5,25173.6,25144.3,25145.9
1770593400,25145.2,25185.7,25132.3,25182.4
1770594300,25182.9,25204.4,25171.9,25185.6
1770595200,25183.2,25243.2,25180.1,25238.4
1770596100,25238.8,25255.6,25202.3,25203.1
1770597000,25203.5,25238.3,25197.9,25207.4
1770597900,25207.1,25211.7,25170.6,25175.2
1770598800,25175,25177.8,25149,25155.9
1770599700,25156.7,25173.3,25146.2,25149.3
1770600600,25149.7,25175.3,25131.3,25140.1
1770601500,25140.9,25146.1,25108.2,25130.1
1770602400,25129.8,25161.8,25120.2,25138.3
1770603300,25139,25154.5,25124.9,25138.1
1770604200,25138.9,25174.6,25138,25168.8
1770605100,25168.6,25171.9,25134.2,25140.5
1770606000,25140.2,25154.3,25128.7,25138.3
1770606900,25137.5,25148,25126.2,25126.2
1770607800,25122.3,25139.4,25104.1,25120.5
1770608700,25120.6,25130.2,25101.4,25101.5
1770609600,25101.7,25135.6,25100.8,25125.5
1770610500,25126.2,25132.6,25117.1,25126.2
1770611400,25126.3,25127.1,25105.7,25110.2
1770612300,25110.3,25115.4,25091.6,25098.8
1770613200,25098.3,25111.2,25088.1,25105.9
1770614100,25106,25133.6,25106,25121.7
1770615000,25121.6,25140.8,25108.7,25111.1
1770615900,25110.6,25132.4,25101.2,25127.8
1770616800,25127.9,25134.5,25075.8,25106.4
1770617700,25105.8,25107,25072.4,25079.2
1770618600,25077.7,25112.9,25077.5,25095.7
1770619500,25094,25110.9,25067.8,25079
1770620400,25079.4,25094.1,25065.9,25070
1770621300,25070.2,25082.9,25044.6,25051.8
1770622200,25051.6,25063.7,25033.1,25055.8
1770623100,25056.6,25086.5,25055.3,25071.6
1770624000,25070.2,25126.8,25067.3,25113.3
1770624900,25113.4,25122.7,25088.2,25093.7
1770625800,25093.8,25101.3,25061.2,25082.7
1770626700,25083.7,25098.5,25071.1,25075.4
1770627600,25072.8,25097,25069.2,25073.1
1770628500,25071.4,25082.7,25055.5,25067.8
1770629400,25067.1,25075.1,25026.5,25042.4
1770630300,25042.7,25050.6,24984.9,25000.4
1770631200,25000.5,25005.6,24962,24979
1770632100,24978.8,24978.9,24946.2,24950.5
1770633000,24951,24953.5,24879,24898.3
1770633900,24897,24967.3,24891.9,24955.4
1770634800,24956.4,24968.4,24932,24945.8
1770635700,24945.6,24981.9,24938,24977.4
1770636600,24977.3,24984.1,24953.9,24960.5
1770637500,24960.3,24974.7,24945.1,24958.7
1770638400,24958.8,25011.2,24926.6,25006.9
1770639300,25006.4,25008.8,24972.9,25003.4
1770640200,25003,25015.9,24984.9,24990.5
1770641100,24990.6,25013.2,24984,25013
1770642000,25013.2,25064.7,25011.5,25049.5
1770642900,25049.6,25068.4,25026,25033.8
1770643800,25032.9,25035.9,25005.3,25018.2
1770644700,25018.4,25027.5,24985.6,24992
1770645600,24992.2,25005.9,24968.3,24985.7
1770646500,24985.2,24993.3,24951.3,24968.5
1770647400,24969.1,25064.2,24868.8,25062.3
1770648300,25062.2,25100.5,25005.1,25027.2
1770649200,25022.3,25129.6,25015.6,25127
1770650100,25128.5,25166.9,25080.5,25094.5
1770651000,25094.9,25188.1,25094.9,25176.5
1770651900,25176.9,25242.2,25170.2,25225.1
1770652800,25224.3,25247.6,25218,25245.4
1770653700,25244.9,25271.1,25227.6,25269.8
1770654600,25267.7,25277.8,25251.1,25275.1
1770655500,25277.3,25316.4,25277.3,25303.5
1770656400,25303.3,25329.5,25294.6,25320
1770657300,25319.5,25327.4,25291.4,25296.6
1770658200,25294.7,25311.1,25283.9,25291.2
1770659100,25290.9,25298,25263.8,25268.3
1770660000,25269.1,25293.4,25257.3,25284.7
1770660900,25285.7,25293.4,25224.7,25255.1
1770661800,25254.1,25297.8,25242,25291
1770662700,25291.1,25298.7,25275.1,25281
1770663600,25280.1,25309.4,25274.6,25307.5
1770664500,25307,25333.7,25303.6,25329.1
1770665400,25329.8,25339.8,25323.2,25326
1770666300,25326.1,25330.6,25308.9,25311
1770667200,25311.2,25325,25305.4,25312.7
1770668100,25311.8,25313.1,25267.1,25277.4
1770669000,25277.6,25291,25246.6,25279.5
1770669900,25280.6,25304.7,25258,25258.3
1770670800,25257.4,25285.8,25248,25281.5
1770671700,25283.2,25283.5,25262.9,25275.2
1770672600,25274.7,25282.7,25272,25280
1770673500,25280.3,25284.1,25270,25271.5
1770674400,25272.6,25274.7,25266.6,25271
1770675300,25271.5,25271.5,25266.2,25266.2
1770676200,25266.6,25271.1,25266.6,25267.5
1770677100,25267.1,25280.4,25267.1,25279.2
1770678000,25276,25310,25259,25271.3
1770678900,25271.1,25274.6,25254.1,25266.9
1770679800,25266.8,25286.9,25249.7,25277.4
1770680700,25276.9,25276.9,25242,25257.5
1770681600,25257.1,25276.4,25229.1,25230.1
1770682500,25230.6,25249.4,25229.2,25240.8
1770683400,25240.6,25248.7,25227.6,25230
1770684300,25229.2,25256.2,25225.9,25249.4
1770685200,25250.1,25256.3,25238.3,25245.9
1770686100,25245.8,25254.6,25227,25230.7
1770687000,25227,25250.7,25213.2,25246.6
1770687900,25247.2,25266,25231.9,25248.9
1770688800,25248.8,25248.9,25224,25236.6
1770689700,25236.7,25247,25222,25232.9
1770690600,25233,25237.2,25200.3,25217.4
1770691500,25217.3,25229.1,25210.9,25218.8
1770692400,25219.2,25222.4,25195.3,25200.9
1770693300,25200.5,25217.7,25192.1,25203.8
1770694200,25203.6,25227.7,25199.7,25209.3
1770695100,25209.5,25223.9,25204.4,25214.3
1770696000,25214.1,25234.5,25212.4,25226.3
1770696900,25226,25237.3,25221.6,25235.3
1770697800,25235.4,25241.7,25228.2,25236.8
1770698700,25237.2,25260.8,25234.6,25258.6
1770699600,25259,25261.2,25240.8,25247.6
1770700500,25247.9,25248.6,25225.9,25229.4
1770701400,25229.9,25270,25226.9,25250.5
1770702300,25250.6,25272.2,25246.8,25265.5
1770703200,25265.6,25267.3,25239.2,25245.3
1770704100,25245,25246.3,25223.1,25233
1770705000,25233.6,25241.3,25208.9,25215.7
1770705900,25215.8,25227.7,25205.2,25227.2
1770706800,25228,25250.3,25219.7,25237.1
1770707700,25236.9,25253,25228.8,25243.7
1770708600,25243.9,25257,25239.6,25248.8
1770709500,25248.9,25262.9,25242.1,25262.5
1770710400,25262.3,25280.3,25235.6,25276.2
1770711300,25276.9,25280.2,25247,25254.2
1770712200,25254.1,25266.9,25242.9,25244.1
1770713100,25243.6,25261.7,25238.9,25248
1770714000,25249.3,25297.5,25248,25290.7
1770714900,25290.4,25318.2,25290.4,25308.4
1770715800,25308.5,25312.3,25296.6,25300.2
1770716700,25300.1,25300.4,25267.1,25278.1
1770717600,25278.2,25279.7,25254.9,25278.1
1770718500,25278.6,25280.9,25259.6,25275.7
1770719400,25276,25276,25256.2,25265
1770720300,25265.3,25289.1,25261.8,25269.1
1770721200,25269.3,25269.3,25247.5,25259.6
1770722100,25259.8,25277.2,25258.5,25266.2
1770723000,25266.4,25282.5,25265.5,25273.4
1770723900,25273.3,25287.2,25271.7,25282.8
1770724800,25285.1,25311.1,25281.4,25304.6
1770725700,25304.9,25329.6,25302.9,25328.4
1770726600,25328.3,25335.3,25272,25288.7
1770727500,25288.9,25289.3,25251.2,25252.5
1770728400,25253.7,25255.6,25205.9,25234.3
1770729300,25233.4,25256.5,25221.4,25244
1770730200,25244.3,25269.2,25214.5,25262.7
1770731100,25262.8,25288.8,25260.9,25286.7
1770732000,25285.7,25300,25280.4,25296.9
1770732900,25296.7,25310.9,25290.1,25290.6
1770733800,25290.7,25324,25179.3,25222.2
1770734700,25223.2,25320.9,25170,25306.1
1770735600,25307.6,25361.9,25274.5,25308.1
1770736500,25307.6,25343.2,25280.3,25316.3
1770737400,25316.2,25353.7,25298.4,25327.9
1770738300,25327.5,25344,25263.4,25290
1770739200,25289.7,25314.7,25264.8,25291.7
1770740100,25290.1,25308.4,25244.8,25264.1
1770741000,25264.5,25275.3,25240.4,25243
1770741900,25244.5,25281.2,25230.6,25240.6
1770742800,25241.9,25282.1,25220,25279.5
1770743700,25279.4,25300.1,25270.7,25282.1
1770744600,25281.9,25296.8,25267.3,25290.4
1770745500,25290.7,25312.8,25290.7,25298.9
1770746400,25299,25299,25257.8,25260.8
1770747300,25260.2,25264.9,25204.1,25207.2
1770748200,25207,25223.3,25186.5,25213.7
1770749100,25212.8,25238.1,25190.8,25227.6
1770750000,25227.2,25237.9,25200.3,25216
1770750900,25216.4,25220.6,25190.9,25215.8
1770751800,25215.6,25228.5,25191,25196.7
1770752700,25196.8,25221.2,25193.1,25211
1770753600,25210.5,25212.9,25159.8,25166.6
1770754500,25167.3,25189.7,25158.7,25167.8
1770755400,25168.1,25183.2,25144.1,25162.9
1770756300,25163.6,25179.7,25113.8,25137
1770757200,25136.8,25155.2,25123.3,25148.4
1770758100,25149.9,25154.8,25140,25145.7
1770759000,25146.7,25159.6,25145.9,25159.1
1770759900,25158.8,25172.9,25155.8,25169.5
1770760800,25166.5,25169.5,25154.4,25156.5
1770761700,25155.9,25159.8,25151.6,25158.5
1770762600,25158.4,25159.1,25156.8,25158.2
1770763500,25157.5,25159,25152.2,25155.6
1770764400,25155.8,25195.5,25155.8,25195
1770765300,25195.1,25204.9,25193.8,25195
1770766200,25194.8,25199.1,25185.7,25196.3
1770767100,25196.4,25201.7,25188.4,25190.7
1770768000,25191.1,25203.7,25188.5,25196.9
1770768900,25197.2,25200.1,25183.6,25193.5
1770769800,25193.7,25208.4,25192.6,25205.5
1770770700,25206.1,25214,25202.8,25206.9
1770771600,25207.1,25230.6,25207.1,25226.8
1770772500,25227.3,25232.5,25218.5,25221.8
1770773400,25221.6,25234,25217,25230.2
1770774300,25230.1,25244,25230,25231.8
1770775200,25232.2,25238.9,25224.7,25234.4
1770776100,25234.5,25246.5,25232.5,25237.7
1770777000,25237.6,25241.9,25223.1,25226.3
1770777900,25226.8,25245,25226.8,25238.2
1770778800,25238.1,25241.7,25226.7,25230.5
1770779700,25231,25242.7,25219.3,25239.8
1770780600,25239.9,25253.2,25233.5,25249.2
1770781500,25248.9,25262.1,25247.6,25254.7
1770782400,25254.5,25256.6,25237.4,25240.3
1770783300,25240.2,25249.7,25229.1,25231.3
1770784200,25232.2,25235.1,25212.7,25220.1
1770785100,25219.6,25231.7,25218.6,25223.2
1770786000,25223.4,25237.2,25219.7,25231
1770786900,25231.5,25243.8,25218.8,25222.3
1770787800,25222.4,25224.3,25201,25202.5
1770788700,25202.3,25210.1,25198.2,25204.8
1770789600,25205.9,25233.8,25203.7,25209
1770790500,25208.8,25209,25190.6,25192.5
1770791400,25192.6,25204.2,25188.7,25195.9
1770792300,25196.1,25197.2,25184.3,25185.7
1770793200,25186.9,25205,25169.5,25172.7
1770794100,25172.5,25207.1,25171.7,25201.1
1770795000,25201.2,25201.2,25177.7,25189.5
1770795900,25189.6,25203.3,25179.4,25187
1770796800,25187.1,25196.1,25141.9,25143.7
1770797700,25145.2,25165.2,25126.3,25152.7
1770798600,25153.2,25183.1,25153.2,25175.6
1770799500,25175,25179.6,25164.8,25167
1770800400,25167.1,25196.1,25159.3,25175.6
1770801300,25175.7,25179.7,25153.7,25171.7
1770802200,25171.5,25174.5,25121.1,25131
1770803100,25131.1,25148,25121,25122.7
1770804000,25123,25123.1,25064.2,25080.8
1770804900,25080,25115.9,25076.1,25108.1
1770805800,25108.3,25113.3,25092.5,25105
1770806700,25104.7,25125.4,25083,25125.2
1770807600,25124.6,25150.1,25122.9,25132.7
1770808500,25133.1,25165.6,25132,25164.5
1770809400,25164.2,25167.4,25130.8,25139.2
1770810300,25139.9,25156.1,25128.4,25131.3
1770811200,25126.7,25193.6,25126.7,25190.3
1770812100,25190.8,25192,25166.8,25170.8
1770813000,25170.5,25176.6,25154.8,25163.7
1770813900,25163.8,25165.8,25139.4,25164.2
1770814800,25164.4,25173.2,25152.6,25166
1770815700,25167,25188.2,25161,25161
1770816600,25161.3,25285.2,25161.1,25260.6
1770817500,25259.9,25368.2,25259.3,25360
1770818400,25360.2,25363.6,25326.5,25336.2
1770819300,25336.9,25358.4,25324.3,25335.6
1770820200,25336.5,25382.1,25257.2,25306.9
1770821100,25306.8,25351.7,25204.7,25217.8
1770822000,25219,25257.8,25058.4,25105.4
1770822900,25105.7,25110.8,24976.8,24994.3
1770823800,24994.4,25110.1,24988.6,25097.6
1770824700,25098.9,25189.8,25052.9,25163.7
1770825600,25163.6,25181.8,25100.7,25178.2
1770826500,25177.5,25192.6,25111.4,25111.4
1770827400,25111.1,25173.8,25095.2,25146.2
1770828300,25146.3,25157.6,25095.5,25097.5
1770829200,25098.7,25142.1,25060.7,25130
1770830100,25130.1,25215,25116,25206.9
1770831000,25205.3,25229.6,25179.6,25220.6
1770831900,25220.5,25241,25171.4,25180.7
1770832800,25182,25194.6,25123.2,25129.8
1770833700,25126.9,25199.2,25118.7,25195.5
1770834600,25194.7,25205,25173,25187.8
1770835500,25188.4,25230.8,25174.8,25219.1
1770836400,25217.6,25242.8,25176.9,25234.1
1770837300,25233.6,25276.1,25233.2,25263.5
1770838200,25263.9,25272.4,25243.4,25256.8
1770839100,25257.3,25259.2,25197.5,25224.8
1770840000,25224.9,25235.8,25213.2,25224.4
1770840900,25224.3,25239.4,25200.8,25201.2
1770841800,25200.5,25237.1,25188,25221.8
1770842700,25221.7,25238.5,25192.4,25194.9
1770843600,25194.8,25222.9,25185,25192.9
1770844500,25193.1,25215.3,25190.5,25203.2
1770845400,25204.7,25212.6,25194.2,25196.5
1770846300,25196.3,25207.9,25192.7,25192.8
1770847200,25193.4,25203,25193.4,25197.5
1770848100,25197.3,25202.4,25195.4,25198.8
1770849000,25199.9,25208.9,25199.9,25208.6
1770849900,25205,25208.5,25203.2,25203.6
1770850800,25200.2,25209.4,25168.5,25171.5
1770851700,25171.6,25190.2,25155.5,25158.2
1770852600,25157.5,25161.3,25124.2,25157.1
1770853500,25156.8,25165.4,25145.1,25153.2
1770854400,25150.5,25172.9,25140.7,25148.7
1770855300,25148.9,25158.4,25132.1,25149.2
1770856200,25150.2,25191.4,25147.5,25188.9
1770857100,25188.8,25191.9,25177.4,25183.1
1770858000,25185.1,25196,25173.4,25186.1
1770858900,25186.4,25205.4,25161.6,25199
1770859800,25198.5,25234.2,25192.4,25220.1
1770860700,25220.2,25230.3,25208.4,25219
1770861600,25218.8,25228.5,25205.1,25206.3
1770862500,25206.1,25212.9,25186.9,25200.1
1770863400,25200.3,25205.7,25189.9,25193.9
1770864300,25194.3,25217.6,25187.2,25212.6
1770865200,25212.1,25223.3,25204.8,25216.1
1770866100,25216,25226.3,25200.7,25224
1770867000,25223.9,25240.3,25221,25240
1770867900,25240.1,25240.2,25226.9,25228.1
1770868800,25229.9,25233.4,25222.9,25231.6
1770869700,25231.4,25258.9,25228.9,25257.9
1770870600,25256.5,25257.8,25234.4,25237.9
1770871500,25237.5,25250.5,25236.4,25246
1770872400,25246.7,25257.4,25246.2,25254.6
1770873300,25254.7,25262.7,25250.7,25252.2
1770874200,25251.2,25263.9,25245.8,25255.5
1770875100,25255.4,25261,25249.6,25257.5
1770876000,25257.3,25263.4,25239.4,25255.8
1770876900,25256.7,25263.4,25230.9,25238.6
1770877800,25240.6,25250.2,25213.1,25218
1770878700,25218.1,25243.2,25212.1,25239.4
1770879600,25239.6,25256.1,25234.7,25252.7
1770880500,25252.9,25276.4,25247.4,25270.2
1770881400,25270.7,25278,25265.9,25268.3
1770882300,25268.2,25272.5,25260.3,25269.2
1770883200,25269.5,25288.4,25257.1,25269.8
1770884100,25269.1,25280.1,25257.8,25263.3
1770885000,25263.4,25268.8,25242.9,25249.1
1770885900,25249.5,25279.2,25246.2,25272.8
1770886800,25272.9,25282.5,25259.8,25275.2
1770887700,25275.3,25282.3,25268.3,25268.3
1770888600,25270,25279.3,25260.7,25262.6
1770889500,25262.3,25275.1,25247.9,25273.7
1770890400,25274,25292.8,25259.6,25262.7
1770891300,25262.4,25269.3,25253.5,25259
1770892200,25259.4,25270.8,25257.2,25260.9
1770893100,25260.8,25269.7,25258.5,25269.1
1770894000,25269.4,25279,25257.8,25274.4
1770894900,25274.2,25289.6,25271,25286.6
1770895800,25286.2,25289.2,25260.1,25263.7
1770896700,25263.5,25288.7,25263,25284.3
1770897600,25284.1,25287.9,25262.7,25273.2
1770898500,25273.5,25284.9,25267.3,25283.2
1770899400,25283.1,25303.6,25281.8,25284.4
1770900300,25284.3,25292.3,25271.3,25276.3
1770901200,25276.4,25278.3,25247.9,25248.3
1770902100,25247.4,25263.4,25240.3,25263.4
1770903000,25262.9,25338.5,25252.9,25329.9
1770903900,25329.8,25331.8,25300.2,25315.1
1770904800,25315.3,25316.5,25283.4,25286.4
1770905700,25285.7,25298.2,25265.7,25265.7
1770906600,25266.2,25311.1,25223.9,25227.8
1770907500,25227.7,25241.3,25107.2,25123.3
1770908400,25123,25171.3,25089.6,25154
1770909300,25151.3,25179.2,25116.5,25152.5
1770910200,25152.9,25173.7,25003.1,25007.5
1770911100,25006.5,25040,24926.9,24930.4
1770912000,24932.8,24952.4,24850.6,24860.5
1770912900,24859.9,24870.3,24733.2,24741.8
1770913800,24741.3,24839.5,24728.9,24799.7
1770914700,24796.3,24822.1,24767.2,24802.9
1770915600,24802,24824.5,24757.2,24780.9
1770916500,24781.1,24846.8,24757.9,24795.3
1770917400,24795.1,24863.2,24785.9,24822.4
1770918300,24823.5,24838.1,24746.2,24747.4
1770919200,24747.8,24803.3,24726,24776.8
1770920100,24775.8,24783.3,24728.8,24761.4
1770921000,24761.3,24833.2,24746.2,24830.3
1770921900,24829.2,24851,24798.3,24827.3
1770922800,24825.7,24840.8,24766.6,24788.8
1770923700,24787.7,24848.8,24787.5,24793.1
1770924600,24793.8,24856.9,24792.2,24834.7
1770925500,24834.6,24864.2,24805.9,24819.7
1770926400,24819.3,24832.7,24762.3,24789.9
1770927300,24790.2,24792.4,24717.4,24725.5
1770928200,24724.9,24753.6,24703,24722.8
1770929100,24723.6,24727.5,24642,24687.1
1770930000,24684.1,24723,24662.1,24721.3
1770930900,24721.8,24739.8,24713.1,24739.8
1770931800,24740.1,24751.3,24736.1,24740.5
1770932700,24741.2,24756.3,24733.8,24737.4
1770933600,24740,24741.2,24733.4,24736.1
1770934500,24737.1,24749.3,24736.7,24747.3
1770935400,24747.2,24757.1,24746.1,24754.6
1770936300,24754.4,24757.6,24750.6,24756.4
1770937200,24759.5,24765.7,24721.6,24751.3
1770938100,24751.6,24771.9,24739.8,24759.1
1770939000,24759.2,24764.7,24660.5,24704.5
1770939900,24704.8,24752.2,24695.1,24741.1
1770940800,24737,24781.3,24718.4,24761.1
1770941700,24760.9,24764.4,24682.5,24699.9
1770942600,24699.5,24712.9,24659,24659.7
1770943500,24659.8,24672.6,24626.1,24647.6
1770944400,24647.7,24731.6,24647.5,24722.6
1770945300,24722.2,24739.2,24700,24726.9
1770946200,24726,24741.2,24708.8,24722.5
1770947100,24722.3,24749.1,24692.4,24716.1
1770948000,24714.8,24754.3,24714.8,24747.2
1770948900,24746.4,24748.4,24721.8,24740.3
1770949800,24740.2,24760.6,24731.8,24734.6
1770950700,24734.4,24739.4,24723,24732
1770951600,24732.7,24749.3,24725.9,24730.2
1770952500,24730.3,24735.8,24698,24705.7
1770953400,24705.1,24724.7,24703.5,24710.8
1770954300,24711.3,24716.6,24673.2,24677.3
1770955200,24678.3,24696.9,24673.4,24696.4
1770956100,24698.2,24730.1,24696.9,24712.8
1770957000,24713.1,24717.4,24686.1,24690.5
1770957900,24690.6,24696.8,24681.1,24687.1
1770958800,24686.9,24699.9,24676.7,24678.2
1770959700,24678.3,24682.4,24633.4,24636.6
1770960600,24635.9,24658.1,24620,24639.8
1770961500,24639.9,24665.6,24625.7,24640.4
1770962400,24640.2,24660,24633.1,24647
1770963300,24647.5,24659.2,24605.9,24616.2
1770964200,24615.5,24616.8,24571.2,24592.4
1770965100,24594.6,24651.6,24584.5,24641
1770966000,24641.9,24673.5,24639.1,24663.2
1770966900,24663.5,24691.9,24663.1,24667.1
1770967800,24665.5,24676.2,24648,24654.8
1770968700,24654.6,24679,24642,24674.3
1770969600,24675.1,24704,24650,24659.5
1770970500,24659.4,24675.6,24602.6,24672.8
1770971400,24669.8,24689.4,24644.8,24676.2
1770972300,24676.5,24712.3,24676.1,24702.8
1770973200,24703.7,24708.4,24659.2,24684.6
1770974100,24684.8,24734.9,24683.8,24722.1
1770975000,24721.8,24734.9,24712.5,24716.9
1770975900,24716.6,24737.1,24694.1,24703.5
1770976800,24703.4,24719.5,24687.8,24714.7
1770977700,24715.7,24727.8,24705.2,24716.9
1770978600,24716.5,24722.5,24680.4,24688
1770979500,24687.7,24697.7,24656.1,24658.9
1770980400,24660.4,24667.7,24598,24601
1770981300,24599.8,24625.5,24579.1,24592.7
1770982200,24592.5,24629.1,24553.5,24600.3
1770983100,24602,24651.9,24587.5,24650.3
1770984000,24647.4,24672.4,24604.8,24611.8
1770984900,24612.7,24654,24600.2,24636.4
1770985800,24636.5,24659.2,24631.4,24650.4
1770986700,24650.9,24663.5,24602.5,24625
1770987600,24624.5,24648.2,24554.3,24559.9
1770988500,24559.2,24645.3,24550.8,24630.1
1770989400,24629.9,24750.4,24629.7,24704.5
1770990300,24702.5,24741.4,24658.5,24708.8
1770991200,24707.4,24748.1,24646.1,24671.2
1770992100,24670.9,24685.5,24644.8,24672.5
1770993000,24672.2,24728.7,24508.4,24644.5
1770993900,24644,24777.8,24612.9,24628.9
1770994800,24629,24762,24623.4,24688.6
1770995700,24688.1,24801.9,24647.5,24780.3
1770996600,24779,24859,24699.6,24706.2
1770997500,24706.3,24776.1,24652.3,24741.1
1770998400,24739.8,24817.8,24728.6,24768.8
1770999300,24769.6,24795.6,24691.9,24780.8
1771000200,24781.7,24820.2,24741.8,24817.3
1771001100,24817.6,24863.5,24796.3,24824.3
1771002000,24823.7,24885.1,24812.6,24880.1
1771002900,24880,24900.1,24835.6,24879.2
1771003800,24878,24921.9,24871.8,24893.8
1771004700,24893.7,24911.2,24861.3,24867.3
1771005600,24868.6,24891.1,24831,24871.9
1771006500,24870.6,24919.1,24860.3,24882.5
1771007400,24882.8,24924.1,24868.4,24877.1
1771008300,24877.2,24911.9,24853.6,24868.9
1771009200,24870,24895,24852.3,24876.7
1771010100,24876.9,24896.6,24841.6,24852.5
1771011000,24853.1,24878,24817.8,24837.3
1771011900,24836.4,24863.7,24779.6,24782.6
1771012800,24782.3,24819,24751.7,24752.2
1771013700,24752.1,24781.5,24684.1,24695.3
1771014600,24694.9,24715.4,24660.8,24681.1
1771015500,24680.2,24741,24674.7,24734.5
1771016400,24733.8,24755.8,24703,24726.8
1771017300,24727,24729.7,24703.3,24708.9
1771018200,24709.9,24722.5,24708.2,24709.8
1771019100,24710.3,24719.5,24698.2,24700
1771196400,24750.2,24762,24683.8,24726.5
1771197300,24727.1,24756.3,24723.1,24744.9
1771198200,24744.7,24758.2,24724.8,24745.1
1771199100,24745,24766.4,24721.5,24764.4
1771200000,24764.2,24775.9,24738.1,24768.4
1771200900,24768.2,24776.3,24753.8,24766.8
1771201800,24766.7,24777.5,24759.8,24760.4
1771202700,24760.6,24775.9,24756.3,24762.5
1771203600,24762.2,24774.7,24750.1,24759.9
1771204500,24759.2,24770.4,24759,24761.8
1771205400,24761.7,24771.6,24756.9,24764.2
1771206300,24765,24797.8,24760.4,24787.4
1771207200,24787.5,24800.8,24767.4,24775.2
1771208100,24775.1,24781.5,24768.6,24771
1771209000,24770.7,24778.6,24765.6,24770.9
1771209900,24770.5,24772,24755.6,24760.4
1771210800,24760.5,24763.7,24751.5,24758.8
1771211700,24758.9,24764.7,24742.6,24745.6
1771212600,24745.5,24748.2,24736.4,24743.2
1771213500,24743.3,24753.1,24738.7,24750.7
1771214400,24750.8,24767.1,24749.9,24756
1771215300,24756.2,24767.9,24746.6,24763.7
1771216200,24763.6,24768.3,24750.3,24753.5
1771217100,24753.3,24761.1,24748.1,24752.7
1771218000,24752.8,24754.7,24742.2,24752.7
1771218900,24752.3,24756.6,24744.9,24753.8
1771219800,24754.2,24754.8,24722.5,24726.4
1771220700,24726.2,24741.3,24722.7,24738.2
1771221600,24738.3,24746.3,24733.5,24738.1
1771222500,24738.2,24743.4,24721.2,24740.3
1771223400,24739.9,24749.3,24727,24746.8
1771224300,24746.6,24755.3,24744.4,24750.9
1771225200,24751.1,24785.7,24748.9,24785.1
1771226100,24785.2,24792.2,24770.3,24780.5
1771227000,24780.4,24801.1,24774.7,24794.3
1771227900,24794.4,24798,24783.2,24788.2
1771228800,24788.8,24813.2,24768.5,24794.7
1771229700,24794.8,24824.3,24791.4,24800.6
1771230600,24800.7,24810.3,24780.4,24809
1771231500,24809.1,24831.9,24804.8,24822.1
1771232400,24822.4,24831.3,24815.1,24826.1
1771233300,24826.3,24850.6,24819.8,24837
1771234200,24837.2,24847.2,24834.2,24836.4
1771235100,24836.3,24845,24833.6,24836.9
1771236000,24836.7,24839.5,24809.3,24818.8
1771236900,24818.6,24822.4,24806.6,24813.9
1771237800,24813.7,24824.9,24798.2,24823.1
1771238700,24823.3,24827.2,24796.5,24805.5
1771239600,24806,24806.2,24770.8,24788.3
1771240500,24788.1,24802.5,24779.5,24795.6
1771241400,24795.7,24801.1,24779.7,24794.6
1771242300,24794.4,24803.2,24786.7,24791.4
1771243200,24791.3,24792.2,24775.7,24786.4
1771244100,24786.2,24808.7,24775.8,24805.2
1771245000,24805.1,24806,24780.5,24782.1
1771245900,24782.2,24798.9,24779.6,24796.6
1771246800,24796.4,24798.3,24780.6,24786.7
1771247700,24786.6,24793.8,24783.4,24791.4
1771248600,24791.3,24803.1,24780.3,24787.3
1771249500,24787.5,24792.2,24771.4,24773.2
1771250400,24773.5,24773.5,24710.1,24712.1
1771251300,24712.4,24720.4,24681.7,24690
1771252200,24690.1,24705.7,24638.9,24652
1771253100,24652.1,24711,24621,24696
1771254000,24697,24725.5,24684.3,24686.8
1771254900,24686.9,24700.6,24637.4,24637.4
1771255800,24636.9,24649.8,24610.9,24613.9
1771256700,24613.8,24660,24607.3,24621.6
1771257600,24621.5,24680.7,24611.9,24679.2
1771258500,24679.7,24681.8,24625.4,24655.6
1771259400,24656.4,24670.6,24599.4,24630.2
1771260300,24630.1,24661.4,24625.4,24656.5
1771261200,24655.1,24670,24642,24653.4
1771262100,24653.5,24674.7,24645.9,24671.7
1771263000,24671.8,24693.8,24671.8,24686.6
1771263900,24686.9,24699.2,24663,24673.1
1771264800,24673.5,24674.8,24669.6,24673.6
1771265700,24673.5,24673.6,24672.8,24673.3
1771266600,24673.4,24673.4,24668.3,24672.4
1771267500,24672.3,24672.4,24664.6,24664.6
1771268400,24664.5,24668.8,24664.5,24665.6
1771269300,24663.7,24665.9,24661.4,24661.9
1771270200,24663.8,24666.5,24661.9,24662.5
1771271100,24662.6,24663,24662.5,24662.9
1771272000,24663,24665.2,24663,24663.2
1771272900,24665.1,24667.3,24665.1,24667.2
1771273800,24667.3,24667.3,24663.3,24663.6
1771274700,24663.7,24667.4,24659.3,24667.3
1771282800,24694.3,24709.9,24667.1,24701.2
1771283700,24701.4,24710.3,24694.3,24703.8
1771284600,24704.6,24744.8,24704.3,24737.3
1771285500,24737.2,24769.6,24729.8,24745.9
1771286400,24746.8,24755.4,24712.7,24733.3
1771287300,24733.8,24763,24724.9,24755
1771288200,24755.2,24761.6,24721.1,24736
1771289100,24736.2,24738.9,24706,24719.5
1771290000,24719.8,24753.8,24717.3,24748.8
1771290900,24749.4,24752.5,24707.5,24712.5
1771291800,24712.4,24727.8,24693.8,24705.9
1771292700,24706.1,24711.2,24580.7,24597.5
1771293600,24594.2,24611.3,24547.7,24600.7
1771294500,24600.2,24614.5,24582.2,24604.1
1771295400,24604.3,24614.9,24587.5,24603.7
1771296300,24602.7,24610.2,24583,24593.4
1771297200,24593.6,24595.3,24525.4,24547.2
1771298100,24547.3,24573.7,24540.3,24553
1771299000,24553.2,24556.2,24504.6,24537.2
1771299900,24537.3,24543.9,24515.2,24540.7
1771300800,24540.9,24561.2,24537.2,24550
1771301700,24550.2,24558.6,24539.1,24554.1
1771302600,24554.2,24555.1,24523.7,24540.6
1771303500,24540.8,24554.2,24537.6,24552.6
1771304400,24553,24556.5,24529.2,24530.9
1771305300,24530.7,24535.9,24498.5,24529
1771306200,24529.1,24534.3,24488.5,24528.2
1771307100,24528.3,24543.1,24506,24513.8
1771308000,24513.7,24564,24513.7,24549.2
1771308900,24550.5,24555.9,24537.6,24541.3
1771309800,24541,24569.1,24533,24558.6
1771310700,24558.5,24571.8,24550,24559.3
1771311600,24559.4,24562.1,24526.6,24530.1
1771312500,24530,24548,24514.5,24524.1
1771313400,24524.2,24564.8,24514.3,24558.1
1771314300,24557.9,24594.9,24552.8,24589.8
1771315200,24589.9,24655.8,24582.7,24636.7
1771316100,24636.6,24636.9,24605.5,24617.5
1771317000,24617.4,24620.8,24566.4,24573.4
1771317900,24574.1,24585.9,24555,24570.5
1771318800,24570.3,24609.6,24566.5,24574.9
1771319700,24575,24603.5,24566.9,24601.9
1771320600,24602.1,24624.7,24597.7,24613.2
1771321500,24613,24627,24601.3,24616.3
1771322400,24616.2,24629.1,24587.1,24594.2
1771323300,24594.3,24600.2,24576.3,24593.3
1771324200,24593.1,24593.1,24532.1,24539.1
1771325100,24539,24556.2,24520.6,24537.3
1771326000,24537.8,24552.9,24516.8,24530.8
1771326900,24530.7,24549.5,24502.1,24549
1771327800,24549.2,24559.8,24530,24543.7
1771328700,24543.6,24567.6,24536.4,24554.3
1771329600,24554.4,24596.9,24539.2,24583.5
1771330500,24582.2,24590.9,24547.2,24550
1771331400,24549.7,24552.9,24527.6,24538.9
1771332300,24538.7,24541.8,24507.8,24515.6
1771333200,24515.7,24521.5,24448.2,24478.8
1771334100,24479,24553.9,24464.5,24535.9
1771335000,24536,24538.9,24507.6,24530.2
1771335900,24531.2,24633.1,24508.3,24542.7
1771336800,24542.4,24601.9,24541.5,24581.9
1771337700,24581.8,24599.5,24564.4,24587.5
1771338600,24587.9,24746.3,24537.4,24631.7
1771339500,24631.9,24642,24406.5,24415.4
1771340400,24416.2,24503.8,24396.5,24431
1771341300,24430.9,24573.5,24429.7,24460.2
1771342200,24459.3,24473.2,24381.4,24445
1771343100,24445.1,24535.7,24437.8,24531.6
1771344000,24531.4,24717.7,24526.2,24704.9
1771344900,24704.8,24726.1,24653.2,24657.9
1771345800,24658.8,24710.7,24624.8,24667.3
1771346700,24667.2,24719.3,24653.7,24692.4
1771347600,24690.6,24695.5,24615.8,24632.6
1771348500,24632.7,24688.1,24602.3,24687.3
1771349400,24686.6,24690.9,24578.4,24580.9
1771350300,24580.8,24638.6,24541.5,24629.8
1771351200,24629.7,24638,24582.4,24606.8
1771352100,24606.9,24717.6,24585.8,24701
1771353000,24698.9,24783.1,24682.1,24755.6
1771353900,24756.1,24803.5,24743,24775.9
1771354800,24776.4,24794.2,24758.6,24782.2
1771355700,24782.1,24798.5,24763.1,24768.4
1771356600,24767.2,24821,24758.9,24803.7
1771357500,24803.9,24806.6,24739.4,24747.2
1771358400,24746.9,24774.3,24727,24744.5
1771359300,24744.3,24750.3,24698.8,24706.6
1771360200,24706.1,24728.9,24668.9,24714.6
1771361100,24714.7,24718.9,24671.9,24709
1771362000,24709.1,24725.7,24696.4,24707.8
1771362900,24708.1,24750.5,24708.1,24720.9
1771363800,24718.9,24720,24687,24699
1771364700,24697,24706.8,24688.7,24699.1
1771365600,24696.7,24707.5,24696.3,24705.6
1771366500,24706.5,24709.3,24700.8,24704.5
1771367400,24702.4,24711.4,24700.2,24711.2
1771368300,24710.5,24711.2,24697.9,24702.3
1771369200,24706.7,24717.5,24661.8,24671.6
1771370100,24671.5,24695,24656.5,24676.3
1771371000,24676.1,24688.5,24647.8,24658.3
1771371900,24658.4,24664.2,24635.5,24645.3
1771372800,24645.7,24683.6,24641.5,24679.5
1771373700,24679.6,24688.4,24645.7,24672
1771374600,24672.1,24686.3,24662.2,24668.8
1771375500,24668.9,24672.7,24647.4,24660.3
1771376400,24660.1,24665.7,24642.8,24650.9
1771377300,24651,24676.6,24646.8,24653
1771378200,24651.9,24665.2,24643.6,24662.8
1771379100,24662.7,24679.8,24650.9,24677.2
1771380000,24677.6,24696.3,24676.1,24691.4
1771380900,24691.3,24694.7,24668.6,24682.8
1771381800,24682.9,24704.3,24682.9,24697.3
1771382700,24697.5,24704.1,24689.4,24692.2
1771383600,24693.6,24704.4,24677.4,24681.7
1771384500,24681.8,24684.1,24670.2,24681.2
1771385400,24681.1,24702.3,24679.8,24698.4
1771386300,24697.9,24733.4,24697.3,24726.5
1771387200,24726.6,24748.5,24716.7,24737.2
1771388100,24737.3,24751.8,24729.4,24746.1
1771389000,24745.7,24774.5,24744,24769.8
1771389900,24769.7,24772.1,24761.2,24769.4
1771390800,24769.3,24772.1,24756.3,24767.2
1771391700,24767.1,24773.5,24762.2,24763.3
1771392600,24763.5,24779.1,24759.9,24763.2
1771393500,24763.1,24766.8,24754.4,24758.4
1771394400,24758.2,24763.9,24742.4,24750.5
1771395300,24750.6,24763.9,24746.9,24758.3
1771396200,24758,24775.9,24746,24772.1
1771397100,24772,24781,24756.6,24756.7
1771398000,24755.4,24762.9,24740.5,24744.9
1771398900,24746.3,24755.9,24735.4,24755.3
1771399800,24754.6,24773.7,24752.4,24773.4
1771400700,24773.3,24776.4,24759.4,24766.7
1771401600,24766.4,24813.8,24766.2,24798.8
1771402500,24799,24850,24798.7,24829.9
1771403400,24829.7,24849.9,24823.5,24829.8
1771404300,24829.9,24844,24823.1,24836.6
1771405200,24836.8,24860.3,24832.4,24848.8
1771406100,24848.7,24859.3,24835.3,24852.4
1771407000,24852.5,24875.9,24849.8,24869.5
1771407900,24869.6,24870.9,24839.4,24842.7
1771408800,24842.8,24870.6,24841.5,24863.9
1771409700,24863.8,24871.6,24857.4,24865.2
1771410600,24867.6,24873.1,24850.9,24858.8
1771411500,24858.9,24864.8,24846.6,24856.7
1771412400,24856.4,24862,24830.1,24837.6
1771413300,24837.5,24859.5,24835.4,24840.6
1771414200,24840.5,24850.1,24823.2,24827.8
1771415100,24827.7,24840.1,24823.2,24828.8
1771416000,24828.7,24893.7,24828.1,24892.3
1771416900,24892.4,24896,24832.8,24835
1771417800,24835.2,24837.5,24777.6,24818.1
1771418700,24818,24830.7,24799.2,24823
1771419600,24823.1,24833,24801.3,24822.9
1771420500,24822.8,24834.6,24801.2,24829.2
1771421400,24829.3,24853.5,24768,24783.6
1771422300,24783.7,24787.9,24750,24761.2
1771423200,24761.5,24776.3,24743.1,24765.6
1771424100,24765.4,24782.6,24743.3,24744.7
1771425000,24745.3,24801.7,24686.1,24785.2
1771425900,24785.7,24893.1,24728.1,24876.8
1771426800,24876.1,24984.8,24873,24978
1771427700,24978.5,25009.4,24970.9,24993
1771428600,24992.8,25016.8,24957.2,25000.7
1771429500,25000.5,25034.4,24988,25022
1771430400,25021.4,25051.6,25017.9,25034
1771431300,25034.6,25045,25013.4,25028.8
1771432200,25029.3,25052.3,25022,25039.9
1771433100,25039.6,25046.2,24993.1,24997.6
1771434000,24998,25064.2,24994.2,25019
1771434900,25019.4,25049.3,25015.3,25025.4
1771435800,25025.5,25037.5,25006.1,25014.7
1771436700,25014.8,25050.2,25011.1,25033.9
1771437600,25033.8,25063.4,25015.4,25019.7
1771438500,25019.6,25028.4,24986.5,24999.1
1771439400,24998,25011.9,24945.2,24965.4
1771440300,24965.3,24984.6,24918.5,24959.8
1771441200,24962.2,24971.3,24940.9,24943.9
1771442100,24944.3,24957,24919.9,24927
1771443000,24925.8,24932.6,24847,24860.5
1771443900,24860.3,24885.7,24797.8,24818.2
1771444800,24818.4,24855.9,24801.5,24813.1
1771445700,24812.9,24826.5,24792,24809.7
1771446600,24810.1,24885.1,24805.8,24875.8
1771447500,24876.3,24931.7,24869.2,24890.9
1771448400,24891,24896,24860.9,24873.3
1771449300,24872,24873.2,24857.4,24867.6
1771450200,24867.1,24877.4,24865.5,24872.7
1771451100,24872.5,24880.9,24855.6,24864.3
1771452000,24867.5,24869.4,24861,24865.5
1771452900,24867.6,24870.9,24861.3,24870.9
1771453800,24872.6,24882,24869.3,24879.9
1771454700,24879.8,24888.9,24879.5,24886.3
1771455600,24876.2,24927.4,24873.6,24922.3
1771456500,24923.4,24925,24898.3,24912.8
1771457400,24912.9,24921.1,24899.3,24904.1
1771458300,24904,24918.8,24893.4,24897.3
1771459200,24897.2,24905.7,24874.9,24886.2
1771460100,24886.3,24891.2,24848.2,24856.5
1771461000,24856.8,24884,24853.6,24866
1771461900,24866.1,24879.5,24861.9,24878.4
1771462800,24877.4,24926.2,24870.5,24921.4
1771463700,24921.3,24924.8,24890.8,24894.4
1771464600,24895,24902.5,24869.8,24883.8
1771465500,24883.9,24904.3,24871,24904.2
1771466400,24901.9,24909.3,24885.4,24903.6
1771467300,24903.8,24916.1,24900.7,24913.3
1771468200,24913.2,24916.7,24902.2,24912.5
1771469100,24912.6,24920.7,24901.4,24911.5
1771470000,24911.6,24921.4,24905.9,24914.7
1771470900,24914.9,24927.7,24911.2,24925.9
1771471800,24925.8,24931.6,24902.1,24911.2
1771472700,24911.1,24920.2,24898.3,24915.4
1771473600,24915.5,24924.4,24913.4,24918.8
1771474500,24918.2,24925.2,24904.7,24905.4
1771475400,24905.6,24914.1,24899.9,24904.3
1771476300,24904.2,24906.9,24885.5,24888.4
1771477200,24888.3,24895.5,24872.7,24888
1771478100,24888.1,24906.1,24886.6,24904.4
1771479000,24904.5,24920.7,24904.3,24914.3
1771479900,24914.5,24936.8,24912.8,24927.6
1771480800,24927.7,24934.5,24919.4,24926.4
1771481700,24926.3,24930.6,24920.8,24928.9
1771482600,24929,24949.3,24929,24934.8
1771483500,24934.7,24952,24928.6,24951.3
1771484400,24951.5,24960.4,24938.8,24956.6
1771485300,24956.5,24977.6,24950.2,24971.8
1771486200,24971.9,24979.8,24954.9,24963.5
1771487100,24963.4,24969.6,24949.6,24951.2
1771488000,24951.1,24975.3,24944.1,24961.8
1771488900,24961.4,24986.4,24961.2,24970.6
1771489800,24970.5,24981.6,24937.3,24941.9
1771490700,24942,24942.4,24876.7,24887.4
1771491600,24887.5,24906.3,24874,24898.5
1771492500,24898.3,24903.9,24861.4,24866.1
1771493400,24865.9,24880.7,24825.2,24831.3
1771494300,24831.4,24833.5,24781.9,24825.9
1771495200,24825.7,24835.5,24767,24771.2
1771496100,24771.1,24800.9,24764.3,24772.8
1771497000,24773.2,24797.5,24757.1,24792
1771497900,24791.8,24803.2,24769.4,24786.8
1771498800,24787,24810.5,24768.4,24801.8
1771499700,24801.7,24815.4,24788.6,24804.7
1771500600,24804.9,24818,24792.3,24799.3
1771501500,24799.5,24812.9,24775.6,24809.6
1771502400,24809.5,24812.4,24747.3,24790.5
1771503300,24790.7,24828.7,24778.9,24811.6
1771504200,24811.5,24827.6,24798.1,24823.5
1771505100,24823.3,24827.6,24798.1,24800.4
1771506000,24800.7,24810.4,24775.2,24782.9
1771506900,24782.7,24788.2,24742.8,24763.4
1771507800,24763.5,24812.9,24730.7,24781.2
1771508700,24781,24812.7,24767.7,24785.6
1771509600,24785.7,24796.6,24758.7,24780.2
1771510500,24780.4,24805.5,24762.1,24763.6
1771511400,24764.4,24813.9,24695.9,24778.4
1771512300,24780,24851.6,24709.8,24813.8
1771513200,24813.9,24883,24785.5,24814.7
1771514100,24814.3,24867.5,24791.2,24794.4
1771515000,24794,24878.5,24785.2,24852.7
1771515900,24852.5,24865.4,24796.3,24857.6
1771516800,24858.5,24868.3,24786.4,24841.9
1771517700,24842,24892.4,24805.3,24807.2
1771518600,24809,24854.8,24775.4,24778.1
1771519500,24777.9,24808.7,24737.6,24780.3
1771520400,24778.7,24787.3,24745.1,24780
1771521300,24779.9,24837.6,24761.6,24794.4
1771522200,24794,24803.9,24769.7,24776.2
1771523100,24776.4,24778.6,24700.9,24716.3
1771524000,24716.4,24774.5,24702.8,24766.9
1771524900,24766.7,24768.4,24683.8,24722.9
1771525800,24723.5,24739.3,24702.5,24719.7
1771526700,24719.6,24782.5,24718,24775.5
1771527600,24775.1,24780.7,24748.6,24759.2
1771528500,24759.3,24783.2,24729.1,24743
1771529400,24743.6,24760.5,24691.5,24709.1
1771530300,24709.2,24727.9,24686.6,24717.6
1771531200,24717.3,24755.7,24716.3,24729.9
1771532100,24730,24744,24712.5,24722.1
1771533000,24722.4,24751.8,24717.3,24742.7
1771533900,24742.5,24800.4,24739.1,24795.6
1771534800,24797.1,24806.1,24784.4,24786.8
1771535700,24787,24802.7,24767.9,24781.7
1771536600,24782,24782.3,24762.7,24763.7
1771537500,24763.2,24775.1,24762.5,24768.4
1771538400,24768.7,24772.8,24768.7,24772.6
1771539300,24773.5,24779.5,24772.8,24779.5
1771540200,24778,24780.2,24778,24779
1771541100,24778.9,24779,24765.6,24771.3
1771542000,24776.1,24792.2,24765.1,24782.9
1771542900,24783,24807.1,24783,24798
1771543800,24798.7,24826.5,24796.8,24811.5
1771544700,24811.1,24823.6,24808,24817.3
1771545600,24817.5,24833.7,24798.7,24829.2
1771546500,24829.1,24836.4,24800.6,24829.3
1771547400,24829.2,24853,24829.2,24838.9
1771548300,24839,24849.1,24838.8,24841.7
1771549200,24841.6,24874.3,24838.3,24871.5
1771550100,24871.3,24871.3,24847.2,24861.2
1771551000,24861.1,24866.5,24838.6,24841
1771551900,24841.2,24859.9,24831.9,24845.7
1771552800,24845.8,24873,24831.2,24834.3
1771553700,24834.7,24843,24823.2,24828.5
1771554600,24828.2,24848.1,24827.7,24829.5
1771555500,24829.7,24842.7,24818.1,24836.6
1771556400,24836.7,24848.3,24834.6,24844.3
1771557300,24844.1,24850.1,24840.6,24842.5
1771558200,24842.6,24846.7,24828.8,24829.7
1771559100,24829.8,24843.5,24828.5,24829.7
1771560000,24830.2,24851.5,24824.6,24851
1771560900,24851.2,24853.2,24834.8,24843.6
1771561800,24843.7,24844.3,24833.5,24842.7
1771562700,24842.5,24848.4,24837.1,24842.4
1771563600,24842.5,24857.5,24842.3,24846.6
1771564500,24846.7,24866.7,24845.8,24866.4
1771565400,24866.6,24886.8,24866.4,24876.2
1771566300,24876.1,24887.7,24871.9,24883.6
1771567200,24883.7,24892.9,24880,24892.6
1771568100,24892.7,24896.5,24883.2,24884.8
1771569000,24884.6,24885.7,24873.1,24877.4
1771569900,24877.5,24884,24870.2,24882.2
1771570800,24882.3,24895,24878.7,24888.6
1771571700,24888.8,24892.6,24879.9,24880.6
1771572600,24880.5,24885.8,24863.1,24878.4
1771573500,24878.6,24880,24847.4,24861.2
1771574400,24861.9,24875.7,24846,24852.6
1771575300,24852.5,24870.5,24836.2,24868.7
1771576200,24868.8,24871.5,24837.4,24862.9
1771577100,24862.8,24883.1,24858,24875.6
1771578000,24876.5,24902.6,24871.8,24900.9
1771578900,24901.2,24925.4,24900.9,24916
1771579800,24915.8,24922.6,24890.1,24899.3
1771580700,24899,24900.6,24872.1,24876.1
1771581600,24876.2,24885.2,24864.3,24881.8
1771582500,24881.7,24887.5,24860.6,24867.2
1771583400,24867.4,24877.7,24857.1,24865.6
1771584300,24865.8,24876.7,24841.7,24843
1771585200,24843.2,24843.4,24783,24808.3
1771586100,24808.5,24826.8,24797,24818.5
1771587000,24818.4,24828.9,24791.2,24803
1771587900,24803.1,24805,24752.4,24769.7
1771588800,24769.6,24781.1,24743.7,24779.7
1771589700,24779.8,24789,24737.6,24748
1771590600,24747.9,24759.4,24729.1,24744
1771591500,24743.9,24768.8,24732.3,24767.9
1771592400,24766.5,24773.7,24755.1,24763.1
1771593300,24762.9,24802.8,24762.6,24796.1
1771594200,24796.3,24799.7,24664.9,24685.7
1771595100,24685.5,24712.7,24661.4,24708.2
1771596000,24708.4,24722.9,24667.7,24676
1771596900,24675.9,24678.7,24636.5,24652.3
1771597800,24653.8,24887.4,24618.4,24863.5
1771598700,24863.6,24896.7,24794.2,24839.4
1771599600,24839.7,25023.9,24800.6,24869.8
1771600500,24869.4,24978.6,24802.9,24916.3
1771601400,24916.2,25009.6,24848.9,25003.5
1771602300,25002.2,25065.4,24968.2,25058.7
1771603200,25059.5,25080,25011.5,25016.8
1771604100,25017.5,25026.9,24917.5,24919.5
1771605000,24919.4,25049.7,24910.5,25033.2
1771605900,25033.7,25068.2,25030,25037.3
1771606800,25037.5,25047.6,24920.1,24921.1
1771607700,24921.2,24921.2,24818.4,24865.4
1771608600,24865.6,24911.2,24850.8,24901.7
1771609500,24902,24982.7,24887.3,24974.3
1771610400,24972.8,24983,24931.1,24942.3
1771611300,24942,24943,24869,24903.1
1771612200,24902.8,25014.4,24870.1,25009.3
1771613100,25009.2,25060.7,24986.2,25036.2
1771614000,25035.4,25056.7,24996.9,25000.7
1771614900,25000.4,25024,24976.3,24991.7
1771615800,24992.7,25017.4,24973.3,24976.7
1771616700,24977.5,25004.3,24958.5,24963.3
1771617600,24962.3,25015.7,24955.2,25005.2
1771618500,25005.1,25007.2,24952.6,24958.4
1771619400,24960.3,24999.8,24957.4,24999.3
1771620300,24997.4,25017.1,24974.2,25015.3
1771621200,25014.1,25026.7,25002.1,25016
1771622100,25015.7,25016,25005,25007.9
1771623000,25007.1,25017.3,25004.5,25011.8
1771623900,25012.3,25019.5,25008.6,25013.9
1771801200,24975.4,24997.6,24967,24990.2
1771802100,24990.3,24995.2,24909.2,24919.6
1771803000,24918.9,24928,24876.8,24880.9
1771803900,24881.2,24920.8,24877.1,24912.1
1771804800,24912,24912,24868.6,24875.6
1771805700,24875.7,24892.4,24827.1,24849
1771806600,24848.9,24849.3,24820.9,24826.1
1771807500,24825.5,24842.6,24791.4,24796.1
1771808400,24795.5,24817.1,24782.4,24805.3
1771809300,24805.2,24823.7,24795.8,24802.5
1771810200,24802.4,24815.5,24785.5,24814.5
1771811100,24813,24822.5,24774.2,24786.2
1771812000,24785.9,24799.4,24757.7,24760.3
1771812900,24760.4,24782.1,24753.2,24773.5
1771813800,24773.8,24785.4,24770.5,24781.1
1771814700,24781.2,24784.1,24774.5,24781.5
1771815600,24781.4,24805.6,24781.1,24792
1771816500,24792.2,24793.2,24757.8,24775.4
1771817400,24775.5,24782.4,24756,24781.9
1771818300,24781.7,24785.8,24773.3,24782.7
1771819200,24783,24795.1,24771.3,24784
1771820100,24783.7,24784.2,24763.5,24773.1
1771821000,24773.4,24781.6,24753.4,24766.5
1771821900,24766.6,24775.9,24760.7,24775.9
1771822800,24776.3,24777.6,24758.6,24762.8
1771823700,24762.7,24771.1,24749.4,24769.5
1771824600,24769,24785.9,24765.2,24777.4
1771825500,24777.5,24786.5,24767.4,24781.2
1771826400,24781.1,24796.9,24774.8,24795.5
1771827300,24795.4,24796.9,24785.5,24788.6
1771828200,24788.9,24806.8,24783.5,24800.4
1771829100,24800.1,24811.3,24795.4,24809.7
1771830000,24809.4,24856.1,24805.1,24850.5
1771830900,24850.6,24855,24835,24845.4
1771831800,24845.3,24853.4,24832.7,24849.3
1771832700,24849.2,24853.5,24838.2,24841.2
1771833600,24841.1,24854.9,24820.6,24846
1771834500,24845.9,24850.1,24829.6,24841.3
1771835400,24841.4,24848.5,24819.8,24826.3
1771836300,24826.5,24876,24826.5,24872.4
1771837200,24873.2,24940.6,24872.8,24935.8
1771838100,24935.7,24937.7,24915.8,24935.7
1771839000,24935.9,24946,24917.9,24936.8
1771839900,24936.9,24942.8,24922.8,24926.1
1771840800,24926.8,24942.9,24921.1,24931.8
1771841700,24931.7,24932.6,24887.1,24911.3
1771842600,24911.2,24928.1,24901.1,24918.4
1771843500,24918.3,24919.9,24905.5,24911.4
1771844400,24911.3,24921.6,24901.1,24918.9
1771845300,24919,24930.1,24907.1,24910.7
1771846200,24910.6,24912.4,24888.4,24890.5
1771847100,24890.6,24893.5,24850,24871.2
1771848000,24871.5,24884.8,24857.4,24863.1
1771848900,24863.3,24863.8,24844.6,24851.9
1771849800,24853.1,24864.5,24825.5,24863.1
1771850700,24863.7,24869.3,24835.8,24845.8
1771851600,24845.5,24881,24831.6,24860
1771852500,24859.9,24877.4,24854.2,24869.7
1771853400,24869.3,24892.4,24851.8,24890.5
1771854300,24890.2,24895.8,24868.3,24877.7
1771855200,24877.6,24903.8,24873.2,24902.3
1771856100,24902.5,24924.7,24879,24923.7
1771857000,24923.4,24981.3,24823.3,24823.4
1771857900,24823.5,24906.5,24801.1,24855.6
1771858800,24855.7,24894.4,24782.8,24816.8
1771859700,24816.9,24871.2,24800.3,24813.9
1771860600,24812.9,24842.1,24758.7,24771.5
1771861500,24771.4,24792.7,24681.3,24685.5
1771862400,24685.9,24698.9,24610.1,24624.8
1771863300,24625,24724.9,24611.1,24722.9
1771864200,24722.5,24734,24695.8,24711.3
1771865100,24710.8,24716.4,24674.6,24682.8
1771866000,24681.9,24709.5,24671.4,24678.5
1771866900,24678.6,24705.7,24677.1,24688.7
1771867800,24687.8,24692,24624.6,24648.1
1771868700,24648.5,24701.1,24640.6,24690.7
1771869600,24688.8,24732.7,24684.1,24728.6
1771870500,24728.8,24765.7,24725,24755.3
1771871400,24755.6,24763,24722,24730.3
1771872300,24730.4,24745.7,24665.8,24672.6
1771873200,24672.8,24700.7,24667.3,24689.3
1771874100,24689.2,24698.8,24654.8,24663.1
1771875000,24662.5,24676,24630.7,24644.3
1771875900,24644.5,24661.7,24629.7,24637
1771876800,24637.4,24651,24625.7,24631.4
1771877700,24631.3,24660.1,24631.1,24652.5
1771878600,24652,24696.2,24650.8,24676.2
1771879500,24676,24717,24656.7,24712.5
1771880400,24712.3,24730.8,24702.3,24725.8
1771881300,24726,24727.8,24714.6,24725.2
1771882200,24725,24736.3,24722.5,24728.9
1771883100,24728.8,24742.6,24722,24729.8
1771884000,24730,24740.1,24727.2,24737.2
1771884900,24737.1,24741.3,24734.4,24734.4
1771885800,24734.3,24739.5,24729.2,24734.5
1771886700,24734.3,24735.8,24732.4,24735.8
1771887600,24734.8,24762.8,24717.2,24743.2
1771888500,24743.3,24753.3,24732.9,24752.8
1771889400,24752.6,24771.3,24750.2,24760
1771890300,24760.2,24764.3,24734.8,24737.3
1771891200,24737,24758.4,24729.4,24745.5
1771892100,24745.6,24765.6,24721,24728.5
1771893000,24728.4,24755.3,24725.2,24752.2
1771893900,24752.3,24771.1,24746.8,24763.1
1771894800,24762.3,24765.9,24743.5,24751.6
1771895700,24751.7,24777.2,24743.8,24767.2
1771896600,24767.7,24783.9,24746.8,24775.1
1771897500,24775,24777.2,24758.9,24769.9
1771898400,24769.7,24786.9,24763.5,24783.9
1771899300,24783.8,24814.6,24779.6,24809.2
1771900200,24809.1,24826.4,24805.9,24810.3
1771901100,24809.6,24820.8,24805.4,24816.1
1771902000,24816,24822.4,24813.7,24819.6
1771902900,24819.7,24831.9,24816.8,24825.4
1771903800,24825.6,24827.4,24817.2,24820.8
1771904700,24820.6,24823.8,24816.5,24820.3
1771905600,24820.5,24828.5,24818.1,24821.2
1771906500,24821.3,24829.8,24812.5,24825.7
1771907400,24825.8,24830.5,24813.9,24818.6
1771908300,24818.7,24827.6,24816.8,24823.8
1771909200,24824.1,24834.9,24817.1,24829
1771910100,24829.1,24829.8,24802.4,24809.1
1771911000,24809,24809,24790.1,24802.5
1771911900,24802.6,24802.6,24772.9,24788.9
1771912800,24788.7,24801.3,24781.7,24783.9
1771913700,24783.8,24798.5,24771.2,24779.4
1771914600,24779.3,24791.1,24770.2,24786.9
1771915500,24786.8,24791.5,24778,24786.3
1771916400,24786.1,24809.2,24781.8,24805
1771917300,24805.1,24810.6,24793.4,24808
1771918200,24807.9,24816,24780.4,24784.4
1771919100,24784.2,24793.2,24778.6,24779.5
1771920000,24779.6,24781.8,24730.1,24741.4
1771920900,24741.3,24765.3,24722.8,24754.3
1771921800,24754.4,24769.6,24724.8,24735.5
1771922700,24735,24745.7,24708.2,24738.3
1771923600,24738.4,24786.5,24735.5,24785.1
1771924500,24785.2,24790.3,24767.9,24772.9
1771925400,24772.8,24778.5,24742.3,24775.9
1771926300,24776,24794.8,24771.2,24794.1
1771927200,24794.3,24813.7,24789.5,24790.5
1771928100,24790.4,24796.7,24782.4,24787.6
1771929000,24787.7,24795.5,24774.9,24791
1771929900,24790.7,24791.7,24773.3,24789
1771930800,24790,24802.2,24769.5,24771.6
1771931700,24771.5,24781.3,24760.7,24769.6
1771932600,24769.3,24776.4,24756.4,24767.8
1771933500,24766.8,24782.6,24760.8,24780.9
1771934400,24780.3,24846.8,24777,24820.6
1771935300,24820.4,24821.9,24781.7,24788.5
1771936200,24788.4,24795.9,24749,24766.5
1771937100,24766.2,24771.6,24744.2,24764.2
1771938000,24764.3,24786.5,24761.6,24775.3
1771938900,24775.2,24806.7,24770.6,24804.7
1771939800,24804.8,24823.2,24786.3,24819.2
1771940700,24819.1,24838.7,24816.9,24824.3
1771941600,24824.2,24826.3,24791.6,24799.8
1771942500,24800,24802.6,24745.7,24752.7
1771943400,24752.4,24859.6,24643.5,24858.7
1771944300,24858.8,24912.1,24809.3,24824.7
1771945200,24824.1,24868.3,24767.7,24811.8
1771946100,24811.5,24961.6,24800.6,24958.3
1771947000,24958.2,24976,24931.4,24962.4
1771947900,24962.2,24964.1,24913.6,24922.8
1771948800,24922.5,24991.3,24920.8,24977.8
1771949700,24978,24984.8,24940.4,24961
1771950600,24961.1,24961.4,24914.1,24933.6
1771951500,24933.5,24986.3,24931.9,24974.6
1771952400,24973.4,25021.2,24965.9,25000.3
1771953300,25000.5,25018.9,24988.7,25005.8
1771954200,25005.3,25013.8,24984.9,24987
1771955100,24986.9,25009.1,24977.9,24991.3
1771956000,24991.6,25023,24984.3,24988.7
1771956900,24988.8,24990.8,24960.8,24964.7
1771957800,24965,24996.5,24957.4,24983.3
1771958700,24983.4,24988.9,24967.1,24973.8
1771959600,24974,24981.5,24953.4,24960.1
1771960500,24960,24961.3,24933.8,24948.1
1771961400,24949.9,24976.3,24947.4,24965.4
1771962300,24965.3,24998.3,24960.7,24968.1
1771963200,24966.9,24974.4,24946,24950.3
1771964100,24950.2,24971.5,24941.7,24946.2
1771965000,24946.1,24979.6,24942.2,24977.1
1771965900,24977.2,25017.7,24969.3,24976.7
1771966800,24976.2,24983.4,24949.2,24965.9
1771967700,24966.1,24974.4,24961.1,24971.2
1771968600,24971.4,24974.4,24964.7,24965.1
1771969500,24964.6,24968.3,24958.9,24963.9
1771970400,24964.1,24970.7,24962.2,24968.6
1771971300,24968.7,24969.5,24965.4,24966.4
1771972200,24966.2,24969,24964.9,24969
1771973100,24968.9,24970.6,24967.9,24970
1771974000,24970,24972.8,24943.1,24968.3
1771974900,24968.2,24976.5,24959.3,24971.3
1771975800,24971.1,24987.7,24965.8,24981.2
1771976700,24981,25001.2,24977,24995.1
1771977600,24994.8,24995.2,24977.3,24979.9
1771978500,24979.8,24994.8,24972.1,24977.8
1771979400,24977.9,25009.8,24968.1,25009.2
1771980300,25009.3,25024.3,24997.3,25020.7
1771981200,25020.6,25041.9,25012.5,25038.3
1771982100,25038.4,25056.6,25020.9,25030.5
1771983000,25030.4,25052.8,25023.2,25042
1771983900,25042.1,25062.6,25041.2,25052.3
1771984800,25052.5,25060.7,25041.1,25051.1
1771985700,25051.3,25054.5,25034.8,25050
1771986600,25049.9,25064.2,25042.1,25044.4
1771987500,25044.5,25058,25043.3,25056.7
1771988400,25057,25058.9,25026.6,25027.4
1771989300,25027.5,25031.1,25005.2,25018.2
1771990200,25018.4,25025.4,24945.3,25008.1
1771991100,25008.3,25031.4,25000.6,25015.7
1771992000,25015.6,25017.7,24984.5,24991.4
1771992900,24991.1,25003.6,24982.8,25003.3
1771993800,25003,25012.1,25003,25005.3
1771994700,25005.1,25011.1,24994.4,24999.2
1771995600,24999.4,25017.2,24994.4,25004.2
1771996500,25004.3,25005.4,24985.4,24990.3
1771997400,24990.4,24995.7,24979.9,24989.8
1771998300,24990.1,25006.7,24986.3,24992.5
1771999200,24990.9,24995.8,24981.8,24995
1772000100,24994.9,25008.4,24990.1,24991.1
1772001000,24990.9,25007.7,24985.9,24994.6
1772001900,24994.4,24996.1,24987.3,24991.7
1772002800,24992.6,25003.5,24985.2,24991
1772003700,24991.2,24997.2,24985.7,24991.3
1772004600,24991.2,24993.1,24967.5,24978
1772005500,24977.6,24992.3,24976.8,24985.8
1772006400,24986,25026.9,24985.2,25007.2
1772007300,25005.7,25040.8,24997.6,25024
1772008200,25024.1,25030.4,25011.7,25025.2
1772009100,25025.1,25033.5,25012.6,25022.5
1772010000,25022.6,25037.2,25003.6,25029.5
1772010900,25029.6,25031.2,25014.5,25019.6
1772011800,25019.5,25033,25013.6,25030.3
1772012700,25030.2,25038,25021,25030.9
1772013600,25031,25035.6,25016.2,25020.9
1772014500,25020.7,25031.5,25015.9,25025.4
1772015400,25025.5,25043.8,25022.4,25036.5
1772016300,25036.4,25038.2,25017.7,25023.3
1772017200,25023.1,25030.3,25018.4,25028.7
1772018100,25028.8,25033.8,25020.1,25030.3
1772019000,25030.4,25060.8,25029.9,25057.5
1772019900,25057.7,25077.8,25056.1,25073.5
1772020800,25070.9,25081.7,25054.8,25060.6
1772021700,25060.5,25099,25059.2,25083
1772022600,25082.9,25091.8,25072.6,25079.6
1772023500,25079.7,25096.1,25078.5,25087.3
1772024400,25087.9,25101.9,25083,25097.9
1772025300,25098.1,25098.5,25080.3,25092.3
1772026200,25092.4,25093.3,25073.5,25083.6
1772027100,25083.4,25115.6,25081.2,25099.1
1772028000,25099.8,25126.6,25094.8,25104.5
1772028900,25104.6,25112.5,25079.3,25109.6
1772029800,25109.95,25226.6,25106,25219.4
1772030700,25219.2,25297.8,25219.1,25289.6
1772031600,25289.7,25308.8,25251.6,25256.4
1772032500,25256.2,25287.9,25232,25281.4
1772033400,25281.5,25291.1,25235.1,25249.1
1772034300,25249.8,25264.7,25215.6,25245.4
1772035200,25246.5,25261.7,25235.1,25247.5
1772036100,25247.4,25253.4,25232.2,25248.6
1772037000,25249.1,25277.2,25242.8,25269.7
1772037900,25270.2,25282,25263.8,25265.9
1772038800,25266.2,25290.3,25261.8,25288.7
1772039700,25288.8,25289.8,25270.2,25271.9
1772040600,25271.4,25289.8,25265.1,25282.9
1772041500,25283,25304.1,25279.8,25300.7
1772042400,25299.4,25303.4,25289.1,25294.7
1772043300,25294.8,25295.5,25285.8,25288.6
1772044200,25289.1,25304.2,25284.4,25300.8
1772045100,25300.5,25306.2,25297.8,25301.3
1772046000,25300.6,25324.4,25299.6,25315
1772046900,25315.1,25327.2,25313.5,25320.9
1772047800,25320.8,25327.9,25315.3,25316.1
1772048700,25316,25326,25314.1,25318.7
1772049600,25318.4,25325.9,25315.1,25320.6
1772050500,25320.4,25324.6,25310.5,25317.7
1772051400,25317.9,25333.5,25304,25325
1772052300,25325.1,25346.8,25322.3,25333.9
1772053200,25333.7,25356,25321.6,25341
1772054100,25340.2,25374,25326.5,25346.2
1772055000,25344.4,25443.2,25331.1,25408.2
1772055900,25409.4,25421,25385.9,25410.3
1772056800,25409.2,25409.2,25368.8,25368.8
1772057700,25368,25378.8,25344.8,25352.3
1772058600,25352.4,25361.2,25315.9,25333.9
1772059500,25335,25346.8,25313.2,25315.5
1772060400,25345.4,25370.9,25318.8,25332.2
1772061300,25332.1,25345.7,25314.2,25336.8
1772062200,25336.9,25340.2,25226.9,25262.1
1772063100,25261.8,25286.3,25254,25270
1772064000,25270.1,25290.6,25256.3,25283.9
1772064900,25283.6,25292.7,25271.2,25289
1772065800,25289.1,25294.4,25255.3,25262.5
1772066700,25262.6,25276.4,25261.7,25268.3
1772067600,25268.8,25272.7,25241.6,25263.8
1772068500,25263.7,25266.9,25225.6,25225.6
1772069400,25225.8,25265.2,25217.9,25259
1772070300,25259.1,25273,25256.8,25269.4
1772071200,25268.4,25272.4,25243.6,25247.7
1772072100,25247.9,25264.9,25247.6,25252.3
1772073000,25252.2,25256.8,25242.1,25245.9
1772073900,25246.1,25262.4,25246.1,25259.4
1772074800,25258.6,25265,25247.5,25254.4
1772075700,25254.1,25263,25252.1,25258.2
1772076600,25258.3,25276.4,25255.3,25264.7
1772077500,25264.6,25271.9,25251.5,25254.3
1772078400,25254.1,25263.4,25249.4,25253.8
1772079300,25253.9,25257.8,25247.6,25252
1772080200,25252.1,25258.3,25244.6,25252.6
1772081100,25252.5,25258.9,25248.4,25253.1
1772082000,25253.2,25253.6,25235.7,25239
1772082900,25238.8,25257,25236.7,25248.1
1772083800,25248,25252.9,25244.3,25250.4
1772084700,25250.5,25262.3,25248.9,25260.4
1772085600,25260.5,25285.2,25259.5,25285.1
1772086500,25284.9,25286.5,25268.9,25272.3
1772087400,25272.8,25293.3,25269.2,25287
1772088300,25287.1,25296.5,25274.3,25279.9
1772089200,25280,25302.6,25278.6,25300.3
1772090100,25300.4,25308.6,25281.2,25293.6
1772091000,25293.5,25314.4,25291.1,25312.9
1772091900,25312.4,25316.8,25296.7,25300.9
1772092800,25300.3,25319.7,25296.1,25317.6
1772093700,25317.7,25345.5,25314.9,25323.7
1772094600,25324,25327.6,25302.3,25306.6
1772095500,25306.7,25312.5,25296.7,25302.3
1772096400,25302.6,25325.3,25298.9,25324.8
1772097300,25324.7,25332.4,25315.9,25331.5
1772098200,25331.6,25351.5,25327.1,25346.5
1772099100,25346.7,25354.7,25329.3,25331.3
1772100000,25332.1,25342,25326.5,25335.4
1772100900,25335.3,25338.5,25315.3,25316.6
1772101800,25316.8,25326.3,25305.7,25320
1772102700,25320.2,25321.8,25299.8,25309.5
1772103600,25309.7,25315.2,25298.2,25307.1
1772104500,25306.9,25322.3,25302.5,25316.8
1772105400,25316.9,25322.9,25308.6,25310
1772106300,25310.1,25322.5,25303.7,25313.7
1772107200,25313.8,25331.5,25312.7,25317.3
1772108100,25317.2,25341.2,25315.4,25338.9
1772109000,25338.8,25342.7,25321.5,25340.4
1772109900,25340.2,25340.5,25322,25325.9
1772110800,25323.6,25332.1,25313.6,25330.3
1772111700,25330.5,25352.5,25324.8,25349.7
1772112600,25349.8,25354.4,25338.8,25340
1772113500,25339.9,25367.9,25333.4,25337.2
1772114400,25337,25351.1,25319.1,25328.8
1772115300,25329.9,25337.6,25293.9,25293.9
1772116200,25294,25294,25177.4,25220.3
1772117100,25218,25218.5,25135.6,25145.7
1772118000,25148,25165,25021.3,25023.7
1772118900,25023.4,25024,24842.1,24890.4
1772119800,24889.5,24955.6,24818.1,24944.7
1772120700,24944.3,24983.4,24934.9,24956.1
1772121600,24956.8,25007.3,24942.9,25003
1772122500,25002.6,25040.5,24982.9,25014.1
1772123400,25015,25024.5,24952.5,24957.5
1772124300,24957.2,24983.9,24908.8,24918.3
1772125200,24918.7,24963.9,24915.2,24922.4
1772126100,24922.7,24932.6,24907.8,24923.6
1772127000,24923.5,24964.3,24898.3,24900.9
1772127900,24900.8,24909.2,24868.3,24891.6
1772128800,24890.8,24895.2,24845.7,24864
1772129700,24864.4,24890,24846.5,24874.6
1772130600,24876.2,24968.1,24864.5,24953.1
1772131500,24953.2,24984.5,24931.7,24955.3
1772132400,24955.9,25025.4,24944,25012.5
1772133300,25013.1,25040.2,24993.7,25001.4
1772134200,25001.5,25032.4,24994.2,25017.3
1772135100,25017.4,25052.9,25014.9,25018
1772136000,25018.3,25046.6,24989.4,24990.5
1772136900,24990.4,25006.3,24977.4,24982.4
1772137800,24982.7,25026.2,24982,25018.9
1772138700,25018.8,25039.4,24994.4,25034.1
1772139600,25036.1,25041.6,25008.6,25020
1772140500,25019.7,25027.1,25012.9,25019.3
1772141400,25019.8,25023.4,24997.6,25001.4
1772142300,25000.6,25003.5,24974.8,24980.5
1772143200,24979,24982.7,24943.7,24957.5
1772144100,24957.3,24976.3,24954.9,24966.7
1772145000,24966.8,24966.9,24918.1,24925.5
1772145900,24925.6,24972.6,24919.6,24970.1
1772146800,24982.6,24988.8,24913.6,24975.7
1772147700,24976,24995.7,24970.4,24980.6
1772148600,24980.5,24980.9,24942.7,24949.9
1772149500,24950,24961.2,24933.1,24954.7
1772150400,24954.4,24974.8,24940.1,24968.2
1772151300,24968.1,24985.5,24952.7,24958.4
1772152200,24957.8,24961.9,24916.9,24919.4
1772153100,24919.5,24954.6,24912.3,24945.6
1772154000,24946.4,24962.5,24934.4,24962.4
1772154900,24962.1,24976.8,24944.7,24948
1772155800,24947.5,24965.5,24933,24935.5
1772156700,24935.4,24961.2,24928.4,24951.6
1772157600,24952.6,24976.1,24944.8,24955.8
1772158500,24955.7,24977.4,24954.7,24972.7
1772159400,24972.6,24975,24951,24964.2
1772160300,24964.3,24991.2,24960.1,24989.4
1772161200,24989.5,24993.9,24982.5,24984.6
1772162100,24984.4,24989.7,24969.2,24973
1772163000,24973.2,24982.5,24962.2,24975.7
1772163900,24975.9,24991.6,24968.1,24982.8
1772164800,24982.7,24994.7,24980.5,24981.3
1772165700,24981.7,24988.5,24970.2,24985.6
1772166600,24985.2,24992.1,24977.4,24989.9
1772167500,24989.4,24990.5,24978.7,24981.8
1772168400,24981.9,25005.5,24980.8,25004.6
1772169300,25004.5,25015.4,25002.6,25012.6
1772170200,25012.7,25018.4,25006,25012.3
1772171100,25012.4,25019.8,24996.5,24997.2
1772172000,24996.9,25005,24969.7,24973.8
1772172900,24973.5,24978,24949.6,24964.7
1772173800,24964.6,24995.7,24962.5,24989.9
1772174700,24990,24995.2,24980,24988.8
1772175600,24989,25012.8,24989,25004.3
1772176500,25004.4,25031.3,25003.3,25027.8
1772177400,25027.7,25033.1,25018.5,25028.4
1772178300,25028.3,25037.1,25021.5,25030.8
1772179200,25031,25048.9,25003.4,25005.8
1772180100,25005.6,25030.3,24997.3,25015.4
1772181000,25015.3,25034.7,25005.4,25014.7
1772181900,25014.8,25029.1,25010.5,25026.2
1772182800,25031.6,25047.4,25009.3,25038.7
1772183700,25038.8,25057.8,25025.4,25037.2
1772184600,25037.1,25037.7,24989.7,24990.4
1772185500,24990.6,25006.4,24983.4,24987.3
1772186400,24987.2,24991.9,24924.4,24947.4
1772187300,24947.5,24980.9,24947.2,24975.3
1772188200,24975.7,25002.4,24974.3,24992.7
1772189100,24992.8,24992.8,24944.5,24960
1772190000,24960.2,24971.7,24944.9,24955.3
1772190900,24953.7,24966.1,24944.9,24950.3
1772191800,24950.2,24960.8,24887.8,24897.6
1772192700,24897.7,24917.2,24889.8,24911.3
1772193600,24913.6,24937.4,24879.1,24934.7
1772194500,24934.6,24953.1,24930,24932.7
1772195400,24932.9,24944.5,24883.9,24886
1772196300,24886.2,24896.5,24856.2,24879.6
1772197200,24876.9,24901.3,24863.3,24870.4
1772198100,24870.3,24882.5,24832.5,24847.4
1772199000,24845.5,24845.5,24753.2,24797.5
1772199900,24798.5,24838,24790.8,24829.5
1772200800,24829.6,24837.1,24789.3,24802.3
1772201700,24802.4,24804,24755.8,24771.1
1772202600,24774.3,24865.9,24740.7,24802.5
1772203500,24803,24897.3,24776.3,24838.4
1772204400,24838.3,24953.7,24825.1,24914.3
1772205300,24914.2,24956.9,24882,24933.9
1772206200,24933.4,24967,24888.3,24958.2
1772207100,24957.9,24977.1,24883.1,24942
1772208000,24942.4,24980.6,24903.1,24947
1772208900,24946.5,24971.6,24912,24925.2
1772209800,24925.8,24966.6,24890.5,24893.9
1772210700,24894.1,24964,24889.5,24927.3
1772211600,24925.9,24993.9,24912,24916.6
1772212500,24917.7,24922.6,24855.8,24908.2
1772213400,24910,24950.5,24884,24892.1
1772214300,24892.6,24911.6,24871.2,24904.3
1772215200,24902.8,24912.6,24869.9,24872
1772216100,24871.4,24878.6,24834.3,24869.2
1772217000,24868.6,24890.2,24847.3,24871.3
1772217900,24871.5,24882.1,24844.2,24860.8
1772218800,24860.9,24917.7,24855.9,24868
1772219700,24868.2,24880.5,24856.4,24865.3
1772220600,24864.6,24877.4,24831.9,24845
1772221500,24844.9,24862,24838.2,24852.6
1772222400,24852.7,24925.4,24851,24925.4
1772223300,24925.9,24960.4,24921,24935.3
1772224200,24935.5,24942,24878.8,24895
1772225100,24894.8,24981,24888.9,24955.5
1772226000,24957,24957.15,24919.9,24935.6
1772226900,24935.1,24936.7,24899.6,24917.9
1772227800,24918.6,24936.1,24916.9,24920.9
1772228700,24921.9,24923.9,24900.2,24912.4
1772406000,24681.1,24772.7,24645.8,24736.3
1772406900,24736.4,24759.8,24711.7,24724.1
1772407800,24723.7,24734.1,24673.9,24730.1
1772408700,24729.9,24737.8,24683.7,24698.5
1772409600,24699.6,24735.2,24682.7,24716.8
1772410500,24716.9,24717,24672.1,24691.6
1772411400,24691.8,24717.2,24676.1,24714.4
1772412300,24714.5,24757.8,24714.5,24747.6
1772413200,24747.1,24852.9,24733.8,24835.7
1772414100,24835.6,24845.2,24807.9,24831.9
1772415000,24832,24862.3,24822.3,24831.1
1772415900,24831.3,24834.9,24814.5,24822
1772416800,24822.2,24835,24783.5,24800.4
1772417700,24800.6,24806.5,24769,24770.8
1772418600,24770.7,24809,24764.6,24797.3
1772419500,24797.5,24802.7,24756.3,24781.6
1772420400,24781.5,24788.2,24763.3,24779
1772421300,24779.1,24797.2,24767.1,24781.8
1772422200,24781.9,24784,24752.8,24757.1
1772423100,24757.3,24773.9,24747.2,24753.1
1772424000,24753,24759.8,24738.4,24755.9
1772424900,24755.7,24770.5,24703.4,24760.8
1772425800,24760.7,24776.9,24754.5,24754.5
1772426700,24754.6,24758.5,24718.7,24721.2
1772427600,24719.2,24730.8,24694.6,24705.6
1772428500,24705.7,24719,24678.4,24691
1772429400,24691.1,24709.4,24687.1,24696.7
1772430300,24696.5,24700.5,24633.6,24638.4
1772431200,24638.3,24664.3,24636.6,24653.6
1772432100,24653.8,24659.7,24593.9,24629.8
1772433000,24631.4,24640.4,24578.9,24582.1
1772433900,24582.9,24584.2,24496.3,24551.8
1772434800,24552.1,24565,24495.2,24500.7
1772435700,24500.6,24548.9,24495.1,24528.4
1772436600,24528.3,24545.1,24508.3,24538.4
1772437500,24538.5,24539,24492.9,24502.9
1772438400,24503.1,24517.7,24443.5,24491.3
1772439300,24491.2,24498.7,24437.7,24451.3
1772440200,24451.1,24530.8,24446.8,24516.3
1772441100,24517,24551.7,24504.4,24523.6
1772442000,24523.7,24594.7,24513,24577.8
1772442900,24578.2,24612.6,24577.6,24598.4
1772443800,24598,24614.7,24572.5,24596.4
1772444700,24596.5,24601.1,24573.5,24590.1
1772445600,24590.4,24644.2,24587.2,24608.1
1772446500,24608,24633.9,24592.8,24617
1772447400,24617.1,24645.2,24615.5,24640.3
1772448300,24640.2,24645.1,24602.7,24619.8
1772449200,24619,24629.1,24597.8,24606.4
1772450100,24606.2,24631.2,24595.6,24617.9
1772451000,24617.7,24650.3,24615.8,24642.9
1772451900,24643.1,24690,24630.4,24646.5
1772452800,24646.9,24666.9,24597,24622.1
1772453700,24621.9,24622,24590.7,24593.8
1772454600,24593.7,24617.1,24590.5,24601.3
1772455500,24601.2,24623.6,24569.8,24590.8
1772456400,24591.3,24623.1,24582.9,24610.2
1772457300,24610.1,24699,24606.3,24662.2
1772458200,24662.3,24670.2,24616.3,24618
1772459100,24618.1,24636.3,24556.8,24580.9
1772460000,24580.8,24613.1,24568.9,24593.6
1772460900,24593.5,24610.7,24570.6,24606
1772461800,24605.8,24845.6,24567.9,24797.9
1772462700,24797.8,24858.9,24772.2,24820.4
1772463600,24820.7,24910.6,24764.3,24894.5
1772464500,24895.5,24908.2,24821.9,24846
1772465400,24844.9,24901.8,24806.2,24900
1772466300,24899.7,24918.5,24838.8,24885
1772467200,24885.8,24946.8,24855.3,24932
1772468100,24931.9,24935.4,24814.2,24828.8
1772469000,24830.1,24980.7,24824.8,24974.2
1772469900,24974.4,25005.2,24955.6,24993.8
1772470800,24994,25001.3,24969.2,24991
1772471700,24991.1,25037.5,24990.1,25005.2
1772472600,25005.8,25017.3,24987.2,25006.6
1772473500,25006.8,25034.8,24997.2,25024.6
1772474400,25025.9,25034.3,24997.1,25010
1772475300,25010.1,25011.5,24976.3,24998.1
1772476200,24997.1,25000.7,24962,24982.9
1772477100,24983.1,24983.5,24929.6,24933.8
1772478000,24934.7,25013.6,24929.8,25009
1772478900,25009.2,25049,25009.2,25038.9
1772479800,25038.4,25056.7,25030.1,25036.7
1772480700,25036.6,25059.9,25036.5,25043.4
1772481600,25043.5,25051,24920.3,24929.5
1772482500,24928.5,24981.9,24908.6,24928.3
1772483400,24927.4,24975.9,24923.2,24968.7
1772484300,24966.3,25023.4,24958.3,24982.4
1772485200,24981.6,24988.7,24936.3,24956.2
1772486100,24956.9,24961.6,24944.9,24957.1
1772487000,24956.1,24968,24952.4,24965.1
1772487900,24964.4,24966.9,24937.8,24954.6
1772488800,24954.3,24968,24953.8,24964.8
1772489700,24964.7,24972.7,24964.6,24972.2
1772490600,24972.3,24972.5,24966.6,24967.5
1772491500,24967.4,24981.1,24966.2,24974.9
1772492400,24964.9,24973.5,24929,24935
1772493300,24935.1,24939.8,24910.2,24924.6
1772494200,24924.8,24932.5,24906.8,24911.5
1772495100,24911.6,24941.2,24910.4,24933.6
1772496000,24933.7,24944.4,24902,24910.5
1772496900,24910.7,24920.1,24890.3,24904.8
1772497800,24904.9,24909.7,24894.1,24908.7
1772498700,24909.2,24914.1,24887.8,24894.3
1772499600,24894.1,24920.2,24866.2,24905.7
1772500500,24905.8,24922,24884.4,24885.9
1772501400,24886,24897.1,24856,24871.9
1772502300,24872,24877.5,24831.5,24837
1772503200,24837.1,24842.2,24798.3,24818.9
1772504100,24819.1,24822.8,24771.7,24799.5
1772505000,24799.6,24842.2,24793,24823.6
1772505900,24823.7,24840.7,24813.8,24824.8
1772506800,24824.6,24847.2,24797.4,24814.1
1772507700,24813.7,24823.5,24780.2,24786.3
1772508600,24786.4,24835.5,24767.2,24826.4
1772509500,24826.2,24841.1,24801.7,24810
1772510400,24809.9,24825,24786.3,24798.6
1772511300,24798.5,24809.6,24766.6,24778.5
1772512200,24778.6,24793,24763.1,24783.2
1772513100,24783.4,24788,24757.6,24773.1
1772514000,24773.3,24791.4,24760.4,24772.8
1772514900,24772.9,24785.5,24762,24776.1
1772515800,24775.8,24777.5,24734.1,24741
1772516700,24741.5,24747.8,24713.2,24728.4
1772517600,24728.3,24750.9,24705.9,24727.4
1772518500,24727.5,24761.3,24702.8,24760.3
1772519400,24759.9,24761.7,24720.7,24723.4
1772520300,24723.3,24729.1,24701.1,24716.6
1772521200,24716.8,24729.7,24682.8,24699.8
1772522100,24699.9,24722.1,24656.8,24667.3
1772523000,24667.5,24676.8,24640.4,24664.8
1772523900,24665,24677,24632.4,24639.5
1772524800,24639,24658.7,24597.4,24601.9
1772525700,24601.8,24623.8,24560.2,24563.8
1772526600,24562.2,24584.3,24470.8,24502.8
1772527500,24503,24511.3,24468.1,24480.5
1772528400,24480.6,24544.7,24479.9,24522.7
1772529300,24522.6,24523.8,24473.5,24482.7
1772530200,24482.5,24505.2,24458.2,24466
1772531100,24465.9,24466.2,24410.5,24418.6
1772532000,24418.9,24445,24384.3,24412.4
1772532900,24412.6,24443,24398.7,24400
1772533800,24400.2,24433,24356.2,24430.5
1772534700,24430.6,24446,24368.2,24415.5
1772535600,24415.4,24440.7,24387,24392.2
1772536500,24392,24448.1,24332.7,24417
1772537400,24416.9,24466.3,24416.9,24460.3
1772538300,24460.2,24476.6,24433.7,24450.2
1772539200,24449.9,24539.1,24440.7,24517.7
1772540100,24517.8,24564.7,24499.8,24532.9
1772541000,24532.8,24552.6,24513,24542.9
1772541900,24542.8,24567.9,24520,24545.1
1772542800,24544.8,24553.1,24490.1,24513.1
1772543700,24512.5,24536.3,24478.1,24492.3
1772544600,24492.2,24494.4,24438.7,24458.4
1772545500,24458.1,24464.2,24411.5,24459.1
1772546400,24458.1,24469.4,24419.6,24441.1
1772547300,24441.3,24505.4,24435.9,24497.2
1772548200,24496.9,24623.7,24466.5,24494.9
1772549100,24494.6,24575,24445.1,24454.6
1772550000,24454.1,24522.8,24424.4,24467.5
1772550900,24466.3,24483.1,24316.9,24324.4
1772551800,24324.5,24437,24320.9,24381
1772552700,24379,24424,24337.4,24411.7
1772553600,24410.5,24551.3,24401.7,24538.4
1772554500,24536.9,24605.2,24535.2,24582.8
1772555400,24583.1,24614.8,24527,24609.8
1772556300,24610,24687.5,24607.7,24634.6
1772557200,24635.5,24655.4,24585.3,24618.7
1772558100,24618.9,24674.4,24595.5,24668
1772559000,24666.9,24669.8,24565.9,24656.2
1772559900,24655.6,24661.5,24587.2,24602.6
1772560800,24604.7,24666.2,24604.7,24641.2
1772561700,24641.4,24735,24637.5,24709.8
1772562600,24708.8,24795.7,24704.6,24765.2
1772563500,24765.4,24786.7,24736,24762.7
1772564400,24762.8,24776.5,24694.1,24730.3
1772565300,24730.8,24764.7,24716.3,24720.6
1772566200,24721.1,24784.6,24672,24781
1772567100,24782,24811.9,24727.9,24748.6
1772568000,24749.5,24783.7,24736,24736.1
1772568900,24736.2,24752.8,24704.7,24744
1772569800,24744.1,24769.8,24718.2,24730.2
1772570700,24730.1,24741.8,24681.9,24719.9
1772571600,24720.2,24720.8,24690.2,24700.3
1772572500,24699.3,24709.4,24680.4,24686.8
1772573400,24685.8,24694.6,24656.4,24684.4
1772574300,24683.4,24689.8,24669.5,24672.1
1772575200,24671.9,24685,24665.9,24683.2
1772576100,24683.3,24689.8,24682.3,24682.7
1772577000,24682.6,24683.8,24673.8,24677
1772577900,24676.9,24676.9,24669,24669.3
1772578800,24668.8,24719.1,24634.6,24710.3
1772579700,24710.4,24724.4,24667.8,24673.2
1772580600,24673.9,24698.2,24667,24683.8
1772581500,24684,24705.6,24663.9,24667.4
1772582400,24667,24708.8,24642.6,24703.2
1772583300,24703.9,24768.4,24696.6,24733
1772584200,24733.5,24735.2,24654.9,24665.3
1772585100,24665.1,24731.1,24664.3,24713.7
1772586000,24713.6,24736.1,24658.9,24672.5
1772586900,24672.6,24684.5,24603.3,24615.4
1772587800,24615.3,24685.6,24595.4,24674.5
1772588700,24674.8,24678.9,24611.2,24640.7
1772589600,24640.6,24668.3,24599.9,24610.3
1772590500,24610.1,24631.6,24583.5,24588.4
1772591400,24588.3,24594.8,24555,24588.1
1772592300,24588.3,24631.7,24588.1,24601.8
1772593200,24601.9,24603,24550.2,24558.8
1772594100,24558.9,24568.5,24521.2,24534
1772595000,24534.2,24538.8,24489.3,24529.7
1772595900,24529.9,24565.8,24514.6,24565
1772596800,24565.2,24610.1,24558.3,24587.2
1772597700,24587.1,24603.3,24550.8,24556.9
1772598600,24556.8,24570.6,24532.2,24563
1772599500,24562.9,24572.3,24539.1,24553.8
1772600400,24554.1,24578.5,24527.5,24531.4
1772601300,24531.1,24558.4,24497.2,24523.3
1772602200,24523.2,24581.7,24506.6,24562.3
1772603100,24562.8,24572.9,24534.1,24539.2
1772604000,24539.1,24540,24481.7,24483.7
1772604900,24483.5,24514.2,24465,24513
1772605800,24514.2,24554.6,24505,24536.9
1772606700,24536.8,24541.1,24513.2,24536.3
1772607600,24536.1,24550.7,24502.1,24507.4
1772608500,24507.5,24580.1,24501.5,24566.4
1772609400,24566.5,24630.7,24561.1,24619.2
1772610300,24619.3,24642.6,24606,24619.6
1772611200,24619.7,24641.2,24600.9,24634.5
1772612100,24634.6,24653.7,24577.6,24594.4
1772613000,24594.6,24633.9,24584.6,24628.5
1772613900,24628.7,24642.6,24598,24610.5
1772614800,24610.8,24673,24587.6,24656.9
1772615700,24657.7,24685,24649.9,24669.8
1772616600,24670.8,24710.2,24658.7,24698.2
1772617500,24698.1,24734.7,24689.5,24718.8
1772618400,24718.7,24823.5,24699.5,24815.2
1772619300,24814.6,24830.1,24760.1,24771.6
1772620200,24771.1,24809.8,24769.5,24797.7
1772621100,24797.6,24818.2,24777.2,24807.1
1772622000,24807,24839.3,24803.1,24824.4
1772622900,24824.3,24860,24820.5,24829.1
1772623800,24829,24838.1,24779.6,24779.7
1772624700,24780.1,24802,24765.6,24771.2
1772625600,24771.3,24809.4,24770,24793.1
1772626500,24793,24793.6,24693.4,24696.9
1772627400,24696.8,24759.1,24685.1,24746
1772628300,24746.1,24767,24723.5,24764.3
1772629200,24764.5,24888.5,24760,24880.5
1772630100,24880.7,24891.8,24827.9,24846.1
1772631000,24846.3,24886,24825.7,24869.6
1772631900,24869.5,24883.6,24839.4,24854.9
1772632800,24854.7,24868.7,24832.5,24860.6
1772633700,24860.4,24876.7,24816.5,24818.7
1772634600,24818.2,24934.7,24803.3,24816.4
1772635500,24816.5,24907.8,24792.1,24884.7
1772636400,24884.8,24972.7,24856.6,24941.7
1772637300,24941,25103.7,24939.4,25102.5
1772638200,25100.2,25108.6,25022.6,25023.2
1772639100,25023.6,25094.3,24999,25089.8
1772640000,25089.2,25120.1,25020.9,25033.1
1772640900,25032.8,25083.3,25014.8,25068.7
1772641800,25067.7,25130,25059.2,25121.1
1772642700,25121.6,25132.3,25100.4,25106.9
1772643600,25108.3,25136.8,25097.1,25119.2
1772644500,25119.3,25128.9,25094.3,25095.4
1772645400,25095,25135.5,25067.8,25115
1772646300,25114.9,25143.4,25112.9,25131.4
1772647200,25130.3,25144.3,25118.8,25125.3
1772648100,25125.2,25137.3,25103.1,25133.9
1772649000,25134.6,25176.3,25134.4,25163
1772649900,25162.9,25178.3,25142.6,25156.3
1772650800,25156.8,25180.6,25150.4,25172.6
1772651700,25172.7,25180.1,25152.4,25157.6
1772652600,25158.6,25169.1,25148,25154.9
1772653500,25155.2,25164.1,25143.4,25152.8
1772654400,25153.9,25159.8,25111.9,25114.7
1772655300,25114.8,25119.7,25088.5,25116
1772656200,25116.5,25132.8,25100.8,25129.3
1772657100,25128.8,25130.8,25078.8,25086
1772658000,25086.3,25119.1,25056.1,25114.9
1772658900,25097.6,25126.6,25079.9,25102.1
1772659800,25102.3,25107.1,25092.3,25099.3
1772660700,25099.6,25116.9,25090.3,25102.4
1772661600,25102.7,25117,25095,25114.1
1772662500,25113.3,25125.2,25098.1,25100.7
1772663400,25103.4,25128,25100.3,25121.1
1772664300,25121.2,25133,25113.3,25126.5
1772665200,25120.8,25141.6,25109.1,25135.6
1772666100,25135.5,25137.9,25109.1,25116.7
1772667000,25116.9,25150.3,25110.9,25145.5
1772667900,25145.6,25155.8,25131.3,25136.8
1772668800,25136.7,25165.4,25124.9,25163.8
1772669700,25163.9,25207.3,25163.3,25178.9
1772670600,25178.8,25194.1,25168.5,25177.4
1772671500,25177.5,25186.5,25164.8,25174.3
1772672400,25174.4,25182.6,25149.9,25163.3
1772673300,25163.4,25163.4,25098.3,25105.9
1772674200,25106,25140.6,25037.7,25052.7
1772675100,25052.4,25087.7,25008.4,25034.9
1772676000,25035,25060.3,25025.2,25050.1
1772676900,25050.2,25059.3,25021.2,25033.7
1772677800,25033.8,25060.3,25015.5,25053
1772678700,25053.2,25090.7,25043.2,25057.4
1772679600,25056,25065.4,25040.2,25044.6
1772680500,25044.7,25051.4,24999.3,25014.2
1772681400,25014.1,25026.6,24990.1,25006.8
1772682300,25007.2,25035.9,24996.7,25014.8
1772683200,25014.7,25047.9,24996.5,25040.4
1772684100,25040.3,25054.6,25031.8,25054.4
1772685000,25054.6,25061.8,25032.5,25048.5
1772685900,25048.6,25072.4,25047.1,25066.9
1772686800,25066.8,25069.9,25049.7,25054.2
1772687700,25054,25056.3,25032.7,25042.6
1772688600,25042.4,25046.9,25017.4,25021.3
1772689500,25021.4,25031.8,24997.7,25000.8
1772690400,25001.2,25007,24949.6,24951.9
1772691300,24952,24987.2,24945.5,24976.7
1772692200,24976.6,24978.3,24951.7,24973.3
1772693100,24973.4,25057.8,24964.8,25056.4
1772694000,25056.5,25062.2,25021.6,25035.1
1772694900,25035.2,25058.8,25016.1,25052.8
1772695800,25052.7,25054,25022,25031.1
1772696700,25030.9,25038.4,25006.1,25036.3
1772697600,25035.9,25043.4,24956,24963.9
1772698500,24963.8,25009.3,24961.2,24962.1
1772699400,24961.9,24988.5,24938.2,24972.1
1772700300,24972.6,25018.6,24966.3,25015.1
1772701200,25015,25171.2,25006.5,25148.1
1772702100,25147.7,25160.7,25085.7,25094.8
1772703000,25094.7,25111.8,25053,25057.4
1772703900,25057.8,25088.6,25047.7,25079.6
1772704800,25079.7,25096.6,25052.6,25081.5
1772705700,25082.7,25107.7,25079,25099.7
1772706600,25099.8,25107.8,25063.6,25070.5
1772707500,25071.2,25089.4,25056.9,25071.3
1772708400,25071.8,25102.8,25052.2,25102.1
1772709300,25102.2,25114.2,25086,25099.9
1772710200,25099.7,25115.9,25068.8,25087.9
1772711100,25088,25102.8,25055,25059.8
1772712000,25059.4,25077.1,25043.4,25065.2
1772712900,25065,25121.6,25049,25084
1772713800,25083,25090,25037.3,25048.3
1772714700,25048.4,25069,25003.9,25035.7
1772715600,25034.8,25041.4,24991.6,25008.8
1772716500,25008.6,25024.9,24990.2,25021.6
1772717400,25022,25033.8,24956.8,24987.8
1772718300,24987.7,25013.5,24946.5,24960.2
1772719200,24959.8,24976.8,24943.2,24953.8
1772720100,24953.6,24967.1,24927.6,24952.7
1772721000,24952.5,25091.9,24951.1,25023.3
1772721900,25024.9,25154.6,25003.3,25153.5
1772722800,25152.6,25175.9,25094.4,25145.1
1772723700,25145,25149.4,24960.6,24980.5
1772724600,24979.8,25039.2,24898.7,25008.6
1772725500,25008.2,25063,25000.1,25048.7
1772726400,25048.5,25058.5,24924.6,24954.8
1772727300,24954.2,24978.8,24910.1,24935.4
1772728200,24935,25005.3,24932.3,24971.2
1772729100,24971.5,25019.9,24971.5,25007.9
1772730000,25009.1,25088.3,24973.2,24998.3
1772730900,24998,25000,24894,24894.1
1772731800,24894.5,24910,24800.4,24815.5
1772732700,24815.8,24817.3,24753.6,24771.2
1772733600,24771.3,24854.5,24764.8,24844.3
1772734500,24843.3,24854.9,24748.9,24761.2
1772735400,24760.1,24837.2,24742,24826.2
1772736300,24826.1,24829.8,24743.1,24782.4
1772737200,24781.9,24827.6,24771.9,24822.2
1772738100,24822.8,24848.4,24782.4,24805.8
1772739000,24806,24819.9,24760.8,24818.1
1772739900,24818.3,24849,24789.7,24825.2
1772740800,24826.2,24902.2,24794.4,24886.3
1772741700,24887,24960.8,24869.9,24921
1772742600,24920.7,24965.4,24907.7,24933.8
1772743500,24933.7,25022.6,24911.8,25014.3
1772744400,25010.6,25012.8,24983.4,24992.7
1772745300,24992.2,25008.6,24975.5,24991.1
1772746200,24991.4,24992.9,24965.1,24973
1772747100,24974,24983.8,24963.3,24972.7
1772748000,24973.3,24973.7,24968.2,24972.2
1772748900,24972.3,24976.8,24972.2,24973.5
1772749800,24973.6,24975.3,24969.4,24974.4
1772750700,24974,24979.6,24974,24979.1
1772751600,24983.5,25016.3,24971.5,25006.8
1772752500,25006.7,25024.8,24998,25016.9
1772753400,25017.1,25037.5,25007.7,25029.1
1772754300,25029.2,25040.9,25016,25030.9
1772755200,25031.8,25068.3,25028.8,25062.9
1772756100,25062.5,25064.9,25036.6,25043.5
1772757000,25043.8,25056.9,25037.9,25053.9
1772757900,25053.8,25062.2,25037.6,25043.7
1772758800,25043.4,25060.9,25037.2,25045.9
1772759700,25045.7,25060.4,25009.6,25024.1
1772760600,25023.8,25059.6,25020.6,25026.7
1772761500,25026.5,25055.1,25012.7,25036.9
1772762400,25037.4,25074.4,25030.8,25074.1
1772763300,25074,25085.8,25065.4,25079.3
1772764200,25078.8,25081.8,25055.4,25063.5
1772765100,25063.2,25066.6,25039.6,25039.6
1772766000,25040,25069.9,25039.9,25054.3
1772766900,25054.5,25066.3,25047.5,25055
1772767800,25055.2,25073.6,25043.9,25067.3
1772768700,25067.4,25084.4,25064.6,25083
1772769600,25083.2,25085.2,25073.6,25074.9
1772770500,25074.8,25079.2,25063.9,25068.5
1772771400,25068,25108.6,25066.3,25096.3
1772772300,25096,25104.8,25074.9,25080.3
1772791200,24889.9,24938.5,24887.8,24917.9
1772792100,24917.7,24951.2,24907.2,24942.3
1772793000,24941.8,24944.8,24908,24912.2
1772793900,24912.5,24933.3,24899.2,24917.4
1772794800,24917.5,24924.6,24858.3,24911.7
1772795700,24911.9,24933.1,24892.8,24918.2
1772796600,24918.3,24922.2,24829.5,24845.4
1772797500,24845.5,24866.4,24806.8,24827.8
1772798400,24827.4,24847.4,24810.2,24843.2
1772799300,24843,24854.9,24823.2,24830.4
1772800200,24830.6,24831.9,24788.8,24815.3
1772801100,24815.1,24823.3,24775.2,24806.3
1772802000,24806.2,24834.4,24796.5,24820.3
1772802900,24820.2,24848.5,24807.1,24838.9
1772803800,24838.4,24867.2,24697.2,24705.8
1772804700,24705.2,24705.5,24588.4,24617
1772805600,24617.3,24639.2,24582.8,24599.4
1772806500,24599.2,24657.6,24586.7,24657.6
1772807400,24657.3,24702.5,24583.3,24651.2
1772808300,24650.6,24711.5,24605,24660.9
1772809200,24661.4,24766.3,24634.7,24761.7
1772810100,24761,24799.7,24730.6,24795.6
1772811000,24794.9,24867.3,24784.6,24809.8
1772811900,24809.9,24857.5,24725.7,24832.3
1772812800,24832.2,24871.8,24789.6,24797.6
1772813700,24800.3,24837.1,24766.5,24818.1
1772814600,24817.8,24846.5,24770.2,24822.5
1772815500,24823.4,24887.1,24815.8,24852.5
1772816400,24852.9,24891.3,24795.4,24808.4
1772817300,24808.1,24844.1,24766.2,24786.1
1772818200,24785.4,24797.5,24716.7,24742.6
1772819100,24742.7,24796.9,24742.6,24756.5
1772820000,24756.9,24862.5,24751.3,24858.2
1772820900,24858.5,24869.6,24786.1,24801.2
1772821800,24802.8,24832.3,24778.9,24812.8
1772822700,24814.2,24819,24761.5,24771.5
1772823600,24772.1,24824,24761.9,24813.1
1772824500,24812.9,24819.2,24754,24790.1
1772825400,24789.8,24810.4,24756.9,24769.6
1772826300,24769,24785.4,24745.1,24778.9
1772827200,24779.3,24824.2,24697.2,24720.7
1772828100,24720.8,24743.7,24613.9,24623.6
1772829000,24624.1,24679.5,24576.4,24650.5
1772829900,24655.4,24675.2,24624.5,24639.7
1772830800,24638.3,24649.5,24594.2,24627.9
1772831700,24629.4,24630.7,24600.3,24604.3
1772832600,24604.5,24640.1,24602.2,24634.7
1772833500,24634.2,24653.6,24628.8,24634.3
1773007200,24289.1,24307.5,24198.7,24208.5
1773008100,24208.3,24272.5,24201.6,24265
1773009000,24264.9,24285.1,24251.7,24274.7
1773009900,24276.2,24293.7,24252.1,24277
1773010800,24277.5,24299.6,24239.5,24255.6
1773011700,24255.4,24268.8,24233.3,24250.7
1773012600,24250.9,24253.1,24200.8,24213.3
1773013500,24213.2,24216.9,24141.9,24188.5
1773014400,24188.1,24212.5,24159.5,24175.2
1773015300,24174.8,24182,24102.5,24137.8
1773016200,24137.7,24180.5,24106.7,24115.2
1773017100,24116.1,24121.9,24066.8,24092.6
1773018000,24093.6,24111.9,24037.1,24059.7
1773018900,24059.4,24076.9,24039.1,24045.6
1773019800,24045.5,24090.3,24025.1,24035.5
1773020700,24035.4,24041.5,23977.9,23981.1
1773021600,23981.8,24031.2,23978.2,24001.2
1773022500,24001.3,24040.5,23973.6,24022.4
1773023400,24021.5,24059.9,24002.5,24054.9
1773024300,24054.7,24076.1,24039.7,24058.8
1773025200,24058.9,24083.2,24054.1,24081.4
1773026100,24081.2,24104.1,24066.7,24074.3
1773027000,24073.7,24106.3,24052.2,24058
1773027900,24057.9,24088.3,24051.9,24066.9
1773028800,24067,24107.5,24065.2,24084.3
1773029700,24084.2,24107,24072.7,24103.2
1773030600,24103.3,24107.8,24082.4,24087.4
1773031500,24087.5,24093.5,24073.2,24075.3
1773032400,24075.6,24124.5,24058.6,24113.6
1773033300,24113.4,24178.5,24086.4,24177.1
1773034200,24176.9,24196.7,24136.9,24181.4
1773035100,24181.6,24232.4,24166.8,24232.4
1773036000,24232.5,24274.6,24203.9,24262.1
1773036900,24261.9,24290.4,24246.6,24267.3
1773037800,24268,24280.6,24227.9,24238.4
1773038700,24238.2,24243.2,24199.6,24218.2
1773039600,24219.2,24249.9,24183.2,24241.4
1773040500,24241.2,24287.6,24218.6,24271.7
1773041400,24271.8,24277.7,24232.2,24256.1
1773042300,24256.3,24269.6,24232.2,24250.4
1773043200,24250.7,24283,24221.8,24233.9
1773044100,24233.8,24289.3,24206.7,24250.5
1773045000,24249.9,24311.6,24248.5,24257.4
1773045900,24257.6,24299.4,24241.2,24284.4
1773046800,24285.4,24324.5,24257.7,24318.6
1773047700,24318.5,24401.2,24315.5,24382.5
1773048600,24382.4,24469,24353.7,24436
1773049500,24436.1,24457.4,24366.2,24393.9
1773050400,24393.4,24408.6,24342.9,24354.7
1773051300,24354.3,24390.2,24350.1,24353.6
1773052200,24352.7,24389.7,24332.6,24365.5
1773053100,24364.8,24375.4,24320.7,24343.4
1773054000,24343.3,24386.7,24340,24353
1773054900,24353.4,24366.7,24322.8,24334.8
1773055800,24335,24396,24329.7,24363.2
1773056700,24363.3,24386,24348.6,24357.5
1773057600,24357.4,24413.9,24351.7,24413
1773058500,24413.1,24432.3,24405.9,24425.5
1773059400,24425.4,24428.1,24337.1,24343.2
1773060300,24342.9,24354.8,24323.1,24354.2
1773061200,24353.8,24419.7,24348.4,24406.8
1773062100,24407,24415,24361.1,24405.8
1773063000,24406.2,24498.3,24328.9,24357.3
1773063900,24356.6,24391.8,24285.8,24343.6
1773064800,24343.2,24448.1,24297.2,24331.8
1773065700,24332.1,24441.8,24316.3,24374.7
1773066600,24373.4,24509,24372.2,24509
1773067500,24508.4,24557.9,24502.8,24521.9
1773068400,24522.2,24582.5,24522.2,24572.7
1773069300,24573.3,24622.8,24555.1,24615.8
1773070200,24615.9,24617.1,24565.7,24581.2
1773071100,24581,24630.8,24572.5,24614.9
1773072000,24615.4,24653.5,24603.9,24635.9
1773072900,24636.2,24700.3,24606.4,24662.3
1773073800,24663,24718.2,24625.5,24709.4
1773074700,24709.6,24721.4,24675.5,24679.3
1773075600,24679.5,24684.2,24637,24654.7
1773076500,24654.8,24658.9,24578.3,24585
1773077400,24584.1,24594.1,24547.7,24556.3
1773078300,24556.6,24602,24553.9,24582.7
1773079200,24582.5,24619.7,24580.4,24609.7
1773080100,24609.6,24654.2,24600.7,24620.3
1773081000,24620.5,24671.8,24618,24656.7
1773081900,24656.6,24677.6,24620.5,24625.7
1773082800,24626.9,24652.4,24612.8,24640.1
1773083700,24639.6,24930.8,24633.9,24924.4
1773084600,24922.9,25023.7,24864.5,24937.3
1773085500,24937.1,24986,24906.9,24960.8
1773086400,24961.1,24995.3,24902.3,24932.3
1773087300,24932.5,24936.8,24875.9,24932
1773088200,24931.9,24945.3,24907.8,24928
1773089100,24927.9,24943.8,24909.5,24927.7
1773090000,24927.9,24958,24927.9,24953.5
1773090900,24953.3,24957.3,24951.9,24954.5
1773091800,24954.7,24954.7,24942,24942.1
1773092700,24942.2,24943.1,24933.1,24943
1773093600,24951.6,24951.6,24854.2,24902.2
1773094500,24901.9,24914.2,24840.9,24901.3
1773095400,24901.5,24902.4,24860.7,24896.4
1773096300,24896.2,24906.8,24866.5,24879.5
1773097200,24879.9,24903.7,24862.5,24897
1773098100,24896.9,24905,24873.9,24888.3
1773099000,24888.4,24890.5,24847.1,24849.5
1773099900,24849.3,24859,24829.4,24853.1
1773100800,24853,24864.8,24803.6,24813.7
1773101700,24813.6,24890.7,24813.5,24887.5
1773102600,24887.6,24937.2,24864.9,24930.8
1773103500,24931,24941.6,24905.5,24906.6
1773104400,24906.8,24945.2,24897.7,24933.5
1773105300,24933.3,24947.9,24920.3,24927.7
1773106200,24927.9,24940.1,24906,24918.9
1773107100,24919,24970.5,24915.8,24958.4
1773108000,24958,24970.4,24938,24948.4
1773108900,24949.1,24951.8,24938.5,24944.9
1773109800,24945.1,24946.9,24911.4,24916.4
1773110700,24916.3,24921.6,24878,24898.9
1773111600,24899,24921.1,24892.4,24901.1
1773112500,24901.2,24932.2,24881,24894.4
1773113400,24893.6,24897.6,24836.6,24838.3
1773114300,24838.2,24870.5,24825.8,24859.1
1773115200,24859.2,24865,24835,24862.4
1773116100,24862.2,24877.8,24853.6,24858.4
1773117000,24858.5,24890.5,24850.4,24877.8
1773117900,24876.6,24885.3,24852.9,24876.7
1773118800,24876,24928.2,24874,24911.1
1773119700,24911.3,24921.5,24889.9,24905.1
1773120600,24905.3,24925.4,24893.6,24910.9
1773121500,24911,24933,24905.7,24928.3
1773122400,24928.7,24938.2,24921.7,24933.3
1773123300,24933.5,24938.3,24911.7,24937.5
1773124200,24937.4,24953.4,24927.5,24930.3
1773125100,24930.4,24934.4,24915.3,24926
1773126000,24926.1,24991.5,24910.7,24960.3
1773126900,24960.2,25037.2,24957.7,25030.4
1773127800,25030.1,25048.9,24995.7,25026.5
1773128700,25026.7,25046.5,25016.7,25044.2
1773129600,25044.7,25116.9,25034.1,25083.5
1773130500,25083.3,25106.5,25069.2,25095.1
1773131400,25094.9,25118.6,25083.3,25097.6
1773132300,25097.2,25109.5,25051.1,25058.2
1773133200,25058.4,25105.8,25052.2,25093.8
1773134100,25093.4,25096.8,25065.2,25080.6
1773135000,25080.7,25099.1,25070.1,25085.6
1773135900,25085.8,25088.2,25056.4,25062.5
1773136800,25062.6,25067.1,25024.8,25035
1773137700,25035.2,25052.5,25017,25050.8
1773138600,25050.6,25063.7,24993.1,25034
1773139500,25034.2,25044.6,25015.7,25037.7
1773140400,25036.5,25076.9,24976.2,24980.7
1773141300,24979.5,25001.4,24966.6,24994.6
1773142200,24994.9,24998.8,24938.5,24945.4
1773143100,24946.1,24964.5,24929.4,24943.8
1773144000,24946.7,24947.7,24872.4,24904.7
1773144900,24904.6,24922.7,24886.3,24891.6
1773145800,24891.7,24932.5,24865.2,24922.3
1773146700,24922.1,24971.7,24921,24939.8
1773147600,24939.7,24962.3,24931,24941.4
1773148500,24942.3,24979.7,24937.1,24963.4
1773149400,24961.7,25051.9,24931.1,25001.7
1773150300,25002.1,25027.5,24920.7,24937.3
1773151200,24939.1,24973,24870.3,24905.6
1773152100,24905.9,24998,24868.5,24976.4
1773153000,24976,25087.9,24975,25073.8
1773153900,25073.9,25123.6,25057.4,25122
1773154800,25122.5,25153.2,25089.4,25097
1773155700,25097.6,25148.7,25094.4,25115.1
1773156600,25115.3,25144,25081.9,25122.6
1773157500,25122.1,25134.6,25094.3,25120.2
1773158400,25120.5,25121.9,25052.6,25087.3
1773159300,25086.9,25130.9,25079.1,25102.2
1773160200,25102.3,25137.1,25102.3,25133.5
1773161100,25133.9,25141.8,25090.1,25128.9
1773162000,25126.8,25149.2,25116.4,25129.7
1773162900,25130.3,25189.8,25127.8,25184.3
1773163800,25184.7,25184.8,25075.1,25108.7
1773164700,25110,25161.6,25102.3,25143.1
1773165600,25142.5,25153.1,25009.8,25013.6
1773166500,25012.6,25077.1,24962.9,25040.4
1773167400,25039.3,25079.7,24997.9,25010.3
1773168300,25010.2,25059.1,25000.6,25002.9
1773169200,25002.7,25025.5,24981.9,25020.1
1773170100,25020.2,25045.6,24960,24962.5
1773171000,24963.3,25004.4,24932.2,24966
1773171900,24965.4,24978.2,24913.3,24957.1
1773172800,24957.9,25010.7,24956.25,25005.2
1773173700,25005,25006.1,24983.4,24996
1773174600,24995.9,25000.4,24981.2,24988.9
1773175500,24989.3,24998.1,24964.8,24980.9
1773176400,24981.5,24991.1,24977.9,24990.8
1773177300,24990.4,25004.7,24984.3,25001.4
1773178200,25001.3,25003,24999.1,25001.1
1773179100,25001,25001.7,24998.7,24999.7
1773180000,24980.8,24989,24955.6,24983.4
1773180900,24983.3,24990,24940.1,24943.7
1773181800,24943.9,24949.6,24923.1,24925.4
1773182700,24925.5,24945.3,24925.5,24945.2
1773183600,24945.3,24960.7,24937,24958.6
1773184500,24958.8,24966.8,24951.9,24958.3
1773185400,24958.5,24960.4,24948.3,24953.4
1773186300,24953.2,24999.3,24952.1,24989.5
1773187200,24990.5,25046.4,24984.3,25032
1773188100,25032.2,25060.6,25022.6,25044
1773189000,25044.3,25050.5,25028.6,25034.3
1773189900,25034.4,25049.6,25025.4,25034.5
1773190800,25034.4,25050,25026.3,25050
1773191700,25049.3,25056.9,25043.9,25048.8
1773192600,25048.9,25072.1,25046,25066
1773193500,25066.2,25067.7,25055.8,25066.5
1773194400,25066.2,25068.1,25049.3,25052.8
1773195300,25052.9,25074.3,25052.9,25060.6
1773196200,25060.8,25065.2,25048.8,25062.6
1773197100,25062.5,25071.9,25057.9,25067.9
1773198000,25068.1,25074.4,25060.1,25067.9
1773198900,25068,25074.5,25064.2,25066.1
1773199800,25066.3,25092.7,25065.8,25087.8
1773200700,25087.9,25097.6,25083.3,25092
1773201600,25092.2,25096.2,25083.8,25090.4
1773202500,25090.2,25092.4,25086.1,25090.7
1773203400,25090.8,25091,25070,25070.3
1773204300,25070.5,25079.7,25061.2,25064.6
1773205200,25064.7,25069.6,25029,25036.2
1773206100,25036.1,25050.9,25032.2,25038.5
1773207000,25038.6,25040.7,25013.2,25015.4
1773207900,25015.7,25017.1,24999,25005
1773208800,25004.4,25012.7,24986,25012.5
1773209700,25012.3,25015.2,24982.3,24994.6
1773210600,24994.5,25027.9,24994.1,25023.1
1773211500,25022.9,25023.3,24996.9,25014.5
1773212400,25014.6,25021.9,24982.9,25007.5
1773213300,25007.6,25009.6,24973.8,24977.2
1773214200,24977.1,24983.9,24920.6,24939.2
1773215100,24939.1,24982.4,24927.8,24978.3
1773216000,24978.4,25002.1,24970.5,25000.4
1773216900,25000.3,25006.2,24972.7,24985.2
1773217800,24985.8,25010.8,24953.5,24964.9
1773218700,24965,24973.2,24908.6,24940.2
1773219600,24940.4,24943.9,24898.5,24909.7
1773220500,24909.5,24945.5,24894.3,24897.6
1773221400,24898,24922.7,24887.2,24896.7
1773222300,24896.6,24914.3,24873.4,24877.3
1773223200,24877.2,24949.1,24868.8,24947.3
1773224100,24947.1,24959.7,24932.2,24950.8
1773225000,24950.7,24993.6,24943.2,24990.9
1773225900,24991.2,24998.9,24982.9,24991.6
1773226800,24991.7,25018.1,24986.1,25004.8
1773227700,25004.7,25012.9,24945.5,24952
1773228600,24952.2,24966.8,24929.4,24945.9
1773229500,24945.2,24970.1,24904,24921.5
1773230400,24922.3,24945.5,24911.3,24930.9
1773231300,24930,24970,24923.9,24969.8
1773232200,24970.3,25040.5,24895.6,24906.8
1773233100,24907,24933.3,24883.4,24920.2
1773234000,24920,24972.9,24918.6,24939.1
1773234900,24939.2,25008.7,24934.7,25007.4
1773235800,25007.8,25089.5,25007.8,25043.6
1773236700,25044.4,25082.7,24990.9,25075.8
1773237600,25075.9,25154.3,25034.8,25078
1773238500,25077.7,25087.1,24954,25002.4
1773239400,25003.4,25028,24934.4,25011.6
1773240300,25011.3,25054.5,24991.5,25040
1773241200,25039.8,25064.6,24930.5,24970.3
1773242100,24970.1,24995,24910.3,24911.8
1773243000,24911,24939,24887.8,24894.9
1773243900,24895.6,24936.1,24867.6,24911.4
1773244800,24909.8,24915.6,24873,24910.6
1773245700,24910.8,24928.9,24883.4,24928.5
1773246600,24929,24983.3,24927.2,24955.1
1773247500,24955.2,24986.8,24942.1,24982.9
1773248400,24983,25000.8,24960.7,24971.3
1773249300,24971.2,24996.4,24946,24982.7
1773250200,24982.3,24992.5,24850.5,24911.3
1773251100,24911.2,24961.3,24892.8,24929.1
1773252000,24927.8,24936.8,24867.2,24890.4
1773252900,24891.2,24934.5,24877.9,24925.1
1773253800,24925.4,24941.7,24910.2,24918.7
1773254700,24919,24953,24906.7,24934.2
1773255600,24933.4,24941.5,24892.6,24898.1
1773256500,24898,24921.7,24890.1,24912.1
1773257400,24912,24963.1,24906.3,24952.2
1773258300,24952.1,24981.5,24931.3,24959.3
1773259200,24960.4,24967.2,24923.4,24940.2
1773260100,24940.1,24946.7,24934.4,24940.4
1773261000,24940.2,24946.2,24936.4,24943.5
1773261900,24943.6,24945.1,24916,24921.9
1773262800,24922,24928.8,24920.4,24927.4
1773263700,24927.6,24931.3,24927.6,24930.2
1773264600,24932.1,24937.6,24931.5,24933
1773265500,24933.8,24939,24931.7,24932.5
1773266400,24910.2,24926.4,24867.1,24879.8
1773267300,24879.9,24883.7,24821.1,24839
1773268200,24839.1,24847.8,24795.2,24811.6
1773269100,24811.5,24831,24796.2,24828.3
1773270000,24828.2,24833,24771.1,24808.7
1773270900,24808.6,24825.9,24782,24784
1773271800,24783.8,24784.2,24719.4,24719.6
1773272700,24719.7,24768.4,24711.7,24768
1773273600,24767.9,24770.9,24723,24734.3
1773274500,24735.9,24760.6,24719.2,24747.6
1773275400,24747.4,24784.3,24743.6,24774.6
1773276300,24774.5,24784.2,24760.7,24769.8
1773277200,24769.7,24780.8,24750.1,24763.8
1773278100,24763.4,24799.3,24761.3,24797.9
1773279000,24798,24821.7,24796.8,24815.1
1773279900,24815.3,24815.3,24752.1,24769.4
1773280800,24769.5,24775.4,24752.3,24754
1773281700,24754.1,24766.3,24728.2,24734.8
1773282600,24734.7,24739.3,24682.9,24710.7
1773283500,24710.9,24717.3,24689.8,24709.7
1773284400,24709.8,24738,24705.2,24711.7
1773285300,24711.8,24722.1,24700.7,24703
1773286200,24702.8,24704.5,24675.3,24689
1773287100,24688.9,24710.7,24683.2,24708.3
1773288000,24708.1,24727.9,24702.3,24716.3
1773288900,24716.1,24730.9,24710.2,24724.3
1773289800,24724.1,24726.4,24689.7,24690.9
1773290700,24690.8,24706,24688,24697.4
1773291600,24697.3,24756.1,24696.9,24741.8
1773292500,24741.7,24744.8,24723.3,24730.4
1773293400,24730.5,24757.2,24725.7,24753
1773294300,24752.7,24755.5,24711.4,24750
1773295200,24750.1,24751,24725.1,24732.2
1773296100,24732.3,24766.7,24730.7,24765.3
1773297000,24765.5,24777.7,24757.9,24773.5
1773297900,24773.3,24793.2,24767.4,24787.7
1773298800,24787.8,24803.3,24786,24801.6
1773299700,24801.7,24818.3,24796.6,24813.3
1773300600,24813.2,24815,24787,24807.3
1773301500,24807.2,24851.5,24792.7,24850.5
1773302400,24850.1,24881.6,24845.9,24857.7
1773303300,24857.6,24872.3,24836.2,24836.3
1773304200,24836.2,24853.5,24815.4,24851.9
1773305100,24852.1,24869.6,24837.6,24855.9
1773306000,24856.1,24862.9,24811.7,24819.6
1773306900,24819.5,24832.6,24792.5,24831.2
1773307800,24831.1,24887.6,24829.6,24878.8
1773308700,24879.4,24901.1,24866.2,24895.2
1773309600,24894.9,24905.4,24871.6,24886.4
1773310500,24886.7,24887.1,24861.1,24868.3
1773311400,24868.5,24906,24863.1,24871
1773312300,24870.9,24884.9,24853.5,24862.7
1773313200,24862.4,24868.7,24837.8,24841.2
1773314100,24841.1,24865.7,24827,24854.1
1773315000,24853.9,24906.1,24853.9,24889.3
1773315900,24889.2,24891,24831.9,24837
1773316800,24837.2,24842.2,24788.4,24813.6
1773317700,24813.9,24823.2,24796.6,24819.8
1773318600,24820.8,24822.1,24779.9,24800.4
1773319500,24800.3,24813.1,24781.1,24811.9
1773320400,24812,24832.5,24780.7,24782.7
1773321300,24782.9,24791.1,24729.8,24756
1773322200,24756,24812.7,24721.7,24744.7
1773323100,24744.8,24747,24612.6,24637.5
1773324000,24635.8,24725.3,24631.8,24716.4
1773324900,24716.5,24726.1,24598.6,24599.4
1773325800,24598.9,24628.5,24553.9,24624.7
1773326700,24623.2,24698.7,24581.8,24600.5
1773327600,24600.9,24613.8,24541,24570.8
1773328500,24570.7,24617.2,24547.6,24599.9
1773329400,24600.1,24689.2,24557.2,24668.7
1773330300,24668.9,24676.2,24603.9,24646.1
1773331200,24646.5,24686.6,24568.7,24635.3
1773332100,24635.8,24714.7,24612.9,24621
1773333000,24620.7,24696.7,24612.5,24668.3
1773333900,24668.5,24675.4,24603.6,24643
1773334800,24643.1,24705.2,24637.6,24641.6
1773335700,24641.8,24668.3,24611,24631
1773336600,24631.3,24671.6,24622.2,24625.8
1773337500,24626.2,24634.8,24565.5,24604.7
1773338400,24603.8,24651,24603.8,24636
1773339300,24635.8,24648.7,24590.9,24615.5
1773340200,24616.3,24625.8,24582.3,24589.5
1773341100,24589,24609.8,24575.1,24579.8
1773342000,24579.2,24607.8,24549.9,24573.3
1773342900,24573.7,24607.6,24563.5,24593.5
1773343800,24593.4,24620.8,24551,24562.2
1773344700,24562.1,24563,24520.9,24534.2
1773345600,24531.1,24551.6,24494.6,24509.6
1773346500,24509.8,24542,24508,24526.1
1773347400,24526.2,24546.3,24522.5,24540.5
1773348300,24540.4,24555.5,24537.8,24544.6
1773349200,24544.5,24547.2,24542.1,24544.2
1773350100,24542.4,24550.4,24542.4,24549.4
1773351000,24549.5,24549.6,24540.6,24540.8
1773351900,24541.5,24544.4,24535.3,24536
1773352800,24544.5,24563.9,24517.1,24536.1
1773353700,24536.2,24561.3,24519.1,24557.7
1773354600,24557.6,24578.8,24551.6,24565
1773355500,24565.1,24574.1,24548.4,24570.9
1773356400,24570.7,24598.1,24569.1,24571.7
1773357300,24571.6,24574.2,24546.8,24560.9
1773358200,24560.8,24570.7,24534.6,24553.4
1773359100,24553.6,24553.6,24510.5,24513.8
1773360000,24513.9,24562.7,24476.2,24562.7
1773360900,24562.3,24624.6,24562.3,24603.5
1773361800,24603.6,24625.5,24599.2,24600
1773362700,24599.7,24614.1,24590,24610.4
1773363600,24610.5,24644.9,24609.3,24629.8
1773364500,24629.7,24641,24619.7,24628.7
1773365400,24628.8,24637.2,24617.2,24620.2
1773366300,24620.5,24623,24602.9,24615.2
1773367200,24615.1,24635,24609.1,24611.2
1773368100,24611.1,24618.6,24598.9,24603.3
1773369000,24603.4,24623.6,24589.4,24592.7
1773369900,24592.8,24602.7,24583.3,24589.1
1773370800,24589.8,24603.9,24575.1,24575.6
1773371700,24575.7,24594.4,24566.5,24585
1773372600,24585.1,24596.9,24568.6,24592.6
1773373500,24592.5,24614.6,24592,24608.3
1773374400,24608.4,24613.4,24588.8,24592.2
1773375300,24592.3,24595.5,24564.9,24570.4
1773376200,24570.5,24572.7,24547.7,24571.9
1773377100,24571.8,24573.5,24551.4,24559.7
1773378000,24559.9,24569.2,24537.8,24542.3
1773378900,24542.4,24569,24540.1,24565.1
1773379800,24565.2,24584.2,24554.8,24558.2
1773380700,24558.1,24573.1,24553.5,24569.9
1773381600,24569.7,24580.7,24549.1,24562.3
1773382500,24562.4,24565.1,24523.1,24532.8
1773383400,24533.9,24545,24501.8,24502.1
1773384300,24500.8,24505.3,24460.4,24465.2
1773385200,24464.8,24473,24407.3,24417.2
1773386100,24417.4,24446.9,24395.9,24441.8
1773387000,24441.9,24461,24432.7,24444.8
1773387900,24445.1,24447.4,24407.8,24432.5
1773388800,24432.9,24442.8,24382,24395.2
1773389700,24395,24420,24382.9,24400.8
1773390600,24401.1,24468.1,24399.6,24452
1773391500,24452.1,24508,24440.8,24498.3
1773392400,24498.4,24559.6,24498.1,24514.5
1773393300,24514.7,24526.7,24497,24511.6
1773394200,24511.9,24518,24495.1,24513.8
1773395100,24513.9,24537.8,24503,24515.5
1773396000,24516.3,24579.2,24509.8,24574
1773396900,24573.6,24598.6,24562.6,24568.8
1773397800,24568.9,24572.2,24552.5,24564.4
1773398700,24564.5,24607.7,24558.1,24601.9
1773399600,24602.6,24630.7,24586.1,24603.8
1773400500,24603.7,24637.7,24588.9,24614.3
1773401400,24614.4,24634.1,24604.7,24634.1
1773402300,24633.3,24649.5,24622.7,24646
1773403200,24646.1,24661,24619.2,24634.3
1773404100,24634.1,24642.5,24614.9,24638.3
1773405000,24637.7,24664.6,24618,24643.9
1773405900,24643.7,24718.6,24642.1,24666.6
1773406800,24665.2,24674.5,24628,24652.6
1773407700,24653.1,24669.1,24623.4,24634.6
1773408600,24634.2,24755.9,24596.1,24754.9
1773409500,24754.4,24789,24706.4,24712.5
1773410400,24712.3,24749.1,24644.7,24653.8
1773411300,24654.3,24688.8,24619.5,24660.1
1773412200,24659.1,24712.8,24579.6,24581
1773413100,24581.2,24582.6,24468.4,24474.6
1773414000,24475.5,24553.1,24447.3,24545.5
1773414900,24546.1,24547.7,24447.9,24454.8
1773415800,24455.5,24481.6,24387.1,24399.1
1773416700,24398.5,24456.9,24377.1,24393.1
1773417600,24393.7,24458.1,24391.7,24419.1
1773418500,24419.4,24447.5,24396.7,24429.6
1773419400,24429.3,24472.7,24411.7,24412.6
1773420300,24413.1,24458.2,24372.8,24382.3
1773421200,24381.6,24443,24375.6,24443
1773422100,24443.5,24458.4,24404.7,24434.4
1773423000,24434.8,24440,24391.5,24410.2
1773423900,24410.5,24418.2,24338.5,24358.7
1773424800,24358.2,24391.9,24355.5,24384.6
1773425700,24384.4,24399,24352.7,24396.5
1773426600,24396.3,24444.5,24385.3,24440.6
1773427500,24440.2,24456,24423.5,24431.2
1773428400,24431.8,24433.7,24389.8,24400.2
1773429300,24400.7,24414.8,24351.8,24360.8
1773430200,24361.1,24383.3,24334.8,24352.2
1773431100,24351.9,24387.6,24341.3,24378.9
1773432000,24378.2,24383.8,24342.9,24346.8
1773432900,24346.6,24363.1,24344.7,24351
1773433800,24350.9,24366.4,24344.3,24348.2
1773434700,24348.6,24352.3,24316.1,24320.8
1773612000,24304.8,24389,24284.4,24297.4
1773612900,24296.6,24333.7,24281.4,24322.3
1773613800,24322.2,24380,24310.2,24378.4
1773614700,24377.8,24461.1,24369.4,24452.3
1773615600,24451.2,24481.1,24411.3,24434.4
1773616500,24434.3,24438,24413.5,24418.7
1773617400,24418.6,24433.6,24394,24419
1773618300,24418.6,24446.9,24418.3,24423.9
1773619200,24424.6,24505.3,24422.1,24491.6
1773620100,24491.7,24511,24471.7,24477.8
1773621000,24477.9,24497.1,24470.3,24483.8
1773621900,24483.9,24505.6,24475.6,24494.7
1773622800,24494.9,24506.9,24475.7,24484.9
1773623700,24485.1,24503.6,24477.7,24478
1773624600,24478.1,24482.4,24453.8,24467.7
1773625500,24467.8,24508.7,24467.1,24499.4
1773626400,24499.2,24503.5,24481.5,24487.1
1773627300,24487,24492.4,24466.8,24472.4
1773628200,24472.5,24474.7,24460,24463.7
1773629100,24464,24484,24461.5,24474.6
1773630000,24474.5,24487.7,24473.1,24480.1
1773630900,24480.3,24495.3,24478.2,24492.7
1773631800,24492.9,24504.3,24492.9,24501.9
1773632700,24502,24525.3,24499.1,24516
1773633600,24515.9,24525,24512.1,24518.2
1773634500,24518.5,24533.4,24516.7,24517.8
1773635400,24517.9,24520.8,24501.3,24501.9
1773636300,24502.1,24515.1,24490.6,24491.6
1773637200,24491.3,24510.8,24491.3,24508.5
1773638100,24508.4,24511.5,24497.6,24502.2
1773639000,24502,24526.5,24494.2,24520.8
1773639900,24520.7,24545.8,24519,24543.9
1773640800,24543.7,24550.5,24536.1,24538.7
1773641700,24538.8,24543,24521.6,24525.3
1773642600,24525.4,24542.5,24523.4,24529.8
1773643500,24529.7,24551.7,24525.3,24549.2
1773644400,24549.4,24569.4,24528.4,24531.2
1773645300,24531.1,24537,24513.2,24516.2
1773646200,24516,24527.9,24489.5,24501.5
1773647100,24501.6,24520.5,24491.3,24498.3
1773648000,24498.1,24555.4,24493.2,24516.9
1773648900,24516.8,24537.4,24489,24512.6
1773649800,24512.8,24526.1,24485.5,24490.1
1773650700,24490.5,24526.4,24482.6,24513.4
1773651600,24513.5,24520.5,24472,24509.4
1773652500,24509.8,24519,24493.5,24498.5
1773653400,24497.7,24497.8,24469.2,24471.1
1773654300,24471,24501,24463.2,24478.2
1773655200,24478.3,24517.4,24473.1,24512.7
1773656100,24512.9,24567.2,24507.5,24556.3
1773657000,24556.1,24582.7,24539.7,24550
1773657900,24549.9,24598.4,24541.8,24588.9
1773658800,24587.5,24591.5,24569.7,24576.1
1773659700,24576.3,24590.6,24561.1,24564.2
1773660600,24564.1,24619.8,24561.5,24614.3
1773661500,24613.9,24622.1,24601,24610.1
1773662400,24610.2,24660.9,24609.2,24653.9
1773663300,24654,24664.1,24637,24649.5
1773664200,24649.4,24673.8,24648.2,24661.6
1773665100,24661.4,24673.7,24632.4,24643.5
1773666000,24645,24665.9,24638.1,24642.2
1773666900,24642.3,24655.8,24634.8,24641.1
1773667800,24640.8,24701.9,24608.9,24656.7
1773668700,24657,24726.1,24654.7,24720.8
1773669600,24719.1,24743.3,24676.5,24718.2
1773670500,24717.8,24747.2,24699.6,24700.4
1773671400,24700.9,24704.6,24619.1,24630.2
1773672300,24630.4,24679.7,24604.4,24678.7
1773673200,24677.7,24692.6,24630.8,24686.4
1773674100,24686.8,24720.8,24665.6,24701.1
1773675000,24700.1,24723,24697.1,24703
1773675900,24701.8,24717.7,24654.2,24660.8
1773676800,24660.7,24688.7,24649.3,24665
1773677700,24665.4,24674.6,24606.4,24618.4
1773678600,24617.6,24673.7,24603.6,24665.6
1773679500,24665.9,24683.2,24649.6,24659.6
1773680400,24659.7,24705.4,24659.6,24691.7
1773681300,24691.5,24706.8,24675.9,24680.3
1773682200,24680.7,24696,24657.2,24659.6
1773683100,24659.7,24681.2,24637.3,24667.7
1773684000,24667.4,24706.6,24661.8,24690.5
1773684900,24690.6,24712.6,24687.2,24704.8
1773685800,24703.4,24715.2,24689.4,24713.7
1773686700,24714.3,24717.9,24685.8,24688.4
1773687600,24688.3,24800.2,24672.4,24693.8
1773688500,24693.1,24714.9,24644,24668
1773689400,24668.3,24676.4,24632.9,24641.4
1773690300,24641.6,24663.3,24621.2,24651.9
1773691200,24650.9,24668.1,24633.2,24662
1773692100,24662.1,24663.9,24631.7,24632
1773693000,24632.1,24647.3,24629.2,24634.7
1773693900,24634.6,24643.5,24628.1,24638.9
1773694800,24637.7,24640.4,24636.3,24639.7
1773695700,24640.3,24641.1,24637.9,24640.3
1773696600,24640.2,24643.4,24635.7,24639.3
1773697500,24638.5,24641.9,24636.1,24639.8
1773698400,24651,24651,24611.9,24625.6
1773699300,24625.5,24645,24610,24632.4
1773700200,24632.5,24635.8,24606.4,24613.3
1773701100,24613.5,24616.6,24604.6,24610.2
1773702000,24610.1,24632.8,24607.8,24618.8
1773702900,24618.7,24626.1,24607.6,24623.4
1773703800,24623.3,24642.1,24618.4,24635.2
1773704700,24635.1,24653,24625.5,24651.6
1773705600,24651.4,24652.3,24616.1,24629.1
1773706500,24628.9,24633,24587.1,24601.9
1773707400,24602,24632.8,24593.9,24598.6
1773708300,24598.5,24608.5,24574.6,24586.3
1773709200,24586.5,24610.3,24582.1,24601.8
1773710100,24601.7,24606.7,24585.2,24598.2
1773711000,24598.1,24619.9,24582.6,24593.8
1773711900,24593.9,24610.3,24582.7,24606
1773712800,24606.1,24610.7,24587.5,24594.5
1773713700,24594.6,24602.1,24587.5,24594
1773714600,24594.1,24603.8,24590,24594.8
1773715500,24594.9,24596.6,24557.5,24564.5
1773716400,24564.4,24571.5,24557.1,24568.2
1773717300,24568.8,24582.8,24568.2,24572.7
1773718200,24573.4,24575.7,24552.5,24566.3
1773719100,24565.9,24570.8,24557.9,24564.3
1773720000,24563.7,24575,24561.3,24574.2
1773720900,24574.4,24586.4,24571.5,24582.3
1773721800,24582.2,24604.4,24582.2,24602.8
1773722700,24602.9,24620.2,24601.8,24608.4
1773723600,24608.3,24623.4,24601.2,24621.2
1773724500,24621.3,24626,24612.8,24614.2
1773725400,24614.3,24619.3,24589,24591.2
1773726300,24591.3,24591.3,24526.1,24529.5
1773727200,24529.4,24535.3,24502.1,24516.8
1773728100,24516.9,24546.9,24513.3,24539.2
1773729000,24539.3,24547.7,24526.1,24539.9
1773729900,24540.1,24540.7,24516,24527.6
1773730800,24527.4,24544.3,24509.3,24535.3
1773731700,24535.2,24573.2,24530.5,24566.3
1773732600,24566.1,24589.9,24556.6,24559.8
1773733500,24559.6,24560.2,24536.5,24542.8
1773734400,24543,24581.8,24530.7,24539
1773735300,24539.1,24562.8,24528.4,24531.5
1773736200,24532.1,24571.3,24512.6,24561.2
1773737100,24561.7,24568.7,24521.6,24541.2
1773738000,24541,24566.4,24541,24560.7
1773738900,24560.8,24616.7,24550.3,24611.4
1773739800,24611.3,24620.8,24592.7,24613.9
1773740700,24614,24619.6,24599,24614.6
1773741600,24614.2,24616,24588.1,24594.5
1773742500,24594.6,24594.6,24565.7,24579.3
1773743400,24579.2,24603.3,24572.9,24589.3
1773744300,24589.5,24605.2,24582.5,24603.5
1773745200,24603.7,24620.4,24589.4,24593.1
1773746100,24593.2,24630.9,24590.3,24616.6
1773747000,24616.5,24628.2,24602.3,24615.6
1773747900,24615.5,24621.6,24581.7,24584.1
1773748800,24584.3,24666.2,24582.8,24658.9
1773749700,24658.7,24684.2,24651.3,24678.5
1773750600,24678,24708.5,24677.6,24694.4
1773751500,24694.3,24703.5,24684.6,24700.8
1773752400,24700.9,24743.7,24698.4,24743.6
1773753300,24743.3,24791.8,24734,24767.6
1773754200,24767.4,24841.1,24731.9,24828.1
1773755100,24827.8,24880.3,24822.9,24859.5
1773756000,24859,24863.2,24793.5,24794.1
1773756900,24793.3,24847.6,24764.2,24831.7
1773757800,24830.2,24859.1,24806.7,24854.3
1773758700,24854.4,24858.8,24835.6,24844
1773759600,24845.1,24857.9,24783.1,24795.9
1773760500,24795.8,24823.6,24777.4,24778.4
1773761400,24779.6,24801.6,24722.2,24766.2
1773762300,24765.4,24782.9,24753.9,24760.5
1773763200,24759.8,24770.5,24715.7,24747.1
1773764100,24747,24795.4,24742.8,24780
1773765000,24779.9,24793.5,24758.9,24793.5
1773765900,24793.4,24795.5,24764.8,24765.5
1773766800,24766.5,24807.2,24765.5,24784.9
1773767700,24784.8,24792.8,24773.2,24787.8
1773768600,24787.2,24805.6,24777.1,24782.3
1773769500,24782.4,24813.6,24766.4,24804.5
1773770400,24803.6,24827,24792.8,24805.5
1773771300,24805.7,24812.5,24771,24772.4
1773772200,24772.1,24779.6,24760.7,24763.4
1773773100,24763.5,24786.9,24760.5,24771.8
1773774000,24771,24786.8,24749.5,24773
1773774900,24772.9,24793.8,24768.3,24775.5
1773775800,24776.2,24784.6,24764.3,24768.7
1773776700,24768.9,24795.1,24764.3,24778.1
1773777600,24778.3,24796.4,24772.4,24793.9
1773778500,24794.4,24796.7,24787.8,24790
1773779400,24790.1,24794,24788.7,24791.1
1773780300,24791,24795.65,24787.1,24794.5
1773781200,24792.8,24792.8,24786.1,24786.7
1773782100,24787,24789.6,24787,24788
1773783000,24787.8,24788.3,24786.2,24786.9
1773783900,24786.4,24787.3,24785.2,24785.2
1773784800,24785,24791.4,24771.7,24782.5
1773785700,24782.6,24784.2,24769.2,24774.9
1773786600,24774.7,24780.3,24758.8,24765.8
1773787500,24766,24781.7,24761.5,24776.4
1773788400,24776.3,24780.3,24767,24777.3
1773789300,24777.4,24795,24773.8,24776.9
1773790200,24776.8,24786.9,24769,24775.8
1773791100,24775.9,24781,24770.9,24774.2
1773792000,24774.7,24822.7,24767.9,24822.3
1773792900,24822.2,24826.1,24805.8,24815.5
1773793800,24815.7,24826.6,24808.7,24823.9
1773794700,24823.7,24852.6,24822.9,24849.6
1773795600,24849.8,24867.3,24849.8,24859.5
1773796500,24859.6,24867.9,24857.1,24859.7
1773797400,24859.6,24866.6,24855.3,24863
1773798300,24862.9,24866,24851.4,24865.9
1773799200,24865.6,24881.4,24863.5,24875.6
1773800100,24875.7,24898.4,24873,24892.9
1773801000,24893,24900.2,24888.6,24889.7
1773801900,24889.8,24897.3,24882.6,24888.2
1773802800,24888.1,24892.5,24876.7,24892.2
1773803700,24892.1,24898.2,24886.6,24889.6
1773804600,24889.7,24894.2,24885.8,24890.5
1773805500,24890.6,24914.4,24890.6,24905.5
1773806400,24905,24914.9,24905,24912.2
1773807300,24912.4,24916.2,24904.2,24907.9
1773808200,24908,24909.5,24899.4,24903.6
1773809100,24903.7,24917.2,24901.5,24908.4
1773810000,24908.5,24922.1,24903.9,24918.9
1773810900,24918.8,24931.1,24917.5,24928.8
1773811800,24928.5,24937,24927.4,24931.6
1773812700,24931.7,24939.6,24928.2,24936.7
1773813600,24936.8,24954.6,24934.6,24943.5
1773814500,24943.9,24978.6,24938.9,24972.1
1773815400,24971.9,24975.3,24954.1,24955.1
1773816300,24955,24957.9,24947.4,24949.7
1773817200,24949.8,24956.7,24941.3,24946.9
1773818100,24946.8,24954.6,24934.6,24943.3
1773819000,24943.4,24950.4,24936.8,24947.8
1773819900,24947.9,24948.9,24927.7,24931.8
1773820800,24931.6,24955,24928.1,24947.7
1773821700,24947.8,24953.7,24929.4,24930.9
1773822600,24931,24942.2,24924,24932.3
1773823500,24932.2,24953.3,24929.1,24940.3
1773824400,24940.2,24952.7,24928.5,24930
1773825300,24929.9,24958.8,24928.8,24954.1
1773826200,24954.2,24959.9,24948.1,24956.3
1773827100,24956.4,24958.8,24937.4,24938.8
1773828000,24938.6,24953.3,24933.6,24951.2
1773828900,24951.3,24965.5,24948.1,24956.7
1773829800,24956.6,24963.7,24945.4,24949.8
1773830700,24949.7,24953.4,24928.1,24931.5
1773831600,24931,24942.3,24915.8,24935
1773832500,24934.9,24945.2,24875.3,24877.5
1773833400,24878,24919.1,24868.3,24912.8
1773834300,24912.7,24915,24879.9,24883
1773835200,24882.9,24888.5,24801.6,24819.3
1773836100,24819.7,24822.9,24772.3,24794.1
1773837000,24796.2,24797.7,24676,24695.7
1773837900,24695.6,24706.5,24641.9,24653.7
1773838800,24653.5,24684.6,24635.9,24672.6
1773839700,24673,24709.2,24648.9,24700.8
1773840600,24701.1,24761.4,24675.9,24725
1773841500,24725.2,24769.4,24702.1,24741.5
1773842400,24741.7,24757.3,24666,24666.4
1773843300,24666.1,24697.2,24585.9,24595.3
1773844200,24595.1,24645.6,24592.6,24607.3
1773845100,24607.2,24658.3,24594.8,24657.6
1773846000,24657.5,24705.6,24638.1,24678.3
1773846900,24678.4,24687.1,24635.2,24662.8
1773847800,24663.2,24691.2,24655.9,24668.7
1773848700,24668.5,24691.4,24650.2,24674.6
1773849600,24672.8,24683.8,24640.5,24677
1773850500,24677.2,24684.4,24652.4,24660.3
1773851400,24659.9,24667.9,24603.2,24625.5
1773852300,24625.6,24650.9,24614.2,24620.1
1773853200,24618.5,24621.2,24569.8,24579
1773854100,24579.1,24609.6,24572.9,24605.7
1773855000,24606.2,24644.4,24586.3,24623.3
1773855900,24623.4,24658.2,24620.6,24653.4
1773856800,24653,24689.4,24629.7,24645.7
1773857700,24645.8,24646.2,24598.8,24629.2
1773858600,24629.3,24636.8,24561.5,24587.6
1773859500,24586.9,24593.9,24514.4,24517.5
1773860400,24517.4,24576.4,24512.2,24538.5
1773861300,24537.9,24542.5,24485.1,24497.1
1773862200,24497.2,24518,24448.1,24459.7
1773863100,24459.9,24468.8,24417.1,24428.2
1773864000,24427.5,24456.9,24392.1,24400.3
1773864900,24402,24403.1,24341.5,24354.7
1773865800,24354.8,24388.3,24354.8,24384.3
1773866700,24384.2,24406,24380.5,24383.3
1773867600,24383.5,24434.9,24379,24396.5
1773868500,24396.6,24417.6,24395.7,24412.6
1773869400,24412.8,24423.9,24409.1,24423.1
1773870300,24423,24431.7,24413.5,24416.3
1773871200,24398.5,24404.8,24365.1,24370.8
1773872100,24370.7,24389.5,24355.4,24359.8
1773873000,24359.7,24366.2,24339.7,24359.6
1773873900,24359.5,24374.9,24357.7,24371.1
1773874800,24371.3,24397,24370.7,24387.2
1773875700,24387.6,24401,24381.1,24400
1773876600,24399.8,24422.9,24394.5,24403.5
1773877500,24404.5,24406.9,24373.8,24395.9
1773878400,24395.7,24422.2,24380.1,24405.7
1773879300,24405.6,24411.5,24374,24403.7
1773880200,24403.6,24411.8,24367,24367.5
1773881100,24367.6,24399.4,24365.5,24396.4
1773882000,24396.9,24403.9,24382,24397
1773882900,24397.1,24419,24393.3,24415.8
1773883800,24415.6,24443.1,24408.8,24431.9
1773884700,24432,24447.8,24415.6,24418.3
1773885600,24418.8,24464.5,24377.6,24455.5
1773886500,24455.4,24484.5,24449.7,24472.5
1773887400,24472.6,24501.7,24471.7,24493.6
1773888300,24493.4,24494.5,24465.5,24474.5
1773889200,24474.6,24492.2,24474.6,24487.4
1773890100,24487.3,24490.1,24470.3,24471.9
1773891000,24472.1,24473.3,24451.9,24456.7
1773891900,24457.5,24465.6,24442.1,24442.5
1773892800,24442.3,24442.6,24414.8,24422.5
1773893700,24422.3,24427,24413.1,24418
1773894600,24417.8,24426.7,24394.1,24405.5
1773895500,24403.9,24410.4,24388.2,24407.9
1773896400,24408,24418.3,24398.9,24413.1
1773897300,24413,24426,24391.8,24394.1
1773898200,24394,24400.3,24354,24360.4
1773899100,24359.4,24398.5,24357.4,24374.4
1773900000,24374.6,24406.2,24368.1,24394.6
1773900900,24393.6,24416.9,24379.8,24381.3
1773901800,24381.2,24388.7,24351.8,24381.5
1773902700,24381.6,24386.9,24361.2,24382.8
1773903600,24382.7,24390.7,24337.5,24352.2
1773904500,24352.1,24405.4,24352,24367.9
1773905400,24368.1,24373.7,24333.6,24344.7
1773906300,24345,24369.9,24321.5,24335.4
1773907200,24335.8,24372,24318,24356.6
1773908100,24358.6,24371.8,24317.8,24327.7
1773909000,24327.8,24343.8,24283.9,24285.9
1773909900,24285.5,24350.4,24282.8,24323.5
1773910800,24323.7,24370.2,24323.7,24348.1
1773911700,24349.2,24374.8,24279.8,24294.1
1773912600,24294.2,24348,24289.6,24323.3
1773913500,24323.4,24428,24317.9,24405.3
1773914400,24405.2,24405.2,24375.4,24381.4
1773915300,24381.6,24389.7,24369,24385.5
1773916200,24385.4,24395.5,24348.9,24362.2
1773917100,24361.9,24375.5,24350,24369.7
1773918000,24369.8,24391.9,24341.3,24362.7
1773918900,24362.2,24365.3,24306.2,24325.4
1773919800,24325.3,24335.7,24287.6,24291.4
1773920700,24292.1,24331.3,24287.8,24325.6
1773921600,24324.1,24335.2,24256.9,24297.9
1773922500,24297.7,24313.5,24235.4,24254.7
1773923400,24254.3,24291.9,24224.9,24277.8
1773924300,24277.9,24277.9,24201.9,24224.3
1773925200,24224.5,24234.5,24188.5,24193.4
1773926100,24193.3,24286.7,24182.8,24207.9
1773927000,24207.7,24230.5,24105.8,24209.5
1773927900,24209.6,24301.8,24171,24283.9
1773928800,24283.1,24326.7,24250.7,24276.9
1773929700,24276.8,24288.1,24189.4,24209.5
1773930600,24209.3,24323.2,24205.6,24248.4
1773931500,24248.1,24305.4,24232.1,24271.4
1773932400,24272.4,24360.7,24263.3,24335.9
1773933300,24335.4,24345.2,24226.8,24242
1773934200,24243.9,24245.9,24183,24195.4
1773935100,24196.1,24258.1,24181.5,24257.8
1773936000,24256.2,24304.3,24235.4,24251.8
1773936900,24252.3,24263.6,24217,24250.8
1773937800,24251,24283.8,24221.3,24264.9
1773938700,24265.1,24269.9,24206.5,24237
1773939600,24237.5,24246.7,24162.8,24173.6
1773940500,24173.5,24247.4,24164.1,24232.7
1773941400,24231.3,24251.3,24193.8,24210.6
1773942300,24210.9,24264.2,24198.4,24236.5
1773943200,24234.7,24302.9,24205.6,24290.8
1773944100,24291.2,24299.4,24248.6,24249.7
1773945000,24250,24254.1,24204.2,24211.1
1773945900,24211.2,24307.6,24201.4,24292.1
1773946800,24289.8,24472.8,24287.2,24439
1773947700,24439.1,24457.2,24356.1,24378.3
1773948600,24378.1,24395.9,24326.4,24370.3
1773949500,24370.1,24382.7,24343.8,24357.9
1773950400,24356.3,24395.1,24343.2,24391.6
1773951300,24391.7,24412.4,24391.4,24403
1773952200,24402.9,24403.5,24390.1,24402.5
1773953100,24402.4,24406.3,24390.9,24396.7
1773954000,24397.6,24411.2,24397,24408.7
1773954900,24409.8,24420,24409.4,24420
1773955800,24419.8,24427.9,24419.2,24422.9
1773956700,24423.1,24424.4,24418.1,24420.8
1773957600,24413.2,24437.1,24383.8,24396.7
1773958500,24396.6,24424.5,24392.5,24418.9
1773959400,24419.1,24427.8,24412.6,24418.3
1773960300,24418.1,24426.8,24400.7,24423
1773961200,24422.9,24445.6,24419.2,24423.5
1773962100,24423,24424.8,24395.8,24402.5
1773963000,24402.3,24413.6,24392.1,24395
1773963900,24394.9,24422.4,24391.7,24407.1
1773964800,24407.2,24430,24373.1,24424.4
1773965700,24424.5,24425.6,24368.7,24382.6
1773966600,24382.4,24398.8,24368.8,24382.2
1773967500,24382.3,24396.6,24376.8,24385.6
1773968400,24385.5,24421,24378.6,24411.6
1773969300,24412.1,24412.8,24380.4,24401.5
1773970200,24401.4,24440.6,24401,24437.9
1773971100,24437.7,24447.5,24395.8,24404.7
1773972000,24405.7,24425.3,24398.9,24419.9
1773972900,24420,24425.1,24408.2,24410.8
1773973800,24410.9,24418.2,24398.6,24415.4
1773974700,24415.5,24428.7,24407,24407
1773975600,24406.8,24412.5,24395.3,24402
1773976500,24402.1,24406.5,24383.8,24397.6
1773977400,24397.7,24416.4,24389.7,24395.7
1773978300,24395.8,24402.6,24390.7,24398.1
1773979200,24398.3,24409.3,24393.3,24397.7
1773980100,24397.8,24398.7,24377.5,24389
1773981000,24388.9,24392.9,24377.2,24378.7
1773981900,24378.8,24382.9,24372,24373.9
1773982800,24374,24374,24345.8,24361.2
1773983700,24361.3,24387.3,24359.6,24382.8
1773984600,24382.7,24388.3,24368.7,24384.2
1773985500,24384.4,24390.2,24374,24380.2
1773986400,24379.5,24391.7,24367.6,24376.6
1773987300,24376.5,24376.5,24337.9,24345.8
1773988200,24345.6,24358.3,24323.3,24336.6
1773989100,24336.7,24336.8,24305.8,24317.4
1773990000,24317.3,24317.3,24269.5,24307.7
1773990900,24307.8,24351.2,24305.8,24341.8
1773991800,24341.6,24387,24338.4,24386.7
1773992700,24386.5,24394.8,24377.6,24380.9
1773993600,24381.1,24401.7,24362.4,24400.3
1773994500,24400.1,24403.5,24352,24352
1773995400,24352.1,24390.5,24343.8,24358
1773996300,24358.5,24371.9,24340.1,24345.5
1773997200,24346.6,24372.4,24325.4,24330
1773998100,24329.8,24333.1,24281.6,24287.9
1773999000,24288,24308.9,24252.9,24268.8
1773999900,24268.9,24270.8,24195.2,24219.8
1774000800,24219.6,24227.3,24107.7,24139.1
1774001700,24139.6,24157.2,24119,24148.9
1774002600,24149,24217.7,24147.8,24204.7
1774003500,24204.9,24206.2,24182,24194
1774004400,24194.1,24255,24186.1,24238.5
1774005300,24238.2,24255.1,24229,24239.9
1774006200,24240,24250.3,24214.1,24230.5
1774007100,24230.7,24235.4,24197.2,24230.7
1774008000,24232.6,24285.3,24212.2,24261.8
1774008900,24261.7,24283.3,24230.8,24280.9
1774009800,24279.4,24282,24226.8,24248.6
1774010700,24248.4,24288.6,24237.1,24283.4
1774011600,24283.3,24296.9,24245.3,24254.6
1774012500,24254.4,24314.3,24251,24280
1774013400,24277.3,24277.55,24167,24240.4
1774014300,24240.5,24256,24067.1,24073.4
1774015200,24073,24115.2,24027.5,24043.3
1774016100,24043.4,24084.1,24037.5,24058
1774017000,24058.2,24113.9,24052.9,24072
1774017900,24071.9,24092.9,24021.2,24059.7
1774018800,24059.2,24107.4,24025.8,24093.7
1774019700,24093.4,24131.6,24036.3,24054.3
1774020600,24055.6,24092.6,24045.7,24085.2
1774021500,24085.1,24110.9,24060.7,24100.9
1774022400,24100.8,24144,24091.1,24125.9
1774023300,24126,24144.5,24088.9,24093
1774024200,24094.2,24095.2,24042.5,24054.6
1774025100,24054.4,24088.2,24024.9,24061.3
1774026000,24061.5,24080.3,24014.2,24043.3
1774026900,24043.2,24053.4,24018.4,24025.6
1774027800,24024.4,24031.4,23955.9,23975.2
1774028700,23975.4,24007.7,23957.8,24001.7
1774029600,24000.3,24009.8,23965.7,23975.2
1774030500,23975.4,23979.6,23903.3,23935.9
1774031400,23935.8,23942.5,23876,23880.1
1774032300,23880.3,23892.8,23859.5,23880.7
1774033200,23881.4,23904.3,23852.9,23873.3
1774034100,23873.5,23885.9,23835,23845.1
1774035000,23845,23859.6,23757.6,23837.4
1774035900,23837.5,23900,23802.3,23900
1774036800,23900.1,23937,23880.4,23930.7
1774037700,23930.5,23932.5,23909.6,23919.1
1774038600,23919.2,23963.2,23915.1,23957.1
1774039500,23956.9,24005.6,23956.9,24000.9
1774040400,24000.7,24000.7,24000.7,24000.7
1774216800,23718,23808.3,23708.6,23757.9
1774217700,23757.8,23883.6,23756,23854.9
1774218600,23854.8,23881.5,23807.7,23815.9
1774219500,23816,23858.1,23815.2,23831.2
1774220400,23831.3,23871,23830.6,23864.3
1774221300,23864.2,23870.5,23818.6,23823.4
1774222200,23823.3,23839,23812.1,23826.7
1774223100,23826.6,23827.6,23762.6,23792.7
1774224000,23793.9,23858.4,23760.6,23843.9
1774224900,23844.1,23877.7,23820.3,23838.7
1774225800,23839,23844.5,23741.7,23776.8
1774226700,23777,23782,23727.8,23737.2
1774227600,23737.5,23793.6,23723.8,23780.9
1774228500,23781.1,23824,23776.9,23814.8
1774229400,23815,23860,23799.6,23850.4
1774230300,23850.5,23858.8,23822.3,23831.2
1774231200,23831.3,23852.7,23814.7,23820.6
1774232100,23821.1,23855.6,23809.1,23831
1774233000,23831.3,23834.3,23798.2,23802.3
1774233900,23802.2,23804.4,23776.7,23795.7
1774234800,23795.8,23815.1,23764.3,23766.5
1774235700,23766.7,23791.7,23760.2,23780.9
1774236600,23781,23790.5,23759.7,23774.5
1774237500,23774.6,23779.9,23736.9,23741.7
1774238400,23741.6,23758.6,23733.1,23755.7
1774239300,23755.9,23782.6,23752.8,23777.3
1774240200,23777.5,23790.9,23771.3,23771.9
1774241100,23771.8,23791.3,23764.5,23783.4
1774242000,23783.2,23821.2,23780.6,23802.7
1774242900,23802.5,23810.3,23767,23772.7
1774243800,23772.8,23789.5,23725.8,23752.4
1774244700,23752.7,23766.8,23722.3,23760.4
1774245600,23760.1,23764.4,23702.6,23721.8
1774246500,23721.9,23736.7,23708.5,23715.9
1774247400,23716,23716.2,23658,23658.1
1774248300,23658,23673.4,23613.5,23643.5
1774249200,23642.6,23701,23620.5,23681.2
1774250100,23681.1,23683.7,23559.8,23587.7
1774251000,23587.5,23625.2,23577.6,23623.6
1774251900,23623.5,23666.5,23610,23629.8
1774252800,23629.7,23712.9,23628.6,23705.1
1774253700,23705.2,23714.4,23670.7,23685.1
1774254600,23685,23738.8,23679.1,23704.7
1774255500,23703.5,23742.4,23700.7,23719.2
1774256400,23719.3,23736,23684.2,23723.7
1774257300,23723.5,23758.5,23704.4,23719.7
1774258200,23719.8,23723,23631.6,23658.8
1774259100,23658.6,23679.6,23644.5,23669.9
1774260000,23669.7,23716.1,23661.8,23686.7
1774260900,23686.6,23695.1,23630.7,23639.3
1774261800,23639.4,23674,23622.1,23642.6
1774262700,23642.5,23713.9,23602.6,23667.3
1774263600,23667.5,24548.6,23663.1,24511.1
1774264500,24510.2,24531.1,24247.5,24299.7
1774265400,24301.2,24482.8,24296.4,24314.4
1774266300,24314.5,24332.9,24156.6,24178
1774267200,24178.6,24268.8,24131.3,24186.5
1774268100,24185.3,24309.8,24183.8,24283.9
1774269000,24283.8,24359,24239.1,24354.4
1774269900,24354,24408.6,24313.1,24397.7
1774270800,24397.5,24430.7,24326.7,24338.9
1774271700,24338.5,24358,24273.8,24281.1
1774272600,24280.8,24354.6,24219.1,24283.5
1774273500,24284.1,24394.9,24274.5,24387.8
1774274400,24387.9,24410.3,24315.3,24392.1
1774275300,24391.9,24474.9,24389.8,24423.6
1774276200,24424.1,24442.1,24383.4,24388.6
1774277100,24389.9,24435.1,24366.1,24397.3
1774278000,24397.6,24475.9,24388.6,24449.9
1774278900,24450.1,24456.6,24385.2,24399.5
1774279800,24399.4,24418.9,24305.7,24325.2
1774280700,24325.7,24325.7,24157.9,24168.4
1774281600,24168.8,24252.2,24165.6,24235.7
1774282500,24235.9,24243.2,24091.3,24101.4
1774283400,24102.8,24188,24096.2,24178.1
1774284300,24177.4,24209.1,24131.4,24151.4
1774285200,24152.7,24175.5,24126.2,24140.3
1774286100,24140.2,24156.1,24097.1,24143.9
1774287000,24143.6,24255.8,24139.1,24199.1
1774287900,24199.3,24258.1,24174.6,24252.8
1774288800,24251.9,24270.8,24201.8,24240.1
1774289700,24240.4,24252,24216.5,24229.7
1774290600,24230.2,24320.9,24230,24288.3
1774291500,24288.2,24309,24280.4,24296.6
1774292400,24296.3,24300.4,24274.8,24277.6
1774293300,24277.1,24285.4,24242.1,24258.2
1774294200,24258.8,24279.8,24250.4,24279
1774295100,24279.6,24297.9,24181.1,24181.1
1774296000,24181,24198.5,24141.5,24194.2
1774296900,24194.3,24206.7,24180.9,24194.2
1774297800,24194.3,24216,24182.1,24206.6
1774298700,24206.7,24208.6,24174,24182.8
1774299600,24184.7,24198.2,24182.4,24192.9
1774300500,24192.8,24196,24192.2,24194.7
1774301400,24194.9,24200.2,24194.6,24198.4
1774302300,24198.8,24200.1,24196,24199.5
1774303200,24200.9,24215.5,24160,24207.3
1774304100,24207.2,24224.1,24198.8,24216.6
1774305000,24216.5,24231.8,24198.4,24228.6
1774305900,24228.7,24274.4,24224.5,24266.5
1774306800,24266.4,24267.2,24245.1,24256.3
1774307700,24256.1,24262.2,24248.1,24251.8
1774308600,24251,24258.8,24236.8,24257.1
1774309500,24257,24258.3,24213.1,24242.5
1774310400,24242.2,24242.6,24154.8,24155.6
1774311300,24155.4,24184.6,24086.4,24173.8
1774312200,24173.7,24184.9,24052.8,24104.4
1774313100,24104.3,24127.8,24097.9,24108.7
1774314000,24108.6,24113.1,24043.2,24067.1
1774314900,24067,24102.2,24041.1,24089.1
1774315800,24088.9,24088.9,24023.9,24029.1
1774316700,24028.9,24051.4,24017.5,24049.2
1774317600,24048.9,24053,24007.8,24025.3
1774318500,24025.4,24079.8,24024,24061.1
1774319400,24061.4,24069.1,24041.1,24063.8
1774320300,24064,24076.4,24032.1,24035.7
1774321200,24035.6,24044,24019.6,24034.7
1774322100,24034.6,24068.3,24031.9,24058
1774323000,24057.7,24059.8,24016.9,24047.2
1774323900,24046.9,24062.7,24037.5,24060.7
1774324800,24060.6,24089.4,24060.6,24080.8
1774325700,24080.9,24081.1,24042,24044.8
1774326600,24044.9,24050.7,24027,24031.3
1774327500,24031.4,24058.2,24028.9,24043.3
1774328400,24043.5,24046.9,23988,24017.8
1774329300,24018.2,24090.7,23978.5,23984.1
1774330200,23984.2,24052.8,23980,24039.4
1774331100,24039.2,24053.7,24032.2,24046.4
1774332000,24046.6,24083.3,24044.1,24078.4
1774332900,24078.2,24130.4,24072.8,24108.9
1774333800,24108.6,24148.2,24108.5,24139.3
1774334700,24140.8,24181.8,24126,24162.3
1774335600,24162.2,24286.1,24156.2,24267.8
1774336500,24267.7,24290.7,24239.9,24252.6
1774337400,24252.3,24259.1,24218.8,24243.3
1774338300,24243.2,24257.5,24226,24250.7
1774339200,24252.6,24276.4,24235.4,24258.3
1774340100,24258.2,24275.6,24176.4,24182.7
1774341000,24181.7,24209.9,24167.2,24175.3
1774341900,24175.2,24207.7,24146.3,24162.8
1774342800,24162.7,24185.6,24089.5,24092.4
1774343700,24092.3,24152.3,24089.7,24143.5
1774344600,24143.2,24181.3,24128,24175.2
1774345500,24175.1,24214.9,24149,24205.2
1774346400,24205.7,24219.4,24159,24208.2
1774347300,24208.3,24216.5,24169.4,24173.8
1774348200,24173.4,24212.6,24153.5,24201.4
1774349100,24201.9,24212.6,24167.7,24192
1774350000,24192.2,24207.9,24160.5,24196.4
1774350900,24196.5,24198.4,24152.4,24170.8
1774351800,24170.7,24176.8,24151,24154.5
1774352700,24155,24201.6,24083.1,24167.9
1774353600,24168,24181.5,24105.9,24129
1774354500,24128,24160.4,24113.3,24141.1
1774355400,24141.2,24144.6,24051.5,24057.4
1774356300,24057.2,24092.5,24049.9,24065.6
1774357200,24065.8,24080.1,23990.3,24039.7
1774358100,24039.8,24055.1,24010,24040.9
1774359000,24041,24102.4,23925.5,23962.1
1774359900,23962.3,24013,23919.9,24000.6
1774360800,24000.4,24065.6,23961.9,24007.8
1774361700,24007.1,24031.6,23966.5,23990.9
1774362600,23989.7,24036.5,23968.4,24035.5
1774363500,24035.6,24127.9,23971.6,24027.7
1774364400,24028.3,24104.9,24025.7,24098.2
1774365300,24098.9,24172,24094.1,24128.7
1774366200,24128.1,24151.1,24088.6,24130.5
1774367100,24129.6,24164.9,24072.8,24082
1774368000,24082.6,24100.3,24053.7,24077.8
1774368900,24077.6,24133.3,24075.3,24118.2
1774369800,24118.4,24125.1,24033.6,24078.8
1774370700,24079.2,24105.7,24045.9,24069.1
1774371600,24069.3,24083.3,23958.5,23977.8
1774372500,23977.7,23996,23956.2,23991.6
1774373400,23990.1,24017.5,23951.4,23960.1
1774374300,23959.7,24042.7,23952.7,24034.1
1774375200,24034.3,24065.2,24013.7,24028.4
1774376100,24028.5,24064.6,23999,24049.9
1774377000,24049.6,24137.5,24037.8,24084.4
1774377900,24084.2,24100.1,24046.6,24064.1
1774378800,24064.5,24104.2,24063.8,24103.3
1774379700,24103.8,24107.4,24054.3,24056.2
1774380600,24055.9,24069.5,24013.1,24031.7
1774381500,24031.3,24031.3,23978.7,24006.5
1774382400,24006.4,24027.2,24001.8,24024.9
1774383300,24024.8,24335.6,24013.4,24211.8
1774384200,24211.9,24326.2,24183.3,24216.8
1774385100,24216.9,24236.2,24162.7,24190.6
1774386000,24189.9,24198.2,24162.7,24185.1
1774386900,24185.3,24202.7,24185.3,24189.1
1774387800,24189.3,24197.6,24184,24197.1
1774388700,24197,24223.8,24195.2,24210.2
1774389600,24207.5,24246.5,24206.5,24216.5
1774390500,24216.7,24216.9,24170.1,24188.8
1774391400,24188.9,24216.8,24188.7,24212.4
1774392300,24212.6,24221.7,24199.1,24217.8
1774393200,24217.7,24222.8,24193.4,24207
1774394100,24207.2,24233.3,24207.2,24220.3
1774395000,24220.5,24229.6,24202.1,24205.3
1774395900,24205.2,24212.1,24198.5,24204.8
1774396800,24204.7,24243.7,24174.8,24233.3
1774397700,24233.2,24244.4,24205.5,24217.3
1774398600,24217.4,24283.7,24179.5,24262.8
1774399500,24263.1,24268.1,24238.5,24240.1
1774400400,24239.8,24258.2,24225.4,24229.3
1774401300,24229.4,24250.7,24218.7,24234.5
1774402200,24234.4,24239.8,24201.2,24210.5
1774403100,24210.3,24217.6,24183,24188.1
1774404000,24187.7,24192.3,24142,24146.8
1774404900,24147,24168.1,24145.2,24162
1774405800,24161.9,24170,24149.2,24155.3
1774406700,24155.1,24166.5,24124.2,24129
1774407600,24128.9,24148.6,24117.5,24123.2
1774408500,24123.4,24134.6,24110.7,24130.4
1774409400,24130.5,24158.4,24126.2,24149.5
1774410300,24149.3,24180.1,24149.3,24172.2
1774411200,24172.1,24194.6,24166.3,24192
1774412100,24192.3,24210.7,24183.7,24203.9
1774413000,24204,24211.4,24195.3,24198.2
1774413900,24198.1,24212.4,24183.4,24209.7
1774414800,24209.6,24220,24193.3,24213.7
1774415700,24213.8,24214,24193.2,24197.9
1774416600,24198,24216.2,24195.8,24211.9
1774417500,24211.8,24215,24163.9,24173.4
1774418400,24173.2,24174.6,24146.9,24155.1
1774419300,24154.8,24162.1,24132.8,24136.4
1774420200,24136.3,24149.1,24114.7,24144.3
1774421100,24146.8,24180.4,24140.5,24168.1
1774422000,24168,24194,24144.1,24184.9
1774422900,24185.3,24190.8,24144.9,24156
1774423800,24155.8,24195.4,24150.9,24185
1774424700,24184.9,24209.4,24182.1,24198.3
1774425600,24198.4,24290.4,24198.4,24288.1
1774426500,24288,24326.3,24284.4,24295.4
1774427400,24295.6,24315.9,24261.3,24281.8
1774428300,24282.1,24291.3,24215.8,24231.5
1774429200,24231.6,24272,24212.6,24266.5
1774430100,24265.3,24269,24228.7,24240
1774431000,24240.1,24257.3,24229.9,24232.8
1774431900,24232.9,24270.6,24203.9,24244.8
1774432800,24244.9,24278.4,24241.4,24253.1
1774433700,24253.2,24264.4,24232.1,24233.7
1774434600,24233.5,24248.8,24218.2,24220.4
1774435500,24220.3,24253.6,24217.1,24237.7
1774436400,24238.6,24274.6,24236.5,24264.3
1774437300,24264.4,24291,24256,24278.5
1774438200,24278.8,24312.3,24274.8,24302.1
1774439100,24302,24302.4,24231.6,24285.2
1774440000,24285.1,24331.1,24285.1,24314.6
1774440900,24314.8,24317.9,24187.4,24222
1774441800,24221.6,24246.2,24164.4,24219
1774442700,24219.4,24266.7,24202.1,24238.5
1774443600,24239.2,24276.6,24212,24241.4
1774444500,24241.5,24245.8,24217.1,24221.8
1774445400,24221.5,24316.2,24217.7,24242.9
1774446300,24243.2,24258.3,24152.5,24158.7
1774447200,24158.9,24252.4,24119.4,24249.1
1774448100,24249,24298.7,24231.3,24269.7
1774449000,24271.3,24304.2,24249.2,24282.8
1774449900,24283.3,24310.9,24266.8,24275.2
1774450800,24272.8,24282.9,24175.1,24176.1
1774451700,24176.4,24220,24076.7,24218.6
1774452600,24217.4,24234.6,24133.4,24160
1774453500,24160.1,24183.2,24137.4,24168.6
1774454400,24168.5,24176.8,24122.1,24150.2
1774455300,24150.1,24230.4,24135.1,24204.7
1774456200,24203.8,24240.2,24185,24227.2
1774457100,24227.3,24232.3,24186.2,24211.2
1774458000,24211.3,24231.5,24168.1,24204.6
1774458900,24204.1,24236.3,24173.5,24221.2
1774459800,24219.5,24281.7,24199.2,24256.4
1774460700,24257.4,24257.8,24191.7,24214.9
1774461600,24214.8,24229.8,24196.7,24219.6
1774462500,24219.7,24242.2,24201.4,24202.9
1774463400,24203.8,24212.4,24176.8,24187.5
1774464300,24186.6,24193.8,24113.4,24144.9
1774465200,24144.8,24145.7,24102.2,24141.8
1774466100,24142,24182.3,24138.8,24145.3
1774467000,24144.8,24150.9,24117,24132.8
1774467900,24132.6,24180.7,24125.3,24161.5
1774468800,24161.2,24181.8,24157.2,24162.2
1774469700,24162.1,24170.8,24141.4,24142
1774470600,24142.3,24154.7,24140.1,24151.7
1774471500,24151.8,24162.6,24148,24156.4
1774472400,24154.7,24156.1,24152.3,24152.3
1774473300,24152.1,24156.4,24147.4,24156.3
1774474200,24156.1,24162.4,24155.1,24156.3
1774475100,24156.1,24156.9,24151.6,24151.7
1774476000,24162.7,24164.1,24121.6,24130.7
1774476900,24130.8,24132,24110,24114.5
1774477800,24114.7,24130.8,24112.8,24129.3
1774478700,24129.2,24138.3,24104.9,24105.5
1774479600,24105.4,24122.5,24102.4,24104.5
1774480500,24103.5,24107.7,24084.3,24103.4
1774481400,24103.2,24109.1,24086.5,24086.5
1774482300,24087.4,24124.8,24075.6,24114.4
1774483200,24114.7,24136.8,24109.7,24136.8
1774484100,24137,24201.8,24133.9,24183
1774485000,24182.8,24197.4,24169.3,24169.8
1774485900,24169.9,24178.8,24135.5,24147.6
1774486800,24147.8,24174.7,24143.4,24152.9
1774487700,24152.8,24155.7,24123.6,24139.2
1774488600,24139.3,24158.1,24130.6,24140.8
1774489500,24140.9,24157.4,24140.3,24153.1
1774490400,24152.9,24170.6,24140,24150.9
1774491300,24151,24156,24108.7,24114.6
1774492200,24114.8,24122,24041.7,24075.9
1774493100,24076,24090.7,24069.6,24077.3
1774494000,24077.2,24107.9,24074.6,24107.4
1774494900,24107.1,24138.4,24100.2,24129
1774495800,24128.9,24213.8,24127.2,24191.6
1774496700,24191.5,24195.4,24166.9,24171.3
1774497600,24171.7,24177.7,24151.8,24159.8
1774498500,24159.7,24164.1,24146.2,24152.6
1774499400,24152.7,24159.6,24143.3,24145.5
1774500300,24145.6,24148.9,24109.3,24118
1774501200,24118.1,24133.3,24080.8,24095.7
1774502100,24095.6,24100.2,24053.7,24070.3
1774503000,24070.2,24086.6,24061.3,24066.7
1774503900,24066.6,24069.6,24044.4,24048
1774504800,24048.3,24059.2,24030.7,24038
1774505700,24038.4,24079.3,24024.9,24073.6
1774506600,24073.9,24082.4,24058.7,24071.9
1774507500,24071.3,24087.9,24060.1,24082.5
1774508400,24082.1,24090.9,24029.6,24046.1
1774509300,24046.2,24072,23994.5,24047.5
1774510200,24047.4,24063,24029,24047.4
1774511100,24047.5,24066.4,24045.4,24051.2
1774512000,24051.1,24078.8,23996.9,24000.2
1774512900,24000.3,24025.4,23980.6,23985.4
1774513800,23986.9,24010.4,23963.6,23966.9
1774514700,23967,23995.4,23946.1,23985.5
1774515600,23985.2,23989.3,23947.4,23963.8
1774516500,23963,23965.6,23942,23946.4
1774517400,23946.5,23946.5,23900.6,23933.1
1774518300,23933.3,23958.8,23920.6,23948
1774519200,23947.8,23988.8,23925.2,23978.1
1774520100,23978,23995,23964.4,23987.8
1774521000,23987.7,23994.2,23941.8,23955
1774521900,23954.9,23975.5,23950.3,23968.5
1774522800,23968.4,23981.5,23953.6,23957.9
1774523700,23957.8,23968.2,23917.8,23937.2
1774524600,23937.3,23944.5,23910.1,23917.2
1774525500,23917.1,23927.9,23890.6,23896
1774526400,23896.6,23936.8,23873.9,23930.2
1774527300,23931,23940.8,23920.4,23927.5
1774528200,23926.5,23926.5,23866.8,23884.8
1774529100,23884.7,23914.2,23884.7,23909.2
1774530000,23909.1,23937.9,23903.3,23926.6
1774530900,23926.7,23951.9,23918.5,23949
1774531800,23949.8,23950,23858.9,23949
1774532700,23949.2,24024.4,23934.5,24009.4
1774533600,24008.9,24035.4,23962.8,24007.2
1774534500,24007,24025,23964.9,23966.6
1774535400,23967.9,24021,23913.1,23919.9
1774536300,23919.3,23934.9,23832.2,23898.4
1774537200,23898.5,23926.3,23879.6,23891.4
1774538100,23891.6,23898.2,23864.8,23882.3
1774539000,23882.5,23889.9,23847.9,23878
1774539900,23878.6,23923.4,23870.3,23891.1
1774540800,23890,23898.6,23852.9,23879.7
1774541700,23879.6,23879.6,23799.1,23805.3
1774542600,23805.4,23813.5,23778.7,23796.7
1774543500,23796.6,23805.2,23768.9,23795.7
1774544400,23795.4,23815.6,23762.2,23765.7
1774545300,23765.3,23781.5,23731.7,23753.7
1774546200,23754.2,23771.5,23717.8,23721.4
1774547100,23721.5,23727.8,23650.4,23660.7
1774548000,23661.1,23700.3,23659.9,23676.6
1774548900,23677,23687.5,23645.4,23649.8
1774549800,23650.6,23681,23649.6,23660.8
1774550700,23660.9,23690.6,23651.2,23683.3
1774551600,23684.8,23688.3,23625.4,23639.6
1774552500,23639.4,23660.4,23622.7,23643.2
1774553400,23643.9,23648.3,23610.1,23615.1
1774554300,23615.2,23622.6,23577,23590.4
1774555200,23589.3,23824.5,23562.7,23701.8
1774556100,23701.6,23725.5,23616.9,23665.5
1774557000,23665.4,23702.2,23655.1,23679.2
1774557900,23679.1,23684,23612.9,23620.1
1774558800,23620.5,23665.1,23620.5,23662.4
1774559700,23669,23669.3,23643.3,23647.3
1774560600,23647.7,23661.1,23645.5,23651.9
1774561500,23650.9,23657.1,23645,23653.1
1774562400,23625.9,23680.4,23625.9,23678.2
1774563300,23678.3,23689.9,23645.2,23670.7
1774564200,23670.5,23695.5,23654.9,23670.2
1774565100,23670.3,23693.8,23662.3,23676.3
1774566000,23676.2,23686.4,23659,23663.5
1774566900,23663.4,23678.3,23647.8,23657.4
1774567800,23657.2,23690.5,23656.6,23683.3
1774568700,23683.2,23699.4,23675.3,23683.3
1774569600,23683.4,23714.4,23682.9,23686
1774570500,23686.1,23688.9,23628.5,23644.5
1774571400,23644.4,23655.3,23614.5,23625.2
1774572300,23625.3,23639.5,23613.1,23625.8
1774573200,23625.3,23660.5,23613.2,23653.3
1774574100,23653.4,23672.5,23643.4,23671.7
1774575000,23671.9,23681.9,23666.8,23671.3
1774575900,23671.6,23679,23658.3,23679
1774576800,23679.1,23692.7,23672.1,23672.8
1774577700,23672.9,23674.6,23651.6,23668.4
1774578600,23668.3,23688,23664.1,23670.3
1774579500,23670.6,23680.8,23657.4,23661.2
1774580400,23661,23674.5,23646,23656.6
1774581300,23656.7,23659.2,23646.8,23656.2
1774582200,23656.3,23700.5,23654.6,23690.2
1774583100,23690,23704.8,23684,23701.7
1774584000,23701.5,23703.7,23688.6,23693.2
1774584900,23693.5,23708.7,23693,23699.4
1774585800,23699.3,23713.2,23696.3,23708.9
1774586700,23708.8,23728.2,23706.4,23722.4
1774587600,23722.5,23782,23721.4,23777.7
1774588500,23777.6,23782.7,23734.4,23748.3
1774589400,23748.1,23753.7,23732.7,23739.2
1774590300,23739.1,23750.2,23731.4,23734.8
1774591200,23734.9,23744.4,23717.8,23740
1774592100,23740.2,23762.2,23739.8,23752.2
1774593000,23752.1,23752.1,23723,23729.4
1774593900,23728.4,23728.7,23702.1,23712.9
1774594800,23714.2,23714.4,23682.5,23694.7
1774595700,23694.4,23694.4,23662.9,23667.4
1774596600,23667.5,23689.5,23660.6,23681.3
1774597500,23681.2,23700.5,23671,23678.8
1774598400,23679.1,23701.1,23627,23643.4
1774599300,23643.6,23653.6,23598.3,23602.5
1774600200,23602.4,23630.2,23580.8,23602.9
1774601100,23603,23613.3,23577.4,23585.6
1774602000,23585.1,23596.5,23516.1,23548.9
1774602900,23548.8,23605.6,23544.5,23595.8
1774603800,23595.9,23620.5,23576.8,23591.3
1774604700,23591.2,23591.5,23538.1,23545.9
1774605600,23545.5,23574.5,23529.6,23537.7
1774606500,23537.8,23554.9,23528,23537.8
1774607400,23538,23549.5,23481.1,23497.7
1774608300,23497.6,23499.2,23438.6,23456.9
1774609200,23458.6,23466.4,23414.4,23441.7
1774610100,23441.8,23463.3,23439.5,23459.3
1774611000,23459.4,23470.3,23445.6,23465
1774611900,23464.9,23496.4,23460,23471.4
1774612800,23471.5,23475.2,23418.3,23437.4
1774613700,23437.3,23464.4,23432.5,23456.8
1774614600,23456.2,23462.5,23418.2,23440.5
1774615500,23440.3,23449.6,23403.2,23421
1774616400,23421.1,23426.2,23381.8,23395.6
1774617300,23395.8,23467,23393.5,23462.1
1774618200,23461.1,23471.1,23343.4,23397.5
1774619100,23397.4,23453.9,23278.9,23290.1
1774620000,23290.5,23348.8,23268.9,23329.8
1774620900,23330.2,23365.9,23282.9,23284
1774621800,23284.2,23314.3,23254.9,23273.9
1774622700,23274,23344.1,23247.1,23318
1774623600,23318.1,23363.5,23305,23305.9
1774624500,23306.3,23378.1,23269,23367.7
1774625400,23367.9,23422.1,23333.4,23356.3
1774626300,23356.8,23391.6,23351.4,23364.3
1774627200,23363.9,23371.2,23307.2,23331.8
1774628100,23332.5,23333.9,23289.2,23297.7
1774629000,23297.4,23305.3,23259.4,23289.4
1774629900,23289.2,23328.8,23282.7,23288.4
1774630800,23289.5,23342.2,23260.3,23280.6
1774631700,23280.9,23282.8,23193.5,23196.1
1774632600,23195.3,23224,23178,23184.1
1774633500,23183.8,23197,23160.8,23174.6
1774634400,23173.8,23179.6,23141.2,23160.2
1774635300,23160.9,23190.7,23151.6,23176.6
1774636200,23178,23209.9,23163.9,23181.3
1774637100,23181.4,23184.4,23143.2,23154.3
1774638000,23155.3,23167.8,23125.9,23151
1774638900,23150.8,23176.9,23139.9,23146.3
1774639800,23147.4,23166.2,23117.7,23129.4
1774640700,23129.5,23167.2,23086.4,23126.3
1774641600,23125.5,23147,23090.8,23097.3
1774642500,23097.1,23102.1,23048.4,23074.7
1774643400,23074.8,23091.9,23058.7,23076.4
1774644300,23076.5,23093.7,23065.6,23069.5
1774821600,23005.9,23034.2,22954,23014.5
1774822500,23015,23061.2,23003.3,23036.4
1774823400,23036.5,23057.9,22991.7,22993.2
1774824300,22993.3,23033.2,22973.4,23026.5
1774825200,23026.3,23042,22991.3,22997.8
1774826100,22997.9,23011.1,22977.5,22986.1
1774827000,22986.4,22988.1,22945.9,22972.4
1774827900,22972.6,22982.1,22928.1,22946.8
1774828800,22946.9,22972,22913.1,22957.2
1774829700,22957.1,23081.6,22936.5,23039.7
1774830600,23039.5,23058,22965.6,22979.8
1774831500,22979.7,22991.6,22946.6,22968.7
1774832400,22968.8,23005.1,22965.5,22980.7
1774833300,22980.8,22992.7,22955.6,22981.5
1774834200,22981.6,23025.1,22977.2,23024.1
1774835100,23024.2,23028.2,23011.3,23019.5
1774836000,23019.3,23050,23019.3,23047.3
1774836900,23046.2,23049.1,23013.6,23019
1774837800,23018.9,23061.8,23015.5,23057
1774838700,23057.2,23093.5,23053.2,23070.6
1774839600,23070.7,23114.1,23068.7,23102.6
1774840500,23102.7,23125.6,23101.3,23111.7
1774841400,23111.8,23117.5,23099.8,23111.4
1774842300,23111.3,23119.4,23098.6,23113.5
1774843200,23113.7,23132,23107.2,23121.5
1774844100,23121.4,23171.3,23119.5,23156.6
1774845000,23156.7,23172.9,23141.1,23144.4
1774845900,23144.5,23148.9,23133,23139
1774846800,23138.9,23178.3,23138,23155.1
1774847700,23155.3,23175.3,23154.4,23160
1774848600,23160.1,23174.5,23146.9,23151.6
1774849500,23151.4,23176.7,23140.6,23164.8
1774850400,23165.2,23191.5,23156.5,23170.3
1774851300,23170.5,23203.3,23170.5,23187
1774852200,23187.6,23214,23186.8,23208.2
1774853100,23208.5,23234.9,23199.9,23210.1
1774854000,23209,23224.7,23183.7,23210
1774854900,23209.9,23215.9,23182.9,23200.3
1774855800,23200.4,23216,23178.6,23200.1
1774856700,23200.2,23232.6,23197.3,23216.1
1774857600,23215.4,23244.6,23193.4,23238.8
1774858500,23238.7,23253.8,23225.2,23245.3
1774859400,23245.1,23264.4,23236.9,23251.4
1774860300,23251.2,23269.2,23236.8,23262.3
1774861200,23261.3,23269.4,23237.8,23241.7
1774862100,23241.6,23258.5,23214.3,23227.8
1774863000,23227.9,23241.9,23208.2,23217.1
1774863900,23216.9,23230.7,23209.5,23221.7
1774864800,23222.5,23235.7,23212.2,23218.1
1774865700,23218.2,23232.7,23211.9,23224.2
1774866600,23224.4,23225.2,23193.2,23204.1
1774867500,23204,23234.8,23201.4,23229.5
1774868400,23230.8,23258.3,23225.1,23249.1
1774869300,23249,23388.8,23242.8,23306.8
1774870200,23306.9,23323.9,23268.5,23284.3
1774871100,23284.5,23300.4,23267.6,23277
1774872000,23279.4,23291.5,23255.8,23284.6
1774872900,23284.7,23328,23277.2,23318.8
1774873800,23318.7,23343.2,23312.5,23327.1
1774874700,23326.9,23329.1,23309.3,23324.2
1774875600,23324.4,23341.6,23300.9,23322.1
1774876500,23322,23339.7,23315.9,23325.7
1774877400,23326.5,23356.1,23194,23213.3
1774878300,23213.2,23223.9,23111.7,23121.5
1774879200,23120.9,23201.4,23117.4,23185.5
1774880100,23186,23195.8,23134,23144.7
1774881000,23144.9,23171.6,23078,23089.6
1774881900,23089.9,23194,23086.9,23192.9
1774882800,23193.1,23250.6,23128.6,23133.8
1774883700,23133.9,23174.9,23099.1,23145
1774884600,23144.9,23225.9,23128.7,23216.8
1774885500,23217.1,23248,23182.9,23189.1
1774886400,23189.2,23194.8,23123.4,23151.2
1774887300,23151,23151.4,23088.8,23090.5
1774888200,23090.3,23131.2,23082.9,23115.4
1774889100,23115.1,23126.1,23091.9,23102.7
1774890000,23102.6,23121,23059.9,23062.4
1774890900,23062.6,23070.6,23008.1,23012.9
1774891800,23012.7,23049.5,22984.5,23044.3
1774892700,23044.4,23069.5,23009,23027
1774893600,23026.9,23028.1,22988.5,23008.1
1774894500,23008.2,23026,22969.3,22970.4
1774895400,22970.5,23010.5,22968.9,22971.8
1774896300,22971.7,22985.3,22929.9,22936.3
1774897200,22936.7,22946,22853.2,22862
1774898100,22862.1,22880,22840.2,22853.9
1774899000,22853.8,22905.9,22841.6,22897.7
1774899900,22897.6,22982.5,22894.7,22954.3
1774900800,22952.9,22961.8,22907.7,22910.9
1774901700,22909.4,22921.1,22908.2,22916.7
1774902600,22916.9,22922.1,22909.4,22921
1774903500,22921.2,22924.4,22914.6,22922.3
1774904400,22922.1,22928.7,22920.4,22925
1774905300,22924.9,22931.2,22923.9,22924.5
1774906200,22924.4,22931,22920.8,22923.8
1774907100,22923.9,22923.9,22919.9,22921.7
1774908000,22932.3,22966,22929.4,22937
1774908900,22936.9,22950.1,22932.8,22941.8
1774909800,22941.9,22944.8,22922.8,22926
1774910700,22926.2,22936.9,22917.1,22920.3
1774911600,22920,22920,22842.6,22865.9
1774912500,22865.7,22887.6,22854.5,22875.2
1774913400,22875.3,22878.2,22854.6,22859.6
1774914300,22859.5,22865.8,22843.1,22863.7
1774915200,22864.1,22901.2,22827.4,22841
1774916100,22841.2,22846.8,22780.2,22832.1
1774917000,22832.3,22980,22810.6,22977.5
1774917900,22977.4,23102.6,22971.3,23021
1774918800,23021.5,23060.6,22979.6,23008.9
1774919700,23008.7,23144.7,23004.1,23133.2
1774920600,23133,23216.6,23130.8,23183.3
1774921500,23183.2,23193.7,23155,23158.5
1774922400,23158.2,23165.6,23141.2,23155.9
1774923300,23156.4,23184.4,23152,23166.7
1774924200,23166.5,23175.2,23143.3,23169.8
1774925100,23169.1,23222.4,23163.8,23164.8
1774926000,23164.4,23215.3,23159.2,23200.1
1774926900,23200,23203.5,23166.6,23169.9
1774927800,23170,23178.5,23148.8,23150.7
1774928700,23150.5,23162.9,23131.1,23138.8
1774929600,23138.9,23151.1,23131.3,23145.6
1774930500,23145.7,23161,23113.2,23120.1
1774931400,23120.3,23138.9,23112.7,23124.9
1774932300,23125,23133.1,23097.1,23103.3
1774933200,23103.1,23105.2,23066.4,23067.6
1774934100,23067.5,23122.6,23052.8,23107
1774935000,23106.5,23135.4,23098,23125.8
1774935900,23126.1,23156.7,23118.4,23128.1
1774936800,23128.2,23132.8,23084.7,23095.7
1774937700,23095.8,23138.5,23089.1,23107.4
1774938600,23107.1,23122.2,23084.4,23090.7
1774939500,23090.8,23127.4,23083.7,23111.8
1774940400,23111.3,23129.3,23067.5,23083.3
1774941300,23083.4,23100.9,23057,23091.4
1774942200,23091.9,23160,23091.9,23155.1
1774943100,23155.2,23189.8,23148.6,23188.5
1774944000,23185.4,23209.5,23159.1,23164.1
1774944900,23164.3,23182.5,23141.3,23147.2
1774945800,23146.1,23155.1,23127.7,23134.1
1774946700,23134.2,23156.6,23112.2,23130.9
1774947600,23131.8,23170.3,23126.6,23151.7
1774948500,23151.6,23170.1,23136.6,23141.3
1774949400,23141.6,23154.7,23121.7,23136.3
1774950300,23136.4,23152.6,23111.6,23124.7
1774951200,23124.5,23151.4,23122.3,23136.7
1774952100,23136.9,23143.7,23114.1,23132.8
1774953000,23133,23139.8,23056.2,23066.4
1774953900,23066.5,23112.7,23057.8,23101.9
1774954800,23102.2,23216.5,23081.7,23152.5
1774955700,23152.4,23202.9,23141.6,23167.2
1774956600,23166.6,23200.5,23144,23198.2
1774957500,23198.4,23200.5,23156.6,23177.3
1774958400,23177.6,23246.2,23147.9,23152.2
1774959300,23151.8,23231.8,23130.2,23219.7
1774960200,23219.8,23254.8,23209.5,23239.7
1774961100,23240,23245,23186.9,23188.4
1774962000,23190.3,23211.6,23175.7,23198.8
1774962900,23199.1,23223.3,23192.7,23200.6
1774963800,23200.4,23284.7,23199.2,23233.7
1774964700,23233.8,23389.6,23233.8,23384.1
1774965600,23384.2,23396.2,23312.3,23341
1774966500,23340.8,23393.3,23319.3,23382.5
1774967400,23383,23403.1,23294.8,23307.9
1774968300,23308,23320.1,23194.5,23226.3
1774969200,23227.2,23366.1,23226.8,23360.8
1774970100,23360.7,23375.2,23299.1,23307.5
1774971000,23308,23337.6,23276,23299.7
1774971900,23299.6,23326.6,23258.9,23262.9
1774972800,23264,23349.6,23254.2,23331.6
1774973700,23330.3,23383.5,23330.3,23366.1
1774974600,23365.7,23672.2,23347.4,23595.1
1774975500,23594.3,23638.1,23513,23588.8
1774976400,23588.7,23676.4,23576,23644.1
1774977300,23643.9,23690.8,23609,23620.6
1774978200,23620.2,23687.4,23577.8,23598.5
1774979100,23599.1,23636.1,23562.6,23575.5
1774980000,23576.4,23644.4,23575.5,23631.2
1774980900,23631.4,23663.9,23609.5,23641.9
1774981800,23643.2,23681.3,23621.1,23652.8
1774982700,23652.9,23687.8,23652.6,23672.3
1774983600,23671.9,23702.6,23650.7,23696.5
1774984500,23696.3,23726.1,23689.3,23699.3
1774985400,23700.7,23737.6,23693.8,23725.7
1774986300,23724.3,23791.7,23699.7,23729.9
1774987200,23732,23750.4,23684.4,23743.4
1774988100,23742.1,23761,23736.2,23758.1
1774989000,23757.9,23762.4,23722.1,23726.7
1774989900,23726.2,23733.9,23710.5,23721.6
1774990800,23721.4,23723.8,23719.4,23719.4
1774991700,23719.5,23722.4,23710.7,23717.5
1774992600,23716.9,23719.5,23715.1,23718.3
1774993500,23717.8,23724.9,23715.3,23716.8
1774994400,23716.5,23787.1,23700.1,23779.3
1774995300,23779.4,23792,23754.1,23777.6
1774996200,23777.2,23792.3,23757.3,23780
1774997100,23780.2,23784.1,23765.2,23777.7
1774998000,23776,23781.4,23761.3,23773.2
1774998900,23773.3,23803.7,23766.7,23795.9
1774999800,23795.3,23838.7,23792.1,23806.6
1775000700,23806.8,23865.2,23799.6,23855.1
1775001600,23854.7,23867.1,23838.2,23853.4
1775002500,23853.5,23855.5,23823.8,23840.3
1775003400,23840.4,23843.9,23811.9,23838.3
1775004300,23837.4,23855.1,23829.9,23854.4
1775005200,23854.5,23861.9,23793.6,23818
1775006100,23818.2,23833.6,23799.8,23830.2
1775007000,23830,23832.1,23785.3,23795.6
1775007900,23795.7,23804.1,23785.4,23796.8
1775008800,23797,23815.2,23788.7,23794.6
1775009700,23794.5,23800.6,23784,23788.1
1775010600,23787.8,23793.7,23774.8,23790.7
1775011500,23790.8,23801.8,23784,23785.4
1775012400,23785.6,23807.1,23782.6,23800.6
1775013300,23800.5,23803.4,23787.9,23793.2
1775014200,23793,23810.1,23793,23806.1
1775015100,23805.9,23810.4,23795.5,23801.6
1775016000,23801.7,23810.6,23798.5,23801.4
1775016900,23801.5,23826.5,23797.3,23825.6
1775017800,23826,23831.1,23817.6,23825.6
1775018700,23825.7,23840.4,23819.4,23831.1
1775019600,23831.2,23864.2,23825.2,23861
1775020500,23860.9,23892.6,23854.1,23869.7
1775021400,23869.9,23883.7,23848.7,23871.6
1775022300,23871.7,23881.3,23856.8,23858.8
1775023200,23860,23900.7,23858.4,23897.5
1775024100,23897.3,23945.6,23893.7,23937.4
1775025000,23937.3,23987.3,23931.2,23986.7
1775025900,23986.6,23996.4,23971.7,23986.7
1775026800,23986.8,24000.7,23959.1,23969.5
1775027700,23969.4,23970.4,23950.4,23964.9
1775028600,23964.7,23998.1,23961.8,23987.1
1775029500,23986.7,23987.7,23893.6,23897.6
1775030400,23897.7,23914.2,23853.6,23866.2
1775031300,23866.1,23924.9,23861.7,23899
1775032200,23898.3,23916.7,23895.2,23909.5
1775033100,23909.3,23921.7,23845.5,23889.9
1775034000,23890.5,23902.6,23848.2,23857.1
1775034900,23857.2,23862.5,23823,23849.2
1775035800,23849.3,23874.6,23847.4,23867.7
1775036700,23867.6,23909.3,23866.6,23888
1775037600,23888.1,23906.7,23868.4,23889.9
1775038500,23889.8,23906,23875.1,23885.4
1775039400,23885,23912.7,23882.1,23908.7
1775040300,23908.9,23958.5,23908,23946.6
1775041200,23946.7,23977.1,23940.7,23974.2
1775042100,23973.9,23982.8,23960.1,23968.7
1775043000,23968.6,24005.7,23964.5,23997.1
1775043900,23997.2,24023.6,23988.5,24007.8
1775044800,24008.6,24012.7,23981.6,23986
1775045700,23985.2,23995,23942.4,23962.5
1775046600,23962.2,24061.2,23924.5,23996.8
1775047500,23998,24047.6,23869.1,23881.2
1775048400,23880.7,23902.5,23854.8,23885.1
1775049300,23885,23920.3,23873.8,23908.4
1775050200,23907.9,24013,23863.1,23916.2
1775051100,23916,23960.1,23879.4,23936.1
1775052000,23937.2,23993.4,23927,23980.6
1775052900,23979.5,24024.6,23968.9,24001.8
1775053800,24003.5,24055.2,23948,24020.7
1775054700,24021.2,24084.4,23992.3,24075.1
1775055600,24074.5,24100.8,24066.2,24079.7
1775056500,24079.4,24097.6,24061.8,24063.1
1775057400,24063.6,24106,24043.6,24102.5
1775058300,24102.6,24141.3,24093.5,24128.2
1775059200,24127.9,24141.8,24112.1,24116.9
1775060100,24116.7,24145.3,24110.8,24119.1
1775061000,24119.2,24141.1,24103.7,24138.8
1775061900,24138.7,24145.8,24127.1,24133.3
1775062800,24133.2,24162.7,24129.2,24156.3
1775063700,24156.4,24161.4,24144.6,24146.1
1775064600,24146.3,24156.3,24119.3,24125.7
1775065500,24125.8,24131.1,24080.5,24081.9
1775066400,24081.4,24088,24030.4,24040.9
1775067300,24041,24041.6,23954.2,23967.5
1775068200,23967.3,24019.1,23938.3,23993.4
1775069100,23993.5,24000.2,23961.4,23973.4
1775070000,23974.3,24017,23968.5,24007.5
1775070900,24007.8,24062.2,23996.3,24050.5
1775071800,24050.7,24070.7,24019,24046.2
1775072700,24046,24059.8,23990.4,24018.8
1775073600,24018.1,24033.7,23997.5,24022
1775074500,24021.8,24023.3,23993.9,23998.6
1775075400,23998.7,24015,23995.9,24007
1775076300,24006.9,24019.8,24003.1,24004.6
1775077200,24004.8,24013.8,24003,24007.1
1775078100,24006.9,24009.8,23998.7,24001
1775079000,23999.1,24012.2,23998.5,24012.1
1775079900,24012.2,24014.4,24008.7,24009.6
1775080800,24008.9,24030.9,23999.3,24011.4
1775081700,24011.6,24022.5,23995,24018.6
1775082600,24018.5,24026.7,24007.6,24021.2
1775083500,24021.1,24021.2,23982.6,23996
1775084400,23997.4,24026.8,23988.1,24024.1
1775085300,24024,24026.7,24012.9,24026
1775086200,24026.2,24026.3,24010.1,24019.7
1775087100,24020,24025.6,23983.6,24007.5
1775088000,24007.9,24009,23983.6,23993.6
1775088900,23993.8,24011.8,23983.7,23990.4
1775089800,23990.3,24053.7,23979.6,24050.5
1775090700,24050.6,24071.8,24032.3,24062.7
1775091600,24062.2,24065.9,23911.4,23967.6
1775092500,23967.7,23971.7,23788.6,23801.1
1775093400,23799.9,23805.7,23739.3,23776.1
1775094300,23775.9,23787.5,23737.6,23768.6
1775095200,23768.2,23792.2,23686.5,23700.7
1775096100,23700.4,23729.6,23692,23692.1
1775097000,23692.3,23710.9,23682.8,23697.5
1775097900,23697.6,23720.3,23690.3,23710.8
1775098800,23710.7,23711.1,23677,23697.2
1775099700,23697.3,23720,23695.9,23706.5
1775100600,23706.4,23710.8,23654.5,23673
1775101500,23672.9,23674.4,23640.6,23646.8
1775102400,23646.9,23663.6,23634.2,23648.7
1775103300,23648.9,23667.2,23637,23643.7
1775104200,23643.9,23654.4,23625.3,23639.3
1775105100,23639.2,23644.7,23620.5,23630.3
1775106000,23630.4,23651.9,23628.6,23632.6
1775106900,23632.4,23641.8,23620.4,23641.2
1775107800,23641.3,23652.4,23602.1,23608.1
1775108700,23608.2,23611.2,23580.2,23581.8
1775109600,23582,23616.2,23578.1,23586.1
1775110500,23586.2,23621.3,23578.8,23615.7
1775111400,23615.5,23631.7,23608.4,23618.5
1775112300,23618.3,23644.8,23607.8,23640.8
1775113200,23640.9,23662.5,23629.5,23645.2
1775114100,23645.1,23664.8,23620.2,23649.1
1775115000,23648.9,23677.1,23643.4,23668.1
1775115900,23668.2,23706.4,23668,23702.9
1775116800,23703.2,23707.6,23665.2,23669.6
1775117700,23669.5,23680.8,23648,23662.6
1775118600,23662.4,23694,23662.3,23672.7
1775119500,23672.8,23683.4,23656.6,23659.4
1775120400,23659.7,23673.4,23648.5,23652.7
1775121300,23652.4,23685.3,23650.7,23674.6
1775122200,23674.4,23674.8,23645.9,23653
1775123100,23652.9,23664.4,23645.1,23654.9
1775124000,23654.7,23666.3,23610.9,23614
1775124900,23613.3,23621.6,23601.3,23606.4
1775125800,23606.3,23643.3,23600.1,23632.4
1775126700,23632.2,23645.4,23621.8,23637.6
1775127600,23637.5,23647.8,23583.2,23585.4
1775128500,23585.3,23587,23548.6,23552.8
1775129400,23552.1,23576.6,23525.7,23535.6
1775130300,23535.5,23557.2,23507.3,23509.4
1775131200,23509,23526.5,23491.5,23516.4
1775132100,23516.6,23559.5,23510.3,23551.6
1775133000,23551.7,23572.9,23537.3,23566.6
1775133900,23566.8,23583.6,23547.7,23551.4
1775134800,23552.3,23577.1,23533.3,23546.8
1775135700,23546.7,23593.6,23543.3,23586.7
1775136600,23587.1,23644.1,23503.8,23535.6
1775137500,23536,23733.1,23521.6,23722.6
1775138400,23723.2,23789.8,23685.2,23760.8
1775139300,23760.9,23831.8,23756.7,23771.2
1775140200,23770.1,24089,23759.7,24028.5
1775141100,24028.4,24038.3,23910.8,24000
1775142000,23998.9,24038.1,23930.2,24005
1775142900,24005.1,24029,23942.9,24003.1
1775143800,24004.7,24036.4,23963.1,24008.9
1775144700,24010.9,24011.3,23913.8,23960.3
1775145600,23959.5,23990.1,23906.3,23936.1
1775146500,23936.4,23950,23881.9,23911
1775147400,23911.4,23998.5,23892.9,23967.6
1775148300,23967.5,23983.9,23943.7,23945.5
1775149200,23944.6,23991.2,23922.5,23980.5
1775150100,23980.1,24005.1,23974,23986.6
1775151000,23986.7,23992.5,23949.5,23962.1
1775151900,23962.4,23964.6,23889.1,23915.9
1775152800,23915.8,23970.2,23915.7,23949.7
1775153700,23949.9,23961.6,23924.3,23932.3
1775154600,23932.5,23973.2,23925.9,23963.7
1775155500,23963.8,23989.5,23957.3,23964.3
1775156400,23963.8,24005.4,23962.3,23986
1775157300,23985.9,23991.1,23959.7,23971.3
1775158200,23971.4,23993.6,23962.3,23967.9
1775159100,23968.4,24052.3,23962.2,24046.6
1775160000,24048.1,24055.7,24025.6,24037.9
1775160900,24038.1,24059.2,24028,24052
1775161800,24051,24055.3,24029.8,24041.1
1775162700,24041.6,24048.9,24033.3,24042.4
1775163600,24040.1,24042.2,24038.1,24039.8
1775164500,24039.9,24039.9,24033.2,24033.2
1775165400,24033.1,24038.9,24032,24036.1
1775166300,24035.7,24036.2,24029.7,24031.1
1775167200,24031.8,24042.8,24020.4,24023.3
1775168100,24023.4,24043.4,24005.3,24033.1
1775169000,24033.2,24043.8,24028.2,24031.4
1775169900,24031.3,24035.1,24026.9,24029.4
1775170800,24029.3,24030.6,24016.3,24021
1775171700,24021.1,24038,24019.2,24033.7
1775172600,24034,24041.4,24031.4,24038.6
1775173500,24038.7,24040.6,24029.6,24038
1775174400,24038.2,24081.4,24038.2,24065.2
1775175300,24065.1,24065.7,24046.3,24062.1
1775176200,24062,24064.7,24038.8,24044.2
1775177100,24044,24052.8,24040.4,24050.8
1775178000,24050.9,24057.8,24033.3,24037.8
1775178900,24037.7,24048.1,24034.4,24043.8
1775179800,24044,24046.3,24031.9,24034.4
1775180700,24034.5,24035.9,24022.6,24024.5
1775181600,24024.7,24027.4,24017.8,24026.5
1775182500,24026.7,24031.4,23990,23994.1
1775183400,23994.9,23998.9,23982.5,23993.1
1775184300,23994.5,24022.1,23978.2,24006
1775185200,24006.1,24017.9,24002.9,24006.3
1775186100,24006.4,24013,23997,23998.5
1775187000,23998.7,24006.4,23986.5,23990
1775187900,23989.9,24000.2,23988.8,23993.2
1775188800,23993.1,24004.2,23989.7,24000.8
1775189700,24000.9,24009.9,23999,24004
1775190600,24004.1,24006.4,23982.2,23986.4
1775191500,23986.3,24002.3,23985.9,23992.9
1775192400,23992.8,24014.5,23988.6,24006.5
1775193300,24006.7,24007.2,23985.4,23996.3
1775194200,23996.4,24017,23996.4,24013.3
1775195100,24013.2,24018.7,24003.1,24008.1
1775196000,24007.9,24010.6,24002.7,24005.3
1775196900,24005.4,24008.8,23993.7,23998.5
1775197800,23998.4,23999,23972.3,23979.1
1775198700,23979,23990,23964.8,23979.6
1775199600,23979.5,23981.1,23945.6,23954
1775200500,23954.2,23975.8,23953.4,23974.7
1775201400,23974.5,23988.9,23974.4,23985
1775202300,23984.9,23986,23975.5,23981.1
1775203200,23981.2,23993.3,23978.8,23984.1
1775204100,23984.2,23987.5,23968.5,23973
1775205000,23972.9,23983.7,23969.5,23977.6
1775205900,23977.7,23983.5,23972.3,23975.6
1775206800,23975.7,23979.2,23961.4,23963.2
1775207700,23963.3,23976.8,23958.7,23970.2
1775208600,23970.3,23974.3,23967.1,23969
1775209500,23968.9,23972.2,23964.1,23966.6
1775210400,23966.7,23971.1,23954.1,23961.3
1775211300,23961.2,23969.8,23957.3,23960.9
1775212200,23961,23967.8,23955.1,23964
1775213100,23963.9,23971,23962.5,23965.7
1775214000,23965.2,23967.7,23939.2,23958
1775214900,23958.2,23979,23953.4,23977.6
1775215800,23977.7,23985.3,23972.2,23974.3
1775216700,23974.2,23982.3,23972.1,23977.7
1775217600,23977.5,24005.7,23975.6,23987.7
1775218500,23987.6,23997.9,23955.5,23991.7
1775219400,23990.4,24079,23954.6,23989.7
1775220300,23989.5,23995.6,23937.8,23944.4
1775221200,23944.5,23963.7,23931.9,23957.5
1775222100,23957.6,23960.5,23956,23960.5
1775426400,23891.8,23900,23809.3,23854.4
1775427300,23854.2,23899.7,23839.7,23889.8
1775428200,23889.6,23911.4,23863.8,23887.4
1775429100,23887.3,23925.7,23873.8,23908.4
1775430000,23908.6,23920.9,23868.9,23896.8
1775430900,23896.9,23916.9,23883.9,23897.3
1775431800,23897.4,23913.1,23897.4,23898.9
1775432700,23899.1,23919.9,23897.2,23919.3
1775433600,23919.2,24002.9,23915.9,23992.3
1775434500,23991.9,24032.6,23982.5,24000.6
1775435400,24000.5,24031.9,23999.7,24027
1775436300,24026.5,24044.1,24017.4,24036.7
1775437200,24036.8,24053.3,24036.1,24045.5
1775438100,24045.6,24068.7,24024.3,24062.2
1775439000,24062,24063.5,24036.7,24048.8
1775439900,24048.9,24052.6,24012.4,24021.6
1775440800,24021.7,24103.1,24016.2,24088.8
1775441700,24088.7,24154.3,24081.4,24139.9
1775442600,24140.1,24145.6,24082.3,24091.4
1775443500,24091.3,24098.2,24050.6,24051.6
1775444400,24050.8,24059.1,24022.1,24024.8
1775445300,24024.9,24038.7,23961.2,24014.8
1775446200,24014.7,24027.2,24004,24024
1775447100,24024.2,24045.1,24020.4,24039.9
1775448000,24040,24066.2,24035.9,24054.9
1775448900,24055.1,24063.2,24047.6,24056.5
1775449800,24056.3,24086.1,24051.2,24081.7
1775450700,24081.6,24090.5,24071.8,24080.7
1775451600,24081.1,24097.4,24078.9,24089.7
1775452500,24089.8,24095.2,24079.4,24079.4
1775453400,24079.9,24083.3,24051.3,24056.1
1775454300,24056.2,24066.2,24042,24060.5
1775455200,24060.1,24106.4,24047.9,24102.7
1775456100,24102.5,24103.3,24050.4,24055.7
1775457000,24055.4,24067,24045.2,24059.9
1775457900,24059.8,24119.2,24047.6,24085.6
1775458800,24085.5,24090.1,24036.3,24055.6
1775459700,24055.7,24083,24054.4,24067.4
1775460600,24067.3,24112.1,24063.8,24102.9
1775461500,24103,24154.4,24100,24138.2
1775462400,24138,24165.9,24137.9,24156.6
1775463300,24156.5,24189.2,24143.5,24178.1
1775464200,24178,24221.4,24173.2,24217
1775465100,24216.9,24219,24192.3,24197.4
1775466000,24197.5,24225.5,24195.5,24207
1775466900,24207.1,24224.2,24197.2,24210.7
1775467800,24210.6,24216.5,24197.5,24201.4
1775468700,24201.3,24207.1,24160.6,24166
1775469600,24166.1,24188.6,24154.8,24177.5
1775470500,24178.6,24181.7,24155.7,24173.3
1775471400,24173.1,24184.7,24164.3,24173.8
1775472300,24173.4,24175,24093.5,24143.2
1775473200,24143.3,24144.7,24111.5,24117.8
1775474100,24118,24140.7,24110.6,24130.6
1775475000,24130.7,24143.3,24122,24125
1775475900,24124.9,24145.9,24122.5,24134
1775476800,24133.9,24138.9,24123,24132.5
1775477700,24132.2,24146,24116.2,24138.9
1775478600,24139,24157.6,24129,24144.6
1775479500,24144.7,24166.3,24130.6,24135
1775480400,24135.4,24142.6,24102.6,24135.7
1775481300,24135.8,24141.5,24085.8,24091.7
1775482200,24091.6,24200.2,24074.9,24159.8
1775483100,24159.6,24243.2,24158.5,24241.8
1775484000,24241.2,24279.2,24100.2,24183.9
1775484900,24184.2,24220.6,24171.2,24194.7
1775485800,24193.1,24217.1,24115.3,24146
1775486700,24146.1,24155,24092.3,24135.4
1775487600,24135.7,24166.7,24122.2,24142.4
1775488500,24142.5,24152.9,24097.1,24110.1
1775489400,24109.8,24128.3,24082.8,24123.6
1775490300,24123.5,24161.2,24116.1,24152.1
1775491200,24151.3,24157.2,24113.3,24134.1
1775492100,24134.3,24153.5,24123.1,24143
1775493000,24142.9,24176.8,24132.2,24164.3
1775493900,24163.8,24173.6,24131.1,24137.2
1775494800,24138.1,24141.4,24035.6,24059.4
1775495700,24059.1,24143.2,24048.7,24137.2
1775496600,24137.3,24163.4,24110,24122.5
1775497500,24123.2,24123.2,24093.3,24095.8
1775498400,24095.2,24157.1,24076.5,24134.7
1775499300,24134.8,24192.8,24132.8,24170.7
1775500200,24169.9,24185.6,24152.2,24163.5
1775501100,24163.4,24182.6,24160,24178.9
1775502000,24177.5,24182,24157.1,24172.4
1775502900,24172.3,24177.8,24159.6,24165.2
1775503800,24165.5,24177.9,24155.6,24172
1775504700,24172.3,24204.1,24164.7,24192.1
1775505600,24191.95,24198.8,24170.8,24174.4
1775506500,24172.2,24179.3,24162.6,24171.7
1775507400,24171.9,24186.1,24171.9,24177.2
1775508300,24177.5,24179.8,24167.8,24176.6
1775509200,24176.4,24176.4,24171.1,24171.2
1775510100,24171.1,24188.8,24170.9,24184.7
1775511000,24185.3,24188.3,24179.6,24183.6
1775511900,24183.8,24184.6,24175.5,24177.1
1775512800,24179.1,24213.4,24169.7,24203.7
1775513700,24204,24208,24133.2,24153.4
1775514600,24153.5,24159.7,24134.2,24146.9
1775515500,24146.8,24158.3,24134.3,24134.7
1775516400,24134.8,24163.1,24133.4,24160.8
1775517300,24160.7,24163,24140.8,24144.2
1775518200,24144,24153.3,24141.7,24145.8
1775519100,24146,24156.2,24130.2,24130.4
1775520000,24130.2,24153.7,24108.5,24146.6
1775520900,24146.5,24188.5,24145.6,24162.1
1775521800,24162,24167.2,24123.7,24134.6
1775522700,24134.7,24153.6,24129.5,24132.8
1775523600,24133.3,24142.1,24079.1,24088
1775524500,24088.2,24115.8,24087.3,24110.6
1775525400,24110.8,24112.9,24056.3,24060.7
1775526300,24060.8,24071.2,23999.6,24009.5
1775527200,24009.8,24019.8,23983.9,24004.6
1775528100,24004.3,24028.9,23997.1,24024.7
1775529000,24024.6,24040.6,24022.2,24039.6
1775529900,24039.5,24052.2,24031.9,24042.2
1775530800,24042.8,24049.4,24033.3,24044.8
1775531700,24045,24049.7,24023.4,24046.7
1775532600,24046.6,24062.3,24044.3,24059
1775533500,24059.1,24059.9,24048.2,24051.4
1775534400,24051.3,24061.3,24032.7,24035.5
1775535300,24035.4,24072.4,24028.9,24056.6
1775536200,24056.8,24080.4,24056.6,24071.2
1775537100,24071.3,24094.7,24069,24077.2
1775538000,24078.2,24088.4,24071.7,24081.3
1775538900,24081.2,24089.8,24052.8,24056.8
1775539800,24057,24060.1,24036.9,24039.4
1775540700,24039.2,24063.9,24035.8,24058.7
1775541600,24060.5,24070.6,24049.5,24050.5
1775542500,24050.4,24072.1,24038.9,24068.8
1775543400,24069.3,24076.2,24050.7,24067.1
1775544300,24067.2,24074.4,24053.1,24073.8
1775545200,24073.5,24085.9,24054.2,24073.2
1775546100,24073.1,24075,24040.2,24050.1
1775547000,24050,24081,24049.5,24075.8
1775547900,24075.7,24079.7,24055.2,24077.4
1775548800,24077.6,24178.8,24077.1,24145.5
1775549700,24145.7,24199.2,24135.4,24168.6
1775550600,24168.7,24212.8,24164,24194.7
1775551500,24194.6,24202.7,24176.7,24191
1775552400,24190.9,24220.1,24183.4,24205.8
1775553300,24205.7,24243.9,24198.8,24232.3
1775554200,24232.2,24251.3,24216.8,24218.2
1775555100,24217.9,24228.1,24202.6,24216.1
1775556000,24216.2,24229.6,24127.9,24198.8
1775556900,24198.2,24223.7,24147.7,24178.8
1775557800,24178.9,24181.3,24104.1,24120.6
1775558700,24120.5,24122.2,24016.1,24036.6
1775559600,24036.7,24065.5,24026.7,24052.6
1775560500,24052.5,24086.9,24051.8,24055.5
1775561400,24055.4,24060.1,24008.3,24050.7
1775562300,24050.5,24052.4,24032.8,24042.5
1775563200,24043.2,24062.2,23967.2,23997.9
1775564100,23998.3,24075,23970.8,24073.5
1775565000,24074.4,24080.4,24024.5,24036.2
1775565900,24036.3,24111.2,24011.8,24047.6
1775566800,24047.4,24081.6,24032.5,24062.3
1775567700,24062.4,24079.1,24044.6,24074.6
1775568600,24074.4,24134.3,24019.6,24028.5
1775569500,24028.7,24040.7,23950.8,23954
1775570400,23953.3,23961.3,23826.9,23869
1775571300,23868.4,23966.4,23865.1,23942.8
1775572200,23944.1,23977.8,23895.5,23910
1775573100,23910.1,23958.9,23842.7,23844.5
1775574000,23843.5,23853.8,23776,23840.8
1775574900,23840.9,23919.6,23831.6,23901.2
1775575800,23901.6,23927.5,23875.9,23888.7
1775576700,23888.9,23964.7,23885.8,23941
1775577600,23941.7,24071.7,23938.9,23991.5
1775578500,23991.6,24061.8,23981.4,24022.5
1775579400,24023,24045.3,24009.7,24037.6
1775580300,24037.8,24073.1,24031.4,24034.2
1775581200,24035.2,24068.9,24023.6,24033.8
1775582100,24033.9,24045.7,24002.9,24020.5
1775583000,24019.4,24129.8,24014.9,24062.3
1775583900,24062.8,24086.8,24048.9,24058.5
1775584800,24057.7,24070.2,24031.1,24043.3
1775585700,24043.4,24059.4,24019.6,24026.3
1775586600,24027.2,24035.9,23986.5,23998.9
1775587500,23998.8,24003.1,23910.4,23936.8
1775588400,23936.3,23969.2,23918.1,23966.8
1775589300,23967,24129.8,23960.1,24050
1775590200,24049.7,24091.6,24024.8,24072.8
1775591100,24072.6,24211.6,24055.4,24200
1775592000,24200.1,24231.3,24176.4,24222.9
1775592900,24223.7,24245.1,24190.3,24199.1
1775593800,24198.7,24283.3,24196.4,24247.4
1775594700,24247.2,24254.7,24219.1,24227.6
1775595600,24227.4,24237.5,24222.7,24235.2
1775596500,24235.1,24238.6,24230.8,24234.2
1775597400,24234.1,24285.2,24233.8,24282.6
1775598300,24280.9,24299.1,24274.7,24299.1
1775599200,24347.3,24501.9,24339.4,24444.7
1775600100,24444.6,24462.1,24423.6,24439.7
1775601000,24439.8,24675.2,24201,24609.6
1775601900,24609.3,24756.1,24601.3,24747.5
1775602800,24747.4,24819.2,24747.4,24796.8
1775603700,24796.9,24919.8,24795.3,24881.7
1775604600,24881.6,24889.5,24851.2,24852.7
1775605500,24854.2,24897.9,24844.6,24883.4
1775606400,24883.2,24925.6,24861.3,24891.6
1775607300,24891.7,24899.6,24861.8,24874.1
1775608200,24874.2,24891.7,24841.1,24878.6
1775609100,24878.5,24934.3,24875.1,24914.1
1775610000,24913.6,24940.6,24903.1,24923.1
1775610900,24923.3,24928,24878,24900.2
1775611800,24900.3,24931.1,24898.4,24921.3
1775612700,24921.2,24942.2,24916.6,24926.9
1775613600,24927.3,24943.5,24926.7,24937.1
1775614500,24937.2,24941.3,24927.7,24930
1775615400,24930.2,24944,24924.2,24936.9
1775616300,24936.7,24944.9,24934.9,24944.9
1775617200,24944.8,24953.5,24936.9,24939.1
1775618100,24938.7,24944.7,24920.4,24928.1
1775619000,24928,24936.5,24924.3,24926.6
1775619900,24926.5,24938,24922.8,24935
1775620800,24935.1,24971.3,24935,24967.5
1775621700,24967.3,24991.6,24965.4,24980.9
1775622600,24980.8,24985.7,24966.3,24967.3
1775623500,24967.2,24973.2,24948.5,24954.5
1775624400,24955.7,24964.9,24946.4,24954.6
1775625300,24955,24991.5,24953.3,24987.8
1775626200,24987.7,25002,24967.5,24983.6
1775627100,24984.1,25023.2,24981.7,25019
1775628000,25019.4,25031,25003.7,25023.9
1775628900,25024,25028.9,24990.1,25001.5
1775629800,25001.8,25015.4,24991.5,25007.1
1775630700,25007.3,25016.1,24992.9,25000.3
1775631600,25000.5,25001.9,24970.5,24984.7
1775632500,24984.8,25018.6,24977.2,24997.4
1775633400,24997.5,24997.5,24965.6,24975.3
1775634300,24975.1,24985.6,24963.4,24969.5
1775635200,24969.6,24986.1,24961.9,24984
1775636100,24984.3,25004.4,24983,24999.8
1775637000,24999.9,25018.2,24975.1,24991.1
1775637900,24991.2,25050.9,24988.8,25042.4
1775638800,25044.7,25072.9,25033,25065
1775639700,25064.8,25068.5,25043.3,25043.3
1775640600,25043.4,25049.8,25012.5,25018.1
1775641500,25018.3,25048.7,25014.3,25030.4
1775642400,25029.9,25042.7,25019.4,25023
1775643300,25023.1,25049.8,25014.7,25047.9
1775644200,25048.1,25059.6,25034.3,25051.4
1775645100,25051.6,25055.2,25032,25033.8
1775646000,25033.1,25040.4,25010.3,25027.7
1775646900,25027.6,25062.2,25009.7,25053.9
1775647800,25054,25063.1,25033.2,25041.4
1775648700,25041.3,25057.4,25033.7,25037
1775649600,25036.8,25086.1,25036.8,25071.5
1775650500,25071.4,25074.1,24985,25017.3
1775651400,25017.1,25034.1,25004.3,25018.3
1775652300,25018.4,25050,25015.1,25040.9
1775653200,25040.8,25066.1,25039.1,25056.7
1775654100,25056.4,25058.7,25016.4,25029.2
1775655000,25028.35,25077.9,24918.6,24927.8
1775655900,24927.5,24988.4,24896.5,24910.4
1775656800,24909.3,24933.1,24871.7,24902.4
1775657700,24903,24917.7,24874.3,24880.4
1775658600,24880.3,24891.3,24852.9,24857.1
1775659500,24857.6,24863.6,24752.8,24816.1
1775660400,24814.9,24866.1,24802.2,24846.6
1775661300,24845.9,24860.7,24826.2,24835.5
1775662200,24834.8,24885.9,24829.6,24881.3
1775663100,24881.4,24913.4,24881.3,24904.2
1775664000,24904,24942.5,24903.1,24906.3
1775664900,24906.4,24923.2,24887.4,24920.1
1775665800,24920.3,24963.8,24914.5,24957.3
1775666700,24957.2,24984,24954.4,24968.4
1775667600,24967.8,24981.6,24945.8,24950.2
1775668500,24950.5,24956.8,24897.5,24908.4
1775669400,24907.2,24923,24889.4,24916.7
1775670300,24916.5,24925.2,24908.5,24918.1
1775671200,24918.3,24955.2,24903.7,24944.7
1775672100,24944.9,24956.7,24858.8,24880.1
1775673000,24879.3,24897.5,24838.5,24842.1
1775673900,24842.2,24853.8,24774.4,24778.1
1775674800,24777.5,24836.3,24768.2,24831.6
1775675700,24831.3,24836.9,24782.9,24786.2
1775676600,24786.1,24844.3,24783.1,24840.6
1775677500,24840.4,24910.2,24838,24906.7
1775678400,24906.2,24922.4,24879.6,24886
1775679300,24885.7,24903.7,24874.2,24876
1775680200,24877.2,24879.8,24863.3,24864.9
1775681100,24864.4,24875.9,24860,24864.8
1775682000,24865.8,24869.7,24864.7,24865.8
1775682900,24867.5,24868.9,24862.8,24868.4
1775683800,24866.7,24873.7,24866,24870.6
1775684700,24871.9,24874.5,24868.7,24872
1775685600,24866.9,24893.7,24860.1,24870.2
1775686500,24870.3,24876.5,24843,24858.3
1775687400,24858.4,24878.5,24857.7,24860.5
1775688300,24860.4,24865.6,24855.7,24864
1775689200,24863.4,24883.5,24854.3,24874.1
1775690100,24874.2,24881,24861,24862.7
1775691000,24863.1,24866.7,24855.2,24860.7
1775691900,24860.8,24867.4,24852.8,24855.5
1775692800,24855.8,24858.2,24828,24848.7
1775693700,24848.6,24864.9,24840.6,24841.7
1775694600,24841.6,24861.9,24838.3,24854.9
1775695500,24855.2,24857.3,24836.3,24841.9
1775696400,24841.8,24851.3,24822.4,24828.8
1775697300,24829,24833.9,24811.1,24818.2
1775698200,24818,24842.1,24812.4,24834.1
1775699100,24834,24854.7,24822.9,24851.5
1775700000,24851.4,24869.2,24850.9,24856.5
1775700900,24857,24869.8,24853.1,24855.8
1775701800,24855.7,24867.2,24854.7,24862.5
1775702700,24862.4,24878.3,24859,24859.1
1775703600,24859.3,24867.3,24853.9,24857.8
1775704500,24857.7,24857.8,24844.8,24849.3
1775705400,24849.1,24864.2,24845.7,24851.7
1775706300,24851.6,24855,24838.5,24848.5
1775707200,24848.6,24852.2,24838.2,24847.1
1775708100,24846.9,24849.3,24837.2,24843.6
1775709000,24843.7,24848.4,24835.9,24843.9
1775709900,24844,24852.4,24841.5,24844.1
1775710800,24844.4,24848.5,24823,24841.3
1775711700,24841.2,24862.2,24839.5,24860.8
1775712600,24861,24876.7,24855.3,24869
1775713500,24868.4,24869,24850.4,24857.5
1775714400,24857.9,24887.8,24856.6,24863.3
1775715300,24863.2,24868.8,24854.9,24866
1775716200,24866.5,24871.6,24856.1,24867.9
1775717100,24867.7,24869.2,24845.8,24867.3
1775718000,24867.6,24878.7,24842.8,24850.4
1775718900,24850.1,24850.8,24825.5,24842.7
1775719800,24843.4,24847.3,24801,24806.8
1775720700,24807.1,24816.2,24793.5,24814
1775721600,24813.9,24821.1,24782.1,24787.4
1775722500,24787.7,24803.3,24782.8,24791.4
1775723400,24791.2,24827.3,24791.2,24827.1
1775724300,24827.2,24833.1,24796.8,24800.9
1775725200,24800.7,24829.5,24792.6,24828.1
1775726100,24827.9,24844.2,24824.2,24840.6
1775727000,24840.5,24843.3,24822.8,24833.8
1775727900,24833.7,24846.7,24830.2,24845
1775728800,24845.1,24853.9,24836.8,24840.5
1775729700,24840.4,24856.9,24832.8,24850.3
1775730600,24850.2,24854.3,24831.6,24846
1775731500,24846.2,24854.3,24810,24814.2
1775732400,24814.9,24828.7,24806.8,24822.4
1775733300,24822,24823.3,24805.8,24812.7
1775734200,24812.5,24865,24812,24853.8
1775735100,24853.7,24867.2,24849.6,24858.9
1775736000,24860.7,24880.4,24858.3,24863.4
1775736900,24863.1,24873.5,24856.1,24865.4
1775737800,24863.8,24890.8,24845.8,24867.2
1775738700,24867.3,24878.2,24851.4,24858.3
1775739600,24858.7,24879.3,24854.7,24874.5
1775740500,24874.3,24911.8,24866.3,24908.9
1775741400,24909.1,24937.8,24848.7,24929.1
1775742300,24929,24938.6,24835.3,24863.3
1775743200,24863.4,24883.7,24828.9,24840.4
1775744100,24840.3,24840.4,24790.8,24808.6
1775745000,24808.7,24823.9,24787.1,24813.9
1775745900,24813.5,24881.3,24810.3,24869.1
1775746800,24869.8,24907.4,24844.8,24901.3
1775747700,24900.8,24932.2,24879.6,24884.9
1775748600,24885.3,24980.9,24876.1,24953.3
1775749500,24953.4,25023.9,24936.4,25016.3
1775750400,25016.6,25092,25016.2,25036.1
1775751300,25035.8,25069,25031.5,25041.8
1775752200,25042.2,25046.6,24995.8,25008.7
1775753100,25008.3,25038.3,24988.3,25022.9
1775754000,25022.1,25066.4,25014.5,25052.9
1775754900,25053.4,25079,25047.6,25049.8
1775755800,25049.7,25082.5,25016.4,25060.4
1775756700,25060.5,25069.9,25045.3,25053.6
1775757600,25054.1,25058.2,24978.9,25004.7
1775758500,25005,25019.6,24976.6,24990.1
1775759400,24990.3,25019,24976.3,24999
1775760300,24998.9,25018.6,24991.2,25009.3
1775761200,25009.2,25059.1,25004.5,25049.6
1775762100,25050.6,25058.3,25033.5,25050.7
1775763000,25050.9,25083,25049.3,25073.9
1775763900,25073.1,25096.5,25067.1,25077.3
1775764800,25078.5,25083.9,25048.7,25064.6
1775765700,25065.3,25071,25059.5,25068.1
1775766600,25067.9,25083.5,25067.8,25077.8
1775767500,25078.3,25082,25063.8,25073.9
1775768400,25073,25080.7,25052,25052
1775769300,25048,25066.3,25042.7,25056.1
1775770200,25056.2,25063.2,25056.1,25061.1
1775771100,25061.6,25071.3,25059.7,25071
1775772000,25075.1,25091.3,25062.1,25087.9
1775772900,25087.7,25089.6,25051.9,25054.5
1775773800,25054.7,25070.7,25050.4,25062
1775774700,25061.8,25062.3,25040.1,25042.9
1775775600,25043.1,25050.9,25029.1,25048.7
1775776500,25048.5,25050.4,25042.9,25045.4
1775777400,25045.5,25054.3,25044,25050.7
1775778300,25050.8,25071.1,25047.7,25060.2
1775779200,25060.4,25061.7,25041.9,25051.1
1775780100,25051,25072.4,25043.7,25070.4
1775781000,25070.3,25088,25067.3,25082.5
1775781900,25082.4,25110,25076.9,25103.6
1775782800,25102.8,25104.1,25090.3,25091.2
1775783700,25090.5,25112.8,25087.7,25110.9
1775784600,25110,25130.4,25107.9,25124.4
1775785500,25124.3,25129.4,25116.3,25117.4
1775786400,25117.8,25122.5,25100.5,25104.4
1775787300,25104.5,25105.5,25088,25095.7
1775788200,25095.8,25112.2,25093.2,25107.3
1775789100,25107.2,25110.4,25103.8,25107.7
1775790000,25107.8,25119.8,25106.2,25118.9
1775790900,25118.4,25119.5,25103.8,25104.6
1775791800,25104.5,25136.4,25104.5,25123.4
1775792700,25123.2,25128.9,25116.8,25123.7
1775793600,25123.6,25125.7,25109.7,25110.6
1775794500,25110.7,25116.3,25106.4,25109.1
1775795400,25109.3,25112.5,25097.7,25105.4
1775796300,25104.9,25106.7,25098.6,25102.2
1775797200,25102.3,25118.4,25102.2,25110.5
1775798100,25110.8,25115,25102.1,25103
1775799000,25103.1,25111,25099.9,25100.8
1775799900,25101,25106.8,25091.6,25096.2
1775800800,25095.6,25101.6,25081.7,25083.6
1775801700,25083.5,25083.7,25069.3,25071.7
1775802600,25071.9,25076.3,25055.8,25063.6
1775803500,25063.2,25069.9,25053.7,25061.8
1775804400,25061.7,25078.5,25058.4,25066.7
1775805300,25066.9,25079.8,25055.4,25079.8
1775806200,25080.1,25087.8,25064.1,25067.5
1775807100,25067.4,25085.6,25061.6,25076
1775808000,25076.6,25077.6,25045.9,25049.4
1775808900,25050,25065,25035.6,25061.3
1775809800,25060.2,25069.1,25052.8,25064.6
1775810700,25064.5,25065.4,25035.4,25041.1
1775811600,25041.2,25054,25039,25044.9
1775812500,25044.8,25108.1,25042.6,25070.2
1775813400,25070,25075.2,25053.6,25069.4
1775814300,25069.5,25094.9,25067.8,25090.8
1775815200,25090.7,25102,25072.6,25077.1
1775816100,25076.9,25115.7,25076,25102.8
1775817000,25102.9,25106.8,25087.9,25099
1775817900,25098.5,25116.5,25096.8,25103.8
1775818800,25103.7,25124.9,25103.3,25114.5
1775819700,25114.6,25131.4,25112.7,25124.1
1775820600,25124.2,25133.5,25111.4,25115.4
1775821500,25115.2,25121.1,25095.6,25102
1775822400,25102.2,25115.6,25096.1,25115.6
1775823300,25115.5,25177.2,25105.5,25149.9
1775824200,25146.9,25201.8,25124.9,25144.6
1775825100,25144.8,25159.2,25131.4,25137
1775826000,25137.3,25154.5,25129.2,25150.4
1775826900,25150.5,25152.4,25127.6,25148.9
1775827800,25148.45,25201.5,25124.4,25157.4
1775828700,25157.3,25187.6,25136,25154.2
1775829600,25154.4,25160.9,25102.3,25156.5
1775830500,25156.2,25184.1,25146.2,25174.2
1775831400,25174.5,25206.3,25141.3,25155.4
1775832300,25156.4,25192.8,25146.4,25186.9
1775833200,25187.2,25205.9,25163.8,25202.9
1775834100,25202.6,25228,25178.7,25182.6
1775835000,25182.7,25192.4,25119.8,25138.1
1775835900,25137.9,25147.9,25080.7,25099
1775836800,25098.7,25136.1,25083.8,25127.8
1775837700,25128,25136.7,25106,25110.6
1775838600,25110.8,25119.2,25057.6,25063.1
1775839500,25063.3,25106,25060.8,25099.3
1775840400,25098.8,25100.8,25061.9,25084.7
1775841300,25084.9,25094,25063,25069.2
1775842200,25068.6,25091,25059.6,25088.9
1775843100,25088.7,25109.3,25083.7,25106.3
1775844000,25106.2,25108.7,25075.2,25090.8
1775844900,25090.6,25115.5,25090.6,25101.8
1775845800,25101.2,25105.8,25074.5,25082.3
1775846700,25082.2,25098.2,25078.3,25097.1
1775847600,25097.6,25130.9,25094.9,25129.9
1775848500,25129.8,25136.3,25119.9,25130.4
1775849400,25129.8,25129.8,25094.4,25111.9
1775850300,25112.1,25122.9,25095.3,25117.7
1775851200,25117.4,25133.3,25107.7,25126.5
1775852100,25126.7,25141.5,25125.9,25136.3
1775853000,25136.1,25152.3,25131.9,25150.4
1775853900,25150.2,25169.1,25140.2,25164.7
1776031200,24776.7,24854.4,24776.7,24836.7
1776032100,24836.8,24836.8,24778.8,24789.7
1776033000,24790.2,24800.1,24763.8,24777.9
1776033900,24778,24795.3,24773.5,24791.1
1776034800,24791.3,24791.7,24765.4,24780.9
1776035700,24780.7,24789.7,24770.2,24780.2
1776036600,24780.3,24780.7,24763.8,24771.8
1776037500,24771.5,24820.8,24757.3,24817
1776038400,24816.4,24842.9,24783.7,24839.3
1776039300,24839.7,24842.4,24825.8,24830.1
1776040200,24829.8,24856.7,24821.8,24845.9
1776041100,24846,24890.4,24844.9,24889.1
1776042000,24889,24916.8,24886,24906.2
1776042900,24905.8,24912.3,24894.6,24907.3
1776043800,24907.5,24921.3,24892.8,24898.5
1776044700,24898.3,24924.8,24893,24918.7
1776045600,24919.2,24921.1,24893,24898.6
1776046500,24898.7,24905.9,24891.7,24894.5
1776047400,24895,24901.1,24890.2,24898.7
1776048300,24898.5,24916.3,24896.4,24910.7
1776049200,24910.9,24919.4,24887.5,24888.4
1776050100,24888.3,24912.3,24887.4,24906.4
1776051000,24906.3,24908.2,24891.5,24902.2
1776051900,24902.3,24902.8,24890.6,24894.5
1776052800,24894.6,24900.4,24885.7,24898.3
1776053700,24898.4,24909.9,24894.4,24904.9
1776054600,24905.1,24910.4,24897.6,24901.1
1776055500,24901.2,24928.8,24896.9,24916.6
1776056400,24916.8,24919.5,24900,24901.5
1776057300,24901.6,24924.1,24894.5,24912.7
1776058200,24912.6,24914.4,24899.6,24905.9
1776059100,24905.8,24919.4,24904.3,24913.2
1776060000,24913.1,24926.3,24913,24921.1
1776060900,24921,24954.2,24920.9,24942.7
1776061800,24942.9,24948.6,24930.6,24935.3
1776062700,24935.7,24948.6,24932.9,24948.3
1776063600,24948.7,24961.8,24942.6,24947.8
1776064500,24948,24956.7,24922.3,24944.7
1776065400,24945.1,24952.3,24933.3,24944.7
1776066300,24945.1,24945.6,24926.7,24935.3
1776067200,24934.6,24963.6,24934.6,24945.7
1776068100,24945.8,24958.2,24938.9,24951.8
1776069000,24951.7,24957.9,24924.9,24938.5
1776069900,24938.8,24946.6,24931.6,24933.3
1776070800,24934,24961.7,24933.5,24944.2
1776071700,24944.3,24965,24941.9,24957.6
1776072600,24957.7,24968.3,24949.1,24954.3
1776073500,24954.2,24956.3,24942.5,24949.6
1776074400,24950.8,24958.4,24948.2,24955.4
1776075300,24955.2,24955.4,24943.6,24954.8
1776076200,24954.9,24961.5,24946.9,24952.4
1776077100,24952.5,24994.2,24948.6,24991.8
1776078000,24991.3,25030.1,24989.9,24998.1
1776078900,24998.2,24998.5,24968.7,24973.5
1776079800,24973.3,24976.4,24937.4,24958.7
1776080700,24958.8,24964.9,24918.6,24924.5
1776081600,24925.7,24953.2,24909.7,24949.7
1776082500,24949.4,24964,24945.7,24959.5
1776083400,24960.5,24985.3,24953.9,24981.4
1776084300,24981.6,25012.6,24981.4,25001.4
1776085200,25001.6,25015.1,24991.2,25012.1
1776086100,25012,25052,25000.9,25048.7
1776087000,25049.4,25071.4,25009.3,25016.7
1776087900,25016.8,25145,24995.7,25143.4
1776088800,25142.5,25167.6,25112.6,25117.9
1776089700,25117.8,25135.4,25083.1,25131.1
1776090600,25131.8,25154.7,25114.9,25151.8
1776091500,25151.7,25194.4,25129.5,25187.8
1776092400,25189.4,25190.7,25143,25168.6
1776093300,25168.8,25178,25147.6,25149.4
1776094200,25149.8,25191.5,25136,25157
1776095100,25156.9,25164,25136.3,25147.4
1776096000,25147.3,25181.1,25119.8,25151.4
1776096900,25151.2,25232,25142.6,25220.8
1776097800,25219.8,25256.7,25182,25215.9
1776098700,25216.2,25270.6,25209.4,25246.9
1776099600,25247,25257.6,25232.8,25248
1776100500,25248.5,25274.4,25246.8,25264.4
1776101400,25264.1,25273.7,25250.9,25255.8
1776102300,25255.9,25256.1,25235.5,25240.8
1776103200,25241.1,25261.1,25241,25252.1
1776104100,25252.4,25253.5,25231.7,25234.8
1776105000,25235.7,25261,25234.1,25259.5
1776105900,25259.3,25288.9,25259.3,25280.2
1776106800,25280.5,25290.5,25266.5,25272.7
1776107700,25273.3,25296.5,25270.9,25294
1776108600,25294.6,25321.3,25287.3,25302.2
1776109500,25302.1,25385.8,25293.4,25373.2
1776110400,25373.7,25396.9,25370.8,25392.3
1776111300,25392.2,25401.1,25385.2,25389.2
1776112200,25389.7,25414.2,25388.1,25407.8
1776113100,25408,25425.3,25407.2,25424.6
1776114000,25424.8,25427.1,25410.4,25410.4
1776114900,25410.3,25410.5,25406.3,25407.6
1776115800,25407.2,25417.1,25406.9,25414.8
1776116700,25416.1,25417.7,25413.1,25415.1
1776117600,25415.2,25436.2,25406.2,25427.1
1776118500,25427,25430.4,25420.5,25422.7
1776119400,25422.8,25437.3,25418.5,25426.4
1776120300,25426.6,25436.3,25419.9,25435.6
1776121200,25435.7,25459.9,25427,25448.7
1776122100,25448.9,25455,25440.7,25442
1776123000,25442.1,25448.9,25434.7,25446.5
1776123900,25446.4,25452.7,25423.1,25425.5
1776124800,25425.6,25426.4,25402.2,25421.4
1776125700,25421.2,25429.6,25407.9,25416.1
1776126600,25416,25440.3,25415.5,25433.5
1776127500,25433.6,25435.9,25422.8,25431.4
1776128400,25430.8,25432.9,25413.8,25428.5
1776129300,25428.6,25432.9,25420.8,25425.8
1776130200,25425.2,25426.6,25414.2,25424.8
1776131100,25424.7,25429.6,25419.9,25422.4
1776132000,25422.2,25437.8,25416.2,25435.8
1776132900,25435.5,25439.4,25424.3,25432.5
1776133800,25432.4,25436.5,25423.4,25435.2
1776134700,25433.7,25437.1,25429.2,25435.4
1776135600,25434.9,25436.7,25420.8,25423
1776136500,25423.2,25426.1,25416.6,25419.2
1776137400,25419.1,25423.1,25416,25419.4
1776138300,25418.5,25427.5,25417.1,25422.8
1776139200,25423,25427.1,25420.2,25421
1776140100,25420.9,25433.3,25420.5,25428.9
1776141000,25429.3,25431.8,25423.6,25426.2
1776141900,25426.1,25433.8,25426.1,25433
1776142800,25432.9,25435.7,25429.4,25434
1776143700,25433.9,25439.9,25425,25433.4
1776144600,25433.3,25433.5,25411.3,25418
1776145500,25418.4,25423.8,25413,25414.5
1776146400,25414.7,25422.2,25406.6,25412.8
1776147300,25412.9,25417.5,25405.7,25413.9
1776148200,25414,25433.5,25409.8,25425.6
1776149100,25425.8,25430.2,25415.8,25426.9
1776150000,25426.3,25478.3,25422.4,25459.3
1776150900,25459.6,25472.9,25449.3,25461.9
1776151800,25461.7,25483.4,25456.1,25458.8
1776152700,25458.9,25468.1,25447.1,25458.3
1776153600,25458.1,25476.6,25450.2,25472.8
1776154500,25472.9,25484.7,25459.8,25483.8
1776155400,25483.7,25498.3,25476.3,25496.1
1776156300,25495.9,25506,25492.4,25502.4
1776157200,25502.9,25514.8,25502.4,25508.3
1776158100,25508.4,25512.7,25491,25491.2
1776159000,25491.4,25492.1,25479.3,25481.5
1776159900,25481.3,25483,25471.2,25478.2
1776160800,25478.3,25493.2,25467.2,25491.5
1776161700,25491.2,25497.3,25479.1,25487.7
1776162600,25487.8,25489.8,25462.2,25464.9
1776163500,25465,25481.5,25462.4,25466.2
1776164400,25466.3,25487.6,25460,25478.9
1776165300,25478.6,25501.8,25478.1,25495.6
1776166200,25495.9,25502,25489.8,25495.4
1776167100,25495.7,25535.1,25491.3,25508
1776168000,25508.4,25534.5,25508.4,25513.5
1776168900,25513.4,25534.7,25499.2,25533.5
1776169800,25535.1,25557.5,25505.9,25520.9
1776170700,25521,25522.3,25499.3,25516.6
1776171600,25516.5,25517.7,25505.5,25512.5
1776172500,25512.4,25524,25492.7,25495.5
1776173400,25495.7,25594.7,25495.65,25589
1776174300,25589.1,25604.5,25557.2,25562.7
1776175200,25563.1,25613.5,25549.5,25611.4
1776176100,25611.5,25644.4,25602.6,25640.9
1776177000,25641,25653.3,25618.5,25624.8
1776177900,25624.1,25655,25621.9,25642.5
1776178800,25644.7,25645.9,25602,25623.6
1776179700,25623.5,25683.4,25620.8,25670.9
1776180600,25671.3,25709.7,25670.6,25700.6
1776181500,25700.7,25738.6,25700.7,25715.2
1776182400,25714.3,25733,25711.6,25726.9
1776183300,25727.4,25769,25726.7,25764.2
1776184200,25763.3,25769.9,25744.3,25761.1
1776185100,25761.3,25774.4,25743.4,25750.5
1776186000,25750.3,25764.4,25747.6,25759.3
1776186900,25759.4,25795.9,25757.7,25778.8
1776187800,25778.7,25804.2,25777.7,25800.2
1776188700,25799.9,25804.9,25788.5,25793.8
1776189600,25793,25800,25769.4,25771.8
1776190500,25772.1,25774.3,25719.5,25744.1
1776191400,25743.9,25769.4,25738.5,25743.9
1776192300,25743.3,25754.3,25736.1,25752.5
1776193200,25752,25804.4,25749.1,25792.3
1776194100,25792.5,25824.1,25792.5,25821.4
1776195000,25821,25829.8,25795,25806.2
1776195900,25805.9,25834.7,25787.8,25833.3
1776196800,25832.8,25833.6,25805.8,25824.9
1776197700,25824.6,25831.8,25821.1,25825.2
1776198600,25825.1,25830.1,25815.4,25829.5
1776199500,25828.8,25833.4,25821.3,25824.7
1776200400,25824.8,25834.6,25824.8,25834.6
1776201300,25834.4,25834.4,25826.3,25831
1776202200,25831.1,25831.9,25823.5,25830.7
1776203100,25830.8,25832.2,25825.5,25828.3
1776204000,25822.1,25847.4,25813.8,25839
1776204900,25838.8,25846.6,25837.4,25839.1
1776205800,25839.2,25844.1,25828.4,25836
1776206700,25836.1,25837.8,25828.5,25830.8
1776207600,25830.9,25846.7,25828.6,25839
1776208500,25839.1,25851.3,25837.2,25848.2
1776209400,25848.1,25866.6,25840.6,25860
1776210300,25860.5,25871.5,25851.9,25854.8
1776211200,25855,25857.1,25841.1,25852.3
1776212100,25852.1,25858.4,25844.9,25852.3
1776213000,25852.8,25856,25830.1,25835.5
1776213900,25835.3,25855.1,25834.5,25852.6
1776214800,25852.4,25871.5,25848.7,25868.3
1776215700,25868.4,25875,25863.7,25871
1776216600,25871.1,25872.9,25859.3,25869
1776217500,25868.8,25876.4,25868,25872.3
1776218400,25872.4,25875.1,25857.4,25859.7
1776219300,25859.9,25863.6,25848.2,25848.7
1776220200,25848.9,25849.9,25825.3,25834.7
1776221100,25834.8,25839.6,25827.4,25832.9
1776222000,25833.3,25839.5,25831.7,25833.1
1776222900,25832.9,25841,25829.9,25839
1776223800,25839.1,25851.7,25837.4,25847.3
1776224700,25846.5,25861.7,25844.3,25856.6
1776225600,25857.1,25861,25851,25855.5
1776226500,25855.7,25861.7,25855.1,25857.7
1776227400,25858,25860.5,25853.1,25854
1776228300,25854.1,25855.4,25845.6,25850.1
1776229200,25850.2,25892.8,25834.4,25843.7
1776230100,25843.8,25845.1,25814.2,25821.2
1776231000,25821.1,25823.6,25802.1,25808.7
1776231900,25808.8,25816.8,25801.6,25814.8
1776232800,25814.9,25825.4,25805.6,25808.5
1776233700,25808.4,25820.8,25805,25819.5
1776234600,25819.2,25833.5,25817.8,25832.4
1776235500,25832.5,25833.2,25818,25822.7
1776236400,25822.9,25835.6,25815.9,25826.9
1776237300,25827.6,25828.1,25812,25822
1776238200,25822.1,25841,25820.5,25834.2
1776239100,25834.3,25845.7,25815.9,25840.6
1776240000,25841.8,25851.5,25836.8,25844.6
1776240900,25844.7,25860.5,25836.1,25858.6
1776241800,25858.8,25865.7,25854.8,25860.6
1776242700,25860.4,25873.2,25853.9,25867.3
1776243600,25867.4,25873.6,25823.9,25828.9
1776244500,25828.8,25839,25818.3,25824.9
1776245400,25824.8,25832.7,25815.6,25819.2
1776246300,25819.1,25826.6,25810.5,25813.4
1776247200,25813.5,25833.9,25809.3,25820.2
1776248100,25820.1,25821.2,25775.6,25786
1776249000,25785.8,25816.7,25770.1,25816
1776249900,25816.4,25823.9,25806.6,25820.1
1776250800,25820.3,25833.7,25813,25833
1776251700,25833.2,25834.6,25807.8,25816.5
1776252600,25816.6,25838.7,25812.9,25823.4
1776253500,25823.3,25878.8,25816.6,25832.1
1776254400,25832.2,25840.8,25799.4,25800
1776255300,25800.1,25817.8,25795.3,25811.3
1776256200,25810.6,25842.3,25806.4,25836.7
1776257100,25836.5,25843.1,25823.2,25824.6
1776258000,25824.7,25837.5,25814.5,25834
1776258900,25834.2,25861.8,25825.5,25858.7
1776259800,25858.6,25894.6,25820,25825.5
1776260700,25825.3,25907.3,25824.4,25906.3
1776261600,25906,25931.9,25886.7,25930.1
1776262500,25930,25971.1,25910.5,25970.8
1776263400,25969.6,25989.4,25943.7,25983.2
1776264300,25983.4,26014.7,25975.8,26000.4
1776265200,26000.2,26025.5,25976.5,26022.7
1776266100,26022.5,26038.5,26015.4,26028.9
1776267000,26028.8,26047.8,26005.4,26039.7
1776267900,26040.1,26052.9,26024.5,26034.2
1776268800,26032.1,26058,26023,26053.6
1776269700,26053.7,26088,26047.7,26052.7
1776270600,26050.3,26054.9,25978,25980.7
1776271500,25980.8,25997.8,25935.1,25976.5
1776272400,25976.8,26013.3,25968.6,26004.9
1776273300,26004.8,26034,25998.9,26020.8
1776274200,26020.9,26053.7,26012.4,26017.1
1776275100,26017.2,26047.5,26017.2,26023.1
1776276000,26022.5,26084.1,26006.3,26076.4
1776276900,26076.7,26092.2,26065.2,26082.2
1776277800,26082.9,26122.5,26082.4,26105.9
1776278700,26105.6,26148.4,26105.3,26136.3
1776279600,26136.2,26158.8,26124.4,26137.7
1776280500,26137.8,26172.5,26136.6,26171.3
1776281400,26171.2,26192.7,26165.5,26171.9
1776282300,26171.7,26212.5,26164.3,26199.7
1776283200,26201.3,26209.1,26172.6,26178.5
1776284100,26178.3,26193,26178.3,26186.1
1776285000,26186.6,26196.5,26183,26186.5
1776285900,26186,26197.6,26179.1,26196.9
1776286800,26196.7,26196.8,26186.2,26187.2
1776287700,26187.3,26189.8,26185.9,26188.6
1776288600,26188.8,26191,26187.2,26188.3
1776289500,26188.1,26191.8,26188.1,26191.2
1776290400,26187.9,26210.3,26184.5,26207
1776291300,26207.1,26217.2,26205.6,26210.3
1776292200,26210.4,26231,26210.4,26221.9
1776293100,26222.2,26233.2,26221.6,26228.5
1776294000,26229.1,26237.4,26225.6,26234.2
1776294900,26234.3,26237.2,26222.9,26228.5
1776295800,26228.6,26240.1,26224.9,26236.4
1776296700,26236.6,26256.1,26234.9,26247
1776297600,26247.7,26256,26230.1,26250.6
1776298500,26250.7,26265.7,26242.6,26243.6
1776299400,26244.3,26264.5,26244,26263.1
1776300300,26263.2,26284.3,26259.7,26278.8
1776301200,26277.8,26282,26265.7,26276.2
1776302100,26276.4,26290.5,26274.1,26279.5
1776303000,26278.9,26304,26270.5,26294.6
1776303900,26294.5,26297.1,26279.4,26281
1776304800,26280.5,26292.8,26280.5,26284.2
1776305700,26284.5,26288.8,26280.5,26287.8
1776306600,26287.7,26297.7,26282.8,26292.8
1776307500,26292.9,26295.3,26278.3,26283.7
1776308400,26283.5,26301.9,26282.8,26290.6
1776309300,26290.5,26295.1,26284,26286.3
1776310200,26286.5,26291.9,26278.1,26285.2
1776311100,26285,26291.6,26281.3,26282.1
1776312000,26281.9,26284.4,26272.9,26278.5
1776312900,26278.2,26284.9,26270.2,26272.9
1776313800,26273,26276.2,26267.6,26274.2
1776314700,26274.1,26279.6,26271.1,26273.8
1776315600,26273.9,26276.9,26257.1,26259.7
1776316500,26259.5,26285.1,26257.5,26282.5
1776317400,26282.3,26296.9,26281.6,26286.9
1776318300,26286.7,26302.1,26286.4,26294
1776319200,26294.2,26325.5,26294.2,26321
1776320100,26321.2,26325.3,26305.4,26315.4
1776321000,26317.8,26324,26303.8,26318.4
1776321900,26318.2,26324.2,26314.3,26321.4
1776322800,26321.3,26322.5,26296.2,26298.5
1776323700,26299,26320,26297.9,26316.8
1776324600,26316.7,26326.4,26308,26323.1
1776325500,26323.2,26323.5,26291.2,26300.4
1776326400,26300.3,26306,26263.7,26267
1776327300,26267.2,26281.5,26264,26269.9
1776328200,26269.8,26274.6,26251.3,26270.1
1776329100,26269.9,26284.7,26265.8,26281
1776330000,26281.1,26297.2,26278.2,26292.2
1776330900,26292.3,26295.9,26283.8,26286.4
1776331800,26286.3,26294.4,26283.8,26285.2
1776332700,26285.4,26294.9,26272.1,26294.6
1776333600,26294.7,26306.1,26288,26292.7
1776334500,26292.5,26293.7,26269.8,26271.4
1776335400,26271.3,26272.5,26219,26226.4
1776336300,26226.6,26250.2,26204.6,26245.4
1776337200,26245.3,26263.1,26244.5,26249.5
1776338100,26249.6,26258.5,26223,26236.9
1776339000,26236.8,26261,26236.4,26246.7
1776339900,26246.5,26266.3,26241.2,26257.2
1776340800,26257.3,26271.5,26239.5,26250
1776341700,26249.8,26266.4,26246.5,26266.4
1776342600,26268,26273.4,26244.8,26254.6
1776343500,26254.5,26254.6,26233.5,26242.5
1776344400,26243.3,26267.3,26240.9,26253.2
1776345300,26253.1,26286.7,26239.4,26280.3
1776346200,26280.7,26293,26186.2,26232.4
1776347100,26232.1,26233.1,26117.3,26162.7
1776348000,26161.2,26225.2,26131.6,26197.6
1776348900,26197.8,26208.2,26151.4,26191.4
1776349800,26191.2,26231.8,26188.8,26228.4
1776350700,26228.7,26261.9,26223.8,26242.7
1776351600,26242.2,26325.6,26242.2,26308.3
1776352500,26307.9,26343.5,26298.8,26298.8
1776353400,26298.2,26379.7,26292.1,26337.1
1776354300,26337,26375.3,26309.9,26371.9
1776355200,26372.1,26392,26364.4,26389.9
1776356100,26390.1,26401.3,26353,26356.1
1776357000,26356.3,26361.5,26270.4,26334
1776357900,26334.3,26357.4,26308.2,26312.2
1776358800,26313.3,26322,26282.5,26282.8
1776359700,26283.2,26326.7,26271.6,26315.7
1776360600,26316.2,26346.5,26302.9,26341.8
1776361500,26341.7,26349.1,26275.5,26299.4
1776362400,26299.8,26323.6,26231.6,26258.8
1776363300,26258.9,26267.5,26191.3,26209.8
1776364200,26210.8,26278.7,26209.9,26271.5
1776365100,26271.6,26287.5,26254.5,26273
1776366000,26273.1,26301.7,26269.9,26279.8
1776366900,26279.9,26296.2,26278.9,26281
1776367800,26281.4,26318.3,26276.7,26306.1
1776368700,26306,26336.2,26297.2,26322.1
1776369600,26322.1,26328.9,26281.3,26296.5
1776370500,26296.3,26301.6,26290.9,26297.1
1776371400,26297.6,26309.4,26293.5,26302.8
1776372300,26302.7,26310.8,26301.2,26305.5
1776373200,26306.8,26308.1,26284.6,26284.6
1776374100,26284.7,26296,26282.3,26295.6
1776375000,26295.8,26303.3,26293.4,26302.7
1776375900,26302.5,26303.7,26292.6,26295.9
1776376800,26296.3,26331.8,26295.6,26323.6
1776377700,26323.7,26331.9,26317.8,26328.9
1776378600,26329.1,26335.4,26326.3,26331.7
1776379500,26331.4,26331.9,26320.2,26321.7
1776380400,26321.5,26330.4,26317.1,26319.5
1776381300,26319.6,26336.2,26318,26323.8
1776382200,26323.7,26335.1,26318.9,26329
1776383100,26329.1,26330.6,26320.1,26328
1776384000,26328.5,26331.1,26305.9,26308.3
1776384900,26308.1,26341.4,26303,26336.9
1776385800,26337,26342.3,26330.9,26335
1776386700,26334.8,26341.6,26330.8,26333.2
1776387600,26333.1,26345.8,26329.4,26339.7
1776388500,26339.6,26343.5,26328.6,26331.6
1776389400,26334.6,26341.9,26330.2,26337.7
1776390300,26337.9,26344.3,26334.8,26335.2
1776391200,26335.1,26341.8,26317.6,26326.7
1776392100,26326.9,26329.6,26302.9,26313.7
1776393000,26314.6,26325.2,26312.3,26316.5
1776393900,26316.9,26320.2,26308.8,26312.2
1776394800,26312.1,26316,26298.6,26301.9
1776395700,26302.1,26310.6,26298.2,26304
1776396600,26304.3,26306.6,26297.2,26303.5
1776397500,26303.4,26311.6,26302.3,26306.1
1776398400,26306.7,26322.1,26302.7,26322.1
1776399300,26322,26330.2,26321.2,26324.9
1776400200,26325.2,26327.6,26315.8,26317.7
1776401100,26317.8,26325.4,26309.8,26311.8
1776402000,26312.2,26313.5,26290.6,26306.9
1776402900,26306.8,26308.1,26296.8,26305.9
1776403800,26305.8,26316.5,26292.8,26311.9
1776404700,26312,26318.1,26310.4,26313.7
1776405600,26313.8,26328.9,26310.8,26321.4
1776406500,26321.5,26326.8,26306.4,26307
1776407400,26307.1,26307.1,26295.3,26303.5
1776408300,26303.3,26315.4,26300.9,26303.8
1776409200,26303.9,26336.2,26303.9,26328.9
1776410100,26328.8,26330.1,26313.5,26319.9
1776411000,26320.1,26330.9,26316.4,26329.6
1776411900,26329.7,26340.5,26322.6,26336.7
1776412800,26336.5,26343.1,26325.5,26334.2
1776413700,26333.9,26350.3,26328.4,26345
1776414600,26344.9,26363.1,26338.8,26362.8
1776415500,26362.5,26369.7,26353.8,26367.2
1776416400,26367.3,26375.8,26361.4,26365.7
1776417300,26365.9,26377,26353.9,26374.3
1776418200,26374.5,26375.6,26356.5,26367.3
1776419100,26367.2,26390.1,26361.3,26384.6
1776420000,26384.7,26394.4,26379.6,26391.3
1776420900,26391.4,26392,26368.5,26373.7
1776421800,26373.8,26375.1,26354.9,26359.3
1776422700,26359.5,26378.4,26357.3,26373.8
1776423600,26373.4,26384.4,26370.1,26378.2
1776424500,26378.1,26394.8,26378,26390.8
1776425400,26390.6,26403.4,26389.3,26400.5
1776426300,26400.6,26417.5,26397.3,26414.4
1776427200,26414.6,26444.2,26409.2,26438.5
1776428100,26438.7,26474.8,26418.7,26467.3
1776429000,26467.8,26494.5,26454.9,26457.8
1776429900,26457.9,26595.5,26450.9,26590.3
1776430800,26590.8,26660.2,26547.2,26653.8
1776431700,26653.6,26656.9,26533.8,26541.9
1776432600,26542.1,26569.2,26479,26553.8
1776433500,26554.3,26585.1,26482,26577
1776434400,26577.2,26619.1,26571.3,26614.1
1776435300,26612.7,26615,26561.5,26584.3
1776436200,26585.3,26680.6,26583.8,26674
1776437100,26674.3,26697.8,26645,26669
1776438000,26668.7,26697.8,26653.9,26662.6
1776438900,26662.4,26690.8,26648.7,26682.5
1776439800,26683.2,26718,26656.4,26656.8
1776440700,26657.3,26691.4,26639,26644.4
1776441600,26645,26702.6,26631.9,26685.3
1776442500,26684.9,26698.5,26662.4,26695.3
1776443400,26694.9,26721.2,26694.7,26709.9
1776444300,26709.6,26720.6,26692.7,26698.5
1776445200,26699.9,26716.7,26655,26679.9
1776446100,26680.1,26686.6,26577.4,26612.6
1776447000,26612.9,26645,26600.7,26634
1776447900,26633.1,26670.1,26630.6,26649.2
1776448800,26648.2,26660.3,26600.7,26609.4
1776449700,26609.7,26651.1,26595.3,26624
1776450600,26623.3,26653.3,26623,26645.7
1776451500,26646,26653.7,26609.2,26625.3
1776452400,26624.5,26634.4,26597.5,26605.5
1776453300,26605,26634.2,26602.1,26618.5
1776454200,26618.6,26666.3,26618.4,26661.4
1776455100,26661.1,26670.3,26630.8,26666
1776456000,26668.2,26683.1,26662.2,26682.2
1776456900,26682.5,26685.1,26658.9,26663.4
1776457800,26662.7,26684.6,26659.2,26672.4
1776458700,26671.9,26685.7,26670,26684
1776636000,26426.4,26500.9,26381.4,26460.3
1776636900,26460.4,26484,26452,26468.8
1776637800,26469,26502.4,26465,26497.5
1776638700,26497.7,26517.6,26479.2,26509.1
1776639600,26509.3,26526.2,26493.2,26500.4
1776640500,26500.3,26509.8,26489.3,26502.4
1776641400,26502.7,26507.4,26490.8,26499.1
1776642300,26499.3,26508.6,26479.5,26502
1776643200,26502.3,26504.4,26459.5,26464.6
1776644100,26464.5,26497.3,26463,26495.4
1776645000,26495.3,26506.5,26483.9,26491.8
1776645900,26491.9,26509.2,26490.8,26502.3
1776646800,26502.8,26544.4,26497.3,26540.1
1776647700,26540.2,26542.2,26523.8,26534.4
1776648600,26534.3,26555.6,26533.5,26547
1776649500,26547.1,26560,26545.7,26550.5
1776650400,26550.8,26551,26532.8,26536
1776651300,26536.1,26548.1,26534.9,26541.6
1776652200,26541.7,26543.8,26531.8,26537.7
1776653100,26537.9,26541.2,26527.6,26537.9
1776654000,26537.8,26546.8,26529.3,26533.3
1776654900,26533.2,26541.8,26525.3,26536
1776655800,26536.1,26544.4,26531,26531.7
1776656700,26531.8,26531.8,26522,26524.4
1776657600,26524.2,26527.2,26513.9,26519.6
1776658500,26519.8,26521.9,26508.6,26509.6
1776659400,26509.7,26518.8,26497.4,26517.5
1776660300,26517.8,26526.9,26508,26520.8
1776661200,26521.1,26523.8,26510.1,26513.1
1776662100,26513,26520.3,26490.5,26490.7
1776663000,26490.6,26493.3,26455.3,26458.4
1776663900,26458.3,26486.6,26457.4,26480
1776664800,26479.5,26506,26477.6,26494.4
1776665700,26494.3,26501.5,26488.2,26498
1776666600,26498.3,26516.4,26497,26501.5
1776667500,26499.9,26545.7,26491.9,26532.3
1776668400,26533.8,26555,26527.8,26547
1776669300,26546.8,26566.2,26528.2,26532.6
1776670200,26532.7,26539,26494.9,26510.1
1776671100,26510,26514.3,26493.5,26511.6
1776672000,26511.4,26516.7,26464.7,26491
1776672900,26491.2,26522.3,26484.6,26516.3
1776673800,26516.5,26520.4,26503.5,26513.8
1776674700,26513.9,26552,26512.2,26538.8
1776675600,26539,26562.2,26535.5,26543.7
1776676500,26543.8,26549.2,26528.9,26543.7
1776677400,26543.3,26557.4,26538.4,26552.7
1776678300,26553.1,26553.1,26536.9,26537.4
1776679200,26537.8,26575.5,26534.3,26561.7
1776680100,26561.9,26572.2,26549.5,26553.4
1776681000,26553.1,26556.7,26537.1,26540.8
1776681900,26540.9,26550.3,26536.6,26545.5
1776682800,26546.4,26550.1,26523.2,26549.5
1776683700,26550.3,26553.3,26532.1,26532.9
1776684600,26532.8,26556.2,26528.6,26553.1
1776685500,26553.3,26566,26545.5,26552.5
1776686400,26552.7,26569.3,26546.7,26555.5
1776687300,26555.2,26570,26547.6,26559.5
1776688200,26559.6,26584.5,26554.3,26577.1
1776689100,26577.5,26620.1,26577.5,26595.7
1776690000,26596.6,26645.4,26584.3,26617.3
1776690900,26617.8,26643.1,26606.8,26641.4
1776691800,26641.8,26670.2,26577.1,26595.2
1776692700,26595.5,26647.8,26561.3,26624.9
1776693600,26624.8,26630.9,26577.8,26599.7
1776694500,26599.5,26615.8,26560.9,26571.9
1776695400,26573.2,26582.7,26531.8,26539.3
1776696300,26539,26562.7,26455.3,26480.3
1776697200,26480.4,26503.9,26411.2,26464.4
1776698100,26464.5,26553.4,26449.9,26542.9
1776699000,26544.8,26545.8,26493.5,26501.3
1776699900,26501.5,26518.9,26477.7,26502.8
1776700800,26502.7,26527.3,26484.4,26520.3
1776701700,26520.8,26531.9,26496,26519.4
1776702600,26520.6,26543.9,26511.1,26530.6
1776703500,26531,26540.3,26513.5,26523.5
1776704400,26524,26545.7,26504.8,26541.5
1776705300,26541.7,26562.6,26536.7,26541.9
1776706200,26542,26564.6,26529.4,26553.7
1776707100,26553.6,26571.9,26549.1,26551.4
1776708000,26551.6,26575.6,26542.8,26567.8
1776708900,26567.9,26586.4,26560.7,26577.8
1776709800,26578.1,26582.8,26554.3,26569
1776710700,26569.1,26590.5,26564.1,26575.8
1776711600,26576,26585,26569.9,26582.1
1776712500,26581.8,26584.8,26562.3,26569.2
1776713400,26569.5,26581.3,26558.2,26563
1776714300,26562.8,26595.5,26554.1,26589.8
1776715200,26588.3,26595.9,26579.1,26586.1
1776716100,26585.9,26590.4,26576.6,26585.1
1776717000,26584.8,26652,26573.7,26635.4
1776717900,26634.4,26635.8,26609.9,26619
1776718800,26618.6,26620.5,26609.9,26610
1776719700,26609.9,26615.8,26600.5,26611.7
1776720600,26612.9,26614.9,26607.9,26612
1776721500,26612.1,26619.8,26609.1,26619.8
1776722400,26617.45,26663.1,26604.6,26647.2
1776723300,26647.3,26654.4,26642.5,26646.7
1776724200,26646.8,26653.9,26639.8,26651.7
1776725100,26651.8,26658.4,26649.6,26655
1776726000,26655.1,26657.6,26649.5,26654
1776726900,26653.7,26655,26638.3,26641.1
1776727800,26641,26647.9,26638.2,26644.7
1776728700,26644.8,26646.7,26636.4,26642.1
1776729600,26642.4,26665.4,26642.4,26656.6
1776730500,26656.5,26663.5,26640.5,26643.4
1776731400,26644,26648.6,26629.3,26641.8
1776732300,26642.5,26682.8,26642.3,26668.7
1776733200,26669.7,26672.1,26656.1,26661.9
1776734100,26662,26674.2,26656.1,26673.9
1776735000,26673.7,26684,26664.1,26672.9
1776735900,26673,26674.5,26652.5,26659.3
1776736800,26659.4,26666.4,26654.9,26665.6
1776737700,26665.8,26667.6,26659.6,26665.8
1776738600,26665.7,26668,26655.7,26666
1776739500,26666.1,26667.2,26655,26656.6
1776740400,26656.7,26662.9,26647.5,26650.1
1776741300,26650.2,26651.6,26636.9,26649.4
1776742200,26649.2,26654.9,26644.4,26650.4
1776743100,26650.6,26660.4,26649.6,26657.7
1776744000,26657.6,26665.9,26656,26660.7
1776744900,26660.6,26672.5,26660.4,26669.8
1776745800,26669.4,26677,26666.6,26667.2
1776746700,26667.1,26675.4,26666.7,26670.1
1776747600,26669.9,26688.7,26665.7,26683.7
1776748500,26683.6,26688.9,26678.1,26682.4
1776749400,26682.3,26682.4,26674,26674
1776750300,26673.8,26675.1,26663.5,26671.7
1776751200,26671.3,26703.2,26667.1,26699.7
1776752100,26699.5,26700.9,26685.9,26689.8
1776753000,26689.7,26702,26687,26693.9
1776753900,26694,26697.9,26689.2,26690.7
1776754800,26690.2,26693.6,26662.4,26665.2
1776755700,26665.3,26674.7,26657.6,26664.3
1776756600,26664.4,26672.1,26651.1,26666.1
1776757500,26665.9,26685.2,26658.3,26658.4
1776758400,26658.6,26664.8,26643.8,26645.7
1776759300,26645.8,26678.7,26645.7,26673.2
1776760200,26673.4,26700.1,26663.2,26691.4
1776761100,26691.5,26700.1,26681.8,26683.4
1776762000,26683.6,26683.6,26652.8,26661
1776762900,26661.5,26669.2,26657.5,26666.8
1776763800,26667.1,26677.2,26664.5,26672.2
1776764700,26672.1,26693,26671.8,26684.7
1776765600,26685.5,26706.1,26678.7,26693.5
1776766500,26693.6,26697.6,26686.6,26692.2
1776767400,26692.4,26707.8,26691.6,26705.6
1776768300,26705.3,26727.6,26702.9,26716.8
1776769200,26716.3,26729.4,26686.1,26700.2
1776770100,26700.3,26721.3,26693.9,26720.2
1776771000,26720.3,26745.7,26719.1,26733.5
1776771900,26734.5,26740.8,26715.8,26717.6
1776772800,26720,26725.9,26699.6,26700.2
1776773700,26700.3,26706.9,26672.9,26706.7
1776774600,26705.6,26719.5,26661.2,26674.2
1776775500,26673.9,26687,26658.9,26666.9
1776776400,26666.6,26673,26646.7,26656.3
1776777300,26656.2,26663.9,26645.2,26655
1776778200,26654.2,26671.8,26573.2,26614.4
1776779100,26613.1,26684.3,26589.6,26684.2
1776780000,26684.1,26724,26666,26702.1
1776780900,26702.8,26730.9,26659.5,26685.8
1776781800,26686.2,26701.4,26662.9,26669.2
1776782700,26669.4,26674.7,26576.5,26583.6
1776783600,26583.3,26615.8,26508.4,26606.9
1776784500,26607.2,26633,26553.5,26569.7
1776785400,26570.2,26603.4,26539.2,26581.6
1776786300,26581.7,26607.6,26562.3,26577.8
1776787200,26577.6,26626.8,26566.9,26578.7
1776788100,26578.9,26599.4,26548.3,26551.3
1776789000,26551.8,26593.3,26517.5,26527.9
1776789900,26528.2,26561.3,26514.9,26517.6
1776790800,26518.7,26553.3,26464.5,26490.6
1776791700,26490.9,26502.3,26447,26480.9
1776792600,26479.3,26608.1,26476.8,26571.3
1776793500,26571.9,26576,26524.7,26546.3
1776794400,26546.4,26575.7,26545.5,26568.9
1776795300,26569,26577.8,26507,26525.1
1776796200,26525.2,26553.9,26524.4,26534.8
1776797100,26534.9,26591.4,26512.3,26570.1
1776798000,26570.2,26618.7,26566.8,26582.4
1776798900,26582.7,26626.1,26567.1,26622.1
1776799800,26623.3,26632.5,26398.2,26419.3
1776800700,26420.9,26497.2,26416.2,26487.5
1776801600,26486.6,26640.9,26449.6,26593.7
1776802500,26594.9,26619.2,26582,26585.9
1776803400,26585.6,26592.3,26559.7,26567.3
1776804300,26568.1,26590.8,26552,26571.6
1776805200,26571.8,26578.6,26568.9,26578.6
1776806100,26578.2,26578.8,26574.7,26574.9
1776807000,26575,26586.8,26575,26585.1
1776807900,26585,26590,26583.8,26586.3
1776808800,26587.1,26610.8,26576.4,26604.8
1776809700,26604.7,26609.6,26595.8,26599.9
1776810600,26600,26605.9,26592.2,26596.9
1776811500,26597,26601.4,26583,26591.9
1776812400,26591.8,26599.8,26584.3,26596.5
1776813300,26595.6,26603.7,26592,26596.3
1776814200,26596.4,26611.8,26588.2,26610
1776815100,26610.1,26626.5,26610.1,26621.5
1776816000,26621.7,26659.9,26620.8,26652.4
1776816900,26652.2,26664.5,26644.8,26651.5
1776817800,26651.6,26667.2,26651,26657.8
1776818700,26657.6,26658.8,26641.5,26644.9
1776819600,26644.8,26662.3,26643.6,26653.3
1776820500,26653.5,26657.1,26643,26652.2
1776821400,26652,26682.5,26651,26665.7
1776822300,26665.5,26673.4,26656.5,26668.9
1776823200,26669.1,26681.8,26665,26675.1
1776824100,26675,26680.1,26665.6,26676.9
1776825000,26676.4,26678.9,26664.8,26667.5
1776825900,26667.7,26671.9,26664.5,26665.5
1776826800,26665.6,26675.9,26654,26657.9
1776827700,26658.1,26660.9,26654.1,26659.4
1776828600,26659.5,26672.9,26653.3,26661.9
1776829500,26662.2,26664.4,26653.9,26657.7
1776830400,26657.9,26666.2,26648.6,26662.1
1776831300,26661.7,26663.9,26645.4,26646
1776832200,26645.8,26650.7,26640.3,26644.8
1776833100,26644.7,26651,26622.7,26628
1776834000,26628.6,26646.6,26616.1,26641.4
1776834900,26641.2,26706.2,26639.7,26675.7
1776835800,26675.9,26690.5,26671.3,26682.8
1776836700,26682.7,26693,26677.6,26679.8
1776837600,26679.9,26683.9,26655.3,26659.7
1776838500,26659.8,26672.5,26652,26672
1776839400,26671.3,26694.3,26671.3,26684.8
1776840300,26685.1,26693.7,26679.4,26684.7
1776841200,26684.9,26696.7,26680.8,26693.1
1776842100,26692.9,26702.1,26675.3,26697.8
1776843000,26698.1,26714,26688.3,26710
1776843900,26709.7,26712.8,26693.6,26694.8
1776844800,26694.9,26700.7,26676.3,26685
1776845700,26685.1,26687,26656.9,26658.6
1776846600,26658.5,26670.8,26628.3,26654.1
1776847500,26653.9,26670.3,26642.9,26668.9
1776848400,26668.4,26699.4,26664.6,26696.1
1776849300,26696,26708.9,26688.3,26705
1776850200,26704.8,26708.7,26696.3,26707.8
1776851100,26707.4,26712.6,26657.9,26675
1776852000,26674.7,26689.7,26655.3,26663.2
1776852900,26662.8,26685.7,26662.2,26682.7
1776853800,26682.5,26698,26674.1,26678.6
1776854700,26678.5,26683.5,26671.5,26674.8
1776855600,26675.7,26683.3,26666.7,26668.8
1776856500,26668.6,26680.4,26660,26666.5
1776857400,26666.7,26674.8,26656,26660.8
1776858300,26661,26688.9,26657.4,26682.9
1776859200,26682.7,26748.9,26682.5,26745.2
1776860100,26745.5,26747.9,26714.6,26718.5
1776861000,26718,26726.3,26687.7,26691
1776861900,26690.8,26701.8,26669.5,26671.7
1776862800,26671.8,26724.2,26666.6,26685
1776863700,26686.5,26735.4,26674.7,26729.6
1776864600,26729.3,26741.1,26663.5,26701.9
1776865500,26701.7,26729.4,26661.1,26713.7
1776866400,26713.6,26774.7,26701.9,26772.2
1776867300,26772.3,26841.1,26772.2,26840.5
1776868200,26840.4,26855.5,26793.9,26818.4
1776869100,26818.3,26839.7,26795.9,26821.1
1776870000,26821,26834.6,26790.3,26823.9
1776870900,26823.8,26855.2,26812.8,26838.4
1776871800,26838.6,26850.9,26814.2,26815.7
1776872700,26815.9,26849.3,26809.2,26826.8
1776873600,26827,26849,26812.4,26842.5
1776874500,26842.7,26847.7,26818.5,26822.1
1776875400,26822.4,26838.3,26806.3,26815.3
1776876300,26815.1,26830.6,26805.4,26813.2
1776877200,26813.1,26883.5,26813.1,26866
1776878100,26866.4,26895.9,26855.3,26874.4
1776879000,26874.2,26888.6,26871.9,26886.4
1776879900,26886.3,26894.6,26867.2,26877.3
1776880800,26877.7,26889.2,26870.9,26877.6
1776881700,26877.8,26877.8,26841.4,26847.6
1776882600,26847.9,26876.1,26845,26872.6
1776883500,26872.7,26887.4,26859.6,26861.2
1776884400,26860.4,26881.7,26826.1,26878
1776885300,26878.1,26904.5,26877,26893.4
1776886200,26892.7,26903.5,26884.2,26902.4
1776887100,26902.6,26941.8,26898.8,26928.5
1776888000,26930,26984.3,26919.4,26960
1776888900,26960.1,26971.6,26942.4,26955.5
1776889800,26955.2,26963.6,26925.9,26947.9
1776890700,26946.6,26959.6,26942.5,26958.1
1776891600,26957.9,26968.4,26954.7,26966.8
1776892500,26966.7,26967,26954.1,26965.8
1776893400,26965.7,26965.8,26941.2,26942.3
1776894300,26942.8,26946.2,26926.5,26931.2
1776895200,26926.2,26945.8,26919.2,26938.1
1776896100,26937.8,26951.2,26934.2,26934.6
1776897000,26934.5,26941.9,26930,26934.9
1776897900,26934.7,26944.3,26934.6,26940.9
1776898800,26941.1,26945.1,26934.4,26944.7
1776899700,26944.6,26952,26941.3,26948.9
1776900600,26948.8,26948.9,26941,26945.5
1776901500,26945.6,26953.2,26944.6,26949.4
1776902400,26949.3,26952.1,26788.5,26789.9
1776903300,26790.7,26908.6,26702.7,26903.5
1776904200,26903.3,26925.3,26889.2,26900
1776905100,26899.9,26918.6,26894.6,26912
1776906000,26911.9,26915.6,26878.8,26885.8
1776906900,26885.6,26892.4,26867.4,26870.3
1776907800,26870.2,26888.1,26856.1,26870.8
1776908700,26870.7,26872,26847.2,26854.9
1776909600,26855,26855.7,26809.7,26810.4
1776910500,26810.1,26847.3,26802.2,26818.5
1776911400,26818.4,26835.1,26802.4,26812.3
1776912300,26812.2,26825.3,26799.2,26804.5
1776913200,26804.8,26814.2,26765.8,26771.5
1776914100,26771.4,26772.4,26750.1,26751.5
1776915000,26751.3,26756.1,26717.1,26734.1
1776915900,26734.2,26765.7,26732.2,26762.5
1776916800,26762.6,26783.9,26745.6,26782.7
1776917700,26782.6,26791.6,26775.4,26787
1776918600,26786.9,26804.6,26782.1,26797.4
1776919500,26797.3,26812.1,26792.2,26809.8
1776920400,26810.2,26820.7,26805.2,26815.7
1776921300,26816.2,26818.2,26791.6,26805.2
1776922200,26806,26817.5,26792.5,26800
1776923100,26800.1,26835.6,26799.5,26831.8
1776924000,26833.4,26846.3,26829.9,26836.3
1776924900,26836.8,26861,26834.5,26852.8
1776925800,26851.8,26859.7,26845.8,26847.9
1776926700,26847.8,26855.6,26835.8,26844.6
1776927600,26845,26854.4,26834.7,26847.1
1776928500,26847.3,26850.6,26827.9,26841.4
1776929400,26841.5,26852.8,26823.1,26850.8
1776930300,26851.1,26868.8,26840,26850.2
1776931200,26850.1,26856.6,26808.2,26822.3
1776932100,26822.5,26845.5,26819.1,26829.5
1776933000,26829.7,26831.3,26782.4,26786
1776933900,26785.8,26790.9,26771.9,26780.2
1776934800,26780.3,26782.8,26745,26763.4
1776935700,26763.6,26806.3,26760.4,26794.8
1776936600,26794.7,26815.9,26793.3,26803.7
1776937500,26803.4,26804.4,26792.6,26794.4
1776938400,26792.1,26796.8,26769.4,26777.1
1776939300,26777.2,26807.5,26777.2,26793.8
1776940200,26793.6,26834.1,26789.7,26806.6
1776941100,26806.4,26837.6,26800.1,26832.4
1776942000,26832.1,26847.5,26821.2,26834.5
1776942900,26834.9,26839.6,26808.4,26819.7
1776943800,26819.6,26840.5,26797.1,26839.2
1776944700,26839.4,26900.8,26836.6,26884.4
1776945600,26884.3,26932.3,26880.5,26916.6
1776946500,26916,26916,26873.5,26887.4
1776947400,26887.1,26903.1,26876.9,26888.2
1776948300,26888.3,26894.3,26816.4,26862.9
1776949200,26862.7,26883.2,26835.2,26855.2
1776950100,26855.6,26879.7,26846.4,26866.6
1776951000,26867.2,26921.7,26819,26912.2
1776951900,26912.1,26955.4,26866.5,26868.8
1776952800,26869.3,26880.8,26822.4,26841.1
1776953700,26841.5,26880.7,26836.6,26866
1776954600,26867,26908.8,26855.6,26885.1
1776955500,26885.2,26957.3,26885.2,26943.9
1776956400,26943.1,26982.9,26943.1,26970.7
1776957300,26970.8,27001.2,26960.1,26983.6
1776958200,26983.8,27007.5,26966.4,26972.4
1776959100,26972.2,26973.7,26912.1,26943.4
1776960000,26942.6,26950.5,26889.6,26933.1
1776960900,26931.8,26955.9,26918.7,26941.5
1776961800,26940,26968.3,26934.2,26952.5
1776962700,26952.3,26963.7,26925.4,26938.9
1776963600,26938.8,26948.5,26773.9,26799.4
1776964500,26798.9,26798.9,26711.6,26723.5
1776965400,26723.7,26802.5,26598,26615.4
1776966300,26615.3,26746.7,26535.7,26732.9
1776967200,26733.1,26799.9,26714.7,26770.9
1776968100,26770.6,26794.8,26754.9,26790.9
1776969000,26790.7,26833.7,26774.9,26800
1776969900,26799.9,26801.9,26695.6,26714.8
1776970800,26714.9,26756.2,26696.7,26755.3
1776971700,26755.4,26778.9,26754,26766.2
1776972600,26765.9,26785.9,26707,26719.9
1776973500,26720.7,26795.5,26695.5,26777
1776974400,26779,26841.2,26763.6,26800.6
1776975300,26799.4,26822.2,26770.1,26811
1776976200,26811.2,26820,26804.1,26813.5
1776977100,26813.8,26816.8,26785.9,26792.4
1776978000,26793.5,26819.3,26792.7,26813.4
1776978900,26814.3,26846.7,26813.2,26844
1776979800,26843.1,26867.7,26842.7,26860.4
1776980700,26861.1,26863.5,26851,26859.7
1776981600,26851.5,26904.2,26851.5,26898.2
1776982500,26897.2,26903.6,26885.4,26891.6
1776983400,26891.7,26900.9,26881.3,26890.9
1776984300,26890.6,26911.6,26890.6,26900.4
1776985200,26899.6,26907.8,26892.7,26895.5
1776986100,26895.4,26910.7,26892.5,26908.7
1776987000,26908.9,26932.2,26908.8,26924.5
1776987900,26924.6,26941,26924.6,26938.5
1776988800,26940.6,26971.5,26928.6,26969.2
1776989700,26969.3,26985.3,26961.1,26983
1776990600,26983.1,26996.2,26969.9,26977.5
1776991500,26977.8,26987.2,26964.5,26979.1
1776992400,26979.5,26985.5,26972,26975.6
1776993300,26975.7,26987.9,26969.6,26981
1776994200,26981.1,26983.5,26958.3,26968.9
1776995100,26969.2,26984,26967.7,26977.1
1776996000,26976.1,26979.7,26948.1,26954.8
1776996900,26954.7,26961.4,26932.7,26935.3
1776997800,26935.4,26953.2,26934.7,26946
1776998700,26946.1,26947.7,26917.5,26930.2
1776999600,26930.5,26939,26915.6,26918.7
1777000500,26918.8,26922.9,26894.8,26896
1777001400,26896.1,26903.4,26882.4,26890.6
1777002300,26890.5,26909.5,26889.2,26891.4
1777003200,26891.6,26906.9,26877.9,26902.2
1777004100,26901.9,26904.4,26875,26884.4
1777005000,26884.2,26901.7,26883.8,26900.7
1777005900,26900.6,26917.2,26899.2,26914.5
1777006800,26914.6,26915.7,26889.6,26908.8
1777007700,26909.4,26924.2,26901.3,26918.5
1777008600,26918.3,26937,26918.3,26931.6
1777009500,26931.5,26945.7,26929.1,26944.1
1777010400,26944.7,26957.8,26938.4,26947.1
1777011300,26947,26951.3,26928.8,26930.9
1777012200,26931.7,26947.5,26930.8,26938.3
1777013100,26938.2,26939.5,26925.3,26932.6
1777014000,26932.7,26965.9,26928.6,26960.9
1777014900,26960.7,26974.1,26949.3,26968.8
1777015800,26967.6,26968.1,26939.7,26946.8
1777016700,26946.7,26970.4,26943.5,26966.9
1777017600,26965.4,26968.8,26934.1,26948.8
1777018500,26948.9,27012,26948.9,26971.5
1777019400,26971.4,26972.3,26941.4,26944.1
1777020300,26944.2,26970.5,26942.2,26953.2
1777021200,26953.4,26963.8,26940.3,26958
1777022100,26957.9,26965.9,26923,26953.5
1777023000,26953.3,26973.6,26948.3,26971.5
1777023900,26971.9,26980.3,26958.6,26967.2
1777024800,26967,26998.9,26966.6,26996.9
1777025700,26996.8,27045,26993,27041.3
1777026600,27040.8,27052.9,27031.5,27036.4
1777027500,27037.2,27042,27029,27030.3
1777028400,27030,27166.7,27029.3,27138.7
1777029300,27138.6,27211.6,27124.7,27211.4
1777030200,27211.3,27223,27144.6,27153.1
1777031100,27152.8,27155.5,27125.5,27133.6
1777032000,27134.5,27162.7,27126.3,27158.9
1777032900,27159.2,27171.5,27124.9,27151.7
1777033800,27151.6,27153.8,27090.4,27103.7
1777034700,27104,27120.5,27061,27096.5
1777035600,27096.6,27124.7,27085.7,27103.3
1777036500,27103.5,27126.9,27067.1,27071.5
1777037400,27071.1,27119.7,27036,27075.1
1777038300,27075.3,27111.9,26988.1,27052.4
1777039200,27051.1,27123.6,27015.9,27092.2
1777040100,27091.7,27119.2,27045.3,27058.9
1777041000,27060,27116.5,27026.6,27111
1777041900,27110.9,27156.8,27089.1,27149.2
1777042800,27149.5,27177.6,27146.4,27177.2
1777043700,27177,27190.4,27153.3,27183.6
1777044600,27183.4,27250,27166.2,27239.5
1777045500,27238.7,27275.6,27204.3,27254.8
1777046400,27255.1,27261.3,27217.9,27240.1
1777047300,27240,27265.1,27225,27256
1777048200,27255.9,27288,27235.1,27249.9
1777049100,27250.1,27274.7,27242.4,27267.8
1777050000,27266.7,27280.2,27258.9,27266.3
1777050900,27266.4,27267.6,27225.1,27241.7
1777051800,27241.1,27276.7,27229.6,27270.6
1777052700,27270.5,27319,27267.5,27289.1
1777053600,27289.6,27300.7,27264,27274.2
1777054500,27274,27275.1,27242.8,27246.6
1777055400,27248.1,27280.9,27244.1,27266.7
1777056300,27266.6,27271.9,27253.9,27268.3
1777057200,27268.5,27305.4,27268.3,27301.3
1777058100,27302.1,27314.1,27279.2,27284
1777059000,27284.1,27286.8,27265,27277
1777059900,27276.9,27306,27268.9,27294.2
1777060800,27294.4,27300,27269.5,27276.1
1777061700,27276.6,27290.2,27272.8,27281
1777062600,27280.5,27302.3,27278,27295.1
1777063500,27294.6,27306.1,27289.3,27300.7
1777240800,27269.6,27283.3,27207.9,27221.2
1777241700,27221.1,27237.5,27219.2,27235.8
1777242600,27236.1,27252.8,27226.1,27247.6
1777243500,27247.3,27261.4,27242.4,27258.6
1777244400,27258.5,27259.5,27239.2,27242.9
1777245300,27243,27257.2,27241.6,27246.6
1777246200,27245,27245.3,27230.4,27241.4
1777247100,27241.6,27250.9,27233.2,27248.5
1777248000,27248.4,27275,27242.9,27271
1777248900,27270.8,27284.3,27260.9,27279.4
1777249800,27279.5,27301.5,27267.7,27297.5
1777250700,27297.4,27333.5,27292.4,27318.2
1777251600,27319.6,27363.9,27319.6,27332.8
1777252500,27332.9,27358.6,27318,27355.8
1777253400,27355.9,27385.1,27351.7,27376.6
1777254300,27376.9,27403.3,27373.5,27399.5
1777255200,27399.3,27405.6,27380.8,27389.5
1777256100,27389.1,27400.6,27375.8,27383.1
1777257000,27382.8,27395.4,27379.2,27381.7
1777257900,27382,27387.1,27378.9,27381.6
1777258800,27381.5,27398.1,27377.8,27381.8
1777259700,27381.7,27392.5,27378.3,27389.8
1777260600,27390,27396.1,27383,27392.2
1777261500,27392.1,27394.7,27384.7,27388.8
1777262400,27388.3,27391,27372.5,27376.7
1777263300,27376.9,27395,27376,27392.4
1777264200,27392.6,27403.6,27387.1,27394.6
1777265100,27394.5,27400.1,27374.3,27381.9
1777266000,27382.3,27383.9,27340.7,27341.1
1777266900,27341,27347.4,27320.1,27321.7
1777267800,27321.6,27330.1,27305.3,27321.2
1777268700,27321.3,27327.6,27306,27311.6
1777269600,27311.4,27319.5,27291.7,27304.5
1777270500,27304.6,27316.4,27291.9,27312.8
1777271400,27312.9,27314.5,27286.6,27303.5
1777272300,27303.7,27310.6,27292.1,27296.8
1777273200,27296.9,27307.9,27271,27290.1
1777274100,27290.2,27298.7,27276.1,27281.7
1777275000,27281.8,27289.1,27269.2,27282.7
1777275900,27282.4,27298.1,27278.8,27289.2
1777276800,27289.1,27298.4,27251.2,27254.4
1777277700,27254.2,27281.9,27249.9,27277.7
1777278600,27278.3,27300.9,27274.9,27296.1
1777279500,27296,27308.1,27294.7,27302
1777280400,27302.2,27313.9,27298.9,27311.3
1777281300,27311.1,27318.6,27303,27315.5
1777282200,27315.4,27322.9,27309,27313.7
1777283100,27313.5,27330.1,27311.8,27317.3
1777284000,27317.5,27322.7,27303.1,27310.2
1777284900,27310.1,27329.2,27308.5,27317.1
1777285800,27317.4,27344.6,27313.3,27341.4
1777286700,27341.5,27346.7,27329.9,27338.1
1777287600,27338.2,27355.4,27337.5,27347.8
1777288500,27347.9,27361.3,27339.5,27355.8
1777289400,27355.9,27362.9,27340.3,27343.5
1777290300,27343.4,27355.7,27339.6,27343.5
1777291200,27344.2,27345.4,27323.8,27329.6
1777292100,27329.8,27331.4,27261.1,27283.3
1777293000,27283.1,27287.1,27252.3,27279.9
1777293900,27279.8,27299.5,27270.7,27283.8
1777294800,27283.7,27296.9,27247.3,27280
1777295700,27279.9,27289.6,27257,27272.8
1777296600,27273.15,27291.2,27217.6,27250.1
1777297500,27250.8,27277,27163.7,27265.5
1777298400,27266.1,27273.9,27214.3,27254.3
1777299300,27254.1,27256.9,27217.1,27222.8
1777300200,27223.2,27267.3,27184.9,27240.2
1777301100,27240.9,27253.3,27208.9,27231
1777302000,27230.7,27241.3,27194.3,27202.6
1777302900,27202.4,27222.7,27171.1,27207.5
1777303800,27207.3,27245.5,27197.2,27235.3
1777304700,27234.9,27244,27212.1,27229.3
1777305600,27229.9,27247,27210.8,27238.5
1777306500,27238.7,27254,27235.1,27240.1
1777307400,27239.7,27271.7,27239.6,27261.8
1777308300,27261.6,27270.5,27243.2,27255.8
1777309200,27254.2,27279.8,27254.2,27278.7
1777310100,27278.9,27283.8,27244.4,27273.6
1777311000,27273.5,27301.9,27273.5,27293.1
1777311900,27293.3,27304.1,27283.9,27292.5
1777312800,27291.7,27299.5,27280.9,27294.4
1777313700,27294.6,27300.6,27286.5,27292.2
1777314600,27291.5,27297.7,27271.6,27275.9
1777315500,27275.7,27276.6,27255,27264
1777316400,27263.9,27279.4,27255.6,27277.9
1777317300,27277.7,27292.4,27276.6,27286.5
1777318200,27286.8,27297.1,27273.9,27291
1777319100,27290.7,27315.7,27289.2,27307.7
1777320000,27307.3,27307.95,27284.2,27289.3
1777320900,27288.8,27296.4,27273.6,27288.2
1777321800,27287.8,27304.3,27286.1,27296.6
1777322700,27296.1,27298.8,27280.6,27282.2
1777323600,27286.9,27291,27282.5,27289.5
1777324500,27289.6,27291.2,27287.3,27288.8
1777325400,27288.9,27293,27286.5,27288.8
1777326300,27288.6,27291.2,27287.6,27288.6
1777327200,27288,27354.9,27286.9,27349
1777328100,27348.9,27366.1,27348.8,27359.7
1777329000,27359.8,27364.7,27356.3,27360
1777329900,27360.1,27360.7,27346.6,27350
1777330800,27350.1,27354.4,27339.4,27343.3
1777331700,27343.1,27360.7,27343.1,27354.6
1777332600,27354.7,27370.7,27351.4,27363.5
1777333500,27363.3,27364.7,27350,27354.7
1777334400,27354.6,27378.8,27345.8,27369.1
1777335300,27369,27369,27315.9,27332.2
1777336200,27332.5,27345.6,27323.1,27340.9
1777337100,27340.8,27346.1,27332.1,27332.2
1777338000,27332.7,27338.5,27316.3,27327.6
1777338900,27327.7,27337.7,27321.6,27336.6
1777339800,27336.5,27349.8,27324.9,27345.3
1777340700,27345.4,27347.6,27282.9,27286.8
1777341600,27286.6,27300.7,27278.9,27296.5
1777342500,27296.6,27303.6,27290.3,27294.5
1777343400,27294.3,27294.3,27269.8,27274.6
1777344300,27274.5,27279.6,27252.7,27261.6
1777345200,27262.1,27276.7,27255.5,27275.3
1777346100,27275.1,27289.5,27271.7,27287.1
1777347000,27287,27295.4,27285.3,27286.7
1777347900,27286.8,27287.2,27271.5,27275.5
1777348800,27275.3,27292.3,27269.4,27290.1
1777349700,27290.3,27296.8,27287.5,27293.2
1777350600,27292.7,27304.9,27292.4,27302.3
1777351500,27302.4,27306.5,27281.2,27283.6
1777352400,27283.7,27289,27239.3,27253.5
1777353300,27253.2,27264.3,27241.6,27259.6
1777354200,27259.8,27260.1,27215.6,27237.8
1777355100,27237.6,27240.7,27218.3,27230.8
1777356000,27231.1,27245.1,27220,27237.9
1777356900,27238.5,27240.5,27223.6,27235.5
1777357800,27235.3,27241.6,27197.4,27201.6
1777358700,27201.7,27210,27187.4,27203.9
1777359600,27204.2,27212,27187.9,27204.5
1777360500,27204.6,27215,27187.6,27195.2
1777361400,27195.3,27219.2,27193.1,27205.4
1777362300,27205.6,27213.2,27189.3,27204.6
1777363200,27204.5,27207.5,27168,27181.9
1777364100,27181.8,27223.6,27181.8,27223.3
1777365000,27224.2,27225.6,27209,27211.9
1777365900,27211.1,27218.8,27202.1,27218.5
1777366800,27218.7,27220.9,27192.9,27207.8
1777367700,27207.9,27211.3,27175.7,27181.2
1777368600,27181.1,27183.7,27141.6,27150.8
1777369500,27150.3,27164.6,27122.3,27149.6
1777370400,27149.5,27168,27128.7,27131.5
1777371300,27131.3,27151.3,27116.4,27136
1777372200,27135.9,27146.6,27118.4,27119
1777373100,27118.8,27131.6,27105.2,27128.6
1777374000,27127.8,27136.6,27048.6,27058.7
1777374900,27058.4,27062.8,27007.4,27021.5
1777375800,27020.9,27023.1,26970.8,27011.2
1777376700,27011,27015.8,26947.9,26959.4
1777377600,26959.2,26974.7,26927.7,26965
1777378500,26964.9,26989,26911.6,26920.6
1777379400,26920.4,26976,26902.4,26961.2
1777380300,26960.9,27018.1,26957.6,27014.9
1777381200,27014.8,27032.1,26986.9,26991.8
1777382100,26991.9,27045.9,26979,27027.4
1777383000,27028,27106,26935.7,27078.2
1777383900,27078.1,27117,27008.5,27070.5
1777384800,27070,27099.5,27035.3,27071.7
1777385700,27071.3,27083,27016.9,27038.2
1777386600,27035.7,27046.9,26907.1,26967.8
1777387500,26967.4,26977.9,26876.9,26957.4
1777388400,26957.5,26983.4,26896,26961
1777389300,26960.7,26969.5,26902.7,26913.4
1777390200,26912.7,26923.8,26878.8,26905.3
1777391100,26905.1,26921.1,26876.6,26919
1777392000,26919.4,26952.9,26907.5,26937.1
1777392900,26937.2,26954.6,26921.9,26938.5
1777393800,26938.4,26944.9,26895.6,26908
1777394700,26907.7,26962.6,26904.8,26951.7
1777395600,26950.9,26962.5,26914.6,26937.6
1777396500,26937.4,26960.2,26915,26949.8
1777397400,26949.6,26999.6,26949.2,26986.7
1777398300,26986.5,27011.9,26981,27008.8
1777399200,27007.4,27014.1,26986.9,27007.4
1777400100,27007.8,27049.5,27007.6,27042.4
1777401000,27042.2,27048,27018.6,27044.5
1777401900,27044.6,27062,27036.8,27061.6
1777402800,27061,27091.4,27054.3,27072.8
1777403700,27073.1,27073.1,27038.4,27051.8
1777404600,27051.1,27056.4,27029.4,27043.4
1777405500,27043,27053.6,27020.9,27035.5
1777406400,27033,27063.1,27009.9,27049.8
1777407300,27049.3,27069.1,27048.5,27061.9
1777408200,27062.6,27065.7,27053.1,27057.3
1777409100,27057.5,27061.2,27048.7,27054.6
1777410000,27054.5,27060,27050.9,27055
1777410900,27054.9,27061.2,27053.4,27060.8
1777411800,27061,27062.1,27055.5,27056.2
1777412700,27056.4,27063,27054.9,27059.6
1777413600,27062.2,27096.6,27062.2,27088.4
1777414500,27088.2,27092.7,27074.1,27080.9
1777415400,27081,27092.2,27081,27086.3
1777416300,27086.4,27090.3,27082.6,27090.1
1777417200,27090,27093,27077.8,27085.3
1777418100,27085.7,27090.5,27084.7,27089.8
1777419000,27090,27106.9,27088.7,27104.3
1777419900,27104.1,27114.4,27098.8,27113.4
1777420800,27113.3,27145.3,27113.3,27144.3
1777421700,27143.8,27155.7,27129.9,27152.5
1777422600,27152.6,27160.5,27136.4,27145
1777423500,27145.1,27147,27127.3,27130
1777424400,27130.5,27131,27056.5,27086.1
1777425300,27085.2,27102.3,27078.2,27094.1
1777426200,27094.2,27135.8,27089.2,27126.1
1777427100,27126,27129.7,27105.1,27111.7
1777428000,27111.8,27137.6,27110.2,27133.8
1777428900,27134.1,27147,27125.7,27131.7
1777429800,27131.8,27133.2,27111.9,27120.3
1777430700,27120.6,27135.9,27116.7,27133.4
1777431600,27133.5,27159.6,27132.8,27147.3
1777432500,27147.5,27157.4,27145.4,27151.8
1777433400,27152,27154.3,27143.2,27144.7
1777434300,27144.9,27151.1,27141.3,27147.9
1777435200,27147.8,27162.3,27147.7,27161
1777436100,27160.7,27162.9,27152.8,27157.2
1777437000,27157.4,27177.8,27157.2,27168.5
1777437900,27168.4,27169.6,27157.4,27162
1777438800,27161.9,27168.7,27146.4,27150.3
1777439700,27150.4,27160.1,27142.4,27158.6
1777440600,27158.5,27169.3,27152.8,27166.2
1777441500,27166.6,27174.1,27160.8,27160.8
1777442400,27160.1,27183.1,27157.9,27160.5
1777443300,27160.6,27160.8,27146.5,27147.8
1777444200,27147.9,27164.5,27142.5,27158.7
1777445100,27158.8,27159.1,27126,27129.6
1777446000,27130,27154.1,27120,27122.5
1777446900,27122.7,27133.3,27111.4,27127.6
1777447800,27127.4,27138.7,27102,27102.3
1777448700,27103,27107.1,27076.6,27102.7
1777449600,27110.2,27127,27071.9,27074
1777450500,27074.2,27115.1,27062.8,27110.5
1777451400,27111,27115,27072.4,27105.6
1777452300,27105.3,27112.8,27094,27105.4
1777453200,27105.6,27126.4,27093.7,27120.7
1777454100,27120.4,27135.9,27105.5,27115.8
1777455000,27115.7,27131.3,27099.8,27102.9
1777455900,27103.3,27114.7,27086.5,27093.5
1777456800,27093.4,27111.8,27078.7,27109.9
1777457700,27110,27153.3,27107.8,27146.9
1777458600,27147.5,27153.9,27121.9,27128.7
1777459500,27128.8,27140.8,27118.4,27130
1777460400,27129.9,27142.3,27119.5,27135.2
1777461300,27135.1,27145.6,27123.4,27127.5
1777462200,27127.1,27151.5,27105.3,27113.9
1777463100,27113.8,27126.4,27099.6,27116.2
1777464000,27116.7,27117.7,27094.9,27100.4
1777464900,27100.3,27115.5,27085.9,27097.4
1777465800,27097.8,27114.2,27057.1,27107.2
1777466700,27107.1,27111.5,27082.5,27091.5
1777467600,27091.6,27115.5,27091.6,27107.4
1777468500,27107.5,27111.4,27064.8,27071.1
1777469400,27071.7,27084,26989.9,27044.5
1777470300,27044.7,27101.1,27022.1,27089.2
1777471200,27089.8,27094.2,27047.2,27081.9
1777472100,27082.7,27143.3,27072,27135.2
1777473000,27135.3,27182.4,27116.2,27172.8
1777473900,27173.4,27179.9,27149.4,27169.8
1777474800,27169.9,27177,27090.6,27098.3
1777475700,27098.5,27152,27087.7,27143
1777476600,27143.2,27160.1,27132.7,27147.5
1777477500,27147.6,27166.9,27068.2,27107.9
1777478400,27107.5,27137.5,27098.3,27112.5
1777479300,27112.4,27122.1,27066.9,27068.3
1777480200,27068.4,27075.7,27018.5,27071
1777481100,27070.9,27088,27049.6,27064.3
1777482000,27064.9,27084.1,27037.2,27072
1777482900,27071.9,27094.7,27058.7,27081.5
1777483800,27080.7,27096.5,27070.8,27084.4
1777484700,27084.1,27119.2,27080.8,27114.4
1777485600,27115.2,27121.7,27025.9,27058.2
1777486500,27058,27104.3,27055.2,27075.9
1777487400,27076.6,27132,27047.9,27059.5
1777488300,27059.4,27167.5,27041.7,27161.3
1777489200,27159.6,27186.1,27128.6,27184.4
1777490100,27184.3,27203.5,27162,27174.1
1777491000,27174,27177.5,27132.1,27142.9
1777491900,27143,27201.4,27127.6,27198.9
1777492800,27197.7,27275.4,26983.1,26994.2
1777493700,26994.9,27152.7,26958.8,27144.7
1777494600,27145.2,27163.3,27113.6,27116.7
1777495500,27116.5,27137.5,27011.6,27011.6
1777496400,27013.3,27056.7,27013.3,27052.9
1777497300,27053.2,27098,27051.7,27085.3
1777498200,27085.4,27134.3,27076.7,27133.5
1777499100,27134.5,27158.8,27114.8,27137.6
1777500000,27076.7,27304.1,27076.7,27298.9
1777500900,27299,27365.7,27291.9,27332.4
1777501800,27332.8,27355.2,27317.7,27336.2
1777502700,27336,27363.5,27332.1,27336.6
1777503600,27336.1,27348.7,27329,27339.8
1777504500,27339.7,27341.6,27318.4,27337.4
1777505400,27337.5,27386.9,27337.4,27384.7
1777506300,27384.9,27422.4,27374.7,27415.8
1777507200,27415.7,27459.5,27415.7,27439.3
1777508100,27439.4,27456.2,27424.6,27442.8
1777509000,27442.9,27490.3,27442.9,27470
1777509900,27470.1,27481.3,27455.4,27461.5
1777510800,27460.5,27468.7,27432.3,27433.5
1777511700,27433.3,27449.2,27431.8,27445.5
1777512600,27445.9,27463.9,27422.5,27432.9
1777513500,27433,27450.4,27422.4,27445.7
1777514400,27445.4,27454,27426.4,27431.8
1777515300,27431.9,27435.3,27379.3,27381.8
1777516200,27381.9,27383.1,27252.3,27304.6
1777517100,27304.5,27308.9,27260.2,27293.8
1777518000,27293.7,27320.2,27270.1,27279
1777518900,27278.9,27293.1,27268.4,27290.6
1777519800,27290.7,27306.6,27279.1,27294
1777520700,27294.1,27299.7,27270.7,27274.2
1777521600,27274,27277.3,27186.1,27205.9
1777522500,27205.8,27212.5,27145.7,27161.6
1777523400,27162.1,27164.5,27106.5,27132.6
1777524300,27132.3,27145.8,27097.2,27097.9
1777525200,27097.6,27173.6,27097.5,27169.9
1777526100,27169.8,27173.5,27109.4,27119.5
1777527000,27119.6,27163.6,27116.4,27140.1
1777527900,27139,27145.5,27087.7,27089.3
1777528800,27088.4,27097.6,27051.6,27079.3
1777529700,27079.1,27106.4,27067.3,27098.2
1777530600,27098,27173,27098,27137.7
1777531500,27137.8,27157.3,27118,27150.3
1777532400,27151,27208.3,27135.6,27191
1777533300,27190.9,27230.5,27169.2,27227.6
1777534200,27226.9,27245,27216.8,27224.6
1777535100,27224.8,27232.1,27201.4,27216.4
1777536000,27216.3,27249.6,27206.2,27221.7
1777536900,27221.8,27228.6,27189.6,27227.3
1777537800,27227.5,27263,27224.2,27251.1
1777538700,27251,27260.1,27224.5,27224.5
1777539600,27226.4,27245.6,27207.6,27218.6
1777540500,27218.9,27261.7,27195.7,27258.2
1777541400,27257.4,27307.3,27237,27242.4
1777542300,27242,27257.3,27222.1,27234.5
1777543200,27234.2,27267.2,27234,27244.2
1777544100,27244,27288.4,27236.3,27281.9
1777545000,27282,27298.7,27237.3,27245.8
1777545900,27245.6,27268.4,27221.3,27240.5
1777546800,27242.6,27303.6,27235.6,27278.9
1777547700,27278.7,27356,27277.5,27352.8
1777548600,27352.9,27361.1,27315.4,27315.6
1777549500,27315.3,27331.7,27299.9,27305.5
1777550400,27304.8,27355.9,27304.8,27351
1777551300,27350.6,27404.4,27350.1,27404.4
1777552200,27404.3,27412.4,27339,27352
1777553100,27352.2,27398.6,27344.1,27388.1
1777554000,27388.3,27404.5,27363.6,27366.5
1777554900,27366.6,27379.8,27358,27360.6
1777555800,27360.5,27360.5,27137.6,27210.8
1777556700,27210.9,27230.2,27071.4,27113.6
1777557600,27114.4,27170.2,27068,27120.1
1777558500,27120.4,27123.6,27029.9,27093.6
1777559400,27092.8,27141,27037.2,27110.4
1777560300,27110.3,27241.1,27108.5,27225.2
1777561200,27225.1,27281.6,27224.5,27269
1777562100,27269.2,27285.6,27246.2,27273.7
1777563000,27272.9,27303.4,27220.1,27231
1777563900,27230.3,27288.4,27199.2,27255.2
1777564800,27255.3,27298.9,27223.7,27296.5
1777565700,27296.7,27301.1,27262.1,27281.4
1777566600,27282.3,27291.6,27261.1,27263.3
1777567500,27263.6,27269.9,27215.2,27237.1
1777568400,27237.3,27320.2,27235.6,27313.2
1777569300,27313,27328.7,27292,27327.8
1777570200,27327.4,27371.1,27327.2,27363.7
1777571100,27363.3,27413.1,27363.3,27407.7
1777572000,27407.6,27451.5,27407.4,27435.3
1777572900,27435.1,27448.8,27415.9,27426
1777573800,27426.1,27455.7,27425.4,27439.6
1777574700,27440.3,27447.4,27413.1,27415.7
1777575600,27415.2,27461.6,27406.6,27460.4
1777576500,27460.7,27473.7,27453.4,27458.6
1777577400,27458.7,27483.4,27449.7,27482
1777578300,27482.1,27485.2,27436.6,27442.7
1777579200,27441.9,27466.1,27421.3,27450.7
1777580100,27451.7,27476.8,27451.4,27466.4
1777581000,27466.9,27481.4,27441.2,27446.7
1777581900,27446.4,27469.2,27445.4,27462.2
1777582800,27464.2,27464.6,27427.9,27436.6
1777583700,27436.7,27448.6,27426.4,27427.5
1777584600,27427.6,27532.4,27422.8,27510.1
1777585500,27509.9,27510,27490.5,27500.4
1777586400,27501.5,27517.5,27478,27510.3
1777587300,27510.2,27511.7,27484.4,27488.3
1777588200,27489.3,27492.9,27475.3,27484.6
1777589100,27484.8,27485.2,27428.5,27451.7
1777590000,27451.6,27471.9,27446.6,27454.3
1777590900,27454.4,27475.8,27450.6,27474.5
1777591800,27474.7,27494.3,27469.9,27477
1777592700,27474.7,27488.9,27461.6,27464.8
1777593600,27468,27490.5,27461.6,27469.1
1777594500,27468.6,27506.3,27468.6,27500.7
1777595400,27500.6,27508.6,27491.9,27503
1777596300,27504,27513.1,27492.4,27495
1777597200,27495.1,27510.4,27483.2,27509.5
1777598100,27509.6,27523,27502.9,27517.4
1777599000,27517.6,27530.6,27512.4,27518
1777599900,27518.2,27527.6,27512.8,27521.3
1777600800,27520.8,27523.6,27513.6,27514.1
1777601700,27514.2,27518.5,27504.9,27507.4
1777602600,27507.6,27514.8,27496.9,27501.2
1777603500,27501.1,27517.1,27495.3,27514.7
1777604400,27514.8,27526,27507.1,27521.8
1777605300,27521.9,27531.8,27519.3,27527.2
1777606200,27527.6,27543.4,27508.1,27509.3
1777607100,27509.1,27517.8,27505.2,27515.2
1777608000,27515.1,27516.1,27492.9,27501.5
1777608900,27501.3,27506.7,27495.4,27499.3
1777609800,27499.2,27504.6,27490.6,27497
1777610700,27496.9,27502.9,27495.6,27499.9
1777611600,27500.1,27512,27490.8,27508.3
1777612500,27507.8,27510,27492.9,27508
1777613400,27508.2,27509,27492.1,27497.2
1777614300,27497.1,27497.1,27482.6,27487.3
1777615200,27487.4,27494.4,27482.3,27493.9
1777616100,27493.8,27499.9,27479.2,27480
1777617000,27480.1,27484.1,27467.8,27475.4
1777617900,27475.5,27478.2,27462.8,27467.6
1777618800,27467.5,27493.2,27466.8,27489.6
1777619700,27489.5,27497.4,27472.7,27474.3
1777620600,27474.6,27475.8,27452.6,27453.6
1777621500,27453.5,27474.9,27443.4,27449.1
1777622400,27449.2,27466.3,27446.6,27460.5
1777623300,27460.4,27468.7,27451.4,27455
1777624200,27455.1,27455.1,27433.5,27435.4
1777625100,27435.1,27440.3,27424.8,27438.3
1777626000,27438.5,27438.5,27415.2,27428
1777626900,27427.9,27439.8,27422.5,27435.4
1777627800,27435.5,27441.6,27428.4,27434.5
1777628700,27434.3,27448.3,27431.3,27442.9
1777629600,27442.8,27443.8,27428.6,27441.6
1777630500,27442.1,27452.6,27432.8,27434.4
1777631400,27434.5,27438.9,27406.4,27422.1
1777632300,27422,27442.7,27419.6,27439.8
1777633200,27439.7,27446,27410.6,27420.8
1777634100,27420.7,27436.5,27413.7,27419.3
1777635000,27419.2,27424.3,27408.9,27419
1777635900,27418.3,27437.1,27416.7,27436
1777636800,27436.2,27492.8,27419.4,27471.9
1777637700,27471.4,27496.5,27461,27484.1
1777638600,27484,27485.1,27438.9,27442.7
1777639500,27442.5,27461.6,27438.7,27448.9
1777640400,27449,27485.9,27446.3,27474.2
1777641300,27474.1,27508.5,27464.8,27502.7
1777642200,27502.85,27665.8,27489.4,27659.4
1777643100,27659.5,27748.3,27623.4,27747.2
1777644000,27747.8,27781,27727.3,27763.8
1777644900,27763.9,27776.6,27733.9,27743.6
1777645800,27745.5,27747.3,27625.2,27688.7
1777646700,27689,27716.9,27665.9,27686.9
1777647600,27686.6,27709.1,27643,27708
1777648500,27708.4,27742.1,27700.1,27734.3
1777649400,27734.6,27777.9,27730.4,27770
1777650300,27769.8,27791.8,27714,27764.4
1777651200,27763.9,27775.7,27712.9,27715.4
1777652100,27715.1,27748.7,27691,27704.2
1777653000,27705.4,27724.2,27682.4,27693.8
1777653900,27693.9,27730.9,27680.4,27706.6
1777654800,27706.1,27733.1,27702.9,27731.2
1777655700,27731.5,27762.4,27730.3,27759.8
1777656600,27759,27763.1,27738.2,27758.6
1777657500,27758.8,27770.7,27751.1,27757.9
1777658400,27758,27764.5,27719.8,27722.4
1777659300,27722.3,27747.1,27710.3,27743.8
1777660200,27744,27745.4,27688.7,27698.9
1777661100,27698.7,27701.5,27671.7,27696.7
1777662000,27697.3,27748.5,27693.9,27743.9
1777662900,27744,27775.1,27737.3,27771.2
1777663800,27770.8,27775.6,27739.8,27750.3
1777664700,27750.1,27756.1,27700.4,27714.3
1777665600,27714.7,27715.9,27692.6,27696.7
1777666500,27697.5,27697.9,27664.2,27677.2
1777667400,27677.7,27679.4,27658.2,27665.9
1777668300,27665.6,27677.8,27633.6,27661.7
1777845600,27777.1,27807.1,27738.1,27746.5
1777846500,27746.4,27758.8,27718.6,27725.4
1777847400,27725.5,27741.1,27720.6,27735.1
1777848300,27735,27755.3,27715.2,27731.4
1777849200,27731.3,27736.7,27700.4,27708.9
1777850100,27709,27709,27693.9,27699.9
1777851000,27700,27714.6,27695.7,27705.9
1777851900,27705.8,27711.9,27695.7,27703.4
1777852800,27702.4,27745.9,27680.4,27735.6
1777853700,27735.2,27742.7,27687.1,27717.4
1777854600,27717.7,27743,27711.8,27741.8
1777855500,27741.9,27777.8,27738.6,27771.7
1777856400,27771.4,27778.8,27740,27763.2
1777857300,27763.9,27771.4,27752.1,27756.2
1777858200,27755.9,27792.8,27753.5,27783.1
1777859100,27783.4,27802.7,27779.2,27797.7
1777860000,27798.6,27802.5,27774.4,27792.1
1777860900,27792.3,27792.6,27761.7,27766.7
1777861800,27766.6,27794.3,27765.1,27792.2
1777862700,27792.5,27824.4,27789.7,27808
1777863600,27807.9,27823.4,27805.2,27819.5
1777864500,27819.6,27819.9,27804.7,27806.9
1777865400,27806.6,27811.3,27797.4,27809.8
1777866300,27810.1,27818.8,27798.5,27809.8
1777867200,27809.7,27822.1,27806.3,27815.9
1777868100,27815.8,27832.5,27815.8,27827.5
1777869000,27827.3,27831.3,27817.9,27823.5
1777869900,27823.6,27825.9,27815.5,27816.8
1777870800,27816.9,27830.8,27811.6,27828.6
1777871700,27829.2,27846,27815.9,27817.8
1777872600,27817.3,27830.2,27810.3,27830.2
1777873500,27829.9,27833,27811.7,27814.1
1777874400,27813.9,27821.1,27784.9,27802
1777875300,27802.1,27806.3,27774.3,27788.9
1777876200,27789.1,27799.6,27751.6,27763.2
1777877100,27763.3,27780.8,27753,27774.6
1777878000,27774.8,27810.6,27761.9,27803.5
1777878900,27803,27825.8,27802.7,27815.5
1777879800,27815.4,27823.8,27803.5,27818.8
1777880700,27818.7,27832.4,27791.6,27791.6
1777881600,27792.3,27794.2,27745.7,27765.8
1777882500,27765.6,27787.9,27748.4,27781.6
1777883400,27781.3,27790.4,27771.5,27772.1
1777884300,27772.3,27784.7,27765.7,27774.4
1777885200,27774.5,27795.1,27762,27791.3
1777886100,27790.9,27792.7,27781.5,27791.6
1777887000,27791.8,27803.3,27785.3,27795.7
1777887900,27795.4,27803.3,27770,27771.2
1777888800,27770.9,27778,27544.9,27579.3
1777889700,27579.5,27647.1,27542.2,27631.2
1777890600,27631.4,27733.5,27622.6,27705.9
1777891500,27706.1,27717.7,27684.6,27694.1
1777892400,27694.4,27726,27679.2,27708.2
1777893300,27708.3,27724.7,27693.7,27700
1777894200,27699.9,27710.9,27657.5,27690.9
1777895100,27690.7,27712.8,27673.7,27706.1
1777896000,27706.2,27749.2,27706.2,27736.3
1777896900,27736.5,27761,27713.2,27742.6
1777897800,27742.5,27755.5,27720.9,27743.3
1777898700,27743.4,27747.2,27712.1,27725.6
1777899600,27726,27756.3,27666.2,27728.5
1777900500,27728.4,27743.2,27722.1,27731.9
1777901400,27732.5,27765.2,27688.8,27735.8
1777902300,27736,27777.2,27725.1,27776.7
1777903200,27777,27794.1,27729.9,27774.9
1777904100,27774.7,27792.2,27747.5,27752.4
1777905000,27751.8,27810.5,27745.4,27806.3
1777905900,27806.4,27821.7,27755.7,27763.9
1777906800,27763.7,27795,27722,27737
1777907700,27736.7,27748.8,27592.2,27656.1
1777908600,27656.5,27662.3,27578.1,27643.7
1777909500,27643.1,27653,27584.9,27616.3
1777910400,27616.4,27628.4,27498.9,27537.5
1777911300,27537.6,27628.1,27510,27594
1777912200,27595.2,27625.4,27572.3,27595.2
1777913100,27595.4,27606,27573.5,27589.2
1777914000,27589.3,27641.2,27589.2,27627.7
1777914900,27627.5,27687.2,27624.1,27676.8
1777915800,27675.7,27680.2,27636.1,27660.5
1777916700,27660.6,27684.8,27650.2,27674.8
1777917600,27674.9,27700.9,27666.8,27667.6
1777918500,27667.7,27670.3,27612.5,27651
1777919400,27652,27657.5,27608.8,27611.1
1777920300,27611.2,27645.7,27601.7,27640.2
1777921200,27641.5,27670.7,27622.8,27657.9
1777922100,27657.8,27669.3,27633.4,27659.9
1777923000,27659.2,27673.9,27645.3,27652.3
1777923900,27651.1,27671.1,27629.8,27662.9
1777924800,27662.7,27662.7,27618.8,27635.1
1777925700,27634.6,27646,27620.4,27641.5
1777926600,27641.2,27645.9,27629.8,27631
1777927500,27630.3,27632.9,27621.5,27625.3
1777928400,27625.1,27640.3,27625.1,27630
1777929300,27629.8,27634.3,27629.1,27633.7
1777930200,27633.6,27638.1,27631.4,27634.7
1777931100,27634.6,27645,27633.6,27644.9
1777932000,27642.9,27667.3,27638.7,27657.6
1777932900,27657.5,27663.9,27654.7,27659.9
1777933800,27659.8,27662,27647.2,27647.5
1777934700,27647.3,27647.5,27625.6,27636
1777935600,27635.9,27645.3,27624.1,27643.7
1777936500,27643.6,27647.8,27628.8,27637.7
1777937400,27636.4,27644.5,27627.3,27628.4
1777938300,27628.3,27636.2,27614.8,27630.3
1777939200,27630.4,27675.5,27627.2,27665.8
1777940100,27665.7,27665.7,27623.9,27638.5
1777941000,27638.4,27663.3,27635.9,27644
1777941900,27645.1,27676.4,27643.1,27667.3
1777942800,27666.7,27692.2,27653.3,27684.7
1777943700,27684.5,27697,27680.9,27686.8
1777944600,27686.9,27715,27673.4,27694.3
1777945500,27694.2,27707.3,27693.1,27697.5
1777946400,27697.6,27709.4,27691.2,27695
1777947300,27695.1,27717,27690.7,27716
1777948200,27716.5,27723.5,27711.9,27719.3
1777949100,27719.2,27721.6,27684.8,27699
1777950000,27699.1,27716.7,27693.7,27713.4
1777950900,27713.2,27733,27710.7,27723.9
1777951800,27723.7,27724.8,27718.2,27719.7
1777952700,27719.6,27731,27717.9,27722.8
1777953600,27722.7,27744,27722.6,27730.5
1777954500,27730.4,27731,27720.1,27721
1777955400,27720.8,27722.8,27714,27716.4
1777956300,27716.5,27735.5,27710.1,27710.3
1777957200,27709.3,27721.2,27703.2,27720.6
1777958100,27720.5,27729,27716.4,27718
1777959000,27717.8,27737.5,27707.5,27728.7
1777959900,27728.8,27737.6,27725.4,27736.5
1777960800,27736,27758.2,27722.6,27726.2
1777961700,27726.7,27729.5,27701.1,27712.3
1777962600,27711.1,27753.3,27711.1,27748.6
1777963500,27747.8,27768.6,27742.5,27762.3
1777964400,27762.5,27784.7,27758.1,27778.6
1777965300,27778.4,27782.9,27765.1,27767.4
1777966200,27767.3,27808.5,27765.3,27781.6
1777967100,27781.7,27784.4,27758,27764
1777968000,27763.8,27817.8,27762.9,27809.1
1777968900,27809.2,27819.5,27800.7,27802.7
1777969800,27802.6,27814.9,27794.9,27811.3
1777970700,27811.4,27825.6,27805.3,27811.1
1777971600,27810.9,27821.9,27793.7,27809.9
1777972500,27809.7,27815.2,27798,27811.9
1777973400,27812.7,27833,27811.2,27821.4
1777974300,27821.5,27838.8,27811.5,27818.9
1777975200,27819,27827.1,27805.1,27818.2
1777976100,27818,27827.2,27810.6,27822.2
1777977000,27821.8,27843.7,27812.8,27816.7
1777977900,27816.8,27822.8,27811.7,27817.4
1777978800,27817.6,27824.1,27788.9,27797.9
1777979700,27797.7,27821.8,27782.5,27809.8
1777980600,27809.9,27830.1,27809.9,27821.8
1777981500,27822.2,27830.2,27818.3,27825.6
1777982400,27824.2,27879.7,27811.8,27874.9
1777983300,27875,27888.8,27862.8,27872.9
1777984200,27873.3,27878.8,27859.2,27860.7
1777985100,27860.4,27867.2,27854,27857.8
1777986000,27857.6,27887.7,27857,27873.7
1777986900,27873.8,27882.7,27856.9,27870.3
1777987800,27870.7,27966.1,27855.8,27964
1777988700,27964.6,27994.7,27946.9,27966.1
1777989600,27966.2,27988.7,27924.8,27934.7
1777990500,27934.8,28012,27912.3,27998.2
1777991400,27998.7,28017.4,27964.3,27968.6
1777992300,27968.4,27991.7,27958.5,27974.2
1777993200,27974.5,28013.2,27969.6,28010.6
1777994100,28010.8,28018.2,27996.4,28010
1777995000,28010.2,28023.5,27992.5,28016.4
1777995900,28016.5,28028.4,28002.5,28008.7
1777996800,28007.6,28032.7,28001.2,28028.4
1777997700,28028.2,28030.5,27972.7,27996.7
1777998600,27994.8,28008,27972,27986
1777999500,27985.7,28014.6,27981.1,28004.8
1778000400,28005.5,28015.2,27987.7,28001.9
1778001300,28002.2,28024.8,28002.2,28024.1
1778002200,28024.3,28032,28014.4,28027.2
1778003100,28027.1,28048.5,28024.7,28039.1
1778004000,28037.9,28063.4,28035.5,28060.7
1778004900,28060.5,28065.5,28048.5,28056.3
1778005800,28056,28061.3,28050.1,28055.3
1778006700,28055.4,28061.2,28034,28047.3
1778007600,28045.3,28065.7,28040.2,28049.8
1778008500,28049.6,28056,28038.5,28044.4
1778009400,28043.9,28047.7,28029.7,28036.3
1778010300,28036,28038.1,27988.4,28014
1778011200,28013.2,28034.2,28008.1,28033
1778012100,28032.5,28126.3,27989.4,28112.8
1778013000,28113.5,28115.2,28077.4,28079.4
1778013900,28079.1,28092.4,28060.7,28083.4
1778014800,28083.6,28118.4,28080,28115.7
1778015700,28115.8,28128.3,28104.6,28119.7
1778016600,28119.2,28119.2,28105.1,28110.6
1778017500,28110.9,28131.7,28110.8,28126.7
1778018400,28130.2,28147.2,28126.4,28141.8
1778019300,28141.9,28162.1,28134.1,28161.5
1778020200,28161.6,28177.1,28156.1,28175
1778021100,28174.5,28298.7,28173,28256.8
1778022000,28257,28266.3,28224.8,28262.6
1778022900,28262.4,28264.5,28228.4,28231.7
1778023800,28231.8,28251.3,28230.2,28244
1778024700,28243.8,28258,28239.3,28251.4
1778025600,28252,28254.2,28186.9,28195.1
1778026500,28195.2,28195.8,28130.3,28132.3
1778027400,28132,28165.9,28129.9,28155.8
1778028300,28155.5,28162,28130.2,28155.6
1778029200,28155.4,28178.6,28148.7,28169.4
1778030100,28169.3,28188.9,28157.8,28166.5
1778031000,28166.2,28175.3,28156.1,28168.2
1778031900,28168.3,28177.1,28151,28171.4
1778032800,28171.1,28176.8,28157.3,28168.5
1778033700,28168.2,28175.9,28153.3,28154.1
1778034600,28154,28163,28142.4,28149.6
1778035500,28149.8,28172,28149.1,28167.5
1778036400,28167.3,28190,28163.8,28185.9
1778037300,28185,28204.7,28178.1,28203.1
1778038200,28202.8,28215.4,28200,28205.2
1778039100,28205.1,28205.4,28187.7,28193.5
1778040000,28193.4,28206,28189.4,28206
1778040900,28205.9,28209.9,28198.6,28208.1
1778041800,28208.5,28212.5,28191.3,28205.5
1778042700,28205.7,28225.4,28204.5,28216.3
1778043600,28216.4,28228.1,28207.9,28221.7
1778044500,28222,28228.2,28205.6,28224.6
1778045400,28224.5,28226.4,28210.7,28225.6
1778046300,28225.3,28240.8,28223.4,28233.5
1778047200,28233.6,28247.9,28207.3,28213.4
1778048100,28213.5,28218.7,28198.5,28210.5
1778049000,28210.3,28222.7,28179.5,28207.1
1778049900,28207.3,28218.5,28192.8,28216.3
1778050800,28216.1,28232.5,28194.1,28199.4
1778051700,28199.6,28213.5,28189.8,28207
1778052600,28207.2,28220.9,28196.9,28217.8
1778053500,28217.7,28230.2,28214.5,28227.4
1778054400,28227.2,28245.8,28222.1,28228
1778055300,28227.3,28230.7,28203.8,28219.8
1778056200,28219.9,28245.5,28215.4,28243.1
1778057100,28243.2,28396.7,28241.2,28361.4
1778058000,28361.9,28380.2,28295.4,28327.5
1778058900,28327.6,28352.4,28326.5,28345.2
1778059800,28345.3,28388.9,28337.6,28378.8
1778060700,28378.7,28394.9,28360.8,28385.9
1778061600,28385.8,28418.4,28382.6,28391.9
1778062500,28391.7,28437.3,28387.4,28433
1778063400,28433.5,28471.6,28430.4,28465.1
1778064300,28464.8,28493.6,28442.4,28464.3
1778065200,28464.1,28514,28456.5,28499.4
1778066100,28499.1,28512,28467.2,28475.8
1778067000,28475.9,28489.4,28426.4,28429
1778067900,28429.2,28439.2,28396.9,28418.2
1778068800,28419.4,28420.8,28327.2,28334.5
1778069700,28333.6,28393.6,28309.2,28377.7
1778070600,28377.6,28385.7,28321.5,28329.8
1778071500,28329.9,28354.6,28311.5,28339.3
1778072400,28339.1,28339.4,28271.7,28303.5
1778073300,28303.2,28318.3,28255.3,28270.5
1778074200,28270.05,28362.3,28216.9,28362.2
1778075100,28362,28385.6,28299.8,28349.1
1778076000,28348.7,28376.1,28266,28350.6
1778076900,28350.4,28366.9,28283.8,28297.1
1778077800,28296.6,28405.1,28295.2,28400.7
1778078700,28400.6,28429.9,28397.8,28416.5
1778079600,28418.9,28440.7,28398.6,28416.1
1778080500,28416.2,28463.5,28412.3,28459.9
1778081400,28460.8,28468.4,28410.9,28437.8
1778082300,28437.1,28456.7,28428.3,28439.6
1778083200,28441.5,28483.5,28435.7,28478.3
1778084100,28478.4,28479.2,28446.3,28453.3
1778085000,28452.3,28465.3,28432.6,28448.9
1778085900,28449.3,28452.1,28392.6,28418.7
1778086800,28419.3,28466,28408,28460.3
1778087700,28459.8,28472.9,28449.5,28464.7
1778088600,28463.3,28490.4,28461.1,28485.6
1778089500,28485.4,28489.3,28467.2,28479
1778090400,28479.1,28503.4,28471.7,28499.6
1778091300,28499.8,28520,28499.7,28512.1
1778092200,28513.3,28545.2,28504.7,28529.3
1778093100,28529.1,28536.3,28510.7,28516.5
1778094000,28517,28557.7,28514.8,28553.7
1778094900,28553.8,28579.4,28549.8,28573.8
1778095800,28573.1,28573.1,28546.1,28548.8
1778096700,28548.9,28605.4,28546.6,28591.5
1778097600,28593.4,28682.6,28583.7,28674
1778098500,28673.7,28679.8,28650.9,28660.9
1778099400,28659.7,28661.7,28606,28607.3
1778100300,28607.8,28610.3,28576.9,28596.2
1778101200,28600.9,28637.2,28597,28625.1
1778102100,28624.9,28627.1,28603.7,28608.6
1778103000,28608.5,28608.5,28542.5,28547.1
1778103900,28547.2,28559.1,28539.3,28543.5
1778104800,28549.8,28582,28538.9,28566.7
1778105700,28566.6,28578.9,28538.3,28541.5
1778106600,28541.9,28558.5,28536,28554.6
1778107500,28554.7,28567.2,28551.4,28561.8
1778108400,28561.6,28576.5,28555,28568.7
1778109300,28569.2,28577.1,28555.8,28560.2
1778110200,28560.1,28566.6,28552.7,28558
1778111100,28558.1,28571.2,28538.9,28555.8
1778112000,28556,28577.6,28543.6,28562.8
1778112900,28562.7,28568.3,28526.9,28532.6
1778113800,28532.8,28542.6,28520.5,28537.3
1778114700,28537.4,28550.7,28533.2,28547
1778115600,28546.9,28549.2,28523.2,28542.6
1778116500,28542.4,28559,28540.9,28555.7
1778117400,28555.8,28576.4,28551.5,28572.9
1778118300,28572.7,28602,28571.5,28584
1778119200,28584.3,28592.5,28538.1,28540.5
1778120100,28540.6,28571.4,28537.8,28571.1
1778121000,28570.8,28576.2,28552,28558.4
1778121900,28558.1,28574.4,28557.9,28570.7
1778122800,28571.4,28573.4,28558.8,28564.3
1778123700,28564.4,28579.6,28558.9,28571.8
1778124600,28572,28582.7,28570.2,28582.4
1778125500,28582.2,28588.3,28573,28575.9
1778126400,28576,28591.5,28569.2,28586.3
1778127300,28586.2,28598.7,28584.4,28590.5
1778128200,28590.4,28598.2,28581.7,28588.7
1778129100,28588.8,28598.5,28585.2,28588
1778130000,28588.1,28599,28579.1,28597
1778130900,28596.9,28600.6,28584.1,28589.2
1778131800,28589.3,28613,28589.2,28610
1778132700,28610.3,28613.9,28599.3,28605.7
1778133600,28604.4,28615.6,28580.7,28581.4
1778134500,28581.3,28609.2,28578.1,28595.9
1778135400,28596.3,28634,28594,28627.8
1778136300,28628.2,28628.9,28598.5,28623.6
1778137200,28623.3,28684.5,28611.7,28682.4
1778138100,28682,28688.7,28637.7,28656.1
1778139000,28656.4,28682.7,28651.1,28675.1
1778139900,28675.2,28676.6,28648.9,28663
1778140800,28664.8,28699.8,28647.1,28654.3
1778141700,28654.1,28657.3,28620.2,28630.8
1778142600,28631,28649.7,28625.9,28626.5
1778143500,28626.4,28638.9,28613.2,28621
1778144400,28620.6,28628.8,28596.3,28616.7
1778145300,28616.9,28648.6,28615.2,28632
1778146200,28631.6,28640.8,28624.5,28627.5
1778147100,28627.6,28647.3,28605.8,28616.1
1778148000,28616.2,28621.5,28577.5,28600.9
1778148900,28601,28616.4,28587.9,28608.8
1778149800,28608.9,28628.3,28603.2,28625.6
1778150700,28625.4,28628.6,28610,28611.5
1778151600,28611.4,28636.6,28605.7,28606.9
1778152500,28606.7,28620.2,28594.3,28599.2
1778153400,28599.4,28625.4,28588.7,28617
1778154300,28616.5,28623.7,28595.5,28616.7
1778155200,28615.1,28630.4,28601.6,28624.9
1778156100,28624.7,28628.2,28603.8,28626.4
1778157000,28626.6,28644.7,28614.3,28638.7
1778157900,28638.6,28645,28623.7,28639.2
1778158800,28639.1,28640.7,28610.7,28627.1
1778159700,28626.9,28648.2,28624.6,28634.8
1778160600,28633.5,28667.1,28610.1,28626.3
1778161500,28627,28686.3,28592.6,28665.7
1778162400,28665.9,28729.8,28662.1,28718.2
1778163300,28717.9,28784.3,28705.3,28757.1
1778164200,28757.5,28798.9,28742.2,28781.7
1778165100,28782.1,28826.7,28754,28810.6
1778166000,28808.5,28810.4,28726.9,28742.9
1778166900,28742.8,28764.6,28708.2,28737.3
1778167800,28737,28779.1,28734.4,28763.1
1778168700,28763.2,28770.7,28655.8,28668.4
1778169600,28668.5,28671.5,28574.9,28584.2
1778170500,28584,28630.7,28521.2,28623.8
1778171400,28623.6,28658.7,28589.4,28610.1
1778172300,28609.9,28618.7,28546.1,28580.8
1778173200,28581.8,28596.8,28535.9,28552.2
1778174100,28551.8,28577.5,28433.8,28488.6
1778175000,28488.3,28568.8,28469.9,28526.8
1778175900,28526.7,28584.1,28488.1,28578.4
1778176800,28576.8,28596.9,28536.1,28559
1778177700,28559.1,28588.5,28524.7,28535.5
1778178600,28535,28571.7,28476.6,28490.4
1778179500,28490.8,28529.2,28464.7,28525.3
1778180400,28524.3,28543.2,28497.5,28532.8
1778181300,28532.5,28537.9,28466.4,28492
1778182200,28491.8,28565.7,28488.6,28560.3
1778183100,28559,28590.1,28533.3,28565.7
1778184000,28566,28645,28531.4,28590.2
1778184900,28595,28605,28582.1,28588.5
1778185800,28589,28597.3,28515.5,28553.6
1778186700,28552.9,28565.9,28511.9,28523.8
1778187600,28524.4,28532.9,28518.3,28528.1
1778188500,28528.2,28529.4,28516.9,28527.1
1778189400,28527,28527,28484.7,28485.3
1778190300,28485.5,28485.5,28404.1,28429.6
1778191200,28454.6,28528.5,28430.9,28512.3
1778192100,28512.1,28555.7,28503.3,28546.2
1778193000,28546.3,28549.1,28496.6,28510.1
1778193900,28510.2,28514.3,28489.7,28500.3
1778194800,28500.4,28525.9,28494.5,28514.1
1778195700,28514.6,28536.2,28511.7,28530.6
1778196600,28530.5,28541.5,28524.6,28540.7
1778197500,28541.5,28566.1,28531.4,28564.5
1778198400,28564.9,28618.6,28564.9,28604.6
1778199300,28604.5,28612.5,28583.3,28598.6
1778200200,28598.5,28629.2,28596.5,28621.6
1778201100,28621.8,28635.1,28602.1,28632.8
1778202000,28632.7,28656.8,28632.3,28655.2
1778202900,28655.1,28667.8,28642.3,28658
1778203800,28659,28663.6,28650.2,28655
1778204700,28655.1,28666.5,28644.9,28646.4
1778205600,28646.8,28651.4,28636.1,28640.6
1778206500,28640.7,28640.7,28613.7,28629.4
1778207400,28629.7,28640.7,28597.8,28624.6
1778208300,28625,28660.8,28624.9,28635.5
1778209200,28635.6,28645.6,28629.1,28637.7
1778210100,28637.4,28645.1,28630.7,28637.8
1778211000,28638.1,28657.5,28635.8,28643.6
1778211900,28643.3,28664.2,28641.2,28660.3
1778212800,28660.8,28672.5,28651,28660.2
1778213700,28660,28666.5,28646,28660.1
1778214600,28660.2,28664.4,28644.2,28650.5
1778215500,28650.7,28683.4,28647.6,28667.5
1778216400,28668,28681.4,28666,28672.5
1778217300,28672.4,28687.7,28671.1,28683.9
1778218200,28683.7,28717.2,28683.7,28697.2
1778219100,28697,28702.3,28688.6,28690.5
1778220000,28690.3,28711,28671.9,28701.8
1778220900,28701.6,28720.9,28693.1,28713.2
1778221800,28713.7,28717.6,28696,28713.8
1778222700,28713.6,28726.1,28702,28724.1
1778223600,28723.6,28723.6,28695.4,28697.7
1778224500,28698.1,28719.7,28696.7,28709.3
1778225400,28709.4,28716,28696.3,28710.7
1778226300,28710.8,28720.7,28704.2,28714.1
1778227200,28714,28757,28710.1,28733.7
1778228100,28733.8,28754.2,28732.3,28746.3
1778229000,28746.4,28753.6,28729.8,28734.8
1778229900,28734.6,28748.1,28729.4,28747.7
1778230800,28747.9,28777.2,28747.9,28768.7
1778231700,28768.6,28784.4,28762.6,28774.1
1778232600,28774,28776.6,28742.2,28745.5
1778233500,28745.4,28748.4,28717.9,28739
1778234400,28739.2,28752.2,28739,28742
1778235300,28741.9,28767.3,28741.9,28754.2
1778236200,28754.4,28776.1,28751.1,28765.7
1778237100,28765.6,28766,28728.2,28749.9
1778238000,28751,28772.7,28750.5,28766.8
1778238900,28766.9,28782.2,28757.6,28778.5
1778239800,28778.6,28787,28773.8,28781.5
1778240700,28781.4,28801.7,28781.2,28786.4
1778241600,28786.5,28791.2,28768,28773.9
1778242500,28773.8,28790.8,28764.3,28790.1
1778243400,28789.6,28863.5,28784.3,28847.4
1778244300,28847.5,28849.2,28787.2,28799.3
1778245200,28798.3,28815.4,28752.4,28766.8
1778246100,28767.1,28781.1,28752.6,28763.8
1778247000,28764.7,28883.4,28749.8,28882.1
1778247900,28882,28994.5,28882,28994.4
1778248800,28996,29014.5,28963.1,28986.7
1778249700,28986.8,29052.1,28975,28998.9
1778250600,28998.7,29023.1,28959.6,29022.7
1778251500,29022.8,29060.4,29009.8,29049.3
1778252400,29048.2,29072,29035.5,29042.6
1778253300,29042.3,29070.5,29012.9,29069.3
1778254200,29069.4,29102.9,29040.1,29069.9
1778255100,29070.2,29102.4,29062.2,29076.6
1778256000,29076.7,29112.4,29076.7,29105.2
1778256900,29104.9,29130.1,29096,29126.2
1778257800,29128.2,29130.4,29082.3,29084.2
1778258700,29084,29131.8,29082.7,29125.3
1778259600,29125.2,29183.7,29119.7,29170.5
1778260500,29170.6,29202.1,29169.8,29191.2
1778261400,29193.2,29205.3,29165.7,29168.2
1778262300,29168.3,29186.7,29143.1,29150.5
1778263200,29150.2,29187.6,29146.9,29174.3
1778264100,29174.1,29182.8,29157.8,29173.9
1778265000,29174.8,29180.6,29155.2,29161.5
1778265900,29161.4,29168.7,29125.6,29128.1
1778266800,29126.9,29191,29125,29180.2
1778267700,29180.3,29191.7,29149.6,29150.7
1778268600,29149.8,29192.2,29143.3,29189.1
1778269500,29188.8,29230,29183.1,29229.5
1778270400,29227.6,29271.5,29221.1,29232.4
1778271300,29232.2,29241.8,29220.6,29233.1
1778272200,29232.1,29235.3,29222.8,29230.3
1778273100,29229.6,29238.1,29218.9,29226.7
1778450400,29198.4,29211.2,29141.9,29164.1
1778451300,29164.2,29167.3,29118.2,29162.6
1778452200,29162.8,29167.9,29145.1,29159.9
1778453100,29160.2,29190.3,29158.4,29184.7
1778454000,29184.3,29230.6,29181.2,29211.7
1778454900,29211.8,29237.4,29191.8,29195.4
1778455800,29195.5,29206.2,29181.1,29200.5
1778456700,29200.8,29208.5,29186.4,29195
1778457600,29195.1,29262,29195.1,29259.4
1778458500,29259.9,29285,29236.9,29278.4
1778459400,29278.5,29290.5,29271.7,29276.6
1778460300,29276.7,29277.3,29157,29187.4
1778461200,29187.5,29196.6,29140.3,29185.2
1778462100,29185.4,29229.8,29169.7,29208.7
1778463000,29208.5,29227.1,29193,29222.5
1778463900,29222.7,29244.5,29216.2,29229.5
1778464800,29228.8,29247,29213.8,29229.3
1778465700,29229.4,29245.4,29216.5,29239.8
1778466600,29239.9,29252,29215.8,29240.6
1778467500,29240.5,29247.4,29228.1,29229
1778468400,29228.5,29231.2,29205.7,29215.1
1778469300,29214.9,29232.4,29204.7,29229.8
1778470200,29229.9,29238.9,29213.9,29235.2
1778471100,29234.2,29236,29213,29214.6
1778472000,29214.8,29218.2,29183.6,29200.8
1778472900,29200.6,29226.3,29199.4,29220.4
1778473800,29220.5,29226.9,29217.4,29223.5
1778474700,29223.4,29235.6,29219.1,29232.7
1778475600,29232.6,29236.9,29220.2,29225.9
1778476500,29225.7,29244.3,29221.2,29233.2
1778477400,29233.1,29241.6,29208.9,29211.2
1778478300,29211.4,29222.9,29207.7,29211.5
1778479200,29211.4,29235,29209.9,29229.4
1778480100,29229.3,29243.5,29214.9,29235.1
1778481000,29235,29239.4,29201.7,29207.5
1778481900,29207.4,29215.9,29189.5,29211
1778482800,29213.2,29214.7,29188.3,29189.5
1778483700,29189.6,29213.1,29176,29204.4
1778484600,29204.3,29218.9,29190.9,29203.2
1778485500,29203.3,29216,29199.7,29212.9
1778486400,29213,29219.1,29158.1,29168.3
1778487300,29168.6,29205.5,29157.3,29157.3
1778488200,29157.2,29182.9,29153.7,29181.2
1778489100,29181.1,29205.7,29179.1,29186.7
1778490000,29186.6,29222.9,29184.9,29206.6
1778490900,29206.7,29226.8,29201,29210.7
1778491800,29210.9,29233.4,29210.1,29228
1778492700,29228.2,29256.9,29205.9,29207.6
1778493600,29207.3,29224.5,29197.5,29205.3
1778494500,29204.9,29208.5,29186.7,29203.6
1778495400,29203.4,29205.5,29182.2,29193.2
1778496300,29193.1,29204.5,29178.7,29192
1778497200,29192.8,29234.2,29190.6,29232.8
1778498100,29233.1,29268.7,29224.3,29262
1778499000,29262.1,29280.2,29236.3,29238.8
1778499900,29238.6,29241.1,29214.3,29238.8
1778500800,29239.2,29244.5,29186.9,29193.1
1778501700,29193,29208.6,29167.4,29198.2
1778502600,29198,29205.1,29160.1,29160.4
1778503500,29160.5,29188.8,29148.8,29186.7
1778504400,29187.6,29203.4,29174.7,29197.2
1778505300,29197.5,29200.6,29173.9,29194.1
1778506200,29194.2,29324,29173.6,29290.5
1778507100,29290.9,29304.7,29191.9,29200.7
1778508000,29200.6,29292.8,29197.7,29288.2
1778508900,29288.4,29306.3,29171.5,29175.1
1778509800,29176.2,29265.1,29136.5,29256.3
1778510700,29256.1,29303.7,29248,29282.8
1778511600,29282.7,29300.1,29253.5,29260.3
1778512500,29260.2,29319.3,29251,29316.4
1778513400,29316.6,29330.7,29297.1,29311.8
1778514300,29311.6,29365.9,29307.5,29355.9
1778515200,29355.2,29370.5,29346.3,29369.3
1778516100,29369.1,29369.9,29336.4,29354.5
1778517000,29353.8,29367,29261.2,29305.9
1778517900,29305.6,29322,29287.4,29296.8
1778518800,29297.7,29324.5,29273.7,29282.5
1778519700,29282.3,29332.1,29267.7,29328.2
1778520600,29328.6,29363.9,29327.6,29358
1778521500,29358.1,29366.5,29330,29332.8
1778522400,29332.5,29364.6,29330.8,29353.7
1778523300,29353.5,29365.5,29339.4,29362.5
1778524200,29362.6,29362.8,29329.1,29338
1778525100,29337.6,29342.6,29276.8,29278.7
1778526000,29279.1,29324.5,29267,29307.7
1778526900,29307.6,29309.7,29261.4,29272.5
1778527800,29271.7,29296.9,29259.7,29269.5
1778528700,29269.2,29317.3,29263.4,29313.8
1778529600,29313.7,29315.3,29210.3,29276
1778530500,29276.1,29289.7,29261.3,29284.6
1778531400,29284.5,29298.8,29282.8,29289.8
1778532300,29290.1,29292.6,29275.2,29283.4
1778533200,29276.1,29283.1,29274.2,29279.1
1778534100,29279.2,29289,29276.9,29286.5
1778535000,29286.4,29290.8,29286,29289.8
1778535900,29289.9,29291.3,29289.7,29290.4
1778536800,29287.8,29318.2,29286.9,29314.9
1778537700,29314.7,29325.9,29312.5,29322.9
1778538600,29323,29338.7,29322,29338.2
1778539500,29338,29344.6,29328.1,29335
1778540400,29335.1,29339.2,29323.3,29329
1778541300,29328.9,29340.8,29313.2,29339.6
1778542200,29339.8,29341.5,29329.2,29333.9
1778543100,29333.8,29334.5,29310.9,29318.2
1778544000,29318.1,29318.4,29275.3,29282.2
1778544900,29282.5,29292.1,29243.7,29268.3
1778545800,29268.6,29287.4,29253.4,29263.5
1778546700,29263.8,29279.5,29261.2,29268.9
1778547600,29269.2,29279.3,29254.7,29255.8
1778548500,29256,29256.6,29204.1,29207.3
1778549400,29206.8,29221.1,29115.2,29158.3
1778550300,29157.5,29201.2,29151.8,29159.4
1778551200,29158.8,29231.8,29150.4,29229
1778552100,29228.9,29229.3,29199.7,29220
1778553000,29219.7,29224.1,29191.7,29211.5
1778553900,29211.3,29254.4,29211.3,29250.6
1778554800,29250.9,29252.1,29214.1,29229.9
1778555700,29230,29236.8,29218.2,29224.9
1778556600,29225.1,29234.8,29222.4,29227.2
1778557500,29227.1,29231.3,29208.5,29212.6
1778558400,29212.7,29223,29206.6,29208.8
1778559300,29209,29225.5,29207.1,29214.8
1778560200,29214.9,29220.7,29206.1,29211.4
1778561100,29211.5,29214.4,29170,29171.2
1778562000,29171.3,29192.1,29166.5,29168.5
1778562900,29168.1,29190.7,29160.5,29185.6
1778563800,29185.5,29187.5,29159.7,29163.6
1778564700,29164.1,29187,29163.6,29172.4
1778565600,29171.9,29179.5,29149,29164.4
1778566500,29164.5,29172.8,29135.8,29141.3
1778567400,29141.5,29151.4,29124.4,29134.1
1778568300,29134.4,29144.1,29103.1,29106.4
1778569200,29106.5,29112.8,29065.9,29106.1
1778570100,29106.2,29143.5,29103.7,29119.5
1778571000,29119.4,29144.6,29119.4,29125.3
1778571900,29125.9,29141.6,29121.9,29130.2
1778572800,29130.4,29133.4,29069.1,29069.3
1778573700,29069,29112,29062.3,29108
1778574600,29108.9,29114.8,29089.2,29089.2
1778575500,29088.9,29103.8,29074.6,29102.6
1778576400,29102.4,29113.7,29065,29097
1778577300,29096.8,29108.8,29085,29097.9
1778578200,29097.6,29136.3,29097.6,29106
1778579100,29107.1,29123,29099.4,29108.8
1778580000,29108.9,29137.1,29104.5,29127.5
1778580900,29127.9,29128.5,29104.9,29113.9
1778581800,29114.3,29117.5,29074.7,29084.5
1778582700,29084.4,29103.4,29076.3,29097.7
1778583600,29098,29106.9,29035.6,29044.1
1778584500,29044,29056.3,29021.1,29052
1778585400,29052.2,29074.5,29041.8,29062.4
1778586300,29062.3,29072.7,29053.1,29053.8
1778587200,29056.8,29058,29010.1,29053.7
1778588100,29053.4,29053.7,29017.1,29039.8
1778589000,29040.2,29117.1,29002.7,29091.6
1778589900,29090.5,29121.6,29090.4,29112.2
1778590800,29111.9,29126.9,29092.9,29104.6
1778591700,29104.4,29109,29077.4,29102.1
1778592600,29102.6,29174.3,29033.8,29174.3
1778593500,29174.1,29184.1,29003,29017.5
1778594400,29017.7,29083,28977.9,29079.6
1778595300,29080.5,29114.8,28971.8,28975.3
1778596200,28977,29015.9,28897.4,28973.3
1778597100,28973.4,28973.4,28892.4,28905.2
1778598000,28906,28922.5,28854.8,28856.8
1778598900,28857.4,28860.7,28745.6,28765.7
1778599800,28765.9,28834.2,28759.9,28819
1778600700,28819.7,28831.1,28719.7,28731.8
1778601600,28730.8,28806,28702.5,28801.8
1778602500,28801.6,28803.3,28720.8,28732
1778603400,28730.5,28737.1,28659,28680.5
1778604300,28679.6,28694.9,28633.3,28640.4
1778605200,28639.5,28734.3,28639.4,28730.9
1778606100,28730.7,28818.5,28728.7,28778.8
1778607000,28779.5,28818.9,28767.9,28790.6
1778607900,28790.8,28816,28769.1,28810.7
1778608800,28810.8,28838.9,28802.7,28837.7
1778609700,28837.5,28893,28821.3,28880.8
1778610600,28880.6,28896.8,28863.2,28868.5
1778611500,28868.6,28898.7,28837.9,28849.4
1778612400,28848.6,28941.7,28848.3,28930
1778613300,28930.4,28955,28908.1,28940.7
1778614200,28940.8,29025,28940.8,29020.3
1778615100,29019.8,29081.3,29006.9,29066.4
1778616000,29065.6,29070.2,28996.5,29017.6
1778616900,29018.1,29036.3,28999.8,29018.2
1778617800,29018.4,29029.8,29000.2,29023.1
1778618700,29022.8,29046,29020.6,29028.1
1778619600,29028,29031.7,29020,29023.1
1778620500,29023.3,29026.7,29016.7,29023
1778621400,29023.1,29038.1,29021.4,29035.9
1778622300,29036.6,29044.6,29035.8,29043.1
1778623200,29038.2,29066.7,29031,29058.5
1778624100,29058.4,29083.9,29056.6,29067.1
1778625000,29066.6,29076.3,29060.3,29062.5
1778625900,29062.6,29070.8,29039,29039.2
1778626800,29038.5,29053.4,29025.4,29033.8
1778627700,29033.9,29039,29023,29024.9
1778628600,29024.2,29025.4,28975.2,28984.6
1778629500,28984.5,29010.4,28977.9,28978.7
1778630400,28978.5,29011.2,28951.4,28983.2
1778631300,28982.9,29052.5,28980,29018.4
1778632200,29018.3,29040.9,28994.2,29031
1778633100,29030.1,29043.8,29010.8,29039.5
1778634000,29039.3,29084.4,29038.8,29078.6
1778634900,29078.5,29093.5,29061.8,29090.4
1778635800,29090.7,29100.5,29069.6,29097.7
1778636700,29098,29157.4,29097.7,29111.6
1778637600,29110.9,29137.7,29098.3,29112.7
1778638500,29112.5,29131.8,29107.8,29131.8
1778639400,29131.6,29135.4,29115.4,29123.3
1778640300,29123.4,29129.2,29106.2,29117.7
1778641200,29117.6,29123.5,29099,29103.1
1778642100,29103.6,29135.2,29103.2,29134
1778643000,29134.1,29162,29133.9,29159.9
1778643900,29159.8,29159.8,29135.4,29145.8
1778644800,29145.9,29163.1,29139.2,29159.4
1778645700,29159.5,29177.7,29157.7,29173.2
1778646600,29173.1,29194.7,29157,29175.1
1778647500,29175.2,29192.1,29173.6,29182.3
1778648400,29182.1,29207.3,29171.8,29190.7
1778649300,29190.2,29204.3,29182.1,29195.4
1778650200,29195.5,29201,29183.9,29189.3
1778651100,29189.2,29193.2,29180.2,29191.6
1778652000,29191.7,29218.6,29185.4,29218.3
1778652900,29218.2,29249.6,29206.7,29210.6
1778653800,29209.9,29222.7,29206.2,29209.7
1778654700,29210,29210.3,29187.8,29204.8
1778655600,29204.5,29219.2,29184.4,29205.2
1778656500,29204.8,29217.6,29203,29213.2
1778657400,29213.3,29257.9,29208,29252.6
1778658300,29252.7,29267.4,29244.4,29266.2
1778659200,29266.7,29328.1,29266.2,29317.5
1778660100,29317.7,29342.8,29315.9,29331.2
1778661000,29331.3,29343.8,29317.3,29330.4
1778661900,29330,29333.9,29298.7,29309.8
1778662800,29310.1,29310.3,29266.7,29276.7
1778663700,29276.6,29289.5,29262.1,29285
1778664600,29284.8,29313.2,29272.6,29307.7
1778665500,29307.6,29322.6,29297.6,29316.4
1778666400,29316.1,29319.7,29285.8,29295.2
1778667300,29295.5,29302.2,29277.8,29284
1778668200,29283.9,29290.3,29264.6,29288
1778669100,29287.7,29292.2,29276.1,29281.3
1778670000,29280.2,29291.1,29249.9,29263.5
1778670900,29263.3,29272.1,29243.5,29256.9
1778671800,29256.8,29279.8,29251.4,29267.8
1778672700,29267.6,29277.3,29253.4,29266.7
1778673600,29266.3,29298.8,29260.9,29271.1
1778674500,29271.2,29271.6,29206.5,29255.7
1778675400,29255.8,29256.5,29096.3,29142.5
1778676300,29142.7,29161.6,29119.9,29132
1778677200,29132.5,29190.6,29132,29186.4
1778678100,29186.5,29200,29177.6,29184
1778679000,29184.3,29184.55,29076.7,29106.5
1778679900,29106.6,29120.9,28971.6,29064.7
1778680800,29065.2,29088.1,29011.4,29069.4
1778681700,29069.7,29160.6,29046.2,29132.6
1778682600,29132.8,29175.7,29114.3,29161.5
1778683500,29161.6,29217.2,29134.8,29214
1778684400,29214.7,29245.9,29194.3,29217.7
1778685300,29217.3,29236.7,29177.3,29207.3
1778686200,29206.2,29277.3,29179.1,29272.1
1778687100,29272.4,29273.8,29192.1,29204.2
1778688000,29204.1,29283.9,29193.5,29280.7
1778688900,29281.2,29339.4,29269.5,29331.4
1778689800,29329.1,29340.2,29308,29326.8
1778690700,29326.6,29357.2,29309.8,29340.9
1778691600,29339.8,29386,29339.8,29380.4
1778692500,29380.3,29389,29356.2,29379.2
1778693400,29377.6,29383.8,29356.9,29370.1
1778694300,29370.5,29379,29334,29335.2
1778695200,29335.7,29416.6,29333.1,29414.9
1778696100,29415.1,29455.7,29415.1,29440.9
1778697000,29438.8,29445,29399.6,29403.6
1778697900,29403.8,29413.4,29356.7,29363.3
1778698800,29363.4,29417.2,29361.3,29414.4
1778699700,29414.3,29430.6,29390.2,29416.2
1778700600,29414.7,29425.1,29401.4,29422.4
1778701500,29422.3,29429.9,29341,29367.1
1778702400,29366.1,29408.9,29338.7,29399.7
1778703300,29399.9,29413.5,29397.8,29407.4
1778704200,29407.6,29437.2,29406.8,29431.2
1778705100,29430.7,29431.7,29422.7,29425.9
1778706000,29425.7,29435,29423.2,29429.1
1778706900,29429.3,29435,29427.4,29428.9
1778707800,29429.8,29438.6,29429.8,29434.3
1778708700,29434.1,29437.8,29430.6,29437.8
1778709600,29438,29452.8,29419,29450.6
1778710500,29450.5,29470.4,29440.9,29451.6
1778711400,29451.5,29467.8,29450.7,29466.2
1778712300,29464.8,29501.8,29463.1,29483.8
1778713200,29484,29541.8,29483.7,29536.2
1778714100,29536.4,29537.8,29507,29514.2
1778715000,29513.4,29522.3,29492.8,29506.2
1778715900,29506,29526,29495.4,29524
1778716800,29524.1,29527.2,29482.4,29524.4
1778717700,29524.2,29551.3,29517.5,29542.1
1778718600,29542.3,29572.6,29542.2,29572.5
1778719500,29572.7,29586.7,29557.9,29572.9
1778720400,29573,29573.9,29556.7,29561.3
1778721300,29561.5,29574,29534.2,29573.1
1778722200,29573,29576.5,29523.9,29536.1
1778723100,29536.3,29537.3,29497.3,29501.8
1778724000,29502,29519.6,29492.5,29507.8
1778724900,29507.6,29523.7,29499.6,29519.2
1778725800,29519.3,29527.8,29506.1,29515.9
1778726700,29515.7,29517,29462.5,29479.9
1778727600,29479.8,29501.8,29470,29492.3
1778728500,29492.4,29501.8,29455.2,29477.2
1778729400,29477,29480.9,29434.1,29441.9
1778730300,29441.4,29449.6,29415.2,29428.3
1778731200,29428.2,29445.7,29406.9,29442.7
1778732100,29442.8,29466.7,29431.5,29458.8
1778733000,29458.9,29482.7,29457.4,29475.3
1778733900,29475.2,29493,29456.1,29458.7
1778734800,29458.4,29475.5,29443.4,29444.9
1778735700,29444.7,29463.7,29426.8,29458.9
1778736600,29459.1,29467.2,29438,29452.6
1778737500,29453.1,29507.4,29452.8,29496.2
1778738400,29495.8,29528.8,29495.8,29519.6
1778739300,29519.5,29534.7,29506.6,29515.5
1778740200,29515.8,29532.4,29512.8,29525.2
1778741100,29525.4,29527.4,29498.8,29501.2
1778742000,29501.5,29513.6,29474.3,29488.8
1778742900,29488.9,29504.7,29483,29494.3
1778743800,29494.4,29526.5,29490.1,29515.7
1778744700,29515.5,29524.6,29458,29468
1778745600,29468.2,29492,29439.9,29491.2
1778746500,29491.5,29520.6,29475.5,29488.5
1778747400,29488,29506.9,29444.2,29449.2
1778748300,29449.4,29474.9,29438.8,29468
1778749200,29468.1,29482.9,29437.9,29451.4
1778750100,29451.5,29459.7,29423.1,29429.5
1778751000,29429.3,29439.4,29374.6,29403.2
1778751900,29403,29437.7,29398.8,29426.1
1778752800,29425.7,29487.3,29423.5,29449.9
1778753700,29450.9,29473.7,29428.6,29440.4
1778754600,29440.5,29448.6,29408.6,29419.2
1778755500,29419.3,29459.8,29410.8,29438.6
1778756400,29438.4,29470.8,29436.5,29458.7
1778757300,29458.6,29461,29400.7,29415.9
1778758200,29415.8,29445,29415.7,29437.4
1778759100,29437.5,29458.5,29430.1,29432.7
1778760000,29434,29459.4,29429.4,29454.4
1778760900,29454.3,29468.7,29441.2,29455.5
1778761800,29455.3,29458.6,29414.2,29415.4
1778762700,29414,29423,29372.1,29388.6
1778763600,29388.5,29393.8,29341.4,29366.8
1778764500,29367.1,29390.2,29351.9,29368.1
1778765400,29368.5,29529.8,29351.7,29526.5
1778766300,29526.8,29586,29422,29436.4
1778767200,29437.3,29511.9,29430.9,29479.6
1778768100,29478.1,29561.9,29475.7,29519.7
1778769000,29520.8,29583.5,29505.8,29583.5
1778769900,29584,29625.6,29561.4,29571.4
1778770800,29571.6,29633,29563.1,29631.2
1778771700,29630.8,29671.5,29629.5,29653.5
1778772600,29653.7,29665.2,29624.6,29648
1778773500,29648.1,29665.6,29630,29651.3
1778774400,29651.1,29677.1,29648.2,29652
1778775300,29651.8,29676.6,29610.5,29622.6
1778776200,29622.4,29638.7,29593.1,29614.6
1778777100,29614.8,29634.6,29591.4,29623
1778778000,29622.8,29651.1,29547.4,29555.9
1778778900,29556,29566.2,29492.6,29544
1778779800,29543.5,29598.5,29533,29593.1
1778780700,29593.6,29648.2,29593.6,29627.2
1778781600,29626.6,29626.6,29537.3,29584.7
1778782500,29584.4,29603.2,29556.3,29570.4
1778783400,29569.8,29594.8,29551.5,29568.4
1778784300,29568.5,29613.3,29553.4,29603.7
1778785200,29603.6,29627.7,29589.1,29603
1778786100,29603.1,29629.4,29592.1,29595.6
1778787000,29595,29629.9,29592.7,29623.1
1778787900,29622.9,29626.1,29575.4,29582.8
1778788800,29581.8,29632.6,29579.8,29603.9
1778789700,29603.1,29607.2,29569,29578.5
1778790600,29578.7,29588.5,29531.1,29555.9
1778791500,29555.6,29583.7,29554.1,29583.5
1778792400,29582.9,29585.4,29581,29584.5
1778793300,29584.6,29588.9,29584.2,29588.5
1778794200,29587.5,29589.4,29581.7,29585.1
1778795100,29585,29596.5,29585,29592.6
1778796000,29593.9,29622.1,29578.5,29595.9
1778796900,29596.2,29602.7,29573.1,29601.3
1778797800,29601.2,29614.3,29600.2,29611.2
1778798700,29611.1,29624.7,29609,29612.1
1778799600,29611.8,29623.3,29611.4,29621.8
1778800500,29621.7,29630.1,29610.7,29627.6
1778801400,29628,29636.1,29618.1,29619.7
1778802300,29619.9,29620.4,29579.1,29591.8
1778803200,29591.9,29604.2,29558.2,29604.1
1778804100,29603.9,29628.2,29603.6,29623.7
1778805000,29623.6,29624.5,29540.3,29564.8
1778805900,29564.5,29591,29559,29587.1
1778806800,29586.9,29594.7,29545.5,29559.1
1778807700,29558.9,29564.8,29484.8,29486.1
1778808600,29485.6,29508.1,29448.7,29487
1778809500,29486.9,29488.5,29416.6,29421.2
1778810400,29420.9,29444.3,29399.6,29412.9
1778811300,29413,29459.7,29399.1,29429.3
1778812200,29429.1,29458.8,29405.9,29457.5
1778813100,29457.7,29501.4,29449.2,29482.9
1778814000,29482.4,29496.5,29468.7,29485.5
1778814900,29485.3,29489.5,29467.4,29474.5
1778815800,29474.7,29487.5,29433.3,29466.9
1778816700,29467.4,29477.1,29454,29467.7
1778817600,29467.9,29468.3,29426.2,29451.5
1778818500,29451.4,29458.1,29417.1,29424.3
1778819400,29424.2,29441.1,29402.3,29408.9
1778820300,29409.2,29420.7,29350.2,29365.4
1778821200,29366.2,29367.6,29311.8,29330.8
1778822100,29330.9,29349.6,29317.7,29341.2
1778823000,29341.3,29343.7,29256.1,29261.6
1778823900,29261.5,29263.6,29183.3,29185.1
1778824800,29185,29247.2,29151.2,29236.6
1778825700,29237.8,29259.4,29167.2,29211.3
1778826600,29210.3,29306.8,29201.9,29305.7
1778827500,29305.8,29316.5,29281.8,29307.7
1778828400,29307.2,29363.7,29297.7,29362
1778829300,29361.9,29372.7,29337,29359.5
1778830200,29359.7,29362.9,29285.5,29296.3
1778831100,29296.2,29311.4,29279.4,29307
1778832000,29307.1,29313.5,29233.3,29244.1
1778832900,29243.8,29245.1,29122.4,29132.6
1778833800,29132.2,29203.8,29087.8,29200.2
1778834700,29200.5,29204,29154.7,29168.6
1778835600,29169.1,29193.3,29136.7,29143.5
1778836500,29143.8,29159,29094.3,29156.9
1778837400,29156.7,29165.9,29102.7,29117
1778838300,29116.8,29158.7,29082,29127.5
1778839200,29128.4,29185.7,29104,29183
1778840100,29182.9,29212.1,29164.7,29178.2
1778841000,29178,29208.3,29150.4,29193.3
1778841900,29193.5,29270.9,29182.2,29234.1
1778842800,29234.3,29257.4,29204.5,29222.6
1778843700,29222.1,29233.4,29195.4,29208.6
1778844600,29208.8,29221.3,29168.4,29169.5
1778845500,29168,29214.8,29154.8,29157.9
1778846400,29158.1,29158.1,29083,29085.1
1778847300,29085.2,29146.2,29074.4,29102
1778848200,29102.1,29102.4,29046.3,29062.7
1778849100,29062.2,29104.7,29046.9,29092.6
1778850000,29093.5,29094.2,29058,29082
1778850900,29081.9,29188.7,29071.1,29182.7
1778851800,29182.8,29193.9,29055,29071
1778852700,29071.7,29189.2,28993,29050.1
1778853600,29046.9,29208.9,29036.2,29206
1778854500,29206.4,29285.4,29176,29196.5
1778855400,29196.4,29261.6,29190.2,29249.5
1778856300,29249.9,29254.7,29152,29185
1778857200,29183,29228.2,29142.6,29189.7
1778858100,29188.2,29263.2,29177.9,29235.2
1778859000,29236,29283.7,29174,29187.5
1778859900,29187.3,29204.4,29115.4,29185
1778860800,29184.4,29213.3,29154.7,29190.3
1778861700,29189.9,29239,29156.2,29234.7
1778862600,29233.9,29248.4,29217.7,29247.6
1778863500,29248,29253.4,29181.8,29226.3
1778864400,29226.1,29264.4,29213.9,29263.2
1778865300,29263.1,29331.8,29242.1,29319.4
1778866200,29319.5,29347.2,29308,29327
1778867100,29327.1,29353.9,29315.9,29351.6
1778868000,29351.3,29390.2,29349.9,29371.3
1778868900,29371.6,29375.3,29278.1,29286.6
1778869800,29287.4,29293.4,29218.7,29278.8
1778870700,29278.3,29308.9,29255.9,29292.5
1778871600,29291.5,29299.5,29201.9,29223.2
1778872500,29222.9,29224.7,29186.5,29193.6
1778873400,29193.4,29241.7,29189.1,29198
1778874300,29197.9,29207.8,29109.8,29134.7
1778875200,29133.5,29133.9,29013.6,29054.4
1778876100,29054.2,29093.7,29042.6,29077.5
1778877000,29078.3,29081.8,29067.3,29074.6
1778877900,29074.1,29098.1,29060.1,29074.3
1779055200,29064.6,29185.1,29064.5,29152.9
1779056100,29153,29166,29093,29125.6
1779057000,29125.5,29177.9,29102.1,29165.1
1779057900,29165.2,29172.2,29105.8,29135.3
1779058800,29135.4,29152.2,29067.3,29094
1779059700,29093.3,29098.6,29032.2,29044.7
1779060600,29044.5,29069.7,28913.9,29018.9
1779061500,29018.7,29062.6,28993,29022.4
1779062400,29020.6,29048.7,28840,28917.2
1779063300,28917.1,28946.8,28874,28915
1779064200,28914.9,28933.9,28854.3,28855.3
1779065100,28855.4,28940,28847.6,28937.8
1779066000,28938,28954.7,28869.3,28869.6
1779066900,28867.3,28890.1,28844.4,28862.4
1779067800,28862.2,28896.7,28830.1,28889.5
1779068700,28889.6,28951.1,28879.4,28924.4
1779069600,28924.3,28950.4,28895.6,28941.5
1779070500,28941.9,28997.2,28941.9,28992.3
1779071400,28992.2,28995.2,28939.1,28947.5
1779072300,28947.6,28956.1,28899.5,28914.7
1779073200,28914.9,28963.7,28912.9,28923
1779074100,28923.2,28945.9,28913.7,28942.9
1779075000,28942.8,28975.5,28907.8,28966.4
1779075900,28966.3,28971.4,28942.5,28960.3
1779076800,28960.2,29013.2,28958.7,29003.8
1779077700,29003.7,29020.1,28925.1,28933.9
1779078600,28933.3,28981.5,28926.1,28974.9
1779079500,28974.4,28987.8,28936.3,28955
1779080400,28954.9,29000.3,28942.1,28967.2
1779081300,28967.5,28970.3,28925.5,28966.9
1779082200,28967,28990.6,28948.4,28971.4
1779083100,28970.5,28984.8,28946,28947.6
1779084000,28947.8,28958.2,28918.1,28944.7
1779084900,28945,28961.9,28905,28908.3
1779085800,28907.5,28971.4,28895.1,28971.2
1779086700,28971.1,29017.4,28970.1,29015.7
1779087600,29015.6,29045.5,28986.2,28992.8
1779088500,28992.9,29057.6,28963.7,29053.5
1779089400,29053.9,29080.1,28973.2,28984.7
1779090300,28984.6,29033,28978.9,29023.3
1779091200,29025.5,29093.8,29024.4,29068.7
1779092100,29069.2,29126.7,29052.5,29124.5
1779093000,29124.3,29143.1,29089.6,29095.5
1779093900,29095.4,29145.5,29094.4,29144.8
1779094800,29144.9,29151.9,29099.2,29104.3
1779095700,29104.2,29121.2,29084.7,29104.6
1779096600,29104.4,29111.9,29091.9,29105
1779097500,29104.8,29116,29070.8,29091
1779098400,29091.2,29096.1,29018.4,29041.7
1779099300,29041.6,29053.8,29028.8,29038.5
1779100200,29038.7,29043.5,28982.9,29021.6
1779101100,29021.7,29047.1,29011.9,29022.4
1779102000,29022.1,29029.7,28954.9,29008
1779102900,29008.5,29031.5,28990.6,28993.2
1779103800,28993.4,29177.2,28990.8,29140.6
1779104700,29141.6,29145.8,29058.9,29080.4
1779105600,29080.2,29139.7,29073.6,29121
1779106500,29120.8,29123.7,29090.4,29104.1
1779107400,29104.2,29225.8,29090.5,29222
1779108300,29222.1,29320.2,29217.4,29309.3
1779109200,29310.3,29319.4,29255.8,29279.9
1779110100,29280.1,29283.3,29243.8,29244.6
1779111000,29241.2,29257.5,29063.4,29069.2
1779111900,29069.4,29209.4,29038.1,29143.7
1779112800,29144.6,29173.3,29044.9,29161.1
1779113700,29160.6,29194.7,29039,29056.2
1779114600,29055.8,29075.5,28871.9,28988.8
1779115500,28988.6,29008.4,28903.5,28982.7
1779116400,28982.5,29025.5,28906,28965.1
1779117300,28966.1,28968.4,28863,28863.1
1779118200,28868.8,28966.4,28842.7,28901.8
1779119100,28902,28946.9,28880.8,28898.8
1779120000,28899.5,28930.3,28855.5,28926.7
1779120900,28926.2,28973.2,28759.3,28779.1
1779121800,28779.2,28863.3,28744.8,28825.6
1779122700,28825.8,28947.5,28809.5,28908.4
1779123600,28908.1,28939.8,28870,28898.2
1779124500,28897.5,28919.6,28867.6,28911.2
1779125400,28911.1,28931.3,28867.4,28912.9
1779126300,28913.9,28923.7,28874,28914.8
1779127200,28914.7,28919,28816.3,28819.6
1779128100,28819.5,28820.8,28737.5,28795.9
1779129000,28794.5,28816.5,28746,28776.1
1779129900,28775.9,28785.3,28715.3,28744.3
1779130800,28745.9,28972.8,28740.9,28863
1779131700,28862.6,28873.8,28784.2,28824.6
1779132600,28823.4,28955.4,28815.3,28953.2
1779133500,28954.1,29012.2,28943.9,28997.5
1779134400,28998,29009.1,28969.7,28981.3
1779135300,28981,28992,28973,28987.7
1779136200,28987.8,28995.2,28972.1,28986.2
1779137100,28986,28993.1,28974.5,28976.5
1779138000,28980.7,28982.1,28977.4,28979.1
1779138900,28978.7,28985.6,28978.7,28981.4
1779139800,28980.6,28986.5,28979.8,28986.5
1779140700,28986.7,28990.4,28981.7,28989.7
1779141600,28997.2,29060.2,28997.1,29021.7
1779142500,29021.6,29067.8,29019.9,29061.3
1779143400,29061.4,29076.9,29052.1,29058
1779144300,29057.1,29061.3,29037.9,29059.3
1779145200,29059.2,29088.6,29053.2,29063.8
1779146100,29064.1,29072.5,29049.5,29065.5
1779147000,29065.4,29066.8,29049.5,29060.3
1779147900,29060.4,29063.2,29015,29038.7
1779148800,29038.4,29054,28991.1,29022.8
1779149700,29022.9,29090.5,28995.6,29064.5
1779150600,29064.1,29076,29017.3,29032.2
1779151500,29032,29041,28982.4,28987.5
1779152400,28987.8,28999,28947.1,28968.6
1779153300,28968.4,28975.4,28894,28926.6
1779154200,28926.3,28979.7,28900.5,28968.9
1779155100,28968.8,28980.2,28915.1,28915.4
1779156000,28912,28915.9,28831.9,28864.5
1779156900,28864.6,28894.9,28839.8,28875.3
1779157800,28875.2,28901.8,28867,28900.9
1779158700,28901,28917.7,28867.4,28875.7
1779159600,28875.8,28904.5,28848.7,28892
1779160500,28893.5,28916.9,28881.7,28910.8
1779161400,28910.5,28942,28910.5,28920.7
1779162300,28919.3,28921.3,28885.5,28893.8
1779163200,28894.3,28895,28836.3,28860.8
1779164100,28860.3,28860.8,28805.8,28831.8
1779165000,28832,28877,28828.3,28855.9
1779165900,28855.8,28873.3,28829.6,28864.3
1779166800,28864.5,28878.2,28833.5,28858.6
1779167700,28858.7,28866.8,28789,28858.9
1779168600,28859,28873,28824,28835.1
1779169500,28835,28855.4,28824.8,28839.4
1779170400,28842.3,28870.5,28807.7,28869.5
1779171300,28869,28899.4,28849.6,28887.8
1779172200,28887.7,28922.6,28869,28918.6
1779173100,28918.5,28924.4,28892.7,28924.4
1779174000,28924.1,28987.6,28909.5,28963
1779174900,28962.8,28976,28946,28964.5
1779175800,28964.3,29003.5,28943.5,28987
1779176700,28987.6,29027.6,28985,29005.3
1779177600,29007.5,29019.5,28923.5,28941.6
1779178500,28941.7,28955.2,28877.9,28894.9
1779179400,28895.2,28925.3,28885.5,28916
1779180300,28915.9,28937.9,28905.7,28908.7
1779181200,28908.6,28908.8,28873.4,28876.3
1779182100,28876.7,28878.3,28793.9,28805.7
1779183000,28805.8,28821.2,28743.2,28745.3
1779183900,28745.1,28831.4,28742.9,28816
1779184800,28816.3,28824.3,28778.7,28808.7
1779185700,28808.8,28814.9,28788.3,28806
1779186600,28805.9,28834.8,28744,28757.2
1779187500,28756.8,28831.9,28743.6,28825.6
1779188400,28825.8,28852.4,28813.8,28816.1
1779189300,28816.2,28833.4,28797.3,28815.8
1779190200,28815.9,28843.9,28793.7,28800.5
1779191100,28800.3,28802.2,28757.5,28757.5
1779192000,28757.3,28793.1,28734.5,28783
1779192900,28783.7,28788.4,28746.5,28767.2
1779193800,28767.3,28841.3,28762.3,28819.4
1779194700,28819.5,28839.4,28811.2,28816.2
1779195600,28815.9,28828.2,28737.2,28777.4
1779196500,28776.6,28783.3,28705.3,28749.1
1779197400,28751.4,28970.3,28751.4,28814.2
1779198300,28813.7,28929.4,28772.4,28839.2
1779199200,28840.6,28846.5,28636.6,28642.1
1779200100,28642.6,28658.2,28566.9,28615.9
1779201000,28615.8,28705.9,28588.1,28650.5
1779201900,28650.4,28710.9,28582.4,28709.4
1779202800,28708.4,28738.9,28659.1,28730.8
1779203700,28731.6,28763.7,28634.1,28677.8
1779204600,28677.4,28783.6,28663.5,28760.3
1779205500,28760.2,28768.4,28685.2,28722.2
1779206400,28721.5,28785.1,28698.5,28721.5
1779207300,28721.6,28827.1,28721.2,28816.2
1779208200,28815.6,28894.4,28806.5,28893.5
1779209100,28893.4,28938.7,28872.9,28925.3
1779210000,28926.5,28987.2,28915.7,28980
1779210900,28980.1,29033.3,28968.7,28989.9
1779211800,28988.6,29023.8,28985,28997.6
1779212700,28997.4,29000.8,28916.1,28976.3
1779213600,28976.2,29009.9,28970.9,28981.6
1779214500,28980.8,28991.2,28919.9,28932.2
1779215400,28930.4,28968.5,28907.4,28923.2
1779216300,28923.1,28927.8,28848.7,28865.9
1779217200,28864.7,28959,28863.1,28957.8
1779218100,28957.5,28963.2,28829.5,28881.6
1779219000,28881.8,28908.3,28832.1,28837.2
1779219900,28836.8,28847,28772.6,28828
1779220800,28827.5,28845.4,28800.1,28825.8
1779221700,28825,28833.1,28805.7,28812.5
1779222600,28813.5,28814.7,28800.2,28803.5
1779223500,28803.7,28807.7,28789.3,28802.2
1779224400,28803.1,28818.8,28800.6,28818.7
1779225300,28817.4,28818.2,28812.4,28817.8
1779226200,28815.2,28826.9,28814.1,28825.5
1779227100,28825.4,28840.4,28821.9,28837.8
1779228000,28838.6,28862.8,28821.4,28831.4
1779228900,28831.5,28833.6,28772.5,28782.4
1779229800,28782.1,28815.7,28775.3,28794.3
1779230700,28794.1,28820.1,28780,28817.2
1779231600,28817.4,28856.2,28809.1,28851.6
1779232500,28851.8,28878.1,28845.9,28875.6
1779233400,28875.5,28928.9,28875.5,28900.7
1779234300,28900.6,28902.4,28850.9,28855.7
1779235200,28854.9,28855.5,28722.4,28736.9
1779236100,28736.7,28798.9,28705.1,28798.7
1779237000,28798.1,28852.3,28796.9,28831.8
1779237900,28831.7,28877.5,28825.5,28842.5
1779238800,28842.7,28885,28804.8,28878.4
1779239700,28878.1,28890.4,28806.1,28815.3
1779240600,28815.4,28830.2,28764.4,28810.6
1779241500,28810.7,28902.1,28804.6,28884.1
1779242400,28883.8,28896.9,28869.7,28886.4
1779243300,28886.5,28922.7,28863.5,28863.8
1779244200,28863.3,28863.3,28788.2,28789.1
1779245100,28788.8,28811.8,28771.6,28790.4
1779246000,28790.5,28790.5,28744.3,28751
1779246900,28751.1,28795.7,28746,28790.1
1779247800,28787.7,28818,28763.9,28798.6
1779248700,28798.8,28808.7,28786.7,28800.7
1779249600,28801.4,28847.3,28801.2,28845
1779250500,28845.1,28855.6,28815.4,28836.3
1779251400,28835.6,28838.6,28789.8,28792
1779252300,28791.9,28804.5,28775.3,28788.5
1779253200,28788.6,28846.5,28787,28819.3
1779254100,28818.9,28845.1,28795.6,28818.5
1779255000,28818.7,28887.6,28818.7,28848.2
1779255900,28848.8,28867.8,28819,28859.3
1779256800,28859.4,28881.3,28856,28877.3
1779257700,28877.2,28933.4,28877.2,28917.5
1779258600,28917.1,28921.6,28888.7,28891.3
1779259500,28891.1,28943.1,28890.4,28942.8
1779260400,28942.5,28957.1,28927.8,28938
1779261300,28938.1,28970.2,28935.4,28961.8
1779262200,28961.2,28963.7,28926.5,28950.8
1779263100,28950.3,28955.5,28919.9,28931.3
1779264000,28931.5,28991.9,28928.7,28985.4
1779264900,28985.3,29000.4,28965.8,28998.1
1779265800,28998.8,29028.3,28991.2,29021.8
1779266700,29021.3,29042.2,29000,29003.6
1779267600,29003.7,29006.8,28974.2,28974.2
1779268500,28974.3,28998.9,28970.3,28990.7
1779269400,28990.5,29010.1,28989.9,29004.5
1779270300,29004.6,29055.2,29002,29030.3
1779271200,29030.2,29062.1,29028.2,29043.1
1779272100,29043,29045.5,29022.1,29031.2
1779273000,29031.3,29063.2,29028.1,29036.5
1779273900,29037.4,29046.4,29008.3,29013.7
1779274800,29013.6,29033.9,28998.2,29002.4
1779275700,29002.5,29027.5,28999.7,29024.9
1779276600,29025.1,29034.1,28984,28995.7
1779277500,28995.9,29005.6,28970.6,28985.7
1779278400,28985.5,29029.7,28976.9,29027.4
1779279300,29027.5,29064,29015.4,29054
1779280200,29054.1,29074.9,29030,29033.1
1779281100,29033.3,29052,29009.5,29010.7
1779282000,29010.6,29023.8,29001.9,29006.7
1779282900,29006.6,29022.2,28962.6,28979
1779283800,28979.5,29059.7,28928.9,29046
1779284700,29045.9,29098.8,28953.4,29004.9
1779285600,29005.2,29034.2,28913.3,28992
1779286500,28992.2,29137.5,28979.8,29113.3
1779287400,29113.6,29168.6,29079.6,29126.7
1779288300,29127.6,29186.7,29080.3,29168.2
1779289200,29170,29191.1,29141.9,29166.5
1779290100,29166.6,29304.3,29166.6,29203.5
1779291000,29203.4,29244.6,29199.5,29229.5
1779291900,29229.4,29268.3,29217.6,29241.5
1779292800,29240.6,29247,29197.2,29209.7
1779293700,29209.3,29211.2,29121,29144.8
1779294600,29145.9,29200.4,29133.6,29198.5
1779295500,29199.5,29206.4,29136,29173
1779296400,29173.6,29214.9,29140.8,29193.3
1779297300,29193.5,29214.7,29173.6,29205.5
1779298200,29205.4,29235.8,29183.7,29212.2
1779299100,29212,29219.7,29193,29211.6
1779300000,29213.6,29236.1,29190.2,29217.6
1779300900,29218.1,29228.2,29189,29216.1
1779301800,29215.6,29254.5,29207.1,29207.1
1779302700,29207.4,29225.8,29198.5,29211.3
1779303600,29211.7,29248.1,29209.3,29248
1779304500,29248.3,29260.3,29240.2,29251.1
1779305400,29251.9,29284.4,29237.5,29263.9
1779306300,29261.4,29305.4,29247.5,29305.2
1779307200,29304.2,29304.2,29249.6,29263.7
1779308100,29266.2,29286.5,29157.1,29278
1779309000,29279,29285.5,29185,29212.1
1779309900,29211.8,29226.7,29160,29184
1779310800,29184.1,29195.1,29161.4,29173.3
1779311700,29173.8,29226.6,29173.6,29217.5
1779312600,29217.1,29223.1,29202.5,29209.5
1779313500,29209.6,29213.6,29185.7,29187.7
1779314400,29167.2,29188.9,29024.9,29068.5
1779315300,29068.6,29084.9,29028.3,29079.8
1779316200,29079.3,29099.3,29071.9,29091.7
1779317100,29092,29099.9,29071.4,29098.4
1779318000,29099.1,29133.4,29096,29115.8
1779318900,29115.7,29116.2,29077.4,29089.5
1779319800,29090.9,29106.6,29083.6,29097.7
1779320700,29097.8,29118.3,29090.1,29102.9
1779321600,29103,29120.8,29083.2,29117.7
1779322500,29117.8,29126,29084.8,29104.3
1779323400,29102.8,29127.1,29092.1,29126.4
1779324300,29126.3,29141.9,29114.1,29131.2
1779325200,29131.3,29191.1,29131.3,29190.3
1779326100,29190.5,29205,29170.4,29181.3
1779327000,29181.4,29230.4,29173,29223.4
1779327900,29223.6,29229.5,29191.5,29222.4
1779328800,29224,29250,29222.3,29243.2
1779329700,29242.8,29286.8,29241,29263.2
1779330600,29263.3,29265.5,29242.3,29245.3
1779331500,29244.9,29251.9,29227.5,29236.4
1779332400,29236.6,29264.8,29233.2,29255.2
1779333300,29255.6,29273.9,29243.6,29267.5
1779334200,29267.7,29288.5,29258.7,29288.5
1779335100,29288.2,29290.7,29264.7,29271.7
1779336000,29271.8,29298.2,29267.3,29290.9
1779336900,29290.3,29323,29287.8,29318
1779337800,29316.6,29319.4,29289.7,29313.7
1779338700,29314,29335.1,29304.6,29328.4
1779339600,29328.6,29348.5,29316.8,29323.6
1779340500,29323.7,29335.4,29298,29304.1
1779341400,29306.6,29306.6,29283.2,29292.8
1779342300,29292.6,29295,29209.2,29276.4
1779343200,29273.9,29301.8,29265.7,29271.9
1779344100,29271.8,29295.4,29248.4,29276.3
1779345000,29276,29286,29226.2,29227.6
1779345900,29227.5,29232.4,29188.1,29211.5
1779346800,29210.5,29212.5,29128.1,29140.9
1779347700,29139.8,29176.7,29115,29169.1
1779348600,29164.3,29198.3,29163.6,29193.2
1779349500,29193,29242.5,29190.3,29231
1779350400,29231.1,29342.6,29218.4,29341.6
1779351300,29341.8,29371.9,29281.7,29323.6
1779352200,29322.4,29324.8,29274.9,29294.4
1779353100,29295,29298.4,29257.8,29282.3
1779354000,29281.6,29321.6,29275.2,29312.4
1779354900,29311.9,29338.4,29305.4,29328.8
1779355800,29328.4,29337.4,29284.3,29287.9
1779356700,29288.1,29304.9,29282,29288.3
1779357600,29287.6,29302.3,29264.2,29295.2
1779358500,29295.7,29302.8,29152.5,29182
1779359400,29182.5,29205.8,29123.3,29164.1
1779360300,29163.9,29166.5,29101.6,29156
1779361200,29152.8,29167.7,29114.2,29158.9
1779362100,29159.1,29202.2,29157.2,29184.4
1779363000,29184.3,29195,29149.6,29153.8
1779363900,29153.4,29186.4,29153.3,29163.2
1779364800,29163.3,29177.8,29138.2,29147.8
1779365700,29148.1,29170.3,29128.3,29152.6
1779366600,29151.2,29200.7,29132.7,29147.7
1779367500,29147.4,29153.6,29096.6,29103.2
1779368400,29103,29147.7,29096.1,29124.9
1779369300,29124.6,29127.6,29088.3,29122
1779370200,29121.55,29175,29083.9,29122.2
1779371100,29122.6,29223,29097.5,29197.7
1779372000,29198.4,29250,29165.3,29182.2
1779372900,29180.8,29188.4,29040.9,29102.8
1779373800,29102.3,29164.8,29087.8,29147.3
1779374700,29148.4,29166.1,29081,29150.7
1779375600,29148.2,29160.7,29053.4,29145.8
1779376500,29147,29173.4,29134.5,29146.9
1779377400,29148.2,29186.9,29091.7,29168.7
1779378300,29169.7,29215.9,29169.7,29179.7
1779379200,29179.6,29222.6,29177.6,29188.7
1779380100,29189,29195.5,29130.2,29161.7
1779381000,29161.1,29185.9,29148.5,29170.2
1779381900,29171,29184.3,29122.5,29171.5
1779382800,29172.8,29293.5,29172.8,29257.1
1779383700,29257.8,29388.5,29251.5,29323.9
1779384600,29321.5,29407.8,29318.4,29405.3
1779385500,29406.6,29463,29381.9,29407
1779386400,29407.9,29432.4,29357.9,29360.4
1779387300,29360.6,29387.2,29341.9,29368.3
1779388200,29368.8,29381.5,29347.2,29369.3
1779389100,29370.3,29376.6,29207.7,29248
1779390000,29249.8,29324.5,29248.6,29323.4
1779390900,29323.2,29348.1,29316.5,29337.6
1779391800,29336.4,29353.7,29314.5,29327.1
1779392700,29325.4,29371.7,29311.5,29351.7
1779393600,29355.6,29378.6,29344.1,29368.3
1779394500,29367.5,29370.8,29349,29355.7
1779395400,29355.5,29369.1,29354.9,29366
1779396300,29365.2,29374.2,29359.3,29363.4
1779397200,29363.2,29375.6,29358.7,29372.6
1779398100,29372.5,29382.2,29372.2,29380.6
1779399000,29380.5,29381.8,29375.9,29375.9
1779399900,29373.1,29374,29364.6,29365.5
1779400800,29362.3,29430.2,29362.3,29428.1
1779401700,29428,29437,29403.7,29420.5
1779402600,29420.6,29433.4,29407.9,29429.4
1779403500,29429.7,29460.6,29429.7,29452.7
1779404400,29452.8,29465.9,29450.4,29458.3
1779405300,29458.8,29463.2,29451,29453.4
1779406200,29453.5,29468.3,29449.7,29457.4
1779407100,29457.1,29486.7,29455.6,29466.1
1779408000,29466.7,29493.4,29450,29470
1779408900,29470.2,29515,29464,29491.6
1779409800,29491.8,29524,29491.8,29496.6
1779410700,29496.4,29511.6,29485.8,29485.9
1779411600,29485.6,29500.7,29458,29495.1
1779412500,29495,29497.6,29463.1,29467.6
1779413400,29467,29472.2,29415.8,29445.8
1779414300,29445.6,29475.2,29443.9,29450.3
1779415200,29449.9,29465,29436.3,29454.5
1779416100,29454.7,29463.5,29429.3,29432.8
1779417000,29432.3,29469.9,29430.1,29459.7
1779417900,29459.6,29476.3,29456.1,29471.3
1779418800,29470.3,29475.5,29449.6,29458
1779419700,29457.8,29468.8,29451.5,29465.1
1779420600,29465.9,29486.5,29465.9,29485.8
1779421500,29485.6,29494.1,29480.7,29492.3
1779422400,29492.2,29514.8,29492.2,29504.8
1779423300,29505.1,29512.7,29497.5,29509.7
1779424200,29509.8,29510.2,29485.9,29492
1779425100,29491.7,29518.3,29491.6,29512.8
1779426000,29513.1,29526.6,29510.2,29515.9
1779426900,29516,29522,29497.4,29506.5
1779427800,29506.7,29513.9,29484.6,29499.2
1779428700,29499.1,29514.5,29463.1,29468.5
1779429600,29467.5,29486.7,29454.5,29482.3
1779430500,29481.8,29495.2,29466.9,29483.5
1779431400,29484.3,29512.9,29475.7,29511.1
1779432300,29511.3,29513.9,29480.8,29483.6
1779433200,29483.3,29483.3,29450.8,29459.2
1779434100,29459.6,29501.2,29459.6,29495.1
1779435000,29495.6,29498,29453.7,29483
1779435900,29483.2,29505,29475.5,29503.5
1779436800,29504.4,29535.1,29504.4,29518.7
1779437700,29518.1,29585.3,29518.1,29553.6
1779438600,29554.7,29556.2,29506.2,29519.6
1779439500,29520.1,29535.8,29485.8,29486.9
1779440400,29487.2,29487.2,29428.2,29429.7
1779441300,29428.3,29450.1,29406.8,29418.7
1779442200,29419.1,29458.6,29398.4,29454.5
1779443100,29454.3,29470.2,29438.3,29447.5
1779444000,29448.8,29448.8,29406.7,29411.8
1779444900,29411.4,29415.8,29369.1,29377.7
1779445800,29377.6,29386.2,29357.8,29374.6
1779446700,29374.4,29398.4,29372.9,29387.5
1779447600,29387.8,29415.7,29381.1,29390.4
1779448500,29390.7,29403.5,29373.1,29391.1
1779449400,29390.9,29422,29384.7,29420.9
1779450300,29421,29449.1,29413.9,29429.5
1779451200,29429,29500.8,29416.1,29488.4
1779452100,29487.3,29503.7,29451.1,29471
1779453000,29471.7,29487.3,29465.9,29473.5
1779453900,29474.2,29517.5,29474.2,29517
1779454800,29516.8,29523.7,29478.4,29505.5
1779455700,29505.7,29515.4,29468.9,29501.4
1779456600,29501.3,29635.2,29475.6,29562.2
1779457500,29563.2,29587.2,29510.6,29563.5
1779458400,29566.1,29566.1,29444.4,29489.5
1779459300,29490,29522.5,29416.7,29489.7
1779460200,29489.2,29564.8,29479.3,29562.5
1779461100,29562.4,29578.8,29534.6,29572.7
1779462000,29570.7,29617.9,29567.4,29612.8
1779462900,29613.6,29631,29591.3,29631
1779463800,29629.5,29635.5,29600.7,29617.9
1779464700,29618.3,29618.3,29583.3,29610.1
1779465600,29610.2,29617,29589.1,29605.4
1779466500,29604,29606,29566.3,29591.5
1779467400,29592.3,29602.6,29557.7,29567.8
1779468300,29567.7,29600.2,29565.8,29597.7
1779469200,29596.4,29630,29596.4,29621.9
1779470100,29622.7,29662.1,29574.3,29662.1
1779471000,29661,29672.1,29610.4,29625.1
1779471900,29625.7,29632.8,29588.9,29604.2
1779472800,29604.7,29613.9,29574.6,29587.6
1779473700,29588.4,29597.9,29573.9,29585.5
1779474600,29586,29600.6,29551.3,29593.4
1779475500,29594.4,29598.8,29568.4,29576.7
1779476400,29577,29586.4,29517,29526.7
1779477300,29526.3,29529.1,29468.8,29475.8
1779478200,29475.2,29510.9,29459.6,29485.8
1779479100,29484.1,29505.4,29457.1,29475.5
1779480000,29483.2,29502,29465.4,29484.8
1779480900,29484.3,29485.5,29464.7,29472.1
1779481800,29472.6,29474.7,29426.5,29454.3
1779482700,29455.3,29463.1,29444.45,29444.7
1779660000,29649.9,29702.2,29646.3,29696.2
1779660900,29696.3,29707.8,29681.7,29697.6
1779661800,29697.5,29731.6,29697.5,29726.1
1779662700,29726.6,29747.3,29725.6,29730.4
1779663600,29730.5,29755.8,29730.5,29746.2
1779664500,29746.3,29747.3,29728.6,29733.6
1779665400,29734.6,29805.9,29734.1,29782.2
1779666300,29781.2,29790.4,29761.1,29767.5
1779667200,29767.8,29795,29749.2,29792.5
1779668100,29793.4,29815.6,29783.3,29807.4
1779669000,29807.1,29843.1,29807.1,29836.7
1779669900,29837.7,29856.5,29829.4,29838.8
1779670800,29840.2,29852.2,29832.1,29844.8
1779671700,29844.9,29852.6,29837.4,29849.3
1779672600,29849.4,29872.2,29844.8,29857.2
1779673500,29857.1,29859.7,29844.2,29847
1779674400,29847.6,29859.6,29841.3,29846.8
1779675300,29847,29847,29831.9,29836.2
1779676200,29836.6,29838.7,29828.2,29837.8
1779677100,29838.1,29885.4,29838.1,29882.2
1779678000,29881.5,29911.1,29880,29889.2
1779678900,29889.3,29905.8,29877.9,29891.1
1779679800,29892.1,29898.7,29886.8,29890
1779680700,29889.8,29892.9,29879.8,29886.5
1779681600,29886.4,29900.7,29885.7,29889.2
1779682500,29888.8,29896.3,29886.7,29894.2
1779683400,29894.4,29895.3,29884.2,29894.6
1779684300,29894.9,29910.7,29893.7,29897.7
1779685200,29897.4,29912,29897.3,29909.1
1779686100,29908.8,29918.8,29901.1,29908
1779687000,29908.2,29917.6,29901.8,29914.3
1779687900,29914.2,29916.7,29892.5,29893
1779688800,29892,29905,29886.2,29892.5
1779689700,29892.4,29894.6,29873.2,29891
1779690600,29890.8,29901.4,29885.3,29889.3
1779691500,29889.5,29907,29886.8,29890
1779692400,29891.6,29896.3,29863.1,29866.3
1779693300,29866.1,29874.3,29815.6,29853.9
1779694200,29853.7,29909.9,29850.1,29887
1779695100,29887.1,29900,29881,29895.3
1779696000,29895.4,29898.4,29862.1,29862.4
1779696900,29862.3,29867.2,29850.8,29857.5
1779697800,29858.8,29880.9,29851.8,29875.4
1779698700,29875.8,29887.7,29875.8,29885.3
1779699600,29885.1,29901.4,29885.1,29888.6
1779700500,29888.3,29894.7,29881.1,29885.6
1779701400,29886,29897,29878.6,29886.2
1779702300,29886.5,29886.8,29878.1,29880.1
1779703200,29880,29888,29869.8,29885.6
1779704100,29886,29895.2,29880.3,29885.6
1779705000,29885.7,29894.7,29880.9,29894.7
1779705900,29894.6,29899.2,29889.1,29894.6
1779706800,29893.8,29902.8,29888.3,29900.1
1779707700,29899.9,29905.6,29897.8,29899.8
1779708600,29900,29908.2,29897.9,29904.9
1779709500,29905.1,29912.9,29892.9,29897.3
1779710400,29897.4,29909.4,29888.3,29889.5
1779711300,29889.4,29912.9,29882.4,29889.5
1779712200,29889.8,29892.6,29873.1,29875.9
1779713100,29876,29881.1,29861.9,29865.5
1779714000,29864.5,29879.7,29863.3,29871.3
1779714900,29871.1,29872,29861.6,29863.6
1779715800,29863.9,29899,29863.9,29899
1779716700,29898.9,29917.1,29893.3,29916.5
1779717600,29916.4,29917.9,29876.4,29877.6
1779718500,29877.4,29881.4,29864.4,29866.6
1779719400,29867.1,29869.3,29834.3,29837.5
1779720300,29837.4,29864.4,29833.6,29852.5
1779721200,29851.1,29910.1,29848.7,29891.3
1779722100,29891.1,29901.2,29857.3,29858
1779723000,29857.2,29864.7,29844.3,29849.9
1779723900,29849.7,29854.8,29838.5,29846.4
1779724800,29846.8,29858.2,29839.7,29855.9
1779725700,29856.1,29859.9,29837.7,29848
1779726600,29848.2,29858.7,29845.2,29857.5
1779727500,29857.3,29890.6,29852.2,29886.7
1779728400,29883.3,29914.4,29878.5,29886.6
1779729300,29886.7,29888.7,29868.4,29885.7
1779730200,29883.5,29886.8,29876.1,29882
1779731100,29882.1,29882.1,29867.9,29867.9
1779732000,29863.5,29870.7,29863.1,29864.7
1779732900,29864.6,29867.3,29859.7,29862.1
1779733800,29859.9,29864.7,29859.5,29862.2
1779734700,29862.3,29872.2,29862.3,29872.2
1779735600,29872.3,29872.3,29862.1,29867
1779736500,29864.5,29864.8,29857.3,29862.3
1779737400,29857.9,29867.4,29857.5,29862.6
1779738300,29864.8,29872.4,29853.2,29867.7
1779746400,29864.6,29868.2,29836.8,29850.7
1779747300,29848.8,29876.1,29844.3,29864.8
1779748200,29864.2,29864.2,29813.6,29834.2
1779749100,29834.1,29834.1,29808.8,29816.7
1779750000,29816.9,29827.7,29798.1,29805.5
1779750900,29806.1,29812.1,29761.9,29767.8
1779751800,29768,29809.6,29763.2,29805.9
1779752700,29806.3,29825.8,29799.4,29805.5
1779753600,29805.7,29806.1,29725.7,29752.9
1779754500,29752.7,29774.1,29737.4,29768.2
1779755400,29766.7,29781.8,29743.3,29750.6
1779756300,29751.2,29758.4,29735.2,29747.9
1779757200,29747.6,29755.7,29722.4,29747.9
1779758100,29747.8,29759.3,29719.9,29728.2
1779759000,29729,29730.6,29696.1,29714.3
1779759900,29714.2,29741.9,29713.1,29738.1
1779760800,29739.5,29753.7,29732.3,29746.4
1779761700,29746.2,29755.1,29722.4,29740.9
1779762600,29741.3,29751.2,29728.2,29736
1779763500,29735.9,29745.5,29730.6,29743.5
1779764400,29743.8,29750.6,29730.9,29731.1
1779765300,29730.5,29753.3,29729.2,29751.4
1779766200,29751.6,29754.6,29736.7,29739
1779767100,29738.6,29751.7,29733.6,29745.9
1779768000,29746.1,29753,29733.1,29752.9
1779768900,29753,29755.3,29740.3,29740.3
1779769800,29740.4,29749,29734.7,29736.3
1779770700,29736.4,29738,29718.9,29726.6
1779771600,29726.1,29737,29711.5,29732.5
1779772500,29732.2,29739.3,29728.8,29733.1
1779773400,29733,29742.4,29726.1,29732.1
1779774300,29732.2,29741.4,29720.2,29732.7
1779775200,29734.3,29765.9,29726.5,29764.4
1779776100,29765.1,29772.7,29730,29744
1779777000,29742.7,29769.2,29736.4,29760.3
1779777900,29760.1,29760.8,29745.9,29751.9
1779778800,29751.7,29756.9,29688.9,29707.5
1779779700,29708.5,29715.9,29686.1,29698.8
1779780600,29698.7,29710.5,29671.5,29707.5
1779781500,29707.2,29719.2,29682.4,29700.7
1779782400,29703.2,29712.4,29685.1,29698.9
1779783300,29698.6,29718.9,29692.3,29716.4
1779784200,29714.4,29731.4,29698.6,29726.9
1779785100,29727,29736.9,29709,29733.6
1779786000,29733.8,29749.6,29732.1,29733.8
1779786900,29733.6,29770.3,29729.9,29763.8
1779787800,29763.9,29770.7,29755.4,29764.5
1779788700,29764.3,29777.1,29761.3,29774.6
1779789600,29774.5,29796.6,29770.5,29794.5
1779790500,29795.4,29829.5,29787.3,29822.2
1779791400,29821.8,29841.9,29795.3,29799.5
1779792300,29799.3,29805.5,29779.3,29780.6
1779793200,29779.5,29793,29766.1,29766.1
1779794100,29767.8,29793.7,29767.1,29786.3
1779795000,29785.8,29801.6,29744.4,29784.2
1779795900,29785.1,29797.8,29777.3,29793
1779796800,29792.5,29809.2,29778.7,29796
1779797700,29796.1,29826.1,29791.1,29824.7
1779798600,29825.5,29855.3,29815.6,29842.4
1779799500,29842.5,29852.1,29836.8,29845
1779800400,29843.9,29851.7,29826.3,29846
1779801300,29846.4,29853.9,29814.6,29830.2
1779802200,29825.7,29863.3,29754.3,29859.1
1779803100,29859.6,29930.2,29842.1,29930.2
1779804000,29929.5,29953.9,29902.4,29951.7
1779804900,29952.1,30006.2,29932.3,29990.7
1779805800,29992,30043.9,29985.3,30030.8
1779806700,30029.8,30038.6,29978.4,29979.9
1779807600,29981.1,29992.3,29929.9,29964.1
1779808500,29962.8,29962.8,29918.6,29925.6
1779809400,29927.5,29933.7,29888,29898.1
1779810300,29898.8,29908.2,29811.9,29852.8
1779811200,29852.4,29904.2,29847,29864.7
1779812100,29864.9,29917.6,29853.7,29917.4
1779813000,29917.6,29940.4,29887.6,29888.6
1779813900,29890,29908.8,29872.6,29899.1
1779814800,29900.3,29927.8,29894.3,29911.1
1779815700,29911.6,29914.7,29879.2,29894.2
1779816600,29894.6,29926.6,29884.6,29909.8
1779817500,29910.9,29937.4,29910.3,29922
1779818400,29921.7,29956.3,29908,29950.2
1779819300,29952.1,29977.6,29947.8,29970.4
1779820200,29971.4,29985.3,29955.8,29956.9
1779821100,29957.1,29970.1,29935,29938.4
1779822000,29938.7,29981.9,29930.4,29976.7
1779822900,29976.4,29986.7,29970.9,29979.1
1779823800,29978.4,30018.9,29977.6,30015.6
1779824700,30014.9,30036,29993.6,30003.7
1779825600,30004.4,30009.2,29980.8,29982.4
1779826500,29982.6,29999.4,29982,29987.6
1779827400,29987.2,29995.7,29984.7,29987.2
1779828300,29987.1,29988.6,29959.6,29968.1
1779829200,29968.4,29981.3,29966.6,29977.3
1779830100,29977.6,29986.6,29974.9,29979.8
1779831000,29981.1,29991.1,29979.3,29991.1
1779831900,29990.7,30000.7,29987.5,29991.5
1779832800,29988.1,30003.4,29961.1,29972.6
1779833700,29972.3,29989.6,29963.8,29972
1779834600,29972.8,29990.7,29972.6,29974.1
1779835500,29974.2,29976.9,29957.8,29967.9
1779836400,29968,29986.8,29966.8,29974
1779837300,29974.4,30004.5,29971.2,30004.5
1779838200,30004.2,30021.5,29991,30021
1779839100,30021.4,30030.9,30017.8,30025.6
1779840000,30026.2,30040.9,30018.3,30032.2
1779840900,30032.5,30032.7,29998.8,30024.3
1779841800,30024.1,30053.4,30020.1,30039.9
1779842700,30040.4,30065.7,30034.4,30055.7
1779843600,30056.5,30078.4,30043.4,30073.2
1779844500,30073.1,30087.1,30064.3,30077
1779845400,30077.1,30079.5,30064.1,30065.9
1779846300,30065.7,30067.7,30045.6,30049.6
1779847200,30050,30070.8,30048.2,30068.2
1779848100,30068,30081.4,30066.3,30074
1779849000,30074.2,30083.2,30067.9,30075.6
1779849900,30075.5,30085.4,30063.8,30064.4
1779850800,30064.2,30080.9,30058.2,30060.6
1779851700,30060.7,30064.8,30046.4,30056.1
1779852600,30056.3,30059.9,30038,30048.5
1779853500,30048.3,30049,30020.1,30026
1779854400,30025.9,30051.6,30022.4,30035.4
1779855300,30035.3,30038,30006.3,30007.6
1779856200,30006.3,30032.4,30003.4,30032.4
1779857100,30031.9,30047,30031.9,30033.2
1779858000,30032.6,30047.2,30023.4,30031.2
1779858900,30030.9,30031.3,30002.8,30028.3
1779859800,30028.4,30030.7,29995.3,30027.5
1779860700,30027.6,30037.3,30014,30031.1
1779861600,30030.8,30038.3,30015.7,30025.7
1779862500,30025.2,30030.1,30004.5,30011.6
1779863400,30009.3,30016.8,29985.1,30002.9
1779864300,30001.9,30014.1,29992.6,30003
1779865200,30005,30042.8,30001.6,30041.9
1779866100,30042.2,30056.4,30033.4,30053
1779867000,30052.5,30066.5,30043.5,30056.9
1779867900,30057.1,30071.2,30039.6,30066.6
1779868800,30068.5,30096,30058.4,30094
1779869700,30094.2,30143.9,30093.7,30135.1
1779870600,30135.6,30143.7,30118.5,30137.3
1779871500,30137.2,30137.7,30119.2,30123.5
1779872400,30122.8,30128.3,30100.8,30115
1779873300,30115.3,30126.1,30107.5,30114.2
1779874200,30114.8,30136.7,30107.5,30122.5
1779875100,30122.6,30141.5,30112.8,30140
1779876000,30140.9,30175.4,30138.5,30173.8
1779876900,30173.2,30174.1,30155.1,30158.6
1779877800,30157.5,30159.2,30142.1,30151.4
1779878700,30151.5,30169,30148.8,30162.9
1779879600,30163.5,30199.9,30163.3,30194.9
1779880500,30194.7,30216.6,30178.7,30197.2
1779881400,30197.4,30223.5,30197,30205.4
1779882300,30206,30219.7,30189.4,30192.2
1779883200,30191.5,30205.1,30182,30193.8
1779884100,30193.5,30304,30169.1,30280.7
1779885000,30281.6,30285.4,30234.7,30243.8
1779885900,30244.4,30244.4,30184,30188.1
1779886800,30186.9,30198.6,30128.3,30144.4
1779887700,30143.4,30153.3,30116.7,30117.7
1779888600,30115.1,30115.9,29894.3,29910.6
1779889500,29909.5,30003.6,29866.2,29987.8
1779890400,29990.1,30028.6,29912.6,29942.6
1779891300,29943.9,29983.7,29815.4,29842.9
1779892200,29839.5,29948.6,29806.3,29917.7
1779893100,29918.7,29948.4,29851.3,29868.3
1779894000,29867.3,29902.1,29842,29873.9
1779894900,29874.9,29875.9,29809.2,29875.9
1779895800,29874.8,29905,29810.3,29814.3
1779896700,29814.6,29866.9,29807.6,29860.1
1779897600,29859.9,29928.7,29845.5,29924.1
1779898500,29924.4,29944.2,29904.7,29919.9
1779899400,29920.4,29967.2,29904.6,29958.1
1779900300,29961,29978,29905.3,29918.3
1779901200,29919.3,29926.7,29825.7,29848.9
1779902100,29850.4,29904.2,29843.6,29884.9
1779903000,29884.3,29917.6,29870.7,29875.2
1779903900,29874.5,29919.2,29869.3,29900.6
1779904800,29899.8,29930.6,29890.8,29925
1779905700,29925.8,29980,29920.4,29979.6
1779906600,29979.3,29988.4,29951.7,29975.9
1779907500,29975.1,29983.8,29961.3,29967.5
1779908400,29966.8,29989.6,29953.7,29969.6
1779909300,29969.7,29980.7,29938.2,29955.3
1779910200,29954.2,29997.5,29952.7,29991.8
1779911100,29991.6,29992.6,29963.5,29975.1
1779912000,29973.4,29996,29962,29984.6
1779912900,29985.6,30038.9,29985.6,30018.6
1779913800,30019,30042.7,30019,30035.7
1779914700,30036.4,30055.8,30033.5,30051.4
1779915600,30047.7,30052,30041.1,30043.9
1779916500,30043.8,30044.6,30042.1,30042.9
1779917400,30043.1,30043.1,30025.4,30026.9
1779918300,30026.8,30029.1,30021.1,30028.4
1779919200,30043.4,30064.3,29993.7,30003.2
1779920100,30004,30024,29978.2,29978.7
1779921000,29977.9,29993.4,29955.7,29975.2
1779921900,29976,29997.5,29973.9,29989.1
1779922800,29989.4,30004.7,29976.1,29986.5
1779923700,29986.4,30008.7,29958,29971
1779924600,29971.4,29971.4,29931.3,29934.9
1779925500,29935.6,29936.6,29894,29908.1
1779926400,29906.5,29947.2,29891.5,29901.2
1779927300,29901.9,29944.4,29899.6,29937.2
1779928200,29937.5,29954.8,29910.3,29954.6
1779929100,29954.3,30017.1,29952.8,29999.6
1779930000,29999.7,30010.1,29965.3,29993.3
1779930900,29993.5,30000,29973.8,29987.6
1779931800,29987.1,30004.1,29972.4,29975.5
1779932700,29975.2,30004.2,29961.8,29999.9
1779933600,30001.4,30009.1,29958,29958.2
1779934500,29957.7,29963.1,29928.9,29929.4
1779935400,29929,29943.4,29909.2,29912.7
1779936300,29912.9,29930.6,29900.9,29902.6
1779937200,29903.6,29914.4,29861.5,29869.1
1779938100,29868.9,29886.3,29839,29841.5
1779939000,29841.3,29841.3,29731.4,29732.1
1779939900,29732,29766.7,29725.1,29741.5
1779940800,29741.6,29755,29708.8,29729.5
1779941700,29729,29735,29692.8,29715.6
1779942600,29715.8,29750.8,29708.4,29735
1779943500,29734.9,29737.3,29712.2,29718.2
1779944400,29720,29744.9,29697.7,29741.6
1779945300,29741.7,29771.3,29730.9,29771
1779946200,29772.3,29815.4,29763.3,29801.2
1779947100,29802.5,29840.9,29802.5,29831.8
1779948000,29832.7,29860.3,29832.7,29855.9
1779948900,29855.7,29866.6,29843.2,29845.7
1779949800,29845.5,29852.7,29819.5,29841.1
1779950700,29840.1,29843,29808.1,29838.7
1779951600,29838.4,29890.5,29838.4,29875
1779952500,29876.6,29887.5,29865.3,29875
1779953400,29876.5,29888.5,29865.7,29880.9
1779954300,29881,29890.6,29851.4,29885.7
1779955200,29885.6,29919.1,29877.6,29895.5
1779956100,29895.3,29923.9,29881,29890.6
1779957000,29890.8,29917,29887.7,29898.8
1779957900,29898.9,29914.9,29888.8,29913.9
1779958800,29913.8,29927.2,29893,29899.9
1779959700,29900,29916.6,29896.6,29900.2
1779960600,29899.8,29900.9,29869.7,29879.1
1779961500,29877.3,29908.3,29873.8,29906
1779962400,29905.4,29905.7,29872.5,29875.4
1779963300,29875.2,29883.3,29842.9,29862.3
1779964200,29862.4,29869.5,29838.7,29841.3
1779965100,29841.2,29856.3,29798.7,29815
1779966000,29816.2,29835.5,29798.9,29808.2
1779966900,29808.3,29841.6,29806.8,29824.8
1779967800,29824.7,29868.4,29809.9,29865.2
1779968700,29865.6,29868.1,29842.6,29853.8
1779969600,29853.9,29891.3,29852,29882.5
1779970500,29882.6,29888.3,29855.1,29884.6
1779971400,29879.8,29957.1,29879.8,29956
1779972300,29955.7,29994.4,29948.2,29983.1
1779973200,29982.5,30021.2,29957.2,29965.6
1779974100,29965.7,29994.2,29961.5,29979.7
1779975000,29982.3,30040.2,29872.4,29885.6
1779975900,29883.3,29927.5,29850.1,29917.8
1779976800,29918,30110.7,29889.8,30087
1779977700,30088.3,30099.4,29988.8,30072.3
1779978600,30073.7,30095.2,30034.2,30093.3
1779979500,30092.2,30116.3,30053.3,30112.4
1779980400,30111.8,30168.2,30105.3,30147.2
1779981300,30146.9,30198.9,30135.4,30186.6
1779982200,30186.4,30217.3,30181.2,30187.2
1779983100,30187.1,30203.8,30176.1,30187.9
1779984000,30187.6,30206.2,30162,30197.4
1779984900,30197.2,30242.3,30190.3,30226.3
1779985800,30226.6,30233.7,30202.2,30231.6
1779986700,30231.8,30253,30222.7,30250.5
1779987600,30250.9,30259,30240.4,30242.7
1779988500,30243.7,30246.3,30219.9,30221.5
1779989400,30222.2,30248.5,30206.8,30244.4
1779990300,30244.9,30264.1,30235.8,30240.7
1779991200,30243.6,30261.4,30223.7,30226.6
1779992100,30227.1,30248.6,30221.3,30237.9
1779993000,30238.6,30239.2,30214.3,30223.4
1779993900,30223.6,30239.9,30205.2,30215.9
1779994800,30216.7,30234.8,30201.7,30210.6
1779995700,30210.9,30228.5,30197,30226.2
1779996600,30225.1,30250.6,30222.1,30229.6
1779997500,30229.1,30248.3,30204.6,30226.1
1779998400,30223.5,30252.5,30209.7,30250.4
1779999300,30246.9,30252.5,30231.6,30237.2
1780000200,30237.4,30244.3,30231.8,30238.6
1780001100,30238.1,30251,30227.6,30228.3
1780002000,30228.5,30248.5,30228.5,30246
1780002900,30246.6,30261.9,30245.1,30257
1780003800,30256.8,30262.6,30255.3,30257
1780004700,30255.3,30256.2,30249,30249.1
1780005600,30252.8,30285.4,30220.2,30237.1
1780006500,30237.3,30240.5,30214.5,30227.3
1780007400,30227.4,30238.6,30216.6,30234
1780008300,30234.1,30239.8,30221.4,30223.4
1780009200,30223.7,30243.3,30222.1,30239.4
1780010100,30239.2,30252.6,30237.4,30243.4
1780011000,30243.1,30243.1,30232.6,30235.5
1780011900,30235.2,30235.4,30220.6,30227.8
1780012800,30226.8,30227.7,30197,30207.8
1780013700,30207.7,30225.6,30203.3,30207.4
1780014600,30207.6,30208.1,30170.2,30174.8
1780015500,30174.9,30180.6,30159.5,30173.3
1780016400,30173.2,30187.3,30142.3,30159.8
1780017300,30159.5,30179.2,30152.7,30157.3
1780018200,30157.6,30183.2,30148.6,30179.6
1780019100,30180.2,30189.7,30157.5,30174
1780020000,30174.2,30196.4,30165.9,30189.8
1780020900,30189,30190.7,30152.8,30160.7
1780021800,30160.5,30181,30153.9,30171.7
1780022700,30172.1,30178.3,30157,30162.1
1780023600,30162.8,30190.9,30160.1,30183.2
1780024500,30183.3,30191.9,30178,30184.6
1780025400,30184.5,30190.5,30177.3,30186.7
1780026300,30186.2,30199.6,30171.5,30186.3
1780027200,30186.8,30201.1,30185,30198.3
1780028100,30198.2,30211.6,30198.2,30209.6
1780029000,30209.7,30231.1,30203.7,30231.1
1780029900,30230.9,30231.2,30215.8,30222.2
1780030800,30222.7,30242.5,30221.9,30238.4
1780031700,30238.2,30242.8,30228.1,30237.5
1780032600,30237.7,30241,30218.3,30228.7
1780033500,30228.6,30240.9,30218.6,30225.5
1780034400,30226.7,30250.9,30226.7,30247.5
1780035300,30247.6,30267.3,30239.4,30241.6
1780036200,30241.7,30259.1,30236.9,30254.4
1780037100,30253.5,30276,30252.3,30273.8
1780038000,30273.7,30274.5,30246.5,30250.4
1780038900,30250.1,30251.6,30219.9,30225
1780039800,30224.7,30229,30191,30204.1
1780040700,30204,30227.6,30202.4,30224.6
1780041600,30225.9,30244,30211.7,30235.3
1780042500,30235,30244.7,30216.2,30238.6
1780043400,30238.3,30251.9,30232,30234.2
1780044300,30234.3,30242.4,30216.3,30239.2
1780045200,30239.1,30285,30233.2,30284.8
1780046100,30285.4,30293,30261.6,30277.1
1780047000,30276.9,30280.1,30254.4,30257
1780047900,30256.8,30275.4,30254.6,30255.9
1780048800,30256.7,30258.7,30226.7,30240.5
1780049700,30240.6,30258,30227,30252.8
1780050600,30252.7,30272.2,30246.6,30265
1780051500,30265.2,30274.8,30258.4,30265.2
1780052400,30265.8,30287.1,30265.8,30285.8
1780053300,30285.6,30296.3,30257.9,30259.9
1780054200,30259.4,30278.6,30233.5,30270
1780055100,30269.1,30279,30226.7,30272.9
1780056000,30271.7,30274.5,30240.4,30246.3
1780056900,30245.3,30259.9,30237.5,30253.3
1780057800,30255.2,30256.4,30222.2,30249.1
1780058700,30248.6,30274,30236.3,30274
1780059600,30275.4,30287.7,30265.3,30268.4
1780060500,30269.1,30309.9,30260.7,30309.9
1780061400,30304.4,30385.6,30290.8,30384.9
1780062300,30386.4,30456.8,30377.1,30456.8
1780063200,30456.2,30472.6,30381.1,30396
1780064100,30395.5,30397.1,30281.4,30342.8
1780065000,30340.6,30371.3,30225.2,30229.5
1780065900,30228.8,30328.7,30204.6,30295.9
1780066800,30295.8,30368.6,30276.5,30366
1780067700,30366.8,30379,30300.6,30337.2
1780068600,30336,30357.3,30304.5,30315.1
1780069500,30315.4,30334,30293.8,30299.9
1780070400,30302.3,30384,30297.5,30373.5
1780071300,30373.8,30384.2,30338.6,30342.6
1780072200,30342.4,30383.1,30325,30358.2
1780073100,30358.4,30362.2,30314.1,30334.6
1780074000,30335.7,30349.7,30319.5,30329.7
1780074900,30330,30337.5,30295,30306.9
1780075800,30305.2,30314.4,30279.4,30286.7
1780076700,30286.8,30297.3,30234.3,30239.7
1780077600,30240.6,30302.8,30229.4,30279.9
1780078500,30279.8,30321.1,30265.6,30318.1
1780079400,30316.4,30339.6,30304.3,30320.4
1780080300,30320.6,30320.6,30252.6,30261.5
1780081200,30260.7,30303.7,30249.9,30299.1
1780082100,30299.7,30318.2,30280.1,30315.7
1780083000,30316.2,30371.7,30315.2,30361.6
1780083900,30362.4,30377,30329.6,30329.6
1780084800,30331.3,30346,30325.5,30332.1
1780085700,30332.9,30332.9,30315,30322.2
1780086600,30321.7,30327.2,30312.8,30317.7
1780087500,30316.7,30333.2,30316,30323.5
1780264800,30364.2,30375.9,30298.8,30354.7
1780265700,30355.5,30372.9,30332.7,30360.6
1780266600,30360.8,30390.4,30360.8,30390.4
1780267500,30394.6,30411.6,30391,30394.8
1780268400,30394.2,30415.9,30386.9,30402
1780269300,30401.8,30409.3,30390.2,30403.8
1780270200,30403.7,30413.6,30396.7,30402.1
1780271100,30402,30423.2,30397.8,30416.1
1780272000,30415.2,30462.4,30409.8,30448.7
1780272900,30448.5,30481.5,30431.5,30479.9
1780273800,30481.4,30486.8,30462.8,30480.6
1780274700,30480.8,30490.6,30473.3,30476.1
1780275600,30477.1,30487,30458.7,30468.3
1780276500,30468.4,30486.6,30466.4,30469.7
1780277400,30469.8,30484.6,30465.7,30475.7
1780278300,30475.6,30490.2,30469.5,30485
1780279200,30484.7,30503.4,30483.7,30501.1
1780280100,30500.8,30507,30494,30499.2
1780281000,30499.1,30501.4,30485.9,30487.9
1780281900,30487.7,30490.7,30480.7,30485.7
1780282800,30487.6,30502.5,30487.6,30496.7
1780283700,30496.8,30514.2,30475.6,30511.6
1780284600,30512.1,30532.1,30491.2,30492.5
1780285500,30491.6,30501.9,30473.2,30481.7
1780286400,30481.9,30501.1,30479.9,30494.2
1780287300,30494,30504.5,30487.9,30497
1780288200,30496.8,30518.6,30488.1,30517.4
1780289100,30517.5,30517.9,30506.1,30510.1
1780290000,30509.8,30516.9,30497.8,30507.4
1780290900,30507.5,30514.4,30489.2,30490.8
1780291800,30491.6,30512.6,30490.5,30510.3
1780292700,30510.2,30528.1,30507,30517.1
1780293600,30517.2,30526,30509.7,30514.3
1780294500,30514.2,30514.8,30493.9,30496.1
1780295400,30495,30517.1,30495,30505.2
1780296300,30505.1,30524.5,30504.1,30516.3
1780297200,30516.6,30530.6,30503.9,30509.4
1780298100,30509.5,30511.8,30452.2,30461.1
1780299000,30462.4,30470.1,30423.9,30439.7
1780299900,30439.8,30452.8,30429.5,30450.1
1780300800,30448.9,30453.7,30409.1,30413.9
1780301700,30413.7,30418.9,30392.8,30392.8
1780302600,30392.9,30417.5,30380.1,30416.9
1780303500,30417,30437.7,30395.5,30436.7
1780304400,30437,30450.1,30417.8,30421.3
1780305300,30421.6,30434.2,30407.9,30408.3
1780306200,30409.4,30417.5,30401.7,30410.7
1780307100,30410.5,30412.7,30389.9,30400.5
1780308000,30402.2,30423,30392.5,30422.4
1780308900,30422.2,30427.4,30402.9,30424.8
1780309800,30425.1,30442.4,30424.3,30438.9
1780310700,30438.6,30442.7,30427,30431.4
1780311600,30434.8,30434.8,30398.1,30408.1
1780312500,30408.9,30409.2,30391.4,30399.5
1780313400,30398.9,30438.7,30388.3,30422.4
1780314300,30422.3,30428.9,30398.8,30401.2
1780315200,30401,30401.9,30358.3,30359.2
1780316100,30360.5,30395.8,30353.7,30385.6
1780317000,30385.7,30426.8,30369.5,30423.7
1780317900,30423.3,30434.8,30382.8,30387.3
1780318800,30388.3,30393.8,30256.7,30285.5
1780319700,30287.3,30318.1,30228.1,30279.8
1780320600,30280,30397.5,30247.5,30349.2
1780321500,30349.5,30402.7,30245,30250.1
1780322400,30253.3,30322.4,30234.6,30295.1
1780323300,30292.3,30360.9,30279.7,30322.1
1780324200,30321.3,30370.8,30309,30360.2
1780325100,30360.9,30387.1,30346.5,30377.1
1780326000,30377,30396.3,30355.2,30384.8
1780326900,30385.5,30428,30385.5,30419.6
1780327800,30418.4,30493.2,30418.4,30478.5
1780328700,30478.4,30481.3,30436.6,30442.3
1780329600,30442,30473.9,30411.8,30423.9
1780330500,30422.9,30452,30391.7,30450.4
1780331400,30451.2,30480.5,30451.2,30463.4
1780332300,30464.4,30526.5,30448.4,30523.9
1780333200,30527.4,30529.9,30480.4,30496.5
1780334100,30496.2,30547.8,30484.2,30547.8
1780335000,30549.8,30631.1,30514.9,30596.6
1780335900,30596.7,30638.3,30596.7,30615.6
1780336800,30615.7,30620.2,30575.4,30581.3
1780337700,30581.5,30601.6,30573.1,30592.5
1780338600,30590.3,30598.8,30575.1,30587.3
1780339500,30587.1,30589,30558.7,30567.3
1780340400,30567.5,30592.3,30557.7,30576.2
1780341300,30575.8,30578.4,30561.7,30568.9
1780342200,30568,30568,30528.1,30532.9
1780343100,30531.6,30539.4,30501,30514.7
1780344000,30515,30517.8,30492.2,30502.8
1780344900,30501.5,30501.5,30484,30492.6
1780345800,30492.3,30520.2,30486.2,30501.4
1780346700,30500.4,30501.9,30454.1,30469.8
1780347600,30472,30482.9,30466.5,30481.2
1780348500,30482.7,30485,30480.1,30483.9
1780349400,30483.8,30488.7,30468.3,30480.3
1780350300,30480.2,30483.8,30463.8,30483.7
1780351200,30494.8,30494.8,30404.4,30425
1780352100,30424.3,30435.1,30399.8,30401.5
1780353000,30401.8,30412.2,30386.3,30393.7
1780353900,30393.8,30406.8,30378.3,30406.1
1780354800,30406.5,30414.1,30394,30402.7
1780355700,30402.8,30413.7,30399.5,30406.1
1780356600,30406.2,30426.5,30396,30407.6
1780357500,30407.5,30417,30393,30416.9
1780358400,30416.6,30416.6,30353.8,30362.6
1780359300,30362.9,30384,30326.8,30351
1780360200,30350.8,30370.7,30327.6,30345.4
1780361100,30344.5,30345.4,30311.1,30322
1780362000,30321,30350,30306,30342.4
1780362900,30342.7,30344.6,30300.8,30324.3
1780363800,30324,30336.1,30304.5,30315.9
1780364700,30316.2,30318.1,30279.5,30280
1780365600,30280.1,30296.1,30270.1,30284.5
1780366500,30284.3,30316.9,30280.7,30305
1780367400,30305.8,30333.6,30305.2,30323.1
1780368300,30323,30328.4,30309.3,30322
1780369200,30321.8,30332.2,30288.2,30295.6
1780370100,30295,30303.5,30265,30273.2
1780371000,30274.1,30296.7,30267.1,30292.4
1780371900,30292.3,30312.2,30291.6,30311.6
1780372800,30311.7,30339.7,30307.7,30324.6
1780373700,30323.1,30360.9,30319.8,30351.1
1780374600,30351.2,30362.8,30340.4,30359.7
1780375500,30360.2,30393.2,30356.4,30390.6
1780376400,30390.8,30416.4,30377.6,30414.7
1780377300,30414.3,30423.1,30403.7,30418
1780378200,30418.3,30441,30418.3,30430.6
1780379100,30430.9,30432,30405.4,30423.4
1780380000,30424,30441.4,30415.8,30428.5
1780380900,30428.8,30451.1,30427.1,30434
1780381800,30435.1,30456,30415.8,30445.6
1780382700,30444.9,30462.9,30442.8,30462.4
1780383600,30462.1,30488.2,30455.3,30480.9
1780384500,30480,30494.1,30472.5,30476.2
1780385400,30475.9,30486.4,30466.3,30476.7
1780386300,30477,30477.4,30457,30476.6
1780387200,30479.1,30514.8,30477.1,30502.6
1780388100,30503.2,30513.2,30483.3,30491
1780389000,30490.6,30512,30488.3,30494.3
1780389900,30495.7,30508.9,30485.6,30495.5
1780390800,30495.7,30495.8,30471.4,30484.2
1780391700,30484.5,30497.4,30471.5,30480.5
1780392600,30480.6,30527.7,30479.4,30521.7
1780393500,30522.1,30530.7,30509.6,30511.1
1780394400,30510,30517.9,30498.7,30506.3
1780395300,30505.7,30513.6,30493.2,30500.3
1780396200,30500.8,30503.4,30478.5,30482.8
1780397100,30482.7,30491,30473.8,30474.6
1780398000,30474.4,30490.8,30450.2,30489
1780398900,30489.1,30496.3,30472.4,30495.9
1780399800,30495.8,30520.4,30494.3,30498.7
1780400700,30498.6,30501.2,30476.2,30476.2
1780401600,30476.5,30492.4,30474.2,30476.9
1780402500,30475.9,30505.2,30468.5,30493
1780403400,30492.9,30506.5,30472.6,30499.8
1780404300,30499.7,30502.2,30473.5,30475.8
1780405200,30477.2,30483.1,30427.1,30439.2
1780406100,30440.2,30504,30435.9,30501.9
1780407000,30502.5,30511.8,30371.2,30447.6
1780407900,30448.5,30550,30443.4,30547.4
1780408800,30548.9,30593.2,30516,30579.8
1780409700,30579.7,30583.4,30483.6,30505.2
1780410600,30506.7,30572.9,30503.1,30572.1
1780411500,30572.3,30592.2,30551,30591.4
1780412400,30591.5,30613.6,30561.4,30613.3
1780413300,30613.8,30626.3,30603.4,30615.4
1780414200,30614.8,30635.7,30599.6,30617.5
1780415100,30617.9,30647.5,30607,30640.1
1780416000,30640.8,30660.6,30617.9,30648.7
1780416900,30649,30649,30599,30606.9
1780417800,30606.7,30623.1,30588.3,30596
1780418700,30596.1,30641.8,30590,30638.9
1780419600,30638.7,30650.8,30626.8,30644.9
1780420500,30645.2,30645.7,30579.5,30591.2
1780421400,30591.1,30596.6,30555.1,30583
1780422300,30583.1,30596,30570.5,30574
1780423200,30574.1,30608.9,30560.2,30594.3
1780424100,30594.1,30594.6,30579.1,30587.1
1780425000,30587.9,30603.7,30547,30568.9
1780425900,30568.3,30590.1,30562.7,30587.4
1780426800,30586.9,30630.6,30586.8,30621
1780427700,30620.9,30634.9,30610.9,30612.4
1780428600,30612.5,30634.2,30611.7,30630
1780429500,30630.2,30668.5,30626.2,30654.7
1780430400,30655.4,30714.7,30647.4,30686.9
1780431300,30687.1,30713.8,30685.8,30688.4
1780432200,30688.3,30696.6,30686.4,30693.3
1780433100,30692,30699.7,30685.1,30693.1
1780434000,30692.9,30697.8,30687.2,30692.6
1780434900,30692.4,30697.1,30686.6,30690.4
1780435800,30691.7,30692.6,30684.2,30692.5
1780436700,30691.2,30695.6,30686.1,30687.1
1780437600,30690.4,30700.5,30669.1,30684
1780438500,30683.9,30693.4,30675.5,30691.8
1780439400,30691.6,30710.4,30688.1,30689.9
1780440300,30689.8,30693.3,30650.1,30657.9
1780441200,30657.7,30660.8,30619.1,30626.8
1780442100,30627.3,30629,30521.5,30564.3
1780443000,30564.5,30642.3,30548.1,30633.1
1780443900,30633.9,30666,30621.9,30658.9
1780444800,30659.1,30670.9,30631,30631.9
1780445700,30632,30654.5,30622.7,30643.4
1780446600,30643.9,30665.6,30639.7,30665.6
1780447500,30665.5,30678.5,30661.7,30672
1780448400,30671.5,30676.1,30626.5,30629.3
1780449300,30629.6,30641.2,30625.8,30636.5
1780450200,30636.7,30653.1,30609.4,30619.5
1780451100,30619.6,30638.5,30604.6,30636.8
1780452000,30637.5,30644.9,30623.4,30643.4
1780452900,30643.3,30647,30618.9,30630
1780453800,30630.4,30642.2,30624.3,30631.9
1780454700,30631.7,30633.2,30620.7,30631.7
1780455600,30631.5,30640.2,30624.4,30640.2
1780456500,30640.1,30656.6,30634.6,30638.1
1780457400,30638.2,30654.5,30638.2,30650.5
1780458300,30650.8,30662.5,30643.4,30659.9
1780459200,30660,30679.3,30659.2,30677.9
1780460100,30677.8,30678.8,30663.7,30672.6
1780461000,30672.5,30683.3,30667.5,30675.4
1780461900,30676.1,30676.1,30654.1,30656.1
1780462800,30655.6,30671.6,30632,30667.2
1780463700,30667.3,30675,30656.6,30658.3
1780464600,30658.4,30661.5,30636.4,30647.3
1780465500,30647.2,30650.8,30633.5,30640.2
1780466400,30639.5,30666.2,30625,30634.4
1780467300,30633.9,30647.4,30625.9,30641.9
1780468200,30639.9,30669.8,30632.9,30659
1780469100,30659.2,30659.9,30640.1,30650.8
1780470000,30650.6,30691.3,30640.3,30680.2
1780470900,30680.1,30688.9,30657.9,30659.8
1780471800,30659.9,30671.4,30639,30654.6
1780472700,30654.7,30674.8,30649.6,30674.3
1780473600,30674.7,30702.6,30653.5,30687.7
1780474500,30687.8,30694.4,30655.2,30689
1780475400,30689.6,30693.8,30662.6,30670.3
1780476300,30670.5,30679.2,30658.7,30671.1
1780477200,30670.9,30702,30662.9,30693.3
1780478100,30693.5,30721.6,30686.8,30717.6
1780479000,30717.8,30722.7,30700.5,30713.8
1780479900,30712.3,30714.9,30683.3,30687.5
1780480800,30687,30734.7,30667.1,30712.2
1780481700,30712.4,30716.9,30691.3,30715.3
1780482600,30717.4,30734.7,30695.2,30696
1780483500,30695.8,30716.3,30695.7,30705.4
1780484400,30705.3,30735.1,30705.3,30725.8
1780485300,30725.3,30739.2,30717,30727.6
1780486200,30727.4,30744.9,30721.5,30726.4
1780487100,30725.8,30740.4,30718.4,30732.2
1780488000,30730.2,30750,30724.8,30744.4
1780488900,30743.9,30745.4,30706,30706
1780489800,30706.3,30707,30656.3,30679.9
1780490700,30680.3,30687.4,30651.8,30670.4
1780491600,30670.3,30695.9,30665.8,30681.7
1780492500,30681.5,30714.6,30680.7,30704.5
1780493400,30706,30759.2,30574.2,30577.2
1780494300,30576.4,30597.3,30447.5,30510.6
1780495200,30510.8,30642.2,30500.5,30641.3
1780496100,30640.1,30677.1,30618.3,30675.9
1780497000,30674.4,30690.9,30618.5,30652.9
1780497900,30653.5,30673.4,30595.3,30616.3
1780498800,30617.4,30665.9,30615.6,30643.4
1780499700,30642.9,30649.1,30565.7,30618.7
1780500600,30618.3,30640.4,30550.2,30552.5
1780501500,30552.3,30582.1,30518.2,30556
1780502400,30555.9,30571.9,30527.4,30561.5
1780503300,30561.3,30561.4,30481.9,30503.3
1780504200,30502.7,30525.4,30454.4,30477.6
1780505100,30477.5,30553.7,30477.3,30553.2
1780506000,30553.9,30555.9,30484.4,30493.9
1780506900,30493.8,30524.1,30469.1,30521.2
1780507800,30522.5,30565.3,30494.3,30563.8
1780508700,30563.7,30597.6,30555.6,30594.4
1780509600,30594.1,30604.5,30565.2,30575.6
1780510500,30575.8,30628,30558.3,30626.2
1780511400,30626.3,30630.8,30583.7,30599.5
1780512300,30599.6,30615.3,30585.2,30598.9
1780513200,30598.8,30607.4,30563.2,30584.7
1780514100,30585.3,30607,30557.3,30582
1780515000,30580.5,30636.5,30572.7,30628.7
1780515900,30628.8,30639.6,30571,30579.8
1780516800,30574,30578.3,30538,30547.1
1780517700,30546.6,30553.6,30484.3,30504.5
1780518600,30504.3,30506.6,30437.4,30441.8
1780519500,30441.3,30464.4,30417.4,30432.6
1780520400,30432.8,30467.4,30384.2,30384.7
1780521300,30384.3,30432.2,30374.7,30377.7
1780522200,30379.5,30379.6,30307.6,30328
1780523100,30327.7,30365,30313.7,30364.8
1780524000,30388.1,30438.7,30374.1,30399.7
1780524900,30399.8,30401.7,30348,30379
1780525800,30379.5,30410.8,30367.2,30381.7
1780526700,30381.5,30413.1,30317.1,30398.8
1780527600,30399.6,30403.5,30349,30366.8
1780528500,30366.7,30371.6,30333.9,30346.1
1780529400,30346.2,30365.5,30320.2,30330.3
1780530300,30330,30363.9,30314.2,30336.9
1780531200,30336.7,30396,30318.9,30377.6
1780532100,30377.3,30403.1,30354.9,30398.2
1780533000,30398.1,30444.3,30397.2,30437
1780533900,30436.9,30445.2,30415.6,30440.8
1780534800,30440.4,30473.7,30436.2,30456.8
1780535700,30457.2,30457.2,30414.2,30431.4
1780536600,30431.7,30465.1,30416.6,30423.2
1780537500,30423.7,30430.8,30381.1,30396.4
1780538400,30399,30399.5,30335.5,30336.6
1780539300,30337.2,30367,30295.4,30356.9
1780540200,30357,30360.9,30329.9,30353.2
1780541100,30353.1,30381.8,30352.1,30355.8
1780542000,30355.9,30395.5,30352.9,30381.1
1780542900,30380.8,30412.9,30380.1,30412.5
1780543800,30413.3,30428.3,30392.1,30396.2
1780544700,30395.5,30427.6,30388.7,30420.6
1780545600,30420.8,30439.8,30409.8,30439.8
1780546500,30440.4,30445.1,30426.9,30429.6
1780547400,30429.7,30449.8,30424.1,30445.7
1780548300,30446,30448.8,30430.1,30439
1780549200,30438.8,30441,30392.8,30416.2
1780550100,30416.1,30425,30392.4,30403.5
1780551000,30403.6,30436.2,30396.1,30435
1780551900,30435.1,30435.7,30400.7,30425.4
1780552800,30426.2,30443.8,30418.9,30427.3
1780553700,30427.5,30430.5,30405.5,30430.4
1780554600,30431.4,30463.3,30412.2,30461.9
1780555500,30461.8,30476.2,30443.1,30469.7
1780556400,30470,30485.6,30456.1,30474.4
1780557300,30474.3,30476.3,30432.7,30459.3
1780558200,30459.4,30475.3,30444.8,30448.4
1780559100,30447.8,30458,30432.3,30441.1
1780560000,30440.9,30442.6,30347.7,30350.3
1780560900,30349.6,30366.9,30283.5,30312.9
1780561800,30313.4,30344.5,30306.7,30308.1
1780562700,30307.9,30320.2,30268.1,30287.7
1780563600,30287.2,30289.7,30197.7,30203
1780564500,30202.9,30252.2,30191.7,30244.4
1780565400,30244,30273.9,30234.7,30239.9
1780566300,30239.4,30290.5,30237.9,30279.3
1780567200,30279.6,30279.8,30241.2,30249.8
1780568100,30249.7,30251.6,30212.2,30214.6
1780569000,30214.4,30234.7,30191.3,30197.9
1780569900,30197.8,30217.1,30145,30187
1780570800,30186.9,30207.6,30174.8,30188.6
1780571700,30188.7,30221.6,30168.1,30213.8
1780572600,30214.4,30230.4,30108,30139.4
1780573500,30139.2,30224,30134.5,30220.3
1780574400,30220.4,30228.8,30168,30180.7
1780575300,30180.9,30196.5,30166.5,30189.9
1780576200,30188.9,30254.8,30187.5,30251.1
1780577100,30250.6,30272.5,30231.9,30250.9
1780578000,30251,30260,30229,30244.8
1780578900,30244.7,30272.1,30207.2,30211.2
1780579800,30211.6,30306,30153.1,30168.7
1780580700,30170.2,30255.7,30129.9,30189.8
1780581600,30190.1,30221.6,30092.8,30218.7
1780582500,30218.4,30287.1,30191.2,30280.9
1780583400,30281.4,30287.8,30233.5,30240.3
1780584300,30240.6,30296.5,30230.3,30294.8
1780585200,30295.6,30394.1,30293.7,30391
1780586100,30390.8,30409.3,30373.9,30384
1780587000,30382.5,30389.7,30352.9,30360.4
1780587900,30360,30364.7,30303.7,30354
1780588800,30356.1,30394.5,30336.2,30383.6
1780589700,30383.3,30427.7,30382.7,30421
1780590600,30420.6,30430.5,30377.3,30424
1780591500,30424.2,30434.7,30406.5,30421.4
1780592400,30421.3,30443.5,30406.6,30434.8
1780593300,30435.1,30460.3,30416.8,30456.3
1780594200,30455.1,30483.1,30452.7,30483.1
1780595100,30482.9,30505.5,30469.3,30501
1780596000,30500.4,30541.4,30496.5,30534.4
1780596900,30534.5,30538.7,30517,30528
1780597800,30527.2,30532.7,30498.9,30513.3
1780598700,30513.4,30529.7,30487.8,30495.5
1780599600,30496.4,30526.5,30484.1,30493.7
1780600500,30494,30531.4,30468.9,30530.9
1780601400,30530.6,30539.4,30484.1,30485.6
1780602300,30485.9,30488.4,30417.4,30419.5
1780603200,30420.3,30427.5,30372.5,30385.7
1780604100,30384,30394.9,30335.8,30346.8
1780605000,30347.1,30357.1,30336.9,30345.3
1780605900,30345.8,30351.2,30330.8,30339.7
1780606800,30340,30348.5,30338.8,30345.9
1780607700,30345.4,30358.9,30345.4,30358.9
1780608600,30358.8,30361.8,30355.5,30357.8
1780609500,30358,30360.2,30350.2,30355.5
1780610400,30361.4,30361.4,30307.7,30310.6
1780611300,30310.7,30323.8,30256.8,30283.3
1780612200,30283,30296.5,30270,30277.5
1780613100,30277.3,30309.3,30275.8,30305.3
1780614000,30304.1,30310.7,30264.9,30267.3
1780614900,30267,30270.2,30230.8,30249.6
1780615800,30249.7,30250.9,30217,30221.6
1780616700,30221.7,30225.6,30196.5,30203.8
1780617600,30204,30204.6,30139.9,30140.3
1780618500,30140.8,30161.9,30111.9,30135.1
1780619400,30135.3,30154.1,30102.2,30111
1780620300,30110.5,30127.9,30075,30087.3
1780621200,30086.8,30097.1,30053.7,30068.6
1780622100,30068.3,30073.2,29996,30028.2
1780623000,30028.3,30093,30027.9,30087.9
1780623900,30087.8,30139.4,30071.7,30139
1780624800,30139.3,30161.6,30114.2,30154.1
1780625700,30153.6,30181.9,30144.2,30175.1
1780626600,30174.8,30191.3,30156.7,30163.4
1780627500,30163.7,30179.1,30151.2,30157.5
1780628400,30157.7,30167.1,30127.5,30154.3
1780629300,30154,30171.8,30131.1,30132.8
1780630200,30132.7,30148.7,30120.2,30126.1
1780631100,30125.9,30127.9,30087.3,30106.6
1780632000,30106.5,30132.6,30098.7,30127.6
1780632900,30128.7,30147.5,30117.9,30121
1780633800,30121.2,30155,30110.8,30143.3
1780634700,30143.2,30184.5,30139.5,30170.9
1780635600,30171,30176.6,30137.1,30140.6
1780636500,30140.8,30171.2,30133.3,30144.1
1780637400,30144,30167.6,30136.9,30137.2
1780638300,30137.1,30139.4,30106.2,30113.6
1780639200,30113.1,30155.4,30110.4,30114.9
1780640100,30114.7,30119.1,30075.5,30086.6
1780641000,30087.2,30099.1,30057.4,30062.5
1780641900,30062.4,30087.9,30056.9,30066.4
1780642800,30066.5,30070.1,30018.3,30024.6
1780643700,30024.4,30054.6,30005.5,30050.6
1780644600,30050.4,30102,30046.4,30070.6
1780645500,30070.3,30098.5,30066.7,30092
1780646400,30092.2,30106.1,30061.6,30084.6
1780647300,30083.1,30158.6,30070.7,30158.6
1780648200,30160.6,30165.2,30111.2,30112.3
1780649100,30112.4,30127,30091.4,30102.5
1780650000,30102.6,30199,30094.4,30161.2
1780650900,30161.1,30177.4,30120.3,30125.6
1780651800,30125.5,30139.3,30115.1,30123.5
1780652700,30123.4,30154.2,30123.4,30139.9
1780653600,30141.7,30152.4,30133.5,30148.1
1780654500,30148.2,30178.8,30142.3,30172.7
1780655400,30172.6,30178.9,30154.2,30168.1
1780656300,30168,30169.8,30133.5,30139.5
1780657200,30138.2,30140.5,30113.5,30126.4
1780658100,30126.2,30128.7,30081,30128.7
1780659000,30128.5,30136.8,30111.8,30118.9
1780659900,30119.2,30123.3,30086.3,30091.6
1780660800,30091.3,30091.4,30049.9,30054.2
1780661700,30054.6,30100.3,30047.7,30055.2
1780662600,30054.9,30092.5,29986.9,30062.7
1780663500,30062.8,30077.4,29996.4,29998
1780664400,29997.5,30014,29977.3,29982.3
1780665300,29982.4,29994.5,29955.4,29981.3
1780666200,29980.2,30039.8,29873.1,29875.1
1780667100,29875.3,29896,29715.9,29717.2
1780668000,29718.4,29815.3,29702.7,29814.2
1780668900,29814.9,29889.3,29753.7,29776.7
1780669800,29777.6,29879.6,29767.2,29793.3
1780670700,29793.5,29823.3,29756.1,29805.9
1780671600,29806.7,29821.6,29680.8,29681.6
1780672500,29681.3,29717,29648.5,29670.6
1780673400,29670.8,29692,29568.3,29598.6
1780674300,29599.1,29635,29581.4,29612.4
1780675200,29612.1,29612.5,29516.4,29546.6
1780676100,29547.3,29547.3,29488.7,29496.2
1780677000,29495.9,29500.4,29369.9,29386.2
1780677900,29385.9,29458.7,29336.3,29442.3
1780678800,29443.2,29443.9,29328.9,29362.1
1780679700,29361.6,29400,29313.2,29390.1
1780680600,29390.6,29455,29356,29368.7
1780681500,29369.2,29424.4,29358.9,29421.4
1780682400,29421.8,29429.4,29262.8,29270.1
1780683300,29269.8,29271.1,29178.4,29196.5
1780684200,29197,29208.5,29102.7,29135.7
1780685100,29135.6,29167.8,29052.4,29144
1780686000,29145.1,29163.9,29002.7,29025.4
1780686900,29024.5,29107,28927.9,29105.3
1780687800,29105.7,29109.3,29004.2,29051
1780688700,29049.8,29149.8,28961.8,28971.2
1780689600,28970,28997.9,28774.2,28787.9
1780690500,28792.1,28831.9,28755.4,28822.3
1780691400,28821.8,28821.8,28745.5,28773.4
1780692300,28774.4,28813.7,28736,28787.1
1780869600,28799.9,28955.7,28780.3,28953.3
1780870500,28953.4,28979.7,28911.1,28923.4
1780871400,28923.6,28974.2,28903.6,28932.8
1780872300,28932.5,28954.1,28830.8,28851.2
1780873200,28852,28959,28849.7,28949.1
1780874100,28948.6,28951.2,28896.2,28934.5
1780875000,28934.2,28982.5,28922.3,28980.3
1780875900,28979.9,29060,28973.7,29042.7
1780876800,29042.1,29102,29016.5,29101.5
1780877700,29102.5,29182.5,29091.8,29178.5
1780878600,29178.4,29245.9,29170.3,29209.6
1780879500,29209.7,29210.7,29120.1,29175
1780880400,29174.9,29191.9,29108.5,29108.5
1780881300,29107.3,29119.8,29028.1,29032.3
1780882200,29032.7,29119.5,28981.9,29115.9
1780883100,29114.8,29137.1,29075,29115.1
1780884000,29115.7,29137.4,29068.8,29107.8
1780884900,29107.6,29137,29061.9,29129.3
1780885800,29129.4,29186.4,29088.5,29186.1
1780886700,29185.7,29199.6,29160.9,29167.7
1780887600,29167.6,29187.2,29151.7,29165.2
1780888500,29164.8,29178.1,29133.5,29172.9
1780889400,29173,29190.3,29165.8,29169.1
1780890300,29169.4,29181.8,29157,29169.8
1780891200,29169.9,29178.9,29120,29134
1780892100,29134.4,29158,29104.4,29126.9
1780893000,29127,29134.2,29056.1,29058.7
1780893900,29058.6,29097.3,29045.6,29046.2
1780894800,29046.3,29097.2,29024,29025.8
1780895700,29022.8,29056.6,29017.9,29048.2
1780896600,29048.4,29054.2,28936.1,28947.7
1780897500,28946.8,28981.3,28928.6,28971.5
1780898400,28971.3,29026.3,28957.4,28987.2
1780899300,28987.7,29091.3,28970.1,29086.7
1780900200,29086.3,29107.6,29023.3,29053.2
1780901100,29053.4,29060.3,29006.5,29058.9
1780902000,29057.8,29114.5,29039.5,29100.7
1780902900,29099.7,29194.1,29078.9,29183.6
1780903800,29184,29194.7,29146.8,29180.4
1780904700,29180.8,29237.6,29171.5,29212.6
1780905600,29212.5,29214.6,29156.7,29168.4
1780906500,29168.9,29205.7,29161.1,29180.4
1780907400,29181.4,29223.9,29144,29163.7
1780908300,29163.9,29164.7,29114.2,29133
1780909200,29133.3,29156.1,29100.8,29146.2
1780910100,29145.7,29181,29137.5,29149
1780911000,29148.9,29206.9,29121.6,29174.1
1780911900,29174,29197.4,29168.4,29196.9
1780912800,29196.7,29198,29142.4,29177.6
1780913700,29177.5,29184,29131,29150.4
1780914600,29150.5,29230.8,29145.3,29204.2
1780915500,29204.1,29213.4,29182.9,29199.7
1780916400,29199.9,29321.2,29170,29320.8
1780917300,29320,29365.8,29298.3,29363.9
1780918200,29364.1,29393.7,29364.1,29366.6
1780919100,29366.7,29377.2,29328.6,29332.7
1780920000,29332.4,29373.4,29323.6,29370.1
1780920900,29369.9,29414,29359.4,29412.3
1780921800,29411.8,29464.4,29411.8,29448.3
1780922700,29449.1,29451.4,29418.9,29442.9
1780923600,29443,29537.4,29440.8,29531.3
1780924500,29531.1,29562.5,29480.2,29484.8
1780925400,29482.7,29540.1,29354.2,29472
1780926300,29472.8,29510,29299.6,29307
1780927200,29307.7,29425.4,29289,29395.4
1780928100,29396.4,29485.8,29329.7,29470.5
1780929000,29471.2,29556.3,29459.8,29503.9
1780929900,29504.4,29635.4,29504.4,29630.9
1780930800,29631,29688.1,29621.5,29669.5
1780931700,29669.6,29699.5,29580,29586.9
1780932600,29586.4,29639.6,29514.5,29639.6
1780933500,29641,29665.8,29550.6,29567.1
1780934400,29568.5,29606.8,29537.1,29592.6
1780935300,29592.3,29647.3,29537.5,29539.4
1780936200,29541.2,29572.3,29510.5,29544.1
1780937100,29543.7,29587.8,29534,29536.2
1780938000,29537.1,29541.1,29442.3,29487.7
1780938900,29486.8,29560.2,29449.2,29557.3
1780939800,29557.2,29578.3,29464.8,29467.7
1780940700,29467.8,29552.8,29466.8,29512.5
1780941600,29512.9,29566.2,29510.3,29519.5
1780942500,29518.7,29554.2,29514.5,29548.2
1780943400,29548,29573.6,29484.1,29487
1780944300,29487.6,29527.9,29487,29498.3
1780945200,29498.2,29504.1,29384.7,29385.2
1780946100,29384.9,29408.1,29333.2,29393.2
1780947000,29392.4,29449.4,29377.8,29393.7
1780947900,29393.4,29428.3,29375.5,29409.3
1780948800,29410,29424.4,29383.4,29400.5
1780949700,29401.5,29405.2,29357,29388.6
1780950600,29387.6,29394,29375,29384.5
1780951500,29385,29405.4,29373.5,29391.4
1780952400,29393.8,29402.1,29383.8,29402.1
1780953300,29398,29407.1,29395.2,29403
1780954200,29402.8,29405.1,29400.2,29403
1780955100,29402.9,29405,29399.4,29401.7
1780956000,29388.3,29424.5,29308.2,29318.3
1780956900,29318.5,29325.5,29278.2,29288
1780957800,29287,29334.5,29285.6,29328.1
1780958700,29328,29387.3,29318.1,29381.9
1780959600,29382,29419.2,29361.9,29411.1
1780960500,29410.8,29418,29385.3,29391.7
1780961400,29391.8,29440.4,29378.6,29402.8
1780962300,29403,29404.2,29342.2,29381.4
1780963200,29381.2,29397.9,29299.3,29320.7
1780964100,29319.5,29341.4,29287,29325.5
1780965000,29325.6,29335.5,29266,29304
1780965900,29304.2,29316,29263.6,29295.4
1780966800,29295.2,29344,29288.8,29328.7
1780967700,29328.3,29434.2,29321.3,29414.5
1780968600,29415,29478.4,29406.4,29459.3
1780969500,29459.5,29503.8,29440.3,29451.2
1780970400,29451.3,29474,29439.8,29456
1780971300,29455.9,29460.2,29417.4,29449.8
1780972200,29450,29469.3,29430.6,29466.6
1780973100,29466.9,29480.9,29446.2,29473.2
1780974000,29471.8,29500.9,29459.6,29491
1780974900,29489.8,29511.2,29473.8,29495.5
1780975800,29496.6,29551.3,29491.8,29543.5
1780976700,29543.6,29551.6,29523.2,29539.2
1780977600,29539.4,29570,29527.5,29560.5
1780978500,29560.7,29580.9,29554.9,29568.2
1780979400,29568,29588.3,29555.8,29576.7
1780980300,29576.4,29580.8,29559.7,29561.4
1780981200,29561.7,29583.7,29550.1,29564.4
1780982100,29564.2,29576.4,29548.6,29550.4
1780983000,29550.9,29606,29550.5,29585.1
1780983900,29585.4,29607.6,29575.4,29592.7
1780984800,29592.8,29615.9,29582.2,29613.5
1780985700,29613,29632.8,29592.3,29594.7
1780986600,29594.5,29609,29583.2,29594.3
1780987500,29594.5,29601.6,29558.6,29582
1780988400,29581.7,29648.7,29575.3,29606.1
1780989300,29606.7,29620.7,29558.2,29569.4
1780990200,29569.6,29585.5,29547.2,29583.1
1780991100,29582.9,29598.2,29541.9,29551.7
1780992000,29551.2,29624.8,29523.7,29623.2
1780992900,29623.4,29632.6,29597.1,29618.6
1780993800,29618.8,29642.7,29602.2,29637.7
1780994700,29637.6,29646,29596.6,29600.4
1780995600,29599.9,29628.3,29596.1,29625.3
1780996500,29625.1,29648,29619.6,29642.8
1780997400,29643,29644.9,29613.6,29634.3
1780998300,29634.5,29654.9,29633.2,29638.1
1780999200,29636.8,29655.7,29575.5,29637
1781000100,29637.1,29637.6,29609.7,29629.4
1781001000,29629.5,29633.8,29603.9,29614.1
1781001900,29613.7,29657.3,29609.2,29642.3
1781002800,29642.4,29662.5,29638.1,29655.2
1781003700,29655.6,29661,29628,29646.2
1781004600,29646.6,29685.2,29641.2,29675.4
1781005500,29675.1,29682.2,29636.9,29637.9
1781006400,29637.8,29658.2,29632.1,29634.1
1781007300,29633.2,29638.3,29611.3,29627.5
1781008200,29627.7,29688.4,29626.6,29655.3
1781009100,29655.4,29696.7,29627.1,29692.2
1781010000,29691.9,29704.4,29665.7,29672.9
1781010900,29672.7,29696.1,29650.6,29695.8
1781011800,29695.6,29726.6,29592.8,29724
1781012700,29723.6,29803.8,29622.1,29630.9
1781013600,29633.6,29671.7,29446.2,29452.3
1781014500,29452.8,29485.8,29327.5,29405.2
1781015400,29403.9,29448.8,29233.3,29248.7
1781016300,29248.9,29274.4,29045.4,29200.1
1781017200,29198.6,29258.9,29103.5,29202
1781018100,29200.6,29212.9,28808.3,28819.4
1781019000,28820.6,28903.7,28774,28863.2
1781019900,28862.3,28930.4,28640.3,28655.1
1781020800,28655.4,28746.7,28534.3,28581.6
1781021700,28581,28584.3,28362.1,28484.4
1781022600,28483.2,28529.5,28185.6,28336.3
1781023500,28333.4,28446.6,28239.2,28439.9
1781024400,28439.5,28635.9,28429.4,28612.8
1781025300,28611,28750.2,28568.3,28707.5
1781026200,28708.7,28886.9,28671.6,28829.2
1781027100,28829.1,28848,28678,28792.2
1781028000,28793.4,28848.4,28746.3,28824.4
1781028900,28820.6,28940.9,28784.5,28932.5
1781029800,28933.8,29008,28875.2,28883.5
1781030700,28883.3,29052.6,28879.1,29027.8
1781031600,29026.8,29106.3,28916.6,28925.3
1781032500,28925.8,28933.3,28800.7,28915.2
1781033400,28912.2,28946.2,28812.5,28879.5
1781034300,28879.9,29091.5,28810,29073.4
1781035200,29071.7,29152.8,29042.2,29058.3
1781036100,29057,29086.7,29037.4,29079.7
1781037000,29080,29117.6,29058.5,29101.9
1781037900,29102.1,29113.9,29076,29100
1781038800,29094.8,29099,29080.3,29080.3
1781039700,29081,29084.8,28982.9,29001
1781040600,29000.9,29009.9,28973,28999.4
1781041500,29000.2,29015.2,28987.8,29008.1
1781042400,29045.2,29055.6,28991.4,29043.3
1781043300,29043.5,29075.3,29015.5,29027.2
1781044200,29027.1,29030.9,28954.9,28982.7
1781045100,28982.8,29001.3,28945.3,28984.5
1781046000,28984.8,29058,28978.7,28987.7
1781046900,28987.9,29002.1,28958.5,28964.3
1781047800,28964.4,28979.9,28939.3,28976
1781048700,28976.1,29030.4,28969.7,29022.6
1781049600,29023,29127.9,29022.8,29081.5
1781050500,29079.3,29090.9,29029.1,29077.2
1781051400,29079.1,29082.3,28930.7,28958
1781052300,28957.5,29056,28951.6,29035.4
1781053200,29034.9,29068.2,29001.6,29038
1781054100,29037.8,29071.1,29010.8,29030.9
1781055000,29030.6,29056.9,28982.7,28988.5
1781055900,28988.2,29025.8,28971.7,28993
1781056800,28992.7,28999.9,28938.4,28956.6
1781057700,28956.9,28986.9,28934.1,28974.1
1781058600,28973.9,28994.5,28940.3,28965.5
1781059500,28965.7,28993.9,28918.6,28930.9
1781060400,28931,28988.2,28926.1,28973
1781061300,28973.5,29005.6,28955.7,28968.5
1781062200,28968.3,28984.4,28933.4,28935.1
1781063100,28935.4,28969.3,28933.1,28951.7
1781064000,28951.3,28962.7,28898.2,28906
1781064900,28906.1,28935.3,28888.3,28899.3
1781065800,28899.2,28899.6,28834.7,28835.1
1781066700,28836.4,28903.5,28828.1,28856
1781067600,28855.9,28909.1,28844.8,28866
1781068500,28866.3,28898.1,28814.7,28896.6
1781069400,28896.7,28903.7,28839.1,28878.8
1781070300,28878.9,28925.3,28852.3,28904.1
1781071200,28907.2,28956.2,28893.5,28936.8
1781072100,28936.7,28960,28911.1,28941.9
1781073000,28941.6,28973.4,28919.6,28947.5
1781073900,28947.4,28950.2,28918.2,28927.6
1781074800,28927.1,28960.9,28900.4,28941.5
1781075700,28941.3,28953.8,28887.9,28902.3
1781076600,28901.2,28942.1,28889.4,28907.3
1781077500,28907.1,28930.9,28887.5,28922.7
1781078400,28922.6,28922.6,28833.6,28836.6
1781079300,28836.1,28853.6,28803.7,28820.5
1781080200,28820.8,28849.2,28731.7,28735.7
1781081100,28735.6,28776.7,28703.1,28723.3
1781082000,28723,28756.5,28667.7,28668.3
1781082900,28668,28742.2,28643.6,28737.8
1781083800,28738.1,28778.4,28701.1,28723.7
1781084700,28723.9,28748.3,28696,28738.1
1781085600,28739.7,28744.9,28699,28721.5
1781086500,28721.6,28730.9,28661.3,28727.2
1781087400,28726.3,28787.1,28719.6,28784.8
1781088300,28785.4,28803.7,28737.8,28786.9
1781089200,28788.3,28804.8,28596.3,28692.7
1781090100,28692,28724.6,28587.8,28633.3
1781091000,28633,28643.4,28569.4,28590.7
1781091900,28590.8,28663,28569.8,28637.3
1781092800,28637.5,28690.4,28624.4,28653.5
1781093700,28653.9,28713.9,28617.9,28712.2
1781094600,28712.3,28950,28710.6,28876.7
1781095500,28876.6,28905.4,28789.5,28792.9
1781096400,28791.2,28847.7,28781.5,28814
1781097300,28814.4,28848.8,28796.3,28814.1
1781098200,28814.3,29052.4,28732.9,29042.4
1781099100,29040.9,29124.8,28949.8,28986.8
1781100000,28986.4,29126.3,28934.6,29055.5
1781100900,29056.1,29194.8,29010.5,29137.2
1781101800,29135.2,29213.9,29047.3,29047.3
1781102700,29047.9,29090.1,28818.3,28863.4
1781103600,28864.9,28948.7,28709.7,28711.2
1781104500,28712.9,28840.6,28629.6,28753.2
1781105400,28754.8,28835.9,28684.3,28818.4
1781106300,28815.7,28837.9,28590.4,28817.8
1781107200,28817.1,28856.9,28677.4,28691.6
1781108100,28691.9,28735.9,28666.6,28703.7
1781109000,28704.4,28813.5,28667.7,28714.7
1781109900,28714,28721.8,28625.7,28679.3
1781110800,28680.7,28743,28591.5,28610.8
1781111700,28610.9,28660.3,28591.2,28651.3
1781112600,28651.4,28655,28581.8,28586.3
1781113500,28586.2,28755.8,28581.8,28740.7
1781114400,28742.2,28794.1,28714.9,28745.2
1781115300,28745,28772.5,28661.7,28678.8
1781116200,28677.3,28679.2,28596.8,28625.4
1781117100,28626.4,28628.2,28538.6,28571.3
1781118000,28571.2,28630.5,28536.7,28557.4
1781118900,28557.1,28560.5,28457.1,28509.9
1781119800,28509.8,28626.3,28489.2,28584.4
1781120700,28584.2,28624.9,28490.8,28490.8
1781121600,28489.2,28498.8,28394.8,28460
1781122500,28458.8,28485.8,28432.9,28446.5
1781123400,28446.9,28461.6,28396.7,28411.9
1781124300,28412.9,28447.8,28373,28426.4
1781125200,28424.3,28429.3,28411.1,28428.3
1781126100,28429.1,28447.3,28428.7,28444.4
1781127000,28444.5,28444.5,28422.9,28423
1781127900,28422.9,28424.2,28406.3,28412.2
1781128800,28422.1,28433.1,28323.6,28363.3
1781129700,28363.5,28383,28342.7,28375.5
1781130600,28374.9,28434.3,28374.2,28394.6
1781131500,28394.9,28418,28291.8,28305.2
1781132400,28306.1,28340.3,28241.4,28251.8
1781133300,28252,28369.1,28228,28360.4
1781134200,28360.7,28409.9,28316.8,28386.8
1781135100,28387.1,28388.9,28315.1,28327.1
1781136000,28327.2,28378.9,28298.7,28353.9
1781136900,28353.7,28534,28353.7,28445.4
1781137800,28446,28480.2,28393.8,28407.2
1781138700,28407,28528.4,28406.5,28512.8
1781139600,28512.3,28680.7,28512.3,28676.7
1781140500,28675.5,28725,28650.6,28717.3
1781141400,28718,28723.2,28659,28670.1
1781142300,28670.5,28677.9,28596.4,28608
1781143200,28608.4,28659.5,28584.4,28586.9
1781144100,28586.6,28611.1,28513.2,28523.4
1781145000,28523.2,28566.3,28496.2,28536.2
1781145900,28535.9,28611.5,28526.1,28598.9
1781146800,28599,28634.9,28551.3,28569.9
1781147700,28570.2,28592.4,28544.4,28585
1781148600,28584.9,28652.1,28581.7,28648.4
1781149500,28648.2,28706.5,28633.7,28703.4
1781150400,28704.7,28708.8,28677.7,28684.1
1781151300,28684.3,28721.6,28666.8,28706.7
1781152200,28707.5,28766.9,28696.3,28755.8
1781153100,28756.1,28766.7,28724.2,28739.6
1781154000,28739.8,28746.2,28679.9,28692.3
1781154900,28692.1,28710.6,28679.4,28697.8
1781155800,28697.6,28714.9,28675,28708.3
1781156700,28708.1,28719.7,28690.8,28711.9
1781157600,28711.6,28716.9,28650.9,28709.8
1781158500,28709.5,28737.6,28707.7,28712.7
1781159400,28711.9,28742.9,28690.5,28726.6
1781160300,28726.8,28760.8,28717.8,28756.5
1781161200,28756.1,28781.2,28731.5,28751.4
1781162100,28751.2,28830.8,28743.1,28812.3
1781163000,28812,28830,28798.7,28822.6
1781163900,28822,28827.9,28794.7,28809.8
1781164800,28809.5,28891.7,28805.3,28879
1781165700,28878.8,28897.4,28853.2,28868.5
1781166600,28867.6,28896.9,28858.5,28878.2
1781167500,28877.9,28883.9,28851.6,28874.8
1781168400,28875.3,28884.9,28837,28846.6
1781169300,28846.8,28855.7,28824.5,28838.5
1781170200,28838.4,28858.4,28821,28848.7
1781171100,28848.9,28871.6,28838.1,28841.2
1781172000,28840.3,28880.1,28838.8,28860.7
1781172900,28861.2,28868.2,28838,28841.4
1781173800,28841.3,28876.4,28841.3,28855
1781174700,28855.1,28868.7,28839.7,28842.5
1781175600,28842.4,28843.4,28775.3,28805.5
1781176500,28804.4,28833.5,28783.5,28815.7
1781177400,28815.8,28868.9,28811,28850.4
1781178300,28851,28873.2,28843.9,28865.8
1781179200,28865.2,28878.4,28848.8,28861.7
1781180100,28862.3,28862.3,28678,28714.8
1781181000,28714.5,28745.9,28600.8,28715.6
1781181900,28715.7,28791.4,28702,28775.5
1781182800,28774.9,28775.5,28718.5,28741.8
1781183700,28742,28760.6,28707.8,28718.7
1781184600,28717.2,28745.8,28615.4,28699
1781185500,28701.5,28976.4,28671.3,28864.6
1781186400,28865.4,29013.8,28796.5,28809.6
1781187300,28809.8,28895.8,28720.4,28833.9
1781188200,28836.3,28905.6,28765.7,28786.2
1781189100,28785.5,28810.8,28574.6,28618.5
1781190000,28617.3,28761.7,28547.3,28732.8
1781190900,28732.7,28823.2,28714,28724.8
1781191800,28723.4,28870.1,28706.3,28780.2
1781192700,28780.3,28841.1,28742.3,28824.4
1781193600,28823.3,28933.3,28792.3,28917
1781194500,28916.8,28938.9,28804.7,28809.1
1781195400,28809.5,28930.4,28787.3,28849.5
1781196300,28849.2,28866.7,28732.8,28733.3
1781197200,28734.4,28773.9,28678.8,28710.2
1781198100,28710.4,29056.7,28644.4,29056.7
1781199000,29054.5,29266.2,29054.5,29245.6
1781199900,29246.1,29264.7,29085.2,29179.5
1781200800,29177.3,29218.1,29033.1,29147.3
1781201700,29147.2,29229.7,29115.7,29151.7
1781202600,29154,29203.6,29140,29191.5
1781203500,29191.3,29275,29183.6,29234.3
1781204400,29235.7,29336,29196,29326.8
1781205300,29327.6,29411.4,29313.1,29390.6
1781206200,29391.3,29507.4,29388.1,29464.2
1781207100,29464.7,29464.7,29371.4,29429.3
1781208000,29425.8,29483,29382.2,29480.7
1781208900,29481.2,29488.4,29424.3,29440
1781209800,29439.5,29451.1,29378,29382
1781210700,29380.8,29410.9,29373.6,29400.1
1781211600,29400.2,29423.1,29400.2,29419.4
1781212500,29417.6,29425.2,29415,29421
1781213400,29421.1,29432.1,29402.2,29418.3
1781214300,29419.5,29425,29414.7,29421.9
1781215200,29421.1,29493.4,29410.7,29488.3
1781216100,29488.4,29512,29477.6,29496.1
1781217000,29496.2,29523.6,29482.3,29515.5
1781217900,29515.4,29552.1,29515.4,29522.6
1781218800,29522.7,29531,29490,29507.7
1781219700,29507.8,29526.3,29459.8,29484.9
1781220600,29484.4,29533.2,29484.4,29530.2
1781221500,29531,29557.6,29524.9,29541
1781222400,29541.3,29569.7,29503.5,29543.7
1781223300,29542.9,29581.8,29510,29574.9
1781224200,29574.6,29617.5,29557.7,29562.7
1781225100,29562.4,29589.8,29538.2,29561
1781226000,29561.1,29563.5,29505.1,29535.1
1781226900,29534.9,29548.7,29443.6,29454.5
1781227800,29454.8,29494.8,29438.8,29466.7
1781228700,29467,29530.8,29462.4,29524.2
1781229600,29524.3,29557.6,29524.2,29538.7
1781230500,29540,29542.4,29483.2,29484.9
1781231400,29485,29522.5,29476,29516.7
1781232300,29517,29545.8,29516.7,29535.2
1781233200,29535.4,29537.1,29483.3,29496.1
1781234100,29495,29501.8,29464.9,29492.8
1781235000,29493.4,29525.3,29488.3,29502.3
1781235900,29502.7,29514.2,29473.2,29501.2
1781236800,29501,29502.2,29464,29487.3
1781237700,29487.1,29512.3,29462.7,29509
1781238600,29508.9,29519.6,29492.8,29509.5
1781239500,29509.3,29521.9,29503.5,29517
1781240400,29516.8,29527.2,29475.8,29497.3
1781241300,29497.2,29514.8,29485.1,29505.8
1781242200,29505.7,29505.7,29431.4,29451.6
1781243100,29451.7,29457.9,29347.4,29374.2
1781244000,29374.1,29447,29363,29435.2
1781244900,29434.4,29436.2,29388.8,29398.5
1781245800,29398.6,29398.6,29345.6,29356.5
1781246700,29356.6,29367.3,29308.5,29334.8
1781247600,29334.9,29343.7,29243.6,29246.9
1781248500,29247.4,29294.9,29235.2,29271.5
1781249400,29269.9,29357.5,29257.9,29351.2
1781250300,29351,29429.8,29334,29400.6
1781251200,29404.3,29461.3,29388.2,29441.4
1781252100,29441.6,29539.4,29416.3,29501.1
1781253000,29502.2,29510.5,29426,29443
1781253900,29443.1,29489.6,29419.6,29451.1
1781254800,29451.8,29520.8,29449.5,29519
1781255700,29518.9,29590.9,29511.8,29586
1781256600,29585.9,29641.5,29560.4,29611.3
1781257500,29611.4,29633.2,29583.8,29593.3
1781258400,29593,29629.5,29574.6,29597.8
1781259300,29598.8,29601.1,29490.4,29504.1
1781260200,29503.9,29544,29499.6,29535.5
1781261100,29535.6,29545.3,29504.7,29523.3
1781262000,29523.8,29569.1,29521.7,29562.1
1781262900,29562.2,29617.8,29561.2,29601.8
1781263800,29602,29618.9,29566.9,29617.5
1781264700,29617.9,29632,29587.5,29609.7
1781265600,29609.6,29619.1,29554.1,29566.1
1781266500,29566.3,29574.4,29502.9,29507.5
1781267400,29507.8,29521.5,29436.2,29445.7
1781268300,29446.3,29462.4,29361.3,29385.5
1781269200,29386.5,29434.4,29326,29430.5
1781270100,29431.4,29470.5,29404.4,29469.3
1781271000,29469.9,29471,29237.6,29255.1
1781271900,29255,29379.3,29206.5,29324.6
1781272800,29323.7,29576.9,29316.3,29526.1
1781273700,29525.1,29607.4,29466.1,29491
1781274600,29490.8,29586.2,29388,29391.4
1781275500,29391.5,29623.6,29333,29612
1781276400,29613.2,29678.7,29576,29671.6
1781277300,29671.8,29737.6,29641.6,29721.6
1781278200,29722.2,29726,29539.1,29547.7
1781279100,29547.6,29602,29390.7,29419.9
1781280000,29420.7,29626.7,29390.3,29576.2
1781280900,29576.8,29646.6,29528.1,29572.2
1781281800,29573.1,29618.1,29554.5,29573.3
1781282700,29573.7,29657.8,29567.5,29650.5
1781283600,29648.5,29728.4,29636.6,29679.2
1781284500,29680.2,29721.5,29667.6,29696.8
1781285400,29697.9,29704.2,29659.7,29678
1781286300,29677,29701.6,29624.5,29658.5
1781287200,29659.4,29680.6,29605.2,29626.9
1781288100,29626.6,29648.3,29583.2,29640.6
1781289000,29639,29693.4,29639,29684.4
1781289900,29684.5,29686.8,29615,29622.4
1781290800,29622,29686.5,29614.1,29640.1
1781291700,29640.4,29669.8,29620.1,29634.2
1781292600,29633.7,29655.6,29554.5,29611.5
1781293500,29611.7,29657.6,29584.7,29626.2
1781294400,29627.2,29693,29624.2,29687.2
1781295300,29689.2,29706.9,29661.2,29662.9
1781296200,29662.6,29677.4,29648.4,29655
1781297100,29654.6,29662.9,29642,29649.6
1781474400,29965.1,30061.3,29940,30035.9
1781475300,30035.8,30070.5,30000.4,30033.4
1781476200,30032.6,30049.9,29991.7,30011.4
1781477100,30011.3,30047.9,30004,30026.4
1781478000,30026.3,30045.1,29996.1,29998.8
1781478900,29998.7,30024.9,29966.6,30011.9
1781479800,30011.8,30036,30008.5,30020
1781480700,30020.4,30035.1,29996.1,30029
1781481600,30029.6,30140.9,30020.2,30130.4
1781482500,30132,30147.4,30110.5,30131.5
1781483400,30131.8,30135.2,30105.3,30113.9
1781484300,30114,30125.5,30102.8,30112.4
1781485200,30112.8,30144.6,30098.4,30134.4
1781486100,30134.9,30142.4,30111.7,30130.2
1781487000,30130.3,30158.1,30118,30155.1
1781487900,30155,30157.7,30131.1,30143.3
1781488800,30143,30162.9,30135.8,30158
1781489700,30158.3,30181.7,30153.5,30178.2
1781490600,30177.7,30183.8,30162.1,30169.6
1781491500,30169.7,30182.1,30165.5,30174.1
1781492400,30174,30177.9,30158.7,30176
1781493300,30176.1,30190.9,30175.8,30177.1
1781494200,30177.3,30191.7,30167,30170.5
1781495100,30170.7,30175.2,30156.6,30160.7
1781496000,30160.6,30168.2,30144.4,30153.7
1781496900,30153.6,30187.9,30153.6,30185
1781497800,30185.2,30202.5,30178.3,30195.8
1781498700,30195.7,30206.2,30184.9,30202.4
1781499600,30202.6,30215.9,30194.3,30212
1781500500,30212.2,30218.3,30198.5,30207.2
1781501400,30207.4,30212.3,30178.1,30198.1
1781502300,30197.7,30208.1,30179.9,30206.6
1781503200,30208.7,30219.1,30199.8,30206.6
1781504100,30206.7,30231.6,30193.5,30216.2
1781505000,30213.6,30227.3,30195.2,30223.9
1781505900,30224,30230,30210.5,30221.7
1781506800,30223.4,30230.5,30194.3,30208.3
1781507700,30208.4,30238,30205.5,30226.7
1781508600,30226.6,30242.7,30212.6,30227.1
1781509500,30226.9,30239,30214.4,30217.1
1781510400,30216.5,30262.9,30213.1,30251.8
1781511300,30252,30276.8,30237.1,30271.4
1781512200,30271.6,30287.6,30267,30281.1
1781513100,30281,30298.3,30255.2,30259.4
1781514000,30259.1,30273.8,30241.2,30247.1
1781514900,30247,30247,30203.1,30209.6
1781515800,30209.4,30211.6,30188.9,30193.1
1781516700,30193.2,30225.7,30178.3,30216.5
1781517600,30215.8,30233.3,30209.8,30230.2
1781518500,30230.3,30241.2,30210.9,30237.4
1781519400,30237.6,30238.9,30201.6,30215.4
1781520300,30215,30239.3,30214.8,30230
1781521200,30230.7,30270.9,30225.5,30266.3
1781522100,30266.4,30284.6,30263.6,30282.4
1781523000,30282.8,30292.1,30244.9,30249.6
1781523900,30249.5,30288.5,30241.3,30270.9
1781524800,30271.9,30287.6,30259.6,30269.4
1781525700,30269.5,30276.4,30232.2,30241.9
1781526600,30241.2,30255.4,30223.5,30230.3
1781527500,30230.5,30257.2,30211.4,30252.3
1781528400,30253,30272.4,30236.2,30271.2
1781529300,30272.5,30313.6,30264.5,30306.2
1781530200,30306.4,30401.8,30281.9,30374
1781531100,30374.1,30468.1,30369.1,30374.5
1781532000,30374,30434.8,30351.6,30400.9
1781532900,30401,30437.8,30344,30433.6
1781533800,30434.6,30444,30375.5,30392
1781534700,30393.4,30467.3,30384.5,30451.3
1781535600,30452.4,30504.2,30449.6,30494.7
1781536500,30494.5,30528.2,30477,30522.2
1781537400,30521.1,30528.5,30476.9,30511.7
1781538300,30511.3,30564.5,30511.3,30556.2
1781539200,30554.8,30578.3,30549.6,30564.4
1781540100,30564.6,30588.6,30545.4,30576.4
1781541000,30576.5,30588.7,30535.9,30554.7
1781541900,30555.9,30555.9,30525.8,30543.2
1781542800,30542.5,30560.6,30511.2,30528.6
1781543700,30528,30565.8,30522,30556.9
1781544600,30557.9,30567.6,30537.8,30549.1
1781545500,30548.9,30560.6,30529.1,30534.2
1781546400,30533.8,30544,30507.9,30541.4
1781547300,30541.3,30552.8,30510,30513.9
1781548200,30515.7,30560.7,30499.9,30556.8
1781549100,30556.3,30566.2,30530.7,30536.9
1781550000,30536,30547.8,30517.2,30535.1
1781550900,30534.4,30546.5,30507.6,30508.3
1781551800,30508.4,30539.5,30496.3,30530
1781552700,30529.3,30551.8,30491.2,30551.8
1781553600,30550.8,30568.1,30531.7,30547.3
1781554500,30546.8,30549.2,30521.2,30524.6
1781555400,30524.1,30534.4,30503.7,30506.6
1781556300,30507.4,30518.4,30501.8,30510.5
1781557200,30511.3,30516.8,30510.2,30516.8
1781558100,30516.6,30518.4,30515.9,30518.4
1781559000,30518.5,30535.1,30518.4,30534.8
1781559900,30532.9,30536.9,30530.6,30536.5
1781560800,30517.8,30545.9,30456.2,30474.1
1781561700,30473.9,30480.5,30433.3,30462
1781562600,30462.7,30472.2,30450.4,30459.7
1781563500,30460,30493.4,30452.4,30483.9
1781564400,30483.8,30494.4,30474.8,30482
1781565300,30482.1,30508.1,30471.8,30505.4
1781566200,30505.3,30508.7,30484.8,30500.7
1781567100,30501.2,30522.3,30490.6,30511.2
1781568000,30511.3,30522.8,30475.8,30511.6
1781568900,30511.5,30521.9,30480.6,30509
1781569800,30508.8,30531.9,30485.7,30490
1781570700,30489.7,30497,30448,30455.3
1781571600,30455.4,30475.4,30433.6,30453.7
1781572500,30453.8,30474.9,30448.4,30464.3
1781573400,30464.5,30474.8,30454.7,30465.3
1781574300,30465.2,30481.4,30447.4,30462.1
1781575200,30462.2,30476.4,30447.4,30456.3
1781576100,30456.2,30471.4,30455.5,30457.8
1781577000,30458.1,30484.4,30456.7,30475.2
1781577900,30475.1,30479.7,30452.8,30461.7
1781578800,30461.5,30478.4,30457.4,30462
1781579700,30462.1,30502.3,30460.2,30492.3
1781580600,30492.5,30535.1,30491.2,30523.4
1781581500,30523.5,30524.8,30499,30510
1781582400,30510.1,30515.6,30497.5,30509.8
1781583300,30509.7,30514.2,30487.7,30503.2
1781584200,30503.5,30510.2,30494.1,30496.1
1781585100,30496,30497.8,30471.2,30491.1
1781586000,30490.9,30523.2,30490.9,30512.5
1781586900,30512.4,30522.8,30507.7,30511.9
1781587800,30511.8,30517.1,30473.4,30486.5
1781588700,30486.7,30504.1,30481.6,30483.3
1781589600,30483.8,30516.3,30475.2,30504.5
1781590500,30504.2,30511.6,30489.3,30510.9
1781591400,30511.4,30515.7,30493.1,30496.4
1781592300,30496.3,30511.1,30489,30505.5
1781593200,30505.2,30526.4,30491.9,30500.9
1781594100,30500.5,30520.4,30494.6,30517.7
1781595000,30517.3,30523.4,30487.7,30488.8
1781595900,30488.9,30519.1,30485.8,30516.4
1781596800,30516.5,30565.2,30506.4,30549.9
1781597700,30550,30581.7,30549.7,30579.8
1781598600,30579.9,30583.2,30543.3,30565.4
1781599500,30565.6,30623.1,30550.8,30603.2
1781600400,30603,30610.7,30593.5,30600.5
1781601300,30600.6,30602.2,30558.9,30563.7
1781602200,30563.8,30587.8,30548,30559.7
1781603100,30560,30567.2,30540.9,30547.2
1781604000,30546.9,30576.4,30546.6,30575.1
1781604900,30574.6,30593.9,30564.9,30584.8
1781605800,30585.1,30610.1,30573.5,30603.6
1781606700,30600.8,30615.5,30589.8,30611.6
1781607600,30611.2,30643.1,30601.9,30635.8
1781608500,30635.9,30653.1,30616.1,30627.9
1781609400,30627.8,30637.2,30605.3,30633.9
1781610300,30633.8,30637.3,30617.1,30619.4
1781611200,30618.3,30631.2,30601.1,30601.7
1781612100,30601.4,30602,30517.7,30542
1781613000,30542.1,30550.2,30502.3,30510.3
1781613900,30510.4,30528.2,30495.6,30505.4
1781614800,30505.1,30514.6,30463.3,30500.4
1781615700,30500.5,30522.6,30486.5,30490
1781616600,30489.5,30535.3,30429.2,30494.6
1781617500,30494.9,30563.5,30476.5,30483.4
1781618400,30483.1,30530.7,30467.6,30490.6
1781619300,30490.3,30499.6,30344.9,30355.4
1781620200,30353.8,30386.8,30262.5,30354.3
1781621100,30353,30353,30236.6,30275.6
1781622000,30275.2,30336.7,30265.1,30295.6
1781622900,30295.4,30320.7,30173.3,30210.5
1781623800,30208.3,30246.6,30138.1,30148.2
1781624700,30147.2,30201,30079.7,30139.6
1781625600,30142.1,30240.7,30139.7,30207.9
1781626500,30208.3,30246.6,30189.1,30213.7
1781627400,30212.6,30218.1,30123.4,30175.6
1781628300,30175,30198.9,30125.1,30170.3
1781629200,30169.6,30170.9,30129.4,30152
1781630100,30152.2,30162,30099.3,30129.2
1781631000,30128.7,30138.6,30074.2,30119.5
1781631900,30119.4,30191.3,30103.5,30147
1781632800,30147.2,30165.7,30142.2,30145.1
1781633700,30144.9,30155.1,30115.8,30140.8
1781634600,30141,30147.5,30099.8,30132.4
1781635500,30132.2,30138.8,30093.2,30110.2
1781636400,30110.7,30147.8,30058.9,30070.4
1781637300,30070.2,30119.5,30011.2,30113.1
1781638200,30112.6,30128.7,30036,30081.9
1781639100,30081.4,30084.6,29967.5,29975.3
1781640000,29975.7,29993.7,29961,29974.2
1781640900,29973.2,29977.8,29939.2,29967.5
1781641800,29968.3,29980.8,29957.5,29977.6
1781642700,29977.1,29982.3,29963,29968.9
1781643600,29966.6,29996.5,29966.6,29989.6
1781644500,29989.7,30005,29989.3,29995.4
1781645400,29995.6,30003.5,29993.6,29998.8
1781646300,29998.7,30004.7,29990.9,29995.9
1781647200,29994.4,30040.2,29991.9,30030.5
1781648100,30030.4,30044.4,30011.1,30035.3
1781649000,30035.4,30049.4,30005.6,30030.4
1781649900,30030.6,30056.2,30019.1,30047.1
1781650800,30047.6,30048.1,29992.1,30016.9
1781651700,30015.7,30018.9,29994.7,30000.3
1781652600,29999.5,30020.3,29988.3,29999.7
1781653500,29999.6,30015.1,29974.8,29997.6
1781654400,29997.8,30047.9,29997.8,30024.5
1781655300,30024.6,30051.3,30024,30046.5
1781656200,30046.4,30070.3,30040.5,30057.7
1781657100,30057.6,30059.8,30033.9,30050.4
1781658000,30051.1,30076.6,30035.4,30068.5
1781658900,30069,30090.6,30056.7,30084.4
1781659800,30084.7,30108.2,30079.1,30089.7
1781660700,30089.8,30117.4,30089.1,30114.6
1781661600,30115.3,30123.1,30103.7,30121.5
1781662500,30121.7,30130.2,30110,30119.7
1781663400,30119.4,30121.7,30099.5,30119.1
1781664300,30119.2,30119.7,30098,30105.9
1781665200,30106.7,30122.9,30096.8,30098.5
1781666100,30098.4,30103.6,30083.5,30097.7
1781667000,30098.3,30132.7,30093.9,30122.1
1781667900,30121.8,30137.3,30120.2,30133.1
1781668800,30132.8,30138.5,30125,30131.6
1781669700,30131.3,30149.8,30128.5,30139.5
1781670600,30139.4,30144.3,30115.2,30118.1
1781671500,30117.7,30154.5,30116.7,30154.3
1781672400,30154.4,30166.5,30146.9,30150.6
1781673300,30150.4,30172.3,30146.7,30157.8
1781674200,30157.7,30187.3,30154,30178.8
1781675100,30178.7,30193.7,30162.4,30165.6
1781676000,30165.8,30189.8,30157.9,30177.4
1781676900,30177.3,30182,30156,30157.5
1781677800,30157,30201.2,30152.5,30198
1781678700,30198.1,30213.3,30196.5,30210.1
1781679600,30210.6,30245.5,30210.3,30241.2
1781680500,30241,30246.8,30204.9,30220.3
1781681400,30219.7,30240.9,30210,30226.9
1781682300,30226.7,30234.3,30215.2,30225.9
1781683200,30225.7,30252.4,30200.5,30204.4
1781684100,30204.3,30218,30178.9,30187.3
1781685000,30187.2,30192.8,30146.4,30152.8
1781685900,30152.9,30181.5,30131.7,30176.7
1781686800,30177.2,30193.5,30159.1,30170.5
1781687700,30170.4,30187.4,30158,30182.8
1781688600,30182.9,30194.5,30151.1,30164.3
1781689500,30164.1,30172.4,30115.2,30130.5
1781690400,30130.7,30131.2,30087,30118.9
1781691300,30119,30145.9,30102,30127.9
1781692200,30128,30153.8,30118.1,30150.8
1781693100,30151.3,30166.1,30121.4,30125
1781694000,30124.9,30150.6,30108.2,30145.4
1781694900,30145.3,30158.1,30128.1,30136.7
1781695800,30136.9,30138.5,30100.3,30104.6
1781696700,30104.8,30113.6,30053.8,30083.1
1781697600,30086.2,30132.4,30080.7,30125.4
1781698500,30125.3,30145.8,30106.9,30130.9
1781699400,30130.4,30186.3,30130.4,30171.6
1781700300,30172.6,30180.1,30150.4,30158.9
1781701200,30158.6,30161.9,30131.6,30149.2
1781702100,30149.5,30200.2,30148,30193.5
1781703000,30193.6,30193.6,30065.8,30186.7
1781703900,30186.8,30207,30013.7,30015.9
1781704800,30013.6,30114.1,29987.5,30110.8
1781705700,30110.7,30211.2,30101.7,30177.5
1781706600,30178.1,30183.6,30044.7,30103
1781707500,30103.7,30131.8,29964.4,30030.1
1781708400,30030.9,30089.4,30017.5,30081.6
1781709300,30081.5,30128.6,30062.3,30086.8
1781710200,30087.2,30119.3,30070.5,30085.6
1781711100,30085.3,30131.1,30083.4,30121.1
1781712000,30121.6,30142.4,30095.6,30113
1781712900,30113.2,30143.9,30100.4,30130.3
1781713800,30130.5,30143.5,30093.3,30103.3
1781714700,30103.2,30104.1,30069.6,30081.7
1781715600,30081.2,30082.4,29999.9,30052
1781716500,30051.7,30101.5,30027.9,30093.6
1781717400,30093.4,30096,30057.6,30072.6
1781718300,30073.4,30140.3,30063.4,30140.3
1781719200,30147.6,30147.6,29751.8,29934.7
1781720100,29935.9,30018.6,29860.5,29920
1781721000,29920.3,30198.6,29891.1,30186.2
1781721900,30186.1,30188.4,29902.6,29957.5
1781722800,29957.3,30051.9,29885,30034.6
1781723700,30035.3,30043.7,29783,29812.1
1781724600,29810,29843.4,29613.7,29641.7
1781725500,29643.4,29734.7,29606,29672.3
1781726400,29675,29770.7,29675,29709.3
1781727300,29710.3,29815.4,29697.7,29804
1781728200,29804.1,29840.9,29791.8,29815.2
1781729100,29813.9,29824.8,29792.6,29824.8
1781730000,29824.5,29843.9,29820.4,29824.5
1781730900,29823,29824.9,29807.6,29815.6
1781731800,29815.7,29831.8,29813.4,29821.6
1781732700,29821.7,29840.2,29821.5,29835.2
1781733600,29827.4,29889.1,29781.9,29872.6
1781734500,29873.1,29937.4,29867.4,29913.3
1781735400,29913.2,29930.2,29905.3,29913
1781736300,29912.9,29942.9,29912.3,29920.8
1781737200,29920.7,29948.8,29908.8,29948.2
1781738100,29948.1,29984.3,29942.1,29974.1
1781739000,29973.9,29987,29952,29958.3
1781739900,29958.5,29996.5,29953.8,29996.4
1781740800,29997.8,30107.3,29989.4,30101.6
1781741700,30102.6,30117.4,30039.6,30069
1781742600,30068,30099,30063.3,30092.3
1781743500,30092.5,30097.4,30040.8,30051.2
1781744400,30051.6,30124,30047.7,30114.5
1781745300,30115.2,30118.4,30081.3,30090.2
1781746200,30090.7,30120,30085.9,30092.5
1781747100,30092.4,30095.9,30063.1,30075.8
1781748000,30076,30124.4,30069.8,30111.8
1781748900,30111.7,30114.8,30089.9,30096.6
1781749800,30096,30105.6,30082.5,30099.7
1781750700,30099.9,30108.4,30087.3,30095.2
1781751600,30094.9,30107.2,30070.4,30074.7
1781752500,30074.9,30104,30071.8,30097.9
1781753400,30098,30115.5,30065,30075.2
1781754300,30075.1,30102.3,30074.4,30094.8
1781755200,30094.9,30100.2,30048,30051.7
1781756100,30052,30067.5,30017,30027.9
1781757000,30028,30032,29988.5,29992.7
1781757900,29992.6,30044.5,29978.4,30038.2
1781758800,30038,30056.2,30019.4,30035.3
1781759700,30035,30067.9,30031.8,30058.8
1781760600,30058.3,30074,30034.3,30048.9
1781761500,30048.3,30053,30030.5,30049.9
1781762400,30050,30064.5,30017.1,30039.9
1781763300,30040.9,30078.7,30018.3,30078
1781764200,30077.4,30077.6,30031.8,30047.9
1781765100,30048.5,30118.7,30046.8,30114.1
1781766000,30114.4,30131.7,30081.7,30090.2
1781766900,30090.5,30130.5,30078,30125.6
1781767800,30125.4,30125.5,30097.4,30121.4
1781768700,30120.7,30140.9,30103.8,30140.2
1781769600,30141.3,30193.2,30136.4,30175.4
1781770500,30175.8,30181.9,30120.3,30126
1781771400,30125.7,30163.9,30117.9,30147.6
1781772300,30147.9,30152.4,30082.6,30091
1781773200,30091.2,30128.8,30083.1,30122.1
1781774100,30121.5,30143.6,30117.9,30129.3
1781775000,30129.2,30158.7,30121.1,30154.2
1781775900,30154.3,30189.4,30153.8,30182.6
1781776800,30182.3,30186.5,30156.8,30177.1
1781777700,30177,30189.6,30164.9,30170.7
1781778600,30171.1,30182.3,30124.4,30125.3
1781779500,30125.4,30138.8,30117,30129.4
1781780400,30129.5,30151.3,30077.8,30104
1781781300,30105.1,30109.9,30064,30098.5
1781782200,30098.8,30113.9,30054.6,30087.1
1781783100,30087.2,30119.1,30081.4,30117.6
1781784000,30118.4,30136.3,30093.5,30128.5
1781784900,30128.6,30169.7,30115.4,30164.7
1781785800,30164.3,30186.2,30152.9,30173.4
1781786700,30172.5,30233.1,30169.3,30211.9
1781787600,30211.8,30218.8,30164.3,30211.9
1781788500,30211.8,30306.1,30209.3,30294.9
1781789400,30294.2,30310,30089.8,30099.3
1781790300,30097.6,30235.1,30097.6,30163.9
1781791200,30163.7,30285.6,30144.8,30214.3
1781792100,30212.8,30330.9,30192.5,30208.1
1781793000,30209,30296.7,30153,30259.4
1781793900,30258.4,30347.5,30258.1,30310.2
1781794800,30310,30362.1,30271.7,30314.7
1781795700,30315.7,30331.8,30257.7,30269.5
1781796600,30269.8,30302.7,30188.8,30224.3
1781797500,30224.1,30336.1,30183.2,30325.7
1781798400,30324.1,30357.1,30312.8,30336.2
1781799300,30336.8,30374.8,30314,30365.3
1781800200,30365.8,30390.7,30347,30375.9
1781801100,30375.4,30382.7,30336.5,30368.3
1781802000,30367.8,30408,30341.2,30394.8
1781802900,30395.2,30417.5,30376.6,30392
1781803800,30391.5,30418.1,30390.2,30405.3
1781804700,30404.6,30415,30385.5,30390.3
1781805600,30390.9,30400.2,30375.1,30380.9
1781806500,30381.2,30392.8,30363.3,30375
1781807400,30374.7,30375,30347.9,30357.8
1781808300,30357.3,30396.6,30353.4,30370
1781809200,30370.1,30379.2,30323.4,30331.3
1781810100,30330.8,30375.7,30325.4,30366.7
1781811000,30366.6,30426.5,30337.6,30424
1781811900,30424.2,30460.9,30374.8,30374.8
1781812800,30366.8,30402,30361.3,30391
1781813700,30391.5,30419.6,30381.3,30405.7
1781814600,30405.2,30423.4,30391.4,30395
1781815500,30394.2,30405.65,30381.5,30404.5
1781816400,30403.2,30424.9,30398.2,30420.8
1781817300,30420.7,30432.4,30418.4,30432.3
1781818200,30432.7,30442.7,30432.7,30435.2
1781819100,30435.1,30440,30432.8,30433.2
1781820000,30421.8,30446.5,30388.6,30402.2
1781820900,30401.9,30403.4,30350.2,30362.5
1781821800,30362.4,30363.5,30328.1,30338.7
1781822700,30338.9,30356.8,30328.5,30339.4
1781823600,30339.2,30366.5,30334.5,30344.8
1781824500,30345,30375,30344.3,30358.6
1781825400,30358.9,30374.5,30348.5,30363.9
1781826300,30364,30381,30357.4,30369.1
1781827200,30368.3,30371.7,30310.5,30323.1
1781828100,30322.6,30339.2,30303.6,30323.5
1781829000,30324,30338.9,30313.8,30322
1781829900,30322.1,30335.4,30314.3,30317.5
1781830800,30317.8,30340.3,30287,30296.2
1781831700,30296.5,30315.1,30296,30304.7
1781832600,30304.8,30305.1,30276.7,30287.4
1781833500,30287.2,30294.7,30268.3,30271.8
1781834400,30271.4,30274.2,30254.1,30266.2
1781835300,30266,30286.7,30250.3,30280.8
1781836200,30281.6,30297.4,30275.4,30295.7
1781837100,30295.6,30296.4,30260.6,30271.6
1781838000,30271.5,30280.7,30251.7,30252
1781838900,30252.5,30255.1,30213.1,30217
1781839800,30216.9,30223,30186.9,30205.8
1781840700,30205.6,30213.5,30183.3,30196.3
1781841600,30196,30203.9,30145.2,30190.2
1781842500,30189.9,30196.4,30162.7,30180.4
1781843400,30180.2,30183,30136.9,30156.2
1781844300,30156.3,30156.9,30085,30111.3
1781845200,30111.6,30129.4,30089.9,30114.4
1781846100,30114.9,30126.6,30083,30109.1
1781847000,30109.3,30120.1,30065.3,30085.9
1781847900,30085.6,30159.8,30085.2,30158.8
1781848800,30160.4,30196.6,30155.9,30188.2
1781849700,30187.9,30211.9,30172.6,30201.1
1781850600,30201.2,30209.1,30178.4,30191.7
1781851500,30191.4,30237.9,30183,30229.7
1781852400,30229.6,30264.1,30228.3,30264.1
1781853300,30264,30281.8,30257.3,30281.8
1781854200,30282.3,30305.4,30268.5,30280.8
1781855100,30280.9,30309.9,30269.8,30306.2
1781856000,30306,30322,30282.4,30306.6
1781856900,30306.5,30323.9,30301.5,30319.5
1781857800,30321.6,30335.5,30298.7,30325.9
1781858700,30325.8,30334.9,30307.1,30323.9
1781859600,30324.2,30343.1,30297.6,30301.5
1781860500,30301.2,30315.9,30286.9,30291.9
1781861400,30291.8,30322.5,30291.5,30304.1
1781862300,30303.8,30322.9,30295.3,30301.7
1781863200,30302,30310.5,30276.8,30289.8
1781864100,30289.7,30293.9,30247.1,30254.5
1781865000,30254.4,30256.3,30215.5,30241.5
1781865900,30241.3,30268.3,30229.1,30248.6
1781866800,30248.9,30254.8,30213.3,30234
1781867700,30234.5,30257.3,30227.1,30236.7
1781868600,30236.5,30278.3,30234.9,30270.6
1781869500,30270.4,30272.8,30242.2,30268.5
1781870400,30268.6,30271.3,30246.9,30250.1
1781871300,30250.4,30255.3,30237.7,30240.8
1781872200,30241,30241,30205.5,30234.4
1781873100,30234.3,30346.7,30220.2,30328
1781874000,30328.3,30341.7,30304,30317.8
1781874900,30317.7,30331.3,30303,30323.2
1781875800,30321,30353.3,30310.7,30327.4
1781876700,30327.3,30371.2,30321.4,30357.7
1781877600,30357.5,30361,30329.1,30340.4
1781878500,30340.5,30354.1,30324.1,30344.5
1781879400,30344.3,30356,30333.4,30352.7
1781880300,30352.5,30373.8,30350.9,30366.8
1781881200,30366.9,30381.5,30359.5,30370.9
1781882100,30371.1,30372.4,30357,30372.4
1781883000,30372.8,30375.7,30329.3,30334.8
1781883900,30334.7,30367.5,30334.7,30360.1
1781884800,30360.2,30362.1,30334.5,30345.2
1781885700,30345.3,30361.4,30342.8,30359.1
1781886600,30359.2,30378,30353.3,30364.7
1781887500,30364.8,30376.2,30316.3,30324.3
1781888400,30321.8,30324,30313.5,30314.9
1781889300,30314.8,30320.2,30308.5,30315.6
1781890200,30317.8,30320.4,30315.4,30315.9
1781891100,30316,30321.9,30316,30321.8
1781892000,30321.9,30327.3,30321.8,30327.3
1781892900,30327.4,30327.4,30317.8,30323.2
1781893800,30325.4,30328.3,30323.2,30328.2
1781894700,30323.7,30325.7,30318.5,30323.4
1781895600,30323.5,30328.4,30323.5,30328
1781896500,30328.1,30333,30328.1,30332.4
1781897400,30336.8,30337.2,30312.2,30317.2
1781898300,30312.8,30312.8,30278.3,30293.6
1782079200,30257.1,30296.3,30156.7,30185.5
1782080100,30185.6,30241.1,30145.4,30230.4
1782081000,30230.8,30234,30192.3,30229.2
1782081900,30229.3,30250.5,30179.6,30201.5
1782082800,30202.1,30203.9,30121.9,30135.7
1782083700,30135.9,30145.5,30099.4,30119.7
1782084600,30119.8,30127.8,30030.6,30061.6
1782085500,30061.8,30077.2,30015.4,30033.6
1782086400,30034.3,30210.8,30029.8,30176.4
1782087300,30176,30245,30154.5,30243.1
1782088200,30243,30264.1,30229.8,30263.1
1782089100,30263.2,30309.7,30262.7,30303.1
1782090000,30303.2,30334.6,30297.2,30314.9
1782090900,30315.1,30343.4,30307.5,30335.7
1782091800,30335.6,30344.3,30317.4,30333.9
1782092700,30334.1,30338,30289.6,30291.9
1782093600,30292.4,30312,30276.6,30277.9
1782094500,30278,30307.8,30275,30275.1
1782095400,30275,30287.4,30266.2,30282.5
1782096300,30282,30284.1,30261.2,30269.9
1782097200,30269.7,30272.9,30236,30239.8
1782098100,30239.9,30294.5,30239.7,30287.5
1782099000,30288.5,30301.5,30278,30285.5
1782099900,30285.8,30296,30232.1,30241.3
1782100800,30241.4,30270.3,30234,30244.9
1782101700,30245,30261.8,30227.1,30232.8
1782102600,30232.7,30251.1,30209.3,30217.4
1782103500,30217.2,30277.3,30216.2,30268.6
1782104400,30268.8,30348.4,30257.4,30338.7
1782105300,30338.6,30346.7,30326.6,30343
1782106200,30343.4,30348.1,30315.6,30323
1782107100,30323.3,30336.8,30313.5,30326.2
1782108000,30326.7,30371.1,30324.2,30369.9
1782108900,30369.8,30422.9,30361.8,30414.9
1782109800,30413.6,30420,30390.2,30413
1782110700,30412.5,30428.1,30407,30423.8
1782111600,30423.2,30463.3,30419.4,30450
1782112500,30450.1,30469.9,30446.8,30460.3
1782113400,30460.4,30467.7,30431.7,30436.6
1782114300,30436.9,30453.8,30432.6,30446.4
1782115200,30446.2,30453.4,30386.8,30413.1
1782116100,30413,30417.8,30372.9,30388.9
1782117000,30389.4,30428.3,30380,30427.7
1782117900,30427,30429.9,30399.7,30417.7
1782118800,30418,30444.8,30397.5,30432.2
1782119700,30431.9,30432.7,30411.9,30419.2
1782120600,30419.3,30422.1,30392,30395.4
1782121500,30395.7,30403.8,30385.9,30386.7
1782122400,30386.2,30453,30385.5,30436.3
1782123300,30436.2,30448.6,30422.2,30426.9
1782124200,30426.8,30426.8,30391.5,30405.6
1782125100,30405.3,30422.3,30403.4,30406.8
1782126000,30409.4,30515.9,30399.2,30416.6
1782126900,30416.4,30438.2,30409,30425.2
1782127800,30425,30457.8,30423.6,30435.9
1782128700,30436.1,30450.2,30416.6,30444.3
1782129600,30444.5,30474.8,30438.7,30468.3
1782130500,30468.2,30514.2,30457.2,30509.5
1782131400,30509.4,30532.5,30491.4,30494.1
1782132300,30494.3,30506,30484.4,30489.4
1782133200,30489.2,30555.1,30489.2,30544.6
1782134100,30544.7,30557.9,30504.4,30509.1
1782135000,30508.4,30613.8,30444.2,30477.5
1782135900,30476.3,30622.6,30474.8,30621.8
1782136800,30623.3,30653,30585.3,30595
1782137700,30596.3,30598.8,30432.8,30443
1782138600,30442.3,30447.2,30299.1,30310.6
1782139500,30310.1,30366,30231.4,30323.5
1782140400,30325.8,30365.4,30289.1,30315.7
1782141300,30316.5,30342.1,30271.4,30286.2
1782142200,30286.8,30361.5,30264.2,30337.6
1782143100,30338.6,30362.3,30231,30248.4
1782144000,30247.9,30273.9,30194.7,30269.1
1782144900,30268.7,30304.2,30242.5,30277.7
1782145800,30278.4,30279.1,30215.2,30233
1782146700,30231.9,30290.5,30211.1,30276.5
1782147600,30278,30290.9,30222.6,30255.2
1782148500,30254.8,30301.4,30254.7,30284.9
1782149400,30285.7,30294.1,30248.3,30271.1
1782150300,30270.7,30341.3,30263.9,30306.2
1782151200,30306.4,30330.1,30292.4,30316
1782152100,30316.2,30353,30306.7,30318.1
1782153000,30318.4,30336.2,30272.4,30274.9
1782153900,30275.2,30296.9,30242.3,30250.4
1782154800,30250.2,30286.4,30224.9,30264.5
1782155700,30264.3,30278,30239.9,30243.2
1782156600,30243.3,30288.1,30243.3,30255.4
1782157500,30255.6,30361.8,30252.5,30338.8
1782158400,30341.1,30365,30330.2,30341.7
1782159300,30342.5,30361.8,30334.4,30336.5
1782160200,30336.4,30346.8,30335.2,30344.6
1782161100,30344.8,30361.8,30336.2,30350.4
1782162000,30348.7,30352.2,30339.4,30341.9
1782162900,30341.8,30355.6,30341.8,30354
1782163800,30352.7,30355.8,30350.9,30354.7
1782164700,30354.9,30357.4,30350.8,30356.3
1782165600,30351.7,30389.9,30336.1,30355.3
1782166500,30356.3,30366.1,30327.1,30333.7
1782167400,30333.8,30336.4,30261.8,30266.8
1782168300,30267.1,30285.9,30258,30275
1782169200,30274.6,30279.8,30249.4,30251.8
1782170100,30252.1,30264.2,30238,30263.2
1782171000,30264.4,30268.5,30251.9,30265.3
1782171900,30265.5,30270.4,30231.8,30266.4
1782172800,30265.4,30292.8,30208.8,30211.7
1782173700,30211.9,30237.9,30152.6,30186.7
1782174600,30186.5,30298.9,30174.8,30298
1782175500,30298.5,30327.6,30276.7,30293.8
1782176400,30293.5,30308.2,30274.1,30276.2
1782177300,30275.9,30284.2,30242.8,30257.9
1782178200,30258.5,30265,30157.4,30164.8
1782179100,30163.1,30173.5,30099.4,30152.7
1782180000,30154.4,30166.3,30094.4,30127.4
1782180900,30127.1,30157.4,30123.4,30148.2
1782181800,30148.3,30150.6,30114.5,30126.4
1782182700,30126.7,30129.6,30080.5,30097.8
1782183600,30097.7,30105.5,30048.5,30059.1
1782184500,30059.5,30071.1,30044.4,30059.1
1782185400,30057.9,30058.5,29994.5,30021.9
1782186300,30019.5,30093.6,30005,30090.5
1782187200,30091,30107.4,30027.3,30047.1
1782188100,30046.7,30047,29999.1,30023.1
1782189000,30023,30023,29979.2,29988.7
1782189900,29989,29997.2,29924.1,29934.3
1782190800,29934.5,29960.7,29919.2,29922.2
1782191700,29922,29934.8,29873.8,29879.3
1782192600,29879.5,29882,29812.9,29852
1782193500,29852.6,29860.7,29784.1,29801.1
1782194400,29802.1,29825.9,29758.3,29778.6
1782195300,29779.8,29801.4,29696.1,29712.1
1782196200,29714.5,29746.2,29673.4,29693.3
1782197100,29695.3,29730.4,29642.9,29663.6
1782198000,29661.7,29745.7,29635.2,29737.9
1782198900,29738,29743.8,29672.1,29702.6
1782199800,29697.1,29702.4,29630.4,29643.9
1782200700,29643.4,29662.7,29580.9,29600.7
1782201600,29600.4,29611.6,29514,29545.4
1782202500,29545.3,29551.9,29467.2,29491.9
1782203400,29492.5,29569.5,29491.4,29543.8
1782204300,29543.9,29544.8,29473.7,29521.1
1782205200,29522.1,29601.1,29516.8,29592.5
1782206100,29592,29625.3,29572.9,29608.8
1782207000,29609.1,29611.2,29554.5,29556.2
1782207900,29555.9,29586.5,29549.8,29580.1
1782208800,29579.3,29608.8,29545.8,29556.9
1782209700,29557,29573.3,29507.5,29516.1
1782210600,29516.4,29516.7,29445.1,29472.7
1782211500,29473,29515.8,29471.4,29510.7
1782212400,29509.7,29543,29478.4,29538.8
1782213300,29538.7,29559.3,29498.2,29505.5
1782214200,29504.5,29564.2,29494.6,29560.9
1782215100,29560.8,29575.3,29539.9,29563
1782216000,29563.2,29592.4,29506.1,29514.4
1782216900,29514.1,29517,29436.4,29468.3
1782217800,29468.8,29484.1,29397.8,29433.9
1782218700,29433.2,29454.3,29407.5,29425.7
1782219600,29425.5,29436.4,29383.1,29427
1782220500,29426.4,29445,29367.2,29410.4
1782221400,29411.5,29496.4,29308.8,29448.8
1782222300,29446.4,29638.5,29416.4,29634.7
1782223200,29629.5,29717.1,29626.1,29703.6
1782224100,29704.2,29746.8,29641.7,29684
1782225000,29683.7,29698.6,29573.1,29583.4
1782225900,29583.2,29625.4,29511.6,29551.3
1782226800,29550.7,29584.6,29465.8,29491.1
1782227700,29490.8,29502.2,29408.7,29424.5
1782228600,29424.1,29484.4,29392.6,29428.4
1782229500,29431,29516.6,29416.6,29493.9
1782230400,29493.8,29613.3,29486.8,29604.4
1782231300,29604.1,29613.9,29532.4,29576.2
1782232200,29574.3,29599.7,29534.1,29596.8
1782233100,29598.2,29602.8,29527.4,29560.7
1782234000,29559.3,29577.3,29488.5,29545.5
1782234900,29545.7,29585.1,29516.5,29560.6
1782235800,29561.2,29590.4,29519.7,29524.9
1782236700,29525.1,29540.9,29427.9,29427.9
1782237600,29428.7,29477.7,29407.7,29443.6
1782238500,29443.3,29460.5,29416.2,29432.1
1782239400,29432.2,29438.1,29322,29324.8
1782240300,29325,29354,29273.9,29327.1
1782241200,29326.7,29448.9,29309.6,29370.8
1782242100,29370.7,29427.6,29311.7,29407.3
1782243000,29405.3,29437,29369.4,29389.8
1782243900,29389.7,29424.4,29333.5,29335.5
1782244800,29334,29404.5,29319.8,29394.2
1782245700,29394.9,29432,29385.2,29423.9
1782246600,29422.9,29436.4,29403,29416.1
1782247500,29415.4,29443.1,29403.2,29435.8
1782248400,29434.7,29440.9,29429.1,29432.8
1782249300,29433,29449.8,29432.6,29449.8
1782250200,29449.9,29457.8,29444.7,29454.1
1782251100,29456,29470.9,29453.7,29465.7
1782252000,29457.9,29494.5,29440.1,29474.8
1782252900,29474.7,29495.8,29394.1,29399.3
1782253800,29399.8,29422,29325.6,29335.6
1782254700,29335.3,29380,29332.9,29373.2
1782255600,29373.3,29376.1,29279.8,29345.3
1782256500,29345.4,29386.4,29343.2,29372.6
1782257400,29373.1,29377.8,29314.6,29349.2
1782258300,29348.7,29457,29347,29439.9
1782259200,29439.6,29542.1,29428.8,29517.9
1782260100,29518,29550.8,29499.7,29540.4
1782261000,29540.7,29584.1,29530.6,29571.3
1782261900,29571.2,29579.6,29510.1,29538
1782262800,29541.6,29546.5,29473.6,29512.9
1782263700,29512.8,29521.1,29453.8,29510.9
1782264600,29510.8,29539.1,29502.6,29524.2
1782265500,29524.4,29545.8,29499.6,29520.7
1782266400,29520.6,29532.3,29492.9,29511.5
1782267300,29511.6,29511.6,29456.5,29488.7
1782268200,29489,29503.4,29411.1,29415.5
1782269100,29415.4,29421.2,29328.2,29330.2
1782270000,29330.3,29427.8,29308.3,29418.2
1782270900,29417.9,29444.7,29364.6,29442.8
1782271800,29443.2,29471.1,29428.7,29433.8
1782272700,29434.5,29442.2,29403.9,29440.3
1782273600,29443.3,29444.5,29367.6,29380.1
1782274500,29379.6,29394.2,29347.2,29361.3
1782275400,29361,29462.7,29361,29446.7
1782276300,29446.5,29484.2,29444.2,29477.2
1782277200,29479.6,29527.3,29472.9,29510.7
1782278100,29510.3,29555.3,29499.7,29527.8
1782279000,29528,29577.9,29527.8,29539.8
1782279900,29540.1,29550.2,29505.9,29513.2
1782280800,29512.8,29546.4,29490.6,29537.7
1782281700,29538.1,29542.1,29495.2,29507.9
1782282600,29508.5,29559.9,29505.3,29527.9
1782283500,29527.8,29534.7,29512.3,29517.5
1782284400,29517.3,29535.7,29478.5,29505.9
1782285300,29506.4,29522,29482.9,29488.3
1782286200,29488.7,29515.4,29457.1,29509.3
1782287100,29509.4,29530.1,29458.5,29463.2
1782288000,29462.8,29554.4,29456.7,29552.4
1782288900,29551.8,29557.8,29511.3,29532.2
1782289800,29533,29561.5,29512.9,29528.7
1782290700,29528.2,29531.5,29498.4,29513.2
1782291600,29513.7,29535.6,29486.2,29529.3
1782292500,29529.4,29534.2,29487.9,29501.3
1782293400,29501.1,29506.6,29458.4,29461.5
1782294300,29461.2,29505.7,29446.6,29502.9
1782295200,29502.8,29503.1,29467,29502.2
1782296100,29502.1,29515.3,29488.6,29511.5
1782297000,29511.2,29544.9,29506.8,29528.2
1782297900,29528.1,29529.6,29483.3,29488.2
1782298800,29487.9,29518.2,29457.9,29459.2
1782299700,29459.3,29466.1,29427.4,29449.4
1782300600,29449.2,29522.4,29446.1,29506.2
1782301500,29506.1,29558,29494,29553.6
1782302400,29553.1,29558.3,29519.1,29538.4
1782303300,29538.7,29565.1,29517.8,29544.6
1782304200,29544.3,29557.1,29476.2,29486.8
1782305100,29488,29491.8,29447.1,29457
1782306000,29457.5,29485.7,29392.1,29398.8
1782306900,29401,29449.6,29384.5,29404.4
1782307800,29405,29533.8,29296.8,29357
1782308700,29355.4,29485,29257.4,29382
1782309600,29381.8,29418.6,29322.8,29362
1782310500,29360.8,29428.9,29223.4,29400.9
1782311400,29402.7,29487.4,29400.2,29481.3
1782312300,29481.1,29587.2,29476.6,29584
1782313200,29584.2,29599.5,29442.8,29474.8
1782314100,29475.3,29513.3,29398.8,29495.6
1782315000,29495.7,29522.7,29407.8,29438.7
1782315900,29438.1,29505.2,29396.1,29452.7
1782316800,29451.5,29497.9,29425.2,29467.6
1782317700,29468.5,29493.5,29435.2,29447.9
1782318600,29448.2,29449.6,29307.9,29337
1782319500,29336.5,29366.5,29293.5,29304
1782320400,29303.3,29358.5,29234.1,29243.8
1782321300,29244.1,29267.5,29099.8,29105.8
1782322200,29108.3,29161.2,29062.9,29112
1782323100,29110.7,29161.9,29073.7,29084.9
1782324000,29084,29157.4,29073.1,29135.2
1782324900,29134.6,29256.1,29134.1,29232.4
1782325800,29231.9,29248.4,29119.1,29141.7
1782326700,29141.5,29141.9,29019.4,29039
1782327600,29041.7,29108.5,28961.7,29005.3
1782328500,29006.6,29088,28983,29077.7
1782329400,29078.1,29141.2,29053.5,29084.1
1782330300,29084.6,29225.5,29070.8,29212.6
1782331200,29212.5,29588.5,29186.3,29581.3
1782332100,29581.2,29729.2,29554.8,29709.1
1782333000,29708.9,29798.3,29663.4,29792.1
1782333900,29792.4,29854.7,29777.6,29794.8
1782334800,29794.3,29804.2,29673.1,29717.4
1782335700,29717.3,29795.7,29711.7,29791.5
1782336600,29786.2,29794.7,29752.4,29753.8
1782337500,29755.3,29789.9,29743.5,29767.6
1782338400,29795.5,29869,29764.4,29775.8
1782339300,29776,29790.3,29756,29759.5
1782340200,29759.6,29782.2,29755.9,29774.3
1782341100,29774.2,29777.7,29747.3,29754.2
1782342000,29754.9,29782.9,29749.2,29762.6
1782342900,29762.7,29797,29756.3,29779.8
1782343800,29781.6,29822.5,29778.1,29817.2
1782344700,29816.7,29835.6,29787.2,29796.3
1782345600,29796.6,29802.5,29748,29794.3
1782346500,29794.4,29798.6,29726.7,29737.5
1782347400,29739,29741.5,29643.3,29665.7
1782348300,29665.6,29694,29637.8,29666.5
1782349200,29666.8,29698,29652,29672.5
1782350100,29672.2,29692.7,29654.1,29667
1782351000,29667.8,29729.2,29660.4,29696.1
1782351900,29696.3,29733.3,29687.9,29700.7
1782352800,29701.1,29720.1,29642.9,29647.3
1782353700,29647.2,29698.3,29625.6,29685.4
1782354600,29685.5,29697.4,29667.5,29677.1
1782355500,29677.2,29704.9,29668.4,29700.7
1782356400,29700.5,29724.7,29694.1,29708
1782357300,29707.8,29740.1,29682.7,29727.3
1782358200,29727.2,29746.8,29701.4,29711.2
1782359100,29711.4,29744.3,29704.8,29733.9
1782360000,29735.9,29746.8,29728.3,29729.6
1782360900,29729.7,29744.5,29714.6,29719.4
1782361800,29719.5,29740.5,29698.4,29739.2
1782362700,29739.7,29765.2,29734,29742.4
1782363600,29742.8,29775.6,29742.1,29770.2
1782364500,29770.3,29799,29762.3,29793.9
1782365400,29793.5,29823,29788.1,29806
1782366300,29805.9,29807.8,29783.5,29790.1
1782367200,29790.5,29821.6,29778,29812.9
1782368100,29812.2,29833,29809.1,29813.4
1782369000,29812.4,29822.4,29799.7,29806.4
1782369900,29806.5,29819.7,29801.2,29805.5
1782370800,29808.3,29840.6,29808,29828.9
1782371700,29829,29886.7,29829,29871.5
1782372600,29871.6,29882.9,29850.4,29876.2
1782373500,29876.1,29882.6,29855.6,29881.5
1782374400,29882,29918,29867.4,29885.6
1782375300,29885.7,29887.5,29857.7,29869.4
1782376200,29869.3,29886,29855.5,29856
1782377100,29856.1,29857.1,29813.1,29821.4
1782378000,29821.5,29853.9,29813.6,29840.3
1782378900,29840,29853.1,29818.3,29837.4
1782379800,29837.5,29859.3,29833.9,29852.5
1782380700,29851.9,29860.2,29829.6,29833.9
1782381600,29834.2,29863.8,29825.7,29861.1
1782382500,29860.8,29871.9,29845.6,29866.3
1782383400,29866.4,29886,29850.1,29855
1782384300,29855.3,29877.4,29842.8,29861.8
1782385200,29861.9,29894.7,29854.1,29854.6
1782386100,29855,29860.7,29809.8,29818.9
1782387000,29818.8,29840.4,29800,29831.6
1782387900,29831.5,29851.7,29815.9,29832.9
1782388800,29832.5,29882.5,29821.6,29841.4
1782389700,29842,29855.9,29819.4,29833
1782390600,29833.5,29964.8,29827.8,29891.9
1782391500,29893.1,29929.3,29889.6,29903.5
1782392400,29905.7,29914.7,29846.4,29865.4
1782393300,29865.6,29880.1,29834.3,29853.7
1782394200,29853.8,29893.9,29447.6,29467.9
1782395100,29469.4,29518.8,28992.8,29013.6
1782396000,29013.7,29385.9,29005.7,29245.9
1782396900,29245,29382.1,29174.4,29287.1
1782397800,29285.1,29412.9,29261.6,29301.9
1782398700,29301.7,29472.7,29260.9,29331.1
1782399600,29329.8,29439.3,29209.3,29229.9
1782400500,29230.2,29364.1,29160.3,29313
1782401400,29310,29397.5,29302,29391.6
1782402300,29390.3,29458.2,29349.9,29357.7
1782403200,29356.7,29540.1,29342.3,29522.7
1782404100,29523.4,29567.1,29429.2,29461
1782405000,29461.6,29464.5,29337.6,29348.4
1782405900,29349.8,29413.3,29286.8,29379
1782406800,29380.4,29476.6,29371.8,29446.5
1782407700,29448.2,29509.7,29372.2,29462.1
1782408600,29462.7,29497,29418,29433.8
1782409500,29434.2,29501.9,29381,29493.8
1782410400,29492.3,29514,29377.6,29469.3
1782411300,29469.4,29586.2,29444.7,29572.8
1782412200,29571.5,29572.6,29439.2,29483.5
1782413100,29482.7,29506.4,29398.2,29466
1782414000,29469.6,29472.8,29357.2,29367.4
1782414900,29366.3,29393.9,29322.2,29377.3
1782415800,29378.1,29385.8,29317.5,29369.3
1782416700,29369.6,29444.7,29312.8,29444.7
1782417600,29443.5,29616.6,29443.15,29502.9
1782418500,29503.2,29565.3,29501.1,29513.7
1782419400,29515.7,29520.4,29469.4,29475
1782420300,29474.7,29476.9,29445.2,29454.1
1782421200,29452.6,29466,29450.1,29464.1
1782422100,29464,29465.2,29450.2,29450.2
1782423000,29452,29458.5,29447.4,29447.4
1782423900,29447.5,29447.5,29427.7,29437.2
1782424800,29452,29464.9,29329.7,29350.9
1782425700,29351.6,29389.4,29319.5,29319.5
1782426600,29319.6,29369.7,29309,29363.3
1782427500,29363.2,29390.3,29345.8,29381.4
1782428400,29380.8,29447.4,29373,29445.7
1782429300,29446.2,29594.3,29436.6,29569.8
1782430200,29569.9,29583,29467.7,29469
1782431100,29467.5,29467.5,29371.9,29410.7
1782432000,29411.8,29475.3,29385.8,29454.4
1782432900,29455.7,29469.7,29354.8,29413.6
1782433800,29413.3,29418.4,29348,29373.7
1782434700,29372.5,29398.8,29322.7,29337.9
1782435600,29339.4,29379.9,29271,29340.3
1782436500,29340.2,29376.6,29309.8,29317.8
1782437400,29317.7,29326.2,29211.7,29215.3
1782438300,29215.1,29241.5,29167.5,29197
1782439200,29197.3,29209.1,29148.1,29156.8
1782440100,29156.4,29171.6,29097,29118.9
1782441000,29119.2,29135.3,29034.8,29053.2
1782441900,29052.8,29053,28934.4,28970.4
1782442800,28971.1,28973.3,28920.8,28957.8
1782443700,28957.2,28972.8,28933.3,28952.8
1782444600,28951,28960.4,28866,28960.4
1782445500,28960.3,29074.1,28943.1,29069.8
1782446400,29070,29081.3,29032.7,29062.3
1782447300,29062.1,29090,28981.9,29028.8
1782448200,29029,29049,28982.7,29008.9
1782449100,29009.6,29010.2,28955.3,28975.2
1782450000,28976.7,29054.7,28958.7,29054.7
1782450900,29054.9,29084.8,29019.1,29073.6
1782451800,29073.8,29113.5,29015.4,29022.1
1782452700,29021.9,29067.7,29005,29030.7
1782453600,29030.1,29046.8,28993.6,29029.7
1782454500,29029.3,29100.8,29026.7,29097.8
1782455400,29096,29161.6,29082.4,29157.1
1782456300,29156.9,29239.9,29152.2,29205
1782457200,29211.4,29221.8,29138.9,29188.9
1782458100,29189,29242.7,29181.4,29239.7
1782459000,29239.6,29266.5,29209.9,29210.3
1782459900,29211.3,29247.2,29198.2,29230.7
1782460800,29230.8,29262.1,29162,29175.1
1782461700,29174.7,29217.4,29161.5,29206.8
1782462600,29206.5,29207.7,29149.1,29150.8
1782463500,29150.6,29152.6,29068.1,29105
1782464400,29104.4,29113.3,29067.8,29104.6
1782465300,29104.8,29116.7,29048.1,29083.2
1782466200,29083.1,29148.4,29059.5,29125
1782467100,29124.9,29147.6,29069.9,29075
1782468000,29074.6,29099,29022.4,29089.4
1782468900,29089.9,29103.9,29048.3,29076.4
1782469800,29074.4,29092.3,29044.9,29058.9
1782470700,29058.8,29079,29045.8,29066.5
1782471600,29069.5,29128.5,29057.6,29108.7
1782472500,29108.6,29108.6,29062.2,29072.8
1782473400,29073.1,29102.1,29064.2,29069.4
1782474300,29069.3,29083.4,29007.4,29053.6
1782475200,29051.1,29142.3,29041.3,29122.3
1782476100,29122.5,29154.7,29077.6,29098.2
1782477000,29097.3,29110.7,29024.4,29029.2
1782477900,29028.4,29050.3,29003.9,29018.5
1782478800,29019.1,29025.1,28952.6,28982.1
1782479700,28981.8,29067.9,28916.7,29066.3
1782480600,29066.9,29074.8,28887.2,29045.6
1782481500,29047.3,29169.3,28942.1,29147.6
1782482400,29147.7,29311,29130.2,29296.9
1782483300,29296.2,29369.4,29227.3,29299
1782484200,29298.8,29321.7,29161.2,29197
1782485100,29196.9,29284,29172.2,29209.4
1782486000,29213.2,29258.9,29145.1,29152
1782486900,29152.5,29298.2,29115.4,29298.2
1782487800,29298.1,29421.8,29274.2,29404.1
1782488700,29403.6,29410.6,29238.4,29327.5
1782489600,29327.3,29333.6,29226.5,29260.7
1782490500,29260.6,29290.7,29198.9,29263.3
1782491400,29262.8,29346.2,29261.2,29300.4
1782492300,29302.1,29346.2,29290.2,29314.2
1782493200,29314.1,29399.9,29295.8,29353.3
1782494100,29352.5,29357.1,29277,29335.5
1782495000,29335.7,29377.4,29262.8,29300.8
1782495900,29300.5,29315.8,29237.4,29246.7
1782496800,29247.8,29285.2,29228.3,29242.8
1782497700,29242.9,29253,29160.5,29166.5
1782498600,29167.7,29216.6,29159.6,29179.4
1782499500,29179.2,29179.2,29092.9,29119.5
1782500400,29121.3,29209.9,29100.4,29205.8
1782501300,29205.6,29207.9,29129.6,29156.6
1782502200,29155.9,29247.5,29133.3,29241.2
1782503100,29242,29273.8,28994,29007.1
1782504000,29002.1,29110.7,28977.5,29053.7
1782504900,29055,29087.8,29043.8,29047.9
1782505800,29049.1,29054.8,28963,28975.5
1782506700,28975.2,29011.7,28959.9,28990.1
1782684000,29022.4,29259.9,28996.5,29250.1
1782684900,29250.3,29295.6,29207.7,29265.9
1782685800,29265.5,29301.5,29265.3,29290.9
1782686700,29290.5,29302,29263.7,29266
1782687600,29265.8,29362.7,29259,29347
1782688500,29346.8,29373.6,29332.7,29356.5
1782689400,29355.3,29385,29354.3,29374.2
1782690300,29374.3,29391.2,29322.7,29327.2
1782691200,29326.2,29329.6,29203.4,29223.2
1782692100,29223.3,29238.3,29083.4,29088.3
1782693000,29086.9,29168.6,29070.9,29163.2
1782693900,29163.1,29212.2,29086.4,29200.7
1782694800,29199.7,29230.6,29160.8,29204.9
1782695700,29204.3,29213.9,29140,29149
1782696600,29149.2,29263.8,29130.1,29252
1782697500,29253.1,29261.7,29216.3,29225.5
1782698400,29225.1,29233.1,29101.1,29106.8
1782699300,29106.3,29237.4,29097.7,29230.5
1782700200,29230.9,29245.5,29208.8,29236.8
1782701100,29237.7,29251.4,29220.9,29229.6
1782702000,29229.9,29284.4,29229.9,29250.5
1782702900,29250.4,29273.3,29241.5,29262.6
1782703800,29262.5,29274,29188.4,29205.1
1782704700,29204.9,29313.6,29200.1,29299
1782705600,29297.5,29302.1,29259.5,29267.1
1782706500,29267.6,29281.2,29231.3,29247.6
1782707400,29247.3,29259.2,29213.3,29230.8
1782708300,29230.7,29262.6,29213,29225.4
1782709200,29225.3,29245.4,29198.7,29244.9
1782710100,29245.1,29265.1,29219.1,29241
1782711000,29241.3,29337.2,29232.7,29328.9
1782711900,29328.5,29378.4,29309.2,29375.2
1782712800,29375.1,29383.3,29298.2,29322.7
1782713700,29322.8,29366.8,29320.9,29353.6
1782714600,29354.8,29391.9,29350.7,29373
1782715500,29372.9,29374.4,29324.3,29339
1782716400,29341.3,29342.2,29285.7,29324.4
1782717300,29323.8,29361.7,29323.7,29351.1
1782718200,29351,29384.7,29334.4,29373.1
1782719100,29373.7,29402.6,29362.1,29370.8
1782720000,29372.4,29422.5,29364.4,29393.9
1782720900,29393.6,29436.6,29384.3,29400.5
1782721800,29400.1,29426.6,29383.6,29393.3
1782722700,29393.1,29414.3,29359.2,29367.4
1782723600,29367.3,29378.7,29347.6,29364.6
1782724500,29363.9,29393.4,29352.7,29385
1782725400,29385.2,29394.6,29350.1,29364.8
1782726300,29364.5,29379.8,29327.1,29371
1782727200,29372.4,29428.7,29372.4,29396.4
1782728100,29396.7,29423.7,29375.4,29423.7
1782729000,29423.6,29449.4,29414.6,29434.6
1782729900,29434.5,29453,29405.8,29447.5
1782730800,29446.8,29465,29416.4,29418.2
1782731700,29417.8,29425.8,29391.3,29417.8
1782732600,29417.9,29464.5,29404.4,29416.5
1782733500,29416.6,29437.2,29404.8,29411.1
1782734400,29410.4,29441.1,29398.1,29436.5
1782735300,29436.3,29445.4,29413.7,29423.6
1782736200,29423,29436.3,29358.7,29382.8
1782737100,29383.3,29411.7,29371.6,29411
1782738000,29410.7,29440.3,29408.6,29433.1
1782738900,29433.2,29438.4,29338.1,29355.6
1782739800,29354.7,29497.9,29265.3,29487
1782740700,29487.5,29539.9,29283.4,29321.7
1782741600,29323.5,29333.4,29042.2,29043.4
1782742500,29043.3,29265,28989.5,29259.2
1782743400,29259.3,29370.9,29242.1,29302.4
1782744300,29302,29435,29222.5,29432.6
1782745200,29434.2,29452.6,29385,29441.9
1782746100,29442,29494.7,29382.9,29489.5
1782747000,29488.5,29541.9,29455.9,29539.2
1782747900,29535.5,29566.8,29498.3,29559.7
1782748800,29557.4,29596.6,29553.8,29570
1782749700,29569.3,29625.5,29568.8,29589.5
1782750600,29587.3,29625.3,29558.9,29621.6
1782751500,29621.3,29650.4,29607.7,29632.5
1782752400,29631.6,29716.1,29631.6,29703.5
1782753300,29704,29727.2,29665,29724.8
1782754200,29724.3,29750.4,29699.9,29719.1
1782755100,29720.1,29745.6,29707.7,29719.6
1782756000,29719,29739.1,29709.2,29736.5
1782756900,29736.7,29740.8,29703.3,29708.3
1782757800,29707.8,29772.1,29704.8,29767.5
1782758700,29767.8,29782.8,29742.3,29749.1
1782759600,29748.4,29760.6,29713.3,29728.9
1782760500,29728.3,29774.1,29722.5,29742
1782761400,29742.1,29762.6,29720.2,29735.5
1782762300,29735.8,29788.1,29696.8,29769.2
1782763200,29768.2,29768.25,29718.9,29744.9
1782764100,29744.2,29757.9,29736.2,29740.5
1782765000,29740.2,29741.1,29716.9,29725.5
1782765900,29726,29735.5,29712.8,29715.7
1782766800,29716.4,29730.4,29716.4,29725.6
1782767700,29725.7,29729.5,29720.3,29728.3
1782768600,29728.5,29739.1,29716.3,29738
1782769500,29739.5,29739.9,29730.7,29736
1782770400,29733.3,29754.6,29695,29733
1782771300,29733.4,29755.8,29726.3,29732.8
1782772200,29732.7,29749.8,29714.2,29742.9
1782773100,29742.8,29746.2,29726.3,29735.6
1782774000,29734.5,29766.6,29727.4,29752.8
1782774900,29752.7,29766,29745.2,29757.3
1782775800,29757.1,29775.6,29749.1,29764.5
1782776700,29764.6,29774.3,29740.2,29762.9
1782777600,29762.7,29806.1,29734.1,29790.1
1782778500,29789.2,29807.4,29711.1,29721.1
1782779400,29721.9,29726.4,29660.2,29663.9
1782780300,29664.4,29736.5,29657.9,29733.6
1782781200,29733.4,29742.7,29672.5,29691.2
1782782100,29691.3,29787,29681.4,29786.2
1782783000,29787.2,29801.8,29738.4,29772.3
1782783900,29772.2,29778.1,29736.8,29775.4
1782784800,29775.9,29779.9,29724.7,29729.1
1782785700,29729.5,29760.7,29699.8,29750.2
1782786600,29750.1,29775.2,29739.6,29745.6
1782787500,29745.4,29765.2,29740.4,29744.2
1782788400,29744,29768.3,29734.9,29754.1
1782789300,29754.4,29787.2,29754.4,29783.8
1782790200,29783.6,29852.6,29777.9,29839.4
1782791100,29839.3,29852.9,29812.8,29817.9
1782792000,29818.4,29874.4,29816.2,29859.8
1782792900,29859.9,29892.6,29852.8,29890.2
1782793800,29891,29926,29883.8,29922.2
1782794700,29922.4,29932.2,29904.9,29908.8
1782795600,29909.1,29938.6,29905.3,29913.7
1782796500,29912.8,29919.7,29878.1,29882.7
1782797400,29882.5,29886.1,29837.9,29867.5
1782798300,29867.6,29893.3,29865.6,29888.2
1782799200,29888.4,29894.2,29868.5,29874
1782800100,29874.2,29876.3,29841,29867.3
1782801000,29867.1,29871.6,29819.8,29830
1782801900,29829.8,29857.4,29825.1,29853.7
1782802800,29856.6,29873.2,29830.3,29834.4
1782803700,29834.5,29858.3,29831.1,29841.2
1782804600,29841.3,29854.4,29826.4,29828
1782805500,29828.4,29829.9,29791,29805.3
1782806400,29807.8,29850.5,29790.5,29810.7
1782807300,29811.1,29849.1,29791.2,29845.7
1782808200,29845.2,29856.3,29742.7,29769.9
1782809100,29770.1,29796.7,29745.1,29791.2
1782810000,29791,29805.8,29779.8,29797.7
1782810900,29797.9,29811.1,29781.6,29781.7
1782811800,29781.4,29801.2,29756.4,29792.7
1782812700,29793.6,29817.3,29793.3,29805.8
1782813600,29806,29826.3,29792.6,29824.9
1782814500,29825.1,29841.9,29821.5,29836.7
1782815400,29836.6,29840.4,29810,29824.1
1782816300,29824.2,29874.8,29812.6,29862
1782817200,29861.4,29893.4,29850.6,29886
1782818100,29885.9,29891.4,29838.5,29857
1782819000,29856.7,29878.7,29843.7,29871.7
1782819900,29871.5,29897.4,29857.7,29860.8
1782820800,29861,29866.6,29806.9,29812.8
1782821700,29812.5,29820.5,29758.8,29762.9
1782822600,29762.7,29781.1,29726.6,29772.1
1782823500,29771.6,29777.4,29731.6,29736.9
1782824400,29737.9,29767.9,29729.4,29752.9
1782825300,29753.1,29774.4,29718.5,29767.1
1782826200,29768.5,29985.6,29757.7,29936.7
1782827100,29936.5,30085.9,29914.9,30085.7
1782828000,30085.8,30115.6,29998.7,30074.5
1782828900,30075,30149.5,30056.7,30136.2
1782829800,30135.3,30167.5,30096.9,30139.6
1782830700,30139.2,30139.6,30011.4,30031.8
1782831600,30030.6,30137.2,30030.5,30129.8
1782832500,30129.7,30143.2,30096.5,30139.4
1782833400,30139.7,30159,30121.6,30142.5
1782834300,30143.2,30208.4,30142.2,30188
1782835200,30185.6,30220.8,30176.9,30211.9
1782836100,30212.4,30233.4,30207.1,30220.2
1782837000,30219.9,30238.5,30202.5,30236.2
1782837900,30236,30271.3,30234.2,30252.1
1782838800,30252.2,30287.2,30250.9,30260.4
1782839700,30261.2,30278.1,30250.2,30256.2
1782840600,30256.1,30270.3,30240.1,30267.1
1782841500,30267,30270.4,30242.1,30250.2
1782842400,30251,30266.6,30225.3,30250.8
1782843300,30250.7,30273.9,30245,30258.7
1782844200,30258.5,30283.1,30248.1,30279.8
1782845100,30279.4,30300.7,30269.9,30279.5
1782846000,30280.1,30320.2,30278.7,30317.1
1782846900,30317,30326.8,30295.6,30301.5
1782847800,30301.8,30310.3,30277.5,30306.2
1782848700,30306.3,30322,30241.5,30250
1782849600,30249.3,30273,30233.8,30235.7
1782850500,30235.5,30243.2,30222.4,30233.9
1782851400,30232.4,30239.5,30220.1,30226.2
1782852300,30225.5,30233.3,30214.9,30229.9
1782853200,30230.8,30244.4,30230.8,30242
1782854100,30242.2,30250.3,30238.8,30250.2
1782855000,30248.9,30248.9,30227,30229.6
1782855900,30229.7,30236.4,30228.6,30234.5
1782856800,30234.1,30260.5,30223.7,30244.8
1782857700,30244.7,30266.3,30244.7,30262.8
1782858600,30263,30263.7,30241.5,30246.9
1782859500,30247,30247.3,30228.4,30241
1782860400,30241.5,30267.8,30240.2,30253
1782861300,30253.2,30272.1,30248.3,30258.4
1782862200,30258.6,30274.4,30255.2,30259.9
1782863100,30259.8,30274.9,30248.2,30263.1
1782864000,30264.1,30285.9,30248.9,30259.9
1782864900,30259.7,30271.3,30238,30267.7
1782865800,30267.8,30284.2,30262.1,30272.6
1782866700,30272.7,30282.9,30257.8,30258.4
1782867600,30258.2,30263.6,30206.9,30234.3
1782868500,30234.5,30242.4,30203.5,30222.9
1782869400,30223,30240.2,30203,30209.8
1782870300,30209.5,30218.9,30188.2,30190
1782871200,30190.5,30192.6,30123.1,30129.8
1782872100,30128.1,30159.4,30101.6,30156.4
1782873000,30155.6,30182.5,30143.2,30176.9
1782873900,30177.1,30179,30159.5,30174.4
1782874800,30176,30201.3,30168.4,30199
1782875700,30198.9,30200.3,30166.7,30174.3
1782876600,30174.4,30203.6,30166.3,30185.9
1782877500,30185.1,30214,30184.8,30203.3
1782878400,30204.3,30204.3,30168.5,30172.5
1782879300,30172.3,30190.9,30163.3,30186.9
1782880200,30186.8,30196.1,30167.5,30189.6
1782881100,30189.7,30210.1,30177.3,30178.1
1782882000,30178.2,30199.7,30171.1,30181.6
1782882900,30181.7,30187.5,30164.9,30172.3
1782883800,30173.2,30187.4,30157.4,30170.7
1782884700,30170.5,30181.4,30159.4,30165.2
1782885600,30164.9,30179.5,30139.1,30141.9
1782886500,30143,30151.4,30101.6,30129.7
1782887400,30130.3,30144.5,30118.5,30143.8
1782888300,30143.5,30155.2,30116.3,30128.6
1782889200,30125.8,30131.4,30064.6,30070.4
1782890100,30070.2,30094.9,30036.5,30083.6
1782891000,30085,30102.7,30079.7,30093
1782891900,30092.9,30119.3,30083.4,30108.4
1782892800,30108.8,30108.8,30068.9,30092.2
1782893700,30091.7,30104.1,30060,30067
1782894600,30065.9,30101.4,30054.4,30095.1
1782895500,30095,30114.1,30081.6,30114.1
1782896400,30114.6,30114.7,30075.1,30087.2
1782897300,30087.1,30100,30078.5,30089.5
1782898200,30088.9,30101.6,30082.6,30094.1
1782899100,30094.4,30122.6,30094.1,30118.2
1782900000,30118.7,30125.6,30088,30097.7
1782900900,30098.1,30132.5,30097.3,30131.5
1782901800,30131.8,30135.4,30099.1,30123.8
1782902700,30123.9,30150.9,30118.1,30142.3
1782903600,30142.6,30172.2,30142.6,30147.7
1782904500,30147.8,30155.1,30132.8,30136.5
1782905400,30136.4,30137.9,30109.6,30132.8
1782906300,30132.4,30133.9,30089,30098.8
1782907200,30099.5,30109.6,30067.3,30095.4
1782908100,30095.5,30124.6,30095.5,30104
1782909000,30104.1,30130.5,29978.9,30009.5
1782909900,30009.2,30023,29968.1,30003.9
1782910800,30006.3,30042.4,29979,29990.1
1782911700,29989.3,30050.6,29950.1,29971.1
1782912600,29970.6,29994.3,29824.7,29877.2
1782913500,29876.7,30018.9,29849.1,30016.1
1782914400,30015.9,30061.4,29981.4,30023.4
1782915300,30023.2,30048.5,29986.1,30020.9
1782916200,30020,30022.5,29937.4,29939.4
1782917100,29937.4,29974.8,29871.4,29924.6
1782918000,29926.6,30004.6,29921.1,29996.1
1782918900,29996.7,30079.1,29996.7,30076.4
1782919800,30075.7,30088.5,30010.7,30023.2
1782920700,30023,30027.6,29959.5,29986.2
1782921600,29985.9,30006.7,29956.1,29973.2
1782922500,29972.2,30011.4,29948.7,29974.3
1782923400,29975.6,29993.7,29933.2,29954.9
1782924300,29954.2,29969.5,29905.5,29919.8
1782925200,29920.2,29948.1,29885.4,29929.3
1782926100,29929.1,29971,29920.8,29940.5
1782927000,29941.3,29954.3,29916.4,29918.3
1782927900,29918.4,29936.8,29887.8,29894
1782928800,29893.8,29920.6,29885.2,29887.3
1782929700,29887.6,29912.3,29868.6,29890.5
1782930600,29890.6,29904,29864.7,29875.4
1782931500,29875.1,29875.2,29828.9,29861.3
1782932400,29860.8,29943.5,29857,29916.9
1782933300,29916.3,29941.8,29897.7,29921.9
1782934200,29923.6,29964.5,29869.2,29876.9
1782935100,29877.1,29891.2,29786.1,29812.9
1782936000,29813.9,29818.1,29741.5,29791.8
1782936900,29791.3,29796.1,29758.7,29783.5
1782937800,29783.9,29788.1,29753.1,29781.7
1782938700,29786.4,29804,29772.4,29795.5
1782939600,29792.8,29824.6,29792.7,29820
1782940500,29820.1,29820.1,29789,29809.4
1782941400,29809.5,29823.1,29808.1,29823.1
1782942300,29823.3,29837.3,29820.7,29833.6
1782943200,29829.7,29848.8,29794.3,29794.3
1782944100,29796.2,29843.8,29793,29837.5
1782945000,29837.4,29853,29832.3,29844.9
1782945900,29845.1,29857.1,29821.5,29847.2
1782946800,29847.4,29852.6,29802.3,29803.4
1782947700,29803.2,29811,29794.5,29806.9
1782948600,29808.3,29816.8,29782,29814.7
1782949500,29815,29815.3,29753.9,29787.4
1782950400,29787.2,29787.2,29695.8,29743.3
1782951300,29743.6,29807.6,29718.3,29802
1782952200,29803.4,29820.9,29753.3,29755
1782953100,29755.3,29858.1,29748.4,29851.1
1782954000,29853.3,29930.9,29840.6,29927.4
1782954900,29927.6,29945.9,29906.7,29935.9
1782955800,29936.2,29967.2,29929,29955.2
1782956700,29955.1,29967.1,29937.1,29944
1782957600,29943.4,29971,29930.9,29970.7
1782958500,29970.8,29981.3,29927.3,29932.8
1782959400,29933.9,29957.4,29921,29949.1
1782960300,29948.6,29968,29933,29948.8
1782961200,29949.9,29955,29898.7,29918.2
1782962100,29919.1,29926.1,29875.6,29891.1
1782963000,29891.5,29935.3,29885.3,29898.8
1782963900,29898.9,29926.4,29879,29914.4
1782964800,29914.8,29930.1,29867.4,29868.1
1782965700,29867.8,29883.6,29843.5,29876.9
1782966600,29877.3,29878.2,29805.4,29810.8
1782967500,29811,29862.9,29796.2,29853.9
1782968400,29853.7,29895.1,29834.6,29887.5
1782969300,29887.4,29901.3,29854.4,29854.7
1782970200,29855.7,29856.4,29787,29796.4
1782971100,29796.1,29814.1,29778.7,29793.3
1782972000,29793.6,29807.4,29698.1,29699.1
1782972900,29698,29737.4,29688.2,29695
1782973800,29696.9,29748.2,29694.3,29715.9
1782974700,29716,29720.3,29636.6,29662.2
1782975600,29663,29679.9,29573.9,29577.7
1782976500,29579,29613.8,29566.4,29605.2
1782977400,29604.7,29682.5,29599.7,29678.5
1782978300,29678.7,29686.2,29626.7,29634.9
1782979200,29633,29668.7,29567,29583.2
1782980100,29583.7,29682.8,29581.9,29665
1782981000,29665.1,29753.4,29656.1,29723.1
1782981900,29722.8,29777.7,29710.4,29772.9
1782982800,29773.3,29775.7,29701.8,29725
1782983700,29725.1,29727.7,29685.1,29723.9
1782984600,29724.3,29755.4,29719.5,29740.1
1782985500,29740.3,29740.3,29694.2,29700.1
1782986400,29700.3,29701.3,29662.3,29677.6
1782987300,29677.7,29702,29667.5,29688.3
1782988200,29688.2,29744.9,29688,29718.3
1782989100,29718.6,29748.7,29713.3,29743.8
1782990000,29744.1,29761.9,29710.2,29747.5
1782990900,29747.7,29754.5,29713,29746.8
1782991800,29746.9,29804,29734.7,29797.7
1782992700,29797.9,29818.2,29776,29776
1782993600,29776.8,29883.4,29764,29871.2
1782994500,29871.7,29921.8,29869,29918.2
1782995400,29919.5,30058.8,29918.5,29983.6
1782996300,29982.4,30006.7,29897.8,29926.7
1782997200,29925.5,29954.6,29858.2,29884.4
1782998100,29884.5,29924.4,29817.2,29820.1
1782999000,29816.9,29928.3,29751.1,29865.7
1782999900,29866.2,30003.1,29845,29995.5
1783000800,29999.2,30034.3,29874,29958.5
1783001700,29958.4,29967.2,29655.4,29679
1783002600,29677,29746.6,29521.2,29552.6
1783003500,29553.1,29611.3,29475.2,29583.3
1783004400,29584.5,29594.4,29374.4,29468.7
1783005300,29466.1,29498,29361.9,29423.7
1783006200,29424.2,29567.4,29420.1,29467.8
1783007100,29466,29500,29388.1,29427.4
1783008000,29427.2,29438.4,29336.7,29397.8
1783008900,29398,29402.7,29299.4,29309.4
1783009800,29308.5,29312.6,29204.5,29290.1
1783010700,29289,29293.6,29186.2,29215.1
1783011600,29217.1,29237.4,29143.9,29210.3
1783012500,29210.1,29237.6,29176.4,29201
1783013400,29202.1,29228,29118.4,29160.7
1783014300,29160.9,29164.6,29084.4,29094.9
1783015200,29094.6,29259.2,29087.9,29216.6
1783016100,29216.3,29245.5,29168.9,29244.6
1783017000,29245.5,29281.9,29222.9,29239.5
1783017900,29240,29284.2,29197.6,29245.6
1783018800,29247.6,29263.3,29141.8,29172.2
1783019700,29171.7,29203.5,29110,29181.3
1783020600,29181.4,29234.4,29171.6,29212.1
1783021500,29211.9,29344.9,29191,29294.3
1783022400,29294.2,29309.1,29269.5,29301.2
1783023300,29303.7,29315.8,29289,29304.6
1783024200,29304.4,29319,29292,29296.6
1783025100,29298.6,29313.6,29291.8,29302.5
1783026000,29303,29308.5,29300.5,29304.7
1783026900,29304.3,29307.4,29302.4,29304.1
1783027800,29303.5,29315.6,29303.5,29314.5
1783028700,29316,29320.5,29315.7,29319.8
1783029600,29324.8,29346,29314.9,29337.6
1783030500,29338.7,29352.2,29332.1,29333.6
1783031400,29334,29377.4,29323.8,29375
1783032300,29375.1,29376.8,29363.3,29370.5
1783033200,29369.1,29373.8,29309,29316.7
1783034100,29316,29363.8,29307.8,29357.6
1783035000,29357.1,29373.4,29327.1,29327.8
1783035900,29327.4,29361.6,29322.9,29357
1783036800,29357.2,29392.4,29295.7,29370.2
1783037700,29369.9,29373.8,29315.1,29317.7
1783038600,29318.1,29355.6,29289,29306.4
1783039500,29306,29328,29277.2,29291.9
1783040400,29292.1,29452.6,29288.5,29430.7
1783041300,29430.6,29436.5,29401.2,29410.5
1783042200,29410.3,29437.6,29400.3,29429.6
1783043100,29429.8,29454.7,29414.9,29438.8
1783044000,29439.1,29473.2,29437.7,29448.1
1783044900,29449.2,29484.8,29447.8,29482.8
1783045800,29484.4,29486.4,29460.1,29478.5
1783046700,29478.3,29511,29478.3,29505.6
1783047600,29504.8,29508.1,29485.8,29499.3
1783048500,29500.1,29515.2,29496.4,29514.9
1783049400,29514.7,29531.3,29474.7,29476.6
1783050300,29476.4,29525.6,29472.2,29521.8
1783051200,29523.3,29542.4,29519.3,29540.8
1783052100,29540.7,29557.5,29536.3,29557.2
1783053000,29557.3,29567.7,29541.3,29561.4
1783053900,29561.6,29574,29546.1,29557.9
1783054800,29557.3,29585.5,29544.6,29576.7
1783055700,29576.8,29581.1,29551.9,29565.1
1783056600,29564.3,29596.4,29559.6,29576
1783057500,29575.9,29583.2,29561.8,29581.3
1783058400,29581.8,29641.4,29579.5,29626.4
1783059300,29626.3,29632.6,29599.9,29623.4
1783060200,29623.2,29628.6,29606.6,29611.3
1783061100,29610.4,29614.9,29588.3,29595.1
1783062000,29595.9,29608.7,29580.1,29591
1783062900,29590.7,29621.8,29588.9,29615.2
1783063800,29614.8,29623.1,29591,29593.1
1783064700,29593,29612.4,29591.3,29600.7
1783065600,29600.6,29617.8,29587.2,29593.2
1783066500,29593.5,29608,29590.7,29600.3
1783067400,29600.5,29630.1,29589.6,29624.7
1783068300,29624.8,29625.3,29586,29603.4
1783069200,29602.5,29632.9,29583.2,29631.4
1783070100,29631.3,29646.5,29620,29642
1783071000,29641.9,29652.9,29625.6,29649.7
1783071900,29649.5,29655.4,29622.6,29625.4
1783072800,29625.7,29639.3,29615.7,29632.3
1783073700,29632.4,29636.2,29619.3,29630.6
1783074600,29630.8,29647.9,29620.2,29647.9
1783075500,29648.1,29650.5,29635.1,29637.1
1783076400,29636.9,29645.3,29622.6,29640.3
1783077300,29640.4,29644,29621.5,29628.2
1783078200,29628.1,29643.2,29627,29630
1783079100,29629.9,29662.6,29628.4,29656.6
1783080000,29657.9,29677.6,29635.8,29643
1783080900,29643.2,29650,29630,29639.8
1783081800,29640,29649.2,29633.9,29641
1783082700,29640.9,29658.8,29640.9,29656.5
1783083600,29656.4,29673,29640.4,29644.3
1783084500,29644.4,29677.5,29643.2,29674.1
1783085400,29674.4,29710.2,29662.1,29684.6
1783086300,29684.7,29699,29667.9,29694
1783087200,29696.5,29700.5,29655,29656.8
1783088100,29656.5,29678.9,29644.7,29662.8
1783089000,29662.9,29681.4,29654.8,29660.2
1783089900,29660.1,29683.7,29656.2,29673.2
1783090800,29673.3,29677.2,29657.3,29667.3
1783091700,29667.2,29680.5,29653.5,29654.4
1783092600,29656.9,29659.8,29640.1,29650.9
1783093500,29651.1,29668.2,29647.3,29661.2
1783094400,29661.3,29663.4,29650.9,29651.1
1783095300,29651.4,29670.6,29650.5,29655.6
1783096200,29655.8,29680.6,29646.5,29676.4
1783097100,29677.6,29679.1,29652.6,29658.9
1783098000,29657.4,29657.4,29647.9,29648.1
1783098900,29648.2,29657.2,29647.6,29652.5
1783099800,29652.6,29652.7,29652.5,29652.7
1783100700,29652.8,29657.9,29651.6,29651.7
1783101600,29651.6,29656.3,29651.2,29651.4
1783102500,29651.5,29651.8,29651.2,29651.2
1783103400,29650.6,29656,29650.6,29656
1783104300,29651.7,29656.2,29651.3,29656.2
1783105200,29656.1,29660.3,29653.8,29660
1783106100,29657.9,29667.1,29657.7,29664.3
1783107000,29666.5,29669,29658,29658
1783107900,29662.2,29663.1,29653,29663.1
1783288800,29696.3,29709.4,29620.1,29658
1783289700,29657.6,29704.9,29647.4,29693.2
1783290600,29693.9,29730.9,29691.7,29727.1
1783291500,29727.3,29735.9,29701.5,29704.9
1783292400,29704.7,29764.2,29684.2,29746.9
1783293300,29745.8,29760.6,29733.9,29743.2
1783294200,29743.1,29766.1,29730.7,29733.5
1783295100,29733.4,29762.6,29722.9,29743.2
1783296000,29744.8,29746.5,29657.8,29739.8
1783296900,29740.4,29763,29639.2,29640.9
1783297800,29641.8,29701.5,29601.9,29690.2
1783298700,29691.2,29725.8,29672.9,29681.8
1783299600,29681.9,29688.7,29625.6,29637.9
1783300500,29638,29651.8,29532.3,29571.8
1783301400,29572.1,29614.5,29564.7,29575.5
1783302300,29575.4,29576.4,29508,29549.3
1783303200,29551.8,29577.2,29514.5,29519.5
1783304100,29519.8,29548.8,29492.4,29495.7
1783305000,29495.6,29506.7,29452.4,29459.7
1783305900,29459.4,29488.8,29442.8,29482.9
1783306800,29483.1,29543.4,29476.1,29528.4
1783307700,29527.5,29550.2,29507,29544.4
1783308600,29544.1,29563.4,29497.1,29498.6
1783309500,29498.5,29505.8,29450.2,29487.5
1783310400,29487.4,29535.7,29462.4,29532.3
1783311300,29532.5,29558.1,29527.9,29553.6
1783312200,29553.9,29593.2,29547.8,29584.4
1783313100,29584.5,29597.8,29570.9,29585.4
1783314000,29585.6,29590.6,29549.6,29568
1783314900,29567.9,29575.1,29527.1,29528.3
1783315800,29528.4,29557.1,29510.1,29546
1783316700,29546.5,29559.9,29523.8,29549.4
1783317600,29550.3,29565.8,29512.9,29519.4
1783318500,29519.3,29553.7,29513.6,29549.5
1783319400,29548.9,29616.9,29542.1,29611
1783320300,29610.8,29614.2,29588.9,29605.8
1783321200,29604.4,29621,29585.9,29604.9
1783322100,29604.6,29619.9,29576.8,29578.1
1783323000,29579.4,29633.9,29573.5,29631
1783323900,29630.7,29633.3,29607.7,29608.5
1783324800,29609.9,29642,29559.8,29579.9
1783325700,29579.8,29590.3,29539.3,29588.3
1783326600,29588.9,29612.4,29564.4,29601.8
1783327500,29601.7,29630.4,29594.7,29626.5
1783328400,29627.1,29632.7,29603.3,29610.8
1783329300,29610.7,29627.6,29606.6,29621.4
1783330200,29621.2,29624.9,29596.6,29608.2
1783331100,29607.3,29645.4,29585.4,29634.8
1783332000,29635.7,29648.8,29609.6,29636.7
1783332900,29635.6,29642,29620.3,29622.1
1783333800,29621.9,29641.8,29612.3,29613.3
1783334700,29613.1,29641.1,29605.4,29641.1
1783335600,29640.9,29654.5,29599.3,29615.7
1783336500,29616.9,29648.1,29611.3,29637.3
1783337400,29637.5,29654.4,29628.5,29640
1783338300,29639.7,29672.9,29633.7,29634.9
1783339200,29635,29693.6,29623.6,29690.9
1783340100,29691.2,29693.1,29635.1,29652.4
1783341000,29652.2,29680.8,29648.4,29657
1783341900,29657.2,29691.8,29655.9,29690.4
1783342800,29690.5,29695.3,29613.2,29618.3
1783343700,29618.9,29623.9,29577.7,29593
1783344600,29592.4,29693.3,29536.9,29678.4
1783345500,29673.9,29764.7,29654.9,29691.8
1783346400,29691.9,29783.4,29662.4,29778.2
1783347300,29777.8,29798.2,29745.1,29771.1
1783348200,29769.5,29812.4,29745.2,29793.2
1783349100,29793.7,29823.2,29743.7,29780.7
1783350000,29781.1,29799.8,29715.8,29739.8
1783350900,29739.7,29818.5,29698.1,29817.5
1783351800,29816.8,29835.2,29788.5,29826
1783352700,29827.6,29836.5,29803.2,29826.7
1783353600,29826.8,29847.8,29808,29824.7
1783354500,29824.8,29831.1,29779.9,29789
1783355400,29789.1,29799.3,29757.7,29772.4
1783356300,29772.5,29794.8,29737.7,29745.1
1783357200,29746,29791.7,29731.7,29775.4
1783358100,29775.6,29787.7,29704.9,29712.5
1783359000,29712.2,29717.1,29639.5,29661.8
1783359900,29662,29693.5,29640.7,29655.9
1783360800,29655.3,29724.8,29654.3,29706.7
1783361700,29706.8,29756.9,29706.6,29730.5
1783362600,29731.3,29743.3,29708,29735.5
1783363500,29736.7,29761.7,29734.2,29748.9
1783364400,29749.7,29783.4,29739.4,29771.4
1783365300,29771.1,29813.7,29763.4,29796.4
1783366200,29795.9,29798.6,29758,29784.5
1783367100,29784,29796.3,29694.3,29713.8
1783368000,29715,29735.3,29696.1,29725.3
1783368900,29724.8,29732.4,29711.6,29722.4
1783369800,29721.9,29726.5,29713.2,29715.9
1783370700,29716.1,29720.5,29692,29708.5
1783371600,29711,29722.7,29708.8,29722.6
1783372500,29722.7,29722.7,29717.9,29720.5
1783373400,29719.9,29725.3,29719.2,29724.8
1783374300,29723.8,29727,29720.9,29726.5
1783375200,29721.8,29729.8,29701.1,29725.5
1783376100,29726.1,29735.5,29714.6,29715.4
1783377000,29715.2,29731.9,29707.2,29714.7
1783377900,29714.5,29715.8,29654.8,29660.9
1783378800,29659.4,29692.6,29656.3,29671.5
1783379700,29671.4,29671.8,29639.2,29661.3
1783380600,29660.7,29670.6,29630.9,29639.4
1783381500,29639.3,29640.3,29605.4,29616.8
1783382400,29617.7,29646.3,29588.6,29593.6
1783383300,29594.7,29676.6,29579.8,29644.1
1783384200,29644.3,29652.6,29573,29595.6
1783385100,29596,29620.9,29573.4,29582.2
1783386000,29582.1,29598.3,29565,29568.2
1783386900,29567.7,29579,29492.2,29504.7
1783387800,29503.6,29552.3,29480.2,29551.8
1783388700,29551.7,29586.1,29533.6,29538.3
1783389600,29538,29578.5,29531.1,29567.8
1783390500,29567.9,29583.1,29536.5,29537.9
1783391400,29537.8,29544.7,29503.2,29544.7
1783392300,29544.4,29545.1,29509.9,29512.7
1783393200,29514.5,29549.6,29507.8,29523.8
1783394100,29523.3,29526,29445.6,29450
1783395000,29450.3,29473.4,29427.4,29429.5
1783395900,29429.4,29439.6,29395.3,29431.7
1783396800,29432.5,29442.9,29402.9,29403.5
1783397700,29403.6,29412,29379.1,29403.3
1783398600,29403.4,29421.6,29386.2,29397.8
1783399500,29397.9,29403.3,29372.2,29390.6
1783400400,29390.5,29391.3,29348,29352.4
1783401300,29352.2,29372.5,29323.4,29353.8
1783402200,29353.5,29429.8,29353.2,29424.6
1783403100,29424.4,29469.3,29408.2,29453.8
1783404000,29452.5,29464.5,29394.9,29407
1783404900,29407.5,29437.7,29406,29427.6
1783405800,29425.6,29448.2,29409.4,29447.1
1783406700,29447,29458.1,29427.3,29454
1783407600,29453.8,29487.6,29433.3,29480.9
1783408500,29481.1,29508,29476.6,29482.1
1783409400,29482.3,29486.6,29456.2,29456.5
1783410300,29456.4,29464.8,29408.9,29411.6
1783411200,29414.6,29459.3,29406.8,29452.7
1783412100,29452.6,29474.4,29445,29456.6
1783413000,29456.5,29469.7,29435.8,29447.2
1783413900,29447,29460,29421.9,29422.4
1783414800,29422.8,29455.4,29405.9,29451.5
1783415700,29451.3,29458.4,29420.4,29420.7
1783416600,29420.9,29426,29393.6,29415.6
1783417500,29415.7,29428,29386.3,29426.1
1783418400,29426.4,29453.1,29403.9,29413.1
1783419300,29413.2,29451.4,29411.6,29437.2
1783420200,29436.5,29438.2,29407.8,29412.6
1783421100,29413.1,29424.3,29391.6,29424
1783422000,29424.5,29425.9,29366.8,29378.6
1783422900,29376.5,29415,29374.7,29395.8
1783423800,29396,29396,29354.7,29386.7
1783424700,29386.8,29408.2,29366.2,29404.7
1783425600,29404.5,29478.9,29404.5,29466.5
1783426500,29466.7,29469.6,29425,29449.9
1783427400,29449.6,29472.8,29426.3,29448.6
1783428300,29448.5,29451.9,29385.7,29407
1783429200,29407.1,29420.3,29376.5,29404.1
1783430100,29404.3,29417.1,29347.8,29358.2
1783431000,29357.6,29446.8,29256.5,29357.5
1783431900,29356.8,29359.2,29183.3,29231.1
1783432800,29230.9,29265.6,29095.4,29105.2
1783433700,29105.1,29138,29022.1,29064.6
1783434600,29065.6,29089.2,28975.2,28999.5
1783435500,29001.8,29088.9,28996.6,29066.3
1783436400,29062.8,29121.4,29036.9,29083.4
1783437300,29082.1,29086,29036.6,29078.6
1783438200,29077.8,29095.2,29014.2,29095.1
1783439100,29095.2,29153.1,29091.2,29150.8
1783440000,29151.7,29236.7,29141.1,29233.3
1783440900,29233.4,29311.3,29217.2,29301.4
1783441800,29302.2,29323.9,29253.3,29293.9
1783442700,29294,29321.7,29268.4,29305.5
1783443600,29305,29344,29293.2,29296.8
1783444500,29297.4,29337.8,29274.6,29297.7
1783445400,29297.6,29332.8,29297.6,29326.4
1783446300,29326.2,29333.7,29296,29333.4
1783447200,29334.2,29341.8,29299.8,29317
1783448100,29316.9,29328.6,29279.7,29285
1783449000,29284.9,29299.1,29219.7,29238.4
1783449900,29238.7,29251.3,29149.8,29155
1783450800,29155.6,29174.8,29085.4,29100.8
1783451700,29100.6,29100.6,29038,29085.6
1783452600,29086.5,29137.6,29070.5,29076.8
1783453500,29077.9,29165.9,29073.8,29159.3
1783454400,29158.3,29204.9,29154.9,29185
1783455300,29185.7,29191.9,29161.7,29181.8
1783456200,29181.6,29191.7,29180.4,29182.1
1783457100,29181.4,29190.2,29178.4,29187.4
1783458000,29187.5,29190,29182.5,29182.8
1783458900,29183,29185.1,29099.1,29128.6
1783459800,29128.8,29128.8,29101.7,29112.5
1783460700,29112.7,29125.8,29107.4,29123.5
1783461600,29128.9,29145.2,29090.4,29145.2
1783462500,29145.1,29155.9,29135.4,29142
1783463400,29142.1,29167.6,29133.4,29152.5
1783464300,29152.7,29164.9,29143.1,29152.7
1783465200,29153.5,29164.5,29127.5,29147.7
1783466100,29147.6,29175.7,29144.4,29165.4
1783467000,29165.7,29173.5,29110.1,29115
1783467900,29114.6,29130,29063.4,29071.5
1783468800,29068,29194.3,29036.4,29183.7
1783469700,29183.6,29246.2,29162.5,29221.8
1783470600,29221.6,29283.8,29176.8,29283.5
1783471500,29283.8,29315.2,29280.8,29311.5
1783472400,29311.4,29327.4,29265.7,29320.5
1783473300,29320.6,29324.9,29251.1,29255
1783474200,29254.9,29264.3,29197.7,29228.7
1783475100,29230.5,29253.6,29196.4,29207.6
1783476000,29207.1,29212.9,29157.5,29167.7
1783476900,29167.4,29226.8,29162.5,29193.5
1783477800,29194,29226.1,29170,29225.8
1783478700,29226.1,29244.8,29215.9,29230.4
1783479600,29230.6,29267.4,29230.6,29257.3
1783480500,29257.5,29290.9,29246.4,29285.2
1783481400,29283.9,29302.4,29252.9,29258.3
1783482300,29258.2,29263.8,29235.5,29237.7
1783483200,29237.6,29245.9,29205.7,29215.3
1783484100,29215.1,29234.6,29199.3,29213
1783485000,29212.8,29216.2,29162.9,29181.4
1783485900,29181.7,29191,29147.2,29186.2
1783486800,29186.8,29218.3,29171.3,29180.6
1783487700,29180.7,29202.4,29150.2,29156.1
1783488600,29156.2,29156.4,29118.7,29124.7
1783489500,29125.2,29135,29082.5,29119.9
1783490400,29120,29135.5,29101.6,29117.1
1783491300,29117,29130.3,29093.2,29094.2
1783492200,29093.9,29102.4,29056.6,29061.6
1783493100,29062.1,29122.4,29055.4,29102
1783494000,29102.5,29107.9,29053.1,29074.4
1783494900,29073.9,29125.7,29052.7,29123.5
1783495800,29123,29177.5,29119.1,29165.3
1783496700,29165.9,29174.7,29139.3,29150.7
1783497600,29152.7,29183.8,29113.6,29179.3
1783498500,29179.4,29186.5,28837.8,28851.6
1783499400,28852.3,28875.7,28731.7,28791.8
1783500300,28790.9,28867.9,28773.7,28782.2
1783501200,28782.3,28806,28684.2,28684.2
1783502100,28684.9,28743.3,28682.2,28732.8
1783503000,28732.4,28782.8,28724.8,28761
1783503900,28760.8,28776.1,28721.8,28729.7
1783504800,28730,28758.1,28695.9,28729.9
1783505700,28730,28794.4,28718.5,28792.1
1783506600,28791.2,28825,28767.9,28820.6
1783507500,28820.1,28831.6,28784.4,28790.8
1783508400,28790.6,28798.2,28749.1,28772.7
1783509300,28772.5,28783.9,28745.9,28757.8
1783510200,28758.2,28891.3,28745.1,28855.8
1783511100,28855.5,28887.4,28824.3,28860.7
1783512000,28860.5,28953.6,28824.3,28919.8
1783512900,28920.1,28950.4,28894.4,28948.2
1783513800,28948.6,28964.1,28917.1,28955.6
1783514700,28955.9,29009.5,28922.9,28923.4
1783515600,28923.8,28992.3,28920,28982.1
1783516500,28981.8,28998.8,28924.5,28972.3
1783517400,28972.6,29155,28972.6,29118.6
1783518300,29119.9,29168.3,29060,29140.4
1783519200,29140.3,29155.8,29017.3,29042
1783520100,29041.4,29143,29006.7,29064.3
1783521000,29063,29107.1,28984,29029.4
1783521900,29027.6,29072,28928.2,28986.5
1783522800,28986.7,28999.9,28909.2,28916.3
1783523700,28916.4,28940,28812.3,28833.7
1783524600,28833.1,28927.9,28811.7,28891.5
1783525500,28891.7,28907,28827.8,28873
1783526400,28873.1,28996.8,28870.3,28988
1783527300,28989.1,29078,28970.3,29053.5
1783528200,29053.7,29124.9,29024.1,29108.3
1783529100,29108.1,29152.4,29085.9,29148.3
1783530000,29148.9,29165.6,29110.2,29111.3
1783530900,29111.2,29218.8,29110.6,29216.8
1783531800,29217.4,29232,29160.5,29164.4
1783532700,29164.5,29164.5,29100.1,29127.8
1783533600,29129.1,29200.4,29104.6,29184.1
1783534500,29183.6,29194.7,29148,29150.4
1783535400,29149.3,29192.6,29124.7,29177.5
1783536300,29177,29201.5,29157.5,29182.7
1783537200,29182.9,29214.4,29154.3,29174.7
1783538100,29174.6,29217.8,29157.8,29205.2
1783539000,29204.9,29213,29170.2,29197.6
1783539900,29197.3,29279.9,29163.2,29239
1783540800,29240.3,29248.1,29186.5,29205.8
1783541700,29206.6,29208.2,29168.6,29175.5
1783542600,29176,29179.8,29135.8,29169.4
1783543500,29167.4,29187.5,29156.8,29174.4
1783544400,29174.5,29192.9,29170.6,29189
1783545300,29189.1,29189.2,29175.1,29185.6
1783546200,29185.1,29215.6,29185.1,29212.6
1783547100,29212.7,29215.9,29198.4,29208.7
1783548000,29207.7,29230.5,29188.8,29217.5
1783548900,29217.4,29234.4,29191.2,29207.8
1783549800,29208,29221.6,29191,29192.7
1783550700,29192.4,29212.5,29190,29211.3
1783551600,29211.2,29240.2,29206.5,29230
1783552500,29230.2,29230.2,29181.9,29209.1
1783553400,29209.4,29268.3,29184.8,29264.8
1783554300,29263.6,29288.1,29253.6,29275.7
1783555200,29276.1,29348.9,29276.1,29348.1
1783556100,29348.5,29352.6,29303.5,29344.7
1783557000,29345.5,29367.6,29298.7,29305.3
1783557900,29305.2,29347.3,29274.4,29288.2
1783558800,29290.9,29321.1,29247,29296.7
1783559700,29296.6,29340.2,29285,29313.5
1783560600,29314.2,29324.5,29291.6,29314
1783561500,29315,29322.9,29229.7,29236.1
1783562400,29235.1,29314.7,29210,29311.9
1783563300,29312,29360.7,29300.7,29318.1
1783564200,29318,29327.5,29248.3,29249.1
1783565100,29248.8,29253,29205,29212.9
1783566000,29213.2,29235,29189,29206.4
1783566900,29205.8,29267.2,29182.8,29265.2
1783567800,29265.3,29299.8,29258.7,29296.7
1783568700,29297.3,29301.3,29280.7,29290.7
1783569600,29289.6,29300.8,29278.6,29283.1
1783570500,29283.8,29302.1,29247.3,29257.1
1783571400,29257,29324.2,29256.7,29322
1783572300,29321.2,29343,29306,29336
1783573200,29337,29381.6,29293.9,29353.2
1783574100,29353,29361.8,29298.3,29298.6
1783575000,29298.3,29323.6,29259.2,29320.8
1783575900,29320.9,29394.2,29317,29392
1783576800,29391.8,29401.7,29356.1,29388.7
1783577700,29388.9,29427.1,29385.8,29412.4
1783578600,29412.3,29421.4,29382,29412.8
1783579500,29412.9,29418.1,29385.8,29396.9
1783580400,29397.1,29441.6,29387.7,29441.6
1783581300,29441.7,29452.2,29423.8,29436.3
1783582200,29436,29468.4,29424.4,29464.6
1783583100,29465.2,29492.3,29455.7,29467.9
1783584000,29468.9,29517.9,29450,29488.1
1783584900,29488.3,29518.9,29477.7,29483.4
1783585800,29483.3,29489.3,29445.8,29463.1
1783586700,29463.5,29467.9,29428,29446.6
1783587600,29446.8,29453.5,29413.2,29425.4
1783588500,29425.3,29446.4,29416.8,29433.9
1783589400,29434,29447.4,29397.1,29406.8
1783590300,29406.4,29434.4,29402.3,29430.9
1783591200,29431,29442.2,29417.4,29432.9
1783592100,29433,29454.5,29417.7,29435
1783593000,29434.9,29445.7,29412.5,29424.1
1783593900,29424.2,29428.2,29347.9,29386.4
1783594800,29387.8,29411.1,29362.1,29394.1
1783595700,29394,29427.9,29378.6,29426.5
1783596600,29426.7,29473.7,29413.1,29467.9
1783597500,29467.2,29504.2,29463.8,29479.1
1783598400,29479.5,29516.5,29465.2,29499.2
1783599300,29500.1,29533.8,29488.4,29532.1
1783600200,29532.3,29572.4,29523.7,29531.9
1783601100,29532.5,29533.7,29501.3,29520.5
1783602000,29520.8,29543,29509.4,29540.5
1783602900,29540.6,29543.9,29510.3,29528.4
1783603800,29528.8,29653.9,29458.5,29643.8
1783604700,29643.2,29711.9,29593.5,29693.4
1783605600,29692.8,29703.4,29569,29587.8
1783606500,29587.3,29587.3,29399.3,29545.6
1783607400,29546.5,29583.9,29482.4,29544.2
1783608300,29546.2,29605.9,29509.8,29572.6
1783609200,29571.5,29647.2,29565.5,29636.9
1783610100,29633.6,29667.6,29613.6,29655.5
1783611000,29655.4,29681.7,29638.6,29663.8
1783611900,29666.1,29685.1,29660.8,29667
1783612800,29666.7,29703.1,29666.7,29681.5
1783613700,29681.4,29697.6,29663.3,29673.2
1783614600,29672.8,29696.3,29646.3,29688.9
1783615500,29689.1,29692.5,29666.4,29677.6
1783616400,29678.2,29749,29675.1,29736.4
1783617300,29736.1,29771.2,29736,29769.2
1783618200,29768.8,29774.4,29742.7,29755.5
1783619100,29756,29773.6,29732.7,29753.9
1783620000,29754.8,29765.1,29742.3,29757.2
1783620900,29757.7,29761.2,29724.4,29740.4
1783621800,29739.9,29750.4,29722.4,29740.4
1783622700,29738.9,29747.1,29714,29722.6
1783623600,29721.3,29723,29692.3,29699.3
1783624500,29699.1,29740.4,29689.6,29713.5
1783625400,29713.8,29726.8,29693.4,29725.2
1783626300,29724.8,29736.2,29681.1,29729.9
1783627200,29729.1,29755.3,29724.3,29747.4
1783628100,29747.9,29753.3,29720.9,29723.4
1783629000,29723.1,29732.7,29715.7,29717.3
1783629900,29717.6,29722,29709.9,29712.1
1783630800,29715.5,29720.4,29715.5,29717.7
1783631700,29717.9,29719.7,29705.2,29715.5
1783632600,29707.8,29723,29705.8,29718.4
1783633500,29716.5,29716.8,29713.6,29714.7
1783634400,29719.6,29742.6,29708.5,29720.5
1783635300,29720.4,29728.1,29687,29690.7
1783636200,29690.8,29705.3,29688.6,29704
1783637100,29703.8,29708.9,29695.3,29703.7
1783638000,29704.2,29723.9,29690.2,29721.4
1783638900,29721,29744.8,29711.9,29739.3
1783639800,29740.3,29741.2,29721.5,29723.2
1783640700,29723.1,29738.9,29707.5,29715.7
1783641600,29720.4,29733.4,29642.5,29675.8
1783642500,29675.7,29685.1,29609.1,29628.2
1783643400,29628.7,29633.8,29595.3,29620
1783644300,29618.8,29658.6,29598.4,29655.7
1783645200,29656,29659.3,29607.5,29632.8
1783646100,29632.5,29666.5,29627.1,29659.1
1783647000,29657.9,29692.3,29646.1,29674.8
1783647900,29674.9,29711.1,29671.9,29683.2
1783648800,29684.7,29690.3,29657.3,29669.3
1783649700,29670,29675.4,29644.1,29672
1783650600,29672.1,29705.9,29664.7,29696.5
1783651500,29696.4,29742.3,29692,29742.3
1783652400,29742.1,29751.9,29729.6,29736
1783653300,29736.9,29738.9,29712.2,29714.9
1783654200,29715,29723.4,29707.6,29715.6
1783655100,29715.2,29722.5,29702.3,29720.9
1783656000,29721.1,29737.2,29714.1,29735.5
1783656900,29735.4,29736.5,29706.3,29717.7
1783657800,29718.6,29719.5,29696,29704.5
1783658700,29704.7,29707.8,29665.4,29671.5
1783659600,29671.6,29675.5,29654.5,29674
1783660500,29674.6,29685.4,29660,29667.8
1783661400,29667.3,29672.3,29642.7,29665.8
1783662300,29665.5,29665.8,29629.8,29636.8
1783663200,29636.6,29647.8,29611.4,29617.5
1783664100,29617.3,29621.4,29566.6,29581.2
1783665000,29580.7,29619.9,29574.1,29603.9
1783665900,29603.8,29622.8,29602,29610.7
1783666800,29611.5,29616.2,29584.1,29601.6
1783667700,29601.7,29615.9,29582,29607.5
1783668600,29606.6,29609.4,29582.1,29586.9
1783669500,29587.6,29589.4,29554,29564.5
1783670400,29565.3,29590.5,29533.6,29586.5
1783671300,29586.8,29594.9,29546.4,29558.9
1783672200,29559.4,29574.8,29544.3,29573.8
1783673100,29573.6,29589.5,29560.7,29564.3
1783674000,29564.5,29590.2,29507.5,29585.8
1783674900,29585.9,29607.9,29585.9,29600.7
1783675800,29600.6,29618.4,29594.7,29606.1
1783676700,29606,29617.4,29589.5,29605.1
1783677600,29605.3,29631.9,29605.3,29622.6
1783678500,29622.7,29629.5,29595.5,29627.4
1783679400,29627.6,29652.8,29627.3,29652.6
1783680300,29652.8,29653,29624.5,29640.4
1783681200,29640.2,29667.9,29639.2,29664.1
1783682100,29664.3,29678.3,29640.1,29642.1
1783683000,29641.6,29641.6,29602.7,29625.9
1783683900,29626.3,29633.8,29596.6,29606
1783684800,29606.1,29668.4,29563,29636.1
1783685700,29636.3,29646.1,29615.6,29638.9
1783686600,29640.4,29648.6,29610.4,29615.4
1783687500,29615.1,29631.5,29589,29589.1
1783688400,29589,29616,29579.9,29603.1
1783689300,29603,29641,29592.6,29628.5
1783690200,29628.3,29725.2,29589.1,29646.2
1783691100,29645.8,29759.7,29644.2,29714.2
1783692000,29714.4,29756.2,29698.1,29729.9
1783692900,29730.2,29741.7,29636.7,29696.7
1783693800,29695.4,29743.7,29467.4,29677.7
1783694700,29678.8,29701.1,29598,29606.1
1783695600,29607.8,29674.1,29571.5,29665.4
1783696500,29664.7,29774.5,29664.6,29766.4
1783697400,29767.1,29778.5,29620.9,29661.9
1783698300,29661.7,29733.3,29636,29729.4
1783699200,29730.2,29772.8,29730.2,29765.4
1783700100,29765.1,29812.8,29765.1,29798.3
1783701000,29799.5,29820,29790,29802.7
1783701900,29802.8,29827.6,29799.1,29813
1783702800,29811.2,29818,29782.8,29801.2
1783703700,29801.1,29835.2,29796.3,29833.5
1783704600,29835,29856.5,29824.9,29848.6
1783705500,29849.2,29855.2,29815.6,29822.9
1783706400,29823.3,29852.6,29818.8,29836.7
1783707300,29836.4,29847.6,29809.4,29831.1
1783708200,29830.4,29841.8,29815.7,29825.5
1783709100,29824.4,29832.2,29813.9,29823.2
1783710000,29822.1,29859.5,29817.2,29842.8
1783710900,29843.1,29843.3,29819.4,29828.3
1783711800,29829.7,29850.6,29829.1,29837.7
1783712700,29836.9,29848,29809.2,29821.2
1783713600,29821.3,29844.6,29814.7,29830.3
1783714500,29830.2,29841.8,29828,29837.7
1783715400,29837.2,29844.3,29833.3,29840.8
1783716300,29841,29858.1,29840,29851.2
1783893600,29735.8,29765.6,29644.5,29651.1
1783894500,29651.5,29681,29649.6,29672.7
1783895400,29672.8,29690.3,29658.5,29681.7
1783896300,29681.6,29700.6,29659.2,29696.5
1783897200,29696.6,29697.5,29671.8,29678.1
1783898100,29678,29679.7,29658.1,29676.3
1783899000,29676.1,29685.2,29663.8,29675.8
1783899900,29675.9,29681.3,29635.1,29677.7
1783900800,29677.4,29828,29658.8,29804.5
1783901700,29804.1,29816,29742.9,29753.1
1783902600,29753.4,29758.6,29637.2,29669.7
1783903500,29670,29691.2,29595.2,29619.9
1783904400,29620.3,29637,29577.3,29598.1
1783905300,29597.6,29634.6,29576.8,29593.4
1783906200,29593.6,29627.6,29577,29601.2
1783907100,29600.9,29601.2,29525.7,29547.5
1783908000,29547.1,29557.5,29514.9,29538.2
1783908900,29537.7,29595.3,29532.6,29584
1783909800,29584.2,29585.5,29535,29551.8
1783910700,29551.5,29558.5,29502.6,29504.7
1783911600,29506.7,29510,29473.4,29483.1
1783912500,29483.5,29505.6,29471.4,29495.1
1783913400,29494.8,29514.8,29472.2,29484.7
1783914300,29484.9,29511.8,29470.8,29476
1783915200,29475.9,29477.6,29438.4,29454.1
1783916100,29454.6,29464.2,29427,29438.7
1783917000,29438.9,29444.5,29409.1,29413.7
1783917900,29413.6,29424.5,29399.7,29413.2
1783918800,29412.8,29480.6,29394.8,29473.9
1783919700,29474.8,29475.3,29363.7,29372.8
1783920600,29373.4,29455.3,29333.9,29424.7
1783921500,29424.9,29453.4,29402.7,29436.8
1783922400,29436.3,29453.4,29373.6,29380.5
1783923300,29381.1,29422.6,29376.4,29417.3
1783924200,29418.3,29436,29385.8,29429.7
1783925100,29429.8,29439.3,29398.6,29418
1783926000,29417.8,29462,29395.8,29457.7
1783926900,29457.8,29477.8,29430.9,29458.6
1783927800,29457.9,29458.2,29424.6,29448.8
1783928700,29449.1,29450.9,29423.9,29439.6
1783929600,29440.2,29492.6,29434.1,29492.6
1783930500,29492.8,29528.4,29492.1,29512.7
1783931400,29513.2,29521.5,29486.1,29514.1
1783932300,29513.8,29541.7,29509.9,29533.1
1783933200,29534.5,29537.8,29505.4,29520.5
1783934100,29520.3,29553.1,29515.7,29547.3
1783935000,29547.4,29563.3,29540.1,29559.6
1783935900,29560,29560.5,29537.8,29558.1
1783936800,29558,29565.9,29524.6,29535.3
1783937700,29535.2,29553.7,29524.2,29526.8
1783938600,29527,29544.5,29522.6,29526.7
1783939500,29526.3,29550.8,29524.5,29543.1
1783940400,29543.3,29585,29537.5,29554.6
1783941300,29554.7,29570,29527.3,29560.7
1783942200,29559.7,29581,29551.1,29554.3
1783943100,29553.8,29555.2,29516.4,29527.2
1783944000,29528.6,29544.4,29480.3,29517.5
1783944900,29517.6,29521.9,29468.6,29473.1
1783945800,29473,29482.5,29443.7,29477.2
1783946700,29477.1,29510.8,29472.3,29506.8
1783947600,29506.6,29535.5,29497.4,29507.6
1783948500,29507.2,29508.2,29471.2,29498.8
1783949400,29496.9,29522.3,29341.1,29381.8
1783950300,29381.5,29425.2,29305.6,29417.2
1783951200,29416.3,29447.9,29347.8,29436.5
1783952100,29436.4,29490.4,29284.5,29489
1783953000,29488.9,29511.4,29413.7,29425
1783953900,29425.8,29509.1,29392,29505.5
1783954800,29505.6,29540.9,29459.3,29470.7
1783955700,29470.5,29517.4,29452.1,29501.3
1783956600,29501.4,29514.4,29445.9,29450.3
1783957500,29450.1,29452.8,29391.6,29405.7
1783958400,29405.5,29431.7,29378.1,29407.1
1783959300,29407,29407.3,29330.9,29353.1
1783960200,29350.6,29350.6,29254.1,29329.7
1783961100,29329.9,29347.7,29255.7,29318.5
1783962000,29317.2,29371.2,29308.4,29332.5
1783962900,29332.4,29342.2,29289.2,29308.2
1783963800,29306.3,29322.6,29275.9,29303.2
1783964700,29303.4,29315.3,29258.2,29268.7
1783965600,29269.4,29328.5,29266.9,29306.8
1783966500,29305.6,29312.1,29259.1,29266.9
1783967400,29266.2,29307.8,29245.8,29292.3
1783968300,29293.3,29312.8,29275.9,29284.9
1783969200,29285.2,29315.8,29244.5,29256.4
1783970100,29256.1,29260.3,29196.1,29210.4
1783971000,29211,29248.1,29188.4,29244
1783971900,29244.3,29296.3,29228.2,29258.2
1783972800,29257.6,29266.7,29227.6,29247.4
1783973700,29247.6,29247.6,29182.1,29230.5
1783974600,29229.7,29231.8,29217.1,29228
1783975500,29227,29236.1,29211.3,29222.1
1783976400,29222.3,29239.1,29222.3,29223.1
1783977300,29223.2,29228.1,29220.3,29224.7
1783978200,29224.8,29238.4,29224.2,29234.3
1783979100,29234.5,29244.5,29234.2,29242.6
1783980000,29236,29274.3,29236,29247.5
1783980900,29247.1,29260.1,29226.7,29229.3
1783981800,29229.4,29237.3,29222.3,29234.5
1783982700,29233.9,29252.1,29189.5,29194.6
1783983600,29194.9,29198.1,29164.1,29175.7
1783984500,29176.6,29192.7,29154.4,29160.5
1783985400,29160.2,29170.6,29124.1,29126.3
1783986300,29126.4,29216.1,29120.5,29213.9
1783987200,29218.1,29261,29122,29256.6
1783988100,29256.8,29268.9,29163.9,29213.4
1783989000,29213,29281.9,29194.7,29212
1783989900,29212.1,29326.8,29205.9,29314.5
1783990800,29314.7,29333.2,29274.4,29284.2
1783991700,29283.8,29321.3,29275.5,29297.3
1783992600,29298.3,29308.1,29233.7,29266.4
1783993500,29266.7,29297.5,29232.6,29241.7
1783994400,29242.6,29281.1,29219.4,29219.4
1783995300,29220.1,29230.5,29166.7,29196.6
1783996200,29197.1,29248.1,29162.3,29237.6
1783997100,29237.1,29248.1,29177.8,29183.7
1783998000,29183.4,29187.1,29124.3,29131.2
1783998900,29130.6,29170.5,29096.9,29169.7
1783999800,29170,29197.4,29129.4,29152.9
1784000700,29153.3,29222.2,29147.9,29219.8
1784001600,29220.3,29239.9,29166.3,29185.9
1784002500,29185.8,29248.3,29176.1,29242
1784003400,29241.9,29279.8,29235.4,29267
1784004300,29267.1,29308.2,29265.9,29303
1784005200,29302.6,29340.7,29282.9,29338.5
1784006100,29338.8,29401.6,29327.5,29396.5
1784007000,29398,29424.3,29371.1,29388.2
1784007900,29388.7,29398.8,29375.3,29387.1
1784008800,29389.5,29426.5,29382.8,29422
1784009700,29421.9,29442.4,29391.7,29398
1784010600,29400.4,29427.4,29387.5,29392
1784011500,29391.8,29392,29356.4,29359.1
1784012400,29358.8,29395.7,29339.4,29394.4
1784013300,29394.7,29414,29370.4,29400.5
1784014200,29400.7,29402.6,29362.8,29368.7
1784015100,29369.3,29403.2,29349.5,29368.8
1784016000,29371.9,29394.3,29342.6,29375.4
1784016900,29375.8,29423.9,29375.8,29412.7
1784017800,29412.5,29430.8,29402,29407.9
1784018700,29407.8,29408.6,29363.6,29367.6
1784019600,29367.7,29420.3,29353.1,29418.7
1784020500,29418.6,29421.3,29366.5,29369.3
1784021400,29368.9,29403.7,29368.9,29394.6
1784022300,29394.4,29416.2,29389.4,29396.8
1784023200,29396.9,29413.4,29388,29398.3
1784024100,29398.7,29401.5,29378.9,29390.2
1784025000,29389.6,29425.1,29374,29397
1784025900,29397.2,29413.8,29384,29400.6
1784026800,29399.8,29415.7,29347.7,29399.6
1784027700,29399.4,29463.7,29396.9,29435.4
1784028600,29435,29460.4,29407.6,29414.4
1784029500,29414.8,29452,29411,29427.2
1784030400,29427.1,29432.4,29363.8,29385.8
1784031300,29385.9,29486,29373,29483.2
1784032200,29483.1,29713.7,29472.6,29617.1
1784033100,29616.6,29632.8,29548.5,29568.2
1784034000,29568.3,29601.7,29560,29574.4
1784034900,29574.8,29624.8,29536.8,29605
1784035800,29605.4,29605.65,29480.6,29547
1784036700,29547.1,29599.7,29512,29577.4
1784037600,29577.9,29600.5,29434.6,29462
1784038500,29460.8,29526.6,29365,29479.4
1784039400,29480,29635.8,29458,29525
1784040300,29525.2,29581.6,29458.4,29571.7
1784041200,29572.8,29662.8,29553.6,29645.9
1784042100,29645.1,29687.1,29624.5,29684
1784043000,29683.5,29692.6,29599,29635
1784043900,29634.2,29649.7,29560.6,29584.3
1784044800,29585,29591.5,29511.6,29539.5
1784045700,29540.4,29583.6,29505.9,29578.4
1784046600,29579.6,29623.6,29553.3,29609.4
1784047500,29610.2,29629.2,29584.7,29625.6
1784048400,29625.4,29649.5,29614.7,29620.6
1784049300,29620.5,29662.6,29611,29647.4
1784050200,29648,29659.2,29617.7,29644.6
1784051100,29644.1,29662.7,29628.9,29660.2
1784052000,29661.9,29669.2,29642.8,29667
1784052900,29667.3,29676.8,29646.8,29653.4
1784053800,29652.3,29667.5,29614.6,29624.4
1784054700,29624.9,29641.6,29612.9,29623.8
1784055600,29624.2,29630.7,29579.1,29614.2
1784056500,29613.9,29636,29595.7,29596.8
1784057400,29598.2,29614.9,29570.1,29610.7
1784058300,29611.2,29633.5,29578.3,29586.1
1784059200,29586.8,29606.2,29571.6,29588
1784060100,29588.2,29591.8,29568.1,29574.2
1784061000,29573.7,29598,29570.8,29594.4
1784061900,29594.2,29600,29583.1,29594.3
1784062800,29594.5,29597.5,29591,29596.3
1784063700,29596.5,29603.3,29596.1,29603.2
1784064600,29603.1,29606.1,29596.6,29597.4
1784065500,29597.9,29599.4,29591.7,29591.7
1784066400,29603.1,29607.6,29548.5,29556.1
1784067300,29556.2,29595.9,29554.4,29586.9
1784068200,29587.1,29597.3,29576.8,29578.9
1784069100,29579.9,29582.6,29565.5,29576.1
1784070000,29576,29598.6,29560.9,29595.7
1784070900,29595.9,29671.3,29588.5,29669
1784071800,29669.3,29680.6,29649.3,29651.8
1784072700,29651.5,29698.3,29645.3,29688.2
1784073600,29690.2,29701.7,29640.9,29691.3
1784074500,29691.2,29733.7,29683.8,29718.9
1784075400,29718.7,29727.8,29643.9,29661.3
1784076300,29661,29730.1,29651.4,29718.3
1784077200,29718.5,29729.4,29661.3,29687.3
1784078100,29686.7,29743.2,29684.9,29725.3
1784079000,29725.8,29744,29691.9,29694.7
1784079900,29695.1,29758.1,29693.9,29756.6
1784080800,29756.9,29781.9,29749.8,29765.9
1784081700,29766.1,29781.1,29758.9,29769.3
1784082600,29769.2,29785.4,29766.3,29783.1
1784083500,29783.2,29786.6,29760.9,29762.3
1784084400,29762.2,29769.7,29747.2,29760.1
1784085300,29760.4,29784.6,29755.1,29778.6
1784086200,29778.1,29803.5,29778.1,29789.4
1784087100,29788.8,29820.5,29788.8,29812.6
1784088000,29813.6,29816.3,29796.2,29801.9
1784088900,29801.7,29813.6,29789.8,29792
1784089800,29791.8,29813.5,29784.9,29806.2
1784090700,29806.3,29825.1,29803.6,29824.4
1784091600,29824.2,29858.1,29793.1,29800.4
1784092500,29800.3,29826.6,29776.3,29783.8
1784093400,29783.6,29811.7,29768,29791.5
1784094300,29791.6,29831.8,29784.6,29831.8
1784095200,29833.3,29851.5,29828.2,29842.3
1784096100,29842.1,29845.1,29825.6,29841
1784097000,29841.9,29845,29809.5,29819.1
1784097900,29819.2,29836.3,29816.3,29831.3
1784098800,29829.2,29862.3,29810,29836
1784099700,29835.6,29836.8,29730.8,29769.9
1784100600,29770,29791,29746.9,29779.3
1784101500,29778.8,29806.8,29772.5,29797
1784102400,29796.9,29799.7,29711.5,29718.7
1784103300,29719,29727.9,29672.6,29715
1784104200,29716,29728.4,29699.4,29726.4
1784105100,29726.2,29743,29713.9,29739.5
1784106000,29739.6,29760.2,29738.5,29752.3
1784106900,29752.4,29765.3,29743.8,29749
1784107800,29749.8,29760.8,29728.5,29752.6
1784108700,29752.8,29753.4,29715.8,29725.6
1784109600,29726.9,29743.4,29715.9,29743.2
1784110500,29743.4,29748.8,29688.4,29698.5
1784111400,29698.6,29723.5,29691.3,29705.4
1784112300,29705.2,29733.2,29701.7,29728.2
1784113200,29727.6,29754.1,29721.2,29727.2
1784114100,29727.1,29744.2,29717.3,29722.7
1784115000,29722.3,29742.3,29712.6,29728.9
1784115900,29728.8,29729.3,29706.5,29714.2
1784116800,29714,29719.1,29676.7,29682.6
1784117700,29683,29694.9,29658.3,29678.3
1784118600,29679,29774.1,29669.5,29751.5
1784119500,29752.4,29796,29743.5,29779.8
1784120400,29780.2,29798.6,29741.8,29749.7
1784121300,29750.3,29765.3,29738.9,29757.2
1784122200,29757.1,29778.5,29633.2,29635.2
1784123100,29635.1,29648.2,29555.8,29623
1784124000,29622.9,29691.3,29608.1,29608.4
1784124900,29608.6,29631.1,29440.4,29522.3
1784125800,29523.2,29535.8,29336,29400.8
1784126700,29400.7,29442.9,29362.5,29430.8
1784127600,29430.7,29461,29379.1,29391.2
1784128500,29391.1,29439.6,29335.5,29438
1784129400,29437.3,29455.1,29392,29415.1
1784130300,29415.8,29417.3,29361.5,29380.2
1784131200,29380.3,29397.8,29270,29272.8
1784132100,29273.1,29293.7,29227.4,29257.8
1784133000,29258.2,29279,29194.2,29241.9
1784133900,29241.8,29329.1,29231.7,29309.4
1784134800,29310.2,29359.4,29303.2,29329.9
1784135700,29329.8,29406.5,29325.4,29402.7
1784136600,29404.5,29435.9,29404.2,29433.6
1784137500,29433.5,29502.6,29425.4,29485.2
1784138400,29486.2,29529.6,29482.3,29516.3
1784139300,29516.5,29541.2,29485.4,29522.6
1784140200,29524.4,29534.5,29457.9,29462.6
1784141100,29463.1,29464.8,29396.5,29412.6
1784142000,29410.2,29467,29402.9,29441.9
1784142900,29442.4,29447,29389.3,29439.2
1784143800,29440.5,29493.9,29407.8,29482
1784144700,29478.9,29504.1,29447.3,29498.7
1784145600,29498.4,29533.9,29463.8,29500.4
1784146500,29501.2,29518.6,29492.8,29515.6
1784147400,29515.3,29516.4,29502.8,29515.1
1784148300,29515.4,29518.5,29503.4,29507.8
1784149200,29509.5,29511.7,29507.7,29509.6
1784150100,29511.1,29511.2,29493.5,29493.9
1784151000,29495.2,29504.1,29493.1,29504
1784151900,29503.9,29507.4,29500.9,29504.3
1784152800,29508.3,29550.5,29501.5,29530.3
1784153700,29530.2,29531.1,29512.3,29518
1784154600,29518.1,29525.6,29486,29486
1784155500,29487,29525.2,29479.2,29517.5
1784156400,29517.2,29537.2,29510.4,29521.2
1784157300,29521,29523.6,29496.7,29516.8
1784158200,29516.7,29534.8,29502.9,29520.7
1784159100,29520.9,29527.3,29483.8,29491.7
1784160000,29491,29557.1,29483.5,29554.1
1784160900,29554.3,29564.8,29463.5,29469.9
1784161800,29470,29495.6,29426.4,29426.4
1784162700,29426.6,29476.7,29424,29451.8
1784163600,29451.5,29467.7,29417.9,29428.3
1784164500,29428.6,29431.9,29403,29407.2
1784165400,29407.4,29447.2,29396.1,29416.8
1784166300,29416.7,29485.8,29414.6,29452
1784167200,29452.3,29454.6,29420,29438.6
1784168100,29438.9,29505.8,29434.1,29497.4
1784169000,29497.1,29508.3,29472.4,29478.9
1784169900,29479.2,29536.2,29477.9,29526.9
1784170800,29528.5,29553,29522.7,29549.6
1784171700,29549.4,29553.2,29510.1,29516.8
1784172600,29516.4,29546.3,29513.5,29520.1
1784173500,29520.9,29545.9,29507.5,29545.9
1784174400,29546.4,29557.7,29524.7,29556
1784175300,29556.2,29556.9,29510.1,29518.5
1784176200,29518,29522.9,29497.1,29504.1
1784177100,29504,29516.6,29499.3,29507.7
1784178000,29508.7,29547.7,29496.7,29546.9
1784178900,29547,29576,29539.6,29566.1
1784179800,29565.9,29597.6,29466.9,29503.7
1784180700,29503.9,29511.5,29478.3,29489.1
1784181600,29490,29537.8,29447.9,29531.3
1784182500,29532,29548,29483.7,29487.2
1784183400,29484.3,29498.8,29444.5,29475.1
1784184300,29475.3,29494.7,29458.9,29485.1
1784185200,29485.4,29485.4,29422.6,29422.8
1784186100,29422.9,29451.1,29412.3,29423.3
1784187000,29423.4,29431.3,29369.6,29370.2
1784187900,29370.6,29385.5,29348.1,29362.3
1784188800,29362.2,29374.2,29290.6,29293.8
1784189700,29293.6,29355.4,29277.8,29340.3
1784190600,29340.5,29377.9,29328.1,29352.1
1784191500,29352,29396.4,29349,29393.3
1784192400,29394.2,29434.4,29394.2,29426.8
1784193300,29427.1,29444.7,29411.7,29414.2
1784194200,29414.7,29431.9,29384.3,29384.5
1784195100,29384.2,29386.9,29328.2,29332.9
1784196000,29332.8,29363.6,29316.8,29350.4
1784196900,29350.7,29352.2,29313.8,29340.4
1784197800,29340.1,29356.9,29312.1,29322.6
1784198700,29322.8,29339.9,29304.7,29330.9
1784199600,29332,29332,29262.7,29286.8
1784200500,29287.2,29302.9,29246.9,29274.2
1784201400,29274.3,29274.5,29232.8,29241
1784202300,29240.9,29257.5,29162.7,29249
1784203200,29248.9,29259.8,29194,29224.8
1784204100,29225.2,29241.1,29180.2,29207
1784205000,29206.9,29224.5,29168.2,29175
1784205900,29174.8,29216.1,29165.1,29193.5
1784206800,29193.6,29258.5,29189,29250.7
1784207700,29250.6,29289.8,29244.2,29265.1
1784208600,29265.5,29330.4,29109.4,29115.4
1784209500,29116.8,29159.6,29062.5,29149.2
1784210400,29148.9,29296.7,29124.8,29271.9
1784211300,29271.4,29303.6,29201.3,29284.9
1784212200,29285.1,29305.7,29229.1,29266.6
1784213100,29265.9,29278.6,29164.8,29237.4
1784214000,29237.7,29260.7,29139.6,29161.2
1784214900,29161,29253.9,29139.6,29210.4
1784215800,29210.7,29270.7,29174.9,29200.3
1784216700,29199.5,29238.3,29157.8,29196
1784217600,29195,29197.1,29093.1,29096.6
1784218500,29096.9,29117.1,29067.2,29101.4
1784219400,29100.9,29140.7,29087.5,29094.6
1784220300,29095.5,29152.5,29072.4,29138.5
1784221200,29138.4,29142.6,29085.4,29089
1784222100,29088.9,29142.3,29076.5,29134.9
1784223000,29134.3,29143.5,29033.7,29046.2
1784223900,29046.4,29070.1,29021.9,29044
1784224800,29043,29077.6,29025.9,29034
1784225700,29033.9,29104.5,29018.3,29071.1
1784226600,29072.3,29072.3,28998.8,29039.4
1784227500,29039,29053.1,29001.2,29010.1
1784228400,29011.6,29042.7,28977,28985.8
1784229300,28984.6,28986.8,28919.6,28949.6
1784230200,28951.7,28972.4,28920.6,28923.3
1784231100,28923.6,29032.6,28880.7,29013.5
1784232000,29018.6,29031.1,28968.3,28971.5
1784232900,28975.5,29003.5,28966.7,28982.3
1784233800,28982.4,28993.5,28966.7,28978.4
1784234700,28976.4,28986.7,28970.9,28980.8
1784235600,28982.7,28987.7,28971,28978.2
1784236500,28978.4,28984.5,28977.4,28981.6
1784237400,28982.5,29003.1,28978.4,28999.3
1784238300,29001.2,29005,28997.9,29004.8
1784239200,29003.4,29029.9,28989.4,28996.9
1784240100,28997.1,28998.2,28946.5,28949.9
1784241000,28950.1,28969.1,28941.1,28959.7
1784241900,28959.4,28962,28927.3,28946
1784242800,28946.3,28955.7,28917.7,28941.4
1784243700,28941.5,28942.7,28886,28904
1784244600,28903.4,28938.2,28872.4,28918.9
1784245500,28919,28930,28895,28906.6
1784246400,28909.5,28934.2,28841.4,28854.4
1784247300,28854.5,28887.4,28822.7,28830
1784248200,28829.9,28840.7,28806.7,28835.5
1784249100,28835.8,28892.7,28828.9,28867.1
1784250000,28868.4,28915.7,28835.2,28840.3
1784250900,28840.8,28857.4,28822.8,28851.7
1784251800,28851.9,28854.7,28774,28784.5
1784252700,28784.6,28801.1,28755.9,28782.7
1784253600,28784.6,28797.4,28759,28769
1784254500,28768.7,28772.5,28727.6,28739.7
1784255400,28739.9,28748.8,28713.1,28745.4
1784256300,28745.6,28749.3,28713.7,28735.9
1784257200,28736.9,28771.8,28725.7,28764.5
1784258100,28764.3,28837.3,28763.3,28826.2
1784259000,28823.6,28826.8,28754.7,28767.8
1784259900,28767.7,28770.5,28720.2,28720.8
1784260800,28721,28723.9,28654.8,28661.7
1784261700,28661.8,28670.9,28614.5,28619.4
1784262600,28618.9,28633.6,28586,28620.6
1784263500,28620.2,28651.2,28615.6,28615.6
1784264400,28614.6,28631.4,28597.2,28614
1784265300,28613.8,28632.1,28595.5,28600.6
1784266200,28600.2,28621.4,28536.4,28569.7
1784267100,28569.1,28585.1,28545,28567
1784268000,28567.1,28584.9,28535.4,28569.1
1784268900,28567.6,28635.7,28561.6,28624.7
1784269800,28625.7,28635.5,28571.6,28586.5
1784270700,28585.2,28585.5,28543.4,28554.7
1784271600,28555.9,28578.6,28532.6,28562.3
1784272500,28564.1,28575,28525.7,28557.8
1784273400,28558.3,28569.7,28513.7,28526.4
1784274300,28526.2,28532,28494.1,28498.8
1784275200,28498,28544.7,28476.9,28488.8
1784276100,28489.1,28490.9,28387.7,28419.8
1784277000,28419.9,28428.3,28365.8,28396.6
1784277900,28396.4,28471.5,28393.5,28440.7
1784278800,28441.2,28486.9,28427.9,28482.5
1784279700,28482.6,28499.3,28440.5,28495.8
1784280600,28496.8,28522.7,28469,28495.2
1784281500,28495,28534.1,28492.4,28518.3
1784282400,28521.4,28579.1,28500,28574.9
1784283300,28574.8,28595.6,28532.7,28583.1
1784284200,28582.4,28633.9,28572.8,28608.3
1784285100,28608,28623.1,28585.5,28591.5
1784286000,28591.8,28616.2,28557,28566.7
1784286900,28567.2,28576.9,28536,28570
1784287800,28572.7,28574.3,28527.5,28538.8
1784288700,28538.3,28570.6,28526,28549.8
1784289600,28551.2,28553.8,28484,28493.5
1784290500,28493.4,28505.1,28469.8,28484
1784291400,28483.7,28490,28459.5,28483.2
1784292300,28482.9,28499.8,28454.7,28473.3
1784293200,28473.7,28473.7,28428.7,28431.7
1784294100,28431.5,28455.5,28388.6,28416.5
1784295000,28415.7,28491.8,28217.5,28227.7
1784295900,28228.7,28487.2,28220.8,28483.8
1784296800,28486,28670.8,28476.1,28616.9
1784297700,28617.2,28703.2,28594.4,28646.9
1784298600,28648.9,28711.6,28578.8,28641.6
1784299500,28641.4,28673.2,28538.8,28544.8
1784300400,28543.8,28572.3,28494.5,28523.2
1784301300,28522.5,28577.5,28490.1,28568.8
1784302200,28569.8,28659.4,28535.6,28614.7
1784303100,28614.9,28764.8,28599,28750.1
1784304000,28751.4,28772.6,28664.4,28756.1
1784304900,28756.8,28771.2,28677.4,28731.4
1784305800,28733.3,28786.2,28704.1,28785.9
1784306700,28786.3,28844.1,28779.2,28791.4
1784307600,28791.3,28862.5,28784,28812.2
1784308500,28812.7,28859.4,28795.8,28851.5
1784309400,28849.7,28857.8,28760.6,28766.6
1784310300,28767.1,28784.6,28700.5,28712.4
1784311200,28712.3,28751.6,28673.3,28680.4
1784312100,28680.8,28686.7,28641.5,28670.8
1784313000,28670.7,28710.1,28616.4,28628.3
1784313900,28628,28703.2,28617.4,28679.9
1784314800,28680,28686.7,28576.5,28579.8
1784315700,28578.1,28620.6,28536.9,28611.1
1784316600,28611.9,28661.3,28573.5,28615.2
1784317500,28614.7,28670.4,28574.9,28583.2
1784318400,28583.6,28585.4,28530.6,28558
1784319300,28557.8,28571.7,28553.7,28568
1784320200,28567.8,28587.5,28566.9,28585.5
1784321100,28585.7,28597.5,28572,28589.4
1784498400,28594.3,28633.4,28532.6,28537.6
1784499300,28538.5,28632.9,28538.3,28586.4
1784500200,28586.3,28671.8,28580.1,28658.3
1784501100,28658.5,28667.7,28633.2,28637.8
1784502000,28638.9,28656.8,28606.8,28634
1784502900,28636.7,28643.8,28605.5,28624.8
1784503800,28625.3,28686,28615.8,28684.5
1784504700,28685.1,28696,28638.1,28688.8
1784505600,28689,28775.7,28626.7,28759.8
1784506500,28760.4,28783.5,28748.9,28754.6
1784507400,28754.8,28760,28698,28709.1
1784508300,28708.4,28722.1,28674.3,28678.4
1784509200,28679.9,28737.9,28668.3,28673.7
1784510100,28675,28703.9,28634.9,28638.1
1784511000,28637.2,28653.8,28597.2,28617.4
1784511900,28617.7,28642.4,28583,28615.8
1784512800,28618.5,28708.7,28615.5,28660.8
1784513700,28661,28666.4,28615.7,28632.4
1784514600,28631,28735.4,28628.8,28719.6
1784515500,28720.2,28760.6,28703.4,28707.6
1784516400,28707.7,28733.5,28677.7,28705.2
1784517300,28704.9,28733,28684.5,28697.4
1784518200,28698,28725.9,28671.2,28719.1
1784519100,28718.8,28758.9,28701.8,28716.9
1784520000,28718.6,28740.5,28685.8,28689.3
1784520900,28689.4,28724.5,28665.7,28719.5
1784521800,28719.3,28760.9,28708.7,28753.3
1784522700,28753.7,28763.7,28715.4,28718.5
1784523600,28721.5,28723.8,28634.4,28683.7
1784524500,28683.9,28683.9,28648.1,28654.3
1784525400,28654.6,28658.9,28631.3,28634.2
1784526300,28634.3,28653.7,28608.6,28629.4
1784527200,28634,28644.3,28603,28606.8
1784528100,28606.2,28637,28591.1,28607.8
1784529000,28607.3,28634.1,28587.7,28624.5
1784529900,28624.4,28630.7,28599.5,28627.1
1784530800,28629.7,28656.3,28628.7,28642.2
1784531700,28641.9,28705.1,28619.2,28699.6
1784532600,28699.5,28745.1,28698.5,28725
1784533500,28725.1,28743.2,28700.6,28729.1
1784534400,28728.9,28754.4,28709.2,28746.7
1784535300,28746.6,28758.8,28717,28722.8
1784536200,28723.2,28728.2,28681,28682.8
1784537100,28683.4,28711.4,28680.5,28702.1
1784538000,28703.5,28710.8,28677.7,28699.2
1784538900,28699.1,28737.7,28699.1,28726.1
1784539800,28724,28761.8,28719.9,28761.7
1784540700,28761.8,28818.2,28760.6,28773.6
1784541600,28773.9,28779.1,28748.3,28754
1784542500,28754.2,28783.6,28741,28776.1
1784543400,28776,28795.7,28767.2,28787.3
1784544300,28787.2,28801.6,28782.3,28789.1
1784545200,28789.3,28846.4,28786.4,28831.9
1784546100,28831.8,28838.1,28808.3,28819
1784547000,28819.3,28931,28817.6,28908.6
1784547900,28909.2,28919.5,28868.2,28894
1784548800,28893,28898.1,28801.8,28825.2
1784549700,28824.7,28858.2,28814.1,28856.6
1784550600,28857,28867.1,28823.8,28827.4
1784551500,28826.5,28863.8,28825,28844.7
1784552400,28844.2,28878,28844.2,28844.3
1784553300,28845.1,28880,28841.8,28865.1
1784554200,28864.8,29002.4,28848.7,28999.1
1784555100,28999,29012.5,28802.1,28818.5
1784556000,28817.1,28868.4,28759.9,28793.8
1784556900,28793.3,28853.1,28729.8,28851.6
1784557800,28852.3,28872.7,28778.4,28788.6
1784558700,28789.4,28829,28702.6,28718.1
1784559600,28717.1,28813.7,28698.9,28769.6
1784560500,28770.5,28846.1,28755.2,28838.4
1784561400,28838.5,28858.6,28811,28851.3
1784562300,28852.7,28887.2,28797.8,28873.4
1784563200,28874.4,28942.4,28852.5,28929.5
1784564100,28929.9,28937.5,28896.1,28909.7
1784565000,28907.8,28924.1,28794,28829.5
1784565900,28829.3,28877.3,28780.7,28808.5
1784566800,28809.9,28825.7,28748.1,28752.3
1784567700,28752.1,28800.8,28736.5,28783.1
1784568600,28783.3,28797.7,28726.4,28735.9
1784569500,28735.8,28807.3,28734.8,28781.9
1784570400,28781.8,28827,28781.8,28818.7
1784571300,28818.4,28835.7,28757.8,28775.2
1784572200,28774.8,28775.3,28685.8,28687.3
1784573100,28688.3,28726.4,28681.1,28696.9
1784574000,28697.1,28721,28634.1,28634.8
1784574900,28634.9,28693.2,28623.1,28678.9
1784575800,28678.6,28717.3,28659.5,28692.3
1784576700,28692,28703.3,28592.7,28607.5
1784577600,28608.8,28653.8,28591.2,28596.3
1784578500,28595.9,28598,28573.1,28583
1784579400,28582.9,28603.8,28579.1,28594.1
1784580300,28594.6,28607,28590,28599.9
1784581200,28601.4,28607.9,28598.7,28603.6
1784582100,28603.7,28608.9,28602.2,28604.8
1784583000,28605.7,28612.9,28603.2,28611.1
1784583900,28611.5,28620,28610.5,28616.6
1784584800,28612,28627.2,28531.9,28545.5
1784585700,28545.4,28554.2,28537.8,28545.2
1784586600,28545.5,28558.9,28526.7,28548.8
1784587500,28548.9,28558.8,28533.2,28542.4
1784588400,28542.2,28602.7,28536.6,28594.2
1784589300,28593.9,28646.9,28589.2,28644.4
1784590200,28643.6,28648.1,28630.9,28636.5
1784591100,28635.9,28654,28584.1,28603.5
1784592000,28600.5,28600.5,28533.1,28563.1
1784592900,28563.3,28660.3,28536,28641.1
1784593800,28640.8,28702.8,28638.3,28690
1784594700,28689.9,28720.5,28681,28681.7
1784595600,28681.5,28736.1,28663.8,28729.6
1784596500,28730.1,28736.7,28696.2,28714.6
1784597400,28714.9,28744.7,28690.6,28700.3
1784598300,28700.8,28734.2,28695.3,28707.1
1784599200,28709.6,28763.6,28703.6,28708.7
1784600100,28708.9,28743.3,28683,28718.7
1784601000,28718.9,28778.9,28718.4,28773.2
1784601900,28773.3,28781.1,28751.7,28778.9
1784602800,28779.1,28805.9,28776.9,28798.5
1784603700,28798.2,28822,28796.7,28821.2
1784604600,28821.3,28873.3,28815.8,28857.2
1784605500,28857.1,28901,28857.1,28897.6
1784606400,28897.3,28915.1,28882.5,28890.5
1784607300,28890.9,28900.5,28879.6,28888.7
1784608200,28889.3,28899.4,28881.6,28888
1784609100,28888.4,28900.8,28872.5,28880.3
1784610000,28880.6,28884.9,28858.9,28861
1784610900,28861.1,28894,28840.7,28889.8
1784611800,28889.7,28919.9,28863.4,28913.3
1784612700,28912.6,28929.1,28895.7,28922.6
1784613600,28922.3,28963.6,28919.6,28956.3
1784614500,28956.4,28965.4,28932.2,28936.7
1784615400,28936.9,28980.6,28936.8,28980.2
1784616300,28980.4,28981.5,28954.2,28970.1
1784617200,28970.2,28983.9,28942.4,28955.8
1784618100,28955.4,28956,28917.9,28928.1
1784619000,28928.2,28952.2,28913.4,28938.2
1784619900,28938.3,28944.2,28916.7,28943.4
1784620800,28942,28977.3,28930.1,28976.5
1784621700,28976.3,28993.2,28964.6,28993.2
1784622600,28992.9,29001.1,28980.1,28990.5
1784623500,28991.3,28998.1,28975,28990.9
1784624400,28991.5,29005.3,28986.5,28995.1
1784625300,28994.7,29020.5,28990.6,28991.9
1784626200,28991.6,29004.9,28975.7,28988.6
1784627100,28988.1,29010.2,28978.3,28979.5
1784628000,28979,29023,28979,28997.1
1784628900,28997,29010.7,28989.6,28998.7
1784629800,28998.8,29028.8,28990.5,28995.7
1784630700,28995.4,29007.9,28980,28991.4
1784631600,28991.5,29007.8,28958.2,28981
1784632500,28981.5,28982.6,28946,28953.2
1784633400,28953.4,28996.7,28950.9,28991.9
1784634300,28991,29006.9,28970.6,28979
1784635200,28979.4,29018.5,28971,29003.2
1784636100,29002.9,29004.3,28959.3,28959.3
1784637000,28959.5,28967.4,28937.1,28959.1
1784637900,28959,29010.8,28958.7,28998.1
1784638800,28998.7,29008,28981.2,28988.9
1784639700,28988.7,29046.2,28982.6,29046.2
1784640600,29046.1,29069.9,28954.5,28969.5
1784641500,28970,29001.3,28920.4,28978.6
1784642400,28978.1,29014.7,28892.8,28957.6
1784643300,28957.7,29043.5,28896.6,29032.7
1784644200,29032.4,29061,28993.2,29052.6
1784645100,29053.9,29084.1,29037.2,29064.2
1784646000,29065.4,29124.4,29010.8,29118.6
1784646900,29120.4,29148.2,29101.7,29136.9
1784647800,29136.6,29137,29085.8,29089.4
1784648700,29089.6,29129.8,29086.6,29088.7
1784649600,29088.6,29151.2,29083.7,29130.2
1784650500,29130.1,29165.9,29130.1,29141.6
1784651400,29141.5,29163.8,29132.9,29149
1784652300,29149.5,29182.4,29141.9,29162.3
1784653200,29162,29184.7,29161.7,29165.1
1784654100,29164.4,29174.9,29151.4,29161.7
1784655000,29161.5,29181,29157.4,29168.7
1784655900,29169.7,29191.2,29161.4,29170.2
1784656800,29170.6,29190.4,29166,29166
1784657700,29166.1,29173.2,29149.9,29154.3
1784658600,29154,29177.4,29139.2,29176.2
1784659500,29176.7,29184.3,29146,29157.4
1784660400,29157.2,29164.8,29134.8,29140.6
1784661300,29139.4,29149.9,29119,29121.5
1784662200,29122.5,29169.3,29119.3,29166.4
1784663100,29166.8,29179.4,29132.6,29145.6
1784664000,29143.1,29149.7,29117.9,29138.3
1784664900,29135.8,29137.2,29116.6,29125.5
1784665800,29125.2,29135.8,29123.8,29126.2
1784666700,29127,29128.3,29112.1,29120.3
1784667600,29122.6,29154.2,29120.7,29147.5
1784668500,29147.4,29156.8,29145.7,29154.9
1784669400,29154.7,29162,29151.5,29154.5
1784670300,29153.5,29161.6,29149.5,29152.9
1784671200,29140,29143.9,29114.7,29129.8
1784672100,29129.5,29135.8,29097.7,29102.3
1784673000,29102.2,29118.1,29091.4,29104.6
1784673900,29104.3,29110.6,29089.7,29110.2
1784674800,29109.5,29120.9,29096.4,29118.7
1784675700,29119,29138.8,29108.4,29130.5
1784676600,29130.3,29139.6,29109.6,29116.5
1784677500,29116.3,29137.9,29105.3,29131.9
1784678400,29131.4,29170.9,29123.2,29162.4
1784679300,29162.1,29164.6,29125.1,29136.1
1784680200,29136,29141.5,29108.2,29120.9
1784681100,29120.4,29127.5,29096,29123.3
1784682000,29123,29129,29070.8,29091.4
1784682900,29092.4,29105.2,29074.4,29082.8
1784683800,29082.9,29094.6,29069,29090.2
1784684700,29090.5,29139.7,29086.5,29111.2
1784685600,29111.1,29118.5,29074.7,29097.7
1784686500,29097.6,29118.3,29085.9,29112.5
1784687400,29111.7,29113.3,29079.8,29089.2
1784688300,29089.3,29099.1,29065.7,29074.7
1784689200,29074.5,29079.9,29045.8,29049.8
1784690100,29049.6,29095.4,29047.9,29095.4
1784691000,29095.2,29103.2,29053.4,29059.7
1784691900,29060,29077.1,29026.2,29034.7
1784692800,29034.9,29060.2,29024.2,29048.5
1784693700,29048.3,29073.4,29047.4,29069.3
1784694600,29069,29069.3,29043.4,29052.7
1784695500,29053,29058.7,29028,29058
1784696400,29059.4,29061.6,29016.2,29023.3
1784697300,29023,29031.7,28999.7,28999.7
1784698200,28999.5,29019.3,28982.3,28983.7
1784699100,28984.1,29012.1,28975.3,29009.1
1784700000,29008.6,29009.6,28963.2,28969
1784700900,28969.5,28969.5,28896.4,28915.1
1784701800,28915.3,28950.6,28904.7,28937
1784702700,28937.1,28938.7,28899.2,28928.7
1784703600,28929.5,28938.8,28885.2,28932.4
1784704500,28932,28959.7,28920.9,28952.8
1784705400,28951.8,28958.6,28860.1,28899
1784706300,28899.2,28912.8,28876.2,28893.1
1784707200,28893,28940.6,28876.3,28903.8
1784708100,28903.6,28939.5,28899.2,28935.3
1784709000,28935.8,28951.4,28914.4,28920.1
1784709900,28920,28952.2,28920,28946
1784710800,28945.8,28985.8,28941.2,28965.7
1784711700,28965.9,28981.1,28960,28961.9
1784712600,28961.7,28962.6,28931.5,28951.1
1784713500,28950.6,28964.3,28924.6,28961.4
1784714400,28961.3,28994.4,28955.4,28957
1784715300,28957.1,29003.2,28950,28995.8
1784716200,28996.5,29003.6,28969.6,28970.9
1784717100,28970.6,29009.5,28969.5,28988.3
1784718000,28988.5,29001.4,28956.5,28957.8
1784718900,28957.7,28971,28934.8,28936.2
1784719800,28936,28950.2,28853.2,28879
1784720700,28878.8,28914.7,28872.1,28889.9
1784721600,28890.1,28907.7,28860.2,28879.6
1784722500,28880.6,28883.3,28831.5,28862.6
1784723400,28862.4,28903,28862,28891.4
1784724300,28891.5,28891.5,28798.9,28852.9
1784725200,28862.7,28898.1,28858.9,28892.2
1784726100,28892.1,28934.9,28888.7,28923.2
1784727000,28923.5,29021.3,28923.5,29013.1
1784727900,29013.6,29113.8,28989.2,29111.6
1784728800,29112.2,29119.2,29052.7,29070.4
1784729700,29070.6,29105,29032,29053
1784730600,29054.9,29095.6,29007.6,29021.4
1784731500,29020.7,29078.6,29010.2,29075
1784732400,29076.2,29147.5,29076.2,29140.1
1784733300,29140,29176.9,29126.4,29160
1784734200,29159.1,29167.5,29108.5,29122.8
1784735100,29123.3,29166.8,29123.2,29163.2
1784736000,29162.3,29167,29146.7,29162.3
1784736900,29161.7,29167.9,29135.6,29146.3
1784737800,29145.3,29161.3,29118.9,29125.6
1784738700,29125.8,29154.7,29112.1,29143.7
1784739600,29143.6,29164,29136.2,29142.6
1784740500,29143.1,29150.6,29127.9,29138
1784741400,29137.8,29151.9,29114.1,29127
1784742300,29127.7,29130.7,29067.9,29078.2
1784743200,29077.2,29101.8,29058.3,29058.3
1784744100,29056.8,29085.1,29055,29071.7
1784745000,29071.1,29072.1,29040.6,29059.9
1784745900,29059.7,29091.2,29057.7,29078.2
1784746800,29078.4,29089.9,29048,29057.1
1784747700,29057.2,29092.7,29050.1,29086.6
1784748600,29086.8,29088.9,29027.7,29045.2
1784749500,29046.7,29076.9,28990.4,28990.4
1784750400,28990.5,29080,28950.3,29077.2
1784751300,29078.4,29091.1,29036.2,29049.8
1784752200,29048.3,29057.5,29013.4,29016.8
1784753100,29017.1,29043.7,28997.8,29002.1
1784754000,29002.6,29033.3,28973.8,28973.8
1784754900,28973.9,28989.1,28963.2,28978.9
1784755800,28979.1,28981,28925.5,28926.5
1784756700,28927.9,28950.1,28910.6,28950.1
1784757600,28949.5,28975.3,28896.6,28918.1
1784758500,28918.2,28941.9,28904.9,28917.6
1784759400,28917.8,28923.8,28875.9,28880.6
1784760300,28880.7,28918.3,28875.2,28905.7
1784761200,28905.4,28916,28862.2,28896.7
1784762100,28896.6,28901.5,28871,28892.7
1784763000,28892.6,28931.5,28892.6,28930.5
1784763900,28930.3,28978.1,28927,28977.7
1784764800,28977.9,29006,28966.9,29001.5
1784765700,29000.7,29089.2,28990.4,29060.7
1784766600,29060.8,29081.9,29052.1,29067.1
1784767500,29066,29117,29062.8,29089.7
1784768400,29089.8,29105.1,29071.2,29102.4
1784769300,29102.6,29107.2,29067.4,29074.3
1784770200,29075.3,29092.8,29017.1,29017.2
1784771100,29016.6,29050.8,29010.5,29012.4
1784772000,29012.3,29035.7,28982.8,28984.7
1784772900,28984.6,28990.4,28926.5,28940
1784773800,28939.8,28961,28894.6,28904.9
1784774700,28904.8,28932.2,28897.4,28926.8
1784775600,28926.7,28931.7,28865.3,28886.7
1784776500,28886.9,28918.1,28875.6,28917.8
1784777400,28918.2,28952.4,28907.2,28952.4
1784778300,28951.2,28962.4,28936.2,28945.9
1784779200,28945.6,28968.6,28903.4,28968.5
1784780100,28969.1,28996.9,28947,28985.5
1784781000,28985.8,29000.9,28972.3,28974.1
1784781900,28974.3,28992.2,28946,28957.3
1784782800,28958.1,28962.7,28935.2,28953
1784783700,28952.3,29003.9,28933.1,29003.9
1784784600,29004.1,29016.6,28970,28983.8
1784785500,28983.7,28983.7,28912.8,28922.6
1784786400,28922.7,28951.3,28913.1,28932.7
1784787300,28933,28945.7,28913.5,28941.5
1784788200,28942.8,28946.3,28915.5,28916.4
1784789100,28916.6,28954.2,28909.5,28918.8
1784790000,28921.6,28921.6,28788,28830.6
1784790900,28830.9,28874.1,28827.7,28849.4
1784791800,28849.3,28853.4,28771.7,28774.6
1784792700,28774.2,28822.1,28756.3,28821.5
1784793600,28821.9,28877.7,28793.7,28868.2
1784794500,28868.4,28896.1,28852,28883.4
1784795400,28882.2,28897.1,28865.6,28871.3
1784796300,28871,28945.1,28868.8,28936.1
1784797200,28935.7,28972.5,28913.5,28915.5
1784798100,28915.2,28937.7,28911.7,28924.8
1784799000,28924.9,28925.9,28902.3,28909.7
1784799900,28909.5,28921.9,28878.7,28889
1784800800,28889.8,28902.6,28871.9,28877.7
1784801700,28877.9,28899.1,28870.6,28888.8
1784802600,28888.7,28954.9,28882.2,28936.7
1784803500,28936.6,28943.2,28928.3,28936
1784804400,28937.1,28941.3,28869.3,28893
1784805300,28892.9,28907.7,28827,28829.7
1784806200,28830.3,28837.9,28748.3,28759.9
1784807100,28760,28817.5,28748.4,28797.9
1784808000,28797.6,28802.4,28749.7,28751.9
1784808900,28752.1,28773.2,28688.2,28702.1
1784809800,28701.8,28709.9,28604.1,28624
1784810700,28624.1,28640.5,28591.3,28622.9
1784811600,28623,28639.9,28549.4,28560.9
1784812500,28561.1,28564.9,28534.1,28554.8
1784813400,28554.4,28720.7,28491.6,28694.2
1784814300,28694,28704.2,28539.3,28550.8
1784815200,28550,28641.9,28520.9,28548.3
1784816100,28548.2,28622.3,28532.4,28576
1784817000,28574.7,28612.3,28466.9,28486
1784817900,28485.1,28510.4,28417.1,28437.3
1784818800,28438.2,28445,28322.9,28334.2
1784819700,28331.9,28408.3,28288.1,28305.7
1784820600,28306.7,28392.3,28272.7,28335.8
1784821500,28335.7,28430.4,28320.2,28429.8
1784822400,28430.9,28484.6,28415.5,28470.7
1784823300,28470.9,28555.1,28451.4,28546.8
1784824200,28547.1,28579.1,28523.4,28529.5
1784825100,28529.3,28529.3,28449.5,28480.5
1784826000,28479.3,28501.4,28427.2,28481.3
1784826900,28477.5,28515.5,28453.5,28492.8
1784827800,28493,28497.3,28411.2,28434.4
1784828700,28429.5,28469.6,28405.2,28407.5
1784829600,28407.7,28422.5,28383.2,28399.3
1784830500,28399.6,28422.5,28386.2,28414.1
1784831400,28414,28441.1,28384,28388.8
1784832300,28388.9,28415.9,28363.3,28388.9
1784833200,28388.8,28403.2,28338.6,28343.3
1784834100,28343.2,28429.3,28342.1,28417.5
1784835000,28417,28430.4,28338.7,28338.7
1784835900,28340.1,28466.2,28321.8,28444.1
1784836800,28441.9,28577.9,28441.9,28557.1
1784837700,28557,28607.7,28550.3,28601.4
1784838600,28601.9,28614.3,28558.9,28568.3
1784839500,28567.6,28578.8,28558.2,28573.1
1784840400,28573,28595.8,28544.4,28548.6
1784841300,28548.5,28548.5,28523.1,28525.2
1784842200,28525.1,28535.2,28520.1,28530.6
1784843100,28530.8,28554.2,28527,28534.2
1784844000,28539.3,28549.3,28471.5,28483.6
1784844900,28482.7,28517.2,28463.2,28504
1784845800,28504.2,28532.5,28503.6,28523.3
1784846700,28523.1,28571.8,28522.3,28568.3
1784847600,28568.5,28573.3,28529.2,28538.7
1784848500,28538.2,28547.6,28529.6,28540.3
1784849400,28538.7,28542.2,28500.7,28526.9
1784850300,28528.4,28551,28498.4,28519
1784851200,28520.8,28562.5,28457.5,28482.9
1784852100,28483.3,28522.2,28455.6,28484.9
1784853000,28484.4,28514.7,28460.6,28495.6
1784853900,28494.9,28520.6,28467.2,28508.8
1784854800,28508.5,28542.1,28495.9,28503.4
1784855700,28503.3,28531.8,28481.2,28496.8
1784856600,28498.3,28525.2,28486.6,28505.7
1784857500,28505.2,28512.7,28449.4,28455.2
1784858400,28456.5,28472.3,28435,28457.7
1784859300,28458,28463,28426.2,28435.7
1784860200,28435.6,28439,28388.1,28388.5
1784861100,28388.7,28393.7,28357.9,28359.6
1784862000,28359.4,28386.3,28358.4,28379.1
1784862900,28379,28401.3,28361.8,28386
1784863800,28386.2,28396.1,28338.6,28344.3
1784864700,28344.1,28360.3,28321.3,28325
1784865600,28324.7,28355.9,28307.8,28326.9
1784866500,28326.8,28395.8,28323.1,28390.3
1784867400,28389.9,28398.5,28355.2,28373
1784868300,28372.8,28413.2,28361.8,28407
1784869200,28409,28444.4,28390.3,28436.6
1784870100,28436.5,28444.3,28413.3,28426.4
1784871000,28426.7,28438.9,28409.2,28434.5
1784871900,28433.1,28451.3,28386.3,28390.1
1784872800,28390.3,28391.4,28345.7,28353.3
1784873700,28354,28420,28351.3,28379.1
1784874600,28380.1,28405.3,28348.9,28350.1
1784875500,28349.7,28391.3,28323.8,28386.4
1784876400,28386.3,28481.3,28382.7,28479.4
1784877300,28479.7,28507.1,28466.2,28495.3
1784878200,28495.2,28500.8,28452.9,28470.5
1784879100,28470,28478.1,28457,28460
1784880000,28459.2,28463.6,28399.4,28417.7
1784880900,28418,28465.7,28415.5,28465.2
1784881800,28465,28493.8,28455.9,28472.9
1784882700,28472.7,28479,28451.1,28465
1784883600,28467.5,28526,28454.1,28485.4
1784884500,28485.2,28520.7,28474.8,28517.2
1784885400,28517.9,28545.5,28506,28537.2
1784886300,28537.9,28546.2,28523.7,28543
1784887200,28543.6,28548.7,28502.5,28507.8
1784888100,28507.9,28522.1,28497.9,28511.2
1784889000,28511.1,28529.4,28481,28489.9
1784889900,28489.2,28501.2,28475.3,28484.2
1784890800,28483.8,28511.1,28475.2,28500.4
1784891700,28500.2,28506,28479.8,28484.9
1784892600,28484.4,28490.5,28460.9,28460.9
1784893500,28460.7,28542.2,28445.4,28521
1784894400,28519.8,28538.6,28467.9,28533.6
1784895300,28533.3,28537.9,28498.1,28528.4
1784896200,28528.3,28530.8,28469,28472.4
1784897100,28472.7,28479.7,28431.4,28436.3
1784898000,28436.4,28446.2,28416.5,28435
1784898900,28435.3,28459.1,28384.1,28384.4
1784899800,28383.8,28463.7,28302.9,28328.6
1784900700,28328.9,28351.6,28155.1,28166.2
1784901600,28165.9,28291.2,28148.1,28261.3
1784902500,28261.5,28272.4,28141.1,28233.7
1784903400,28234.9,28238.5,28107.6,28129.9
1784904300,28129.6,28302.4,28097,28292.7
1784905200,28292.8,28351.1,28197.7,28336
1784906100,28336.9,28397.9,28298.8,28343.3
1784907000,28342.4,28417.2,28327.5,28347.5
1784907900,28348.1,28423.2,28333.4,28416.8
1784908800,28416.7,28472,28390.1,28416.7
1784909700,28416.8,28432.9,28395.2,28407.6
1784910600,28408.1,28411.3,28336.1,28341
1784911500,28340.4,28352,28302.9,28336.7
1784912400,28335.7,28343,28268.5,28299.5
1784913300,28299.8,28363,28281.8,28356.3
1784914200,28356.9,28384.3,28305.3,28306.7
1784915100,28306.9,28342,28294.9,28307.8
1784916000,28308,28327.5,28262,28268.9
1784916900,28268.8,28270.4,28174.9,28179.2
1784917800,28179.4,28187.8,28100,28117.6
1784918700,28117.3,28167.9,28110.9,28143
1784919600,28142.6,28168,28061.4,28061.7
1784920500,28061.8,28104.8,28053.7,28093.5
1784921400,28093.4,28141.7,28080.2,28116.3
1784922300,28115.1,28132.2,28064.2,28123.1
1784923200,28123.3,28141,28100.1,28130
1784924100,28132.7,28166.9,28131.8,28142.8
1784925000,28141.3,28145.1,28123.9,28143.4
1784925900,28143.7,28152.4,28127.9,28147
1785103200,28480.5,28522.1,28421.1,28454
1785104100,28454.2,28486.5,28437.8,28465.6
1785105000,28465.9,28481.5,28460.5,28467.7
1785105900,28467.6,28475,28446.3,28452.4
1785106800,28453.4,28479.9,28439.9,28473.4
1785107700,28475.7,28477.6,28453.4,28459.8
1785108600,28460,28512.2,28454,28494.6
1785109500,28494.5,28571.5,28479.8,28568.8
1785110400,28568.2,28574.8,28458,28503.1
1785111300,28503,28504.1,28425.3,28457.9
1785112200,28459.6,28496.2,28440.4,28441.2
1785113100,28441.7,28496.5,28438.5,28440.9
1785114000,28440.7,28473.9,28407.5,28416.3
1785114900,28417.3,28424,28373.2,28381.8
1785115800,28381.4,28464.1,28379,28430.4
1785116700,28429.9,28455.3,28413.3,28454.5
1785117600,28454.8,28468.7,28429.8,28450.4
1785118500,28450.2,28492.8,28448.2,28479.5
1785119400,28478.8,28496.4,28448,28487.8
1785120300,28487.7,28498.5,28451.9,28454.6
1785121200,28456,28484.6,28446.3,28484.2
1785122100,28484.1,28491.6,28459.4,28460.5
1785123000,28460.2,28478.9,28441.1,28461.4
1785123900,28461.1,28469.8,28434.5,28453.9
1785124800,28455.9,28466.7,28439.8,28461.2
1785125700,28461.1,28487.5,28449.9,28461
1785126600,28460.8,28494.6,28450.6,28488.5
1785127500,28488.3,28503.7,28479.1,28487.4
1785128400,28487.7,28517,28481.2,28510
1785129300,28509.3,28525.5,28505.2,28521.5
1785130200,28521.4,28544.8,28515.4,28528.3
1785131100,28528.5,28544.7,28522.3,28535.9
1785132000,28536.5,28570.7,28536,28557.6
1785132900,28557.7,28565.2,28535.6,28541.2
1785133800,28541,28555.6,28536.3,28539.3
1785134700,28538.2,28543.3,28522,28536.3
1785135600,28536.5,28571.7,28532.8,28570
1785136500,28570.7,28572.2,28543.8,28546.9
1785137400,28546.7,28548.5,28512.7,28537.3
1785138300,28537.4,28543.1,28503.3,28504.7
1785139200,28504.8,28541.1,28503.7,28534.3
1785140100,28534,28564,28520.4,28561.4
1785141000,28562,28583.8,28544.8,28577.1
1785141900,28577,28590.9,28566.2,28576.9
1785142800,28576.8,28579.6,28561.4,28567.5
1785143700,28567.7,28580.8,28564.3,28567.1
1785144600,28566.8,28589.6,28560.7,28587.5
1785145500,28587.3,28605,28583.3,28588
1785146400,28586.8,28594.2,28568.4,28581
1785147300,28581.2,28590.5,28573,28580
1785148200,28580.2,28591.5,28574.6,28588.8
1785149100,28588.9,28601.1,28580.5,28582.6
1785150000,28582.8,28585.5,28551.4,28554.3
1785150900,28554.6,28563.2,28492.6,28492.6
1785151800,28494.3,28527.7,28488.2,28508.5
1785152700,28508.7,28519.5,28502.4,28515.4
1785153600,28516.1,28540,28476.7,28478.8
1785154500,28478.9,28495.4,28472.5,28490.5
1785155400,28490.6,28512.2,28474.5,28511
1785156300,28511.2,28533.9,28508.2,28532.7
1785157200,28532.3,28542,28491.1,28503.1
1785158100,28504.3,28517.6,28428.9,28431.5
1785159000,28430.9,28457.2,28271.1,28295.2
1785159900,28296.7,28344,28184.4,28189.5
1785160800,28191,28213.2,28073.4,28095
1785161700,28093.6,28140.1,27920.1,27926.1
1785162600,27927,27946.8,27782.1,27801.7
1785163500,27802.5,28024.3,27802.5,28015.5
1785164400,28016.5,28043.2,27966.5,27971.9
1785165300,27970.3,27993.7,27891.7,27917.5
1785166200,27918.7,27926.5,27825,27884.1
1785167100,27883.9,27917.6,27840,27906.9
1785168000,27906.2,27998.5,27901.6,27924.2
1785168900,27924,28046.9,27890.4,27999.3
1785169800,28000.5,28042.5,27960.1,27980.4
1785170700,27981.6,28001.5,27875,27893.9
1785171600,27891.6,27901,27839.9,27880.6
1785172500,27879.8,27887.8,27833,27843.8
1785173400,27844.6,27909.5,27843.6,27881.6
1785174300,27881.4,27951.2,27859.9,27949.9
1785175200,27948.5,27965,27929.8,27948.4
1785176100,27947.5,27951.2,27895.6,27925.5
1785177000,27924.7,27931.5,27864.6,27926.3
1785177900,27926.4,28035.1,27913.7,28031.8
1785178800,28032.9,28076.5,28010.7,28045
1785179700,28044.7,28087.3,28039.9,28087.3
1785180600,28087.8,28097.4,28015.8,28020
1785181500,28020.1,28049.4,28000.4,28036.5
1785182400,28035.3,28063.1,28013.8,28037.1
1785183300,28036.8,28039,28018.4,28038.9
1785184200,28039.1,28074.2,28036,28052.6
1785185100,28053.6,28056,28031.6,28049.6
1785186000,28049.7,28067.9,28042.5,28067.2
1785186900,28067,28078.3,28065.1,28066.4
1785187800,28066.5,28070.8,28064.2,28068.7
1785188700,28068.8,28075.4,28061.7,28062.9
1785189600,28061.1,28074.4,28003.1,28007.3
1785190500,28007.4,28016.8,27974,27978
1785191400,27978.1,28003,27972.1,27982.2
1785192300,27983.3,27996.5,27973.1,27981.1
1785193200,27981.4,28000.7,27955.1,27978.2
1785194100,27978.6,28011.2,27965.2,28009.1
1785195000,28009.5,28009.5,27977.7,27980.8
1785195900,27980.4,28024.8,27969.4,28012.5
1785196800,28014.9,28041.9,27942.5,27959.4
1785197700,27959.8,27979.4,27918,27951
1785198600,27952,27986.6,27907.1,27968.7
1785199500,27969,27969.3,27904.2,27920.6
1785200400,27925.2,27925.9,27815.7,27842.2
1785201300,27842.1,27926.3,27834.4,27905.6
1785202200,27905.5,27945.7,27893.9,27928.3
1785203100,27928.2,27943.5,27855.2,27870.1
1785204000,27872.8,27873.2,27832.3,27848
1785204900,27847.5,27883.4,27825.4,27840.3
1785205800,27840.2,27841.3,27804,27822.7
1785206700,27822.5,27859.9,27807.4,27843.5
1785207600,27844.5,27849.9,27784.6,27820.8
1785208500,27821.2,27898,27817.4,27836.9
1785209400,27835.6,27915.7,27804.4,27909.5
1785210300,27910.9,27923.7,27877.4,27900.1
1785211200,27899.8,27900.6,27829.8,27838.2
1785212100,27838,27869.1,27822,27826.3
1785213000,27826.4,27836.1,27814,27828.3
1785213900,27827.8,27856.1,27802,27809.1
1785214800,27810.5,27836,27793.5,27799.4
1785215700,27799.5,27809.3,27765.9,27772.8
1785216600,27772.5,27776.8,27728.1,27750.4
1785217500,27750.6,27776.9,27723,27733.5
1785218400,27733,27754.2,27692.1,27697.8
1785219300,27698.8,27758,27697.9,27754.3
1785220200,27755.1,27789.1,27742.9,27770.4
1785221100,27770.5,27809,27753.5,27797
1785222000,27797.2,27832.6,27785.4,27824.9
1785222900,27825.4,27840.2,27789.7,27795.9
1785223800,27795.8,27813.9,27778.3,27792.5
1785224700,27792.4,27806.2,27761.4,27786.5
1785225600,27786.9,27800.9,27733.2,27742.3
1785226500,27742.5,27860,27737.6,27855.2
1785227400,27858.1,27898.6,27826,27888.2
1785228300,27888.3,27902.8,27837.4,27847.1
1785229200,27846.7,27866.9,27832.9,27841.8
1785230100,27841.6,27868.2,27835.8,27866
1785231000,27866.6,27866.6,27818.3,27825.4
1785231900,27826,27834,27793.5,27809.6
1785232800,27809.5,27817.9,27799,27805.5
1785233700,27805.4,27822.5,27784.2,27821.1
1785234600,27821,27831.6,27756.9,27783.5
1785235500,27783.6,27804.1,27777.6,27795.9
1785236400,27796.6,27804.7,27716.3,27722.1
1785237300,27721.4,27809.9,27721.2,27736.1
1785238200,27735.9,27779,27700.8,27727.8
1785239100,27713.1,27824.3,27713,27814.7
1785240000,27814.4,27853.1,27801.7,27814.9
1785240900,27815,27870.7,27799.3,27860.2
1785241800,27860.3,27880,27808.1,27863
1785242700,27862.7,27884.6,27830.3,27846.2
1785243600,27845.9,27879,27824.8,27852.6
1785244500,27853.1,27880.4,27789,27806.3
1785245400,27803.3,27842.6,27581.5,27601.6
1785246300,27600.2,27649.3,27495.8,27516.5
1785247200,27516.4,27644.1,27461.5,27483.4
1785248100,27482.3,27568.4,27455.8,27557.8
1785249000,27558,27643.5,27521.9,27624.6
1785249900,27623.5,27741.4,27597.6,27653.8
1785250800,27654.1,27732.8,27619.6,27704.8
1785251700,27704.9,27860.8,27689.7,27817
1785252600,27814.7,27883,27799.2,27879.3
1785253500,27879.1,27911.4,27861.2,27897.3
1785254400,27896.4,27917,27845.5,27856.3
1785255300,27856.1,27893,27834.6,27842.6
1785256200,27842.8,27889.1,27801.2,27878.6
1785257100,27878.3,27924.8,27839.2,27903
1785258000,27902.2,27910.9,27815.6,27834.7
1785258900,27834,27893.1,27818.4,27844.5
1785259800,27845.1,27891.3,27798.1,27801.7
1785260700,27801.9,27832.8,27772.6,27820.5
1785261600,27820.8,27847.2,27762.5,27764.3
1785262500,27764.4,27794.2,27761.5,27774
1785263400,27774.8,27811.1,27769.3,27786
1785264300,27785.7,27826.2,27776.9,27819.9
1785265200,27820,27868.2,27819.6,27834.1
1785266100,27833.6,27869.5,27812.4,27866.2
1785267000,27866.8,27872.9,27791.9,27805.7
1785267900,27804.7,27837.7,27764.6,27773.1
1785268800,27773.8,27818.8,27733.9,27769.6
1785269700,27771.3,27842.3,27761.6,27828
1785270600,27827.8,27834.7,27789.2,27800.1
1785271500,27800.3,27813.2,27787.2,27811.3
1785272400,27809.6,27829.3,27803,27829.3
1785273300,27830.5,27830.5,27804.2,27810
1785274200,27814.7,27842,27813.9,27838.7
1785275100,27838.8,27847.1,27829.1,27830.6
1785276000,27815.7,27866.6,27815.7,27826.5
1785276900,27826.8,27832.7,27762.3,27796.2
1785277800,27793.2,27796.2,27709.7,27716.6
1785278700,27716.2,27717.7,27612.5,27612.6
1785279600,27612.8,27712.8,27589.4,27695.4
1785280500,27696.3,27745.2,27664.4,27745.2
1785281400,27744.2,27877.4,27737.9,27869.4
1785282300,27866.2,27957.3,27844.4,27955.4
1785283200,27955.3,28028.3,27930.4,27996.2
1785284100,27995,28011,27905.9,27930.9
1785285000,27930.5,27936.1,27871.8,27922
1785285900,27921.9,27938.6,27854.4,27865.7
1785286800,27866,27896.6,27764.8,27776.1
1785287700,27775,27851.7,27751.5,27826
1785288600,27824.4,27836.1,27731.9,27732.2
1785289500,27732.1,27746.9,27638.9,27642.3
1785290400,27642.1,27724.4,27625.9,27698.5
1785291300,27697.3,27749.3,27650.1,27748.8
1785292200,27749,27766.2,27713.8,27741.4
1785293100,27741.1,27744.4,27678.7,27694.8
1785294000,27694.2,27735,27644,27685.2
1785294900,27686,27695.6,27629.6,27631.3
1785295800,27631.6,27646.2,27598.2,27627.4
1785296700,27628,27641.7,27556.1,27572.5
1785297600,27572.6,27578.3,27532,27546.8
1785298500,27546,27568.1,27503.9,27539.2
1785299400,27538.4,27573.2,27502.4,27502.7
1785300300,27504,27612.7,27494,27612.1
1785301200,27617.7,27689.1,27589.3,27687.8
1785302100,27688,27688.3,27626.3,27666.8
1785303000,27668.9,27706.4,27640.9,27680.7
1785303900,27683.5,27697.8,27643.7,27647.8
1785304800,27650.1,27653.2,27590.2,27618.2
1785305700,27619.5,27666.5,27609.5,27664.6
1785306600,27664.7,27767.8,27664.7,27762.3
1785307500,27761.3,27796.5,27747.4,27782.6
1785308400,27783.7,27799.8,27750.9,27777.8
1785309300,27777.4,27807,27758.8,27800.2
1785310200,27799.9,27815.3,27775.7,27776.2
1785311100,27777.2,27778.1,27745.1,27761.9
1785312000,27761.7,27777.8,27712.5,27714.3
1785312900,27713.7,27738.9,27674.7,27695
1785313800,27695.9,27783.8,27685.5,27779.2
1785314700,27778.9,27794.2,27751.4,27758.4
1785315600,27758.1,27831.7,27755.8,27830.5
1785316500,27830.6,27839.1,27804.7,27831.2
1785317400,27831.7,27865.1,27810.3,27852.3
1785318300,27853.1,27914.7,27852.8,27871.7
1785319200,27872.7,27899,27857.1,27862.8
1785320100,27863.1,27877.8,27839.8,27869.6
1785321000,27869.4,27877.3,27808.3,27823
1785321900,27823.2,27825.4,27786.6,27803.4
1785322800,27800.4,27857.8,27788.1,27847.4
1785323700,27847.2,27876.7,27836.3,27852.6
1785324600,27853.3,27862.6,27814.2,27821
1785325500,27820.8,27856.5,27810.6,27856
1785326400,27855.8,27861,27789.4,27796.1
1785327300,27796.4,27802.9,27706.2,27724.4
1785328200,27722.7,27773,27698.2,27766.2
1785329100,27767.2,27785.2,27757,27762.4
1785330000,27763.6,27770.5,27723.4,27728.1
1785330900,27727.5,27793.6,27711.9,27770.3
1785331800,27770,27849.1,27691.8,27772
1785332700,27769,27800.7,27523.6,27589.6
1785333600,27588.6,27678.8,27489.7,27502
1785334500,27502.1,27550,27395.4,27427.9
1785335400,27428,27507.7,27367,27394.6
1785336300,27394.8,27470.4,27375.5,27455.9
1785337200,27456.5,27511.8,27424.3,27435.6
1785338100,27435.8,27481,27403.6,27410.6
1785339000,27410.5,27450.9,27374.7,27390.8
1785339900,27390.9,27419.7,27318.9,27371
1785340800,27371.3,27394.4,27273.4,27273.4
1785341700,27273.3,27410.2,27262.9,27405.3
1785342600,27405.1,27437.8,27339.7,27358.8
1785343500,27358.6,27456,27344.8,27455.9
1785344400,27455.6,27590.5,27448.2,27588.3
1785345300,27588.8,27603.4,27505.8,27505.8
1785346200,27504.2,27546,27482.7,27533.6
1785347100,27533.8,27580.4,27509.2,27571.5
1785348000,27574.6,27740.8,27574.6,27653.3
1785348900,27654.7,27696.8,27584.6,27631
1785349800,27629.2,27841.4,27564.6,27830.6
1785350700,27829.5,27952.5,27815.7,27912.9
1785351600,27911.5,27953.8,27696,27761.5
1785352500,27761.2,27791,27497.1,27563.4
1785353400,27565.7,27598,27314.9,27327.8
1785354300,27330.2,27363.8,27174.4,27191.6
1785355200,27204.8,27219.1,27062.6,27157.6
1785356100,27157.1,27192.5,27064.1,27096.7
1785357000,27096.9,27187,27063.6,27168
1785357900,27168.1,27176.9,27110.4,27118.2
1785358800,27122.6,27126.6,27085.5,27090.8
1785359700,27090.7,27109.2,27080.3,27098.8
1785360600,27098.6,27101.2,27007,27010.9
1785361500,27010.5,27061.8,26982.6,27060.1
1785362400,27060.2,27346.1,27060.2,27292.8
1785363300,27293,27341.2,27254.6,27294
1785364200,27293.5,27322.6,27272.4,27316.1
1785365100,27316.4,27336.4,27278.6,27309.5
1785366000,27309.4,27382.5,27305.5,27336.7
1785366900,27337.3,27398.1,27327.9,27391.2
1785367800,27391.6,27417.6,27358.9,27379.7
1785368700,27379.6,27412.5,27354.6,27381.2
1785369600,27379.8,27465.7,27329.5,27437.1
1785370500,27436.2,27461,27407.4,27449.8
1785371400,27451.5,27466.8,27346.1,27365.3
1785372300,27365.6,27405.6,27349.3,27403.8
1785373200,27405.6,27514.8,27394,27427.3
1785374100,27428.3,27506.7,27421.5,27496.3
1785375000,27496.2,27551.1,27493.5,27534
1785375900,27534.8,27553.7,27505,27508
1785376800,27509.6,27546.2,27487.6,27493.6
1785377700,27493.1,27509.6,27461.4,27469.7
1785378600,27469.9,27469.9,27418.8,27468.1
1785379500,27467.7,27488.3,27396.6,27400
1785380400,27400.4,27433.8,27345.5,27357
1785381300,27357.3,27382.2,27329.2,27375.3
1785382200,27375.2,27416.7,27338.6,27387
1785383100,27389.1,27421.8,27375.5,27390.3
1785384000,27392.6,27403.4,27340.4,27342.5
1785384900,27342.7,27400,27317.6,27393.2
1785385800,27393.1,27400.7,27320.1,27329.6
1785386700,27329.5,27370.7,27293.6,27305.7
1785387600,27305.5,27316.9,27278.1,27316.9
1785388500,27316.7,27357.6,27310.1,27336.4
1785389400,27335.6,27385.8,27322.3,27378.9
1785390300,27379.9,27405.5,27321.3,27346.9
1785391200,27347,27365.8,27316,27325.8
1785392100,27326,27355.8,27304.3,27340.2
1785393000,27342,27342.2,27291.1,27292.8
1785393900,27292.5,27322.3,27275.3,27294.4
1785394800,27293.2,27378.9,27274.6,27335
1785395700,27336.4,27342.4,27255.3,27267.8
1785396600,27268,27306.8,27210.8,27290.9
1785397500,27291,27301.5,27248.5,27253.7
1785398400,27255,27313.4,27196,27294.9
1785399300,27294.7,27379.1,27281.9,27365.9
1785400200,27365.6,27385.5,27345.5,27353.6
1785401100,27352.8,27369.6,27319,27342.1
1785402000,27341.5,27413.6,27327.7,27394.3
1785402900,27395.3,27433.4,27385,27410.9
1785403800,27410.4,27444.9,27395.7,27402.8
1785404700,27402.9,27413.7,27372.7,27375.6
1785405600,27375.5,27422.3,27347,27400.4
1785406500,27400.3,27486.4,27397.4,27474.3
1785407400,27473.3,27504.3,27463.6,27488.6
1785408300,27488.2,27506.7,27468.7,27475.4
1785409200,27474.8,27545.3,27471.2,27523.2
1785410100,27523.7,27578.8,27518,27571.6
1785411000,27571.9,27584.6,27530.6,27559.2
1785411900,27559.4,27602.6,27558.5,27581.4
1785412800,27581.1,27621.9,27554.5,27617.9
1785413700,27617.8,27622.8,27571.5,27597.9
1785414600,27597.5,27662.5,27572.9,27633.8
1785415500,27633.3,27677,27620.9,27663.2
1785416400,27664.2,27732.7,27652.2,27699.7
1785417300,27699.5,27740.9,27689.4,27736.4
1785418200,27735.5,27854,27671.2,27837.7
1785419100,27836.7,28019,27832.9,28015.7
1785420000,28013.2,28053.3,27937.8,27977.2
1785420900,27977.3,28105.3,27947.4,28093
1785421800,28094.1,28113.2,28028.3,28041.9
1785422700,28042.9,28062.1,27890.9,27937.1
1785423600,27938.1,28002.8,27880,27894.4
1785424500,27894.6,27968.6,27866.6,27880
1785425400,27879.4,27976.9,27871,27957.2
1785426300,27958.7,28001.4,27917.2,27947.1
1785427200,27946.7,28060.1,27927.8,28056
1785428100,28055.7,28061.9,28011.4,28014.8
1785429000,28015.5,28021.3,27926.4,27939.6
1785429900,27939.4,28006.9,27937.2,27998
1785430800,27997.7,28054.3,27997.3,28030.2
1785431700,28029.5,28077.9,28027.7,28040.1
1785432600,28040,28068.9,28011.4,28058.8
1785433500,28058.3,28077.7,28035.9,28048.1
1785434400,28047.5,28074,28038.1,28069.1
1785435300,28069.3,28073.7,28032.7,28054
1785436200,28054.4,28070.5,28019.4,28038.7
1785437100,28038.8,28059.8,28025.6,28050.7
1785438000,28050.6,28164.2,28050.6,28145.4
1785438900,28145.6,28168.3,28112.9,28114.4
1785439800,28115.2,28129.3,28091.4,28103.6
1785440700,28103.5,28134.6,28077.1,28097.4
1785441600,28101.7,28230.2,28080.9,28199.2
1785442500,28198.8,28243.1,28197.1,28240.9
1785443400,28241.3,28275.6,28187.4,28234.2
1785444300,28234.7,28236.2,28198.7,28205.5
1785445200,28205.1,28206.6,28188.4,28203.4
1785446100,28204.3,28246.8,28198.4,28208.2
1785447000,28208.1,28240.9,28196.2,28237.9
1785447900,28240.7,28267.5,28201,28209.6
1785448800,28193.4,28288.5,28187.4,28262.2
1785449700,28262.4,28283.2,28227.3,28231.8
1785450600,28231.2,28281,28207.5,28278.9
1785451500,28278.8,28287.5,28268.7,28269.7
1785452400,28270.6,28301.5,28254.6,28261.7
1785453300,28262,28270,28240.7,28255.5
1785454200,28255.7,28294,28239.4,28281.6
1785455100,28281.9,28323.7,28269.6,28299.3
1785456000,28300,28353.9,28274.9,28343.7
1785456900,28343.2,28366,28326.1,28360.3
1785457800,28359.1,28386.4,28358.8,28374.9
1785458700,28374.7,28401.7,28345.8,28397.7
1785459600,28397.8,28445,28397.8,28438
1785460500,28438.3,28448.9,28421,28426.1
1785461400,28425.5,28436.4,28366.3,28373.4
1785462300,28373.8,28377.9,28333.8,28353.7
1785463200,28352.9,28376.3,28310.6,28315.6
1785464100,28315.7,28316.2,28277.7,28298.4
1785465000,28298.3,28310.2,28266.5,28297.8
1785465900,28298.3,28315.8,28276.2,28307.6
1785466800,28307.9,28311.1,28273.5,28294.4
1785467700,28294.3,28352.7,28294.1,28340.5
1785468600,28341.9,28355.2,28328.3,28340.5
1785469500,28337.7,28348.7,28304.1,28334.1
1785470400,28333.9,28342.6,28298.5,28339.7
1785471300,28339.8,28389,28328.2,28388.5
1785472200,28388.8,28430.3,28383.6,28428.2
1785473100,28428.1,28433.7,28411.1,28425.2
1785474000,28426.2,28445.2,28414.7,28433.9
1785474900,28434,28456.8,28428.8,28450.2
1785475800,28449.9,28463.9,28416.4,28427.3
1785476700,28427.4,28467.5,28426.7,28463.3
1785477600,28462.7,28487.1,28452.3,28484.1
1785478500,28484.2,28488.7,28456.4,28465.5
1785479400,28465,28470,28334.3,28359.7
1785480300,28360.2,28387.1,28327.6,28362.2
1785481200,28360.9,28420.7,28332.5,28412.8
1785482100,28412.5,28450.6,28382.6,28423.2
1785483000,28423.4,28451.1,28411.4,28441.4
1785483900,28441.6,28460.5,28418.8,28450.6
1785484800,28449.6,28468.1,28400.9,28455.1
1785485700,28455,28483.3,28441.5,28474
1785486600,28473.7,28485.9,28439.6,28445.1
1785487500,28445.7,28483.2,28439.4,28479.9
1785488400,28479.4,28517.5,28473.7,28504.1
1785489300,28504.2,28506.3,28460.3,28466.9
1785490200,28463.8,28469.4,28411.8,28430.5
1785491100,28430.6,28447.3,28407.4,28408.8
1785492000,28409.3,28442.6,28396,28432.4
1785492900,28431,28456.7,28423.9,28450.1
1785493800,28450.2,28460.6,28437.7,28453.7
1785494700,28453.8,28465.7,28429.2,28442.7
1785495600,28442.9,28502,28440.7,28471.5
1785496500,28471.2,28475,28427.5,28430.1
1785497400,28431.1,28436.7,28400.9,28415
1785498300,28416.3,28437.7,28409.7,28430
1785499200,28430.6,28431.1,28355.5,28358.6
1785500100,28358.2,28382.8,28327,28372.9
1785501000,28373.2,28379.9,28308,28329.2
1785501900,28327.7,28366.8,28314.1,28345.5
1785502800,28346,28406.9,28333.5,28405.2
1785503700,28411,28458.5,28405.8,28453
1785504600,28453.6,28602.6,28293.3,28295
1785505500,28295.8,28347.6,28172.6,28233.7
1785506400,28233.6,28265.5,27979.2,28014.7
1785507300,28014.9,28131.3,27957.2,28123.6
1785508200,28122.8,28170.6,28085.5,28143.9
1785509100,28144.2,28220.3,28113.2,28184.3
1785510000,28184.7,28218.7,28094.2,28147.5
1785510900,28147.4,28215.6,27997.6,28026.2
1785511800,28024.9,28133.1,27989.6,28084.7
1785512700,28085.7,28167.5,28038.2,28147
1785513600,28147.1,28182.4,28118,28174.1
1785514500,28174.2,28237.6,28130.2,28237.6
1785515400,28238.2,28263,28190.2,28197.6
1785516300,28197.7,28264.7,28184,28243.3
1785517200,28243.4,28286.9,28235.3,28278.2
1785518100,28278.1,28352.9,28272.3,28337.3
1785519000,28338.1,28377.1,28320.8,28332.8
1785519900,28333.4,28353.6,28294,28305.8
1785520800,28304.6,28336.8,28272,28280
1785521700,28279.5,28322.8,28274.2,28296.7
1785522600,28297.9,28323.4,28292.1,28308.3
1785523500,28307.9,28338.8,28292.7,28310.5
1785524400,28311.2,28334.7,28283.1,28309
1785525300,28310.5,28375.1,28304.8,28352.8
1785526200,28353.3,28359.8,28311.4,28353.6
1785527100,28356.4,28398.8,28262.2,28277.4
1785528000,28280.7,28309.2,28217.9,28268
1785528900,28268.5,28269,28239.5,28249.9
1785529800,28247.4,28271.6,28231.5,28256.6
1785530700,28255.4,28263.6,28146.5,28167.3
1785708000,28436,28520.9,28436,28501.2
1785708900,28502,28509.7,28461.2,28492.8
1785709800,28492.7,28500.8,28472.8,28479.1
1785710700,28477.7,28483.1,28437.7,28447.6
1785711600,28447.5,28468.6,28422.7,28434.2
1785712500,28434.3,28474.7,28432,28461.5
1785713400,28464.3,28485.9,28451.6,28482
1785714300,28481.9,28516.7,28452,28489.6
1785715200,28488.4,28491.7,28434.9,28487.1
1785716100,28487.2,28506.5,28414.9,28434.6
1785717000,28433.2,28487.4,28422.3,28460.8
1785717900,28459.8,28502.8,28452.3,28499.1
1785718800,28500.3,28511.7,28463.8,28469.5
1785719700,28470,28492.8,28444.4,28485.3
1785720600,28485.2,28507,28458.1,28506.5
1785721500,28506.7,28528.4,28495.5,28521.5
1785722400,28523.9,28544.9,28509.3,28540.2
1785723300,28540,28557.2,28513.3,28519.1
1785724200,28519.4,28546.3,28514.5,28523.2
1785725100,28523.1,28543,28517.6,28538.1
1785726000,28538.8,28553.5,28534.5,28540.6
1785726900,28541.2,28552.8,28519.1,28524.2
1785727800,28525.3,28551.5,28517.9,28549.5
1785728700,28549.4,28576.8,28543.2,28549.7
1785729600,28549.8,28551.4,28529.9,28540.9
1785730500,28541,28567.9,28540.2,28560.4
1785731400,28560.5,28564.8,28545.6,28552.8
1785732300,28552.4,28564.9,28525.8,28528.6
1785733200,28528.5,28545,28511.2,28516.8
1785734100,28516.3,28525.8,28500.9,28515.2
1785735000,28515.5,28527.2,28506.8,28513.1
1785735900,28512.9,28523,28495.6,28518.6
1785736800,28519.1,28540.5,28509.6,28520.3
1785737700,28520.2,28529.2,28496.3,28503.8
1785738600,28505,28524.9,28491.1,28493.5
1785739500,28489,28497.4,28456,28473
1785740400,28474.4,28513.3,28442.3,28498
1785741300,28498.9,28510,28446.7,28482.9
1785742200,28482.8,28493.6,28439.4,28443
1785743100,28442.7,28468.4,28435.7,28467.4
1785744000,28465.1,28470.4,28398.7,28440.8
1785744900,28440.7,28442.3,28352.3,28366.6
1785745800,28367.8,28434.3,28350.3,28415.4
1785746700,28415.8,28473.6,28405.2,28471.3
1785747600,28471.6,28480.2,28421.8,28436.5
1785748500,28437.3,28461.4,28425.6,28436.4
1785749400,28435.7,28455,28421.1,28421.8
1785750300,28422.1,28441.9,28398.5,28438.6
1785751200,28438.4,28444.4,28403.4,28403.8
1785752100,28403.9,28420,28368.3,28387.5
1785753000,28387.8,28411.2,28369.7,28405
1785753900,28403.7,28424.3,28394,28419.8
1785754800,28420.1,28425.9,28345,28367.2
1785755700,28367.3,28392.1,28348.9,28349
1785756600,28348.5,28391.4,28329.1,28353.4
1785757500,28353.3,28354.6,28282.8,28298.6
1785758400,28299,28315.2,28261.7,28314.8
1785759300,28314.7,28340.3,28299,28328.9
1785760200,28329.1,28366.7,28315.8,28366.7
1785761100,28366.6,28368.7,28319.6,28338.4
1785762000,28339.4,28356.4,28318,28339.3
1785762900,28339.1,28371.2,28275.4,28298.7
1785763800,28298.6,28416.8,28192.9,28369.7
1785764700,28370,28506.3,28322.9,28504.4
1785765600,28493,28504.8,28409.4,28449
1785766500,28449.1,28562.4,28438,28555.3
1785767400,28557.8,28614.7,28541.7,28586.2
1785768300,28586.5,28683,28581.6,28680.4
1785769200,28678.6,28679.2,28625.3,28634.5
1785770100,28634.2,28673.2,28598.1,28607.7
1785771000,28608.5,28664.5,28607.8,28658.3
1785771900,28658.5,28690.1,28653.6,28669.1
1785772800,28668.7,28698,28668.1,28693.4
1785773700,28692.9,28725.5,28691.1,28714
1785774600,28714.7,28722.5,28690.8,28713
1785775500,28713.1,28722.2,28697.9,28699.9
1785776400,28699,28741.1,28690.7,28735.1
1785777300,28735.3,28767.2,28733.2,28762.5
1785778200,28763.9,28772.9,28753.6,28764.2
1785779100,28764.3,28802.2,28763.6,28797.6
1785780000,28797.8,28843.6,28797.7,28818.5
1785780900,28818.6,28838.6,28769.4,28771.5
1785781800,28770.6,28791.8,28760.8,28791
1785782700,28790.7,28804.6,28771.6,28786.3
1785783600,28787.2,28823.4,28775.4,28778.4
1785784500,28778.3,28804.4,28777.9,28792.1
1785785400,28793.2,28806.7,28780.6,28794.9
1785786300,28795.4,28815.2,28747.1,28779.7
1785787200,28780.3,28797.3,28759.4,28790.5
1785788100,28790.8,28821.3,28790.8,28795.6
1785789000,28795.1,28811.7,28791.5,28809.7
1785789900,28809.9,28811.4,28796.3,28806.6
1785790800,28806.4,28806.5,28792.6,28798.9
1785791700,28800.8,28808.6,28798.8,28806.5
1785792600,28806.1,28807.9,28800.3,28806.6
1785793500,28806.5,28816.8,28806,28810.9
1785794400,28813.9,28833.4,28804.5,28813.5
1785795300,28813.6,28831.7,28813.4,28825.6
1785796200,28825.7,28846.7,28817.2,28841.4
1785797100,28841,28841.8,28825.9,28829
1785798000,28829.3,28831.8,28813.8,28821.6
1785798900,28821.2,28840.7,28820.5,28831.3
1785799800,28831.4,28842,28819.2,28823
1785800700,28822.9,28856.6,28821.8,28855.8
1785801600,28855.7,28858.7,28810.4,28815
1785802500,28814.8,28817.9,28784.8,28790.3
1785803400,28789.2,28789.7,28748.3,28775
1785804300,28775.3,28792.7,28753.7,28761.8
1785805200,28760.9,28760.9,28715.4,28745.2
1785806100,28745.5,28787,28735.5,28785.2
1785807000,28785.4,28827.3,28782.5,28826.5
1785807900,28826.8,28932.6,28826.8,28923.7
1785808800,28923.8,28929.6,28853,28855.9
1785809700,28855.4,28861.4,28828.3,28834.6
1785810600,28834.2,28877.9,28833.6,28869.1
1785811500,28869.9,28875.7,28843.7,28855.6
1785812400,28854.3,28874.2,28816.4,28826.7
1785813300,28826.9,28868.2,28816.9,28855.4
1785814200,28860.5,28887.6,28840.9,28851.7
1785815100,28851.2,28888,28841.8,28877.7
1785816000,28877.9,28888.8,28852,28860.2
1785816900,28860.3,28900.4,28857.8,28889.8
1785817800,28890,28897.5,28878.8,28882.9
1785818700,28882.8,28906.5,28877.2,28898.8
1785819600,28898.9,28904,28861,28871.9
1785820500,28871.8,28913.5,28866.9,28908.4
1785821400,28908.7,28958.5,28907.3,28940.2
1785822300,28940.3,28959.1,28926,28955.5
1785823200,28956.4,28974.8,28950.1,28973.3
1785824100,28973.2,28981.7,28959.2,28964.9
1785825000,28962.5,28972.1,28926.3,28939.8
1785825900,28940.5,28958.4,28935.9,28957.5
1785826800,28958.5,28984.9,28921.1,28954.3
1785827700,28954.4,28992.5,28946,28982.7
1785828600,28982.2,29001.7,28957.1,28964.9
1785829500,28964.8,28993.4,28949.5,28956.4
1785830400,28956.3,29007.7,28951.4,28992.7
1785831300,28992.3,29015,28981.9,28994.6
1785832200,28995.1,28995.3,28942.8,28953.3
1785833100,28953.6,28961.9,28922.1,28951.3
1785834000,28951,28953.7,28895.9,28917.1
1785834900,28917.8,28930.2,28890.1,28929.2
1785835800,28929.4,28965.5,28926.1,28960.7
1785836700,28960.9,28970.4,28942.3,28959.9
1785837600,28960.1,28995.7,28950.9,28989.4
1785838500,28989.6,28997.7,28969.2,28979.3
1785839400,28981,29015.3,28958.2,29004
1785840300,29004.1,29026.7,28987.4,29000.9
1785841200,28999.7,29031.6,28999.7,29027
1785842100,29026.9,29055,29023.4,29055
1785843000,29055.2,29094.7,29033.5,29088.7
1785843900,29087.8,29127.9,29073.2,29119.8
1785844800,29119.5,29120.2,29086,29090.9
1785845700,29091,29117.4,29087.2,29104.1
1785846600,29104.3,29108.4,29084.1,29102.8
1785847500,29102.9,29105.5,29071.1,29086
1785848400,29086.4,29119.4,29073.6,29115.1
1785849300,29115.4,29163.3,29102.6,29119
1785850200,29119.1,29335.5,29093.2,29295.4
1785851100,29295,29386,29294.7,29342
1785852000,29344.3,29420.8,29309.9,29418
1785852900,29418.2,29441.8,29363.7,29437.5
1785853800,29437.1,29449.7,29395.5,29432.8
1785854700,29433.3,29439.4,29403,29427.5
1785855600,29427.6,29504.1,29424.3,29498.5
1785856500,29498.1,29542.2,29492.3,29517.8
1785857400,29517.9,29560.8,29501.2,29555.2
1785858300,29556.8,29576.3,29546.8,29551.6
1785859200,29551.5,29578.2,29541.7,29555.4
1785860100,29555.7,29600.6,29554.2,29586.1
1785861000,29586.5,29612,29576.1,29606.6
1785861900,29606.4,29625.7,29606.4,29623.4
1785862800,29622.9,29678.6,29620.5,29675.7
1785863700,29675.9,29704.7,29659.2,29697.2
1785864600,29697.4,29743.6,29681.7,29743.1
1785865500,29744.1,29776.1,29711.5,29712.6
1785866400,29712.5,29736.6,29687.2,29735.8
1785867300,29735.7,29755.3,29732.3,29754
1785868200,29756.1,29770.8,29718.9,29732.4
1785869100,29732.5,29773.1,29732.5,29757.7
1785870000,29758,29811.3,29755.8,29803.6
1785870900,29803.5,29821.5,29765.9,29777.8
1785871800,29777.1,29826.1,29765.7,29823.5
1785872700,29824.2,29831.8,29723.8,29747.6
1785873600,29748.9,29826.5,29729.8,29792
1785874500,29790,29790,29639.1,29668.3
1785875400,29667.1,29693.5,29642.6,29675.8
1785876300,29674.5,29702,29664.1,29697.2
1785877200,29696.8,29718.7,29670.1,29684.9
1785878100,29684.7,29699.1,29674.4,29679.4
1785879000,29680.1,29690.8,29680.1,29686.7
1785879900,29687.1,29687.9,29657.7,29664.4
1785880800,29661.3,29716.9,29658.7,29713.5
1785881700,29712.4,29724.6,29691.9,29712.1
1785882600,29712.2,29721.9,29676.1,29680.8
1785883500,29680.6,29706.5,29674.5,29704.7
1785884400,29704.8,29724.5,29688.3,29717.6
1785885300,29717.3,29726,29696.5,29705
1785886200,29704.8,29724.2,29684,29723.4
1785887100,29723.5,29737.2,29707.9,29714.6
1785888000,29713.8,29741,29698.7,29735.6
1785888900,29735.7,29743.6,29712.6,29740.7
1785889800,29740.9,29756.9,29717.6,29719.6
1785890700,29719.2,29739.9,29691.6,29728.3
1785891600,29728.7,29741.9,29697.4,29719.4
1785892500,29718.8,29721.5,29678,29697.6
1785893400,29697.7,29724.8,29689.8,29711.8
1785894300,29712.2,29761.1,29712.2,29748
1785895200,29748.5,29768.7,29745.1,29748.6
1785896100,29749.4,29755.9,29729.2,29733.6
1785897000,29734.6,29742.4,29720.4,29738.1
1785897900,29738,29754.9,29734.5,29739.1
1785898800,29739.2,29770.5,29735.1,29765.1
1785899700,29764.8,29772.7,29742.7,29742.7
1785900600,29742.8,29771.7,29738.9,29765.6
1785901500,29765.3,29774.4,29748.1,29770.4
1785902400,29769.9,29779,29761.4,29763.7
1785903300,29763.4,29764.3,29738.1,29749.7
1785904200,29749.9,29790.1,29747.4,29784.4
1785905100,29784.5,29795.9,29763.6,29783.9
1785906000,29783.5,29819.4,29776.2,29816.2
1785906900,29816.4,29828.7,29812.5,29817.2
1785907800,29816.9,29825.4,29798.7,29821.6
1785908700,29821.5,29863.8,29820,29861.3
1785909600,29859.8,29870.1,29839.3,29860.5
1785910500,29859.5,29863.3,29806.2,29810.3
1785911400,29810.4,29845.3,29806.4,29818.6
1785912300,29818.4,29851.4,29816.7,29850
1785913200,29850.6,29866.8,29816,29829.2
1785914100,29830.7,29833.2,29781.6,29785.8
1785915000,29785.9,29800,29764,29765.6
1785915900,29765.5,29793.1,29763.8,29782.2
1785916800,29783,29806.4,29732.9,29743.1
1785917700,29743,29754,29698.7,29713.9
1785918600,29714.3,29724.7,29678.8,29691.5
1785919500,29692.5,29721.9,29678.6,29716.3
1785920400,29716.4,29734.3,29701.8,29711.5
1785921300,29711.4,29744.1,29693.5,29742.4
1785922200,29742.6,29767.5,29740.1,29763.2
1785923100,29763.1,29772.7,29731.1,29736.3
1785924000,29736,29752.3,29712.3,29718.5
1785924900,29718.3,29746.1,29715.1,29736.7
1785925800,29736.4,29751.7,29728.8,29735.4
1785926700,29735.3,29750.8,29715.4,29742.5
1785927600,29745.1,29801.8,29745.1,29782.5
1785928500,29782.9,29802,29776.8,29779.8
1785929400,29779.5,29811.5,29769.4,29797
1785930300,29794.7,29823.7,29782,29798.8
1785931200,29798.4,29805.6,29771.2,29798.8
1785932100,29799.2,29819.9,29781.4,29814.9
1785933000,29815.1,29826.4,29773.4,29822.5
1785933900,29822.6,29824.3,29787.3,29795.6
1785934800,29796.1,29830.2,29795.9,29808
1785935700,29808.1,29858.4,29774.4,29855.1
1785936600,29854.7,29935.4,29790.7,29928.9
1785937500,29929.1,29952.1,29847.9,29927.7
1785938400,29925.4,29925.4,29794.1,29873.4
1785939300,29873.3,29899.9,29778,29791.5
1785940200,29791.2,29792.6,29699.8,29736.1
1785941100,29736.3,29780.5,29664.3,29721.2
1785942000,29721,29764.4,29698.7,29713.1
1785942900,29712.2,29722.7,29638.7,29682
1785943800,29682.7,29734.4,29680.3,29693.9
1785944700,29694.3,29694.3,29587.4,29613.1
1785945600,29612.2,29639.1,29574.5,29604.1
1785946500,29603.6,29704.1,29592.6,29702.4
1785947400,29702.3,29712.5,29643.7,29662.3
1785948300,29661.7,29697.2,29651.9,29681.9
1785949200,29682.7,29691.3,29617.9,29641.5
1785950100,29639.7,29655.7,29614.9,29629.6
1785951000,29629.4,29652.9,29613.8,29631.5
1785951900,29631,29650.3,29609.7,29633.4
1785952800,29635,29663.1,29630.6,29638.6
1785953700,29638.9,29657.1,29632.2,29651.8
1785954600,29653.1,29653.1,29604.2,29617.4
1785955500,29616.9,29639,29599,29602.1
1785956400,29602.5,29654.3,29594.2,29650.2
1785957300,29650.1,29655.8,29631.5,29633.6
1785958200,29633.8,29640.3,29584.9,29590.9
1785959100,29590.3,29609.4,29471.4,29484.7
1785960000,29485.4,29493.1,29409.2,29480
1785960900,29479.9,29492.7,29436.4,29445.8
1785961800,29447.5,29476.9,29441.5,29473.2
1785962700,29472,29481.4,29451.4,29465.2
1785963600,29469.2,29477.3,29464.7,29470.4
1785964500,29469.9,29477.4,29455.2,29460.7
1785965400,29461,29464.9,29418.2,29418.8
1785966300,29416.4,29443.5,29414.1,29442.1
1785967200,29446.3,29473.5,29443,29450.5
1785968100,29450.7,29515.7,29450,29505.7
1785969000,29505.4,29548,29502.3,29530.9
1785969900,29530.7,29556.4,29496.9,29499.8
1785970800,29500,29511.3,29489.3,29506.3
1785971700,29506.4,29527,29494.2,29505
1785972600,29505.7,29512.5,29455.7,29466.3
1785973500,29466.7,29467.7,29445.5,29462.3
1785974400,29462.2,29479.1,29426.1,29458.1
1785975300,29458.2,29486.9,29433.3,29439.3
1785976200,29439.4,29466.1,29426.7,29438.7
1785977100,29438.5,29456.4,29412.2,29416.9
1785978000,29416.4,29417.6,29379.9,29400.3
1785978900,29400.4,29400.7,29332.3,29350.1
1785979800,29349.9,29386.1,29347,29354.2
1785980700,29353.7,29396.9,29351.9,29377.1
1785981600,29377,29435.6,29369,29419.9
1785982500,29420.9,29457.1,29414.9,29426.9
1785983400,29426.6,29496.5,29409.5,29494.6
1785984300,29494.8,29498.8,29463.5,29472.3
1785985200,29471.3,29487.5,29453.7,29456.6
1785986100,29456.8,29464.3,29413.2,29420.9
1785987000,29421.9,29441.3,29402.5,29430.3
1785987900,29429.3,29462.4,29418.2,29457.6
1785988800,29458.1,29461.2,29413.6,29432.8
1785989700,29432.7,29476,29432.7,29464.9
1785990600,29465,29479.2,29424.3,29433.3
1785991500,29433,29455.6,29421.5,29453.8
1785992400,29454.2,29475.1,29435.8,29458.6
1785993300,29458.2,29471.7,29443.6,29456.5
1785994200,29456.3,29461.7,29426.2,29459.1
1785995100,29459.4,29460.5,29421.3,29456
1785996000,29456.9,29458.7,29378.3,29385.9
1785996900,29385.6,29426.2,29364.4,29425.3
1785997800,29424.1,29425.7,29373.8,29383.4
1785998700,29382.8,29405.3,29363.3,29398.4
1785999600,29398,29441.4,29383.1,29430.3
1786000500,29430.5,29440.7,29402.8,29413.5
1786001400,29414,29418.8,29379.2,29395.7
1786002300,29395.5,29413.9,29379.2,29383.7
1786003200,29385.3,29404,29321.4,29337.7
1786004100,29337.5,29391.5,29323.4,29384.8
1786005000,29384.7,29409.8,29377,29379.1
1786005900,29379.2,29403,29367.8,29393.7
1786006800,29394.2,29394.6,29314.6,29327.3
1786007700,29327.2,29371.5,29324.1,29359.1
1786008600,29358.9,29376.7,29351.9,29366.7
1786009500,29366.8,29406.6,29366.8,29404.2
1786010400,29403.7,29412.1,29374.3,29382.6
1786011300,29382.4,29403.3,29370.4,29393.9
1786012200,29393.7,29396,29353.4,29358.1
1786013100,29358.3,29371.9,29344.5,29363.8
1786014000,29363.7,29366.3,29243.4,29296.3
1786014900,29296.2,29352.6,29293.7,29345
1786015800,29344.7,29393,29344.7,29371.7
1786016700,29371.6,29387.6,29316.9,29343.3
1786017600,29342.3,29354.1,29288.8,29290.7
1786018500,29291.3,29327.5,29266.3,29309.6
1786019400,29309.4,29339.3,29293.7,29309
1786020300,29309.5,29316.9,29267.1,29277.2
1786021200,29278.5,29282.5,29228.5,29229.8
1786022100,29230.2,29245,29205.2,29212.5
1786023000,29214,29350.7,29119.9,29336.3
1786023900,29336.4,29427.8,29325.7,29403.8
1786024800,29405,29505.6,29374.8,29494.6
1786025700,29494.8,29553.8,29454.3,29474.2
1786026600,29476.3,29537.4,29436.9,29469.7
1786027500,29470.1,29543.4,29420.4,29541.9
1786028400,29541.2,29570.4,29484.6,29530.5
1786029300,29530.3,29546.6,29448.7,29492.9
1786030200,29493,29511.4,29418.1,29419.9
1786031100,29418.9,29507.7,29389.4,29399.5
1786032000,29400.3,29426.8,29363.3,29373.8
1786032900,29374.5,29390.3,29333.3,29356.1
1786033800,29355.1,29410.2,29346.1,29361.1
1786034700,29361.4,29442.1,29351.7,29442
1786035600,29440.6,29457.2,29404,29409.4
1786036500,29408.9,29435.6,29398,29411.5
1786037400,29410.4,29424.8,29375.5,29391.6
1786038300,29391.2,29415.1,29377,29410.7
1786039200,29410.5,29427.1,29390.7,29424.5
1786040100,29424.6,29456.4,29381.5,29437.1
1786041000,29437.2,29442.6,29383.5,29404.2
1786041900,29403.9,29418.7,29387.4,29396.9
1786042800,29396.3,29450.2,29391.6,29416.5
1786043700,29416.1,29431.9,29376.7,29389.2
1786044600,29388.6,29424.8,29370.3,29383.5
1786045500,29384.5,29415.4,29355.4,29376.8
1786046400,29375,29429,29373.4,29416.1
1786047300,29425.6,29425.8,29360.6,29372.2
1786048200,29374.5,29384.4,29358,29372.3
1786049100,29373,29385.1,29367.8,29380
1786050000,29380.1,29404.4,29379.8,29398.5
1786050900,29400.2,29403.5,29394.7,29394.9
1786051800,29395.4,29395.6,29385.8,29391.7
1786052700,29393,29406.1,29393,29403.3
1786053600,29403.3,29463.1,29382.1,29457.8
1786054500,29457.1,29464.2,29429.9,29434.7
1786055400,29434.3,29447.1,29414.3,29440.1
1786056300,29440.5,29452.9,29432.5,29450.5
1786057200,29449.6,29456.9,29440.3,29442.9
1786058100,29443,29483.5,29443,29460.6
1786059000,29460.4,29474.3,29448.2,29468.4
1786059900,29468.3,29486.4,29460.5,29480.4
1786060800,29480.6,29504.2,29447.5,29460.1
1786061700,29459.9,29460.8,29384.4,29399.8
1786062600,29400.2,29460.8,29387.7,29427.3
1786063500,29426.7,29458.6,29389.3,29446.7
1786064400,29446.2,29467.5,29402.6,29412.2
1786065300,29412.4,29419.3,29369.2,29413.4
1786066200,29413.6,29465.3,29380.7,29407.3
1786067100,29406.9,29424.5,29389.3,29412.9
1786068000,29413.7,29435.2,29375.6,29415.9
1786068900,29415.8,29428.1,29402.1,29410
1786069800,29410.5,29413.9,29363.8,29383.6
1786070700,29383.7,29422.7,29378.1,29411.1
1786071600,29410.6,29433.8,29410.6,29415.8
1786072500,29415.7,29419.4,29376.9,29390.6
1786073400,29389.4,29408.5,29383.4,29393.5
1786074300,29393,29399.1,29371.5,29374.9
1786075200,29375,29387.7,29360.3,29365
1786076100,29365.1,29403.4,29343.2,29393
1786077000,29392.9,29410.7,29378.2,29379.8
1786077900,29379.7,29400.4,29373.3,29396.8
1786078800,29396.3,29443.6,29392.4,29425.4
1786079700,29425.1,29441.6,29422.4,29434.8
1786080600,29434,29436.8,29406.3,29419.4
1786081500,29419.2,29425.4,29407.6,29408.6
1786082400,29408.9,29449.3,29406.5,29444.1
1786083300,29444.3,29470.4,29430.3,29467.6
1786084200,29467.8,29469.1,29424.1,29432.6
1786085100,29432.7,29441.6,29422.3,29439.7
1786086000,29439.9,29479.1,29418.4,29479.1
1786086900,29479,29479.5,29460.7,29475
1786087800,29475.2,29477.8,29455.8,29469.4
1786088700,29469.1,29475,29448.3,29470
1786089600,29471.9,29513.2,29470.5,29510.4
1786090500,29510.7,29515.1,29486,29509.9
1786091400,29510.3,29534.4,29496.1,29510.5
1786092300,29510.9,29522.6,29500.9,29518.8
1786093200,29519.9,29532.4,29511.7,29527.1
1786094100,29527,29536.4,29509,29520.8
1786095000,29520.2,29532.1,29505.6,29515.1
1786095900,29515.4,29521.2,29500.6,29503.1
1786096800,29502.4,29515.2,29496,29496
1786097700,29495.7,29508.3,29477.6,29508.2
1786098600,29508.1,29512.4,29495.6,29506.3
1786099500,29506.4,29509.1,29486.9,29494.4
1786100400,29494.3,29534.5,29494.3,29523.9
1786101300,29524,29546.8,29521.6,29538.9
1786102200,29537,29555,29532.8,29550.4
1786103100,29550.5,29552.9,29497.4,29501.6
1786104000,29499.6,29556.7,29491.9,29542.8
1786104900,29543.1,29569.7,29513.4,29557
1786105800,29559.4,29700.6,29550,29688.3
1786106700,29688,29751.6,29688,29727.4
1786107600,29727.6,29736,29618.7,29627.4
1786108500,29628.1,29632.1,29574.8,29599.9
1786109400,29599.6,29697.3,29570.6,29674.8
1786110300,29674.1,29705.3,29534.9,29569.2
1786111200,29569.5,29600.2,29452.1,29473.9
1786112100,29474,29666.2,29457.4,29650.2
1786113000,29648.1,29661.2,29547.6,29562.5
1786113900,29561.5,29618.9,29553.7,29606.4
1786114800,29606,29668.9,29596.3,29645.8
1786115700,29645.9,29715.9,29633.2,29713
1786116600,29713.4,29741.8,29681.2,29699
1786117500,29698.8,29731.3,29685,29702
1786118400,29701.4,29717.6,29682.1,29689.6
1786119300,29688.9,29706,29577.6,29602.3
1786120200,29601.4,29647.1,29558.5,29640.6
1786121100,29639.9,29667.1,29626.4,29627.1
1786122000,29627.4,29655.7,29613.9,29622.3
1786122900,29622.1,29649.9,29612.4,29633.4
1786123800,29633.5,29650.6,29613.6,29631
1786124700,29631.1,29645.5,29621.4,29630.1
1786125600,29630.2,29640.3,29601.1,29608.9
1786126500,29608.8,29621.5,29590.1,29593.8
1786127400,29594.9,29613.1,29567.5,29569.8
1786128300,29570,29613.2,29564.9,29613.2
1786129200,29613.9,29697.7,29611.8,29687
1786130100,29688.1,29711,29678.9,29697.3
1786131000,29696.9,29697,29658.3,29664.9
1786131900,29664.6,29743.9,29663.2,29718.3
1786132800,29718.1,29735.1,29692.1,29704.6
1786133700,29705.6,29713.7,29691.3,29692.1
1786134600,29692,29709.4,29689.9,29700.3
1786135500,29699.9,29729.7,29698.6,29725.3
1786312800,29780.9,29781,29708.3,29716.5
1786313700,29717.1,29742.6,29695.7,29728.2
1786314600,29728.3,29742.6,29703.5,29725.2
1786315500,29727.7,29738.9,29720.7,29731.7
1786316400,29732,29763.1,29722.4,29748.8
1786317300,29748.9,29768.7,29745.1,29750.9
1786318200,29751,29754.5,29723,29752.1
1786319100,29752.3,29761.4,29716.4,29718.8
1786320000,29719.4,29793.2,29690.8,29779.1
1786320900,29779.3,29786.9,29726.7,29736.2
1786321800,29735.8,29752.2,29687.3,29696.3
1786322700,29696.7,29719.7,29677.2,29692
1786323600,29691,29742.3,29682.5,29742.3
1786324500,29742.1,29769.5,29734.6,29751.9
1786325400,29750.6,29769,29729.4,29763.2
1786326300,29763.4,29782,29759.1,29772.4
1786327200,29772.6,29781.2,29759.1,29762.4
1786328100,29763,29763,29742.7,29756.6
1786329000,29756.5,29779.7,29736.4,29779.1
1786329900,29778.9,29786.6,29768.1,29768.1
1786330800,29767.5,29781.3,29758.4,29766.3
1786331700,29766.4,29779.9,29760.1,29769.3
1786332600,29769.1,29785.3,29761,29784.8
1786333500,29784.7,29786.6,29760.6,29766.7
1786334400,29767.2,29785.9,29759.8,29781.8
1786335300,29782,29792.1,29778.9,29786.7
1786336200,29786.6,29787.2,29755.9,29773.5
1786337100,29773.6,29788.5,29762.9,29769.9
1786338000,29770.7,29807.7,29769.8,29805.1
1786338900,29805.6,29811.6,29797.2,29797.9
1786339800,29797.5,29807.5,29792.4,29795.2
1786340700,29795.1,29817.9,29789.7,29816.7
1786341600,29817.3,29851.6,29814.4,29843.6
1786342500,29843.7,29849.9,29796.3,29803.8
1786343400,29804,29813.9,29796.2,29806.6
1786344300,29806.7,29812.6,29796.2,29798.3
1786345200,29798.1,29812,29776,29802.3
1786346100,29802.4,29840.8,29798.2,29838.5
1786347000,29838.4,29856.1,29835.2,29854.4
1786347900,29853.9,29873.1,29825.1,29839.9
1786348800,29839.7,29867.7,29834.2,29851.1
1786349700,29851.5,29861,29826.6,29841.7
1786350600,29841.8,29859.9,29832.4,29842.8
1786351500,29842.9,29861.9,29836.3,29858.4
1786352400,29858.9,29873.2,29854.3,29864.4
1786353300,29864.3,29869.9,29852.1,29858.2
1786354200,29857.8,29859.8,29826.1,29833.9
1786355100,29833.8,29840.1,29824.8,29826.7
1786356000,29826.9,29846.9,29804.9,29806.7
1786356900,29807.4,29838.8,29805.1,29833.7
1786357800,29833.5,29834.2,29798.3,29807.1
1786358700,29807.2,29825.5,29797.1,29801.5
1786359600,29801.9,29812.6,29741.8,29766
1786360500,29765.8,29800.8,29752.2,29797
1786361400,29797.4,29804.2,29760.5,29762.4
1786362300,29761.3,29773.9,29733.6,29758.6
1786363200,29757.9,29772.2,29731.6,29732.6
1786364100,29733.1,29736.4,29698.8,29711.1
1786365000,29710.9,29716.7,29671.9,29693.9
1786365900,29693.5,29698.3,29660.7,29667.1
1786366800,29667.4,29704.6,29662.2,29694.8
1786367700,29694,29712.2,29680.5,29694.8
1786368600,29693.6,29728.5,29607.6,29664.2
1786369500,29664.1,29720,29644.1,29695.5
1786370400,29696.9,29783.6,29679.9,29772.5
1786371300,29772.7,29791.3,29706.5,29748.1
1786372200,29747.2,29781.2,29736.8,29755.2
1786373100,29755.3,29775.3,29665.9,29666.6
1786374000,29667.1,29710.7,29654.7,29682.1
1786374900,29682,29705,29642.5,29664.9
1786375800,29664.8,29697.1,29632.3,29696.7
1786376700,29696.3,29743.7,29676.1,29733.1
1786377600,29734.1,29746.8,29701,29711.1
1786378500,29711.2,29730.9,29693.4,29697.4
1786379400,29698.1,29704.4,29617.8,29629.8
1786380300,29629,29668.5,29619.6,29667.7
1786381200,29667.6,29698.6,29648.5,29690
1786382100,29690.3,29701,29667.8,29678
1786383000,29677.5,29686.3,29647,29650
1786383900,29650.3,29654.8,29633.7,29649.1
1786384800,29648.8,29661,29637.9,29638.9
1786385700,29639.5,29645.3,29631.6,29637.2
1786386600,29636.6,29662.7,29631.2,29661.4
1786387500,29661.7,29672.7,29649.6,29669.6
1786388400,29669.2,29681.5,29663,29676.9
1786389300,29677.2,29683.9,29666.8,29669
1786390200,29670.2,29680.8,29656.5,29661.1
1786391100,29661.2,29669.5,29608.2,29628.6
1786392000,29627.7,29639.7,29623.1,29629
1786392900,29630.3,29639.5,29621.7,29635
1786393800,29634.8,29642.9,29625.9,29642
1786394700,29643,29654.5,29638.4,29649.3
1786395600,29649.2,29649.5,29638.3,29641.9
1786396500,29645.9,29655.1,29641.8,29654.9
1786397400,29655.1,29656.7,29645.9,29646.1
1786398300,29644.4,29647.7,29642.9,29644
1786399200,29646.3,29673.5,29641,29648.7
1786400100,29648.9,29650.4,29620.7,29633.4
1786401000,29633.6,29634.1,29609.4,29612.6
1786401900,29612.7,29622.5,29611.6,29618.3
1786402800,29617.7,29620.3,29610.2,29616.4
1786403700,29616.5,29617.4,29588.1,29594.2
1786404600,29594.5,29601.7,29589.4,29601.6
1786405500,29601.7,29610.9,29564,29591.3
1786406400,29590.9,29637.9,29554.4,29634
1786407300,29634.5,29652,29611.7,29650.4
1786408200,29650.8,29668.4,29641.6,29664.2
1786409100,29664.7,29681.3,29663.5,29671.2
1786410000,29670.9,29712.5,29650.4,29712.5
1786410900,29712.8,29726.8,29695.5,29707.1
1786411800,29707.2,29714.6,29695.9,29707.1
1786412700,29707.2,29728.9,29702.3,29704.1
1786413600,29703.2,29716.8,29699.2,29705.6
1786414500,29705.8,29714.6,29698.2,29712
1786415400,29711.4,29726.9,29710.1,29726.9
1786416300,29726.8,29730.5,29700.5,29706.4
1786417200,29706.2,29719.5,29702.2,29709.7
1786418100,29709.8,29732.6,29705.7,29726.6
1786419000,29726.5,29730.3,29714.1,29717.6
1786419900,29718.1,29729.6,29713.9,29719.8
1786420800,29719.9,29738,29718.1,29735.3
1786421700,29735.5,29741.7,29726.4,29739.5
1786422600,29739.2,29746.8,29723.4,29726.2
1786423500,29725.9,29732.6,29720.5,29725.6
1786424400,29725.8,29739.4,29715.8,29737.4
1786425300,29737.7,29739.1,29698.8,29700.9
1786426200,29701,29717.1,29684.8,29700.7
1786427100,29700.5,29704.5,29675.6,29678.9
1786428000,29679.2,29713.7,29673,29705.4
1786428900,29705.1,29707.4,29650.9,29656.8
1786429800,29656.7,29676.9,29619.1,29670.3
1786430700,29670.4,29673.1,29625.8,29642.5
1786431600,29642.9,29657.3,29619.6,29645.4
1786432500,29644.5,29652.6,29613.9,29630.6
1786433400,29630.4,29666.7,29628.4,29653.4
1786434300,29653.5,29666.3,29641.5,29662
1786435200,29662.5,29690.2,29617.6,29619.7
1786436100,29619.6,29633.4,29604.3,29620.3
1786437000,29619.9,29640.9,29605.7,29640.2
1786437900,29640.1,29648.4,29628.6,29635.8
1786438800,29634.8,29642.4,29604.4,29618.7
1786439700,29618.2,29653.4,29617.5,29646.3
1786440600,29646,29671.4,29644.7,29654.6
1786441500,29653.9,29666.7,29649.9,29654.9
1786442400,29655,29662,29640.5,29642.3
1786443300,29642.6,29720.9,29637.6,29707
1786444200,29706.6,29711.2,29689.1,29701.5
1786445100,29701.1,29713.5,29697.2,29703.3
1786446000,29704.8,29773.7,29704.2,29757
1786446900,29756.7,29759,29717.1,29719.3
1786447800,29719.5,29723,29699,29712.8
1786448700,29712.6,29722.5,29699.7,29719.4
1786449600,29719.8,29750.7,29704.9,29748.7
1786450500,29748.8,29757.1,29707,29716.7
1786451400,29715.4,29745.1,29705.6,29732.6
1786452300,29732.8,29739.7,29715.8,29720.8
1786453200,29720.5,29738.7,29707.4,29715.3
1786454100,29715.1,29733.3,29698.4,29726.7
1786455000,29726,29729.1,29565.6,29610.8
1786455900,29610.4,29621.3,29520.6,29619.6
1786456800,29619.5,29678.7,29605.2,29648.9
1786457700,29648.6,29677.1,29625.6,29664.1
1786458600,29664,29671.4,29615,29629.5
1786459500,29629,29691.4,29627.1,29662.9
1786460400,29666,29678.7,29591.7,29600.2
1786461300,29600.3,29623.2,29585.7,29590.5
1786462200,29591.6,29606.8,29555.2,29586.6
1786463100,29586,29586.2,29552.4,29556.1
1786464000,29557.1,29573.4,29541.5,29544.5
1786464900,29544.7,29561.9,29515.6,29539.4
1786465800,29537.4,29555.9,29522.8,29527.1
1786466700,29527,29533.4,29508.9,29516.9
1786467600,29516.6,29525.6,29467.8,29468
1786468500,29467.9,29508.7,29463.2,29496.4
1786469400,29496.9,29529.3,29490.2,29524.8
1786470300,29525,29532.4,29515.1,29519.3
1786471200,29519.5,29525.4,29493.2,29499.2
1786472100,29499.4,29505.6,29425.5,29435.9
1786473000,29436.7,29468.5,29433.2,29441
1786473900,29440.9,29491.6,29440.9,29474.7
1786474800,29474.3,29505.3,29463.7,29499.8
1786475700,29499.7,29517.3,29493.6,29514.2
1786476600,29514.3,29549.9,29511.2,29529.3
1786477500,29529.4,29538.6,29498.7,29524.4
1786478400,29524,29539.9,29505.4,29529
1786479300,29529.4,29566.6,29527.5,29562.8
1786480200,29562.9,29564.3,29552.5,29558.6
1786481100,29559.4,29559.9,29533.85,29537.4
1786482000,29538,29551,29536.9,29545.1
1786482900,29545.3,29548.1,29544.2,29546.9
1786483800,29546.2,29547.5,29545.9,29546.8
1786484700,29546.6,29547.8,29538.6,29545.8
1786485600,29538.1,29553.9,29520.3,29549.7
1786486500,29549.6,29553.7,29541.7,29545
1786487400,29545.1,29555.1,29529.7,29530
1786488300,29529.8,29545,29524.8,29541.6
1786489200,29542.1,29545.2,29530.7,29533.6
1786490100,29533.7,29546.4,29532.2,29544.3
1786491000,29544.2,29544.7,29528.2,29531.6
1786491900,29532.1,29554.4,29525.1,29553.1
1786492800,29552.7,29562.2,29517.9,29540.7
1786493700,29540.5,29567.8,29530.3,29557.5
1786494600,29557.8,29571.4,29544.8,29552.1
1786495500,29552,29562.9,29546.4,29557.4
1786496400,29556.9,29573.8,29550.6,29564.3
1786497300,29564.5,29566,29532.4,29553.3
1786498200,29553.4,29568.6,29538.7,29568.3
1786499100,29568.1,29574.5,29540.5,29548.6
1786500000,29548.8,29562.7,29542.3,29549.1
1786500900,29549.3,29568.2,29545.9,29567.4
1786501800,29567.3,29585.5,29566.2,29579
1786502700,29578.9,29594.3,29578.8,29592.9
1786503600,29593.2,29603,29586.3,29596.3
1786504500,29596.5,29598.8,29586.1,29593.1
1786505400,29593.3,29595.4,29579.8,29582.1
1786506300,29582,29591.4,29576.5,29585.7
1786507200,29585.9,29592.9,29580.6,29588.6
1786508100,29588.7,29594.2,29582.2,29588.1
1786509000,29588.2,29591.3,29574.4,29590.3
1786509900,29590.2,29606.8,29585.5,29605.9
1786510800,29605.8,29606.8,29577.7,29578.2
1786511700,29578.5,29583.2,29559.3,29581.9
1786512600,29581.8,29599.6,29580.5,29590.7
1786513500,29590.8,29610.7,29587.8,29606.8
1786514400,29606.7,29617.4,29599.5,29604.2
1786515300,29604.1,29613,29590.3,29603
1786516200,29602.4,29622.2,29596.2,29611.9
1786517100,29611.7,29630.5,29611.2,29630.2
1786518000,29630.9,29646.9,29627.4,29632.1
1786518900,29632,29639.1,29618.7,29629.6
1786519800,29629.7,29634.7,29621.7,29632.9
1786520700,29632.6,29642.5,29621.4,29642.1
1786521600,29642,29674.6,29639.7,29664.8
1786522500,29664.7,29683.5,29655.7,29677.2
1786523400,29676.5,29677.6,29655.3,29664.8
1786524300,29664.7,29691.1,29662,29685.5
1786525200,29685.2,29704.6,29684.2,29699.5
1786526100,29699.7,29741.3,29695.1,29713.8
1786527000,29713.7,29730.8,29713.7,29722.1
1786527900,29723,29725.9,29695.8,29707.2
1786528800,29707.3,29733.5,29706.2,29729.4
1786529700,29729.5,29737,29724.4,29731.4
1786530600,29731.8,29735.5,29724.5,29733.1
1786531500,29733.3,29733.3,29679.8,29708.3
1786532400,29709.3,29729.2,29708.8,29715.1
1786533300,29715,29715.5,29697.3,29701.4
1786534200,29701.5,29724,29698.1,29718
1786535100,29717.5,29736.8,29711.1,29736.4
1786536000,29736.6,29751,29720.2,29721.5
1786536900,29721.7,29806.9,29712.9,29803.1
1786537800,29803,29824.5,29651.4,29809.7
1786538700,29810.9,29813.8,29792.3,29810.2
1786539600,29809.9,29834.2,29808,29829.9
1786540500,29829.8,29881.7,29826.7,29881.7
1786541400,29881.4,29891.9,29745.5,29791.6
1786542300,29791.4,29860.5,29754.1,29800
1786543200,29799.7,29831.5,29743.7,29788.7
1786544100,29788.5,29839.2,29760.6,29811.4
1786545000,29811.7,29824.1,29727.3,29819.3
1786545900,29819.2,29825.8,29744.7,29764.8
1786546800,29763.8,29787.1,29735.6,29777.4
1786547700,29776.1,29782.8,29740.9,29769.9
1786548600,29769.8,29774.3,29715.1,29725.3
1786549500,29725.6,29749.4,29716,29728
1786550400,29727.9,29772.4,29724.4,29767.5
1786551300,29768.3,29782.9,29752.8,29768.9
1786552200,29769.6,29789.9,29746.8,29779.4
1786553100,29779.8,29811.8,29774.5,29800.6
1786554000,29800.3,29819.2,29792.9,29806.9
1786554900,29806.6,29814,29783.9,29804.9
1786555800,29803.5,29817.6,29795.7,29812.8
1786556700,29811.5,29818,29797.2,29804.8
1786557600,29806.2,29815.4,29787.6,29804.3
1786558500,29804.4,29809.6,29787.5,29790.9
1786559400,29791.7,29823.7,29791.1,29815.9
1786560300,29816.2,29818.2,29780.9,29784.8
1786561200,29784.7,29800.2,29773.9,29780
1786562100,29779.7,29793.3,29752,29763.2
1786563000,29763,29763.5,29726.8,29743.2
1786563900,29743.1,29762.6,29720,29746.2
1786564800,29745.6,29796.9,29725.1,29738.3
1786565700,29737.3,29743.3,29707.6,29713.1
1786566600,29712.7,29716,29701.8,29711.2
1786567500,29712.2,29714.4,29697.15,29697.9
1786568400,29702.8,29712.5,29699.4,29712.3
1786569300,29713.1,29727.9,29713.1,29719.2
1786570200,29719.3,29726.4,29715.5,29720
1786571100,29720.9,29729.9,29720.8,29728.2
1786572000,29721.2,29727.8,29695.3,29700
1786572900,29699.8,29704.2,29678.5,29689.4
1786573800,29689.3,29689.4,29675.9,29686.4
1786574700,29686.5,29699.3,29683.1,29691.1
1786575600,29691.2,29706.3,29691.1,29702.4
1786576500,29702.1,29705.8,29697.5,29701.4
1786577400,29701.7,29708.6,29687.7,29707.2
1786578300,29707.3,29708.5,29689.8,29699.1
1786579200,29699.6,29759.1,29690.9,29743.5
1786580100,29743.4,29760.8,29734.3,29735
1786581000,29736.6,29746.5,29721.8,29734.9
1786581900,29735.1,29745.6,29725.5,29741.8
1786582800,29741.3,29747.2,29717.9,29726.1
1786583700,29726.8,29733.5,29703,29712.6
1786584600,29712.8,29738.6,29710.3,29732.1
1786585500,29732.3,29758.6,29723.6,29752.2
1786586400,29752.5,29765.6,29748.9,29755.5
1786587300,29755.7,29765.2,29750.8,29757.4
1786588200,29757,29773.1,29727.4,29768.9
1786589100,29769.1,29770.2,29760.8,29763.9
1786590000,29762.7,29770.8,29761.4,29767.8
1786590900,29768,29774.3,29765.2,29768.2
1786591800,29768.4,29773.6,29762.7,29772
1786592700,29772.3,29775.8,29769.8,29774.5
1786593600,29774.4,29787,29764.6,29765.2
1786594500,29765.7,29778.8,29747.6,29770.7
1786595400,29770.6,29791.7,29769.8,29774
1786596300,29774.1,29790.7,29768.4,29774.2
1786597200,29773.9,29811.8,29770,29809.5
1786598100,29809.8,29816,29801.7,29815.8
1786599000,29815.7,29819.4,29792,29796.2
1786599900,29796.5,29804.2,29778.1,29779
1786600800,29779.7,29791.8,29763.9,29788.8
1786601700,29789.1,29801.1,29780.9,29792.4
1786602600,29792.8,29798,29756.6,29756.6
1786603500,29756.5,29783.7,29754,29782.2
1786604400,29781.1,29787.2,29738.8,29747.5
1786605300,29747.9,29768.3,29741.3,29765.3
1786606200,29765.4,29777.8,29756.4,29774.3
1786607100,29774.1,29775,29754.4,29755.3
1786608000,29756.1,29766.8,29724.1,29731.3
1786608900,29731.6,29760.3,29723,29753.7
1786609800,29754,29761.6,29741.3,29756.6
1786610700,29756.8,29768.9,29748.1,29756.3
1786611600,29756.2,29764,29729.7,29730
1786612500,29728.6,29743.9,29717.1,29732.2
1786613400,29731.7,29756.9,29731.7,29754.7
1786614300,29754.6,29773.5,29752.4,29772.6
1786615200,29772.3,29774,29759,29770.8
1786616100,29770.9,29779.8,29758.1,29766.6
1786617000,29767.4,29776.8,29761.9,29771.7
1786617900,29771.3,29781.6,29768.3,29774.8
1786618800,29776,29785.3,29765.5,29766.3
1786619700,29766.5,29771.4,29750.3,29758.4
1786620600,29758.5,29782.2,29752,29781.9
1786621500,29781.8,29789.8,29763.1,29764
1786622400,29763.9,29767.9,29729.8,29736.8
1786623300,29736.5,29749.6,29709.1,29749.6
1786624200,29749.4,29780.5,29716.3,29739.4
1786625100,29739.6,29774.7,29736.1,29774.6
1786626000,29774.2,29816.4,29773.6,29803.3
1786626900,29803.7,29814.3,29794.6,29806.3
1786627800,29805.7,29946.5,29759,29907.2
1786628700,29907.4,30075.7,29902.5,30069.4
1786629600,30068,30108.7,30050.2,30098.6
1786630500,30099.6,30130.7,30079.1,30126.5
1786631400,30126.3,30160.2,30120.4,30129.1
1786632300,30129.2,30133.7,30091.3,30091.9
1786633200,30091.8,30124.8,30089.5,30112.4
1786634100,30112.3,30133.4,30074.9,30083.8
1786635000,30086,30094.6,30026.4,30052.5
1786635900,30052.4,30052.4,29999.8,30010.8
1786636800,30010.5,30067.4,30010.1,30036.8
1786637700,30037,30084.2,30028.5,30080.5
1786638600,30080.8,30094.3,30062.7,30078.4
1786639500,30077.9,30097.6,30070.8,30088
1786640400,30088.4,30127,30088,30120.8
1786641300,30120.9,30145.4,30119.9,30133.6
1786642200,30131.7,30138.3,30109.4,30109.4
1786643100,30109.2,30121.9,30099.2,30099.8
1786644000,30099.6,30110,30085.4,30096.8
1786644900,30097,30104.2,30077.6,30088.5
1786645800,30089,30135.4,30088.9,30128.3
1786646700,30127.6,30144.7,30127.6,30142.8
1786647600,30140.6,30170.5,30128.9,30136.2
1786648500,30134.5,30141.3,30110.2,30118.8
1786649400,30120,30123.9,30097.7,30099.3
1786650300,30097.8,30101.5,30066.8,30087.3
1786651200,30087.6,30110.9,30039.1,30101.1
1786652100,30102.1,30106.5,30084.3,30091.2
1786653000,30090.8,30107.5,30087.5,30102.4
1786653900,30102.1,30113.9,30100.6,30107.8
1786654800,30107.7,30113.3,30100.6,30107.2
1786655700,30107.3,30119.7,30106.5,30118.9
1786656600,30119,30128.8,30118.5,30123.6
1786657500,30123.8,30123.8,30120.6,30121.5
1786658400,30111.2,30115.7,30088.9,30098.7
1786659300,30098.6,30105.8,30091.6,30099
1786660200,30099.1,30110.3,30097.5,30107.9
1786661100,30107.8,30108.8,30100.7,30102.7
1786662000,30102.3,30125.6,30099.7,30125.3
1786662900,30125.5,30125.5,30094.7,30100.8
1786663800,30100.7,30105.4,30095.5,30096.2
1786664700,30096.5,30105.1,30089.8,30103.6
1786665600,30103.3,30133.5,30098.2,30102.5
1786666500,30102.4,30106,30079.1,30086.1
1786667400,30085.6,30091.3,30075.6,30079
1786668300,30079.3,30085.9,30066.1,30070.4
1786669200,30070.2,30070.2,30025.4,30030.8
1786670100,30030.5,30054.2,30025.6,30052.2
1786671000,30053.4,30064.4,30040.9,30061.7
1786671900,30061.8,30067.4,30049.3,30051.2
1786672800,30051,30073.4,30049.8,30069.1
1786673700,30069.3,30071.4,30055.4,30068.2
1786674600,30067.6,30082.1,30066.6,30075.8
1786675500,30075.9,30079.6,30049.9,30055.7
1786676400,30055.6,30066.4,30051.3,30064.1
1786677300,30064,30082.2,30062.5,30082.2
1786678200,30082.3,30082.7,30056.7,30057.3
1786679100,30057.7,30063.7,30053.4,30054.1
1786680000,30054,30061.9,30043.8,30056.1
1786680900,30056,30067,30051.7,30058.1
1786681800,30058.2,30063.2,30037.8,30054.5
1786682700,30054.7,30055.1,30044.5,30049.5
1786683600,30049.8,30053.8,30028.4,30043.7
1786684500,30043.9,30053,30038.2,30049.3
1786685400,30048.6,30067.8,30039.7,30066
1786686300,30066.1,30082.3,30065,30074.5
1786687200,30074.3,30077.5,30051.3,30053.8
1786688100,30054.2,30064.1,30048.4,30062.1
1786689000,30062.3,30065.3,30051.3,30061.3
1786689900,30061.1,30078,30061.1,30072.7
1786690800,30072.9,30093.7,30071.4,30076.5
1786691700,30076.6,30082.6,30072.3,30078.5
1786692600,30078.7,30103.4,30074.5,30103.4
1786693500,30103.1,30104.5,30093.2,30095.3
1786694400,30094.9,30136,30089.4,30113.2
1786695300,30113,30132.5,30105.3,30126.2
1786696200,30126.7,30140.1,30121.1,30128.2
1786697100,30128.3,30139.7,30120.7,30123.2
1786698000,30123.1,30123.5,30110.5,30119.7
1786698900,30119.9,30133.5,30115.3,30127.3
1786699800,30127.1,30127.3,30108,30110
1786700700,30110.5,30136.2,30106.8,30134.3
1786701600,30134.1,30151.1,30133.1,30139.9
1786702500,30140,30141,30123.6,30130.2
1786703400,30130.3,30137.4,30125.1,30136.9
1786704300,30136.7,30151.8,30132,30151.6
1786705200,30151.4,30161.9,30147,30153.2
1786706100,30153.4,30155.5,30142,30147.9
1786707000,30148.1,30160.3,30139.3,30152.3
1786707900,30152.2,30167.4,30149.7,30164
1786708800,30163.8,30180.6,30110.9,30137.5
1786709700,30137.9,30155.6,30126.2,30150.9
1786710600,30151.4,30179.8,30148.9,30166.7
1786711500,30166.6,30181.2,30155.1,30170
1786712400,30170.1,30184.5,30153.9,30154.5
1786713300,30154.8,30161.2,30141.2,30142.8
1786714200,30142.7,30168.9,30071.3,30161.3
1786715100,30160.8,30180.1,30114.4,30128
1786716000,30129,30175.3,30113.1,30127.3
1786716900,30126.3,30134.1,30039.9,30065.6
1786717800,30064.4,30078.9,30034.4,30062.3
1786718700,30062.1,30073.4,30030.8,30031.5
1786719600,30031,30049.8,29995.8,29997.6
1786720500,29997.8,30017.7,29939.3,29979.4
1786721400,29977.5,29979.2,29936.3,29955.8
1786722300,29955.6,29977.1,29934.4,29971.6
1786723200,29973.2,29991,29957.6,29988.3
1786724100,29988.1,30015.5,29984.8,30009.7
1786725000,30008.8,30010,29972.3,29974.9
1786725900,29974.5,29984.6,29961.7,29966
1786726800,29966.4,29985.2,29961.1,29975.5
1786727700,29975.4,29982.1,29954.2,29965.8
1786728600,29965.2,29977.8,29956.4,29963.2
1786729500,29963.3,29991.2,29956.9,29987.4
1786730400,29986.2,29996.1,29978.2,29983.9
1786731300,29984.3,29995.8,29970.7,29972.1
1786732200,29971.1,29992.8,29966.1,29990.3
1786733100,29990.4,30006.9,29982.5,29991.6
1786734000,29990.7,29996.4,29979.5,29985.4
1786734900,29984.6,30005.4,29981.2,29999.2
1786735800,29998.7,30016.9,29993.3,30010.7
1786736700,30011,30048.8,30003.1,30045.7
1786737600,30044.3,30052.6,30030.4,30032.5
1786738500,30032.4,30035.5,30028.1,30031.2
1786739400,30031,30045.7,30029.5,30041.7
1786740300,30042,30056.1,30037.8,30051.5
1786917600,30088.2,30106.1,30068.8,30099.6
1786918500,30099.8,30103.2,30093.9,30095.9
1786919400,30096,30097.8,30091.8,30093.7
1786920300,30093.8,30114.7,30090.6,30109.7
1786921200,30110,30110.7,30097.2,30099.2
1786922100,30099.3,30105.7,30094.3,30099.6
1786923000,30099.8,30107.9,30095.6,30107.8
1786923900,30107.6,30131.5,30106.6,30118
1786924800,30118.3,30129.2,30114.1,30120.8
1786925700,30120.3,30122.3,30092.4,30098.7
1786926600,30098.9,30101.2,30090.5,30094.9
1786927500,30094.8,30105.7,30090.6,30104.7
1786928400,30104.4,30135.4,30103.3,30116.1
1786929300,30116.2,30141.3,30108.4,30132.1
1786930200,30132.4,30134.1,30095.9,30103.8
1786931100,30103.6,30106.5,30091.6,30096.7
1786932000,30097.2,30103,30089.6,30102.8
1786932900,30103.3,30124.4,30100.9,30118.8
1786933800,30118.9,30127.2,30114.8,30122.7
1786934700,30122.6,30132.8,30122.2,30126.3
1786935600,30126.9,30137.6,30125.1,30128.6
1786936500,30128.5,30137.1,30128.1,30135.7
1786937400,30136.2,30147.9,30127.8,30143.2
1786938300,30143.3,30148.5,30141.8,30148.2
1786939200,30148,30155.5,30145.6,30152.8
1786940100,30153,30153.9,30142.8,30142.9
1786941000,30143,30148.1,30137.6,30146.6
1786941900,30146.4,30150.2,30135.8,30139.6
1786942800,30139.4,30150.3,30139.1,30144.6
1786943700,30144.7,30148.6,30133.3,30148
1786944600,30147.9,30166.8,30141.9,30166.8
1786945500,30166.7,30176.8,30162.7,30174.7
1786946400,30174.8,30198.8,30171.6,30190.5
1786947300,30190.7,30201.3,30175.7,30199.7
1786948200,30199.4,30231.2,30195.8,30215.5
1786949100,30215.7,30229.5,30214.5,30226.8
1786950000,30227.1,30234.3,30177.5,30179.9
1786950900,30180,30184.3,30164.6,30183.2
1786951800,30183.5,30226.2,30178.9,30220.1
1786952700,30219.5,30225.1,30208.9,30216.8
1786953600,30214.4,30232.3,30201.4,30208.9
1786954500,30208.8,30221.5,30205.2,30217.3
1786955400,30217.5,30223.4,30190.3,30190.3
1786956300,30190.4,30207.7,30187.7,30201.3
1786957200,30201.2,30206.9,30190.8,30202.4
1786958100,30202.5,30202.5,30172.9,30178.9
1786959000,30178.8,30187.1,30170.7,30186.5
1786959900,30186.4,30195.8,30181.4,30183.9
1786960800,30184,30199.4,30180.7,30199.4
1786961700,30199.3,30243.9,30181.8,30243.6
1786962600,30241.9,30242.4,30196.1,30212.6
1786963500,30212.7,30221.5,30207.8,30219.2
1786964400,30217.4,30226.2,30199,30205
1786965300,30204.9,30211.6,30189.5,30202.4
1786966200,30202.6,30210.2,30196.9,30206.6
1786967100,30206.7,30212.7,30189.7,30190.4
1786968000,30190.1,30193.1,30150,30180.5
1786968900,30180.7,30184.3,30126.8,30140.9
1786969800,30140.5,30153.8,30086,30094.1
1786970700,30094.4,30116.7,30083.3,30104.1
1786971600,30104.2,30127.6,30102.4,30120.9
1786972500,30121.1,30142.2,30108.8,30121.2
1786973400,30121.3,30168.8,30069.2,30099
1786974300,30099.1,30160.5,30078.5,30138.5
1786975200,30141,30151.8,30070.5,30133.1
1786976100,30133.2,30134.8,30068.5,30108.9
1786977000,30107.8,30124.2,30096.8,30113.8
1786977900,30114.2,30155.4,30108.7,30153.1
1786978800,30154.9,30197,30144.4,30167.4
1786979700,30167.5,30188.1,30166.2,30180.5
1786980600,30180.9,30184.9,30119.4,30138.8
1786981500,30138.4,30160.6,30126.3,30150.1
1786982400,30149,30153.2,30110.8,30114.9
1786983300,30114.8,30129.6,30108.6,30119.3
1786984200,30119.9,30125,30092.5,30094.2
1786985100,30093.7,30103.5,30087.2,30094.7
1786986000,30095.1,30098.7,30040.6,30040.6
1786986900,30040.5,30053.3,30005.4,30008.3
1786987800,30008.6,30037.7,29996.1,30032.4
1786988700,30032.3,30037.6,30006.4,30012.2
1786989600,30013.7,30024.9,29991.4,30010.9
1786990500,30011.3,30024.6,30000.3,30013.5
1786991400,30013.2,30030,30003.8,30027.1
1786992300,30027.2,30047,30025.4,30032.4
1786993200,30032.1,30034.6,29994.5,29995
1786994100,29994.5,30023.8,29992.8,30003.8
1786995000,30002.2,30018.1,29997.7,30009.9
1786995900,30010,30026.6,29973.6,29997.2
1786996800,29995.7,30003.2,29974.6,29983.1
1786997700,29983.6,29987.5,29973.6,29984.6
1786998600,29983.8,29983.8,29964.6,29971
1786999500,29970,29984.3,29958.2,29983.4
1787000400,29982.1,29985,29976.8,29976.8
1787001300,29977,29981.8,29977,29981.8
1787002200,29982,29984.8,29980,29984.8
1787003100,29984.7,29985.1,29980.5,29983
1787004000,29984.3,29997.6,29979.5,29980.1
1787004900,29979.9,29993.5,29969.9,29981.8
1787005800,29981.6,29984,29974.5,29978.3
1787006700,29978.1,29991.4,29977.8,29985.8
1787007600,29985.7,29995.7,29977.8,29990.2
1787008500,29990.3,29995.1,29980.6,29991.4
1787009400,29990.1,30009,29990,30004
1787010300,30003.9,30007.9,29990,30003.4
1787011200,30002.1,30010.7,29993.1,30006.8
1787012100,30007.1,30021.2,29999,30008.8
1787013000,30008.6,30022.1,30005.2,30019.1
1787013900,30019.3,30027.5,30003.7,30006.3
1787014800,30007,30016.1,29996.9,30016
1787015700,30015.7,30017.6,29985.7,29995.7
1787016600,29995.3,29998.7,29951.3,29958.3
1787017500,29958,29963,29880.7,29919.9
1787018400,29919.3,29929.6,29872.5,29874.2
1787019300,29875.2,29879.2,29833.1,29841.8
1787020200,29842.2,29868.2,29815.5,29817.6
1787021100,29818.3,29829.4,29787.7,29817.7
1787022000,29817.9,29824,29797.6,29803.1
1787022900,29803.3,29805.8,29769.6,29787.6
1787023800,29787.1,29806.2,29760.1,29801.4
1787024700,29799.8,29815.4,29791.4,29802.1
1787025600,29801.3,29807.4,29778.6,29805.5
1787026500,29805.4,29822.6,29789.5,29818.9
1787027400,29819.7,29829.4,29801.1,29809.4
1787028300,29809.6,29835.9,29804.2,29823.7
1787029200,29823.8,29826.6,29784.9,29788.8
1787030100,29788.9,29794.3,29782.1,29784.4
1787031000,29784.5,29785,29769.8,29773.4
1787031900,29773.3,29787.7,29745.4,29749.8
1787032800,29748.8,29752,29694.1,29744.2
1787033700,29744,29774,29728.3,29768.1
1787034600,29768,29783.4,29760.8,29775
1787035500,29774.3,29803.8,29770.4,29801.1
1787036400,29801.3,29805.5,29768.5,29768.5
1787037300,29769.3,29780.1,29753.6,29755.8
1787038200,29756.1,29762.6,29730.1,29734.3
1787039100,29734.2,29748.9,29716.7,29719.1
1787040000,29718.5,29722.5,29646.1,29675.7
1787040900,29675.9,29693.9,29643.3,29666.4
1787041800,29666.1,29701.5,29656.9,29689.6
1787042700,29689.7,29691.2,29649.4,29674.2
1787043600,29673.2,29686.6,29653.3,29672.5
1787044500,29671.9,29678.7,29633.7,29644.8
1787045400,29645,29650.2,29607.6,29620.7
1787046300,29619.8,29644.3,29593.6,29639.8
1787047200,29640.1,29651.4,29624.5,29630.7
1787048100,29631.2,29648.9,29612.7,29635.8
1787049000,29635.9,29653.6,29629,29636.5
1787049900,29635.8,29661.3,29629.4,29647.8
1787050800,29650.5,29681.9,29636.9,29674.7
1787051700,29674.6,29681.6,29660.1,29664.8
1787052600,29664.6,29667.9,29635,29663.2
1787053500,29663.4,29680.9,29653.7,29656.3
1787054400,29656.1,29691.7,29634.6,29641.5
1787055300,29641.6,29668.2,29618.4,29622.5
1787056200,29622.3,29629.2,29593.6,29597.1
1787057100,29597.5,29628.7,29588.1,29619.5
1787058000,29619,29634.6,29599.4,29604.8
1787058900,29604.5,29616.6,29586.4,29599.2
1787059800,29598.5,29677.1,29539.2,29594.6
1787060700,29595.9,29607,29514.7,29555.9
1787061600,29554.4,29612.2,29478.7,29495
1787062500,29495.8,29592.1,29488.7,29577.2
1787063400,29576.6,29597.3,29520.5,29520.7
1787064300,29520.8,29532.2,29444,29454.9
1787065200,29456.6,29479.5,29423.5,29456.4
1787066100,29456.3,29507.6,29440.7,29499.2
1787067000,29499.1,29517.1,29474.6,29505.9
1787067900,29506.7,29548.5,29506.7,29543.8
1787068800,29544.5,29570.1,29533.9,29554.6
1787069700,29555.2,29564,29516.7,29516.7
1787070600,29516.8,29556.6,29511.3,29537.7
1787071500,29537.2,29576.5,29526.3,29556.8
1787072400,29557,29567.8,29526.1,29542.4
1787073300,29542.6,29543.3,29500.3,29523.9
1787074200,29523.3,29528.8,29499,29512
1787075100,29512.1,29522.8,29473.8,29473.8
1787076000,29473.7,29485.5,29454.4,29481.4
1787076900,29482.1,29521,29477.4,29510.2
1787077800,29509.8,29519.5,29491.7,29492.7
1787078700,29493.2,29503.7,29472.5,29478.8
1787079600,29478.4,29492.2,29471.5,29479.1
1787080500,29478.9,29512.6,29472.1,29506.2
1787081400,29505.9,29511.7,29489.7,29506.8
1787082300,29506.9,29513.4,29466.8,29490.3
1787083200,29490.3,29501.7,29472.8,29479.2
1787084100,29479.5,29485.5,29466.3,29484.5
1787085000,29484.7,29492.5,29480.6,29483.3
1787085900,29482.8,29485.1,29456.6,29466.4
1787086800,29466.7,29473.2,29464.3,29471.5
1787087700,29471.4,29471.8,29467.8,29469
1787088600,29469.1,29472.2,29467.3,29467.8
1787089500,29467.7,29471.3,29466.3,29469.3
1787090400,29475.2,29489.7,29463.2,29483.9
1787091300,29484,29502.7,29452.6,29456.6
1787092200,29456.4,29461.6,29431.6,29442.3
1787093100,29442.4,29444.2,29425.4,29429.4
1787094000,29429.7,29447.8,29424.8,29443.1
1787094900,29443,29475.6,29430.1,29453.6
1787095800,29453.7,29457.2,29433.4,29444.1
1787096700,29443.5,29459.5,29434.9,29437.8
1787097600,29437.7,29438.6,29353.8,29369.3
1787098500,29368.7,29437.3,29358.3,29437.3
1787099400,29437.8,29482.5,29437.8,29476.6
1787100300,29476.7,29494.5,29442.7,29449.1
1787101200,29446.6,29506.4,29439.8,29495
1787102100,29495.2,29518.5,29478.9,29508.4
1787103000,29506.6,29512.5,29472.8,29485.4
1787103900,29485.1,29492.6,29472.7,29487.2
1787104800,29489.1,29492.7,29435,29440.5
1787105700,29440.3,29473,29429.8,29451.4
1787106600,29451.5,29455.4,29425.5,29430.5
1787107500,29430.7,29452.5,29426.6,29440
1787108400,29439.8,29463.4,29429.6,29441
1787109300,29440.9,29457.2,29427.7,29443.1
1787110200,29442.8,29476.2,29437.4,29440.6
1787111100,29439.3,29452.7,29423.8,29433.4
1787112000,29434.4,29436.9,29415.9,29424.3
1787112900,29423.9,29450.7,29416.9,29441.7
1787113800,29441.8,29449.2,29407,29408.2
1787114700,29408.6,29414.8,29372.4,29413.4
1787115600,29413.7,29443.5,29391.9,29398
1787116500,29398.6,29416.8,29375.5,29415.9
1787117400,29416.2,29421.2,29368.3,29382.2
1787118300,29382.4,29386.4,29355.6,29365.6
1787119200,29365.7,29375.3,29338.6,29344.9
1787120100,29345,29413.5,29344.4,29391.7
1787121000,29391.5,29403.9,29368.3,29400.8
1787121900,29400.9,29469.1,29400.9,29465.8
1787122800,29466,29471.6,29429.4,29467.2
1787123700,29467.7,29488,29441.8,29488
1787124600,29487.8,29496.9,29454.8,29480.4
1787125500,29480.5,29515.7,29477.7,29508.9
1787126400,29509.4,29548.9,29500.9,29533.7
1787127300,29533.9,29547.7,29516.2,29530.7
1787128200,29530.9,29540.7,29509.3,29535.6
1787129100,29535.4,29542.4,29514.3,29515.2
1787130000,29514.7,29538.6,29501.9,29501.9
1787130900,29501.8,29506.9,29473.8,29481.4
1787131800,29481,29495.5,29457.2,29461.5
1787132700,29461.3,29472.2,29445.5,29463.3
1787133600,29463.6,29467.2,29418.7,29449.6
1787134500,29448.5,29450.4,29420,29442.8
1787135400,29442.5,29466.2,29436.9,29462.3
1787136300,29462.6,29466.9,29427.1,29431.1
1787137200,29432.5,29487.2,29417.9,29456.8
1787138100,29456.5,29469.7,29441.4,29446.6
1787139000,29446.5,29451.3,29415.9,29423.3
1787139900,29423,29446,29415.5,29442.8
1787140800,29442.7,29466.2,29419.8,29460.1
1787141700,29460.7,29492.1,29457.7,29482.3
1787142600,29482.7,29591.5,29458.8,29590.2
1787143500,29590.1,29666.6,29589.9,29650.2
1787144400,29648.9,29650.8,29589.8,29631.1
1787145300,29630.7,29657.2,29604.7,29606.5
1787146200,29604,29648.9,29470,29516.5
1787147100,29518,29543.1,29317.4,29403.9
1787148000,29402.8,29420.9,29288.3,29291.2
1787148900,29292,29393.5,29286,29391.5
1787149800,29391.3,29484.7,29377.7,29472.8
1787150700,29472.6,29534.1,29436.7,29533.2
1787151600,29532.5,29538.7,29491.6,29526.8
1787152500,29527,29540.4,29499.7,29522.5
1787153400,29523.3,29526.8,29461.9,29508
1787154300,29507.7,29526.7,29479.7,29516.7
1787155200,29516.3,29563.9,29498.1,29548.9
1787156100,29546.9,29577.5,29515.1,29521.1
1787157000,29521.2,29532.6,29506.4,29520.4
1787157900,29520.5,29521.2,29463,29469.4
1787158800,29469.1,29481.8,29449,29457.8
1787159700,29457.6,29466.7,29419.7,29448.2
1787160600,29447.2,29453.7,29423.4,29445.9
1787161500,29446,29470,29444.3,29453.6
1787162400,29453.3,29498.9,29408.5,29430.8
1787163300,29430.4,29448.2,29402.2,29447.2
1787164200,29447.4,29486.5,29445.1,29468
1787165100,29468.2,29468.8,29435.8,29444
1787166000,29444.4,29467.6,29439.5,29456.5
1787166900,29456.4,29487.4,29453.1,29465.4
1787167800,29466,29499.5,29437.6,29440
1787168700,29440.8,29442.8,29395.3,29429.8
1787169600,29428.5,29448.4,29424.7,29427
1787170500,29428,29434.4,29421.2,29434.3
1787171400,29433.8,29439.8,29427.1,29435.7
1787172300,29436,29470.05,29434.2,29469.7
1787173200,29468.8,29474,29462.9,29470.1
1787174100,29470.2,29473.1,29467.8,29469.5
1787175000,29469.6,29479.7,29466.9,29468.1
1787175900,29468.6,29475.1,29466,29473.7
1787176800,29470,29546.2,29469.9,29535.5
1787177700,29535.4,29541.9,29519.6,29531.3
1787178600,29531.1,29549.1,29523.6,29539.6
1787179500,29539.7,29562,29538.4,29558.9
1787180400,29560.4,29599.8,29544.8,29563.4
1787181300,29563.3,29569.1,29553.5,29560.6
1787182200,29561,29575.1,29553.7,29568
1787183100,29568.1,29571,29535.8,29540.2
1787184000,29536.2,29541.5,29492,29539.9
1787184900,29540.4,29574.8,29535.6,29542.6
1787185800,29543,29574.9,29527.5,29563.7
1787186700,29563.5,29585.8,29552.6,29581.2
1787187600,29581,29592.9,29551.8,29555.3
1787188500,29554.8,29576.2,29534.8,29545.6
1787189400,29545.4,29581.2,29536.2,29578.3
1787190300,29579,29584.9,29542.2,29552.2
1787191200,29552.7,29593,29551.4,29578
1787192100,29577.5,29579.9,29525.3,29543
1787193000,29543.2,29571.4,29522.2,29556.1
1787193900,29555.7,29559.3,29522.4,29541.1
1787194800,29540.9,29566.4,29515.7,29533.9
1787195700,29533.6,29567.8,29529.9,29537.6
1787196600,29537.7,29539.1,29506.5,29529.5
1787197500,29529.6,29541.6,29523,29529.8
1787198400,29529.7,29565.8,29523,29563.8
1787199300,29563.7,29566.3,29547.4,29551.1
1787200200,29551.3,29551.6,29520.2,29538.3
1787201100,29538.2,29551.6,29523.3,29527
1787202000,29527.9,29533.3,29497.8,29507.5
1787202900,29507.4,29551.9,29503.1,29527.2
1787203800,29527.5,29545.6,29514.8,29523.1
1787204700,29523.6,29527.3,29509.6,29515.1
1787205600,29515.4,29575.2,29512.9,29568.4
1787206500,29568.3,29570,29548.4,29563
1787207400,29562.9,29586.2,29556.5,29580.8
1787208300,29581.2,29595,29577.7,29581.1
1787209200,29581.7,29581.7,29543,29548.6
1787210100,29548.1,29556.9,29516.1,29527
1787211000,29526.9,29543.4,29507,29517.8
1787211900,29517.9,29548.1,29504.6,29505.3
1787212800,29506.2,29515.9,29432.3,29448.6
1787213700,29449,29460,29407.6,29413.3
1787214600,29413.4,29433.8,29375.2,29409.7
1787215500,29409.4,29415.6,29365.2,29388.8
1787216400,29389,29452.6,29377.8,29433.3
1787217300,29433.1,29453.3,29422.9,29439.2
1787218200,29439,29448.7,29417.2,29446.5
1787219100,29446.1,29458.4,29423,29436.9
1787220000,29437,29473,29421.7,29468.6
1787220900,29468.3,29468.3,29438.6,29449
1787221800,29448.8,29458.4,29425.9,29436.2
1787222700,29436.3,29476.3,29435.8,29474.3
1787223600,29474.5,29491.6,29375.4,29396.8
1787224500,29397.3,29408,29333.5,29336.4
1787225400,29336.5,29364.9,29328,29335.4
1787226300,29334.4,29336.2,29258.1,29272.2
1787227200,29273.4,29286,29174,29182
1787228100,29182.3,29216.7,29175.4,29188.4
1787229000,29191.3,29202.6,29152,29200.5
1787229900,29200.4,29258.7,29193.1,29257.8
1787230800,29258,29284.2,29243.3,29247.3
1787231700,29247.5,29279.9,29234.8,29262.3
1787232600,29260.8,29379.6,29249.5,29352.8
1787233500,29353,29369.6,29221.1,29263.8
1787234400,29264.4,29317.7,29227.7,29280.1
1787235300,29280.8,29323.8,29220.9,29263.6
1787236200,29264.8,29343.4,29243,29334.7
1787237100,29333.9,29345.9,29262.9,29305.9
1787238000,29305.2,29367.7,29239.6,29279.7
1787238900,29279.3,29281.8,29214.7,29258.1
1787239800,29258.3,29265.8,29192.4,29194.4
1787240700,29194.3,29247,29185.5,29244.7
1787241600,29244.9,29260.3,29217.9,29222.6
1787242500,29222.2,29271.5,29220.2,29256.6
1787243400,29255.5,29293.2,29224.6,29293.2
1787244300,29293.4,29303.6,29270.8,29293.6
1787245200,29292,29294.2,29247.7,29249.9
1787246100,29249.8,29252.1,29206.3,29208.2
1787247000,29208.1,29220.5,29198.2,29205.8
1787247900,29205.7,29240.6,29203.8,29207.7
1787248800,29209.1,29209.1,29129.5,29144.5
1787249700,29144.6,29161.7,29116.5,29145.2
1787250600,29144.8,29150.6,29125.4,29145.9
1787251500,29146.6,29170.1,29140,29155.3
1787252400,29157,29206.9,29154.9,29194.3
1787253300,29194.4,29219.1,29180.2,29216.2
1787254200,29216.4,29246.9,29203.4,29221.8
1787255100,29221.9,29243.6,29198.3,29216
1787256000,29217.5,29229.9,29185.6,29191.2
1787256900,29191.1,29201.2,29172.3,29196.7
1787257800,29196.2,29217.9,29193.7,29210.9
1787258700,29210.7,29228.5,29204.4,29224.9
1787259600,29223.8,29224.5,29216.7,29222.8
1787260500,29223,29226.3,29222.6,29226.3
1787261400,29226.1,29235.8,29225.3,29227.2
1787262300,29227,29232.2,29226.3,29231.1
1787263200,29250.3,29262.5,29188.8,29193.8
1787264100,29193.7,29206.6,29193.4,29203.2
1787265000,29203.4,29224.9,29197.8,29216.3
1787265900,29216.5,29242.9,29211.6,29239.7
1787266800,29239.8,29239.9,29228.4,29234.9
1787267700,29234.7,29245.5,29228,29233.4
1787268600,29233.5,29239.1,29211.8,29232.5
1787269500,29232.3,29234.2,29202.1,29210.8
1787270400,29211.3,29281.2,29206.3,29277.1
1787271300,29276.9,29277.2,29231.2,29240.8
1787272200,29241.3,29272.5,29227.7,29270.4
1787273100,29269.4,29279.5,29236.7,29237.5
1787274000,29237.2,29250.9,29208,29247.6
1787274900,29247.8,29271.3,29230.8,29255.2
1787275800,29254.7,29273,29237.4,29265.3
1787276700,29265.4,29288.4,29251.4,29270
1787277600,29270.5,29287.3,29259.6,29287.1
1787278500,29287.4,29311.9,29281.7,29305.6
1787279400,29305.7,29312.5,29293.9,29297.9
1787280300,29298,29312.9,29293.2,29298.8
1787281200,29299,29304.2,29269.7,29270.8
1787282100,29271.1,29286.2,29265.4,29279.3
1787283000,29280.2,29294.3,29269.4,29272.4
1787283900,29272.3,29280.7,29260,29268.9
1787284800,29269.6,29286.4,29265.2,29282
1787285700,29281.9,29287.8,29245.3,29246.4
1787286600,29246.5,29255.5,29237,29252.1
1787287500,29251.8,29280,29250.9,29275.1
1787288400,29275.2,29286.7,29269.4,29282.5
1787289300,29282.8,29297.2,29268.5,29269.6
1787290200,29269.9,29291.7,29266.5,29277.9
1787291100,29278.2,29283.7,29257.7,29282
1787292000,29281.7,29292.6,29271.9,29288.5
1787292900,29289,29297.9,29281.9,29291.6
1787293800,29292.9,29315.9,29285.5,29289.8
1787294700,29290.2,29303.8,29280.8,29301.6
1787295600,29300.9,29344.3,29295.6,29342.4
1787296500,29342.7,29372.5,29330.7,29343.4
1787297400,29343,29370.7,29336.1,29338.5
1787298300,29338.6,29361.4,29337.9,29361.2
1787299200,29361.1,29378.2,29324,29334.2
1787300100,29335.8,29341.5,29307.4,29337.9
1787301000,29337.6,29370.9,29334.6,29370
1787301900,29369.3,29384.2,29362.3,29367.8
1787302800,29367.7,29372.1,29329.4,29352.9
1787303700,29353.3,29360.8,29347.3,29350.9
1787304600,29351.5,29400.1,29346.2,29388.9
1787305500,29389.4,29407.2,29380.1,29399.9
1787306400,29400.4,29431.1,29392.6,29402
1787307300,29402.1,29405.7,29387.1,29404.7
1787308200,29405.1,29409.8,29388,29392.4
1787309100,29392.3,29401,29389.1,29395.9
1787310000,29395.8,29403.4,29368.1,29384.7
1787310900,29384.8,29441.3,29383.8,29432.7
1787311800,29432.5,29453.7,29419,29446
1787312700,29445.6,29445.9,29413.5,29414.8
1787313600,29414.5,29418.4,29395.3,29402.1
1787314500,29402.4,29433.2,29394.1,29431.5
1787315400,29431.4,29446,29423.7,29444.8
1787316300,29444.7,29447.3,29420,29428.2
1787317200,29428.7,29431.8,29384.1,29386.5
1787318100,29387.7,29399.7,29334.8,29387.2
1787319000,29384.3,29385.3,29228.2,29238.1
1787319900,29234.1,29274.3,29176.5,29222.8
1787320800,29222.9,29253.5,29171,29177.3
1787321700,29175.2,29233.1,29143.3,29202.1
1787322600,29202,29229.6,29180.6,29215.3
1787323500,29215.7,29253.4,29209.4,29253.2
1787324400,29254,29290.3,29247.6,29274.7
1787325300,29274.6,29291.5,29252.9,29287.8
1787326200,29288,29392.2,29284.9,29372
1787327100,29372.2,29408.1,29346.6,29364.5
1787328000,29365.2,29368.2,29311.2,29316
1787328900,29315.6,29371.6,29309.3,29330.5
1787329800,29330.6,29344,29314.9,29336.5
1787330700,29336.4,29336.4,29299.9,29331.8
1787331600,29331.4,29341.7,29318.5,29326.8
1787332500,29327.5,29328.8,29296.1,29314.4
1787333400,29314.8,29323.6,29302.9,29323.2
1787334300,29323.4,29330.1,29301.4,29302.3
1787335200,29302.2,29324.8,29293.2,29295.1
1787336100,29294.1,29312,29282.9,29283.6
1787337000,29284,29291.8,29273.9,29286.5
1787337900,29286.3,29322.9,29284.6,29320.1
1787338800,29319.6,29335.1,29307.2,29310.9
1787339700,29310.8,29326.2,29302.6,29314.6
1787340600,29315.9,29334.4,29315.9,29331.9
1787341500,29330.8,29352.9,29295.8,29315.7
1787342400,29314.4,29315.6,29290.7,29301.5
1787343300,29301.2,29308.6,29286.5,29290.3
1787344200,29290.4,29305.3,29288.8,29303
1787345100,29302.9,29304.6,29290.2,29294.1
1787522400,29319,29319,29225.4,29250.9
1787523300,29251.1,29263.4,29235,29257.9
1787524200,29257.7,29304.5,29257.4,29301.6
1787525100,29302.3,29318.5,29301.7,29310.3
1787526000,29310.5,29314.9,29305.2,29307
1787526900,29306.8,29349.7,29306.2,29349.3
1787527800,29349.2,29368.2,29340.3,29342.4
1787528700,29342.5,29398.5,29342,29386.7
1787529600,29385.8,29394,29343.2,29355.7
1787530500,29356.3,29358.2,29257,29277.7
1787531400,29276.9,29297.4,29260.4,29276.1
1787532300,29275.5,29348.8,29273.1,29345.9
1787533200,29345.6,29362.9,29318.5,29356.7
1787534100,29357.5,29366.9,29327.4,29328
1787535000,29327.9,29330.4,29305.5,29312.6
1787535900,29312.1,29324.1,29241,29244.2
1787536800,29244,29279.2,29223.5,29275.7
1787537700,29275.6,29293.1,29269.7,29283.6
1787538600,29283.3,29293.5,29276,29289.5
1787539500,29290.6,29296.8,29262.2,29290
1787540400,29290.1,29292,29225.8,29226.4
1787541300,29226.7,29235,29212.4,29217.3
1787542200,29214.8,29226.9,29203.5,29206.8
1787543100,29206.6,29224.4,29185.9,29193.2
1787544000,29193.1,29220.9,29189.3,29220
1787544900,29220.3,29222.5,29192.6,29211.5
1787545800,29211.6,29221.3,29196.8,29221
1787546700,29221.3,29223.7,29184,29187.6
1787547600,29187.8,29218.4,29185.1,29215.2
1787548500,29215,29215,29167.2,29169.6
1787549400,29169.1,29188.1,29129.3,29159.3
1787550300,29158.5,29166.3,29116.5,29121.6
1787551200,29121.5,29140.2,29066.3,29073.9
1787552100,29074,29100,29046.4,29087.5
1787553000,29087.6,29101.3,29065.6,29070.5
1787553900,29070.6,29097.2,29063.6,29085
1787554800,29084.5,29125.5,29067.5,29119.2
1787555700,29119.5,29129.6,29098.1,29103.9
1787556600,29103.8,29134.2,29083.3,29084.3
1787557500,29084.9,29097.3,29053.4,29067.5
1787558400,29067.7,29127.4,29036.2,29105.3
1787559300,29105.1,29130.5,29092.5,29110.3
1787560200,29110.7,29146.9,29101.4,29144.1
1787561100,29144.6,29161.4,29133.4,29134
1787562000,29135.4,29168.3,29120.5,29153.1
1787562900,29152.9,29157.2,29126.4,29131.9
1787563800,29131.8,29162.2,29131.3,29155.3
1787564700,29155.4,29170.1,29147,29152.4
1787565600,29151.9,29166.4,29135.3,29136.8
1787566500,29137.4,29157.5,29125.6,29130.2
1787567400,29130,29161.2,29117.7,29130
1787568300,29129.5,29132.2,29099.6,29105.9
1787569200,29106,29112.7,29067.1,29089.2
1787570100,29089.3,29125.5,29085.3,29103.6
1787571000,29103.7,29204.1,29103.7,29179.8
1787571900,29179.7,29179.7,29152,29168.5
1787572800,29167.8,29168.3,29129.7,29133.6
1787573700,29133.7,29152.8,29125.6,29151.9
1787574600,29151.7,29158.4,29096.2,29124.9
1787575500,29124.7,29152.5,29119.2,29127.8
1787576400,29127.4,29139.6,29116.6,29129.2
1787577300,29129.9,29158.4,29116.3,29156.5
1787578200,29157.85,29162.6,28900,28900
1787579100,28899.7,28957.5,28868.4,28940.8
1787580000,28943,28957.2,28874.8,28914.5
1787580900,28915,28953.1,28888.3,28933.7
1787581800,28935.6,29032.5,28925.1,29008.2
1787582700,29009.2,29032.7,28999.2,29005.4
1787583600,29006.4,29017.4,28965.9,28970.3
1787584500,28970.8,29057.4,28961.5,29041.7
1787585400,29041.6,29102.7,29032.8,29096.2
1787586300,29096.1,29124.4,29072.8,29090.6
1787587200,29091.6,29111,29079.3,29103.9
1787588100,29104.1,29146.1,29102.5,29125.9
1787589000,29126.4,29134,29097,29106.6
1787589900,29107.8,29114.1,29092.2,29093.3
1787590800,29092.6,29132.1,29076.2,29115.4
1787591700,29115.1,29115.9,29054.5,29062
1787592600,29062.2,29064,29040.5,29041.3
1787593500,29041.2,29065.3,29039.1,29046.3
1787594400,29046.6,29111,29046.3,29109.2
1787595300,29109.4,29144.5,29094.4,29139.9
1787596200,29139.5,29154.2,29101.2,29110.7
1787597100,29111,29114.8,29074.9,29075.8
1787598000,29076.6,29084.1,29064.7,29078.3
1787598900,29078.2,29086.7,29065.5,29079.5
1787599800,29079.7,29094,29047,29052.2
1787600700,29052.8,29061.7,29017.3,29019.6
1787601600,29020.6,29044.5,29016.6,29029.7
1787602500,29030.4,29034.5,28999.4,29005.4
1787603400,29005.1,29023.2,29002.7,29021.1
1787604300,29021.6,29055.1,29009.6,29050.8
1787605200,29050.1,29053.4,29036.8,29049.4
1787606100,29046.2,29055.4,29046.2,29053.6
1787607000,29054.3,29055.4,29054.1,29055.4
1787607900,29055.2,29057.4,29055.1,29056.3
1787608800,29056.7,29074.2,29042.5,29047.1
1787609700,29047.2,29052.5,29041.8,29045.6
1787610600,29045.5,29051.9,29037.9,29041.8
1787611500,29041.3,29044.7,29033.2,29041.9
1787612400,29041.8,29048,29040,29048
1787613300,29048.2,29051.1,29028.8,29029.6
1787614200,29029.8,29039.2,28993.9,29006.8
1787615100,29006.9,29022,29002.9,29018.3
1787616000,29018.2,29024.3,28961.1,28965.8
1787616900,28965.9,29006.4,28938.6,29001.8
1787617800,29001.5,29054.3,28992.2,29045.6
1787618700,29045.8,29066.3,29030.1,29048
1787619600,29050,29067.2,29036.9,29052.5
1787620500,29053,29058.2,29019.1,29036.7
1787621400,29035.8,29078.5,29031.6,29059.1
1787622300,29060.1,29074.6,29048.7,29049.7
1787623200,29049.9,29067.2,29026.7,29037.6
1787624100,29036.9,29071.5,29026.8,29066.2
1787625000,29066.6,29091.3,29057.7,29059.6
1787625900,29059.7,29062.1,29017.3,29025.2
1787626800,29025.4,29087.7,29023.1,29072.2
1787627700,29071.8,29099.5,29071.8,29099
1787628600,29098.9,29113.4,29086.3,29090.6
1787629500,29090.8,29091.3,29074.6,29087.8
1787630400,29087.7,29121.9,29080.5,29118.9
1787631300,29119.1,29130.1,29110.7,29121.6
1787632200,29121.7,29138.4,29112.9,29132.6
1787633100,29132.7,29137.1,29106.7,29122.1
1787634000,29121.6,29146.7,29112.9,29126.6
1787634900,29126.3,29149.3,29125.9,29141.8
1787635800,29140.8,29156.2,29123.7,29128.2
1787636700,29128,29164.1,29124.5,29155.4
1787637600,29155.2,29183.6,29153.3,29171.4
1787638500,29173.1,29211.3,29164.4,29189.9
1787639400,29190,29190,29166.5,29186.3
1787640300,29185.6,29187.1,29158.2,29186
1787641200,29186.2,29213.4,29172.6,29174
1787642100,29174.2,29186.2,29149.9,29170.9
1787643000,29170.3,29184.3,29155.3,29179.5
1787643900,29179.6,29182,29149.2,29154.3
1787644800,29154.9,29177.6,29134.6,29141.4
1787645700,29141.2,29246.7,29141.2,29198.5
1787646600,29198.6,29220.3,29179.3,29205
1787647500,29204.8,29229.7,29204.8,29223.2
1787648400,29223,29256.1,29207.8,29244.1
1787649300,29244.5,29256.2,29227.5,29239.7
1787650200,29240.6,29296.3,29236.3,29283.9
1787651100,29283.8,29336.7,29278.1,29313.5
1787652000,29313,29334.5,29291.8,29313
1787652900,29312.8,29314.3,29289.3,29291.1
1787653800,29291.9,29302.3,29268.8,29271.1
1787654700,29271,29292.4,29268.1,29281.3
1787655600,29281.1,29286.5,29230.4,29261.4
1787656500,29261.9,29276.2,29243.7,29262.9
1787657400,29262.7,29285.3,29262.3,29281.1
1787658300,29281.2,29313.7,29278.5,29295.5
1787659200,29291.8,29304.6,29278,29301.7
1787660100,29302,29331.3,29290,29294.6
1787661000,29294.5,29295.1,29236.2,29251.4
1787661900,29251.9,29268.7,29241.9,29256.5
1787662800,29256.2,29267.2,29235.9,29251.4
1787663700,29251.5,29265,29218.6,29218.6
1787664600,29218.2,29298.9,29203.8,29271.1
1787665500,29272.1,29336.5,29213.6,29234.8
1787666400,29234.5,29235.4,29161.8,29166.9
1787667300,29166.7,29191.2,29132.9,29138.6
1787668200,29138.3,29190.7,29079.2,29142
1787669100,29141.9,29187.3,29129,29159.3
1787670000,29159.4,29162.6,29125.9,29150.4
1787670900,29150.8,29208.6,29146.5,29203.9
1787671800,29204.1,29236.4,29183.4,29195
1787672700,29194.2,29200.7,29151,29191.8
1787673600,29194,29220.7,29190.8,29209.2
1787674500,29208.9,29227.4,29205.5,29224.5
1787675400,29223.7,29229.3,29187.9,29196.5
1787676300,29196.3,29212.7,29183.5,29205.1
1787677200,29204.8,29208.8,29154.7,29173.3
1787678100,29173.5,29188.4,29144.4,29153
1787679000,29153.9,29163.9,29146.8,29151.4
1787679900,29151.1,29162,29146.3,29156.4
1787680800,29156.3,29156.8,29132.2,29135.6
1787681700,29135.4,29157.4,29133.2,29149.6
1787682600,29148.8,29188.5,29148.6,29186.9
1787683500,29187.1,29203.2,29183.6,29186.3
1787684400,29186.7,29195.8,29160.7,29165.1
1787685300,29164.8,29168.7,29142.6,29155.7
1787686200,29155.8,29186.4,29142,29168
1787687100,29169.5,29218.9,29159.2,29202.9
1787688000,29201.6,29223.7,29193.8,29218.6
1787688900,29218.4,29244.6,29214.7,29231.9
1787689800,29232.3,29239,29212,29213.7
1787690700,29213.2,29218.4,29199.6,29214
1787691600,29213.9,29217.6,29209.7,29217.6
1787692500,29217.8,29222.7,29216.3,29221.7
1787693400,29221.6,29224.5,29216.8,29221.4
1787694300,29221.1,29228.4,29219.2,29227.7
1787695200,29231.3,29241.9,29220.8,29227.2
1787696100,29226.7,29228.1,29213.4,29221.8
1787697000,29221.7,29224.2,29212.7,29219.3
1787697900,29218.9,29221.2,29212.5,29216.7
1787698800,29216.8,29220.3,29206.4,29209.7
1787699700,29209.6,29211.5,29179.6,29179.7
1787700600,29179.6,29181.9,29163.7,29168.6
1787701500,29168.7,29169.2,29139.6,29144.7
1787702400,29143.1,29160.1,29117.2,29143
1787703300,29142.9,29171,29101.1,29117
1787704200,29117.2,29121.5,29071.2,29085.9
1787705100,29085.2,29093.7,29044.7,29046.4
1787706000,29046.6,29080.8,29041.3,29058.1
1787706900,29057.8,29067.1,29032.5,29043.6
1787707800,29043.5,29062.3,29029,29050.3
1787708700,29050.8,29068.7,29038.5,29066.4
1787709600,29066.6,29078.2,29052.7,29078
1787710500,29077.7,29108.5,29075.2,29106.6
1787711400,29106.1,29150.9,29104.6,29147.7
1787712300,29147.6,29163.1,29142.8,29153.2
1787713200,29153.3,29165,29143.7,29163.1
1787714100,29163.4,29164.4,29146,29148.7
1787715000,29148.9,29177.2,29137.8,29171.1
1787715900,29171,29207.5,29169.2,29197.4
1787716800,29197.8,29210.8,29191.8,29203.9
1787717700,29203.8,29212.1,29195.1,29202.8
1787718600,29203.6,29208.3,29180.3,29182.9
1787719500,29183.8,29184.3,29150.7,29162
1787720400,29161.8,29192.8,29158.9,29172.2
1787721300,29172.7,29181.2,29162.6,29177.1
1787722200,29178.3,29195.1,29175,29181.3
1787723100,29181.1,29181.4,29158.9,29174.9
1787724000,29175.3,29181.4,29145.7,29150.1
1787724900,29150.5,29160.1,29136.2,29151.5
1787725800,29151.6,29190.2,29141.4,29189.3
1787726700,29189.2,29207.2,29164.9,29185.7
1787727600,29186,29189.7,29135.7,29167.8
1787728500,29168.1,29177.2,29128.6,29133.5
1787729400,29133.3,29143.8,29119.4,29132.4
1787730300,29132.5,29152.7,29121.9,29146.6
1787731200,29146.2,29177.8,29132,29139.4
1787732100,29139.6,29166.3,29121.3,29166.2
1787733000,29166.1,29183.6,29145,29174.9
1787733900,29174.8,29174.8,29143.4,29159.4
1787734800,29159,29168.6,29146,29151
1787735700,29150.9,29153.3,29125.5,29132.6
1787736600,29132.5,29152.8,29132.5,29147.6
1787737500,29147.8,29169.3,29146.7,29165.2
1787738400,29164.9,29165.7,29129.2,29132
1787739300,29131.8,29150.1,29130.3,29134.2
1787740200,29134.3,29173.3,29122.1,29159.8
1787741100,29160.1,29173.4,29155.4,29168.9
1787742000,29168.3,29197.4,29167.7,29185.7
1787742900,29185.8,29212.4,29169.1,29186.1
1787743800,29186.4,29195.1,29128.8,29144.1
1787744700,29144,29159.4,29119.8,29152.3
1787745600,29153.5,29157.8,29134.4,29149.3
1787746500,29149.2,29191.3,29124.4,29190.3
1787747400,29189.7,29193.5,29082.8,29098.3
1787748300,29098.9,29114,29065.5,29084.6
1787749200,29084.7,29105.5,29067.7,29104.3
1787750100,29104.8,29107.9,29085.4,29104.8
1787751000,29104.7,29244.5,29104.7,29220.8
1787751900,29223.2,29266.2,29186.4,29265.6
1787752800,29266.1,29266.4,29172,29182.8
1787753700,29182.7,29199.4,29092.9,29114.8
1787754600,29114.3,29174.7,29113.3,29158.2
1787755500,29157.9,29203.5,29143.6,29189.1
1787756400,29189.3,29219.2,29183.2,29194.9
1787757300,29194.8,29203.4,29160.5,29192.8
1787758200,29193,29225.6,29159.1,29218.4
1787759100,29218.5,29225.7,29150.9,29152.3
1787760000,29153.3,29160.3,29126.5,29138.6
1787760900,29138.9,29152.4,29129.5,29144.6
1787761800,29143.2,29155.7,29105.5,29109.9
1787762700,29109.8,29156.8,29107.1,29152
1787763600,29151.5,29174.9,29144.4,29171.6
1787764500,29171.7,29204.7,29171.5,29201.7
1787765400,29200.7,29224.1,29196,29214.1
1787766300,29214.2,29225.5,29200.9,29217.8
1787767200,29216.8,29227.9,29199.9,29202.9
1787768100,29203,29223.7,29197.9,29212.2
1787769000,29211.9,29234.9,29208.5,29226.4
1787769900,29227.1,29260.8,29226.6,29252.2
1787770800,29252.3,29299.6,29249.6,29272.6
1787771700,29273.1,29289.6,29263.7,29269.5
1787772600,29270.9,29276.9,29238,29240.8
1787773500,29240.3,29266.9,29212.1,29229.8
1787774400,29230.5,29301.8,29215.7,29293.5
1787775300,29292,29314.8,29222.8,29273.6
1787776200,29272.6,29287.4,29248.9,29269.3
1787777100,29268.5,29365.8,29266.5,29359.8
1787778000,29358.3,29462.5,29339.7,29461.6
1787778900,29461.5,29470.1,29395.1,29431.5
1787779800,29431.6,29457.6,29420.4,29455.2
1787780700,29455,29480,29433.7,29436.4
1787781600,29441.9,29515.7,29440.5,29498.9
1787782500,29498.2,29534.7,29486.7,29515.7
1787783400,29515.6,29551.6,29514,29550.1
1787784300,29550.5,29562.9,29532.4,29538.5
1787785200,29537.9,29546.8,29523.6,29527.1
1787786100,29527.2,29546,29517.1,29536.2
1787787000,29536.6,29544,29529.6,29540
1787787900,29540.1,29587.4,29539,29579.3
1787788800,29579.4,29587.4,29512.3,29524.3
1787789700,29524.8,29524.8,29490.9,29513.3
1787790600,29512.9,29513.2,29410.3,29412
1787791500,29412.1,29414,29372.2,29379.2
1787792400,29378.5,29422.8,29367.3,29385.2
1787793300,29384.4,29443,29382,29437.2
1787794200,29436.7,29468.7,29426.5,29426.6
1787795100,29427.3,29488.2,29427.3,29463.2
1787796000,29462.9,29478.2,29449.2,29473.7
1787796900,29473.6,29476.4,29459.8,29469.9
1787797800,29470.1,29488.4,29465.4,29476.6
1787798700,29476.9,29494.2,29471.4,29481.9
1787799600,29482,29494.8,29461.8,29473.2
1787800500,29475.3,29508.5,29474.5,29496.3
1787801400,29497.3,29505.8,29475.3,29475.5
1787802300,29475.7,29486.9,29459.2,29471.9
1787803200,29471.6,29480.8,29461,29466.1
1787804100,29466,29483.6,29463.6,29463.6
1787805000,29463.4,29464.8,29430.7,29436.5
1787805900,29436.2,29455.2,29427.5,29433.1
1787806800,29433.6,29437.6,29406,29417.8
1787807700,29417.2,29417.2,29382.7,29402.8
1787808600,29402.6,29403.7,29373.4,29376.8
1787809500,29376.7,29398.8,29361.2,29372.9
1787810400,29374.1,29374.2,29336.8,29365.7
1787811300,29365.6,29384.6,29364.2,29383.1
1787812200,29382.8,29425.3,29382.3,29423.9
1787813100,29423.7,29432.4,29410.2,29430.5
1787814000,29430.8,29472.6,29409.3,29468.5
1787814900,29468.8,29481.5,29455.7,29481.4
1787815800,29481.2,29482.5,29432.2,29438.7
1787816700,29439.4,29480.4,29433.5,29470.2
1787817600,29473,29558.1,29470.3,29554.1
1787818500,29554.2,29592.9,29530.7,29589.3
1787819400,29588.8,29590.3,29546.9,29564
1787820300,29563.9,29594.1,29555.1,29556
1787821200,29557.3,29565.6,29513.7,29517
1787822100,29517.7,29548.4,29500.6,29531.2
1787823000,29531,29555.7,29529.9,29548
1787823900,29548.2,29564.6,29531,29535.2
1787824800,29535.3,29539.9,29514.9,29532.8
1787825700,29533,29537.5,29510.6,29513.5
1787826600,29513.3,29535.6,29503.8,29531.8
1787827500,29531.9,29534.1,29502.5,29531.1
1787828400,29531.5,29562.4,29509.1,29550.6
1787829300,29550.7,29553.7,29504.2,29504.3
1787830200,29504.7,29520.4,29478.4,29499.6
1787831100,29498.7,29498.7,29449.7,29490.3
1787832000,29489.2,29522.1,29485.3,29518
1787832900,29517.9,29524.2,29499,29511.5
1787833800,29511.4,29514.3,29467.7,29470.1
1787834700,29472.4,29474.2,29451.1,29455.3
1787835600,29455,29495.1,29452.6,29487.8
1787836500,29487.5,29502.8,29459.1,29459.1
1787837400,29459.3,29521.9,29378.6,29508.8
1787838300,29508.9,29537.2,29358.3,29414.7
1787839200,29416.5,29521,29412.5,29492.3
1787840100,29492,29558.5,29491.8,29543.5
1787841000,29543.7,29547.7,29475.5,29495.3
1787841900,29495.4,29541.8,29469,29540.4
1787842800,29540.3,29563.3,29525.5,29561.8
1787843700,29562,29569.8,29509.4,29515
1787844600,29516.5,29534.2,29465.4,29471.9
1787845500,29471.4,29547.6,29449.3,29535.3
1787846400,29534.8,29561.9,29519.8,29528.2
1787847300,29526.9,29544.9,29508.4,29540.9
1787848200,29541.2,29587.9,29536.6,29581.6
1787849100,29582.1,29595.5,29573.7,29587.5
1787850000,29586.7,29611.5,29582.2,29604.5
1787850900,29604.4,29612,29574.2,29577.7
1787851800,29576.8,29591.8,29564.3,29565.3
1787852700,29564.8,29569.5,29545.6,29549.6
1787853600,29549.7,29559,29499.5,29515.5
1787854500,29516,29527,29465,29477.8
1787855400,29478.5,29519.7,29476.2,29511.2
1787856300,29510.5,29520.7,29484.5,29509.5
1787857200,29509.8,29545.4,29505.7,29532.4
1787858100,29532.6,29550.5,29531.6,29540.9
1787859000,29542,29571.8,29535,29571.6
1787859900,29569.2,29642.5,29567.8,29636.5
1787860800,29635.1,29643.3,29583.9,29586.4
1787861700,29585.9,29593.2,29572.7,29577
1787862600,29578,29583.2,29571.8,29578.2
1787863500,29578.4,29580.5,29558.1,29569.8
1787864400,29569.9,29582,29569.5,29572.7
1787865300,29572.5,29595.1,29571,29591.3
1787866200,29591.1,29591.1,29579.1,29580.7
1787867100,29580.5,29583.1,29576.4,29582.2
1787868000,29573.2,29590.3,29546.3,29565.7
1787868900,29565.2,29584,29564.8,29583.6
1787869800,29582.8,29584.7,29574.5,29580.2
1787870700,29579.7,29584.7,29574.6,29580.3
1787871600,29580.2,29582.6,29551.9,29562.6
1787872500,29562.3,29562.7,29550.6,29554.9
1787873400,29555.3,29555.7,29546.9,29548.5
1787874300,29548.7,29548.9,29536.1,29545.6
1787875200,29547.7,29601.7,29538.9,29599.3
1787876100,29598.3,29601.5,29568.8,29598.4
1787877000,29597.9,29603.7,29577.1,29600
1787877900,29598,29613.2,29587.2,29591.2
1787878800,29591.9,29616.7,29586.5,29606
1787879700,29605.8,29614.5,29587.9,29594.5
1787880600,29594.2,29616.3,29586.8,29600.2
1787881500,29600.1,29624.8,29587.3,29622.3
1787882400,29622.7,29645.2,29622.7,29639.1
1787883300,29639.2,29646.2,29629.8,29635.8
1787884200,29635.6,29635.6,29590.8,29592.3
1787885100,29592.6,29613.7,29588.7,29606.8
1787886000,29607.3,29645.5,29604.7,29637.6
1787886900,29638,29652,29633,29645.9
1787887800,29646,29649.9,29595.3,29596.7
1787888700,29596.2,29620.4,29584.7,29611.9
1787889600,29612,29614.3,29587.5,29604.7
1787890500,29604.3,29612.4,29600.4,29603.9
1787891400,29603.4,29605,29582.9,29587.1
1787892300,29587.2,29594.4,29579.5,29585.5
1787893200,29586,29587.7,29564.8,29570.2
1787894100,29570.4,29573.5,29555.7,29566.5
1787895000,29565.9,29570.1,29547.9,29558.1
1787895900,29558,29558.4,29542.2,29543.8
1787896800,29544.6,29563.7,29538.3,29547.1
1787897700,29546.9,29569.6,29539.7,29542.7
1787898600,29542.9,29568.3,29540.6,29564.3
1787899500,29563.6,29588.6,29560.3,29588.1
1787900400,29588.8,29598.7,29550.6,29557.4
1787901300,29556.7,29568.6,29546.7,29559
1787902200,29558.9,29565.9,29538.6,29540.9
1787903100,29541.1,29570.5,29538.8,29550.3
1787904000,29551.1,29566,29522.1,29529.5
1787904900,29529.8,29550.3,29526.4,29542.6
1787905800,29542.7,29578.3,29539.9,29568.7
1787906700,29568.8,29569.6,29547.4,29564.3
1787907600,29564.2,29564.7,29547.7,29551.7
1787908500,29551.5,29565.8,29539.2,29559.7
1787909400,29559.6,29563.8,29547.4,29552.1
1787910300,29551.8,29565.3,29545.6,29552.1
1787911200,29552,29554.4,29536.7,29548.2
1787912100,29547.9,29562.9,29542.9,29554.4
1787913000,29554.2,29568.1,29546.3,29547.2
1787913900,29547,29567.6,29543.2,29564.7
1787914800,29564.8,29579.9,29543.6,29559.8
1787915700,29559.6,29582.1,29558.2,29578.6
1787916600,29579.1,29584.7,29552.6,29555.8
1787917500,29555.7,29560.7,29544.3,29548.5
1787918400,29548.3,29576.8,29542.9,29575.3
1787919300,29575.1,29606.2,29572.5,29605.6
1787920200,29605.9,29607,29560.8,29601.8
1787921100,29601.5,29608.7,29593,29602.2
1787922000,29602,29626.8,29594.5,29606
1787922900,29605.9,29607.4,29566.5,29574.8
1787923800,29574.2,29644.3,29508.1,29631.9
1787924700,29631.7,29645.8,29570.8,29578.5
1787925600,29576.5,29648.9,29451.6,29482.4
1787926500,29482.9,29618.5,29477.4,29598.8
1787927400,29598.9,29687.9,29579.4,29679.6
1787928300,29679.3,29743.1,29669.3,29741.7
1787929200,29740.6,29755.4,29679.2,29691.6
1787930100,29691.8,29734.6,29682.1,29726.6
1787931000,29726,29727.8,29609.9,29615.2
1787931900,29614.8,29626.9,29489.7,29497.8
1787932800,29497.6,29534.7,29454.1,29501.8
1787933700,29502.3,29512.8,29411.4,29433.5
1787934600,29432.4,29472.5,29418.2,29426.6
1787935500,29426.2,29492.9,29426.2,29446.5
1787936400,29447.4,29448.2,29384.3,29429.7
1787937300,29429.5,29441.5,29398.8,29416.2
1787938200,29415,29449.1,29406.5,29429.5
1787939100,29429.1,29473.7,29421.6,29459.4
1787940000,29461.1,29466.6,29433.7,29434.2
1787940900,29434,29448.9,29415.7,29428.5
1787941800,29428.6,29451.7,29420.8,29435.5
1787942700,29435.6,29437.2,29386.4,29399.3
1787943600,29398.6,29433.6,29387.5,29422.5
1787944500,29423,29445.4,29407.5,29441.7
1787945400,29441.3,29454.9,29426.8,29446.3
1787946300,29446.1,29463.4,29418.2,29440.1
1787947200,29439.8,29450,29420,29431.3
1787948100,29432.5,29436.3,29427,29433.6
1787949000,29432.1,29449.7,29428,29449
1787949900,29449.5,29462,29448.4,29454.7
1788127200,29456.7,29485.4,29394,29417
1788128100,29417.2,29439.8,29413.8,29418.7
1788129000,29418.5,29422.3,29374.6,29383
1788129900,29382.4,29399.9,29380.5,29388.4
1788130800,29388.5,29393.3,29352.5,29357.1
1788131700,29356.8,29362.5,29316,29317.3
1788132600,29317.4,29321.5,29268.7,29301.2
1788133500,29302,29302,29236.8,29236.8
1788134400,29238.3,29291,29218.3,29283.8
1788135300,29287.8,29322.7,29278.7,29317.3
1788136200,29317.1,29344.3,29311.9,29335.8
1788137100,29336.2,29338.7,29296.2,29303.8
1788138000,29304.3,29305,29237.5,29270.9
1788138900,29269.8,29285.8,29249.1,29277.4
1788139800,29276.9,29283.9,29253.6,29259.3
1788140700,29259.5,29273.5,29247.8,29269.1
1788141600,29269.5,29309.1,29253.8,29302.7
1788142500,29302.9,29304.5,29251.6,29273.2
1788143400,29273.1,29281.4,29234.3,29242.8
1788144300,29242.7,29290.3,29238,29289.1
1788145200,29290.3,29312,29281.1,29302.5
1788146100,29303.1,29305,29289.5,29290.1
1788147000,29290,29297.9,29284,29293.8
1788147900,29293.5,29299.7,29285.8,29297.9
1788148800,29298.2,29301.5,29288.5,29301.4
1788149700,29301.3,29302.5,29289.1,29293.4
1788150600,29296.2,29330.2,29279.4,29327.1
1788151500,29327,29368.6,29313.1,29359.8
1788152400,29359.6,29391,29353.7,29388.1
1788153300,29387.9,29423.1,29386.8,29414.4
1788154200,29414.5,29419.5,29371.6,29388.7
1788155100,29388.6,29408.2,29378,29406.2
1788156000,29406.1,29446.7,29393.5,29443.9
1788156900,29443.8,29462.5,29443.8,29458.7
1788157800,29457.9,29463.2,29440.3,29452.1
1788158700,29452.2,29473.9,29448.4,29461.7
1788159600,29460.1,29465.4,29445.4,29458
1788160500,29458.1,29467.4,29445.4,29454.8
1788161400,29454.5,29466.7,29447.7,29452.5
1788162300,29452.4,29458.1,29437.4,29452.7
1788163200,29452.8,29480.3,29432.6,29452.5
1788164100,29452.3,29457.4,29431.8,29447.7
1788165000,29447.3,29447.6,29420.8,29428.9
1788165900,29429,29442.6,29427.4,29431.3
1788166800,29431.1,29447.4,29415.8,29439.5
1788167700,29439.6,29455,29437.3,29437.7
1788168600,29437.4,29438.6,29412.7,29414.5
1788169500,29413.8,29415.1,29390,29396.7
1788170400,29396.9,29407.3,29386.5,29403
1788171300,29403.1,29413.2,29391.8,29406.6
1788172200,29406.5,29406.9,29395.3,29400.5
1788173100,29400.4,29416.7,29394.5,29406.1
1788174000,29405.3,29409.1,29381.9,29386.5
1788174900,29386.1,29416.6,29382.8,29411.5
1788175800,29411.4,29413.3,29378.9,29380
1788176700,29380.2,29386.3,29371.8,29374.8
1788177600,29375.5,29412.2,29348,29396.4
1788178500,29396.3,29428.2,29345.9,29360.9
1788179400,29360.8,29386.6,29336.2,29345.7
1788180300,29345.8,29352.4,29325.8,29336.4
1788181200,29337.1,29357.8,29325.3,29355.5
1788182100,29356.3,29386.3,29353.4,29384.2
1788183000,29382.9,29461.6,29337.7,29354.1
1788183900,29354.2,29423.5,29334.2,29385.8
1788184800,29384.3,29393.4,29321.1,29344
1788185700,29343.5,29379.3,29305.7,29324.9
1788186600,29323.6,29382.3,29312.1,29373.1
1788187500,29373.3,29391.7,29332.3,29364.1
1788188400,29364.2,29389.9,29343.8,29366.5
1788189300,29365.9,29393.6,29347.3,29370.6
1788190200,29370,29373.7,29333,29357.1
1788191100,29356.7,29380.8,29334.1,29338
1788192000,29336.7,29359,29310.9,29353.9
1788192900,29353.7,29373.3,29329.6,29372.5
1788193800,29372.3,29377.6,29342.7,29362
1788194700,29361.4,29389.4,29357.6,29386.2
1788195600,29386.7,29387.8,29365,29372.4
1788196500,29372.7,29382.3,29342.6,29345.6
1788197400,29345.8,29388.4,29337.4,29388.4
1788198300,29388.5,29404.5,29379.1,29389.9
1788199200,29390.5,29406.1,29372.2,29396.4
1788200100,29396.3,29409.7,29386.7,29387.5
1788201000,29387.1,29392.4,29331.7,29347.2
1788201900,29347,29367.3,29339,29352.2
1788202800,29352,29376.3,29352,29373
1788203700,29372.7,29399.5,29365.6,29393.8
1788204600,29393.9,29428.7,29376.9,29422.3
1788205500,29421.8,29483.2,29405,29451.9
1788206400,29451.7,29472.4,29451,29456.8
1788207300,29456.6,29462.8,29451.7,29458
1788208200,29457.3,29464.3,29454.1,29460.5
1788209100,29460,29466.5,29453.5,29464.9
1788210000,29465,29467.9,29457.3,29463.6
1788210900,29464,29469.3,29463.8,29466.9
1788211800,29466.8,29472.6,29464.7,29467.9
1788212700,29468,29468.6,29467.6,29468
1788213600,29468.6,29469.5,29449.2,29453.7
1788214500,29453.6,29455,29446,29449.1
1788215400,29449.3,29456.3,29449,29453.3
1788216300,29453.6,29455.8,29437.2,29442.8
1788217200,29442.7,29448.1,29438.5,29444.8
1788218100,29444.7,29446.9,29433.5,29445.8
1788219000,29445.7,29463.1,29443.3,29457.6
1788219900,29457.9,29467.3,29445.6,29449.5
1788220800,29455.7,29467.3,29428.9,29438.7
1788221700,29438.4,29465.4,29426,29447.4
1788222600,29447.3,29467.2,29432.5,29449.6
1788223500,29449.4,29456.6,29439.8,29454.3
1788224400,29454.2,29462.5,29441.5,29461.2
1788225300,29461.3,29465,29427.5,29432.9
1788226200,29432.8,29461.4,29424,29455.2
1788227100,29455.1,29458,29439.7,29447.8
1788228000,29448.1,29451.7,29423.7,29429.8
1788228900,29429.6,29435.1,29402.1,29408.4
1788229800,29408.6,29420.5,29385,29387.8
1788230700,29387.9,29438.9,29385.6,29438.9
1788231600,29439,29440.9,29414.6,29420.4
1788232500,29420.3,29425.1,29406.6,29413.1
1788233400,29413.3,29430.9,29408.5,29425.5
1788234300,29424,29435.5,29423.8,29434.8
1788235200,29434.7,29444.6,29429.7,29436.5
1788236100,29436.9,29450.4,29434.4,29441.6
1788237000,29441.7,29447.7,29417.7,29417.8
1788237900,29418.1,29441.8,29414.5,29420.9
1788238800,29421.4,29424.5,29409.4,29412.5
1788239700,29412.3,29434.5,29395.3,29431.9
1788240600,29430.6,29484.2,29429.2,29480.7
1788241500,29480.5,29517.6,29469.9,29509
1788242400,29509.7,29514.2,29478.6,29494.1
1788243300,29493.9,29493.9,29463.7,29466.4
1788244200,29466,29492.8,29461.9,29488.3
1788245100,29488.2,29489.7,29463.8,29463.8
1788246000,29464.5,29503.8,29461.7,29501.8
1788246900,29501.7,29503.2,29477.2,29492.6
1788247800,29492.7,29493.6,29411.1,29413.9
1788248700,29412.3,29427.1,29377.8,29384.9
1788249600,29385.3,29397.5,29275.5,29297.3
1788250500,29297.4,29308,29227.7,29232.9
1788251400,29234.9,29260.1,29195,29207.4
1788252300,29207.6,29228.2,29183.2,29183.5
1788253200,29182.9,29191.4,29149.5,29157
1788254100,29156.8,29167.1,29133,29146.8
1788255000,29146.7,29165.3,29133.7,29162
1788255900,29161.7,29176.5,29159.2,29159.8
1788256800,29159.6,29176.8,29148.4,29170.3
1788257700,29169.9,29196.2,29160.4,29185.8
1788258600,29185,29206.1,29174.3,29174.4
1788259500,29174.3,29190.9,29144.7,29157.3
1788260400,29157.5,29159.5,29127.4,29150.2
1788261300,29149.5,29163.4,29143.8,29157.3
1788262200,29157.4,29186.1,29155.1,29175.7
1788263100,29175.8,29177.2,29115.5,29121
1788264000,29121.3,29128.4,29101.7,29112.9
1788264900,29113.1,29122.2,29085,29118.7
1788265800,29117.3,29118.7,29072,29077.6
1788266700,29077.3,29101.4,29071.5,29074.1
1788267600,29073.8,29073.8,29033.4,29041.8
1788268500,29042.6,29070.6,29032.3,29058.7
1788269400,29058.8,29088,28988.8,29030.2
1788270300,29031.5,29105,29024.2,29052.1
1788271200,29052.2,29110.6,29037.5,29082.9
1788272100,29083.7,29129.4,29081.6,29116
1788273000,29116.3,29185.2,29114.2,29185.2
1788273900,29185.7,29218.5,29159.7,29179.7
1788274800,29180.1,29194.3,29133,29134.3
1788275700,29134.7,29185.3,29132.8,29185.3
1788276600,29184.8,29240.9,29176.7,29238.9
1788277500,29238.7,29268.5,29237.3,29247
1788278400,29248.7,29253.7,29184.2,29184.2
1788279300,29184.7,29188.3,29116.8,29131.4
1788280200,29131.5,29137.2,29085.5,29092.2
1788281100,29091.9,29149.3,29087.8,29143.3
1788282000,29143.2,29145.5,29092,29109.6
1788282900,29109.5,29117.1,29054.2,29093.7
1788283800,29092.7,29112.1,29088.1,29101.7
1788284700,29101.4,29104.2,29068.6,29092.2
1788285600,29092,29103,29053.3,29054.4
1788286500,29053.9,29068.6,29036.4,29044.8
1788287400,29045.6,29048.7,28965.9,28965.9
1788288300,28966.7,29030.3,28952.8,29026.2
1788289200,29026.3,29071.1,29021.4,29070.3
1788290100,29071.5,29079.9,29053.7,29076.6
1788291000,29076.8,29078.9,29044.1,29068.2
1788291900,29068.4,29091.4,29035.8,29073.7
1788292800,29073.6,29105.9,29063.3,29082.1
1788293700,29082.4,29107.6,29081.6,29086.4
1788294600,29085.7,29103.1,29079.5,29094.3
1788295500,29093.1,29094.3,29078.1,29084.6
1788296400,29084.5,29095.5,29081.6,29092.4
1788297300,29092.2,29092.2,29081.6,29083
1788298200,29083.6,29084.3,29078.9,29082
1788299100,29084.3,29085.8,29082.4,29083.5
1788300000,29089.9,29099.7,29057.6,29060.6
1788300900,29061.1,29074.8,29052.2,29064.7
1788301800,29064.8,29072.6,29062.1,29068.9
1788302700,29068.8,29090.5,29065.4,29081.9
1788303600,29081.8,29087,29078.3,29078.9
1788304500,29078.7,29087.4,29069.5,29087.4
1788305400,29087.5,29093,29083.4,29090
1788306300,29091.5,29095.9,29083.3,29086
1788307200,29088.1,29094.9,29056.1,29080.2
1788308100,29080,29120.5,29076,29077.8
1788309000,29077.9,29100.1,29064.7,29089.8
1788309900,29089.7,29094.6,29053.7,29054
1788310800,29052.8,29078.3,29040.3,29050.1
1788311700,29049.8,29079.4,29044.9,29067.3
1788312600,29067.4,29074.2,29022.6,29026.5
1788313500,29026.3,29030.3,28998.4,29027.6
1788314400,29027.3,29029,28995,29016.2
1788315300,29015.8,29050.4,29015.4,29036.2
1788316200,29037.6,29039.3,29011.9,29035
1788317100,29035.3,29042.5,29024.8,29037.3
1788318000,29037.8,29041.5,29008.5,29033.8
1788318900,29033.3,29034,29018.8,29021.8
1788319800,29022.9,29023.6,29003.8,29005.9
1788320700,29005.8,29015,28998,28998.9
1788321600,28999.7,29006.9,28986.2,29000.8
1788322500,29001.2,29015.3,28996.4,29002.5
1788323400,29002.4,29015.3,28998.6,29005.6
1788324300,29004.7,29017.7,29003.6,29012
1788325200,29012.7,29024.2,28988.3,29019.7
1788326100,29020.1,29044.8,29016,29042.8
1788327000,29043.3,29057.3,29021.9,29051.9
1788327900,29051.8,29054.1,29014.4,29024.7
1788328800,29024.6,29034.3,28994,29002
1788329700,29002.5,29007.7,28972.9,28974.5
1788330600,28974.6,29049.1,28967.6,29024.5
1788331500,29024.1,29033.4,29004.6,29028.9
1788332400,29028.3,29073.5,29017.7,29053.9
1788333300,29054.5,29068.1,29029.8,29046.2
1788334200,29046.4,29053.9,29016,29021.6
1788335100,29022.1,29030.9,29003.3,29014.9
1788336000,29017.3,29049.4,29005.9,29027.2
1788336900,29027.1,29039.7,28992.7,29004
1788337800,29004.2,29021.2,28983.4,28987.6
1788338700,28988.1,28990.2,28908.2,28930.8
1788339600,28930.9,28979.7,28922.6,28923.6
1788340500,28923.3,28946.3,28908.7,28931.3
1788341400,28931,28933.2,28893.4,28901.5
1788342300,28901.8,28927.9,28899.3,28925.3
1788343200,28925.5,28931.3,28899.2,28929.4
1788344100,28928.6,28945.9,28923.1,28937.4
1788345000,28936.6,28941.8,28911.8,28919
1788345900,28919.2,28941.1,28909.6,28940.5
1788346800,28940.3,28973.4,28877.8,28965.6
1788347700,28965.7,28986.8,28945.8,28974.2
1788348600,28974.3,29010.4,28971,28980.7
1788349500,28980.9,29036,28973.9,29034.8
1788350400,29031.5,29073.6,29024.8,29073.6
1788351300,29073.5,29101.8,29045.5,29059.8
1788352200,29059.3,29061.6,29018.2,29020.4
1788353100,29020.3,29023.7,28985.3,28993.3
1788354000,28992.5,29023.8,28990.4,29018.6
1788354900,29018.8,29067.2,29015.6,29051.2
1788355800,29050.8,29069.9,28988.8,29042.4
1788356700,29043.7,29064.7,28969.2,29013.8
1788357600,29013,29080.4,28985.1,29080
1788358500,29080.1,29144.5,29071,29138.5
1788359400,29140.7,29165,29122.4,29155.4
1788360300,29156.3,29157.2,29069.3,29077
1788361200,29075.8,29124.1,29063.2,29114.2
1788362100,29114.4,29161.8,29107.6,29158.5
1788363000,29160.1,29163.6,29126.6,29137.3
1788363900,29136.9,29146.5,29091.8,29139.9
1788364800,29138.6,29151.8,29127.8,29142.5
1788365700,29142.6,29143.1,29098.7,29107.5
1788366600,29107.6,29131.6,29093.9,29094.4
1788367500,29094.1,29121.1,29091.4,29109.1
1788368400,29108.2,29134.2,29080.7,29097.7
1788369300,29097.8,29107.6,29077.7,29104.1
1788370200,29104.6,29112.2,29081.6,29111.3
1788371100,29111.8,29127.7,29096.1,29113
1788372000,29112.1,29118.2,29088.6,29101.1
1788372900,29100.9,29151.4,29097.4,29113.2
1788373800,29114.2,29128.2,29087,29091.1
1788374700,29091.4,29108.4,29084.5,29100.1
1788375600,29100.6,29126.2,29093.7,29121.2
1788376500,29121,29125.2,29104.4,29121.5
1788377400,29121.7,29131.1,29109.6,29128.7
1788378300,29128.5,29150.2,29122.8,29142.5
1788379200,29144.9,29161.5,29137.6,29144.6
1788380100,29145.6,29145.6,29092.1,29106
1788381000,29105.7,29115,29099.5,29100.3
1788381900,29100.2,29115.5,29090.9,29096.1
1788382800,29096.7,29105.4,29095.9,29098.7
1788383700,29098.2,29141.5,29092.3,29128.7
1788384600,29129.7,29140.5,29124.3,29128.1
1788385500,29128.7,29140.5,29128.7,29132.7
1788386400,29132.2,29140.5,29103.7,29137.8
1788387300,29137.7,29160.6,29130.1,29148.6
1788388200,29148.5,29156.2,29144.2,29149.5
1788389100,29149.9,29149.9,29132.6,29134.1
1788390000,29134.2,29141.5,29124.1,29126.8
1788390900,29126.6,29133.9,29120.2,29131.7
1788391800,29132.4,29141.8,29127,29141.4
1788392700,29141.5,29165.6,29141,29152.9
1788393600,29152.3,29155.6,29119.7,29123.8
1788394500,29124.1,29124.1,29095.5,29110.2
1788395400,29110.4,29115.1,29098.4,29111.3
1788396300,29111.2,29114.1,29099.6,29105.9
1788397200,29106,29140.6,29102.6,29135.8
1788398100,29135.7,29152.3,29111.8,29131.2
1788399000,29129.4,29153.5,29122,29123.3
1788399900,29123.6,29129.7,29091.2,29092.3
1788400800,29091.8,29139.3,29086.2,29134.6
1788401700,29134.9,29146.8,29125.8,29140.5
1788402600,29140.4,29152,29123.4,29126.4
1788403500,29126.3,29141.4,29121.6,29136.5
1788404400,29136.4,29157.7,29133.9,29157.7
1788405300,29158.3,29186,29155.8,29172.1
1788406200,29172,29185.9,29171.5,29181.1
1788407100,29180.8,29192.4,29174.1,29188.3
1788408000,29188.1,29206.7,29181.5,29198.3
1788408900,29198.2,29203.9,29179.2,29179.3
1788409800,29179.6,29190,29166.6,29173.9
1788410700,29174,29183.5,29157.2,29161
1788411600,29161.3,29161.6,29097.3,29105
1788412500,29105.1,29105.3,29031.4,29059.3
1788413400,29058.5,29105.9,29051.6,29096.3
1788414300,29096.4,29143,29082.3,29142.9
1788415200,29142.3,29159.4,29117,29124
1788416100,29124.5,29135.3,29116.2,29131.6
1788417000,29130.9,29144.1,29118.8,29136.4
1788417900,29136.5,29137.4,29114.4,29126.8
1788418800,29126.7,29186.2,29116.2,29158.5
1788419700,29158.8,29166.6,29134.1,29159.1
1788420600,29158.9,29198.8,29148.9,29194.1
1788421500,29194.2,29195.8,29139.7,29174.5
1788422400,29176.7,29248,29168,29203.4
1788423300,29203.6,29219.8,29188.8,29210.1
1788424200,29210.3,29212,29181.6,29182
1788425100,29182.1,29191.6,29170,29173.1
1788426000,29173.4,29181.3,29166.2,29178.1
1788426900,29178.4,29180,29143.9,29144.1
1788427800,29143.7,29152.7,29123.6,29132.4
1788428700,29133.3,29133.3,29083.8,29092.8
1788429600,29094.2,29114.3,29076.1,29081.4
1788430500,29081.3,29090.3,29073.6,29082.8
1788431400,29082.9,29095.7,29061.1,29084.2
1788432300,29084,29085.7,29063.4,29083.1
1788433200,29084.4,29127.4,29063,29118.6
1788434100,29118.5,29141.7,29110.5,29120.4
1788435000,29121.3,29128.4,29067.9,29098.3
1788435900,29098.4,29099.5,29058,29061.5
1788436800,29063.9,29102.9,29058.3,29079.6
1788437700,29079.4,29106.5,29062.1,29101.3
1788438600,29101.1,29196.8,29099.6,29144.6
1788439500,29144,29214.7,29141.2,29198.7
1788440400,29199,29201.4,29150.4,29195.4
1788441300,29194.9,29207.4,29156.8,29202.1
1788442200,29202,29314.7,29156,29302.3
1788443100,29302.2,29331.2,29252.7,29289.3
1788444000,29286.9,29288.5,29200.9,29259.5
1788444900,29258.8,29318.3,29254.3,29297.9
1788445800,29296.8,29312.3,29229,29239.2
1788446700,29238.8,29321.8,29206.2,29318.5
1788447600,29317.1,29418.5,29315.3,29415.1
1788448500,29416.3,29491.8,29406.6,29489
1788449400,29487.9,29494.1,29456.5,29459.5
1788450300,29460.3,29492.2,29458,29491.7
1788451200,29491.8,29492.3,29456.4,29472.6
1788452100,29472.3,29482.8,29441.2,29449.1
1788453000,29450,29487.2,29435.7,29480.5
1788453900,29480.7,29498,29471.4,29483.6
1788454800,29484.3,29489.3,29443,29446.1
1788455700,29446.3,29463.3,29433,29459.4
1788456600,29458.9,29487.4,29457.5,29484.2
1788457500,29485.5,29506.6,29476.9,29497.7
1788458400,29497.8,29533.8,29497.8,29528.1
1788459300,29528,29539.3,29519.6,29525.5
1788460200,29525,29533.6,29515.3,29515.9
1788461100,29515.7,29535.7,29515.1,29523.3
1788462000,29522.6,29525.3,29487.2,29494.1
1788462900,29493.8,29499.4,29481.9,29489.2
1788463800,29489.5,29496.3,29477.5,29480.3
1788464700,29480.2,29491.6,29464.3,29488
1788465600,29485.7,29485.7,29456,29470
1788466500,29469.2,29470.7,29453.9,29458.9
1788467400,29458.7,29467.2,29456.6,29459.1
1788468300,29459.8,29461.2,29447.5,29453
1788469200,29452.6,29460.9,29452.6,29457.5
1788470100,29457.9,29459.8,29456.4,29458.2
1788471000,29458.3,29464.7,29458.2,29464.7
1788471900,29466.6,29467.1,29460.4,29462.5
1788472800,29462.1,29463.1,29434.6,29438.6
1788473700,29438.9,29448.9,29437.4,29441.1
1788474600,29440.9,29450.7,29440.4,29445.9
1788475500,29445.8,29463.6,29445.8,29462.1
1788476400,29460.6,29463,29452.6,29454.4
1788477300,29454.3,29461.8,29449.5,29459.2
1788478200,29459.3,29464.3,29452.7,29458.5
1788479100,29458.7,29470,29454.3,29455
1788480000,29452.1,29473.4,29447.5,29463.9
1788480900,29463.7,29481.9,29459.1,29478.7
1788481800,29478.4,29486.4,29472.2,29485.4
1788482700,29485.7,29493.3,29481.4,29481.8
1788483600,29481.3,29483.9,29469.8,29475
1788484500,29474.7,29495.8,29468.7,29491.6
1788485400,29491.5,29500,29485.6,29496.2
1788486300,29496.3,29499.4,29475.9,29499.1
1788487200,29498.9,29506.8,29488.4,29502.1
1788488100,29501.9,29508.2,29499.4,29505.8
1788489000,29505.9,29517.4,29495.3,29497.6
1788489900,29497.8,29520.1,29496.6,29518.3
1788490800,29518.2,29523.7,29512.9,29515.5
1788491700,29515.2,29535.6,29514.8,29525.3
1788492600,29525.9,29536,29522.4,29523.4
1788493500,29523.5,29531.1,29519.8,29525.8
1788494400,29525.9,29533.1,29512.8,29531.1
1788495300,29531,29552.1,29522.9,29548.5
1788496200,29548.4,29558.5,29541.7,29543.8
1788497100,29544.1,29556.1,29538.6,29553.1
1788498000,29553.6,29578.6,29551.3,29577
1788498900,29577.1,29600.8,29576.2,29578.1
1788499800,29578.2,29582.8,29564.4,29566.6
1788500700,29566.2,29577,29547.3,29575.7
1788501600,29575.3,29601.4,29573.5,29598.2
1788502500,29598.3,29598.3,29578,29586.9
1788503400,29587.2,29587.7,29553.2,29559.9
1788504300,29560.2,29562.1,29529.5,29533.4
1788505200,29535.1,29581.5,29531.7,29575.5
1788506100,29575.7,29594.8,29561.9,29591.7
1788507000,29591.8,29608.5,29583.5,29602
1788507900,29601.9,29614.6,29596.7,29608.6
1788508800,29608.8,29625.1,29590.7,29607
1788509700,29607.3,29630.1,29600.8,29625.6
1788510600,29625.5,29630.8,29599.6,29615.1
1788511500,29614.9,29621.1,29602.7,29614.9
1788512400,29614.7,29615.9,29583.1,29584.6
1788513300,29584.9,29598.9,29572.3,29581.8
1788514200,29582.5,29604.2,29574.6,29599.7
1788515100,29599.9,29617.8,29599.3,29612.7
1788516000,29612.9,29623.7,29610.1,29617.2
1788516900,29617,29641.8,29614.3,29634.1
1788517800,29634.2,29641.3,29624.7,29635.8
1788518700,29635.6,29654,29632.2,29636.8
1788519600,29637.1,29643.6,29607.2,29616.2
1788520500,29616.8,29631.9,29611.8,29620.8
1788521400,29621.3,29633.1,29616.8,29627.8
1788522300,29626.9,29646.3,29624.2,29638.8
1788523200,29638.4,29644.1,29583.5,29600.5
1788524100,29600.3,29650.5,29588.5,29634.6
1788525000,29634.2,29638.5,29489.8,29515.3
1788525900,29515.2,29515.6,29460.4,29504.6
1788526800,29504.5,29513,29479.7,29505.4
1788527700,29505.3,29547.9,29503.4,29544.7
1788528600,29546.45,29600.9,29512.6,29573.6
1788529500,29572.4,29647.3,29535.4,29645.8
1788530400,29646.6,29647.7,29551.9,29604.6
1788531300,29605.4,29608.1,29527.3,29558.9
1788532200,29559.1,29562.5,29499.2,29502.1
1788533100,29502.5,29512.4,29467.1,29489.9
1788534000,29489.5,29508.7,29466.1,29508.5
1788534900,29508.4,29511.2,29454.5,29476.1
1788535800,29476.2,29493.1,29447.6,29489.7
1788536700,29489.1,29491.1,29456,29484
1788537600,29483.2,29520.8,29473.4,29517.4
1788538500,29516.7,29533.3,29505.3,29522.6
1788539400,29522.7,29541.9,29517.9,29537.1
1788540300,29538.3,29564.7,29534.5,29544.7
1788541200,29544.3,29548.1,29500.5,29505.1
1788542100,29505.2,29513.2,29474.6,29476.8
1788543000,29477.8,29479.5,29445.5,29449.3
1788543900,29449.7,29468.4,29438.3,29462.2
1788544800,29462.1,29468.2,29441,29459.6
1788545700,29459.3,29485.5,29455.6,29481
1788546600,29481.5,29494.5,29474.1,29490.3
1788547500,29490.1,29511.1,29489.4,29507.4
1788548400,29507.7,29513.1,29476.3,29481.2
1788549300,29480.9,29500.6,29480.9,29496.1
1788550200,29496.3,29517,29489.1,29510
1788551100,29510.1,29555.5,29509.3,29540.4
1788552000,29538.6,29538.6,29498.8,29509.6
1788552900,29509.9,29512.1,29498.3,29502.5
1788553800,29502.8,29502.9,29483.6,29499
1788554700,29498.7,29502.6,29490.5,29492.2
1788732000,29516.3,29564.8,29516.3,29547
1788732900,29547.1,29552.8,29544.3,29547.8
1788733800,29548,29554,29547.3,29550.3
1788734700,29550,29552.9,29546,29546.8
1788735600,29545.9,29548.9,29531.4,29532
1788736500,29532.1,29545.9,29512.6,29514.4
1788737400,29514.1,29550.1,29512.4,29544.4
1788738300,29544.5,29552.4,29515.4,29526.2
1788739200,29526.3,29551.1,29516.3,29542.6
1788740100,29542.1,29547.6,29525.7,29534.9
1788741000,29535.1,29539.5,29517.2,29532.2
1788741900,29532.5,29542.4,29504.6,29508.1
1788742800,29508.2,29541.2,29504.4,29524.7
1788743700,29524.4,29547.3,29515.6,29547.3
1788744600,29547.6,29565,29536.9,29553.2
1788745500,29552.6,29564.1,29546,29562.7
1788746400,29562.8,29563.9,29546,29553.8
1788747300,29553.7,29561.6,29540.5,29556.4
1788748200,29556.5,29592.2,29555.1,29576.9
1788749100,29577.1,29578.5,29546.5,29554.4
1788750000,29554.3,29555.5,29541.4,29549.4
1788750900,29549.5,29575,29545.8,29572
1788751800,29572.2,29590.7,29558.9,29559.4
1788752700,29559.3,29573.3,29553.1,29557.5
1788753600,29557.7,29565.4,29545.1,29560.5
1788754500,29560.6,29561.3,29544,29554.8
1788755400,29555.1,29557.4,29538.9,29547.4
1788756300,29547.3,29570.1,29546.3,29567.1
1788757200,29567.3,29570.5,29549,29553.3
1788758100,29553.2,29584.1,29546.3,29580.5
1788759000,29580.3,29605.5,29577.4,29604.6
1788759900,29604.7,29610.6,29575.9,29579.5
1788760800,29580.6,29612.4,29578.7,29610
1788761700,29610.1,29624.6,29601.2,29620.5
1788762600,29621.5,29652.1,29617.8,29634.1
1788763500,29634.2,29634.3,29615.2,29631.7
1788764400,29632.5,29651.7,29625.5,29635.9
1788765300,29636.1,29637.9,29606.8,29607.9
1788766200,29608,29620.5,29588.4,29597.4
1788767100,29597.2,29631.2,29591.8,29627.2
1788768000,29627,29635.1,29610.2,29616.7
1788768900,29616.4,29632.1,29614.5,29623.1
1788769800,29623.4,29632.1,29612.5,29614.8
1788770700,29614.7,29624.6,29605.3,29614.9
1788771600,29615.4,29624.2,29605.3,29606.6
1788772500,29606.4,29608.9,29583.9,29586.2
1788773400,29586.3,29595.9,29570.2,29589.2
1788774300,29589.1,29594.3,29572.1,29576.3
1788775200,29576.4,29588.5,29575,29585.6
1788776100,29585.5,29591.4,29579.4,29581.9
1788777000,29581.6,29588.9,29574.3,29579.8
1788777900,29580,29581.3,29538.6,29546
1788778800,29546.1,29550,29518.4,29540.7
1788779700,29540.4,29542,29504.9,29517.8
1788780600,29515.2,29537.1,29509.4,29526.1
1788781500,29526,29533,29514.4,29515.1
1788782400,29515.9,29536.6,29511,29513.6
1788783300,29513.8,29522.4,29506.6,29520.6
1788784200,29520.5,29534.5,29517.4,29530.6
1788785100,29530.7,29560.6,29530.7,29557.4
1788786000,29557.1,29584.3,29545.5,29582.9
1788786900,29582.6,29595.4,29565.3,29583.6
1788787800,29583.5,29615.4,29573.6,29589.9
1788788700,29590.1,29600.1,29583.1,29587.1
1788789600,29587.7,29602.8,29573.3,29580.1
1788790500,29580.6,29585.4,29570.8,29580.5
1788791400,29580.4,29602,29571,29598.9
1788792300,29599.2,29600.1,29560,29560
1788793200,29559.9,29579.7,29552.9,29558
1788794100,29557,29561.8,29533.3,29548.2
1788795000,29550.7,29564.1,29545.6,29554.8
1788795900,29555,29561.5,29546.4,29561.5
1788796800,29563.4,29574.9,29558.5,29574.8
1788797700,29576.7,29579.7,29559.2,29563.6
1788798600,29563.7,29581.8,29560.9,29576.7
1788799500,29576.1,29583.4,29570.4,29573
1788800400,29573.3,29576.7,29567.2,29567.4
1788801300,29567.5,29573,29567.4,29568
1788802200,29567.9,29571.5,29567.9,29569.2
1788803100,29569.4,29570,29565,29570
1788804000,29570.1,29570.6,29570.1,29570.6
1788804900,29570.8,29571.1,29570.8,29571.1
1788806700,29570.4,29570.6,29565.9,29566.3
1788807600,29566.4,29566.4,29566,29566
1788808500,29566.1,29570.7,29565.9,29565.9
1788809400,29570.1,29570.5,29561.4,29561.4
1788810300,29557.2,29561.4,29556.6,29561.4
1788818400,29563.4,29577.6,29547.8,29556.1
1788819300,29555.9,29561.8,29527.7,29530.9
1788820200,29530.8,29534.9,29516.6,29529.8
1788821100,29529.9,29533.9,29518.2,29531.2
1788822000,29528.7,29532.5,29514,29518.5
1788822900,29518.9,29523.7,29498.3,29514.7
1788823800,29514.8,29559.4,29506,29556.3
1788824700,29556.5,29569.5,29549.3,29556.2
1788825600,29556.7,29577.3,29545.1,29563.6
1788826500,29563.7,29600.9,29552.1,29599.1
1788827400,29599.3,29613.6,29592.3,29602.3
1788828300,29602.4,29613.1,29600.7,29603.7
1788829200,29587.4,29634.6,29585,29629.2
1788830100,29629.7,29632.4,29617.6,29623.4
1788831000,29623,29658.8,29615.8,29644.9
1788831900,29645,29681.8,29643,29675.9
1788832800,29675.8,29685,29660.5,29676.9
1788833700,29677.4,29691.8,29672.3,29683.4
1788834600,29683.5,29685.2,29656.5,29656.9
1788835500,29656.8,29668,29635.1,29635.1
1788836400,29635.4,29666.4,29631.7,29658.9
1788837300,29658.8,29706.4,29658.5,29704.7
1788838200,29704.1,29712.1,29693.7,29702.3
1788839100,29702.4,29719.2,29696.8,29712.9
1788840000,29714.3,29723,29701.8,29710.4
1788840900,29710.5,29722.4,29705.7,29719.9
1788841800,29719.8,29734.3,29699.4,29729.3
1788842700,29729.4,29734.3,29702.7,29708.2
1788843600,29707.7,29710.7,29655,29657.5
1788844500,29658.9,29702.5,29650.8,29652.6
1788845400,29653.6,29655.4,29605.3,29609.9
1788846300,29610.3,29620.5,29581.9,29582
1788847200,29585.9,29594.3,29555.6,29563.2
1788848100,29563,29565.1,29519.6,29549.8
1788849000,29549.6,29584.6,29532.1,29579.6
1788849900,29579.4,29592.4,29553.8,29572.8
1788850800,29574.8,29613.1,29559.6,29581.4
1788851700,29580.9,29601.1,29568.4,29595.1
1788852600,29594.8,29595.9,29523,29537.5
1788853500,29538.1,29540.9,29503.8,29507.3
1788854400,29507.2,29513.5,29452.3,29482.7
1788855300,29483.4,29501.2,29469.3,29470.3
1788856200,29470.6,29496.7,29463.8,29473.5
1788857100,29473.2,29502.2,29462.8,29481.4
1788858000,29479.4,29519.1,29457.6,29519.1
1788858900,29518.5,29519.9,29502.2,29518.2
1788859800,29518.1,29557,29513.1,29538.1
1788860700,29538,29573,29537.8,29572.1
1788861600,29572,29573.6,29543.4,29556.1
1788862500,29556.6,29619.8,29553.7,29578.6
1788863400,29578.9,29582.4,29554.5,29564.2
1788864300,29564,29564,29518.7,29539.2
1788865200,29539.3,29553.1,29507.2,29520.7
1788866100,29520.4,29548.9,29516.1,29535.2
1788867000,29535.3,29548.9,29520.2,29520.2
1788867900,29520.4,29574.5,29512.3,29573.7
1788868800,29574.2,29574.4,29524.2,29527.5
1788869700,29527.4,29569.5,29520.5,29569.5
1788870600,29569.6,29600.1,29563.3,29588.9
1788871500,29588.8,29625.3,29574.7,29624.2
1788872400,29624.3,29633.7,29606.8,29630.4
1788873300,29630.9,29639.8,29607.3,29620.5
1788874200,29617.2,29658,29438.9,29446.4
1788875100,29446.8,29509.8,29428.4,29475.8
1788876000,29475.9,29483.1,29397.5,29434.1
1788876900,29433.8,29494.1,29430.8,29488.4
1788877800,29489.1,29509.3,29462.7,29502.3
1788878700,29501.9,29535.7,29484.5,29534.6
1788879600,29536.7,29582.5,29517.5,29574.2
1788880500,29575.9,29602.9,29553.1,29580.2
1788881400,29581.4,29616.6,29567.5,29612.1
1788882300,29612.4,29616.1,29570.7,29575.7
1788883200,29576.4,29594.3,29550.4,29561.8
1788884100,29561.5,29577.1,29535.7,29540.8
1788885000,29541.4,29556.4,29533.1,29546.3
1788885900,29546.6,29581,29523.2,29545.2
1788886800,29543.9,29613.8,29543.3,29600.1
1788887700,29600.4,29604.9,29578.7,29587.1
1788888600,29587.3,29604.5,29570.5,29572.5
1788889500,29573,29585.4,29562.2,29562.7
1788890400,29562.5,29584.8,29559.5,29578.3
1788891300,29578,29587.7,29561.4,29569
1788892200,29569.1,29575.8,29551.5,29574.3
1788893100,29574.4,29582.9,29493.5,29547.4
1788894000,29547.8,29558.8,29532.7,29546.9
1788894900,29547.2,29550,29518,29537.5
1788895800,29536.7,29539,29516.2,29520.7
1788896700,29520.6,29525.2,29467.6,29511.9
1788897600,29510.9,29519.8,29478,29493.9
1788898500,29494.7,29498.7,29475.6,29477.5
1788899400,29477.1,29494.1,29473,29491.9
1788900300,29492.7,29498.5,29486.7,29495.4
1788901200,29495.3,29504.3,29493.7,29497.3
1788902100,29496.5,29498.7,29495,29495.2
1788903000,29495.1,29500.7,29492.8,29496.5
1788903900,29496.4,29500.1,29496.1,29497.5
1788904800,29496.8,29513,29478.3,29493.6
1788905700,29493.5,29500.9,29483.3,29493
1788906600,29492.9,29503,29487.4,29498
1788907500,29497.9,29517.9,29497.9,29515.7
1788908400,29515.2,29517.4,29501.6,29503
1788909300,29502.5,29502.5,29484.4,29487.3
1788910200,29487.1,29491.4,29473.8,29479.1
1788911100,29478.9,29483.5,29462.8,29474.6
1788912000,29474.8,29533.2,29473.9,29511.5
1788912900,29511.3,29511.6,29489.1,29496.1
1788913800,29496.3,29511.9,29481.9,29509.3
1788914700,29509.2,29535.3,29504.2,29533.2
1788915600,29532.9,29554.6,29529.9,29546.7
1788916500,29546.9,29570.1,29541.8,29561.6
1788917400,29561.7,29581.3,29548.8,29564.8
1788918300,29564.6,29578.7,29553.9,29563.6
1788919200,29564.4,29584.7,29562.5,29566.8
1788920100,29566.6,29575.1,29554.6,29572
1788921000,29571.9,29596.8,29567.5,29592.6
1788921900,29592.8,29595.9,29577.5,29584.2
1788922800,29584,29586.8,29554.8,29563.2
1788923700,29563.1,29573.9,29560.5,29567.4
1788924600,29567.5,29575.9,29558.2,29560.3
1788925500,29560.2,29562.8,29533.4,29536.4
1788926400,29536.1,29560.1,29520,29528.1
1788927300,29528.3,29566.3,29526.3,29551.3
1788928200,29551.6,29578,29544.5,29574.5
1788929100,29574.4,29590.2,29570.2,29585.4
1788930000,29585.1,29589.4,29569,29577.4
1788930900,29576.9,29578.7,29539.5,29551.4
1788931800,29551.9,29563.4,29533.8,29549.7
1788932700,29549.6,29594.4,29545.7,29594.4
1788933600,29594.5,29603.8,29575.9,29603.1
1788934500,29602.6,29607.1,29560.5,29567.9
1788935400,29566.5,29588,29558.7,29583.9
1788936300,29583.6,29584.6,29551.9,29555
1788937200,29555.8,29584.5,29535.4,29545.9
1788938100,29545.6,29586.7,29529.4,29582.4
1788939000,29583.3,29586.5,29561.9,29567
1788939900,29567.4,29568.5,29538.3,29559.9
1788940800,29559.6,29581.9,29547.5,29556.6
1788941700,29557.3,29567.6,29538,29559.8
1788942600,29559,29565.5,29513,29515
1788943500,29515.4,29544.8,29511.6,29539
1788944400,29539.1,29548.8,29505.1,29521.7
1788945300,29521.8,29530.9,29487.6,29502.9
1788946200,29502.3,29513.1,29444.8,29452.9
1788947100,29453,29459.6,29363.3,29373.9
1788948000,29374,29398.8,29344.8,29370.4
1788948900,29368.4,29406,29355.6,29392
1788949800,29392.1,29404.9,29368.5,29370.7
1788950700,29371,29378.6,29341.5,29363.8
1788951600,29366.1,29403.6,29352.7,29379.2
1788952500,29380.1,29404,29349,29390.6
1788953400,29390.8,29391.6,29347.7,29349.4
1788954300,29349.5,29424.8,29349.3,29370.4
1788955200,29372.5,29374.7,29308.3,29309.2
1788956100,29309.5,29340.6,29307.6,29326.3
1788957000,29326.1,29359.1,29314.8,29353.5
1788957900,29353.4,29375.7,29353.4,29361
1788958800,29361.5,29381.3,29353.7,29375.1
1788959700,29375.8,29427.6,29371.2,29427
1788960600,29425.7,29474.5,29391.6,29450.4
1788961500,29450.8,29538.2,29428.9,29532.2
1788962400,29530.7,29565.9,29503.8,29537.3
1788963300,29536.6,29536.6,29435.6,29510.7
1788964200,29510.1,29519.2,29469.7,29512.5
1788965100,29512.3,29517.2,29478.8,29504.2
1788966000,29504.6,29535.7,29364.7,29375.6
1788966900,29375.9,29428.6,29333.8,29366.6
1788967800,29366.8,29455.9,29364.3,29411.7
1788968700,29412.5,29442.2,29399.5,29421.8
1788969600,29421.4,29435.7,29386.8,29392
1788970500,29391.9,29393.7,29364.1,29376.5
1788971400,29374.8,29429.7,29372.3,29429.7
1788972300,29430.4,29452.6,29415.4,29433.4
1788973200,29432.9,29456.5,29420.2,29452.4
1788974100,29452.2,29458.9,29424,29425
1788975000,29425.4,29437.1,29405.3,29430.5
1788975900,29430.4,29456.6,29430.4,29442
1788976800,29443.3,29446.9,29418.8,29418.8
1788977700,29418.3,29437.3,29412,29429.2
1788978600,29429.5,29444.5,29421.4,29440
1788979500,29440.4,29449.5,29422,29422.8
1788980400,29422.3,29430.1,29405.1,29423.2
1788981300,29423.1,29445.3,29423.1,29426.2
1788982200,29426,29431.5,29411.4,29421.6
1788983100,29421.1,29427.3,29394.5,29426.5
1788984000,29426.6,29426.9,29404.2,29418
1788984900,29419,29423.4,29415,29416.1
1788985800,29415.9,29427.3,29413.8,29421.6
1788986700,29422.8,29428.1,29415.7,29428.1
1788987600,29428.4,29428.9,29410.6,29416.2
1788988500,29416.3,29424.7,29415.4,29418.7
1788989400,29418.5,29421.3,29416.5,29419.9
1788990300,29420.1,29421.2,29413.4,29419.5
1788991200,29427.5,29441,29396.4,29397.9
1788992100,29398.9,29405.4,29393.8,29401.2
1788993000,29400.5,29408.2,29398.3,29402.5
1788993900,29402.6,29407.1,29395.7,29401.6
1788994800,29401.8,29402.9,29389.3,29391
1788995700,29390.4,29406.7,29387.4,29400.2
1788996600,29400.3,29403.4,29396,29401.6
1788997500,29402.6,29439.2,29397.3,29432.7
1788998400,29432.2,29450,29413.5,29420.8
1788999300,29420.3,29447.2,29419.7,29442.4
1789000200,29442.8,29445.4,29411.4,29428.4
1789001100,29427.6,29427.8,29379.6,29381.9
1789002000,29382.3,29398.6,29358,29370.6
1789002900,29370,29386.6,29342.5,29347.9
1789003800,29346.3,29376.1,29334.5,29371.6
1789004700,29371.9,29387,29354.6,29379.6
1789005600,29379.9,29383.8,29347.1,29367.4
1789006500,29367.8,29367.8,29342.7,29347.3
1789007400,29348.5,29392.4,29345.9,29383.9
1789008300,29384,29393.2,29375.2,29386.3
1789009200,29386.8,29405.5,29385.2,29388.9
1789010100,29389,29400.1,29357.9,29376.6
1789011000,29376.1,29388.3,29364.7,29383.7
1789011900,29383.9,29402.3,29381.4,29398.4
1789012800,29399.3,29407.2,29391.4,29400.1
1789013700,29400.3,29406.7,29393.2,29402.9
1789014600,29403,29418.7,29400.7,29406
1789015500,29406.5,29432.8,29405.4,29427.1
1789016400,29427.8,29438.1,29417.4,29433.8
1789017300,29433.6,29464.8,29423.6,29458.6
1789018200,29459.3,29469.6,29449.9,29456.2
1789019100,29457.8,29479.4,29433.8,29454.2
1789020000,29453.9,29461.4,29423.3,29425.5
1789020900,29425.8,29443.1,29407.8,29443.1
1789021800,29443.5,29457.5,29438.6,29449.7
1789022700,29449.6,29461,29436.6,29445
1789023600,29445.3,29447.6,29421.9,29440.3
1789024500,29441,29443.4,29403.4,29404.6
1789025400,29404.7,29415.5,29388.2,29415.2
1789026300,29415.3,29426.1,29405.2,29413.9
1789027200,29412.7,29428.8,29400.1,29403.1
1789028100,29403.5,29424.6,29395.7,29418.1
1789029000,29421.1,29426.2,29383.9,29388.4
1789029900,29389.2,29397.5,29374.8,29384.3
1789030800,29384,29401.2,29375.4,29387.4
1789031700,29387.3,29391.1,29365.7,29369.1
1789032600,29368.9,29368.9,29331.7,29363.3
1789033500,29363.4,29391.6,29360.8,29379.2
1789034400,29373.6,29389.4,29358.5,29367.7
1789035300,29367.5,29380.7,29357.3,29362.6
1789036200,29362.4,29374.6,29336,29361.3
1789037100,29361.2,29394.6,29336,29347.1
1789038000,29346.9,29347.8,29296,29315.1
1789038900,29314.8,29320.8,29303.3,29308
1789039800,29307.8,29335.4,29307.8,29317
1789040700,29318.3,29322.4,29234.5,29236.2
1789041600,29236.3,29250.8,29204.7,29229.1
1789042500,29229.2,29234.2,29182.1,29204.3
1789043400,29202,29220.7,29052.8,29074
1789044300,29074.5,29077.8,29012.6,29029.3
1789045200,29030.3,29068.6,29026.4,29040
1789046100,29040.4,29060.5,29015.7,29060.1
1789047000,29060.5,29168.8,29028.5,29108.4
1789047900,29109,29171.8,29060.5,29070.4
1789048800,29070,29147.5,29067.9,29111.1
1789049700,29111.2,29231.2,29082.2,29177.3
1789050600,29176.5,29244.7,29176.1,29208.1
1789051500,29207.3,29236.6,29179.6,29234.4
1789052400,29235.1,29235.7,29185.8,29218.6
1789053300,29218.2,29229.8,29171.7,29209.1
1789054200,29209.5,29245.7,29190.6,29224.7
1789055100,29225.2,29229.5,29160.9,29179.7
1789056000,29179.8,29205.8,29139.7,29155
1789056900,29155.2,29175.5,29138.4,29152.7
1789057800,29152.5,29189.2,29109.7,29181.8
1789058700,29181,29217.7,29180.2,29207.1
1789059600,29207.6,29240.1,29188,29201.8
1789060500,29201.5,29208.7,29176,29183.6
1789061400,29185,29191.6,29152.9,29177.8
1789062300,29177.9,29180.1,29158.4,29162.1
1789063200,29161.9,29175,29124.2,29136.2
1789064100,29135.8,29155.4,29125.3,29132.9
1789065000,29131.9,29150.8,29121.3,29147.6
1789065900,29147.2,29173,29125.2,29148.5
1789066800,29148.3,29148.9,29115.1,29132.5
1789067700,29131.4,29139,29111.9,29131.1
1789068600,29130,29140.7,29117.3,29130.7
1789069500,29131.5,29138.4,29095.1,29111.7
1789070400,29110.4,29129.3,29096.8,29123.6
1789071300,29123.9,29127.6,29113.5,29117.1
1789072200,29118.1,29125.1,29114.6,29122.9
1789073100,29123.7,29126.4,29097.3,29111.2
1789074000,29109.7,29140.8,29109.3,29138.7
1789074900,29138.5,29138.5,29125.7,29127.2
1789075800,29129.7,29131.7,29104.9,29107.5
1789076700,29107.6,29125.7,29107.5,29123.8
1789077600,29123.3,29134.7,29114.7,29121.4
1789078500,29121.3,29135.6,29096.7,29096.7
1789079400,29097.1,29103,29082.1,29086
1789080300,29085.8,29095.4,29077.2,29084.6
1789081200,29084.5,29094.8,29080.5,29089.9
1789082100,29090,29091.7,29075.3,29079.1
1789083000,29079.2,29090.3,29075.7,29085.2
1789083900,29084.8,29086.5,29039.1,29043.3
1789084800,29043.8,29104,29042,29087.6
1789085700,29088,29122,29074.8,29115
1789086600,29116.1,29144.2,29096.6,29101.5
1789087500,29101.4,29140.3,29100.4,29137.1
1789088400,29137.5,29147,29124.3,29127.9
1789089300,29128,29129.8,29102,29104.9
1789090200,29104.5,29116.1,29086.4,29099.5
1789091100,29099.6,29109.4,29082.3,29108.8
1789092000,29109.3,29117.8,29098.7,29111.5
1789092900,29111.6,29111.7,29076.7,29086.9
1789093800,29086.2,29089.4,29059,29064.5
1789094700,29064.4,29090.6,29062.8,29072.4
1789095600,29071.9,29076.3,29038,29055.5
1789096500,29055.4,29063.3,29041.2,29051.9
1789097400,29052,29069.1,29024.8,29065.9
1789098300,29066.3,29068.8,29028.1,29037.8
1789099200,29037.3,29073.9,29019,29072.3
1789100100,29072.5,29103.3,29056,29100.7
1789101000,29100.8,29117.3,29094.6,29114
1789101900,29115.5,29127.6,29100.5,29100.9
1789102800,29101.2,29140.1,29096,29138.7
1789103700,29138.9,29143,29112.3,29115.1
1789104600,29115.2,29173.8,29115.2,29168.8
1789105500,29168.4,29223.7,29155.4,29212.7
1789106400,29212.3,29227.2,29193.6,29221.9
1789107300,29222,29232.3,29200.7,29204.8
1789108200,29204.3,29220.8,29194.5,29206.8
1789109100,29206.9,29240.8,29206.9,29233.6
1789110000,29234.4,29245.8,29227.8,29236.1
1789110900,29236.2,29242,29214.1,29214.1
1789111800,29214.2,29226.1,29207.5,29216.1
1789112700,29215.4,29226.8,29206.7,29221.6
1789113600,29221.7,29252.8,29206.2,29226
1789114500,29225.9,29294.6,29219.9,29252.2
1789115400,29253.5,29291.9,29252.1,29271.1
1789116300,29270.9,29301.7,29266.5,29301.4
1789117200,29302.7,29313.6,29273.1,29275.1
1789118100,29274.7,29294.8,29269.2,29282.2
1789119000,29282.1,29295,29281.1,29285.8
1789119900,29285.7,29305.4,29282.5,29297.9
1789120800,29298.1,29318.7,29267.1,29303.8
1789121700,29303.6,29310.6,29288,29295.1
1789122600,29295.3,29306.5,29289.2,29294.8
1789123500,29295.2,29296.5,29284.2,29288.8
1789124400,29289,29297.1,29268.4,29275.9
1789125300,29276.1,29304.1,29269.9,29291.5
1789126200,29292.2,29312.4,29275.4,29308.8
1789127100,29308.9,29319.4,29299.9,29305.4
1789128000,29305.8,29317.3,29283.7,29302.5
1789128900,29302.1,29376.4,29297,29366.2
1789129800,29366.1,29372.9,29187.6,29337.2
1789130700,29337.5,29456.4,29323.5,29450.6
1789131600,29450.1,29478.2,29414.8,29423.4
1789132500,29423.1,29433,29395.8,29399.2
1789133400,29398.2,29419.5,29328.4,29411.9
1789134300,29411.6,29451.6,29364.2,29451.6
1789135200,29451.5,29451.5,29346.9,29375
1789136100,29375.4,29443.3,29352.5,29427.9
1789137000,29428.1,29432,29331,29349.3
1789137900,29349.5,29377.3,29310.6,29347.7
1789138800,29347.2,29408.5,29338.7,29371.5
1789139700,29371.2,29470.7,29371.2,29461.8
1789140600,29460.4,29475.4,29439,29455.9
1789141500,29455.4,29455.9,29419.5,29427.1
1789142400,29428.5,29463.2,29423.5,29426.7
1789143300,29426.8,29430.6,29377.7,29381.2
1789144200,29382,29420.5,29371.2,29409.8
1789145100,29409.5,29416.2,29391.7,29413.6
1789146000,29415.4,29442.3,29414.4,29417.7
1789146900,29417.6,29459,29417.6,29442.8
1789147800,29442.7,29457,29437.1,29442.6
1789148700,29442.8,29447.8,29430.5,29432.9
1789149600,29433.6,29441.8,29418.7,29422.7
1789150500,29423,29427.3,29400.4,29422
1789151400,29421.2,29438.8,29412.5,29419.4
1789152300,29419.8,29425.4,29406,29410.5
1789153200,29410.3,29414.9,29385.7,29397
1789154100,29396.7,29406.5,29392.5,29395.4
1789155000,29394.3,29405.4,29390.7,29402.7
1789155900,29402.5,29408.4,29359.4,29365
1789156800,29365.6,29372.1,29355.7,29359.7
1789157700,29360.9,29367,29354.8,29362
1789158600,29362.1,29375.1,29360.3,29368.8
1789159500,29367.8,29377,29359.4,29368.5
1789336800,29064.6,29090.7,28963,29003.6
1789337700,29003.4,29063.9,28995.7,29062.7
1789338600,29062.8,29084.7,29053.6,29054.1
1789339500,29054,29067.3,29045,29050.9
1789340400,29050.7,29057.1,29037,29041.8
1789341300,29041.9,29079,29040.1,29075
1789342200,29075.3,29082.3,29013.4,29021.4
1789343100,29019.1,29019.1,28989.5,28998.8
1789344000,28998.3,29055.1,28994.8,29037.3
1789344900,29036.6,29043,28985.6,28994.8
1789345800,28994.9,29019,28991.5,29014.7
1789346700,29014.3,29026,28995.7,28997.6
1789347600,28997.4,29019.2,28982.9,28994.1
1789348500,28994,29002.5,28978.3,28998.2
1789349400,28998.6,29018.8,28985.2,29008.4
1789350300,29008.2,29054,29007.8,29048
1789351200,29048.1,29059.7,29033.8,29053.3
1789352100,29053.2,29055,29039,29047.6
1789353000,29047.5,29055.2,29021.1,29030.3
1789353900,29030.4,29051.4,29028.6,29034.5
1789354800,29034.4,29038.2,29007.1,29008.8
1789355700,29008.9,29019.3,28988.6,29007.4
1789356600,29007.7,29008,28989.7,28996.3
1789357500,28996.8,29006.3,28992,28998.4
1789358400,28998.6,29016.5,28991.4,28993.6
1789359300,28993.5,29004.7,28984.9,28999.3
1789360200,28999,29005.4,28983.1,28991.2
1789361100,28991.1,29014.2,28990.8,28997.5
1789362000,28997.7,29006.4,28990.7,28999.1
1789362900,28999.5,29001.2,28980.2,28993
1789363800,28993.1,29001.5,28967.5,28978.4
1789364700,28978.2,28995.5,28969.6,28995.5
1789365600,28995.6,29016.9,28990,29008.7
1789366500,29008.8,29016.6,28993.6,29013.5
1789367400,29013.7,29015.5,28978.2,28991.5
1789368300,28991.4,28998.5,28954.9,28958.8
1789369200,28958.5,28964.3,28917.1,28956.1
1789370100,28956.3,28967.2,28929,28929
1789371000,28930.7,28941.1,28908,28913.9
1789371900,28913.7,28920.7,28885.1,28897.6
1789372800,28898,28923.7,28888.6,28915.3
1789373700,28915.1,28917.3,28853.8,28854.9
1789374600,28853.8,28897.1,28852.9,28878
1789375500,28877.9,28884.3,28830.3,28857.9
1789376400,28858.4,28871.1,28817.1,28827.6
1789377300,28827.5,28838.5,28796.2,28832.8
1789378200,28831.3,28848.9,28823.9,28830.7
1789379100,28830.5,28844.8,28818.4,28837.3
1789380000,28837.4,28863.2,28835.1,28856
1789380900,28856.2,28891.5,28840.6,28889.2
1789381800,28888.7,28919.8,28882.6,28914.2
1789382700,28914.1,28921.7,28895,28904.8
1789383600,28905.5,28927.8,28895.2,28915.7
1789384500,28915.6,28956.4,28915.3,28952.5
1789385400,28952.8,28954,28914.1,28927.3
1789386300,28926.9,28940.5,28902.8,28909.9
1789387200,28909.7,28910.1,28871.6,28892.1
1789388100,28892.4,28927.6,28886.1,28899
1789389000,28899.3,28913.5,28833.3,28882.9
1789389900,28882.8,28886.2,28838.9,28859.3
1789390800,28859.8,28860.2,28807.9,28855.9
1789391700,28855.8,28904.5,28855.8,28884.1
1789392600,28885.5,28933.6,28860.8,28931.7
1789393500,28931.6,29024.8,28931.5,28986
1789394400,28986.5,29069.2,28983.4,29056.9
1789395300,29057.9,29065,28966.6,28994.9
1789396200,28993.5,29006.7,28941.7,28978.2
1789397100,28977.5,29005,28954.2,28996.6
1789398000,28997.7,29064.7,28972.6,29006.8
1789398900,29007.1,29072.7,29002.3,29061.3
1789399800,29062.1,29191.4,29056.6,29183.5
1789400700,29183.9,29187.1,29145.2,29156.8
1789401600,29155.6,29159.1,29115.3,29142.8
1789402500,29143.2,29209.9,29143.2,29174.3
1789403400,29173,29201.2,29166.4,29201.2
1789404300,29200.3,29258,29187.1,29239.2
1789405200,29240.5,29255.9,29222.9,29236.7
1789406100,29236.9,29260.9,29219.7,29260.6
1789407000,29259.3,29265.7,29248.2,29260
1789407900,29259.8,29284.8,29259.6,29262.2
1789408800,29263.6,29283.4,29251,29266.5
1789409700,29266.3,29273.8,29238.4,29244.3
1789410600,29242.9,29262.6,29240.2,29250.2
1789411500,29250.1,29256,29234.7,29237.5
1789412400,29237.9,29240.9,29209.6,29215.6
1789413300,29215.2,29215.3,29197.1,29203.8
1789414200,29205.1,29212.3,29190.8,29196.6
1789415100,29196.1,29205.5,29125.6,29129
1789416000,29128.1,29143.6,29126.3,29139.7
1789416900,29140.7,29157.7,29126.1,29154
1789417800,29153.8,29162.3,29148.1,29156.1
1789418700,29156,29174.6,29154.9,29168
1789419600,29165.4,29165.4,29155.2,29155.2
1789420500,29156.1,29162.7,29146.9,29148.5
1789421400,29148.7,29149.6,29144.9,29146.7
1789422300,29147.6,29158,29147.5,29158
1789423200,29158.5,29169.4,29140.3,29145.6
1789424100,29145.5,29149.8,29131.5,29140.8
1789425000,29141.3,29148,29139.1,29140.6
1789425900,29140.5,29155.6,29140.3,29142.7
1789426800,29142.8,29149.2,29136.1,29144.6
1789427700,29144.4,29146.6,29132.8,29135.5
1789428600,29135.6,29146.2,29135,29139.3
1789429500,29139.5,29143.9,29127.2,29142.2
1789430400,29143.2,29152.8,29110.8,29142
1789431300,29142.1,29151.1,29116.2,29135.4
1789432200,29135.5,29172.5,29135.3,29166.9
1789433100,29166.8,29174.1,29146.7,29152.7
1789434000,29152.5,29175.8,29144.8,29168.8
1789434900,29168.7,29177.1,29155.1,29157.8
1789435800,29157.6,29161.4,29113.4,29124.3
1789436700,29124.2,29152.4,29116.1,29144.3
1789437600,29144.8,29155.5,29136.9,29145.6
1789438500,29145.9,29151.9,29136.7,29144.8
1789439400,29144.9,29153.4,29133.8,29139.9
1789440300,29140.1,29149.6,29138.2,29144.4
1789441200,29144.2,29151.2,29127.1,29134.2
1789442100,29134.1,29137.5,29124.2,29130.5
1789443000,29129.7,29136.6,29123.4,29132.1
1789443900,29133.2,29137.8,29096.7,29098.4
1789444800,29098.1,29115.5,29092.1,29097.1
1789445700,29097,29102.6,29061.8,29069.3
1789446600,29069.5,29076.5,29047.5,29072.7
1789447500,29072.6,29084.7,29036.5,29036.9
1789448400,29036.3,29048.6,29003,29011.7
1789449300,29011.6,29027.1,28993.7,29024.4
1789450200,29023.9,29062.4,29012.5,29058
1789451100,29058.1,29085.8,29051.1,29060.9
1789452000,29061,29075.9,29046.8,29064.5
1789452900,29064.7,29076.3,29052.2,29054
1789453800,29054.3,29055.8,29028.9,29031.7
1789454700,29031.2,29043,29023.3,29035.8
1789455600,29035.3,29059.6,29006.7,29007.7
1789456500,29008,29064.2,29006.8,29037.8
1789457400,29038,29048,28994.9,28999.7
1789458300,28999.6,29018.5,28979.9,29001.1
1789459200,29001,29001,28913.4,28956.1
1789460100,28956.7,28990.5,28956,28970.6
1789461000,28971.2,28975.4,28948.9,28954.4
1789461900,28954,28967.5,28944.5,28955.3
1789462800,28955.6,28965.5,28930.8,28944.1
1789463700,28944.3,28954.2,28917.4,28951.7
1789464600,28951.5,28981.9,28938.9,28974.5
1789465500,28974.7,29027.4,28974.2,29020.7
1789466400,29020.2,29046.1,29011.6,29028.9
1789467300,29028.3,29044.1,29014.9,29044.1
1789468200,29043.9,29060,29035.1,29052.7
1789469100,29052.6,29082,29044.8,29080
1789470000,29079,29109.3,29076.5,29097.7
1789470900,29097.8,29111.8,29084.2,29087.6
1789471800,29087.5,29095.2,29071.3,29089.4
1789472700,29089.6,29103.2,29085.4,29099.1
1789473600,29098.8,29123.6,29085.2,29119.1
1789474500,29119,29124.3,29081.2,29106.9
1789475400,29106.3,29114.3,29085.1,29101.6
1789476300,29101.7,29168.6,29098.3,29119.1
1789477200,29118.5,29128.7,29107.9,29111
1789478100,29111.1,29120.3,29094.6,29103.3
1789479000,29104.1,29121.5,29053.3,29116.9
1789479900,29117.4,29134,29088.8,29110.7
1789480800,29109.6,29116.2,29032.3,29036.6
1789481700,29036.1,29057.3,28997.9,29019.8
1789482600,29019.3,29027.2,28970.9,28983
1789483500,28983.3,28995.3,28908.9,28933.5
1789484400,28935.2,28984.6,28933.2,28967.6
1789485300,28967.7,28989.9,28961,28983.5
1789486200,28983.6,28989.7,28955,28981.4
1789487100,28980.9,28997.9,28955.6,28970.4
1789488000,28971.4,28983.3,28934,28937
1789488900,28937.1,28993.4,28933.9,28977.9
1789489800,28977.6,28984.4,28958.1,28969.4
1789490700,28968.8,28993.4,28958.3,28972.7
1789491600,28972.5,28975,28936.4,28946.5
1789492500,28946.9,28957.9,28933.6,28945.4
1789493400,28946,28959.8,28936.8,28948.1
1789494300,28948.3,28963.9,28939.4,28956.4
1789495200,28955.6,28979.6,28948.1,28972
1789496100,28972.8,28974.2,28954.3,28971.3
1789497000,28970.6,28970.6,28941.1,28942.7
1789497900,28942.8,28946.1,28921.5,28944.9
1789498800,28944.7,28950.7,28930.9,28933.5
1789499700,28933.7,28937.2,28924.1,28931.6
1789500600,28931,28934,28906.7,28920.3
1789501500,28919.7,28942.9,28900.8,28939
1789502400,28938.6,28980.9,28937.8,28974.1
1789503300,28973.9,28976.4,28958.2,28959.8
1789504200,28959.3,28972.6,28956.6,28969
1789505100,28968.8,28975.2,28964.6,28966.1
1789506000,28967.4,28967.7,28963.9,28964.7
1789506900,28964.6,28964.7,28956.9,28957
1789507800,28955.9,28955.9,28947.9,28949.5
1789508700,28949.4,28950.2,28942.2,28947.7
1789509600,28961.2,28968.4,28951.6,28953.9
1789510500,28953.6,28965.6,28953.4,28958.7
1789511400,28959.1,28978.1,28957.5,28974.1
1789512300,28974.2,28981.1,28970.8,28972.5
1789513200,28972.4,28976.8,28968.4,28969.9
1789514100,28969.3,28970.8,28955.9,28958.6
1789515000,28958.5,28978.5,28956.4,28973.5
1789515900,28973.8,28977.9,28966,28971.1
1789516800,28970.9,28978.1,28947.7,28970.3
1789517700,28971.1,28974.9,28957.8,28968
1789518600,28967.9,28977.7,28955.7,28962.5
1789519500,28962.6,28975.5,28957.3,28961.5
1789520400,28961.4,28972.2,28931,28971.5
1789521300,28971.9,28981.3,28962.2,28967.6
1789522200,28967.3,28970.8,28936.9,28950.3
1789523100,28950.2,28956.9,28916.4,28920
1789524000,28919.7,28953.6,28917.7,28926.5
1789524900,28926.4,28968.3,28926.4,28964.8
1789525800,28964.7,28976.1,28944.7,28951.5
1789526700,28951.6,28973.6,28951.3,28973.1
1789527600,28973.3,29013.8,28971.5,29013.6
1789528500,29013.7,29047.4,29010,29010
1789529400,29009.9,29017,28991.3,29014.9
1789530300,29014.5,29030.7,29014.2,29020.4
1789531200,29020,29033.8,29018.8,29021.1
1789532100,29021.2,29033.8,29011.2,29012.3
1789533000,29012.4,29014.1,28990.2,28997.9
1789533900,28997.7,29012.6,28996.2,28996.2
1789534800,28996.1,29009.3,28975.9,29002.9
1789535700,29002.8,29018.7,29000.2,29014.2
1789536600,29014.6,29037.8,29006.1,29033.9
1789537500,29034.4,29039.5,29012.6,29023.8
1789538400,29025.8,29063.5,29019.2,29050.6
1789539300,29051.1,29056.4,29019.3,29035.3
1789540200,29033.8,29039.6,29020.3,29035.5
1789541100,29035.3,29058.1,29025.3,29054.5
1789542000,29054.4,29086.3,29049.6,29075
1789542900,29075.5,29083.1,29057.2,29076.5
1789543800,29076.1,29090.8,29057.6,29061
1789544700,29061.9,29069.3,29048.9,29060.5
1789545600,29060.2,29067.6,29020.8,29038
1789546500,29037.6,29064.8,29022.3,29037.5
1789547400,29037.8,29057.2,29015.6,29036.4
1789548300,29036.3,29065.2,29031,29065
1789549200,29065.1,29072.1,29045.8,29046.2
1789550100,29046.1,29063.8,29027.4,29049.2
1789551000,29049.1,29081.8,29042.1,29073.5
1789551900,29073.4,29083.8,29057.6,29069.2
1789552800,29069,29075.7,29047.9,29061.4
1789553700,29061.3,29066.8,29051.6,29063.5
1789554600,29063.6,29075.9,29059.8,29074.7
1789555500,29073.9,29085.2,29058.2,29085.2
1789556400,29088.2,29111.7,29064.3,29064.8
1789557300,29065.1,29078.9,29056,29069.1
1789558200,29069.2,29106.9,29069.1,29100
1789559100,29100.3,29107.1,29093.6,29105.5
1789560000,29105.4,29128.1,29102.3,29112.2
1789560900,29112.1,29126.5,29110.5,29122.4
1789561800,29122.6,29122.6,29061,29061.2
1789562700,29061.3,29097.9,29056.9,29092
1789563600,29091.9,29103,29055.4,29092.2
1789564500,29091.2,29105.1,29075.3,29077.4
1789565400,29076.8,29111,29063.7,29097.2
1789566300,29097.4,29173.5,29092.7,29170.8
1789567200,29170,29172.7,29111.5,29140.7
1789568100,29141.9,29168.8,29136.5,29144.1
1789569000,29145.6,29160.5,29119.8,29159.1
1789569900,29158.9,29192.4,29141.3,29189
1789570800,29189.4,29226.4,29175.7,29212.4
1789571700,29212.2,29215.2,29184.4,29197.5
1789572600,29198.3,29203.1,29175.2,29188.8
1789573500,29188.7,29239.3,29181.5,29191.9
1789574400,29190.6,29192.1,29162,29176.7
1789575300,29176.9,29187.7,29159,29176.5
1789576200,29176.4,29179.7,29157.2,29163.8
1789577100,29163.9,29184.3,29159.2,29160.9
1789578000,29160.6,29161.9,29132.7,29152.2
1789578900,29152.3,29158.1,29136.6,29150
1789579800,29150.2,29155.7,29113.2,29116.4
1789580700,29116.5,29168.8,29116.5,29165
1789581600,29166.3,29230,29106.3,29158.7
1789582500,29158,29175.4,29099.8,29147
1789583400,29146.2,29186.6,28993,29132.5
1789584300,29132.2,29164.1,28916.9,28925.1
1789585200,28924.6,28998.3,28803,28829.2
1789586100,28823.7,28859.2,28750.3,28827.3
1789587000,28831.3,28902.1,28822.9,28871
1789587900,28869.2,28957.7,28868.4,28943.7
1789588800,28942.7,28973.8,28937.8,28955.6
1789589700,28956.4,28962.8,28921.7,28936.5
1789590600,28936.2,28958.8,28927.8,28952.9
1789591500,28953.4,28965.2,28944.4,28955.7
1789592400,28955.9,28960.4,28950.6,28955.1
1789593300,28954.8,28960.1,28954.5,28957.9
1789594200,28957.8,28982,28956.4,28982
1789595100,28981.6,28982.7,28964.8,28969.6
1789596000,28966.5,28980.1,28945.9,28977.2
1789596900,28976.9,29024.9,28972.6,29017.2
1789597800,29017,29064.2,29017,29052
1789598700,29051.8,29055.1,29035.4,29043
1789599600,29042.5,29066.9,29042.5,29060.6
1789600500,29060.7,29111.5,29060.7,29089.2
1789601400,29090.8,29137.9,29089.5,29129.3
1789602300,29129.5,29151.3,29126.2,29144.4
1789603200,29144,29160.1,29107.6,29107.8
1789604100,29108,29142.3,29103.5,29127.8
1789605000,29128.3,29171.8,29125.3,29150.9
1789605900,29150.8,29158.7,29124.5,29142.7
1789606800,29143.1,29168.7,29126.5,29146.1
1789607700,29146.3,29149.8,29131.8,29138.4
1789608600,29138.9,29161.9,29122.5,29135.2
1789609500,29135,29138.9,29099.4,29112.1
1789610400,29112.3,29133.3,29099.6,29108.4
1789611300,29108.1,29120.9,29104.8,29111.5
1789612200,29111.6,29149,29110.2,29141
1789613100,29141.3,29144.3,29112.1,29114.9
1789614000,29115,29136.4,29111.9,29134.8
1789614900,29135,29142.7,29121.4,29142.3
1789615800,29141,29157.4,29134.8,29153
1789616700,29152.9,29158.2,29135.9,29153
1789617600,29155.4,29163.5,29146.1,29151.3
1789618500,29151,29153.2,29132.9,29145
1789619400,29144.4,29160.1,29132.8,29152.8
1789620300,29153.4,29164.6,29136.2,29142.6
1789621200,29142.7,29147.3,29126.1,29127.5
1789622100,29127.6,29135.4,29113.6,29121.6
1789623000,29121.9,29125.9,29084,29087.2
1789623900,29087.1,29098.5,29066,29068.9
1789624800,29068.8,29108.7,29063.4,29085.2
1789625700,29085.3,29137.7,29069.2,29137.7
1789626600,29137.4,29162.2,29134.5,29154.8
1789627500,29154.3,29166.9,29149,29162.4
1789628400,29162.1,29218.9,29154,29203.2
1789629300,29203.7,29244.6,29199.3,29241.5
1789630200,29241.4,29261.9,29230.5,29237.9
1789631100,29238.4,29240.3,29204,29212.1
1789632000,29212.7,29227.6,29184.8,29189.6
1789632900,29189.3,29214.5,29178.8,29210.3
1789633800,29211,29232.7,29197.9,29222.9
1789634700,29223.4,29254.3,29220,29248.9
1789635600,29248.5,29286.2,29248.5,29264
1789636500,29263.8,29268.6,29245.2,29250.4
1789637400,29250.3,29267.3,29246.5,29259.7
1789638300,29259.4,29273.3,29238.1,29252
1789639200,29252.5,29274.8,29250.6,29264.3
1789640100,29264.7,29283.8,29254.6,29271.7
1789641000,29273,29282.6,29254.2,29259.8
1789641900,29259.6,29282.3,29255.3,29277.9
1789642800,29278.2,29304.3,29267.7,29282.1
1789643700,29281.8,29287.5,29258.6,29271.6
1789644600,29271.5,29277.5,29252.3,29253.5
1789645500,29253,29318.1,29249.5,29317.1
1789646400,29316.2,29373.7,29289.9,29357.7
1789647300,29358.7,29418.5,29355,29417.3
1789648200,29417.2,29447.9,29404.9,29415.4
1789649100,29415.9,29425.3,29401.5,29416.2
1789650000,29416.4,29441.6,29408.4,29423.4
1789650900,29423.1,29437.8,29403.3,29413.8
1789651800,29413,29428.4,29304.3,29334.9
1789652700,29334.7,29387.8,29318.3,29381.9
1789653600,29382.4,29412.5,29334.4,29405.7
1789654500,29406,29435.8,29387.6,29407.5
1789655400,29407.2,29441.9,29403.1,29410.1
1789656300,29410.5,29412.5,29365.6,29377.2
1789657200,29378.6,29390.2,29350,29380.8
1789658100,29376.8,29412.9,29370.5,29404.1
1789659000,29404.6,29437,29398.1,29432.5
1789659900,29432.4,29440.3,29421.5,29437.5
1789660800,29437,29439.8,29411.5,29433.9
1789661700,29434,29448.8,29426.7,29442.2
1789662600,29442.4,29446.7,29412.9,29442.6
1789663500,29442.3,29445.1,29400.9,29436.9
1789664400,29436.8,29458.4,29434.8,29454
