time,open,high,low,close
1762124400,3995.47,3996.8,3990.91,3996.075
1762125300,3996.185,3999.335,3988.595,3994.68
1762126200,3994.53,3995.865,3978.08,3979.055
1762127100,3979.095,3985.305,3977.91,3979.67
1762128000,3979.605,3988.505,3966.19,3968.29
1762128900,3968.255,3973.38,3962.275,3970.965
1762129800,3970.955,3977.915,3963.28,3972.79
1762130700,3972.69,3977.05,3967.845,3970.755
1762131600,3970.76,3989.455,3965.28,3986.72
1762132500,3986.715,3999.89,3986.62,3998.95
1762133400,3998.89,4002.075,3990.265,3992.14
1762134300,3992.12,4000.295,3990.25,3996.09
1762135200,3996.055,3998.785,3990.445,3995.08
1762136100,3995.065,4006.7,3994.93,3995.805
1762137000,3995.84,4006.265,3995.25,4001.6
1762137900,4001.86,4006.485,3997.845,4004.21
1762138800,4004.265,4011.585,4002.2,4007.765
1762139700,4007.79,4010.605,4005.54,4006.1
1762140600,4006.105,4013.33,4005.47,4010.86
1762141500,4010.97,4015.45,4010.96,4011.29
1762142400,4011.295,4014.53,4006.825,4009.62
1762143300,4009.585,4009.835,4001.85,4005.62
1762144200,4005.555,4007.95,4002.69,4006.99
1762145100,4006.96,4007.545,4002.76,4003.7
1762146000,4003.71,4010.08,3997.705,4006.975
1762146900,4006.98,4012.91,4004.855,4012.04
1762147800,4012.015,4018.33,4012,4014.85
1762148700,4014.855,4016.92,4011.195,4013.935
1762149600,4013.93,4016.755,4010.03,4014.71
1762150500,4014.615,4018.705,4013.24,4016.565
1762151400,4016.585,4018.03,4013.25,4015.64
1762152300,4015.62,4018.795,4013.93,4017.635
1762153200,4017.64,4023.67,4015.165,4015.37
1762154100,4015.375,4020.65,4013.62,4019.115
1762155000,4019.055,4023.295,4015.715,4022.345
1762155900,4022.275,4026.045,4020.51,4025.185
1762156800,4025.195,4028.13,4020.69,4021.705
1762157700,4021.675,4023.62,4011.215,4014.51
1762158600,4014.515,4017.67,4011.955,4016.705
1762159500,4016.715,4020.845,4012.885,4019.715
1762160400,4019.71,4026.11,4016.735,4021.655
1762161300,4021.66,4022.14,4004.97,4007.24
1762162200,4007.245,4008.065,3996.52,3997.39
1762163100,3997.315,4005.36,3993.1,4000.63
1762164000,4000.675,4005.085,3994.44,3997.605
1762164900,3997.54,4000.815,3995.735,3997.915
1762165800,3997.865,4001.32,3994.445,3998.06
1762166700,3998.035,3999.255,3994.635,3998.715
1762167600,3998.645,4002.44,3994.34,4000.67
1762168500,4000.66,4007.14,3998.935,4006.705
1762169400,4006.77,4007.23,4003.1,4005.385
1762170300,4005.39,4008.76,4004.56,4007.69
1762171200,4007.71,4008.805,4004.865,4007.19
1762172100,4007.19,4007.815,4001.905,4005.3
1762173000,4005.29,4011.125,4003.86,4008.34
1762173900,4008.345,4013.8,4007.97,4013.61
1762174800,4013.59,4018.58,4012.14,4015.805
1762175700,4015.79,4019.82,4014.075,4014.505
1762176600,4014.52,4020.765,4010.865,4017.52
1762177500,4017.495,4018.34,4014.845,4016.155
1762178400,4015.96,4020.865,4012.76,4016.205
1762179300,4016.215,4020.555,4009.375,4010.29
1762180200,4010.335,4013.765,4001.755,4012.645
1762181100,4012.665,4026.155,4012.545,4022.855
1762182000,4022.84,4030.825,4022.84,4026.6
1762182900,4026.615,4028.93,4008.645,4011.62
1762183800,4011.54,4022.555,4005.42,4021.455
1762184700,4021.485,4023.81,4003.39,4008.59
1762185600,4008.595,4013.545,4001.775,4004.735
1762186500,4004.7,4005.31,3995.22,3998.17
1762187400,3998.14,4004.61,3996.05,4003.78
1762188300,4003.77,4009.885,4002.03,4008.48
1762189200,4008.495,4010.105,4003.59,4008.51
1762190100,4008.485,4012.245,4006.625,4007.04
1762191000,4007.04,4007.47,4004.555,4005.94
1762191900,4005.905,4007.78,4005.315,4006.23
1762192800,4006.305,4006.98,4001.765,4002.94
1762193700,4002.92,4003.95,3999.57,4001.47
1762194600,4001.525,4009.78,4001.195,4008.41
1762195500,4008.46,4008.635,4003.58,4006.435
1762196400,4006.42,4008.295,3995.445,4003.46
1762197300,4003.475,4006.055,4001.815,4004.09
1762198200,4004.095,4005.115,4000.7,4000.7
1762199100,4000.735,4007.64,3999.87,4004.66
1762200000,4004.655,4012.45,4004.59,4010.31
1762200900,4010.39,4015.06,4009.715,4011.665
1762201800,4011.66,4012.29,4007.175,4009.295
1762202700,4009.305,4012.225,4008.07,4010.315
1762203600,4010.24,4010.24,4004.64,4004.98
1762204500,4005.11,4005.875,4001.15,4002.005
1762205400,4002,4002.945,4000.36,4001.425
1762206300,4001.415,4002.5,4000.12,4001.605
1762210800,4005.115,4005.27,3981.565,3988.77
1762211700,3988.735,3997.895,3988.21,3996.155
1762212600,3996.125,3999.77,3994.62,3997.875
1762213500,3997.9,3999.555,3992.63,3997.27
1762214400,3997.36,3998.915,3990.345,3994.815
1762215300,3994.71,3999.295,3992.535,3993.28
1762216200,3993.275,3993.985,3978.675,3980.25
1762217100,3980.255,3989.36,3980,3986.51
1762218000,3986.58,3992.775,3984.43,3990.155
1762218900,3990.145,3994.81,3981.09,3985.73
1762219800,3985.725,3988.2,3979.64,3987.495
1762220700,3987.295,3990.61,3985.115,3987.545
1762221600,3987.52,3987.535,3975.57,3977.25
1762222500,3977.24,3984.305,3977.24,3984.155
1762223400,3984.125,3985.465,3977.21,3983.455
1762224300,3983.22,3986.81,3975.885,3986.685
1762225200,3986.855,3990.665,3981.7,3988.39
1762226100,3988.395,3993.86,3984.895,3992.725
1762227000,3992.74,3999.465,3991.025,3992.425
1762227900,3992.495,3995.61,3991.255,3994.64
1762228800,3994.615,3995.26,3988.275,3988.945
1762229700,3988.91,3993.35,3988.085,3992.06
1762230600,3992.045,3993.62,3988.155,3988.465
1762231500,3988.45,3991.645,3984.225,3985.645
1762232400,3985.275,3987.055,3981.24,3984.105
1762233300,3984.08,3987.345,3983.045,3983.18
1762234200,3983.175,3985.82,3975.865,3976.5
1762235100,3976.485,3981.64,3972.805,3973.355
1762236000,3973.365,3975.74,3966.605,3974.685
1762236900,3974.695,3976.305,3968.375,3975.71
1762237800,3975.745,3981.175,3973.975,3979.71
1762238700,3979.84,3988.145,3977.585,3985.095
1762239600,3985.165,3990.33,3982.31,3986.985
1762240500,3987.105,3996.585,3985.89,3994.02
1762241400,3994.065,3996.115,3990.36,3991.42
1762242300,3991.395,3996.3,3991.29,3993.9
1762243200,3993.91,3999.47,3991.475,3991.705
1762244100,3991.68,4000.855,3990.665,3999.825
1762245000,3999.83,4000.735,3994.905,3999.155
1762245900,3999.17,4000.38,3995.725,3996.14
1762246800,3996.165,3997.815,3991.21,3991.685
1762247700,3991.625,3994.87,3991.335,3991.965
1762248600,3991.94,3999.62,3991.665,3997.315
1762249500,3997.34,3998.01,3990.535,3991.27
1762250400,3991.245,3994.89,3986.065,3994.675
1762251300,3994.635,3997.045,3991.47,3992.265
1762252200,3992.27,3997.655,3990.74,3995.585
1762253100,3995.635,3996.275,3991.19,3993.94
1762254000,3993.96,3995.925,3991.845,3994.1
1762254900,3994.12,3995.96,3992.86,3994.3
1762255800,3994.315,3995.895,3992.355,3992.475
1762256700,3992.47,4000.085,3991.895,3994.97
1762257600,3994.995,3996.8,3993.48,3996.735
1762258500,3996.74,3997.61,3989.86,3990.365
1762259400,3990.38,3991,3984.11,3990.785
1762260300,3990.77,3992.675,3983.7,3984.765
1762261200,3984.72,3995.56,3983.815,3993.29
1762262100,3993.295,3996.09,3983.035,3984.08
1762263000,3984.06,3988.29,3975.54,3980.415
1762263900,3980.405,3982.425,3971.855,3975.82
1762264800,3975.8,3976.835,3964.28,3975.98
1762265700,3976.015,3977.875,3951.25,3951.47
1762266600,3951.495,3956.785,3928.685,3931.4
1762267500,3931.325,3959.855,3930.93,3957.12
1762268400,3957.08,3958.88,3944.45,3947.335
1762269300,3947.36,3953.085,3941.41,3949.13
1762270200,3949.12,3968.35,3948.27,3965.415
1762271100,3965.445,3966.065,3956.5,3956.91
1762272000,3956.92,3965.81,3956.815,3963.75
1762272900,3963.765,3975.685,3963.755,3972.47
1762273800,3972.46,3974.15,3965.685,3969.72
1762274700,3969.75,3970.48,3963.96,3969.14
1762275600,3969.15,3971.165,3961.875,3964.185
1762276500,3964.33,3965.455,3958.77,3959.48
1762277400,3959.54,3965.2,3959.165,3961.175
1762278300,3961.2,3964.36,3952.375,3955.08
1762279200,3954.825,3956.93,3949.66,3950.61
1762280100,3950.74,3952.865,3945.575,3950.76
1762281000,3950.82,3951.47,3932.04,3938.5
1762281900,3938.425,3941.3,3935.685,3937.81
1762282800,3937.815,3944.245,3934.63,3940.29
1762283700,3940.28,3944.22,3940.16,3942.12
1762284600,3942.065,3943.2,3935.6,3938.025
1762285500,3937.96,3940.13,3936.035,3937.5
1762286400,3937.55,3939.465,3931.275,3934.305
1762287300,3934.395,3937.83,3931.985,3937.42
1762288200,3937.445,3942.2,3936.045,3940.95
1762289100,3941.03,3941.33,3936.45,3938.77
1762290000,3938.79,3939.14,3933.76,3934.28
1762290900,3934.315,3935.47,3931.125,3934.145
1762291800,3934.15,3935.215,3930.56,3931.135
1762292700,3931.12,3934.395,3930.61,3932.1
1762297200,3937.93,3940.88,3934.14,3935.85
1762298100,3935.79,3939.92,3935.12,3937.97
1762299000,3938.05,3938.885,3933.5,3938.215
1762299900,3937.975,3937.975,3930.92,3934.6
1762300800,3934.625,3942.96,3932.955,3939.985
1762301700,3940.045,3942.495,3934.505,3938.78
1762302600,3938.91,3939.89,3929.82,3931.62
1762303500,3931.6,3939.785,3929.35,3939.745
1762304400,3939.735,3945.13,3937.155,3943.185
1762305300,3943.035,3948.585,3938.41,3946.235
1762306200,3946.275,3949.56,3943.145,3943.28
1762307100,3943.145,3943.65,3934.6,3937.125
1762308000,3937.06,3945.55,3935.725,3942.35
1762308900,3942.335,3942.465,3936.295,3938.14
1762309800,3938.235,3948.94,3937.98,3945.145
1762310700,3945.15,3951.115,3945.045,3948.685
1762311600,3948.705,3955.825,3947.645,3953.005
1762312500,3952.96,3956.37,3952.925,3953.285
1762313400,3953.36,3959.585,3952.095,3959.295
1762314300,3959.395,3965.345,3959.255,3960.98
1762315200,3960.9,3965.045,3959.835,3962.035
1762316100,3962.04,3964.48,3960.325,3963.67
1762317000,3963.68,3972.155,3963.6,3971.46
1762317900,3971.45,3973.905,3967.68,3970.495
1762318800,3970.65,3972.3,3967.13,3971.225
1762319700,3971.25,3978.78,3970.505,3975.86
1762320600,3975.845,3976.035,3969.095,3969.86
1762321500,3969.835,3969.85,3961.875,3965.055
1762322400,3965.07,3968.875,3962.04,3964.725
1762323300,3964.74,3970.495,3963.645,3967.39
1762324200,3967.435,3973.645,3965.285,3971.36
1762325100,3971.285,3971.97,3965.045,3966.275
1762326000,3966.285,3967.85,3963.92,3966.315
1762326900,3966.31,3969.64,3963.74,3966.205
1762327800,3966.21,3971.32,3965.38,3970.285
1762328700,3970.26,3974.88,3968.52,3972.6
1762329600,3972.565,3987.34,3972.52,3982.105
1762330500,3982.08,3984.16,3978.48,3980.105
1762331400,3980.07,3986.195,3980.005,3981.88
1762332300,3981.89,3983.815,3979.565,3980.025
1762333200,3980.02,3981.49,3975.115,3975.515
1762334100,3975.465,3975.71,3963.57,3965.055
1762335000,3965.085,3971.865,3963.62,3969.98
1762335900,3969.955,3972.76,3969.105,3971.955
1762336800,3971.885,3971.935,3956.1,3963.86
1762337700,3963.845,3967.455,3960.415,3964.72
1762338600,3964.67,3967.515,3964.28,3967.185
1762339500,3967.245,3970.295,3960.57,3964.7
1762340400,3964.7,3969.14,3960.46,3960.89
1762341300,3960.835,3961.9,3957.48,3958.155
1762342200,3958.15,3964.235,3957.61,3963.225
1762343100,3963.285,3968.265,3962.56,3966.99
1762344000,3966.995,3967.21,3962.245,3964.3
1762344900,3964.335,3969.905,3963.56,3967.605
1762345800,3967.5,3968.12,3963.185,3964.585
1762346700,3964.635,3969.675,3963.765,3969.65
1762347600,3969.725,3974.575,3966.735,3972.655
1762348500,3972.66,3977.67,3964.885,3976.115
1762349400,3976.115,3977.165,3970.895,3974.54
1762350300,3974.685,3979.48,3971.11,3975.91
1762351200,3975.925,3980.695,3973.7,3979.6
1762352100,3979.665,3985.51,3978.46,3984.025
1762353000,3984,3985.725,3975.795,3976.34
1762353900,3976.345,3978.725,3969.665,3973.6
1762354800,3973.62,3977.765,3964.27,3970.66
1762355700,3970.905,3980.225,3966.58,3979.355
1762356600,3979.37,3984.49,3978.155,3983.035
1762357500,3983.065,3984.275,3977.2,3978.295
1762358400,3978.345,3982.175,3975.75,3976.65
1762359300,3976.655,3981.47,3974.985,3981.365
1762360200,3981.475,3984.585,3977.59,3982.76
1762361100,3982.83,3990.565,3982.83,3986.96
1762362000,3987.045,3989.705,3982.35,3984.3
1762362900,3984.27,3985.475,3978.58,3982.325
1762363800,3982.34,3984.39,3979.685,3983.26
1762364700,3983.235,3983.485,3979.655,3982.12
1762365600,3982.145,3983.84,3979.51,3983.67
1762366500,3983.625,3986.105,3982.05,3983.735
1762367400,3983.78,3985.12,3978.905,3979.66
1762368300,3979.665,3983.3,3979.66,3982.445
1762369200,3982.46,3985.905,3979.6,3979.84
1762370100,3979.775,3984.525,3979.165,3984.27
1762371000,3984.315,3988.755,3982.935,3987.04
1762371900,3987.09,3988.785,3986.53,3987.92
1762372800,3987.91,3990.175,3986.515,3987.685
1762373700,3987.665,3988.53,3985.62,3985.67
1762374600,3985.685,3988.18,3984.025,3984.545
1762375500,3984.53,3985.385,3981.585,3984.6
1762376400,3984.6,3985.185,3981.735,3983.62
1762377300,3983.63,3984.33,3981.595,3981.985
1762378200,3981.955,3983.335,3981.86,3982.155
1762379100,3982.14,3983.055,3977.995,3980.115
1762383600,3968.78,3972.21,3966.54,3969.57
1762384500,3969.62,3971.82,3968.615,3970.35
1762385400,3970.545,3975.46,3970.41,3973.445
1762386300,3973.46,3977.795,3973.245,3973.93
1762387200,3973.895,3975.595,3970.65,3975.15
1762388100,3975.125,3975.225,3971.425,3973.785
1762389000,3973.76,3975.12,3969.79,3972.62
1762389900,3972.565,3976.34,3970.855,3976.34
1762390800,3976.315,3977.465,3964.455,3970.34
1762391700,3970.39,3975.865,3968.58,3969.06
1762392600,3969.095,3974.215,3967.605,3971.155
1762393500,3971.215,3976.9,3971.135,3976.765
1762394400,3976.785,3979.895,3974.38,3977.505
1762395300,3977.51,3979.055,3976.305,3978.13
1762396200,3978.155,3985.13,3978.155,3980.21
1762397100,3980.3,3984.435,3979.68,3983.38
1762398000,3983.435,3985.29,3979.575,3984.88
1762398900,3985,3986.89,3982.64,3986.195
1762399800,3986.2,3990.525,3986.025,3987.48
1762400700,3987.535,3987.84,3985.425,3987.54
1762401600,3987.545,3988.04,3984.58,3985.585
1762402500,3985.61,3987.48,3984.94,3986.81
1762403400,3986.655,3989.36,3986.015,3986.87
1762404300,3986.88,3989.98,3985.13,3988.935
1762405200,3988.88,3990.485,3986.075,3988.145
1762406100,3987.885,3990.87,3987.885,3990.07
1762407000,3990.075,3990.38,3985.67,3987.915
1762407900,3987.865,3990.515,3986.62,3987.645
1762408800,3987.655,3990.095,3984.82,3987.15
1762409700,3987.095,3989.065,3985.675,3987.2
1762410600,3987.015,3987.575,3984.37,3984.37
1762411500,3984.445,3993.08,3982.365,3991.515
1762412400,3991.495,3998.865,3991.185,3998.525
1762413300,3998.52,4009.425,3997.76,4003.92
1762414200,4003.925,4009.545,4003.785,4005.45
1762415100,4005.465,4009.235,4004.425,4005.78
1762416000,4005.785,4009.77,4004.765,4009.15
1762416900,4009.175,4016.29,4009.03,4015.945
1762417800,4015.96,4017.06,4010.14,4010.22
1762418700,4010.33,4015.77,4010.195,4014.88
1762419600,4014.865,4015.235,4010.875,4012.12
1762420500,4012.11,4015.065,4011.075,4012.74
1762421400,4012.735,4013.31,4010.52,4012.31
1762422300,4012.315,4012.705,4009.345,4011.01
1762423200,4011,4011.2,4006.135,4008.755
1762424100,4008.74,4009.27,4005.25,4006.105
1762425000,4006.045,4008.8,4004.5,4008
1762425900,4007.975,4009.6,4005.43,4008.465
1762426800,4008.48,4010.695,4007.845,4009.86
1762427700,4009.855,4011.24,4007.165,4009.565
1762428600,4009.565,4017.08,4009.49,4015.955
1762429500,4015.95,4019.55,4014.18,4018.185
1762430400,4018.19,4019.645,4012.22,4012.815
1762431300,4012.705,4014.7,4011.065,4011.595
1762432200,4011.59,4012.94,4006.62,4009.22
1762433100,4009.22,4010.36,4002.95,4005.375
1762434000,4005.36,4013.355,4003.8,4012.05
1762434900,4012.065,4016.31,4010.425,4013.58
1762435800,4013.585,4016.305,4010.9,4013.83
1762436700,4013.765,4016.16,4012.215,4012.33
1762437600,4012.315,4014.09,4005,4008.305
1762438500,4008.3,4008.3,3989.095,3992.06
1762439400,3992,4003.265,3990.895,3998.415
1762440300,3998.395,4001.235,3992.8,3993.41
1762441200,3993.08,3993.9,3978.245,3982.775
1762442100,3982.8,3991.1,3981.7,3986.8
1762443000,3987.055,3987.39,3975.08,3978.48
1762443900,3978.47,3984.375,3976.84,3980.405
1762444800,3980.48,3986.45,3979.785,3981.965
1762445700,3981.985,3984.12,3976.72,3983.755
1762446600,3983.705,3984.11,3976.595,3979.37
1762447500,3979.295,3984.825,3977.99,3981.03
1762448400,3981.005,3985.715,3978.175,3978.78
1762449300,3978.74,3979.195,3965.71,3969.925
1762450200,3969.895,3982.62,3967.885,3981.99
1762451100,3981.985,3988.26,3981.425,3986.34
1762452000,3986.35,3986.665,3980.27,3984.075
1762452900,3984.1,3989.51,3982.095,3983.205
1762453800,3983.12,3991,3983.12,3989.475
1762454700,3989.485,3990.66,3986.4,3987.915
1762455600,3987.95,3995.365,3986.89,3995.125
1762456500,3995.14,3995.365,3992.255,3992.375
1762457400,3992.35,3992.755,3988.42,3989.54
1762458300,3989.53,3990.33,3983.18,3985.35
1762459200,3985.265,3987.285,3982.89,3984.625
1762460100,3984.56,3984.955,3982.095,3982.79
1762461000,3982.805,3986.945,3982.69,3983.905
1762461900,3984,3984,3979.455,3980.965
1762462800,3981.03,3982.615,3978.015,3981.485
1762463700,3981.42,3981.97,3978.62,3980.84
1762464600,3980.82,3981.17,3978.595,3979.085
1762465500,3979.095,3979.2,3976.88,3977.14
1762470000,3979.465,3983.295,3978.435,3981.315
1762470900,3981.33,3985.39,3980.815,3983.725
1762471800,3983.78,3988.025,3982.07,3986.13
1762472700,3986.27,3989.975,3986.195,3989.345
1762473600,3989.345,3989.855,3984.655,3987.305
1762474500,3987.245,3992.87,3986.675,3991.58
1762475400,3991.57,3994.565,3989.53,3991.43
1762476300,3991.415,3991.5,3987.935,3988.605
1762477200,3988.58,3999.995,3987.245,3998.94
1762478100,3998.95,4001.64,3996.985,3997.56
1762479000,3997.595,4002.625,3994.94,4002.09
1762479900,4002.08,4002.85,3999.28,4001.845
1762480800,4001.82,4003.41,3997.875,3997.99
1762481700,3998.05,3998.1,3994.14,3995.675
1762482600,3995.64,3998.91,3991.61,3992.98
1762483500,3992.955,3997.89,3992.945,3995.47
1762484400,3995.425,3996.73,3988.16,3991.12
1762485300,3991.18,3993.605,3988.64,3992.8
1762486200,3992.74,3995.42,3991.21,3994.72
1762487100,3994.725,3994.82,3989.415,3990.365
1762488000,3990.345,3993.3,3985.605,3991.345
1762488900,3991.325,3997.995,3990.765,3996.33
1762489800,3996.48,3997.25,3993.65,3995.51
1762490700,3995.45,3998.565,3995.105,3998.375
1762491600,3998.38,3999.05,3996.4,3997.75
1762492500,3997.725,3997.95,3992.115,3994.26
1762493400,3994.235,3997.965,3993.845,3996.645
1762494300,3996.745,3997.595,3993.485,3994.95
1762495200,3994.96,3996.985,3992.25,3995.215
1762496100,3995.275,3999.9,3994.62,3998.14
1762497000,3998.09,4003.225,3996.55,4001.495
1762497900,4001.705,4008.65,4001.52,4006.925
1762498800,4006.945,4010.02,4005.55,4007.95
1762499700,4007.945,4009.915,4003.165,4003.66
1762500600,4003.68,4006.685,4003.68,4005.56
1762501500,4005.555,4008.12,4002.815,4007.835
1762502400,4007.935,4010.45,4005.025,4009.72
1762503300,4009.76,4009.91,4003.94,4005.75
1762504200,4005.745,4008.945,4003.735,4005.84
1762505100,4005.845,4010.46,4005.055,4009.73
1762506000,4009.755,4011.565,4008.26,4010.88
1762506900,4010.885,4014.29,4009.61,4010.22
1762507800,4010.21,4011.5,4004.31,4006.295
1762508700,4006.295,4009.75,4005.425,4006.76
1762509600,4006.81,4008.985,4005.86,4006.135
1762510500,4006.085,4009.71,4003.26,4006.06
1762511400,4006.025,4006.89,4003.275,4004.285
1762512300,4004.31,4009.27,4004.285,4007.975
1762513200,4008,4011.925,4002.54,4003.635
1762514100,4003.7,4007.905,3998.13,3999.25
1762515000,3999.29,3999.905,3993.65,3998.5
1762515900,3998.425,4004.52,3998.425,4002.965
1762516800,4002.815,4008.715,4002.175,4005.94
1762517700,4005.945,4006.34,3998.35,3998.495
1762518600,3998.395,3999.445,3994.945,3996.355
1762519500,3996.345,3998.54,3991.69,3996.025
1762520400,3996.06,4000.775,3992.205,3996.05
1762521300,3995.95,4002.13,3995.26,3997.11
1762522200,3997.095,3997.665,3991.79,3993.975
1762523100,3993.99,4000.1,3992.91,3997.855
1762524000,3997.885,4004.27,3995.38,4002.95
1762524900,4002.94,4007.36,3999.97,4000.5
1762525800,4000.535,4000.535,3984.385,3990.575
1762526700,3990.665,3995.875,3986.045,3993.605
1762527600,3993.56,3999.285,3990.74,3991.305
1762528500,3991.3,3995.125,3987.915,3993.385
1762529400,3993.355,3995.82,3985.985,3986.55
1762530300,3986.51,3992.955,3984.01,3991.05
1762531200,3991.095,4000.915,3990.165,3999.565
1762532100,3999.58,4009.665,3995.67,4007.965
1762533000,4007.97,4027.595,4007.915,4020.785
1762533900,4020.795,4022.145,4006.12,4007.765
1762534800,4007.86,4009.8,3995.285,3999.8
1762535700,3999.65,4001.185,3992.37,3997.89
1762536600,3997.815,3999.5,3994.06,3998.83
1762537500,3998.835,4006.59,3997.06,4005.6
1762538400,4005.595,4009.325,4003.3,4004.77
1762539300,4004.805,4006.495,3999.555,4002.78
1762540200,4002.76,4007.31,4001.8,4006.335
1762541100,4006.205,4007.52,4004.005,4005.65
1762542000,4005.685,4009.05,4003.5,4007.92
1762542900,4007.925,4008.71,4005.54,4006.39
1762543800,4006.46,4008.25,4002.195,4003.25
1762544700,4003.235,4008.225,4001.935,4006.71
1762545600,4006.7,4006.93,4003.65,4005.045
1762546500,4005.05,4005.4,3994.64,3998.675
1762547400,3998.67,4004.15,3997.475,4001.21
1762548300,4001.14,4005.935,3999.195,4004.18
1762549200,4004.14,4005.34,4002.7,4002.835
1762550100,4002.86,4003.095,4001.19,4001.945
1762551000,4001.995,4002.585,3999.22,4000.4
1762551900,4000.37,4004.89,3998.69,4001.275
1762729200,4005.675,4011.55,4004.905,4010.595
1762730100,4010.605,4011.555,4004.73,4008.655
1762731000,4008.635,4009.6,4004.355,4007.995
1762731900,4007.97,4012.23,4005.23,4011.87
1762732800,4011.905,4017.195,4011.13,4015.82
1762733700,4015.775,4017.075,4014.32,4016.385
1762734600,4016.36,4017.53,4011.37,4016.56
1762735500,4016.59,4024.12,4016.555,4020.405
1762736400,4020.39,4029.485,4019.15,4027.39
1762737300,4027.405,4051.95,4027.265,4047.805
1762738200,4047.78,4053.47,4045.595,4050.965
1762739100,4050.915,4052.9,4041.435,4044.07
1762740000,4043.99,4047.37,4037.74,4044.9
1762740900,4044.96,4048.11,4039.825,4041.095
1762741800,4041.205,4046.24,4038.54,4044.485
1762742700,4044.495,4049.175,4043.525,4048.135
1762743600,4048.12,4048.285,4045.085,4045.815
1762744500,4045.915,4051.99,4044.945,4050.645
1762745400,4050.745,4052.98,4050.11,4050.355
1762746300,4050.33,4051.435,4047.33,4050.105
1762747200,4050.055,4056.875,4049.975,4056.345
1762748100,4056.195,4056.81,4052.715,4053.81
1762749000,4053.805,4055.565,4052.515,4052.555
1762749900,4052.64,4054.84,4049.835,4054.225
1762750800,4054.27,4054.295,4050.24,4050.24
1762751700,4050.265,4055.92,4050.265,4055.305
1762752600,4055.36,4065.255,4054.8,4063.2
1762753500,4063.19,4070.07,4062.115,4069.56
1762754400,4069.63,4071.405,4066.9,4068.13
1762755300,4068.17,4073.92,4068.17,4073.065
1762756200,4072.905,4078.615,4070.975,4073.365
1762757100,4073.305,4076.665,4069.95,4075.24
1762758000,4075.24,4078.915,4073.085,4078.685
1762758900,4078.66,4079.15,4072.315,4075.735
1762759800,4075.69,4079.065,4074.1,4075.68
1762760700,4075.67,4078.78,4074.07,4075.395
1762761600,4075.335,4083.4,4075.2,4079.205
1762762500,4079.225,4081.085,4075.135,4080.345
1762763400,4080.35,4085.295,4078.39,4079.025
1762764300,4079.065,4083.235,4078.335,4082.315
1762765200,4082.35,4083.55,4074.64,4074.935
1762766100,4074.895,4080.495,4071.49,4080.095
1762767000,4080.045,4086.375,4078.24,4081.12
1762767900,4081.175,4082.64,4076.08,4076.705
1762768800,4076.69,4081.525,4076.69,4081.285
1762769700,4081.33,4082.815,4077.605,4077.605
1762770600,4077.64,4083.42,4077.585,4078.25
1762771500,4078.195,4081.37,4075.95,4081.11
1762772400,4081.175,4082.63,4075.86,4078.06
1762773300,4078.065,4080.665,4077.23,4079.37
1762774200,4079.41,4083.85,4078.94,4082.73
1762775100,4082.745,4085.495,4081.13,4085.385
1762776000,4085.43,4090.225,4084.42,4089.665
1762776900,4089.655,4096.025,4088.02,4094.305
1762777800,4094.32,4096.755,4093.84,4094.785
1762778700,4094.79,4100.085,4093.64,4097.65
1762779600,4097.7,4106,4097,4103.095
1762780500,4103.1,4105.265,4098.81,4102.125
1762781400,4102.12,4103.595,4095.3,4098.045
1762782300,4098.035,4098.15,4090.4,4091.645
1762783200,4091.635,4094.13,4084.155,4086.58
1762784100,4086.545,4088.8,4082.03,4086.31
1762785000,4086.175,4086.175,4074.49,4081.45
1762785900,4081.455,4086.995,4078.485,4083.53
1762786800,4083.455,4092.95,4083.355,4087.58
1762787700,4087.575,4094.355,4086.805,4089.17
1762788600,4089.155,4089.595,4083.02,4087.735
1762789500,4087.72,4087.935,4077.935,4084.435
1762790400,4084.42,4091.885,4082.095,4091.425
1762791300,4091.43,4093.435,4089.71,4093.09
1762792200,4093.165,4095.77,4090.22,4091.205
1762793100,4091.375,4095.66,4088.775,4095.175
1762794000,4095.2,4098.175,4094.085,4096.26
1762794900,4096.275,4098.44,4093.46,4096.92
1762795800,4096.885,4098.19,4094.045,4094.79
1762796700,4094.815,4102.85,4094.6,4102.72
1762797600,4102.735,4105.23,4101.77,4104.87
1762798500,4104.895,4114.645,4104.845,4114.255
1762799400,4114.275,4115.915,4107.22,4109.32
1762800300,4109.31,4110.41,4105.79,4110.145
1762801200,4110.14,4114.47,4107.92,4113.385
1762802100,4113.395,4115.465,4110.24,4114.495
1762803000,4114.47,4114.65,4110.72,4110.8
1762803900,4110.735,4113.91,4109.545,4113.28
1762804800,4113.265,4114.61,4111.165,4111.865
1762805700,4111.875,4112.74,4106.6,4111.33
1762806600,4111.335,4113.07,4108.195,4113.07
1762807500,4113.115,4113.19,4108.015,4111.685
1762808400,4111.735,4112.9,4110.4,4111.675
1762809300,4111.73,4114.685,4111.56,4112.525
1762810200,4112.51,4114.045,4111.73,4113.945
1762811100,4113.895,4116.69,4113.46,4115.41
1762815600,4116.835,4120.37,4116.68,4119.14
1762816500,4119.185,4120.855,4116.075,4120.49
1762817400,4120.485,4120.55,4118.29,4120.22
1762818300,4120.275,4122.925,4117.22,4120.085
1762819200,4120.275,4120.67,4116.29,4119.86
1762820100,4119.845,4126.34,4119.825,4125.105
1762821000,4125.055,4129.445,4124.935,4129.445
1762821900,4129.495,4133.755,4127.615,4130.96
1762822800,4130.91,4135.38,4128,4132.405
1762823700,4132.365,4138.2,4130.24,4137.59
1762824600,4137.53,4141.365,4135.82,4135.82
1762825500,4135.76,4137.35,4130.505,4136.355
1762826400,4136.33,4137.27,4130.39,4134.81
1762827300,4134.725,4137.845,4132.255,4134.38
1762828200,4134.46,4139.11,4129.75,4139.09
1762829100,4139.085,4139.81,4134.375,4138.255
1762830000,4138.235,4144.475,4137.255,4143.395
1762830900,4143.39,4145.895,4143.13,4144.165
1762831800,4144.1,4148.18,4143.3,4144.795
1762832700,4144.745,4147.175,4144.385,4147.05
1762833600,4147.03,4149.1,4142.695,4143.235
1762834500,4143.26,4144.59,4142.365,4144.1
1762835400,4144.11,4146.615,4142.055,4142.165
1762836300,4142.205,4146.325,4142.03,4143.19
1762837200,4143.165,4144.47,4134.985,4140.735
1762838100,4140.895,4142.275,4135.105,4136.23
1762839000,4136.31,4137.165,4124.895,4129.985
1762839900,4129.93,4135.7,4128.335,4131.13
1762840800,4131.08,4134.85,4126.8,4134.185
1762841700,4134.165,4137.915,4133.005,4137.73
1762842600,4137.765,4137.765,4128.585,4129.595
1762843500,4129.635,4133.025,4127.205,4130.07
1762844400,4130.065,4131.3,4126.195,4129.58
1762845300,4129.575,4133.04,4128.315,4131.33
1762846200,4131.28,4131.72,4127.125,4130.87
1762847100,4130.895,4132.85,4124.985,4129.78
1762848000,4129.805,4137.365,4128.925,4136.925
1762848900,4136.95,4137.81,4131.765,4134.815
1762849800,4134.8,4135.235,4129.25,4132.395
1762850700,4132.37,4137.385,4130.94,4135.635
1762851600,4135.685,4144.395,4134.435,4143.485
1762852500,4143.495,4144.6,4141.18,4143.99
1762853400,4144.005,4145.47,4143.03,4143.755
1762854300,4143.775,4146.035,4141.89,4141.89
1762855200,4141.965,4142.57,4137.625,4141.445
1762856100,4141.41,4144.255,4140.635,4142.075
1762857000,4141.86,4142.145,4136.84,4139.435
1762857900,4139.515,4144.345,4139.33,4141.935
1762858800,4141.985,4143.695,4139.74,4140.56
1762859700,4140.62,4143.655,4139.12,4141.21
1762860600,4141.15,4144.805,4139.135,4142.2
1762861500,4142.175,4144.525,4140.99,4142.85
1762862400,4142.895,4143.865,4137.275,4138.96
1762863300,4138.965,4141.12,4136.735,4139.16
1762864200,4139.15,4141.895,4137.99,4141.35
1762865100,4141.345,4141.345,4133.34,4134.465
1762866000,4134.565,4140.905,4133.965,4140.445
1762866900,4140.44,4143.805,4138.355,4141.685
1762867800,4141.66,4146.885,4139.175,4141.885
1762868700,4141.9,4145.705,4141.185,4142.65
1762869600,4142.71,4143.295,4136.965,4139.64
1762870500,4139.615,4140.325,4128.595,4130.4
1762871400,4130.235,4133.48,4123.43,4132.94
1762872300,4132.99,4134.81,4119.94,4125.015
1762873200,4124.97,4126.32,4118.25,4121.25
1762874100,4121.235,4121.51,4097.33,4101.64
1762875000,4101.655,4108.18,4097.245,4108.09
1762875900,4108.115,4112.6,4104.595,4106.835
1762876800,4106.84,4113.63,4105.63,4113.6
1762877700,4113.615,4115.1,4108.045,4109.42
1762878600,4109.455,4114.995,4105.1,4114.05
1762879500,4113.985,4115.815,4111.88,4113.415
1762880400,4113.37,4117.955,4112.285,4115.8
1762881300,4115.74,4117.685,4111.845,4114.445
1762882200,4114.525,4114.98,4110.645,4113.89
1762883100,4113.865,4116.485,4112.225,4114.535
1762884000,4114.635,4116.48,4109.28,4109.605
1762884900,4109.63,4115.015,4109.235,4110.46
1762885800,4110.485,4111.765,4106.64,4109.44
1762886700,4109.49,4114.985,4109.1,4113.86
1762887600,4113.865,4117.685,4112.07,4117.64
1762888500,4117.59,4119.12,4116.55,4117.68
1762889400,4117.705,4122.3,4117.59,4121.77
1762890300,4121.71,4126.26,4121.25,4123.12
1762891200,4123.18,4127.51,4122.395,4127.5
1762892100,4127.51,4128.79,4124.345,4125.8
1762893000,4125.775,4130.36,4124.45,4129.495
1762893900,4129.51,4131.97,4128.455,4129.535
1762894800,4129.495,4130.44,4128.095,4130.44
1762895700,4130.475,4131.45,4127.245,4128.935
1762896600,4129.1,4129.35,4126.505,4128.52
1762897500,4128.46,4128.46,4125.615,4126.505
1762902000,4130.9,4133.13,4129.025,4133.13
1762902900,4133.07,4139.325,4132.875,4138.465
1762903800,4138.5,4143.965,4136.32,4143.525
1762904700,4143.52,4144.74,4141.375,4142.66
1762905600,4142.595,4145.61,4139.205,4144.07
1762906500,4144.165,4144.88,4139.75,4141.865
1762907400,4141.84,4144.555,4140.605,4141.65
1762908300,4141.665,4142.765,4132.16,4133.055
1762909200,4133.12,4137.3,4127.825,4135.075
1762910100,4135.06,4135.145,4129.335,4131.115
1762911000,4131.14,4133.93,4126.315,4133.71
1762911900,4133.645,4135.725,4130.215,4131.5
1762912800,4131.455,4135.495,4130.585,4134.03
1762913700,4134.04,4135.2,4131.045,4131.645
1762914600,4131.72,4131.755,4120.83,4125.44
1762915500,4125.425,4126.515,4118.765,4124.13
1762916400,4124.135,4125.425,4116.685,4123.025
1762917300,4123.095,4123.915,4119.385,4119.545
1762918200,4119.595,4121.645,4117.96,4120.33
1762919100,4120.325,4121.295,4111.895,4112.085
1762920000,4112.025,4113.39,4103.635,4109.735
1762920900,4109.775,4111.735,4105.055,4111.645
1762921800,4111.595,4112.66,4105.77,4107.64
1762922700,4107.59,4112.455,4107.48,4110.735
1762923600,4110.725,4111.265,4106.035,4107.865
1762924500,4107.85,4109.835,4105.13,4105.505
1762925400,4105.565,4108.165,4098.915,4105.125
1762926300,4105.1,4107.71,4102.425,4104.725
1762927200,4104.685,4109.875,4103.275,4106.19
1762928100,4106.295,4116.15,4106.015,4115.04
1762929000,4115.035,4119.3,4112.05,4116.86
1762929900,4116.935,4118.855,4113.135,4118.675
1762930800,4118.68,4125.27,4115.615,4125
1762931700,4124.995,4125.3,4121.28,4124.09
1762932600,4124.115,4124.255,4113.8,4114.58
1762933500,4114.59,4119.155,4113.465,4117.305
1762934400,4117.295,4119.575,4112.27,4118.645
1762935300,4118.695,4130.35,4117.285,4128.115
1762936200,4128.1,4132.965,4126.35,4128.65
1762937100,4128.675,4132.64,4128.675,4131.495
1762938000,4131.445,4133.855,4127.385,4128.575
1762938900,4128.55,4132.6,4124.835,4127.315
1762939800,4127.365,4129.8,4124.12,4126.14
1762940700,4126.145,4126.725,4120.58,4124.74
1762941600,4124.785,4126.455,4121.865,4125.59
1762942500,4125.51,4128.385,4120.205,4120.695
1762943400,4120.72,4128.05,4117.945,4125.855
1762944300,4125.875,4129.57,4124.59,4127.81
1762945200,4127.815,4131.295,4126.67,4131.295
1762946100,4131.34,4131.34,4123.09,4124.385
1762947000,4124.34,4128.74,4123.64,4128.44
1762947900,4128.405,4128.895,4123.7,4126.025
1762948800,4126.05,4130.91,4125.025,4130.64
1762949700,4130.685,4137.705,4130.21,4136.38
1762950600,4136.305,4139.51,4133.61,4134.46
1762951500,4134.28,4137.215,4129.86,4130.25
1762952400,4130.43,4131.665,4122.74,4125.795
1762953300,4125.73,4130.415,4123.2,4127.405
1762954200,4127.41,4132.63,4126.325,4129.165
1762955100,4128.97,4131.605,4124.46,4127.285
1762956000,4127.34,4137.995,4126.955,4135.21
1762956900,4135.26,4136.73,4131.77,4131.88
1762957800,4131.975,4139.185,4125.045,4136.3
1762958700,4136.24,4140.215,4131.945,4136.63
1762959600,4136.605,4162.27,4134.685,4162.065
1762960500,4162.05,4172.68,4159.915,4166.55
1762961400,4166.54,4181.15,4166.04,4178.89
1762962300,4178.925,4185.785,4174.725,4181.495
1762963200,4181.415,4189.535,4180.2,4184.08
1762964100,4184.15,4187.915,4181.065,4187.155
1762965000,4187.2,4196.425,4186.5,4193.56
1762965900,4193.54,4197.83,4187.575,4196.51
1762966800,4196.5,4202.57,4195.725,4198.825
1762967700,4198.82,4199.705,4192.25,4196.58
1762968600,4196.585,4206.515,4195.67,4202.58
1762969500,4202.575,4204.5,4199.125,4199.535
1762970400,4199.57,4201.815,4190.48,4199.99
1762971300,4200.015,4211.795,4198.06,4206.895
1762972200,4206.895,4210.685,4206.08,4208.74
1762973100,4208.745,4210.61,4206.775,4207.025
1762974000,4207.08,4210.25,4194.115,4195.785
1762974900,4195.79,4200.31,4192.25,4194.255
1762975800,4194.225,4200.445,4194.095,4194.975
1762976700,4195.01,4199.955,4194.91,4197.445
1762977600,4197.45,4198.24,4190.685,4197.74
1762978500,4197.755,4199.65,4194.01,4195.505
1762979400,4195.52,4197.665,4191.965,4195.69
1762980300,4195.74,4199.54,4193.53,4196.05
1762981200,4196.025,4197.165,4192.745,4192.815
1762982100,4192.88,4198.37,4191,4197.7
1762983000,4197.775,4202.165,4196.63,4197.55
1762983900,4197.42,4199.675,4194.29,4195.21
1762988400,4202.635,4208.07,4197.52,4198.81
1762989300,4198.82,4199.95,4193.88,4196.025
1762990200,4196.035,4196.165,4187.27,4191.145
1762991100,4191.11,4193.645,4189.32,4191.41
1762992000,4191.425,4192.425,4185.9,4188.165
1762992900,4188.145,4194.195,4187.435,4192.91
1762993800,4192.925,4206.225,4192.835,4202.12
1762994700,4202.125,4209.005,4198.54,4206.065
1762995600,4205.965,4209.315,4190.215,4191.025
1762996500,4190.99,4191.275,4179.735,4188.07
1762997400,4188.06,4190.595,4180.565,4188.405
1762998300,4188.4,4194.205,4181.755,4192.43
1762999200,4192.405,4196.025,4188.57,4194.305
1763000100,4194.31,4195.05,4185.895,4187.755
1763001000,4187.785,4194.79,4183.51,4192.06
1763001900,4192.01,4194.365,4185.67,4190.28
1763002800,4190.235,4203.995,4190.175,4199.825
1763003700,4199.87,4205.99,4196.58,4200.815
1763004600,4200.765,4207.45,4200.37,4207.325
1763005500,4207.315,4213.3,4206.18,4212.96
1763006400,4212.95,4219.52,4209.405,4217.65
1763007300,4217.645,4217.67,4206.745,4209.725
1763008200,4209.7,4210.625,4203.4,4207.955
1763009100,4208.025,4210.83,4205.755,4209.495
1763010000,4209.455,4217.87,4207.56,4217.55
1763010900,4217.54,4217.89,4212.045,4212.37
1763011800,4212.36,4217.235,4210.23,4215.42
1763012700,4215.16,4216.9,4208.18,4212.02
1763013600,4211.945,4211.97,4205.12,4205.99
1763014500,4205.965,4211.72,4203.27,4209.09
1763015400,4208.99,4209.965,4205.425,4205.855
1763016300,4205.785,4212.25,4205.275,4210.525
1763017200,4210.56,4212.115,4208.4,4210.635
1763018100,4210.65,4218.49,4210.215,4216.535
1763019000,4216.66,4219.02,4213.39,4215.63
1763019900,4215.605,4220.255,4212.655,4220.125
1763020800,4220.08,4230.64,4219.26,4229.89
1763021700,4229.9,4238.245,4228.45,4237.53
1763022600,4237.6,4239.66,4233.285,4236.115
1763023500,4236.165,4238.635,4232.175,4232.71
1763024400,4232.6,4234.39,4227.69,4233.055
1763025300,4233.05,4239.62,4226.945,4227.12
1763026200,4227.125,4233.97,4225.08,4227.78
1763027100,4227.79,4233.98,4227.475,4233.215
1763028000,4233.205,4239.345,4231.91,4237.605
1763028900,4237.655,4240.24,4234.84,4235.035
1763029800,4235.06,4236.325,4227.535,4233.665
1763030700,4233.66,4234.81,4221.825,4225.72
1763031600,4225.82,4231.715,4221.7,4227.395
1763032500,4227.37,4228.325,4219.35,4223.08
1763033400,4223.195,4232.245,4221.915,4232.025
1763034300,4232.035,4232.405,4228.605,4230.47
1763035200,4230.435,4235.635,4230.005,4234.46
1763036100,4234.48,4237.16,4230.515,4233.57
1763037000,4233.56,4237.38,4232.27,4235.54
1763037900,4235.61,4245.195,4235.61,4242.83
1763038800,4242.8,4244.1,4225.955,4230.795
1763039700,4230.8,4237.84,4228.585,4235.425
1763040600,4235.465,4236.29,4220.41,4228.56
1763041500,4228.55,4232.505,4224.25,4231.745
1763042400,4231.83,4232.425,4213.76,4220.64
1763043300,4220.54,4221.235,4207.555,4211.37
1763044200,4211.12,4220.275,4184.51,4187.89
1763045100,4187.94,4201.14,4185.34,4195.525
1763046000,4195.515,4205.295,4188.82,4201.635
1763046900,4201.61,4204.725,4191.55,4194.75
1763047800,4194.685,4201.055,4186.535,4197.83
1763048700,4197.79,4203.54,4188.725,4202.675
1763049600,4202.7,4211.065,4202.355,4210.14
1763050500,4210.16,4211.125,4203.24,4206.685
1763051400,4206.665,4208.985,4195.705,4197.755
1763052300,4197.745,4207.33,4197.505,4206.77
1763053200,4206.885,4208.575,4194.34,4195.265
1763054100,4195.28,4205.05,4193.35,4202.865
1763055000,4202.88,4206.795,4199.695,4200.73
1763055900,4200.77,4205.72,4196.45,4202.05
1763056800,4202.065,4203.46,4199.94,4202.135
1763057700,4202.095,4203.03,4187.705,4190.575
1763058600,4190.505,4190.915,4145.19,4155.915
1763059500,4155.82,4162.23,4150.345,4158.07
1763060400,4158.015,4158.02,4146,4154.04
1763061300,4154.03,4161.275,4150.81,4160.045
1763062200,4160.03,4169.95,4158.215,4169.85
1763063100,4169.86,4170.705,4162.335,4164.09
1763064000,4164.1,4167.305,4160.385,4165.27
1763064900,4165.25,4170.68,4160.97,4169.49
1763065800,4169.53,4170.91,4163.66,4164.92
1763066700,4164.925,4167.32,4160.88,4164.17
1763067600,4164.16,4181.265,4161.23,4178.58
1763068500,4178.56,4178.635,4172.9,4174.06
1763069400,4174.065,4175.92,4169.255,4173.12
1763070300,4173.155,4173.805,4171.18,4171.745
1763074800,4177.285,4181.955,4175.93,4176.71
1763075700,4176.78,4184.62,4176.13,4179.095
1763076600,4179.105,4182.03,4176.675,4179.5
1763077500,4179.475,4186.84,4179,4186.205
1763078400,4186.24,4186.8,4179.48,4185.795
1763079300,4185.71,4190.025,4182.645,4188.45
1763080200,4188.46,4189.855,4185.65,4186.835
1763081100,4186.865,4187.345,4178.2,4183.81
1763082000,4183.815,4189.08,4178.95,4183.08
1763082900,4183.07,4186.81,4174.115,4174.735
1763083800,4174.73,4184.035,4173.72,4180.025
1763084700,4180.03,4193.825,4180.025,4190.025
1763085600,4190.03,4194.61,4188.74,4194.07
1763086500,4194.085,4202.68,4192.405,4199.68
1763087400,4199.72,4204.7,4199.19,4203.98
1763088300,4203.995,4210.405,4202.83,4207.225
1763089200,4207.165,4209.045,4203.315,4205.82
1763090100,4205.815,4211.18,4204.695,4210.75
1763091000,4210.79,4211.435,4207.005,4207.265
1763091900,4207.325,4207.38,4201.57,4204.49
1763092800,4204.445,4205.83,4198.34,4200.535
1763093700,4200.51,4201.6,4197.02,4197.78
1763094600,4197.63,4204.47,4197.3,4202.565
1763095500,4202.57,4203.695,4200,4203.335
1763096400,4203.385,4203.67,4188.88,4189.345
1763097300,4189.35,4189.62,4183.985,4188.295
1763098200,4188.305,4196.655,4185.67,4194.135
1763099100,4194.13,4195.485,4187.805,4189.9
1763100000,4189.865,4193.53,4186.14,4189.92
1763100900,4190.145,4190.34,4173.42,4178.16
1763101800,4178.135,4184.215,4176.24,4180.38
1763102700,4180.37,4180.48,4169.625,4175.425
1763103600,4175.4,4177.625,4169.67,4171.5
1763104500,4171.56,4174.16,4158.995,4163.445
1763105400,4163.46,4174.505,4162.825,4174.01
1763106300,4174.14,4182.545,4173.405,4181.26
1763107200,4181.265,4182.35,4173.275,4174.445
1763108100,4174.45,4184.49,4173.765,4177.03
1763109000,4177.005,4187.21,4176.23,4182.755
1763109900,4182.75,4183.82,4170.145,4176.135
1763110800,4176.14,4180.615,4168.1,4174.76
1763111700,4174.77,4177.275,4168.57,4170.265
1763112600,4170.2,4171.735,4166.525,4171.015
1763113500,4171.115,4171.93,4169.015,4169.44
1763114400,4169.415,4170.595,4162.75,4165.61
1763115300,4165.59,4170.885,4162.975,4165.105
1763116200,4165.05,4168.51,4159.145,4167.51
1763117100,4167.505,4171.14,4165.775,4168.08
1763118000,4168.085,4170.075,4150.805,4153.02
1763118900,4152.85,4152.94,4141.91,4148.81
1763119800,4148.835,4157.915,4148.75,4153.61
1763120700,4153.585,4153.75,4130.92,4133.18
1763121600,4133.085,4140.75,4123.88,4125.98
1763122500,4125.925,4128.705,4111.09,4113.335
1763123400,4112.98,4119.415,4107.71,4115.45
1763124300,4115.455,4119.675,4109.83,4116.26
1763125200,4116.255,4119.245,4084.31,4086.395
1763126100,4086.47,4092.13,4053.41,4055.835
1763127000,4055.735,4063.83,4046.47,4054.95
1763127900,4054.965,4058.005,4041.37,4055.975
1763128800,4055.835,4056.05,4037.68,4050.43
1763129700,4050.36,4060.47,4046.495,4053.63
1763130600,4053.66,4072.45,4032.23,4067.8
1763131500,4067.8,4084.145,4063.29,4082.86
1763132400,4082.81,4082.81,4068.31,4079.28
1763133300,4079.35,4082.375,4071.465,4081.08
1763134200,4081.12,4083.715,4072.66,4073.395
1763135100,4073.33,4096.76,4072.05,4093.76
1763136000,4093.75,4095.48,4081.1,4084.305
1763136900,4084.31,4103.405,4082.485,4102.22
1763137800,4102.24,4111.185,4096.42,4108.295
1763138700,4108.395,4109.405,4102.24,4105.24
1763139600,4105.29,4110.71,4096.025,4102.695
1763140500,4102.765,4104.38,4094.22,4099.1
1763141400,4099.11,4110.535,4098.265,4103.555
1763142300,4103.53,4104.72,4096.07,4099.92
1763143200,4099.925,4100.32,4086.105,4095.005
1763144100,4095.06,4095.365,4080.87,4093.225
1763145000,4093.175,4103.75,4091.005,4097.01
1763145900,4097.005,4103.02,4095.69,4098.105
1763146800,4098.02,4100.23,4089.855,4095.235
1763147700,4095.41,4097.325,4092.195,4093.64
1763148600,4093.725,4095.715,4090.005,4090.23
1763149500,4090.285,4095.61,4087.725,4089.995
1763150400,4090.065,4092.335,4083.8,4087.555
1763151300,4087.56,4089.175,4075.615,4083.915
1763152200,4084,4092.48,4082.025,4087.68
1763153100,4087.56,4091.815,4084.985,4087.16
1763154000,4087.095,4087.095,4079.13,4079.84
1763154900,4079.765,4085.35,4079.675,4083.075
1763155800,4083.095,4084.315,4078.02,4080.605
1763156700,4080.665,4086.745,4079.275,4085.825
1763334000,4078.275,4104.305,4077.96,4098.875
1763334900,4098.81,4106.705,4095.34,4104.18
1763335800,4104.08,4106.22,4098.96,4102.425
1763336700,4102.275,4103.315,4093.795,4096.51
1763337600,4096.5,4098.39,4084.185,4085.03
1763338500,4085.035,4092.1,4080.835,4086.595
1763339400,4086.825,4092.08,4085.13,4090.045
1763340300,4090.035,4091.585,4081.54,4083.37
1763341200,4083.27,4096.26,4082.69,4093.74
1763342100,4093.81,4097.1,4085.48,4095.94
1763343000,4095.95,4101.915,4094.21,4098.875
1763343900,4098.87,4099.76,4090.225,4091.325
1763344800,4091.32,4092.715,4083.82,4088.995
1763345700,4089.01,4092.46,4086.155,4091.95
1763346600,4091.955,4093.905,4085.485,4088.48
1763347500,4088.455,4089.82,4080.84,4081.725
1763348400,4081.68,4083,4069.86,4079.955
1763349300,4079.97,4085.85,4075.825,4080.435
1763350200,4080.375,4083.33,4078.08,4083.005
1763351100,4083.03,4085.335,4080.84,4083
1763352000,4082.985,4088.085,4082.06,4083.83
1763352900,4083.89,4084.54,4081.185,4083.405
1763353800,4083.495,4085.4,4081.405,4083.555
1763354700,4083.57,4083.875,4076.84,4078.68
1763355600,4078.73,4078.815,4072.17,4072.53
1763356500,4072.535,4072.915,4058.77,4064.5
1763357400,4064.51,4065.105,4049.76,4057.455
1763358300,4057.38,4060.58,4053.31,4058.48
1763359200,4058.515,4066.7,4054.9,4058.705
1763360100,4058.66,4065.02,4056.435,4063.25
1763361000,4063.16,4072.07,4062.7,4066.895
1763361900,4066.845,4070.045,4064.875,4066.175
1763362800,4066.17,4073.6,4065.38,4072.82
1763363700,4072.885,4079.575,4072.335,4078.745
1763364600,4078.72,4083.25,4077.21,4083.25
1763365500,4083.25,4089.26,4083.165,4088.13
1763366400,4088.32,4095.935,4086.925,4090.02
1763367300,4090.03,4090.69,4078.96,4081.025
1763368200,4081.02,4084.105,4075.845,4077.71
1763369100,4077.715,4079.69,4072.11,4077.395
1763370000,4077.24,4082.46,4072.35,4082.115
1763370900,4082.125,4085.315,4079.38,4083.56
1763371800,4083.49,4088.755,4082.15,4086.205
1763372700,4086.255,4086.655,4079.04,4082.28
1763373600,4082.275,4089.455,4081.34,4087.245
1763374500,4087.345,4089.555,4083.845,4084.37
1763375400,4084.325,4086.55,4078.045,4079.46
1763376300,4079.465,4081.18,4068.435,4070.18
1763377200,4070.175,4073.84,4061.215,4068.095
1763378100,4068.03,4072.365,4065.235,4065.815
1763379000,4065.745,4083.17,4064.4,4080.235
1763379900,4080.295,4085.98,4076.59,4078.47
1763380800,4078.535,4080.4,4076.74,4078.52
1763381700,4078.45,4080.375,4074.705,4078.4
1763382600,4078.46,4085.45,4077.835,4082.665
1763383500,4082.62,4083.365,4075.07,4077.375
1763384400,4077.295,4092.29,4076.155,4083.43
1763385300,4083.425,4087.255,4075.12,4076.875
1763386200,4076.85,4079.79,4067.42,4069.405
1763387100,4069.395,4071.35,4060.65,4065.48
1763388000,4065.505,4074.51,4060.57,4073.705
1763388900,4073.71,4074.74,4064.27,4066.56
1763389800,4066.65,4082.01,4065.47,4074.18
1763390700,4074.09,4080.52,4072.34,4076.34
1763391600,4076.32,4077.79,4061.86,4069.09
1763392500,4069.145,4075.905,4060.825,4072.535
1763393400,4072.53,4077.56,4070.695,4073.77
1763394300,4073.735,4073.905,4063.63,4064.33
1763395200,4064.31,4065.42,4052.38,4061.66
1763396100,4061.645,4069.01,4059.295,4069.005
1763397000,4068.96,4073.86,4068,4068.86
1763397900,4068.82,4071.015,4065.35,4070.12
1763398800,4070.125,4075.725,4069.65,4074.145
1763399700,4074.17,4080.61,4072.37,4077.25
1763400600,4077.35,4081.13,4073.82,4075.6
1763401500,4075.675,4075.925,4071.335,4073.345
1763402400,4073.35,4076.33,4071.21,4072.775
1763403300,4072.79,4075.62,4067.785,4073.115
1763404200,4073.14,4073.14,4067.49,4068.825
1763405100,4068.77,4071.78,4062.475,4062.845
1763406000,4062.835,4064.56,4056.725,4060.75
1763406900,4060.775,4065.32,4053.59,4056.805
1763407800,4056.785,4058.77,4016.065,4019.54
1763408700,4019.45,4026.07,4010.95,4011.38
1763409600,4011.41,4022.935,4007.055,4016.495
1763410500,4016.515,4027.995,4015.615,4027.08
1763411400,4027.215,4031.61,4025.155,4029.84
1763412300,4029.915,4044.435,4029.475,4041.205
1763413200,4041.165,4045.455,4038.99,4044.365
1763414100,4044.37,4045.78,4042.685,4043.57
1763415000,4043.59,4044.88,4042.685,4043.585
1763415900,4043.58,4046.105,4042.715,4045.86
1763420400,4050.79,4054.755,4045.93,4050.09
1763421300,4050.11,4052.66,4047.95,4048.41
1763422200,4048.395,4049.99,4034.565,4037.34
1763423100,4037.31,4042.82,4028.895,4036.785
1763424000,4036.835,4040.355,4030.385,4036.81
1763424900,4036.805,4036.845,4027.3,4030.945
1763425800,4030.93,4039.29,4028.95,4037.255
1763426700,4037.26,4041.205,4032.16,4040.09
1763427600,4040.1,4045.355,4035.055,4040.89
1763428500,4040.865,4045.13,4037.2,4040.42
1763429400,4040.45,4041.6,4029.88,4033.18
1763430300,4033.17,4034.005,4022.425,4025.15
1763431200,4025.14,4034.29,4019.425,4034.11
1763432100,4034.175,4034.47,4026.96,4030.785
1763433000,4030.835,4035.89,4028.28,4029.89
1763433900,4029.89,4030.765,4015.38,4018.035
1763434800,4018.005,4019.895,4010.28,4014.67
1763435700,4014.53,4015.38,4008.24,4013.07
1763436600,4013.1,4026.685,4011.665,4022.27
1763437500,4022.225,4022.325,4011.34,4013.39
1763438400,4013.46,4013.765,4009.725,4011.13
1763439300,4011.2,4018.16,4004.725,4017.68
1763440200,4017.675,4017.825,4007.53,4010.23
1763441100,4010.17,4012.29,4008.665,4010.39
1763442000,4010.45,4014.35,4008.09,4012.11
1763442900,4012.105,4021.955,4010.58,4017.015
1763443800,4017.07,4024.83,4016.735,4023.8
1763444700,4023.85,4025.395,4015.58,4019.005
1763445600,4019.07,4020.58,4012.535,4012.715
1763446500,4012.705,4015.905,4008.275,4014.33
1763447400,4014.16,4015.62,4007.71,4011.26
1763448300,4011.25,4015.985,4008.705,4008.935
1763449200,4008.95,4009.49,4002.25,4008.545
1763450100,4008.55,4010.805,4002.28,4002.465
1763451000,4002.445,4015.265,3997.985,4011.905
1763451900,4011.91,4017.69,4010.13,4013.82
1763452800,4013.84,4026.835,4010.45,4025.1
1763453700,4024.975,4026.525,4021.095,4022.355
1763454600,4022.29,4042.795,4021.655,4037.345
1763455500,4037.295,4041.73,4033.99,4036.695
1763456400,4036.52,4039.125,4030.52,4033.37
1763457300,4033.655,4039.93,4033.63,4034.775
1763458200,4034.605,4037.715,4030.42,4037.715
1763459100,4037.71,4047.335,4036.175,4040.365
1763460000,4040.35,4045.05,4037.695,4041.005
1763460900,4041.04,4043.635,4038.43,4038.43
1763461800,4038.325,4043.755,4037.43,4043.44
1763462700,4043.505,4050.435,4041.86,4044.21
1763463600,4044.265,4048.795,4042.665,4045.78
1763464500,4045.88,4049.29,4044.61,4048.53
1763465400,4048.51,4050.525,4043.675,4044.85
1763466300,4044.92,4045.26,4036.91,4039.655
1763467200,4039.68,4045.305,4038,4040.145
1763468100,4040.19,4043.52,4032.155,4033.32
1763469000,4033.335,4040.16,4032.36,4033.565
1763469900,4033.54,4035.325,4029.33,4032.555
1763470800,4032.695,4046.225,4031.34,4043.085
1763471700,4042.955,4052.97,4040.78,4048.965
1763472600,4048.94,4068.19,4047.81,4063.345
1763473500,4063.355,4070.415,4062,4065.305
1763474400,4065.3,4075.345,4063.395,4073.835
1763475300,4073.86,4080.57,4073.42,4074.745
1763476200,4074.685,4081.915,4069.815,4073.385
1763477100,4073.44,4077.76,4058.22,4065.91
1763478000,4065.83,4068.12,4053.465,4059.49
1763478900,4059.525,4067.235,4054.095,4064.805
1763479800,4064.82,4072.415,4058.13,4060.445
1763480700,4060.42,4061.285,4049.24,4053.2
1763481600,4053.245,4054.755,4040.55,4053.72
1763482500,4053.67,4065.54,4051.5,4064.86
1763483400,4064.91,4067.025,4057.765,4062.34
1763484300,4062.33,4069.35,4060.505,4066.93
1763485200,4066.855,4070.685,4063.825,4066.15
1763486100,4066.185,4068.19,4059.54,4061.71
1763487000,4061.685,4075.75,4060.675,4073.085
1763487900,4073.105,4074.35,4069.79,4071.67
1763488800,4071.6,4074.875,4067.78,4068.435
1763489700,4068.505,4070.42,4063.22,4065.875
1763490600,4066.075,4072.97,4063.77,4070.865
1763491500,4070.85,4074.5,4069.19,4072.63
1763492400,4072.655,4079.905,4072.58,4079.77
1763493300,4079.685,4080.985,4075.075,4075.575
1763494200,4075.645,4081.235,4073.475,4077.025
1763495100,4077.035,4082.12,4076.635,4081.38
1763496000,4081.36,4082.58,4073.32,4073.65
1763496900,4073.95,4076.525,4069.395,4072.3
1763497800,4072.35,4073.625,4068.455,4068.72
1763498700,4068.675,4071.69,4067.435,4069.695
1763499600,4069.63,4072.41,4069.33,4070.45
1763500500,4070.305,4070.305,4064.915,4065.935
1763501400,4066.03,4068.59,4065.3,4067.335
1763502300,4067.28,4068.46,4065.71,4067.425
1763506800,4067.645,4073.355,4067.155,4071.49
1763507700,4071.585,4073.98,4070.92,4071.465
1763508600,4071.46,4074.075,4068.21,4073.53
1763509500,4073.575,4078.1,4070.2,4077
1763510400,4076.975,4077.985,4071.235,4073.18
1763511300,4073.205,4078.655,4071.065,4074.695
1763512200,4074.575,4077.465,4074.19,4075.57
1763513100,4075.52,4075.88,4067.515,4069.34
1763514000,4069.345,4070.24,4061.405,4064.615
1763514900,4064.68,4069.9,4060.76,4067.795
1763515800,4067.705,4070.44,4061.415,4065.58
1763516700,4065.65,4065.65,4056.39,4059.09
1763517600,4059.115,4063.83,4055.525,4059.705
1763518500,4059.81,4065.16,4059.59,4064.42
1763519400,4064.455,4078.8,4064.135,4078.51
1763520300,4078.465,4080.775,4075.435,4075.79
1763521200,4075.795,4078.83,4072.355,4073.78
1763522100,4073.92,4075.715,4069.63,4071.995
1763523000,4071.925,4074.26,4070.425,4073.26
1763523900,4073.545,4076.445,4066.21,4067.105
1763524800,4067.1,4071.085,4064.68,4068.825
1763525700,4068.775,4076,4068.39,4074.34
1763526600,4074.405,4077.105,4072.445,4074.84
1763527500,4074.77,4076.825,4073.28,4075.245
1763528400,4075.455,4079.565,4074.3,4079.29
1763529300,4079.195,4092.19,4079.065,4088.845
1763530200,4088.835,4097.565,4087.79,4092.385
1763531100,4092.34,4095.78,4090.25,4095.63
1763532000,4095.655,4098.72,4092.445,4097.125
1763532900,4097.13,4097.14,4089.105,4092.305
1763533800,4092.405,4095.665,4089.455,4094.31
1763534700,4094.295,4095.515,4089.925,4091.075
1763535600,4091.08,4092.995,4084.95,4087.485
1763536500,4087.49,4091.055,4085.335,4088.695
1763537400,4088.685,4096.165,4088.195,4094.86
1763538300,4094.815,4097,4086.25,4087
1763539200,4086.925,4086.965,4078.35,4082.27
1763540100,4082.255,4088.855,4080.655,4088.08
1763541000,4088.01,4088.67,4080.225,4081.605
1763541900,4081.56,4085.725,4080.5,4083.355
1763542800,4083.4,4090.79,4081.265,4089.835
1763543700,4089.83,4092.155,4085.76,4091.21
1763544600,4091.265,4098.745,4087.99,4098.54
1763545500,4098.555,4116.4,4098.375,4113.325
1763546400,4113.35,4119.23,4109.19,4111.21
1763547300,4111.28,4116,4110.72,4112.475
1763548200,4112.425,4114.74,4110.355,4112.615
1763549100,4112.7,4113.89,4107.075,4108.995
1763550000,4109.03,4111.34,4106.455,4110.26
1763550900,4110.265,4117.75,4110.045,4114.42
1763551800,4114.41,4115.065,4109.83,4111.49
1763552700,4111.515,4117.025,4111.39,4113.125
1763553600,4113.14,4119.895,4112.65,4116.145
1763554500,4116.195,4117.65,4112.155,4117.28
1763555400,4117.29,4120.015,4115.07,4117.47
1763556300,4117.46,4119.79,4112.3,4114.685
1763557200,4114.72,4115.435,4101.44,4103.25
1763558100,4103.15,4109.895,4100.85,4109.525
1763559000,4109.515,4115.19,4106.655,4114.595
1763559900,4114.605,4117.94,4106.205,4110.765
1763560800,4110.84,4118.845,4110.795,4117.69
1763561700,4117.725,4118.885,4105.92,4106.905
1763562600,4106.88,4117.575,4101.7,4112.52
1763563500,4112.48,4128.975,4109.395,4127.905
1763564400,4127.865,4130.43,4120.675,4130
1763565300,4130.025,4132.985,4115.955,4116.32
1763566200,4116.44,4121.295,4109.215,4110.22
1763567100,4110.125,4110.98,4090.05,4096.745
1763568000,4096.74,4098.71,4083.945,4094.85
1763568900,4094.89,4095.56,4071.63,4074.415
1763569800,4074.425,4079.425,4068.005,4073.605
1763570700,4073.685,4078.405,4070.14,4074.74
1763571600,4074.83,4076.67,4055.475,4065.575
1763572500,4065.44,4073.215,4061.985,4072.295
1763573400,4072.3,4078.345,4063.2,4075.215
1763574300,4075.195,4081.25,4072.095,4078.835
1763575200,4078.945,4085.685,4078.61,4084.02
1763576100,4084,4086.68,4078.69,4081.86
1763577000,4081.81,4084.45,4075.795,4079.315
1763577900,4079.255,4091.4,4078.27,4087.485
1763578800,4087.48,4087.52,4073.315,4078.27
1763579700,4078.285,4079.275,4069.285,4071.96
1763580600,4071.94,4076.96,4069.315,4071.94
1763581500,4071.965,4077.555,4071.02,4073.7
1763582400,4073.655,4078.295,4072.345,4075.85
1763583300,4075.945,4082.24,4075.945,4079.44
1763584200,4079.37,4080.68,4074.8,4077.26
1763585100,4077.32,4078.355,4072.45,4076.385
1763586000,4076.36,4076.36,4071.485,4072.48
1763586900,4072.555,4077.565,4065.76,4076.965
1763587800,4076.925,4084.9,4076.45,4080.23
1763588700,4080.41,4082.23,4076.18,4077.85
1763593200,4088.255,4089.465,4083.645,4088.005
1763594100,4087.995,4091.57,4087.37,4088.365
1763595000,4088.36,4099.14,4085.97,4096.72
1763595900,4096.81,4108.21,4096.63,4104.69
1763596800,4104.66,4110.37,4103.565,4105.75
1763597700,4105.745,4109.255,4105.21,4105.605
1763598600,4105.53,4109.025,4101.6,4105.08
1763599500,4105.12,4105.935,4100.42,4103.135
1763600400,4103.065,4109.185,4096.46,4097.59
1763601300,4097.585,4099.145,4092.39,4094.275
1763602200,4094.26,4094.765,4088.405,4091.785
1763603100,4091.845,4098.565,4081.195,4081.605
1763604000,4081.595,4081.88,4059.155,4063.46
1763604900,4063.445,4064.31,4038.9,4055.38
1763605800,4055.51,4062.2,4053.47,4061.87
1763606700,4061.895,4070.36,4060.17,4066.875
1763607600,4066.86,4085.695,4066.25,4078.16
1763608500,4078.135,4078.7,4072.64,4076.32
1763609400,4076.5,4076.84,4065.05,4066.055
1763610300,4065.85,4072.95,4064.88,4072.365
1763611200,4072.38,4078.955,4068.3,4078.07
1763612100,4078.09,4080.06,4076.105,4078.28
1763613000,4078.285,4079.7,4073.36,4076.765
1763613900,4076.7,4080.53,4074.68,4075.5
1763614800,4075.51,4075.97,4068.1,4071.59
1763615700,4071.495,4074.13,4068.3,4069.7
1763616600,4069.635,4072.35,4064.38,4067.13
1763617500,4066.96,4072.055,4066.335,4066.79
1763618400,4066.66,4077.945,4065.05,4073.585
1763619300,4073.56,4074.94,4058.52,4063.05
1763620200,4062.9,4072.27,4061.67,4067.995
1763621100,4068.02,4070.58,4063.6,4068.495
1763622000,4068.48,4076.675,4065.695,4073.5
1763622900,4073.605,4073.65,4060.13,4062.95
1763623800,4062.915,4068.22,4058.795,4059.915
1763624700,4059.94,4061.97,4054.35,4059.935
1763625600,4059.97,4063.195,4042.785,4047.405
1763626500,4047.36,4050.76,4038.93,4046.02
1763627400,4046.075,4058.685,4043.93,4054.6
1763628300,4054.615,4069.48,4051.91,4063.46
1763629200,4063.335,4072.81,4063.045,4068.82
1763630100,4068.885,4071.81,4058.78,4059.175
1763631000,4059.155,4067.715,4055.735,4063.81
1763631900,4063.82,4069.13,4059.765,4064.225
1763632800,4064.235,4068.275,4058.895,4059.63
1763633700,4059.62,4064.12,4058.305,4061.625
1763634600,4061.605,4067.16,4061.375,4063.645
1763635500,4063.49,4065.21,4058.5,4059.91
1763636400,4059.905,4060.97,4054.135,4057.395
1763637300,4057.335,4057.335,4051.16,4056.63
1763638200,4056.53,4068.525,4054.48,4066.755
1763639100,4066.78,4066.95,4056.63,4060.895
1763640000,4060.82,4075.025,4060.185,4072.72
1763640900,4072.71,4079.34,4069.865,4073.27
1763641800,4073.295,4079.5,4072.96,4076.955
1763642700,4076.985,4082.1,4074.155,4081.81
1763643600,4081.79,4094.665,4081.295,4090.185
1763644500,4090.19,4093.275,4083.475,4085.77
1763645400,4085.79,4096.545,4066.925,4080.51
1763646300,4080.54,4090.07,4073.18,4080.245
1763647200,4080.225,4083.41,4072.28,4078.795
1763648100,4078.645,4088.745,4078.49,4080.6
1763649000,4080.62,4091.45,4074.555,4088.955
1763649900,4088.97,4107.35,4086.615,4093.25
1763650800,4093.235,4097.075,4082.63,4092.565
1763651700,4092.55,4098.87,4086.36,4095.445
1763652600,4095.44,4096.175,4074.885,4088.085
1763653500,4088.145,4088.725,4070.23,4070.355
1763654400,4070.39,4082.795,4068.56,4074.635
1763655300,4074.535,4078.595,4063.12,4065.235
1763656200,4064.675,4068.27,4057.82,4059.23
1763657100,4059.28,4067.3,4044.815,4049.12
1763658000,4049.065,4055.135,4043.58,4052.81
1763658900,4052.815,4061.43,4050.495,4056.33
1763659800,4056.32,4060.315,4049.27,4052.33
1763660700,4052.34,4068.67,4051.655,4066.225
1763661600,4066.215,4072.72,4064.55,4066.53
1763662500,4066.545,4067.33,4056.215,4060.465
1763663400,4060.435,4067.375,4057.66,4061.115
1763664300,4061.105,4063.17,4056.895,4060.69
1763665200,4060.68,4069.325,4059.095,4069.22
1763666100,4069.135,4087.445,4066.275,4084.365
1763667000,4084.39,4087.37,4079.32,4083.14
1763667900,4083.155,4085.615,4080.345,4084.76
1763668800,4084.71,4085.24,4074.145,4077.22
1763669700,4077.26,4081.585,4074.165,4077.385
1763670600,4077.42,4078.28,4073.425,4077.905
1763671500,4077.91,4080.195,4073.63,4077.49
1763672400,4077.835,4079.83,4074.455,4077.265
1763673300,4077.28,4081.145,4076.525,4079.055
1763674200,4079.12,4080.37,4076.625,4076.89
1763675100,4076.935,4079.905,4076.935,4077.535
1763679600,4073.08,4085.225,4073.075,4084.96
1763680500,4085.08,4085.915,4076.585,4081.03
1763681400,4081.135,4088.65,4079.495,4087.21
1763682300,4087.22,4088.725,4074.415,4079.035
1763683200,4079.065,4081.56,4073.675,4079.925
1763684100,4079.865,4081.195,4071.61,4074.89
1763685000,4074.96,4080.1,4071.865,4078.545
1763685900,4078.635,4079.78,4071.36,4073.88
1763686800,4073.905,4073.905,4063.09,4064.485
1763687700,4064.52,4068.815,4061.63,4062.015
1763688600,4062.095,4064.965,4060.5,4064.335
1763689500,4064.355,4074.705,4063.415,4068.68
1763690400,4068.695,4075.87,4068.21,4073.74
1763691300,4073.715,4075.335,4066.085,4073.735
1763692200,4073.77,4080.105,4072.155,4073.17
1763693100,4073.18,4073.45,4056.525,4057.305
1763694000,4057.32,4059.495,4052.335,4056.61
1763694900,4056.615,4058.005,4049.46,4052.68
1763695800,4052.685,4057.685,4050.935,4054.925
1763696700,4054.96,4059.625,4052.185,4056.365
1763697600,4056.37,4062.615,4052.94,4055.39
1763698500,4055.26,4060.805,4053.53,4059.99
1763699400,4060.035,4060.705,4048.19,4050.595
1763700300,4050.59,4053.045,4047.705,4052.445
1763701200,4052.45,4057.585,4051.685,4056.105
1763702100,4056.32,4057.445,4053.06,4053.06
1763703000,4053.05,4057.565,4048.1,4048.985
1763703900,4048.975,4060.105,4039.75,4058.69
1763704800,4058.695,4065.095,4051.57,4051.825
1763705700,4051.75,4052.615,4030.54,4032.05
1763706600,4031.995,4040.69,4029.36,4036.11
1763707500,4036.035,4039.275,4032.72,4032.77
1763708400,4032.82,4033.155,4024.835,4032.505
1763709300,4032.52,4037.78,4030.6,4037.66
1763710200,4037.705,4039.87,4032.11,4033.48
1763711100,4033.625,4035.715,4028.705,4031.82
1763712000,4031.815,4039.515,4022.26,4037.015
1763712900,4037.06,4048.195,4033.895,4042.8
1763713800,4042.755,4047.66,4040.98,4043.635
1763714700,4043.53,4047.13,4038.66,4041.185
1763715600,4041.18,4059.7,4040.36,4058.32
1763716500,4058.305,4063.605,4054.08,4056.68
1763717400,4056.675,4060.895,4049.54,4049.62
1763718300,4049.61,4055.14,4048.34,4050.615
1763719200,4050.535,4052.8,4035.37,4038.955
1763720100,4038.935,4043.62,4032.63,4032.71
1763721000,4032.7,4038.045,4032.41,4033.93
1763721900,4033.89,4041.945,4033.505,4037.205
1763722800,4037.095,4047.05,4035.77,4040.41
1763723700,4040.37,4042.15,4037,4039.325
1763724600,4039.39,4041.06,4035.07,4036.675
1763725500,4036.58,4038.71,4031.1,4036.715
1763726400,4036.71,4046.03,4034.785,4044.35
1763727300,4044.33,4050.66,4041.17,4045.2
1763728200,4044.865,4063.635,4043.925,4062.205
1763729100,4062.22,4071.785,4061,4066.015
1763730000,4066.005,4067.355,4059.185,4062.4
1763730900,4062.43,4070.82,4059.945,4067.745
1763731800,4067.755,4072.475,4066.265,4072.425
1763732700,4072.365,4081.39,4072.365,4079.745
1763733600,4079.685,4084.075,4071.7,4076.24
1763734500,4076.27,4076.78,4064.065,4066.755
1763735400,4066.775,4071.085,4061.7,4063.52
1763736300,4063.48,4075.44,4062.335,4071.425
1763737200,4071.245,4076.885,4066.42,4072.145
1763738100,4072.15,4076.615,4067.605,4069.17
1763739000,4069.095,4070.745,4055.16,4063.5
1763739900,4063.595,4072.125,4062.77,4069.67
1763740800,4069.655,4072.725,4063.08,4067.36
1763741700,4067.44,4071.745,4064.265,4070.55
1763742600,4070.535,4081.305,4069.965,4079.37
1763743500,4079.345,4100.685,4076.44,4099.93
1763744400,4099.925,4101.07,4083.105,4084.69
1763745300,4084.715,4087.37,4079.01,4081.66
1763746200,4081.635,4084.735,4079.485,4083.515
1763747100,4083.56,4088.82,4081.06,4085.645
1763748000,4085.65,4087.655,4080.105,4081.365
1763748900,4081.3,4084.76,4079.195,4080.04
1763749800,4080.05,4081.985,4076.575,4079.655
1763750700,4079.65,4088.265,4079.605,4082.875
1763751600,4082.85,4086.325,4082.58,4084.93
1763752500,4084.885,4092.185,4084.425,4090.645
1763753400,4090.62,4092.17,4085.295,4085.765
1763754300,4085.825,4089.435,4084.41,4087.625
1763755200,4087.645,4088.77,4080.38,4081.12
1763756100,4081.125,4083,4068.09,4069.59
1763757000,4069.53,4069.615,4056.49,4059.415
1763757900,4059.37,4070.03,4055.3,4067.29
1763758800,4067.315,4069.195,4054.74,4059.42
1763759700,4059.48,4063.82,4057.13,4062.27
1763760600,4062.375,4066.81,4061.88,4065.26
1763761500,4065.27,4067.16,4062.93,4065.01
1763938800,4067.61,4077.795,4067.61,4074.125
1763939700,4074.13,4077.325,4069.09,4070.67
1763940600,4070.68,4072.47,4065.75,4070.21
1763941500,4070.255,4076.795,4069.465,4075.165
1763942400,4075.11,4076.105,4058.33,4062.255
1763943300,4062.38,4064.84,4059.33,4063.005
1763944200,4062.87,4066.315,4062.045,4065.87
1763945100,4065.885,4068.1,4063.81,4067.53
1763946000,4067.54,4073.33,4051.735,4054.565
1763946900,4054.53,4056.385,4050,4055.46
1763947800,4055.56,4056.585,4050.56,4052.46
1763948700,4052.445,4054.5,4042.755,4044.235
1763949600,4044.125,4048.57,4043.49,4046.485
1763950500,4046.625,4048.855,4046.085,4048.09
1763951400,4048.065,4051.72,4045.23,4047.6
1763952300,4048.095,4048.27,4040.77,4043.68
1763953200,4043.67,4050.84,4043.67,4046.655
1763954100,4046.645,4049.53,4044.67,4048.96
1763955000,4048.89,4058.285,4048.89,4056.28
1763955900,4056.295,4056.6,4048.19,4050.45
1763956800,4050.23,4061.425,4049.53,4059.175
1763957700,4059.13,4060.605,4048.475,4051.16
1763958600,4051.075,4052.535,4045.22,4046.805
1763959500,4046.83,4046.895,4042.225,4044.26
1763960400,4044.28,4046.795,4043.04,4045.695
1763961300,4045.775,4048.17,4040.02,4047.385
1763962200,4047.465,4049.705,4042.625,4048.635
1763963100,4048.695,4048.695,4041.38,4046.545
1763964000,4046.52,4054.705,4045.67,4049.92
1763964900,4049.84,4056.63,4047.915,4053.015
1763965800,4053.01,4058.21,4052.585,4056.945
1763966700,4056.95,4057.265,4052.35,4053.46
1763967600,4053.465,4057.785,4051.56,4053.705
1763968500,4053.7,4056.68,4052.055,4052.725
1763969400,4052.72,4067.115,4052.655,4063.995
1763970300,4064.005,4067.75,4058.56,4060.245
1763971200,4060.25,4064.915,4059.745,4061.935
1763972100,4061.955,4066.355,4059.65,4062.94
1763973000,4062.72,4063.81,4060.125,4063.58
1763973900,4063.38,4067.005,4062.53,4063.385
1763974800,4063.36,4074.415,4062.885,4072.17
1763975700,4072.245,4074.04,4066.945,4068.765
1763976600,4068.635,4072.995,4067.71,4070.375
1763977500,4070.495,4072.66,4065.78,4072.045
1763978400,4072.02,4077.4,4071.045,4073.31
1763979300,4073.155,4077.07,4068.425,4070.385
1763980200,4070.335,4071.085,4066.105,4070.215
1763981100,4070.22,4070.98,4063.335,4064.01
1763982000,4064.015,4068.615,4063.285,4066.665
1763982900,4066.655,4070.475,4066.51,4070.375
1763983800,4070.385,4071.195,4067.09,4070.33
1763984700,4070.3,4071.705,4068.95,4070.035
1763985600,4070.035,4074.355,4065.635,4068.775
1763986500,4068.745,4071.46,4067.48,4070.96
1763987400,4070.98,4080.58,4070.705,4079.115
1763988300,4079.185,4084.145,4077.16,4080.565
1763989200,4080.61,4081.915,4075.955,4078.415
1763990100,4078.4,4085.09,4077.435,4080.615
1763991000,4080.635,4086.02,4074.51,4077.57
1763991900,4077.585,4081.045,4073.705,4077.945
1763992800,4077.9,4083.235,4076.03,4079.97
1763993700,4079.93,4081.23,4073.92,4075.75
1763994600,4075.82,4079.105,4068.445,4073.725
1763995500,4073.73,4086.275,4072.28,4081.595
1763996400,4081.57,4093.485,4081.295,4092.265
1763997300,4092.39,4093.94,4087.225,4088.115
1763998200,4088.15,4093.6,4087.145,4093.35
1763999100,4093.34,4093.79,4089.315,4091.705
1764000000,4091.72,4095.68,4089.64,4095.015
1764000900,4095.02,4095.365,4092.185,4092.57
1764001800,4092.605,4099,4092.16,4097.925
1764002700,4097.96,4098.635,4095.005,4097.37
1764003600,4097.33,4099.8,4091.675,4092.09
1764004500,4092.13,4094.87,4088.925,4093.595
1764005400,4093.655,4096.165,4092.67,4095.36
1764006300,4095.355,4100.47,4092.56,4093.02
1764007200,4093.025,4093.6,4088.085,4090.15
1764008100,4090.14,4095.835,4089.52,4095.72
1764009000,4095.715,4114.715,4095.665,4112.785
1764009900,4112.775,4126.03,4110.385,4120.585
1764010800,4120.61,4124.27,4116.605,4116.825
1764011700,4116.83,4120.745,4114.965,4119.095
1764012600,4119.105,4119.495,4113.775,4116.23
1764013500,4116.2,4121.285,4115.825,4118.575
1764014400,4118.61,4123.795,4118.1,4122.035
1764015300,4122.04,4125.62,4121.14,4124.76
1764016200,4124.785,4133.75,4124.68,4131.485
1764017100,4131.49,4133.585,4128.83,4132.65
1764018000,4132.64,4133.89,4130.075,4131.825
1764018900,4131.855,4133.165,4130.9,4132.3
1764019800,4132.275,4139.875,4131.135,4139.22
1764020700,4139.25,4139.89,4133.515,4133.975
1764025200,4135.485,4139.155,4125.385,4129.495
1764026100,4129.515,4133.635,4127.25,4131.435
1764027000,4131.485,4136.53,4128.985,4136.285
1764027900,4136.18,4144.34,4135.885,4143.62
1764028800,4143.685,4144.585,4136.41,4136.635
1764029700,4136.63,4140.635,4134.19,4135.655
1764030600,4135.745,4136.975,4131.945,4134.88
1764031500,4134.875,4136.17,4127.53,4129.545
1764032400,4129.72,4135.995,4123.97,4128.48
1764033300,4128.515,4128.985,4122.55,4127.565
1764034200,4127.615,4139.365,4127.445,4136.82
1764035100,4136.855,4137.725,4132.55,4134.94
1764036000,4134.905,4142.165,4132.93,4136.465
1764036900,4136.475,4145.875,4135.475,4144.8
1764037800,4144.755,4152.72,4144.12,4152.185
1764038700,4152.295,4155.9,4149.89,4150.665
1764039600,4150.64,4150.75,4145.155,4145.83
1764040500,4145.835,4147.585,4139.59,4145.27
1764041400,4145.42,4145.935,4140.83,4145.2
1764042300,4145.15,4145.78,4141.2,4143.165
1764043200,4143.14,4146.095,4139.51,4144.835
1764044100,4144.845,4147.89,4144.21,4146.15
1764045000,4145.985,4148.43,4143.08,4145.375
1764045900,4145.31,4146.33,4140.2,4140.68
1764046800,4140.78,4148.25,4140.78,4146.9
1764047700,4146.91,4147.36,4142.75,4144.2
1764048600,4144.09,4147.46,4141.535,4146.78
1764049500,4146.71,4152.04,4144.94,4151.09
1764050400,4150.955,4152.21,4145.925,4147.45
1764051300,4147.435,4149.135,4139.975,4140.88
1764052200,4140.87,4143.82,4138.65,4140.015
1764053100,4140.02,4143.355,4138.905,4141.625
1764054000,4141.555,4146.02,4139.52,4140.47
1764054900,4140.54,4143.725,4134.725,4137.21
1764055800,4137.255,4138.83,4130.89,4137.5
1764056700,4137.515,4139.335,4130.115,4132.56
1764057600,4132.715,4136.48,4131.5,4134.41
1764058500,4134.48,4139.495,4134.48,4136.495
1764059400,4136.47,4136.73,4121.345,4127.485
1764060300,4127.465,4128.205,4109.71,4115.965
1764061200,4115.975,4128.45,4113.93,4127.085
1764062100,4127,4130.7,4122.725,4124.895
1764063000,4124.77,4131.43,4122.085,4127.895
1764063900,4127.91,4130.39,4125.83,4128.46
1764064800,4128.455,4137.8,4127.455,4137.43
1764065700,4137.48,4138.91,4129.165,4130.995
1764066600,4131,4133.56,4128.115,4132.185
1764067500,4132.225,4134.74,4127.42,4131.47
1764068400,4131.46,4134.825,4127.865,4134.745
1764069300,4134.81,4137.47,4128.49,4132.47
1764070200,4132.48,4134.275,4129.46,4132.68
1764071100,4132.645,4134.275,4130.11,4133.685
1764072000,4133.68,4137.495,4133.285,4136.085
1764072900,4136.115,4138.92,4132.59,4132.9
1764073800,4132.865,4136.99,4117.355,4117.47
1764074700,4117.45,4130.315,4115.51,4130.065
1764075600,4130.125,4139.975,4129.66,4138.325
1764076500,4138.33,4146.955,4137.75,4141.825
1764077400,4141.795,4150.915,4141.755,4145.88
1764078300,4145.945,4150.27,4144.15,4147.77
1764079200,4147.785,4148.61,4138.895,4142.615
1764080100,4142.61,4143.26,4133.49,4134.315
1764081000,4134.325,4137.775,4117.365,4119.7
1764081900,4119.56,4126.23,4110.805,4125.26
1764082800,4125.28,4131.91,4117.92,4129.215
1764083700,4129.205,4134.13,4125.015,4127.895
1764084600,4127.9,4133.485,4127.095,4130.72
1764085500,4130.775,4132.9,4120.69,4123.125
1764086400,4123.12,4131.825,4122.215,4131.47
1764087300,4131.455,4141.4,4131.375,4140.675
1764088200,4140.665,4141.08,4136.48,4140.05
1764089100,4140.065,4140.315,4134.7,4136.195
1764090000,4136.24,4153.435,4136,4150.17
1764090900,4150.18,4154.03,4145.25,4149.8
1764091800,4149.81,4159.38,4148.83,4152.62
1764092700,4152.725,4153.625,4144.345,4146.215
1764093600,4146.235,4151.085,4141.98,4145.86
1764094500,4145.825,4146.91,4141.83,4142.695
1764095400,4142.705,4145.61,4135.275,4139.475
1764096300,4139.45,4141.345,4132.445,4134.325
1764097200,4134.255,4140.335,4131.595,4138.36
1764098100,4138.365,4138.71,4128.49,4130.06
1764099000,4130.08,4133.675,4129.145,4132.31
1764099900,4132.315,4134.185,4129.465,4133.86
1764100800,4133.895,4138.525,4133.615,4136.635
1764101700,4136.665,4138.015,4132.26,4132.46
1764102600,4132.455,4136.37,4130.73,4135.42
1764103500,4135.435,4135.47,4130.65,4132.42
1764104400,4132.4,4132.67,4127.62,4132.045
1764105300,4132.025,4132.55,4129.65,4130.3
1764106200,4130.33,4132.435,4129.64,4131.305
1764107100,4131.275,4131.57,4129.185,4130.55
1764111600,4134.495,4136.375,4132.49,4133.605
1764112500,4133.645,4137.305,4132.025,4133.435
1764113400,4133.52,4136.025,4129.99,4134.125
1764114300,4134.14,4134.14,4131.385,4133.955
1764115200,4133.97,4139.91,4132.815,4138.59
1764116100,4138.61,4142.805,4137.715,4141.67
1764117000,4141.665,4142.39,4137.855,4139.82
1764117900,4139.83,4144.435,4134.79,4143.08
1764118800,4143.085,4146.055,4138.735,4140.215
1764119700,4140.24,4147.215,4140.24,4144.965
1764120600,4145.045,4151.765,4143.075,4150.59
1764121500,4150.53,4152.985,4148.17,4148.545
1764122400,4148.525,4153.74,4147.465,4150.38
1764123300,4150.36,4164.715,4150.14,4162.29
1764124200,4162.295,4166.37,4158.32,4161.675
1764125100,4161.69,4166.715,4161.55,4162.125
1764126000,4162.1,4169.125,4160.335,4165.37
1764126900,4165.36,4166.075,4163.2,4164.23
1764127800,4164.235,4167.45,4163.17,4166.2
1764128700,4166.195,4169.58,4164.21,4166.07
1764129600,4166.015,4167.09,4159.385,4161.875
1764130500,4161.97,4162.5,4156.985,4157.525
1764131400,4157.51,4161.18,4156.525,4160.35
1764132300,4160.365,4162.985,4157.67,4162.04
1764133200,4162.1,4166.83,4160.87,4166.415
1764134100,4166.37,4168.845,4164.505,4167.035
1764135000,4167.045,4167.675,4160.41,4162.89
1764135900,4162.885,4165.12,4160.715,4162.46
1764136800,4162.415,4162.96,4156.97,4157.34
1764137700,4157.21,4160.405,4153.11,4158.375
1764138600,4158.42,4158.515,4146.68,4151.045
1764139500,4151.06,4154.34,4148.84,4150.215
1764140400,4150.225,4155.04,4149.365,4153.52
1764141300,4153.515,4154.245,4149.96,4152.25
1764142200,4152.235,4156.75,4151.225,4155.55
1764143100,4155.545,4161.74,4155.115,4157.54
1764144000,4157.525,4167.53,4156.785,4165.835
1764144900,4165.795,4168.63,4164.965,4166.79
1764145800,4166.785,4167.315,4155.765,4158.005
1764146700,4157.99,4162.73,4154.76,4161.09
1764147600,4161.1,4164.66,4157.565,4158.29
1764148500,4158.28,4163.27,4156.52,4162.85
1764149400,4162.815,4164.095,4160.14,4160.145
1764150300,4160.275,4162.88,4157.765,4162.865
1764151200,4162.875,4165.28,4162.23,4163.86
1764152100,4163.865,4165.215,4160.46,4163.42
1764153000,4163.335,4163.335,4156.325,4158.21
1764153900,4158.24,4160.67,4155.98,4160.09
1764154800,4160.095,4161.09,4157.815,4160.065
1764155700,4160.075,4165.055,4160.03,4165.025
1764156600,4165.035,4172.67,4165,4171.22
1764157500,4171.21,4173.175,4166.32,4171.61
1764158400,4171.62,4173.5,4167.985,4170.975
1764159300,4171,4171.165,4159.61,4162.04
1764160200,4162.125,4163.915,4155.79,4158.47
1764161100,4158.415,4158.875,4148.57,4155.25
1764162000,4155.26,4163.99,4153.145,4159.59
1764162900,4159.5,4166.665,4157.65,4165.855
1764163800,4165.865,4165.865,4153.2,4153.885
1764164700,4153.895,4156.755,4149.02,4153.5
1764165600,4153.51,4156.97,4139.595,4147.57
1764166500,4147.545,4149.53,4141.8,4142.26
1764167400,4142.27,4154.48,4141.57,4149.28
1764168300,4149.23,4152.34,4142.275,4142.365
1764169200,4142.225,4152.435,4136.665,4152.435
1764170100,4152.415,4158.085,4152.2,4156.715
1764171000,4156.735,4163.975,4155.595,4162.105
1764171900,4162.15,4165.83,4157.955,4165.43
1764172800,4165.445,4165.92,4160.73,4162.335
1764173700,4162.29,4165.04,4161.8,4162.055
1764174600,4162.055,4168.595,4161.13,4167.39
1764175500,4167.395,4168.33,4164.535,4167.15
1764176400,4167.155,4168.335,4165.16,4165.94
1764177300,4166,4169.935,4165.175,4168.075
1764178200,4168.12,4169.285,4165.675,4168.875
1764179100,4168.94,4169.9,4165.93,4167.275
1764180000,4167.29,4171.905,4167.06,4171.24
1764180900,4171.19,4171.35,4167.065,4167.965
1764181800,4167.98,4168.915,4158.375,4159.295
1764182700,4159.265,4165.405,4158.1,4164.795
1764183600,4164.775,4168.67,4164.14,4166.83
1764184500,4166.84,4169.84,4166.18,4167.525
1764185400,4167.535,4168.205,4162.63,4163.78
1764186300,4163.81,4166.195,4162.58,4163.355
1764187200,4163.365,4165.97,4161.4,4164.56
1764188100,4164.565,4167.515,4164.46,4165.295
1764189000,4165.3,4167.445,4164.07,4166.505
1764189900,4166.585,4167.31,4161.775,4164.06
1764190800,4164.1,4164.14,4162.21,4163.4
1764191700,4163.415,4164.98,4162.385,4163.97
1764192600,4163.925,4167.635,4162.805,4164.665
1764193500,4164.875,4165.745,4163.185,4163.575
1764198000,4165.255,4168.75,4165.235,4166.845
1764198900,4166.81,4168.37,4163.465,4164.095
1764199800,4164.13,4165.205,4162.52,4165.06
1764200700,4165.075,4167.86,4164.555,4164.785
1764201600,4164.805,4167.15,4162.3,4165.025
1764202500,4164.985,4166.99,4163.49,4166.18
1764203400,4166.21,4166.97,4164.4,4165.685
1764204300,4165.645,4165.72,4161.75,4164.56
1764205200,4164.555,4165.355,4156.875,4157.64
1764206100,4157.495,4159.205,4148.76,4153.91
1764207000,4153.915,4156.7,4151.61,4152.525
1764207900,4152.495,4154.55,4148.805,4154.45
1764208800,4154.48,4156.425,4151.01,4153.13
1764209700,4153.215,4154.565,4149.56,4152.93
1764210600,4152.915,4155.15,4149.415,4153.16
1764211500,4153.195,4154.93,4144.67,4145.525
1764212400,4145.49,4149.395,4144.525,4148.32
1764213300,4148.42,4150.76,4147.755,4148.345
1764214200,4148.325,4149.89,4146.64,4148.02
1764215100,4148.115,4149.985,4146.04,4147.565
1764216000,4147.56,4147.835,4142.73,4147.545
1764216900,4147.54,4150.04,4146.53,4149.905
1764217800,4149.92,4154.725,4149.92,4152.355
1764218700,4152.35,4154.72,4149.44,4151.01
1764219600,4150.91,4154.95,4150.91,4153.08
1764220500,4153.005,4154.31,4150.82,4152.82
1764221400,4152.675,4153.575,4148.04,4148.11
1764222300,4147.98,4149.115,4144.61,4146.99
1764223200,4147.02,4154.965,4146.885,4153.51
1764224100,4153.54,4156.89,4152.47,4156.815
1764225000,4156.81,4158.175,4153.62,4154.1
1764225900,4154.16,4159.295,4152.71,4157.45
1764226800,4157.425,4161.075,4155.455,4160.91
1764227700,4160.96,4162.515,4159.06,4159.515
1764228600,4159.455,4160.655,4157.53,4158.82
1764229500,4158.765,4160.345,4157.75,4160.18
1764230400,4160.21,4164.565,4159.565,4163.33
1764231300,4163.315,4165.76,4161.725,4165.05
1764232200,4165.11,4166.63,4163.265,4163.605
1764233100,4163.595,4167.26,4163.255,4165.73
1764234000,4165.65,4165.815,4154.435,4155.185
1764234900,4155.24,4157.185,4148.4,4155.005
1764235800,4155.01,4157.9,4153.245,4157.465
1764236700,4157.51,4161.005,4155.84,4158.595
1764237600,4158.635,4160.71,4155.76,4156.45
1764238500,4156.455,4157.1,4152.785,4152.785
1764239400,4152.63,4155.66,4152.415,4154
1764240300,4154.01,4157.26,4153.225,4156.56
1764241200,4156.47,4159.655,4156.045,4157.79
1764242100,4157.81,4159.885,4156.525,4159.08
1764243000,4159.09,4162.605,4158.495,4160.8
1764243900,4160.795,4162.165,4157.415,4157.42
1764244800,4157.445,4159.225,4156.065,4157.76
1764245700,4157.84,4158.72,4155.82,4156.945
1764246600,4156.92,4158.705,4154.85,4155.755
1764247500,4155.745,4158.455,4153.615,4154.175
1764248400,4154.14,4154.255,4149.085,4151.015
1764249300,4151.055,4153.79,4149.445,4152.36
1764250200,4152.355,4158.13,4152,4156.08
1764251100,4156.145,4156.69,4153.24,4155.08
1764252000,4155.075,4159.035,4153.89,4158.57
1764252900,4158.575,4160.88,4157.08,4157.345
1764253800,4157.4,4159.135,4153.03,4157.765
1764254700,4157.74,4159.26,4152.95,4153.34
1764255600,4153.355,4158.855,4153,4157.48
1764256500,4157.485,4161.925,4157.385,4161.245
1764257400,4161.205,4161.205,4158.495,4159.835
1764258300,4159.85,4160.84,4156.985,4158.07
1764259200,4158.025,4158.39,4153.43,4155.405
1764260100,4155.42,4156,4151.505,4154.4
1764261000,4154.415,4155.74,4154.18,4155.355
1764261900,4155.47,4157.65,4154.845,4156.51
1764262800,4156.61,4157.41,4154.94,4155.375
1764263700,4155.335,4157.075,4154.695,4156.86
1764264600,4156.91,4158.26,4156.49,4157.56
1764265500,4157.5,4159.33,4157.28,4157.985
1764266400,4157.98,4158.75,4156.485,4157.03
1764267300,4156.98,4157.89,4155.875,4156.255
1764268200,4156.235,4157.87,4156.165,4157.27
1764269100,4157.415,4159.935,4157.215,4159.29
1764270000,4159.23,4160.46,4159.13,4159.85
1764270900,4159.945,4160.215,4157.34,4157.4
1764271800,4157.85,4159.84,4155.7,4157.775
1764272700,4157.85,4157.85,4157.55,4157.68
1764273600,4157.55,4157.76,4157.01,4157.03
1764274500,4157.26,4158.815,4155.365,4157.1
1764275400,4157.215,4157.65,4157.03,4157.13
1764276300,4157.105,4158.87,4155.355,4157.09
1764277200,4157.65,4157.65,4157.1,4157.1
1764278100,4155.335,4158.945,4155.335,4157.065
1764279900,4155.37,4159.34,4155.35,4158.8
1764284400,4159.355,4163.04,4159.325,4162.915
1764285300,4162.895,4163.16,4161.055,4162.885
1764286200,4162.935,4163.825,4162.17,4162.62
1764287100,4162.64,4163.845,4162.165,4163.165
1764288000,4163.15,4168.765,4162.97,4167.985
1764288900,4167.98,4171.88,4166.76,4170.73
1764289800,4170.79,4184.055,4170.455,4179.325
1764290700,4179.365,4182.995,4178.44,4180.865
1764291600,4180.85,4191.595,4180.77,4186.47
1764292500,4186.455,4190.05,4183.09,4187.545
1764293400,4187.305,4193.26,4186.24,4192.455
1764294300,4192.325,4193.01,4190.365,4191.295
1764295200,4191.28,4191.38,4187.265,4189.595
1764296100,4189.545,4191.985,4188.655,4189.77
1764297000,4189.775,4190.775,4186.04,4188.01
1764297900,4187.755,4190.235,4187.06,4189.635
1764298800,4189.77,4192.705,4185.435,4187.91
1764299700,4187.845,4188.69,4186.03,4188.51
1764300600,4188.455,4189.735,4183.43,4183.625
1764301500,4183.64,4185.335,4180.63,4183.39
1764302400,4183.405,4186.635,4182.37,4185.49
1764303300,4185.45,4186.11,4176.575,4178.89
1764304200,4179.1,4188.105,4176.76,4186.525
1764305100,4186.52,4189.4,4186.265,4189.03
1764306000,4188.655,4189.2,4170.68,4183.02
1764306900,4183.025,4188.48,4176.85,4184.79
1764307800,4184.77,4186.25,4182.025,4184.83
1764308700,4184.87,4186.46,4181.175,4181.97
1764309600,4181.655,4185.085,4180.89,4184.28
1764310500,4184.41,4190.165,4183.19,4186.035
1764311400,4186.055,4190.515,4185.35,4188.375
1764312300,4188.415,4192.46,4185.945,4187.12
1764313200,4187.14,4187.81,4183.085,4184.805
1764314100,4184.815,4186.205,4181.745,4182.9
1764315000,4182.91,4183.415,4177.08,4178.8
1764315900,4178.745,4179.04,4172.85,4174.16
1764316800,4173.95,4175.76,4157.54,4166.725
1764317700,4154.06,4157.925,4154.06,4155.205
1764318600,4162.648,4163.895,4153.74,4155.545
1764319500,4156.22,4168.07,4155.715,4164.01
1764320400,4166.166,4167.16,4162.105,4163.655
1764321300,4165.67,4167.005,4161.03,4163.845
1764322200,4165.41,4168.095,4163.365,4166.245
1764323100,4166.345,4169.105,4164.01,4167.545
1764324000,4167.8,4175.76,4167.6,4173.875
1764324900,4173.875,4178.235,4167.655,4169.08
1764325800,4169.05,4170.575,4159.32,4166.03
1764326700,4166.015,4170.62,4161.59,4163.325
1764327600,4163.14,4174.425,4162.325,4171.225
1764328500,4171.31,4180.15,4170.9,4173.18
1764329400,4173.11,4177.685,4172.375,4173.855
1764330300,4173.84,4176.14,4170.65,4171.275
1764331200,4170.63,4179.72,4168.11,4175.95
1764332100,4175.955,4176.97,4171.2,4175.65
1764333000,4175.905,4176.54,4173.7,4175.95
1764333900,4175.935,4178.3,4175.58,4176.95
1764334800,4176.96,4179.265,4171.785,4173.94
1764335700,4173.605,4174.145,4168.9,4170.88
1764336600,4170.825,4178.215,4168.22,4173.7
1764337500,4173.78,4182.975,4171.97,4182.7
1764338400,4182.785,4192.08,4182.66,4191.87
1764339300,4191.88,4200.235,4190.77,4196.585
1764340200,4196.605,4209.04,4194.765,4199.395
1764341100,4199.51,4203.095,4194.505,4198.075
1764342000,4198.075,4199.085,4185.765,4189.71
1764342900,4189.715,4197.83,4185.84,4197.145
1764343800,4197.16,4198.795,4193.655,4197.395
1764344700,4197.44,4204.295,4196.235,4203.93
1764345600,4203.94,4206.245,4197.87,4199.58
1764346500,4199.52,4210.67,4199.21,4209.58
1764347400,4209.565,4210.95,4202.31,4206.405
1764348300,4206.4,4209.705,4204.96,4206.4
1764349200,4206.425,4211.895,4204.545,4207.39
1764350100,4207.41,4209.22,4205.595,4206.87
1764351000,4206.895,4212.44,4206.21,4212.22
1764351900,4212.1,4217.1,4210.985,4216.97
1764352800,4217.04,4217.465,4210.96,4215.34
1764353700,4215.17,4220.775,4214.655,4220.35
1764354600,4220.385,4226.915,4218.58,4221.485
1764355500,4221.47,4223.71,4219.635,4220.55
1764356400,4220.525,4222.075,4218.64,4219.17
1764357300,4219.135,4219.615,4216.29,4217.625
1764358200,4217.665,4221.46,4216.7,4219.2
1764359100,4219.18,4219.265,4215.005,4215.82
1764543600,4226.31,4226.465,4205.785,4217.335
1764544500,4217.325,4224.81,4214.445,4222.305
1764545400,4222.335,4225.335,4219.885,4223.675
1764546300,4223.62,4225.14,4221.915,4221.94
1764547200,4221.905,4224.615,4218.84,4223.01
1764548100,4223.025,4232.735,4218.43,4227.035
1764549000,4227.045,4232.64,4226.22,4231.885
1764549900,4231.92,4233.735,4225.99,4230.775
1764550800,4230.76,4233.485,4219.745,4228.36
1764551700,4228.41,4239.36,4224.26,4238.67
1764552600,4238.68,4243.8,4234.735,4241.485
1764553500,4241.48,4256.45,4237.195,4255.56
1764554400,4255.55,4256.6,4245.365,4248.395
1764555300,4248.4,4248.955,4240.53,4241.125
1764556200,4241.09,4241.46,4234.305,4239.765
1764557100,4239.775,4243.425,4237.58,4242.955
1764558000,4242.95,4244.08,4232.6,4234.385
1764558900,4234.255,4238.095,4232.665,4235.3
1764559800,4235.275,4240.83,4234.97,4238.285
1764560700,4238.29,4240.12,4235,4239.49
1764561600,4239.5,4239.575,4236.56,4238.92
1764562500,4238.935,4240.95,4237.8,4239.81
1764563400,4239.825,4243.475,4239.295,4242.105
1764564300,4242.15,4247.065,4242.14,4245.775
1764565200,4245.765,4246.745,4229.685,4232.77
1764566100,4232.79,4233.73,4215.605,4220.47
1764567000,4220.465,4228.085,4217.86,4224.46
1764567900,4224.145,4231.495,4223.705,4229.675
1764568800,4229.75,4234.06,4228.705,4233.265
1764569700,4233.27,4233.77,4226.27,4231.815
1764570600,4231.805,4235.725,4229.99,4235.35
1764571500,4235.41,4240.665,4235.325,4237.105
1764572400,4237.105,4239.24,4233.485,4237.14
1764573300,4237.145,4242.8,4231.735,4240.715
1764574200,4240.84,4243.335,4240.38,4240.465
1764575100,4240.47,4246.715,4238.215,4245.35
1764576000,4245.375,4252.97,4244.715,4250.93
1764576900,4250.925,4253.715,4249.105,4249.595
1764577800,4249.6,4250.24,4240.94,4242.375
1764578700,4242.4,4244.885,4238.335,4244.78
1764579600,4244.835,4250.095,4244.835,4249.465
1764580500,4249.5,4251.895,4246.81,4251.57
1764581400,4251.46,4251.515,4246.645,4247.52
1764582300,4247.51,4250.955,4243.8,4250.125
1764583200,4250.14,4262.435,4249.255,4258.72
1764584100,4258.74,4259.41,4252.26,4253.625
1764585000,4253.445,4255.065,4251.33,4254.41
1764585900,4254.395,4258.005,4253.2,4255.64
1764586800,4255.655,4256.755,4250.745,4251.71
1764587700,4251.695,4255.755,4248.33,4254.39
1764588600,4254.395,4258.605,4251.915,4258.4
1764589500,4258.47,4258.555,4253.34,4254.63
1764590400,4254.475,4256.73,4247.525,4249.165
1764591300,4249.08,4254.53,4247.69,4252.915
1764592200,4252.91,4256.43,4250.685,4252.71
1764593100,4252.67,4253.03,4244.225,4246.605
1764594000,4246.45,4256.53,4245.695,4254.41
1764594900,4254.455,4257.815,4250.135,4257.015
1764595800,4257.025,4264.7,4256.98,4261.995
1764596700,4262.02,4263.39,4247.135,4247.395
1764597600,4247.455,4249.335,4238.475,4247.2
1764598500,4247.185,4249.36,4242.235,4246.6
1764599400,4246.595,4247.94,4219.78,4225.45
1764600300,4225.445,4241.685,4223.045,4239.98
1764601200,4240.53,4244.905,4230.645,4231.43
1764602100,4231.475,4232.055,4219.495,4228.325
1764603000,4228.33,4236.545,4221.95,4229.15
1764603900,4229.1,4233.795,4221.775,4232.525
1764604800,4232.51,4240.005,4231.605,4237.155
1764605700,4237.185,4240.13,4227.025,4239.83
1764606600,4239.835,4240.43,4230.535,4239
1764607500,4239.015,4242.66,4225.18,4226.295
1764608400,4226.285,4233.72,4223.105,4230.165
1764609300,4230.15,4236.89,4227.265,4235.74
1764610200,4235.765,4239.825,4235.355,4239.055
1764611100,4239.145,4240.08,4230.03,4232.285
1764612000,4232.345,4238.695,4232.345,4236.465
1764612900,4236.485,4242.025,4235.29,4240.88
1764613800,4240.96,4242.955,4236.245,4242.485
1764614700,4242.46,4244.81,4237.39,4240.44
1764615600,4240.46,4241.785,4236.19,4237.89
1764616500,4237.865,4242.395,4236.82,4241.71
1764617400,4241.625,4243.885,4233.96,4233.96
1764618300,4233.64,4237.305,4229.315,4237.075
1764619200,4237.1,4241.05,4235.14,4238.18
1764620100,4238.045,4239.02,4235.345,4237.71
1764621000,4237.685,4241.63,4235.53,4240.95
1764621900,4241.02,4241.215,4234.545,4237.5
1764622800,4237.4,4239.04,4235.585,4238.53
1764623700,4238.55,4240.47,4237.785,4238.515
1764624600,4238.525,4238.53,4233.065,4233.215
1764625500,4233.26,4234.365,4230.265,4232.29
1764630000,4231.77,4233.835,4231.525,4233.495
1764630900,4233.53,4236.15,4231.82,4235.735
1764631800,4235.725,4235.91,4228.64,4230.81
1764632700,4230.8,4230.815,4224.39,4227.54
1764633600,4227.55,4228.085,4223.555,4227.08
1764634500,4226.865,4227.835,4221.69,4225.345
1764635400,4225.375,4228.635,4224.295,4228.515
1764636300,4228.465,4229.735,4223.625,4226.795
1764637200,4226.72,4227.34,4192.915,4205.7
1764638100,4205.71,4215.965,4204.465,4213.76
1764639000,4213.765,4218.285,4208.475,4211.135
1764639900,4211.195,4220.875,4210.38,4219.56
1764640800,4219.555,4221.75,4215.63,4219.315
1764641700,4219.25,4223.355,4216.04,4217.275
1764642600,4217.225,4221.725,4214.52,4221.465
1764643500,4221.51,4224.705,4220.025,4221.76
1764644400,4221.655,4225.47,4220.69,4224.265
1764645300,4224.18,4226.415,4222.425,4222.855
1764646200,4222.78,4225.42,4220.39,4221.23
1764647100,4221.215,4221.75,4215.74,4216.835
1764648000,4216.84,4220.845,4215.625,4216.71
1764648900,4216.725,4219.2,4215.475,4216.465
1764649800,4216.535,4218.205,4213.8,4217.93
1764650700,4217.965,4218.91,4216.185,4218.785
1764651600,4218.8,4220.18,4215.18,4219.29
1764652500,4219.24,4223.15,4219.18,4221.565
1764653400,4221.495,4223.325,4218.985,4220.25
1764654300,4220.325,4225.655,4219.885,4225.005
1764655200,4225.03,4226.35,4223.985,4223.985
1764656100,4223.965,4224.4,4204.4,4205.8
1764657000,4205.765,4210.575,4203.285,4209.42
1764657900,4209.465,4215.365,4207.81,4212.965
1764658800,4212.945,4214.6,4210.54,4213.925
1764659700,4213.93,4219.495,4213.9,4217.795
1764660600,4217.95,4218.95,4211.445,4211.67
1764661500,4211.62,4214.34,4209.82,4213.57
1764662400,4213.585,4215.325,4207.24,4214.48
1764663300,4214.46,4217.24,4212.18,4214.565
1764664200,4214.615,4216.735,4211.515,4212.58
1764665100,4212.585,4214.705,4210.09,4210.22
1764666000,4210.16,4213.3,4204.94,4208.05
1764666900,4208.035,4208.9,4192.265,4194.685
1764667800,4194.525,4196.06,4181.14,4190.575
1764668700,4190.59,4194.325,4187.91,4192.12
1764669600,4192.085,4192.565,4186.435,4187.06
1764670500,4186.995,4189.405,4182.47,4186.73
1764671400,4186.755,4188.445,4184.56,4187.635
1764672300,4187.7,4189.84,4182.31,4185.925
1764673200,4185.91,4189.96,4185.07,4187.83
1764674100,4187.98,4197.005,4186.915,4197.005
1764675000,4197.03,4200.52,4194.65,4197.995
1764675900,4198,4206.16,4196.615,4205.64
1764676800,4205.625,4208.135,4204.19,4205.135
1764677700,4205.355,4207.225,4201.07,4204.505
1764678600,4204.355,4206.625,4202.435,4205.245
1764679500,4205.325,4209.655,4203.925,4208.925
1764680400,4208.92,4215.33,4202.285,4205.16
1764681300,4205.18,4208.88,4202.225,4203.735
1764682200,4203.71,4209.545,4202.995,4205.24
1764683100,4205.255,4212.965,4202.635,4212.565
1764684000,4212.495,4224.005,4212.4,4223.565
1764684900,4223.615,4230.685,4222.075,4227.685
1764685800,4227.71,4229.58,4215.24,4217.93
1764686700,4217.92,4225.825,4214.415,4218.845
1764687600,4218.77,4219.69,4204.635,4206.09
1764688500,4206.125,4208.8,4186.635,4188.3
1764689400,4188.325,4192.145,4180.23,4189.245
1764690300,4189.29,4189.85,4163.805,4169.835
1764691200,4170.075,4178.475,4166.825,4177.14
1764692100,4177.115,4179.875,4171.54,4177.445
1764693000,4177.41,4190.405,4177.125,4186.37
1764693900,4186.38,4189.04,4180.495,4185.03
1764694800,4185.04,4192.185,4184.835,4187.455
1764695700,4187.445,4192.92,4187.235,4192.26
1764696600,4192.365,4196.54,4190.48,4193.19
1764697500,4193.2,4196.94,4193.195,4193.885
1764698400,4193.865,4197.08,4191.35,4192.615
1764699300,4192.685,4195.615,4189.04,4189.435
1764700200,4189.345,4191.215,4183.23,4187.3
1764701100,4187.245,4192,4185.975,4190.985
1764702000,4191.03,4198.5,4191.03,4197.215
1764702900,4197.26,4198.57,4194.075,4197.365
1764703800,4197.39,4199.92,4193.77,4195.14
1764704700,4195.13,4200.4,4193.955,4196.47
1764705600,4196.45,4199.945,4194.79,4198.19
1764706500,4198.33,4199.535,4195.695,4198.63
1764707400,4198.645,4212.495,4198.53,4209.93
1764708300,4209.955,4212.49,4207.6,4210.225
1764709200,4210.24,4211.865,4207.97,4209.19
1764710100,4209.265,4211.38,4208.405,4210.055
1764711000,4209.995,4211.605,4208.95,4210.115
1764711900,4210.11,4210.635,4205.265,4205.665
1764716400,4202.48,4213.125,4202.38,4207.9
1764717300,4207.905,4211.01,4207.865,4208.955
1764718200,4208.745,4209.045,4206.94,4208.97
1764719100,4208.97,4216.165,4208.475,4212.75
1764720000,4212.745,4212.91,4207.26,4210.01
1764720900,4210.075,4211.86,4206.39,4207.74
1764721800,4207.69,4211.285,4205.715,4207.05
1764722700,4206.99,4212.135,4204.665,4212.07
1764723600,4212.1,4221.185,4211.81,4216.2
1764724500,4216.185,4220.005,4214.155,4217.085
1764725400,4216.975,4218.985,4213.4,4217.285
1764726300,4217.335,4219.745,4214.12,4214.435
1764727200,4214.435,4224.465,4214.235,4224.18
1764728100,4224.105,4224.54,4219.425,4223.45
1764729000,4223.385,4229.065,4222.665,4225.14
1764729900,4225.25,4228.91,4224.395,4226.725
1764730800,4226.725,4227.62,4220.48,4222.78
1764731700,4222.755,4226.005,4221.32,4225.68
1764732600,4225.49,4226.27,4220.715,4222.72
1764733500,4222.685,4224.4,4220.245,4221.335
1764734400,4221.295,4221.52,4217.475,4220.57
1764735300,4220.505,4224.43,4220.275,4222.945
1764736200,4222.89,4225.455,4222.305,4224.15
1764737100,4224.06,4224.225,4220.185,4222.515
1764738000,4222.47,4224.12,4219.96,4220.935
1764738900,4220.86,4222.23,4218.82,4220.67
1764739800,4220.63,4221.115,4205.695,4207.3
1764740700,4207.36,4209.73,4203.405,4207.705
1764741600,4207.735,4209.97,4206.205,4207.815
1764742500,4207.635,4211.995,4206.685,4209.155
1764743400,4209.175,4210,4204.845,4206.955
1764744300,4206.98,4210.13,4205.4,4208.42
1764745200,4208.425,4210.35,4205.935,4206.04
1764746100,4206.03,4208.37,4202.21,4202.54
1764747000,4202.515,4207.66,4200.39,4206.28
1764747900,4206.3,4207.885,4203.355,4206.335
1764748800,4206.385,4208.275,4204.84,4206.825
1764749700,4206.855,4207.64,4203.765,4206.56
1764750600,4206.485,4210.33,4204.24,4208.74
1764751500,4208.77,4209.76,4206.285,4206.43
1764752400,4206.485,4207.665,4197.22,4199.79
1764753300,4199.855,4202.685,4198.865,4200.02
1764754200,4200.075,4202.255,4199.915,4201.68
1764755100,4201.665,4202.51,4200.075,4202.205
1764756000,4202.215,4202.65,4195.3,4195.505
1764756900,4195.5,4204.965,4194.645,4203.03
1764757800,4203.045,4204.06,4198.76,4201.48
1764758700,4201.465,4201.745,4198.02,4200.655
1764759600,4200.7,4200.8,4197.16,4199.715
1764760500,4199.645,4205.685,4199.22,4205.275
1764761400,4205.365,4207.44,4202.66,4204.075
1764762300,4204.12,4209.245,4203.07,4208.795
1764763200,4208.77,4210.605,4205.83,4207.405
1764764100,4207.49,4209.895,4205.16,4208.255
1764765000,4208.335,4214.41,4207.845,4214.185
1764765900,4214.235,4214.315,4210.715,4213.595
1764766800,4213.545,4216.905,4211.105,4211.105
1764767700,4211.255,4223.07,4211.255,4220.465
1764768600,4220.665,4225.875,4216.895,4223.65
1764769500,4223.665,4238.585,4222.425,4237.39
1764770400,4237.49,4240.97,4218.61,4226.76
1764771300,4226.74,4230.945,4221.29,4224.705
1764772200,4224.79,4241.565,4223.635,4226.965
1764773100,4226.97,4226.97,4205.05,4212.335
1764774000,4212.285,4219.425,4206.095,4217.73
1764774900,4217.765,4224.635,4216.405,4221.865
1764775800,4221.815,4229.565,4221.1,4227.46
1764776700,4227.53,4228.23,4214.39,4216.415
1764777600,4216.365,4221.975,4214.205,4219.255
1764778500,4219.205,4219.72,4212.515,4219.225
1764779400,4219.33,4225.33,4218.52,4220.845
1764780300,4220.85,4221.04,4195.855,4200.895
1764781200,4200.94,4212.54,4200.39,4211.125
1764782100,4211.165,4213.275,4207.685,4209.03
1764783000,4209.045,4215.59,4208.135,4212.64
1764783900,4212.715,4214.765,4208.285,4211.075
1764784800,4211.205,4211.515,4202.19,4204.705
1764785700,4204.68,4206.51,4198.785,4201.715
1764786600,4201.655,4206.705,4200.27,4205.075
1764787500,4205.1,4205.795,4195.195,4197.015
1764788400,4197.075,4203.96,4196.95,4201.26
1764789300,4201.215,4207.025,4200.995,4206.18
1764790200,4206.285,4210.065,4204.98,4208.885
1764791100,4208.96,4210.1,4207.73,4207.86
1764792000,4207.84,4212.825,4207.48,4211.24
1764792900,4211.23,4211.605,4208.11,4210.205
1764793800,4210.195,4211.055,4207.86,4208.71
1764794700,4208.74,4208.965,4203.675,4206.23
1764795600,4206.215,4210.1,4206.08,4209.87
1764796500,4209.97,4210,4206.48,4206.94
1764797400,4206.965,4209.74,4206.86,4209.615
1764798300,4209.58,4209.58,4202.69,4203.115
1764802800,4206.465,4207.78,4204.57,4206.655
1764803700,4206.57,4209.08,4206.495,4207.25
1764804600,4207.175,4207.345,4204.125,4206.245
1764805500,4206.135,4207.64,4202.9,4207.465
1764806400,4207.54,4210.575,4204.755,4207.885
1764807300,4207.92,4213,4206.76,4212.05
1764808200,4211.845,4215.975,4211.385,4213.64
1764809100,4213.625,4214.065,4209.49,4211.77
1764810000,4211.655,4214.235,4205.93,4213.875
1764810900,4213.88,4214.9,4210.575,4213.275
1764811800,4213.185,4215.095,4211.03,4214.925
1764812700,4214.905,4217.08,4207.76,4209.24
1764813600,4209.31,4209.31,4199.01,4204.85
1764814500,4204.77,4206.875,4202.78,4206.06
1764815400,4206.135,4207.6,4201.205,4201.5
1764816300,4201.51,4204.57,4199.87,4200.675
1764817200,4200.74,4201.58,4187.43,4193.37
1764818100,4193.355,4196.135,4191.85,4193.255
1764819000,4193.27,4197.22,4190.345,4197.2
1764819900,4197.285,4197.955,4193.765,4195.875
1764820800,4195.805,4197.59,4192.83,4197.255
1764821700,4197.435,4199.25,4195.485,4198.62
1764822600,4198.555,4198.725,4196.905,4197.4
1764823500,4197.395,4197.76,4194.755,4197.155
1764824400,4197.105,4197.995,4194.325,4194.41
1764825300,4194.435,4197.515,4189.615,4197.065
1764826200,4197.17,4199.14,4181.03,4184.285
1764827100,4184.355,4185.76,4174.81,4181.1
1764828000,4181.155,4185.93,4179.39,4180.625
1764828900,4180.595,4185.83,4178.82,4182.985
1764829800,4183,4189.465,4182.495,4189.205
1764830700,4189.19,4190.465,4187.185,4190.345
1764831600,4190.35,4192.695,4186.935,4192.69
1764832500,4192.675,4195.215,4188.91,4189.275
1764833400,4189.25,4191.965,4188.71,4189.68
1764834300,4189.645,4194.115,4186.54,4193.945
1764835200,4193.86,4195.975,4189.82,4191.405
1764836100,4191.355,4196.4,4191.17,4193.07
1764837000,4193.005,4194.64,4190.96,4191.045
1764837900,4191.045,4192.765,4184.8,4185
1764838800,4185.005,4191.595,4183.57,4189.69
1764839700,4189.705,4191.945,4187.645,4191.285
1764840600,4191.275,4198.115,4190.63,4196.865
1764841500,4196.83,4202.28,4196.31,4199.95
1764842400,4199.945,4202.83,4199.075,4199.555
1764843300,4199.605,4202.395,4198.47,4199.13
1764844200,4199.16,4201.785,4198.025,4201.205
1764845100,4201.11,4201.975,4196.645,4197.405
1764846000,4197.415,4206.63,4197.38,4202.41
1764846900,4202.43,4204.17,4197.195,4199.175
1764847800,4199.21,4202.21,4197.96,4200.245
1764848700,4200.22,4200.755,4197.255,4198.475
1764849600,4198.485,4201.855,4193.435,4200.91
1764850500,4200.945,4201.375,4193.015,4194.435
1764851400,4194.365,4194.365,4188.79,4192.89
1764852300,4192.88,4193.5,4188.925,4190.47
1764853200,4190.495,4192.525,4185.45,4187.515
1764854100,4187.525,4196.98,4185.72,4195.905
1764855000,4195.58,4196.175,4187.27,4191.915
1764855900,4191.89,4198.645,4188.415,4198.43
1764856800,4198.385,4206.44,4198.385,4204.85
1764857700,4204.945,4210.465,4202.635,4208.405
1764858600,4208.39,4213.61,4193.575,4200.045
1764859500,4200.03,4208.38,4196.875,4201.305
1764860400,4201.355,4203.125,4191.545,4202.645
1764861300,4202.63,4206.46,4200.84,4205.975
1764862200,4205.97,4210.28,4204.61,4206.545
1764863100,4206.595,4208.51,4202.63,4207.355
1764864000,4207.42,4215.43,4206.63,4210.45
1764864900,4210.495,4219.62,4209.95,4216.24
1764865800,4216.19,4216.58,4207.485,4210.92
1764866700,4210.965,4216.885,4210.18,4215.74
1764867600,4215.74,4216.915,4209.365,4211.36
1764868500,4211.385,4213.65,4208.995,4211.29
1764869400,4211.09,4214.32,4209.71,4213.595
1764870300,4213.59,4217.735,4213.59,4216.715
1764871200,4216.68,4217.675,4210.035,4213.87
1764872100,4213.885,4215.29,4211.765,4212.96
1764873000,4213.035,4213.1,4209.755,4211.39
1764873900,4211.545,4212.19,4207.41,4208.07
1764874800,4208.115,4209.93,4199.545,4203.825
1764875700,4203.73,4206.495,4200.575,4204.86
1764876600,4204.885,4210.18,4204.27,4208.29
1764877500,4208.255,4209.125,4205.99,4208.975
1764878400,4208.785,4209.035,4206.68,4207.3
1764879300,4207.325,4210.015,4206.085,4207.585
1764880200,4207.545,4207.815,4205.485,4206.975
1764881100,4207,4210.365,4206.955,4209.94
1764882000,4209.895,4210.195,4208.43,4209.295
1764882900,4209.31,4209.335,4207.86,4208.33
1764883800,4208.335,4209.705,4208.025,4209.535
1764884700,4209.515,4210.425,4208.045,4208.765
1764889200,4209.41,4209.57,4207.39,4208.085
1764890100,4208.095,4209.555,4207.075,4208.015
1764891000,4207.935,4208.955,4204.005,4206.215
1764891900,4206.06,4206.7,4204.135,4206.285
1764892800,4206.345,4209.29,4204.26,4208.75
1764893700,4208.715,4210.685,4204.845,4205.855
1764894600,4205.925,4206.025,4202.955,4205.075
1764895500,4205.05,4205.49,4201.245,4201.785
1764896400,4201.725,4204.615,4194.88,4197.345
1764897300,4197.33,4200.96,4194.815,4199.85
1764898200,4199.82,4202.71,4197.51,4198.635
1764899100,4198.655,4204.265,4198.01,4203.14
1764900000,4203.17,4204.99,4200.255,4201.8
1764900900,4201.745,4202.095,4196.77,4197.79
1764901800,4197.82,4204.85,4196.825,4204.735
1764902700,4204.76,4208.69,4204.58,4207.3
1764903600,4207.37,4208.915,4201.74,4203.015
1764904500,4202.955,4204.925,4202.34,4203.435
1764905400,4203.415,4209.405,4202.425,4209.385
1764906300,4209.37,4210.89,4207.06,4209.635
1764907200,4209.395,4214.475,4208.08,4213.75
1764908100,4213.72,4213.79,4211.55,4212.515
1764909000,4212.59,4216.27,4212.575,4214.085
1764909900,4214.1,4217.655,4213.335,4217.025
1764910800,4217.02,4218.635,4215.6,4216.455
1764911700,4216.405,4220.075,4214.53,4219.565
1764912600,4219.515,4221.475,4217.74,4220.3
1764913500,4220.28,4221.115,4219.125,4220.65
1764914400,4220.635,4228.6,4218.77,4225.74
1764915300,4225.72,4229.35,4224.7,4227.64
1764916200,4227.545,4228.9,4223.745,4225.135
1764917100,4225.16,4226.325,4223.725,4224.7
1764918000,4224.725,4230.59,4224.625,4227.375
1764918900,4227.425,4230.9,4226.395,4230.255
1764919800,4230.25,4230.28,4224.61,4224.87
1764920700,4224.965,4226.24,4222.56,4224.55
1764921600,4224.575,4227.24,4221.815,4223.005
1764922500,4222.98,4226.515,4222.545,4222.89
1764923400,4222.87,4225.86,4220.84,4223.525
1764924300,4223.69,4224.62,4220.535,4220.6
1764925200,4220.585,4222.51,4217.495,4218.63
1764926100,4218.595,4222.065,4215.935,4221.335
1764927000,4221.375,4224.78,4219.635,4223.94
1764927900,4224.005,4225.22,4223.315,4223.43
1764928800,4223.415,4226.025,4223.325,4224.205
1764929700,4224.2,4227.545,4223.17,4224.205
1764930600,4224.245,4225.525,4223.415,4224.69
1764931500,4224.65,4225.045,4222.525,4222.93
1764932400,4222.915,4224.3,4220.15,4224.26
1764933300,4224.245,4225.8,4221.005,4221.31
1764934200,4221.27,4224.225,4220.5,4223.105
1764935100,4223.115,4223.87,4221.65,4223.54
1764936000,4223.54,4229.695,4222.995,4225.635
1764936900,4225.685,4229.385,4224.005,4224.49
1764937800,4224.525,4226.01,4222.93,4225.505
1764938700,4225.595,4229.72,4224.585,4228.83
1764939600,4228.98,4233.385,4221.46,4228.225
1764940500,4228.38,4235.17,4225.875,4232.905
1764941400,4233.035,4239.03,4231.01,4233.62
1764942300,4233.57,4237.63,4229.96,4234.62
1764943200,4234.54,4239.65,4232.405,4237.42
1764944100,4237.43,4237.58,4230.1,4231.9
1764945000,4231.85,4236.665,4228.22,4236.22
1764945900,4236.215,4245.67,4234.97,4242.135
1764946800,4242.115,4244.015,4234,4239.875
1764947700,4239.925,4249.12,4238.245,4248.87
1764948600,4248.865,4259.34,4246.315,4253.815
1764949500,4253.895,4255.075,4237.525,4243.845
1764950400,4243.89,4245.765,4203.3,4203.55
1764951300,4203.56,4218.445,4198.545,4216.74
1764952200,4216.66,4217.25,4207.95,4211.135
1764953100,4211.16,4217.765,4207.51,4214.175
1764954000,4214.21,4218.56,4210.69,4214.91
1764954900,4214.895,4218.105,4213.17,4217.045
1764955800,4217.07,4219.92,4206.55,4214.255
1764956700,4214.285,4218.8,4212.705,4217.565
1764957600,4217.54,4218.7,4214.93,4217.915
1764958500,4217.925,4219.35,4210.15,4212.645
1764959400,4212.645,4215.725,4209.51,4211.915
1764960300,4211.865,4213.67,4206.695,4208.955
1764961200,4208.97,4211.08,4203.665,4208.765
1764962100,4208.75,4209.985,4205.55,4209.665
1764963000,4209.655,4210.585,4204.545,4205.945
1764963900,4205.95,4208.82,4202.34,4207.56
1764964800,4207.6,4207.71,4202.855,4204.79
1764965700,4204.765,4206.96,4202.935,4203.08
1764966600,4203.045,4205.53,4199.925,4201.05
1764967500,4201.06,4202.76,4199.485,4202.14
1764968400,4202.165,4202.42,4199.78,4200.395
1764969300,4200.355,4200.555,4192.055,4197.175
1764970200,4197.1,4197.1,4193.73,4194.505
1764971100,4194.5,4199.39,4194.11,4198.685
1765148400,4198.685,4198.685,4198.685,4198.685
1765150200,4202.06,4202.915,4199.4,4200.14
1765151100,4200.01,4203.14,4198.505,4201.52
1765152000,4201.58,4208.03,4199.91,4206.11
1765152900,4206.125,4207.995,4203.15,4205.99
1765153800,4205.91,4210.585,4204.965,4209.625
1765154700,4209.605,4211.86,4208.46,4210.76
1765155600,4210.745,4211.775,4201.22,4206.11
1765156500,4206.115,4210.66,4204.49,4208.035
1765157400,4208.09,4209.81,4205.235,4206.685
1765158300,4206.795,4208.29,4197.54,4201.25
1765159200,4201.19,4202.485,4198.72,4200.33
1765160100,4200.27,4203.685,4199.01,4203.475
1765161000,4203.34,4208.975,4199.445,4206.64
1765161900,4206.73,4212.635,4206.605,4208.515
1765162800,4208.51,4210.28,4206.86,4210.12
1765163700,4210.1,4213.305,4207.98,4210.075
1765164600,4210.14,4211.965,4207.245,4207.985
1765165500,4208.03,4210.63,4206.94,4210.24
1765166400,4210.215,4210.555,4208.765,4209.685
1765167300,4209.63,4212.255,4209,4209.675
1765168200,4209.775,4213.415,4209.6,4210.705
1765169100,4210.65,4211.045,4207.045,4208.67
1765170000,4208.625,4209.485,4207.74,4209.06
1765170900,4209.11,4209.395,4204.77,4206.57
1765171800,4206.63,4216.07,4206.485,4215.01
1765172700,4215.06,4217.365,4212.765,4217.3
1765173600,4217.295,4218.75,4212.18,4215.53
1765174500,4215.535,4218.28,4213.88,4216.565
1765175400,4216.495,4219.175,4215.205,4217.175
1765176300,4217.195,4218.255,4215.335,4217.185
1765177200,4217.19,4217.61,4212.67,4214.71
1765178100,4214.65,4216.325,4212.945,4213.93
1765179000,4213.945,4216.325,4209.94,4209.955
1765179900,4209.835,4210.98,4206.31,4206.83
1765180800,4206.815,4212.955,4203.175,4211.66
1765181700,4211.625,4216.695,4209.43,4209.44
1765182600,4209.29,4210.775,4205.09,4208.95
1765183500,4209.025,4212.115,4207.14,4209.875
1765184400,4209.66,4210.86,4204.305,4209.075
1765185300,4209.05,4210.93,4206.225,4210.605
1765186200,4210.68,4211.56,4205.895,4208.31
1765187100,4208.325,4213.045,4206.525,4207.855
1765188000,4207.85,4210.385,4207.645,4209.38
1765188900,4209.475,4210.165,4205.38,4205.865
1765189800,4205.8,4208.36,4201.105,4206.395
1765190700,4206.295,4206.705,4202.865,4203.685
1765191600,4203.51,4204.645,4199.71,4203.445
1765192500,4203.43,4209.805,4202.21,4209.71
1765193400,4209.685,4214.465,4208.835,4213.665
1765194300,4213.735,4213.885,4208.655,4208.735
1765195200,4208.77,4212.96,4208.54,4212.365
1765196100,4212.415,4212.81,4209.725,4211.82
1765197000,4211.855,4213.61,4211.09,4212.485
1765197900,4212.48,4215.585,4210.94,4213.86
1765198800,4213.78,4214.785,4205.515,4210.675
1765199700,4210.67,4211.065,4202.41,4203.055
1765200600,4203.105,4204.885,4200.54,4202.75
1765201500,4202.765,4206.525,4197.895,4201.9
1765202400,4201.905,4210.365,4197.55,4209.87
1765203300,4209.865,4211.85,4207.875,4208.95
1765204200,4208.975,4211.195,4198.105,4198.2
1765205100,4198.205,4211.05,4195.315,4196.575
1765206000,4196.565,4196.8,4177.2,4178.44
1765206900,4178.36,4193.38,4176.205,4192.105
1765207800,4192.14,4193.395,4185.54,4187.02
1765208700,4187.035,4190.435,4182.08,4182.905
1765209600,4182.89,4183.41,4176.815,4183.355
1765210500,4183.31,4196.29,4182.735,4194.88
1765211400,4194.94,4197.88,4193.045,4193.815
1765212300,4193.865,4195.36,4187.975,4191.64
1765213200,4191.645,4191.915,4185.725,4187.245
1765214100,4187.365,4192.165,4186.765,4192.125
1765215000,4192.085,4194.245,4188.935,4188.97
1765215900,4188.885,4195.68,4188.055,4195.045
1765216800,4195.01,4195.74,4188.79,4189.675
1765217700,4189.515,4190.685,4187.205,4188.89
1765218600,4188.94,4191.86,4187.125,4189.775
1765219500,4189.75,4192.35,4184.555,4187.415
1765220400,4187.45,4188.765,4184.435,4185.33
1765221300,4185.35,4188.75,4184.485,4188.065
1765222200,4188.075,4189.055,4186.11,4187.17
1765223100,4187.19,4187.66,4184.975,4187.03
1765224000,4187.045,4191.215,4184.98,4188.645
1765224900,4188.65,4191.44,4187.245,4189.21
1765225800,4189.225,4195.695,4189.1,4194.42
1765226700,4194.48,4194.91,4190.76,4191.67
1765227600,4191.685,4193.36,4191.37,4191.82
1765228500,4191.825,4192.675,4190.105,4190.75
1765229400,4190.72,4190.91,4189.455,4190.365
1765230300,4190.38,4190.87,4188.465,4190.66
1765234800,4191.48,4193.575,4190.785,4191.205
1765235700,4191.405,4194.02,4190.955,4192.875
1765236600,4192.895,4195.28,4191.57,4194.76
1765237500,4194.715,4195.49,4192.43,4194.86
1765238400,4194.835,4195.82,4191.365,4193.02
1765239300,4192.99,4194.425,4192.33,4192.33
1765240200,4192.365,4193.055,4191.64,4192.17
1765241100,4192.115,4194.355,4190.03,4190.535
1765242000,4190.595,4197.39,4188.885,4196.34
1765242900,4196.285,4196.99,4193.67,4194.23
1765243800,4194.325,4197.415,4194.09,4195.875
1765244700,4195.9,4197.13,4193.89,4196.375
1765245600,4196.315,4197.29,4190.8,4190.8
1765246500,4190.96,4193.445,4189.635,4190.66
1765247400,4190.705,4191.09,4186.105,4189.18
1765248300,4189.205,4190.385,4187.27,4190.035
1765249200,4190.1,4194.185,4190.1,4194.075
1765250100,4194.055,4198.305,4193.825,4198.055
1765251000,4198.06,4198.905,4193.66,4194.175
1765251900,4194.215,4196.19,4193.775,4194.605
1765252800,4194.58,4195.585,4192.085,4195.095
1765253700,4195.085,4195.75,4192.94,4193.795
1765254600,4193.735,4195.76,4188.75,4189.405
1765255500,4189.34,4190.075,4184.53,4186.78
1765256400,4186.765,4187.385,4183.6,4186.35
1765257300,4186.345,4187.09,4183.575,4185.525
1765258200,4185.53,4185.94,4180.36,4181.94
1765259100,4181.86,4183.205,4178.035,4179.665
1765260000,4179.7,4179.77,4169.985,4174.895
1765260900,4174.845,4178.84,4174.015,4178.77
1765261800,4178.775,4184.075,4176.605,4181.17
1765262700,4181.155,4183.255,4180.44,4182.285
1765263600,4182.29,4186.03,4180.43,4182.935
1765264500,4182.925,4183.445,4175.855,4178.605
1765265400,4178.515,4181.665,4178.415,4179.83
1765266300,4179.865,4183.63,4179.14,4182.415
1765267200,4182.435,4188.6,4182.425,4188.31
1765268100,4188.32,4189.31,4185.59,4186.215
1765269000,4186.205,4191.08,4185.455,4190.855
1765269900,4190.86,4192.025,4188.68,4191.73
1765270800,4191.74,4205.885,4190.795,4203.45
1765271700,4203.485,4213.05,4203.34,4207.2
1765272600,4207.205,4209.145,4201.635,4203.775
1765273500,4203.79,4205.505,4200.665,4203.035
1765274400,4203.07,4206.805,4201.77,4204.43
1765275300,4204.495,4208.505,4204.3,4204.565
1765276200,4204.62,4206.19,4201.355,4203.75
1765277100,4203.68,4205.16,4201.965,4204.12
1765278000,4204.1,4204.96,4201.95,4202.45
1765278900,4202.505,4205.57,4201.235,4204.065
1765279800,4204.05,4206.66,4203.185,4205.02
1765280700,4205.01,4206.43,4202.62,4203.14
1765281600,4203.19,4205.27,4200.935,4201.81
1765282500,4201.785,4203.32,4198.595,4202.45
1765283400,4202.445,4203.495,4201.305,4202.075
1765284300,4202.015,4207.705,4201.54,4204.235
1765285200,4204.245,4208.57,4203.04,4205.16
1765286100,4205.155,4207.48,4198.47,4202.205
1765287000,4202.205,4202.815,4195.725,4200.735
1765287900,4200.74,4203.435,4199,4201.515
1765288800,4201.54,4202.18,4189.75,4192.195
1765289700,4192.19,4194.61,4189.505,4193.485
1765290600,4193.545,4206.485,4192.755,4205.95
1765291500,4205.91,4210.455,4202.185,4204.99
1765292400,4204.78,4205.09,4190.14,4195.285
1765293300,4195.27,4208.76,4194.995,4206.335
1765294200,4206.29,4208.525,4202.67,4205.16
1765295100,4205.165,4216.545,4198.76,4212.575
1765296000,4212.6,4220.785,4210.26,4218.58
1765296900,4218.6,4220.16,4210.14,4213.495
1765297800,4213.515,4220.625,4213.46,4219.25
1765298700,4219.255,4221.625,4211.705,4212.4
1765299600,4212.41,4216.265,4209.865,4211.535
1765300500,4211.49,4211.595,4204.89,4207.715
1765301400,4207.77,4209.105,4204.285,4207.365
1765302300,4207.425,4208.805,4201.665,4203.14
1765303200,4203.225,4206.3,4201.255,4206.28
1765304100,4206.3,4208.375,4205.035,4207.435
1765305000,4207.415,4208.895,4204.245,4205.855
1765305900,4205.835,4209.935,4204.885,4209.195
1765306800,4209.14,4212.475,4208.685,4211.08
1765307700,4211.06,4211.41,4207.74,4208.31
1765308600,4208.295,4210.25,4207.34,4209.28
1765309500,4209.275,4214.485,4207.15,4212.62
1765310400,4212.53,4216.035,4212.065,4214.57
1765311300,4214.56,4214.695,4208.94,4210.69
1765312200,4210.7,4212.01,4209.295,4210.295
1765313100,4210.285,4213.835,4210.285,4212.125
1765314000,4212.14,4213.05,4210.985,4211.31
1765314900,4211.285,4211.885,4208.815,4210.175
1765315800,4210.15,4210.515,4208.49,4208.9
1765316700,4208.805,4210.055,4207.415,4207.915
1765321200,4209.445,4210.43,4208.525,4208.525
1765322100,4208.54,4211.08,4208.02,4210.74
1765323000,4210.77,4211.885,4209.705,4211.785
1765323900,4211.72,4212.99,4209.76,4210.75
1765324800,4210.68,4212.77,4207.515,4209.125
1765325700,4209.03,4209.775,4207.01,4209.025
1765326600,4209.06,4209.82,4207.025,4207.475
1765327500,4207.48,4209.585,4207.42,4208.295
1765328400,4208.31,4215.49,4206.93,4215.145
1765329300,4215.13,4218.145,4212.75,4216.935
1765330200,4217.035,4218.15,4211.715,4212.34
1765331100,4212.405,4216.57,4211.985,4213.75
1765332000,4213.73,4218.02,4212.97,4215.205
1765332900,4215.185,4215.185,4211.74,4213.745
1765333800,4213.865,4218.86,4213.335,4217.73
1765334700,4217.815,4217.96,4215.515,4217.095
1765335600,4216.995,4217.27,4209.97,4210.08
1765336500,4209.895,4211.05,4207.84,4208.23
1765337400,4208.225,4210.08,4206.38,4206.98
1765338300,4206.905,4208.48,4203.485,4206.44
1765339200,4206.395,4208.495,4205.715,4208.445
1765340100,4208.515,4209.165,4205.71,4206.975
1765341000,4206.96,4209.845,4205.65,4207.84
1765341900,4207.95,4207.95,4205.58,4207.12
1765342800,4207.015,4207.345,4203.265,4203.72
1765343700,4203.77,4205.82,4201.7,4205.81
1765344600,4205.8,4212.395,4205.135,4212.195
1765345500,4212.35,4214.66,4210.03,4211.575
1765346400,4211.515,4211.855,4209.03,4209.55
1765347300,4209.585,4210.33,4204.445,4207.31
1765348200,4207.335,4207.47,4203.005,4206.21
1765349100,4206.26,4207.68,4205.285,4207.415
1765350000,4207.42,4209.26,4204.565,4205.99
1765350900,4205.985,4209.02,4205.46,4207.52
1765351800,4207.525,4208.42,4206.44,4207.015
1765352700,4207.02,4207.135,4203.17,4203.37
1765353600,4203.3,4206.225,4200.365,4202.535
1765354500,4202.455,4206.66,4202.23,4204.02
1765355400,4204.12,4204.16,4198.985,4199.96
1765356300,4199.985,4202.03,4197.05,4197.92
1765357200,4197.72,4200.52,4194.535,4198.005
1765358100,4198.025,4198.97,4195.285,4197.95
1765359000,4197.965,4198.375,4194.035,4195.05
1765359900,4195,4195.69,4192.65,4194.39
1765360800,4194.34,4196.67,4191.485,4195.845
1765361700,4195.72,4196.125,4191.525,4191.9
1765362600,4191.885,4194.73,4187.8,4194.2
1765363500,4194.16,4194.355,4191,4193.245
1765364400,4193.345,4195.415,4192.655,4195.395
1765365300,4195.38,4196.365,4194.01,4194.75
1765366200,4194.785,4197.035,4193.78,4195.15
1765367100,4195.17,4197.845,4194.565,4197.44
1765368000,4197.405,4201.92,4197.34,4201.28
1765368900,4201.315,4202.375,4197.445,4197.74
1765369800,4197.67,4199.21,4196.67,4198.225
1765370700,4198.21,4198.34,4195.405,4196.575
1765371600,4196.565,4200.425,4193.695,4196.15
1765372500,4196.13,4200.115,4193.22,4198.195
1765373400,4198.195,4202.75,4196.17,4202.725
1765374300,4202.69,4205.23,4200.205,4200.745
1765375200,4200.7,4207.105,4199.16,4205.29
1765376100,4205.285,4206.27,4194.86,4196.72
1765377000,4196.715,4199.86,4191.415,4197.82
1765377900,4197.83,4202.21,4192.165,4192.56
1765378800,4192.53,4201.27,4192.045,4194.735
1765379700,4194.74,4197.175,4188.97,4196.655
1765380600,4196.535,4199.45,4193.165,4193.85
1765381500,4193.81,4194.815,4190.325,4193.75
1765382400,4193.78,4195.5,4192.72,4194.315
1765383300,4194.29,4201.205,4193.495,4200.85
1765384200,4200.845,4203.2,4199.255,4202.61
1765385100,4202.635,4205.16,4201.805,4204.975
1765386000,4204.92,4204.955,4199.13,4200.18
1765386900,4200.19,4203.57,4200.02,4200.58
1765387800,4200.565,4201.625,4198.505,4199.165
1765388700,4199.125,4201.815,4196.905,4199.735
1765389600,4199.775,4200.75,4198.765,4199.235
1765390500,4199.055,4199.55,4193.455,4196.605
1765391400,4196.53,4196.97,4192.15,4194.21
1765392300,4194.195,4196.75,4193.255,4194.07
1765393200,4194.105,4219.86,4190.42,4212.46
1765394100,4212.48,4216.785,4195.045,4199.055
1765395000,4199.005,4214.71,4182.08,4187.725
1765395900,4187.695,4217.57,4186.595,4216.45
1765396800,4216.41,4235.92,4211.425,4235.14
1765397700,4235.24,4238.785,4226.735,4232.785
1765398600,4232.8,4235.385,4229.65,4232.55
1765399500,4232.595,4237.355,4229.555,4229.555
1765400400,4229.525,4232.335,4221.32,4228.2
1765401300,4228.195,4229.42,4223.37,4226.195
1765402200,4226.22,4229.295,4225.835,4228.08
1765403100,4228.075,4229.41,4226.98,4228.775
1765407600,4228.245,4229.83,4225.37,4225.685
1765408500,4225.665,4227.325,4224.255,4225.845
1765409400,4225.82,4229.77,4225.765,4228.53
1765410300,4228.515,4234.215,4228.515,4232.585
1765411200,4232.565,4243.905,4231.615,4243.175
1765412100,4243.225,4245.385,4239.99,4241.04
1765413000,4241.015,4243.395,4240.665,4242.02
1765413900,4242.05,4242.83,4235.05,4237.375
1765414800,4237.38,4247.805,4236.18,4240.405
1765415700,4240.315,4242.04,4235.125,4236.105
1765416600,4236.105,4238.655,4233.03,4238.165
1765417500,4238.15,4240.475,4237.25,4238.39
1765418400,4238.365,4240.915,4231.115,4233.9
1765419300,4233.855,4234.49,4229.635,4230.005
1765420200,4230.04,4230.59,4220.36,4227.1
1765421100,4227.125,4228.235,4221.94,4222.28
1765422000,4222.22,4225.02,4209.47,4212.29
1765422900,4212.315,4216.085,4209.505,4212.96
1765423800,4212.97,4216.885,4212.08,4216.855
1765424700,4216.84,4218.68,4215.25,4216.905
1765425600,4216.82,4218.45,4214.045,4217.11
1765426500,4217.105,4217.58,4210.845,4213.08
1765427400,4213.12,4216.335,4211.465,4211.725
1765428300,4211.76,4214.66,4208.43,4213.525
1765429200,4213.405,4216.315,4211.805,4212.06
1765430100,4212.055,4213.345,4209.915,4212.465
1765431000,4212.435,4212.94,4207.09,4210.38
1765431900,4210.43,4210.955,4206.075,4207.35
1765432800,4207.355,4212.6,4204.27,4211.12
1765433700,4211.07,4214.78,4207.76,4213.71
1765434600,4213.735,4215.61,4212.375,4214.1
1765435500,4214.085,4215.585,4211.015,4214.725
1765436400,4214.75,4214.75,4210.595,4212.515
1765437300,4212.43,4214.83,4211.545,4213.15
1765438200,4213.16,4218.105,4211.395,4217.855
1765439100,4217.89,4218.75,4214.925,4216.11
1765440000,4216.105,4217.875,4212.835,4215.37
1765440900,4215.385,4217.09,4213.45,4214.3
1765441800,4214.315,4219.65,4213.705,4217.525
1765442700,4217.475,4219.01,4215.49,4216.775
1765443600,4216.785,4218.155,4210.4,4212.17
1765444500,4212.15,4216.44,4211.335,4214.25
1765445400,4214.225,4218.19,4213.83,4217.845
1765446300,4217.83,4221.615,4217.305,4218.495
1765447200,4218.51,4226.08,4218.51,4220.635
1765448100,4220.695,4221.635,4216.16,4217.46
1765449000,4217.54,4217.915,4211.84,4215.35
1765449900,4215.255,4219.23,4214.855,4217.035
1765450800,4217.06,4219.125,4214.215,4215.25
1765451700,4215.275,4216.645,4214.32,4214.895
1765452600,4214.85,4215.275,4211.205,4214.845
1765453500,4214.765,4215.415,4209.61,4211.19
1765454400,4211.195,4214.495,4208.77,4212.235
1765455300,4212.24,4218.35,4212.09,4218.09
1765456200,4218.025,4220.375,4217.65,4219.17
1765457100,4219.185,4220.61,4216.92,4220.565
1765458000,4220.705,4222.605,4210.1,4212.095
1765458900,4212.08,4214.03,4205.35,4213.245
1765459800,4213.255,4221.08,4209.475,4219.795
1765460700,4219.77,4223.52,4218.245,4221.015
1765461600,4221.035,4229.625,4217.945,4227.305
1765462500,4227.315,4232.06,4223.43,4231.11
1765463400,4231.17,4244,4230.42,4243.925
1765464300,4243.91,4244.595,4228.97,4230.395
1765465200,4230.36,4240.355,4226.335,4237.93
1765466100,4237.72,4244.485,4237.18,4238.87
1765467000,4238.94,4256.465,4238.47,4254.655
1765467900,4254.63,4261.5,4250.195,4256.125
1765468800,4256.16,4257.64,4250.085,4256.05
1765469700,4256.07,4261.585,4254.785,4257.14
1765470600,4257.15,4263.82,4255.445,4261.615
1765471500,4261.595,4279.04,4261.355,4273.655
1765472400,4273.645,4280.95,4272.3,4277.385
1765473300,4277.44,4281.815,4274.685,4276.05
1765474200,4276.06,4277.845,4272.23,4277.755
1765475100,4277.64,4279.765,4273.92,4278.71
1765476000,4278.605,4285.89,4277.11,4283.69
1765476900,4283.68,4285.645,4280.095,4281.93
1765477800,4281.935,4284.205,4277.24,4282.615
1765478700,4282.655,4282.77,4266.77,4268.28
1765479600,4268.255,4271.45,4262.83,4271.365
1765480500,4271.395,4274.645,4269.035,4273.07
1765481400,4272.985,4277.835,4272.37,4274.275
1765482300,4274.55,4275.985,4271.42,4273.545
1765483200,4273.535,4274.2,4264.25,4269.775
1765484100,4269.835,4271.205,4265.375,4268.7
1765485000,4268.705,4274.485,4268.27,4273.415
1765485900,4273.435,4276.395,4271.355,4276.285
1765486800,4276.24,4276.29,4272.665,4272.925
1765487700,4272.93,4279.58,4272.61,4279.535
1765488600,4279.61,4282.275,4276.955,4282.2
1765489500,4282.195,4283.725,4278.79,4279.335
1765494000,4282.93,4283.005,4281.38,4281.71
1765494900,4281.675,4282.925,4277.64,4280.04
1765495800,4280.035,4281.215,4272.42,4275.785
1765496700,4275.705,4277.93,4273.485,4276.285
1765497600,4276.32,4278.035,4273.725,4276.6
1765498500,4276.47,4280.07,4275.805,4278.37
1765499400,4278.365,4278.97,4273.94,4275.52
1765500300,4275.5,4276.055,4269.11,4269.53
1765501200,4269.555,4275.69,4266.185,4274.58
1765502100,4274.505,4276.32,4264.525,4266.015
1765503000,4266.055,4270.33,4265.145,4269.175
1765503900,4269.19,4274.08,4267.975,4270.935
1765504800,4270.95,4277.17,4270.69,4275.565
1765505700,4275.57,4276.89,4272.095,4273.67
1765506600,4273.645,4276.945,4273.1,4274.71
1765507500,4274.79,4274.79,4269.32,4270.41
1765508400,4270.42,4274.825,4269.755,4273.36
1765509300,4273.22,4273.48,4268.775,4269.98
1765510200,4269.975,4272.68,4269.195,4272.04
1765511100,4272.095,4273.115,4270.565,4270.705
1765512000,4270.68,4271.12,4268.175,4269.035
1765512900,4268.99,4269.29,4266.86,4268.595
1765513800,4268.57,4268.675,4266.36,4267.235
1765514700,4267.215,4268.675,4266.375,4266.39
1765515600,4266.44,4269.565,4266.045,4269.28
1765516500,4269.255,4275.855,4268.725,4274.46
1765517400,4274.425,4279.55,4274.245,4277.92
1765518300,4277.9,4280.695,4276.315,4278.94
1765519200,4278.945,4280.69,4276.665,4278.025
1765520100,4277.925,4281.59,4276.955,4281.13
1765521000,4281.075,4282.86,4279.495,4281.47
1765521900,4281.54,4283.285,4281.465,4282.975
1765522800,4282.86,4288.845,4281.38,4285.935
1765523700,4285.855,4288.43,4284.405,4285.82
1765524600,4285.875,4290.625,4284.325,4287.78
1765525500,4287.755,4289.065,4285.375,4287.245
1765526400,4287.28,4295.705,4287.185,4293.35
1765527300,4293.31,4295.58,4290.98,4294.535
1765528200,4294.49,4304.325,4294.31,4303.89
1765529100,4303.905,4309.545,4301.615,4308.17
1765530000,4308.19,4317.3,4306.96,4317.055
1765530900,4317.14,4317.95,4312.8,4313.525
1765531800,4313.495,4313.905,4307.215,4311.9
1765532700,4311.935,4320.425,4311.37,4318.315
1765533600,4318.3,4320.33,4314.695,4319.265
1765534500,4319.285,4322.14,4316.745,4316.77
1765535400,4316.78,4328.6,4316.415,4328.12
1765536300,4328.145,4331.175,4325.56,4330.17
1765537200,4330.315,4338.805,4327.21,4335.62
1765538100,4335.655,4339.385,4332.14,4334.565
1765539000,4334.57,4337.065,4330.14,4334.68
1765539900,4334.775,4339.165,4334.425,4336.515
1765540800,4336.505,4339.46,4331.79,4332.955
1765541700,4332.905,4334.265,4330.375,4332.5
1765542600,4332.485,4334.16,4327.48,4328.14
1765543500,4328.15,4329.675,4324.735,4325.79
1765544400,4325.905,4338.04,4321.495,4337.23
1765545300,4337.215,4339.49,4334.165,4336.045
1765546200,4336.08,4346.32,4336.08,4340.08
1765547100,4340.01,4341.41,4332.35,4341.155
1765548000,4341.145,4344.955,4338.64,4342.33
1765548900,4342.35,4346.06,4338.77,4340.825
1765549800,4340.885,4345.565,4331.05,4339.895
1765550700,4339.885,4353.555,4336.65,4346.935
1765551600,4346.865,4351.625,4340.95,4343.425
1765552500,4343.465,4345.29,4298.34,4300.5
1765553400,4300.525,4318.04,4295.305,4317.265
1765554300,4317.255,4322.225,4283.55,4290.755
1765555200,4290.835,4296.665,4273.615,4286.49
1765556100,4286.465,4293.195,4272.325,4289.82
1765557000,4289.715,4289.8,4257.275,4274.145
1765557900,4274.13,4282.08,4270.84,4281.89
1765558800,4281.87,4285.33,4271.265,4273.815
1765559700,4273.825,4290.86,4273.28,4282.435
1765560600,4282.38,4295.32,4281.95,4293.49
1765561500,4293.465,4298.525,4291.785,4294.255
1765562400,4294.3,4303.085,4291.895,4301.2
1765563300,4301.225,4303.915,4294.01,4295.535
1765564200,4295.51,4300.51,4291.76,4291.875
1765565100,4291.89,4297.325,4290.535,4295.02
1765566000,4295.34,4296.045,4289.96,4294.455
1765566900,4294.435,4299.705,4293.625,4296.21
1765567800,4296.12,4298.765,4293.68,4297.405
1765568700,4297.415,4298.235,4294.21,4296.51
1765569600,4296.53,4302.835,4295.42,4299.74
1765570500,4299.695,4300.725,4290.985,4293.71
1765571400,4293.69,4300.155,4288.74,4298.97
1765572300,4298.955,4302.985,4294.11,4299.335
1765573200,4299.41,4301.81,4298.435,4299.935
1765574100,4299.855,4303.86,4299.225,4303
1765575000,4302.965,4304.215,4301.115,4301.505
1765575900,4301.51,4303.29,4296.93,4299.38
1765753200,4302.985,4308.04,4302.07,4302.55
1765754100,4302.635,4306.295,4302.495,4304.755
1765755000,4304.87,4308.52,4303.48,4305.985
1765755900,4305.895,4306.78,4301.72,4302.575
1765756800,4302.67,4307.17,4300.41,4304.555
1765757700,4304.54,4304.65,4301.29,4302.24
1765758600,4302.28,4307.995,4302.065,4305.355
1765759500,4305.41,4307.785,4303.46,4307.515
1765760400,4307.555,4314.015,4305.66,4313.435
1765761300,4313.43,4316.075,4309.66,4315.32
1765762200,4315.335,4324.91,4314.765,4319.815
1765763100,4319.865,4325.925,4319.57,4322.53
1765764000,4322.39,4326.96,4320.845,4321.51
1765764900,4321.625,4325.105,4321.16,4324.385
1765765800,4324.35,4329.385,4324.205,4329.055
1765766700,4329.085,4329.405,4325.18,4326.345
1765767600,4326.365,4329.775,4322.76,4323.38
1765768500,4323.355,4324.53,4319.32,4323.915
1765769400,4323.985,4328.865,4323.865,4328.06
1765770300,4328.08,4328.095,4325.24,4327.33
1765771200,4327.28,4329.845,4325.675,4328.33
1765772100,4328.35,4330.1,4326.635,4327.865
1765773000,4327.985,4328.155,4323.1,4326.6
1765773900,4326.625,4327.98,4324.81,4326.19
1765774800,4326.255,4327.605,4324.685,4326.425
1765775700,4326.505,4331.21,4326.12,4329.67
1765776600,4329.585,4340.21,4329.22,4338.9
1765777500,4339.105,4344.46,4338.055,4343.615
1765778400,4343.78,4345.76,4339.485,4343.12
1765779300,4343.19,4345.535,4342.39,4343.82
1765780200,4343.83,4345.905,4342.235,4345.43
1765781100,4345.635,4347.48,4343.11,4343.51
1765782000,4343.53,4344.44,4340.645,4342.61
1765782900,4342.585,4344.75,4341.415,4344.06
1765783800,4344.055,4344.435,4333.545,4339.675
1765784700,4339.685,4342.025,4338.925,4339.19
1765785600,4339.215,4344.415,4338.785,4342.84
1765786500,4342.84,4346.79,4341.265,4345.86
1765787400,4345.815,4346.95,4343.755,4345.16
1765788300,4345.17,4349.025,4344.545,4346.82
1765789200,4346.765,4349.64,4343.255,4349.06
1765790100,4349.045,4350.285,4344.54,4347.665
1765791000,4347.71,4350.175,4344.56,4345.265
1765791900,4345.29,4345.985,4342.345,4342.565
1765792800,4342.56,4344.495,4340.835,4343.495
1765793700,4343.52,4348.175,4342.17,4342.685
1765794600,4342.69,4343.48,4337.715,4338.67
1765795500,4338.64,4342.36,4338.165,4339.59
1765796400,4339.61,4339.62,4335.305,4338.37
1765797300,4338.325,4341.8,4335.76,4340.92
1765798200,4340.945,4341.83,4339.23,4340.84
1765799100,4340.875,4343.685,4339.52,4342.775
1765800000,4342.785,4345.89,4342.74,4343.78
1765800900,4343.765,4346.695,4343.025,4346.44
1765801800,4346.49,4348.525,4344.98,4345.56
1765802700,4345.535,4347.245,4343.495,4345.71
1765803600,4345.685,4346.32,4333.54,4335.73
1765804500,4335.7,4341.53,4334.715,4339.43
1765805400,4339.54,4342.09,4335.735,4338.45
1765806300,4338.475,4344.995,4330.74,4332.06
1765807200,4332.075,4336.835,4328.385,4329.055
1765808100,4329.09,4332.56,4321.545,4325.28
1765809000,4325.23,4335.195,4320.705,4328.355
1765809900,4328.39,4331.56,4317.515,4323.765
1765810800,4323.695,4327.33,4312.535,4322.87
1765811700,4322.875,4327.71,4311.63,4314.26
1765812600,4314.295,4324.83,4313.15,4323.75
1765813500,4323.785,4327.935,4317.065,4318.375
1765814400,4318.385,4319.02,4301.055,4303.875
1765815300,4302.445,4305.875,4293.135,4296.25
1765816200,4296.245,4299.99,4285.515,4296.695
1765817100,4296.725,4299.95,4292.655,4297.815
1765818000,4297.795,4300.305,4291.08,4297.165
1765818900,4297.17,4303.87,4293.385,4302.15
1765819800,4302.195,4305.425,4300.515,4304.285
1765820700,4304.25,4306.825,4302.04,4304.425
1765821600,4304.53,4305.34,4301.415,4302.9
1765822500,4302.93,4306.735,4300.06,4305.87
1765823400,4305.835,4310.245,4302.785,4309.855
1765824300,4309.895,4313.61,4307.92,4313.085
1765825200,4313.085,4317.81,4312.07,4312.64
1765826100,4312.555,4314.55,4309.135,4309.315
1765827000,4309.155,4312.325,4307.92,4311.325
1765827900,4311.3,4314.59,4310.12,4314.285
1765828800,4314.21,4314.385,4311.475,4311.585
1765829700,4311.695,4311.695,4299.725,4305.305
1765830600,4305.31,4307.855,4300.665,4305.98
1765831500,4305.965,4307.835,4304.215,4304.625
1765832400,4304.63,4305.755,4300.825,4304.56
1765833300,4304.6,4305.19,4302.855,4303.64
1765834200,4303.635,4304.585,4301.265,4302.125
1765835100,4302.135,4305.84,4302.09,4304.91
1765839600,4307.67,4308.2,4305.265,4306.065
1765840500,4306.095,4309.77,4306.045,4307.595
1765841400,4307.75,4308.56,4305.97,4306.9
1765842300,4306.84,4308.235,4303.565,4304.445
1765843200,4304.435,4309.19,4303.04,4307.4
1765844100,4307.41,4310.395,4304.55,4309.73
1765845000,4309.9,4313.515,4307.905,4311.94
1765845900,4311.89,4312.175,4305.94,4308.045
1765846800,4308.055,4308.69,4299.355,4304.07
1765847700,4303.98,4312.205,4303.935,4311.62
1765848600,4311.68,4318.035,4311.32,4314.745
1765849500,4314.63,4316.205,4304.635,4308.79
1765850400,4308.68,4312.07,4305.65,4310.795
1765851300,4310.845,4312.3,4307.64,4310.975
1765852200,4311.035,4312.18,4305.755,4309.51
1765853100,4309.505,4309.88,4286.605,4289.71
1765854000,4289.745,4294.675,4280.975,4282.61
1765854900,4282.66,4288.46,4280.62,4287.865
1765855800,4287.91,4289.185,4283.06,4285.255
1765856700,4285.21,4291.73,4282.95,4291.005
1765857600,4290.98,4292.385,4286.825,4287.99
1765858500,4287.935,4290.845,4286.85,4288.36
1765859400,4288.415,4291.9,4288.345,4289.7
1765860300,4289.65,4290.75,4287.655,4289.22
1765861200,4289.225,4292.405,4285.815,4286.345
1765862100,4286.395,4286.57,4279.9,4280.825
1765863000,4280.745,4281.2,4271.575,4279.635
1765863900,4279.64,4287.825,4279.5,4284.185
1765864800,4284.22,4288.605,4282.595,4286.645
1765865700,4286.57,4290.085,4285.22,4287.015
1765866600,4286.965,4292.325,4286.09,4291.33
1765867500,4291.375,4292.345,4287.505,4289.41
1765868400,4289.44,4290.13,4285.05,4286.215
1765869300,4286.265,4286.74,4279.63,4281.2
1765870200,4281.16,4288.52,4280.06,4284.175
1765871100,4284.155,4288.375,4283.315,4287.655
1765872000,4287.635,4289.445,4280.43,4281.575
1765872900,4281.705,4281.705,4275.64,4279.115
1765873800,4278.805,4283.465,4275.275,4283.275
1765874700,4283.075,4286.98,4282.845,4284.705
1765875600,4284.685,4285.93,4281.245,4285.025
1765876500,4285,4285,4281.565,4281.875
1765877400,4281.865,4283.88,4279.845,4282.825
1765878300,4282.765,4282.765,4276.575,4280.495
1765879200,4280.545,4284.44,4276.865,4277.995
1765880100,4277.935,4282.05,4276.8,4277.73
1765881000,4277.72,4279.25,4274.7,4279.155
1765881900,4279.165,4281.66,4275.58,4277.45
1765882800,4277.4,4278.665,4274.23,4276.21
1765883700,4276.2,4278.08,4273.885,4277.675
1765884600,4277.705,4279.765,4275.595,4276.51
1765885500,4276.405,4279.11,4276.255,4278.69
1765886400,4278.635,4288.845,4276.94,4287.865
1765887300,4287.915,4292.97,4287.8,4291.625
1765888200,4291.665,4293.715,4287.8,4293.475
1765889100,4293.5,4294.995,4292.145,4294.535
1765890000,4294.565,4297.805,4291,4296.01
1765890900,4296.02,4302.04,4293.555,4301.415
1765891800,4301.565,4312.695,4301.445,4304.34
1765892700,4304.365,4313.27,4299.94,4313.015
1765893600,4313.04,4320.51,4311.43,4319.5
1765894500,4319.48,4330.575,4318.19,4325.665
1765895400,4325.675,4331.955,4321.91,4326.385
1765896300,4327.085,4332.205,4323.12,4324.48
1765897200,4324.445,4335.185,4320.805,4324.015
1765898100,4324.095,4326.05,4312.56,4321.23
1765899000,4321.225,4330.155,4319.84,4322.015
1765899900,4322.06,4329.61,4319.3,4319.865
1765900800,4319.805,4323.39,4312.91,4315.6
1765901700,4315.545,4315.545,4303.795,4307.785
1765902600,4307.77,4307.785,4291.41,4294.895
1765903500,4294.83,4303.115,4293.63,4300.675
1765904400,4300.66,4311.07,4300.645,4304.485
1765905300,4304.515,4306.505,4300.355,4303.065
1765906200,4303.11,4308.975,4302.415,4306.105
1765907100,4306.175,4306.565,4300.56,4303.725
1765908000,4303.83,4306.025,4299.655,4303.165
1765908900,4303.16,4304.185,4298.285,4301.96
1765909800,4301.74,4310.855,4301.33,4308.775
1765910700,4308.83,4313.475,4308.085,4311.37
1765911600,4311.44,4311.755,4303.91,4305.875
1765912500,4305.785,4310,4296.81,4305.64
1765913400,4305.665,4310.065,4304.705,4309.615
1765914300,4309.65,4315.92,4309.145,4310.655
1765915200,4310.65,4314.475,4310.185,4312.07
1765916100,4312.105,4312.105,4308,4310.865
1765917000,4310.87,4311.755,4307.82,4309.17
1765917900,4309.245,4312.2,4302.66,4304.615
1765918800,4304.645,4305.53,4300.875,4302.32
1765919700,4302.38,4302.795,4300.61,4302.245
1765920600,4302.25,4304.945,4301.115,4302.91
1765921500,4302.81,4304.06,4301.775,4302.225
1765926000,4303.6,4304.845,4302.405,4304.645
1765926900,4304.555,4307.275,4304.36,4306.81
1765927800,4306.765,4308.74,4305.62,4307.73
1765928700,4307.655,4309.215,4307.15,4308.11
1765929600,4308.1,4313.175,4307.6,4312.415
1765930500,4312.48,4315.435,4311.785,4313.385
1765931400,4313.385,4314.595,4311.285,4312.63
1765932300,4312.605,4314.52,4311.79,4313.195
1765933200,4313.205,4320.265,4311.445,4317.865
1765934100,4317.85,4319.55,4313.18,4317.065
1765935000,4317.125,4325.535,4316.17,4323.235
1765935900,4323.09,4326.78,4321.97,4326.635
1765936800,4326.69,4327.835,4318.31,4320.305
1765937700,4320.29,4323.69,4319.505,4320.57
1765938600,4320.555,4323.045,4314.045,4316.54
1765939500,4316.555,4316.9,4311.145,4314.365
1765940400,4314.38,4320.265,4312.64,4315.5
1765941300,4315.44,4319.585,4314.555,4318.78
1765942200,4318.61,4323.78,4318.375,4321.6
1765943100,4321.56,4325.215,4321.32,4323.84
1765944000,4323.955,4326.015,4321.28,4324.46
1765944900,4324.505,4325.08,4322.19,4322.74
1765945800,4322.735,4330.03,4320.56,4329.625
1765946700,4329.64,4331.65,4328.495,4329.8
1765947600,4329.785,4334.535,4328.095,4332.405
1765948500,4332.39,4337.975,4330.53,4331.055
1765949400,4331.05,4340.28,4331.05,4338.33
1765950300,4338.39,4342.58,4333.61,4333.9
1765951200,4333.88,4337.64,4331.605,4336.675
1765952100,4336.67,4336.955,4330.58,4332.435
1765953000,4332.43,4333.145,4327.08,4329.28
1765953900,4329.09,4330.73,4324.7,4328.72
1765954800,4328.685,4328.685,4322.49,4325.115
1765955700,4325.345,4325.73,4319.505,4323.035
1765956600,4323.095,4324.625,4316.24,4316.255
1765957500,4316.2,4319.225,4315.68,4317.835
1765958400,4317.785,4320.845,4308.44,4313.77
1765959300,4313.84,4317.93,4312.555,4316.285
1765960200,4316.225,4319.885,4314.79,4315.32
1765961100,4315.3,4320.915,4313.22,4319.385
1765962000,4319.3,4323.45,4317.87,4321.145
1765962900,4321.055,4322.725,4317.12,4322.41
1765963800,4322.375,4322.375,4318.865,4319.02
1765964700,4319.035,4322.175,4315.88,4317.015
1765965600,4316.895,4319.695,4316.255,4319.68
1765966500,4319.675,4322.315,4318.165,4319.905
1765967400,4319.865,4320.16,4306.515,4315.26
1765968300,4315.245,4318.13,4313.46,4317.805
1765969200,4317.875,4319.72,4316.75,4317.825
1765970100,4317.875,4320.465,4315.82,4318.2
1765971000,4318.16,4318.995,4315.06,4316.455
1765971900,4316.43,4318.885,4315.465,4316.345
1765972800,4316.33,4318.395,4314.99,4316.595
1765973700,4316.61,4323.24,4316.075,4321.29
1765974600,4321.345,4322.3,4316.36,4317.47
1765975500,4317.465,4318.35,4315.815,4317.57
1765976400,4317.615,4328.175,4315.085,4323.29
1765977300,4323.2,4331.755,4323.045,4328.09
1765978200,4328.105,4339.5,4328.105,4338.42
1765979100,4338.445,4344.26,4333.16,4342.145
1765980000,4342.125,4346.09,4327.11,4327.695
1765980900,4327.53,4331.4,4323.14,4329.07
1765981800,4329.09,4338.705,4325.72,4338.425
1765982700,4338.395,4342.705,4334.68,4338.245
1765983600,4338.22,4345.315,4334.98,4343.04
1765984500,4343.03,4344.915,4333.075,4343.68
1765985400,4343.685,4349.28,4328.44,4332.255
1765986300,4332.15,4336.725,4324.34,4330.485
1765987200,4330.575,4334.945,4324.58,4327.59
1765988100,4327.435,4332.06,4320.325,4326.855
1765989000,4326.89,4334.335,4323.845,4333.625
1765989900,4333.605,4337.66,4330.865,4333.68
1765990800,4333.675,4335.445,4328.77,4332.775
1765991700,4332.69,4340.04,4330.27,4337.16
1765992600,4337.21,4341.685,4336.26,4338.88
1765993500,4338.99,4342.595,4335.74,4342.58
1765994400,4342.585,4346.61,4342.575,4343.21
1765995300,4343.235,4343.34,4338.37,4341.695
1765996200,4341.645,4344.005,4330.305,4332.355
1765997100,4332.37,4336.39,4328.82,4336.25
1765998000,4336.13,4338.08,4333.355,4337.13
1765998900,4337.125,4340.715,4335.93,4339.88
1765999800,4339.83,4341.2,4334.47,4335.305
1766000700,4335.365,4337.425,4330.45,4337.265
1766001600,4337.28,4339.825,4335.425,4339.365
1766002500,4339.34,4342.66,4339.22,4341.41
1766003400,4341.415,4342.885,4338.585,4341.97
1766004300,4341.965,4346.145,4339.655,4341.49
1766005200,4341.545,4345.855,4340.57,4343.77
1766006100,4343.73,4346.41,4343.35,4344.115
1766007000,4344.115,4344.695,4339.785,4339.855
1766007900,4339.84,4341.99,4337.5,4337.83
1766012400,4338.89,4339.49,4335.535,4336.025
1766013300,4336.085,4339.415,4335.675,4338.025
1766014200,4338.07,4340.385,4337.165,4338.92
1766015100,4338.985,4343.095,4338.625,4339.055
1766016000,4338.985,4341.08,4336.725,4338.415
1766016900,4338.455,4343.03,4337.26,4337.735
1766017800,4337.75,4340.61,4336.76,4336.8
1766018700,4336.825,4337.325,4333.34,4334.985
1766019600,4335.06,4337.245,4328.49,4329.93
1766020500,4329.98,4331.955,4324.76,4324.825
1766021400,4324.82,4328.5,4324.02,4326.77
1766022300,4326.83,4332.04,4324.775,4331.745
1766023200,4331.78,4335.395,4330.285,4331.045
1766024100,4331.095,4336.53,4330.01,4334.61
1766025000,4334.7,4337.985,4334.155,4334.225
1766025900,4334.215,4334.47,4330.92,4333.365
1766026800,4333.345,4336.11,4331.05,4335.96
1766027700,4335.955,4336.94,4332.045,4333.295
1766028600,4333.215,4335.545,4332.275,4332.295
1766029500,4332.26,4333.765,4331.2,4333.34
1766030400,4333.28,4333.59,4329.62,4330.565
1766031300,4330.605,4332.335,4329.195,4330.615
1766032200,4330.42,4331.93,4328.69,4329.725
1766033100,4329.68,4332.585,4329.54,4331.845
1766034000,4331.69,4337.225,4331.065,4337.14
1766034900,4337.18,4337.465,4334.97,4335.855
1766035800,4335.78,4337.265,4332.775,4336.81
1766036700,4336.825,4336.925,4332.26,4333.32
1766037600,4333.27,4335.67,4330.68,4334.605
1766038500,4334.58,4335.585,4331.925,4333.7
1766039400,4333.75,4336.185,4333.28,4333.675
1766040300,4333.765,4335.005,4331.98,4334.01
1766041200,4334.04,4334.99,4330.075,4330.875
1766042100,4330.91,4335.225,4330.46,4334.99
1766043000,4334.99,4337.785,4332.935,4333.505
1766043900,4333.615,4334.23,4331.475,4331.495
1766044800,4331.375,4332.59,4324.96,4328.57
1766045700,4328.565,4329.85,4325.96,4327.185
1766046600,4327.215,4329.075,4325.24,4328.6
1766047500,4328.63,4328.94,4321.805,4326.645
1766048400,4326.48,4328.63,4324.755,4326.315
1766049300,4326.35,4328.225,4323.67,4324.815
1766050200,4324.81,4327.035,4321.06,4324.56
1766051100,4324.535,4324.63,4320.655,4323.64
1766052000,4323.615,4326.055,4323.075,4324.86
1766052900,4324.915,4325.685,4323.26,4323.885
1766053800,4323.855,4327.56,4322.02,4326.98
1766054700,4326.995,4327.615,4324.185,4325.54
1766055600,4325.52,4328.825,4324.47,4327.27
1766056500,4327.28,4328.48,4325.49,4325.835
1766057400,4325.76,4327.23,4325.37,4326.645
1766058300,4326.615,4326.92,4324.76,4325.735
1766059200,4325.685,4326.715,4321.68,4324.11
1766060100,4324.045,4324.475,4317.285,4319.515
1766061000,4319.51,4323.635,4318.655,4322.755
1766061900,4322.76,4322.87,4320.32,4320.94
1766062800,4320.925,4324.3,4314.68,4316.555
1766063700,4316.475,4324.095,4315.935,4321.61
1766064600,4321.585,4338.595,4321.36,4336.575
1766065500,4336.655,4343.185,4335.155,4336.65
1766066400,4336.635,4341.485,4333.07,4336.41
1766067300,4336.535,4338.905,4332.55,4332.795
1766068200,4332.82,4341.285,4311.65,4314.355
1766069100,4314.38,4330.245,4308.67,4328.625
1766070000,4328.58,4337.185,4326.65,4330.83
1766070900,4330.935,4334.405,4325.06,4333.04
1766071800,4333.035,4341.77,4331.26,4337.555
1766072700,4337.55,4341.53,4334.4,4338.395
1766073600,4338.42,4368.115,4337.74,4362.145
1766074500,4362.135,4374.655,4361.93,4367.41
1766075400,4367.475,4371.87,4363.455,4367.07
1766076300,4367.08,4369.68,4356.36,4360.415
1766077200,4360.42,4363.415,4322.55,4328.325
1766078100,4328.33,4332.785,4322.145,4328.03
1766079000,4328.045,4341.71,4326.425,4337.455
1766079900,4337.43,4338.385,4325.105,4333.565
1766080800,4333.575,4341.08,4331.755,4339.55
1766081700,4339.595,4341.455,4331.94,4332.285
1766082600,4332.34,4340.425,4332.03,4333.895
1766083500,4333.86,4334.5,4325.905,4331.955
1766084400,4331.925,4333.115,4326.665,4329.485
1766085300,4329.615,4334.51,4328.805,4333.9
1766086200,4333.91,4335.09,4327.785,4329.76
1766087100,4329.75,4330.84,4322.755,4325.18
1766088000,4325.18,4335.98,4324.67,4333.735
1766088900,4333.765,4334.095,4328.27,4332.53
1766089800,4332.52,4338.545,4331.155,4336.18
1766090700,4336.245,4336.505,4332.41,4335
1766091600,4334.995,4334.995,4331.425,4332.815
1766092500,4332.845,4333.19,4330.8,4332.04
1766093400,4331.985,4332.74,4328.55,4330.83
1766094300,4330.865,4333.915,4330.865,4332.59
1766098800,4335.855,4336.42,4334.565,4334.66
1766099700,4334.725,4336.47,4333.945,4334.065
1766100600,4334.025,4335.6,4333.6,4334.075
1766101500,4334.08,4337.07,4333.785,4335.135
1766102400,4335.11,4335.835,4329.455,4330.055
1766103300,4330.05,4332.275,4328.135,4331.485
1766104200,4331.535,4332.63,4327.85,4328.475
1766105100,4328.41,4331.365,4325.97,4326.33
1766106000,4326.405,4327.775,4320.71,4325.96
1766106900,4325.98,4328.655,4309.62,4313.455
1766107800,4313.47,4319.205,4309.095,4317.53
1766108700,4317.64,4324.115,4316.87,4323.32
1766109600,4323.365,4328.1,4323.34,4324.28
1766110500,4324.285,4324.79,4321.75,4324.61
1766111400,4324.68,4326.055,4314.665,4316
1766112300,4316.005,4318.545,4314.175,4316.76
1766113200,4316.735,4317.97,4312.68,4316.38
1766114100,4316.4,4321.59,4313.005,4319.27
1766115000,4319.41,4322.55,4317.215,4319.815
1766115900,4319.75,4321.16,4317.585,4318.12
1766116800,4318.145,4320.005,4317.775,4319.115
1766117700,4319.165,4320.11,4317.05,4317.49
1766118600,4317.44,4321.76,4317.255,4320.63
1766119500,4320.655,4322.935,4319.72,4322.74
1766120400,4322.725,4323.86,4318.335,4318.615
1766121300,4318.6,4320.63,4317.46,4319.86
1766122200,4319.825,4326.845,4319.765,4325.21
1766123100,4325.285,4328.97,4324.9,4325.97
1766124000,4326.015,4327.56,4324.205,4327.155
1766124900,4327.26,4329.57,4326.535,4327.245
1766125800,4327.275,4328.3,4321.63,4324.4
1766126700,4324.3,4327.245,4322.555,4326.44
1766127600,4326.42,4328.415,4323.075,4327.225
1766128500,4327.21,4327.77,4323.305,4327.655
1766129400,4327.58,4329.665,4324.965,4325.025
1766130300,4325.02,4325.555,4321.5,4322.61
1766131200,4322.615,4324.91,4321.085,4322.96
1766132100,4322.825,4326.09,4322.345,4325.23
1766133000,4325.2,4330.975,4325.005,4327.925
1766133900,4327.84,4328.73,4325.835,4325.99
1766134800,4325.945,4327.625,4324.41,4327.005
1766135700,4327.02,4328.53,4326.06,4327.08
1766136600,4327.06,4331.09,4325.955,4330.66
1766137500,4330.685,4333.67,4327.385,4329.585
1766138400,4329.555,4331.915,4328.19,4330.22
1766139300,4330.235,4331.505,4327.1,4327.395
1766140200,4327.415,4327.87,4322.6,4327.24
1766141100,4327.23,4329.685,4326.69,4327.805
1766142000,4327.81,4329.14,4325.625,4326.58
1766142900,4326.5,4328.8,4325.815,4327.135
1766143800,4327.165,4327.97,4325.18,4327.405
1766144700,4327.44,4329.57,4326.735,4327.375
1766145600,4327.43,4327.61,4320.775,4324.1
1766146500,4324.065,4327.975,4323.36,4325.745
1766147400,4325.83,4328.955,4324.345,4326.055
1766148300,4326.06,4327.3,4323.36,4326.735
1766149200,4326.77,4334.815,4326.055,4330.23
1766150100,4330.315,4335.36,4327.595,4334.915
1766151000,4334.97,4335.705,4328.79,4329.635
1766151900,4329.625,4332.78,4327.335,4328.365
1766152800,4328.325,4334.265,4325.4,4328.105
1766153700,4328.115,4330.35,4325.48,4327.76
1766154600,4327.82,4337.93,4326.77,4334.82
1766155500,4334.815,4335.02,4319.83,4332.855
1766156400,4332.735,4345.515,4332.135,4341.635
1766157300,4341.74,4346.735,4335.17,4337.615
1766158200,4337.62,4344.88,4336.54,4339.94
1766159100,4339.91,4349.29,4339.78,4347.91
1766160000,4347.905,4354.755,4342.855,4343.12
1766160900,4343.14,4347.52,4342.155,4346.825
1766161800,4346.84,4350.52,4343.19,4345.6
1766162700,4345.595,4351.415,4344.48,4349.935
1766163600,4349.92,4353.79,4347.075,4347.105
1766164500,4347.11,4352.815,4347.1,4351.905
1766165400,4352.005,4354.02,4349.925,4351.425
1766166300,4351.47,4355.99,4350.515,4353.555
1766167200,4353.495,4354.885,4350.35,4353.785
1766168100,4353.7,4356.625,4352.06,4354.505
1766169000,4354.48,4355,4344.86,4344.88
1766169900,4344.835,4349.825,4343.155,4348.595
1766170800,4348.605,4350.635,4346.47,4347.26
1766171700,4347.245,4349.355,4346.355,4347.775
1766172600,4347.755,4350.1,4346.685,4346.885
1766173500,4346.865,4348.925,4345.17,4345.295
1766174400,4345.26,4346.545,4342.09,4342.47
1766175300,4342.48,4345.85,4341.33,4345.195
1766176200,4345.15,4345.15,4338.61,4340.385
1766177100,4340.205,4340.935,4336.875,4339.75
1766178000,4339.735,4340.36,4337.375,4338.82
1766178900,4338.875,4339.335,4336.92,4337.7
1766179800,4337.635,4338.885,4336.555,4338.175
1766180700,4338.16,4339.54,4337.56,4338.765
1766358000,4340.905,4345.835,4339.9,4345.385
1766358900,4345.255,4349.435,4344.165,4348.855
1766359800,4348.71,4350.735,4347.37,4348.645
1766360700,4348.67,4356.1,4348.505,4355.4
1766361600,4355.325,4364.97,4355.325,4359.72
1766362500,4359.635,4365.165,4358.77,4363.31
1766363400,4363.705,4366.56,4361.685,4361.91
1766364300,4361.935,4365.59,4361.9,4365.165
1766365200,4365.275,4372.495,4362.635,4364.605
1766366100,4364.495,4370.39,4361.375,4368.295
1766367000,4368.34,4383.89,4368.185,4381.755
1766367900,4381.71,4384.96,4379.745,4382.97
1766368800,4382.995,4384.375,4378.765,4380.715
1766369700,4380.735,4382.565,4378.97,4379.01
1766370600,4378.95,4385.82,4378.695,4384.125
1766371500,4384.095,4388.84,4382.34,4386.07
1766372400,4386.055,4390.175,4384.415,4386.64
1766373300,4386.61,4391.01,4385.34,4389.08
1766374200,4389.15,4392.155,4388.16,4391.68
1766375100,4391.715,4395.05,4391.62,4392.66
1766376000,4392.655,4396.88,4391.33,4396.88
1766376900,4396.885,4397.495,4393.23,4394.775
1766377800,4394.79,4396.285,4394.055,4395.25
1766378700,4395.23,4401.115,4394.96,4398.525
1766379600,4398.38,4403.875,4396.865,4401.295
1766380500,4401.29,4405.57,4398.72,4405.075
1766381400,4405.085,4409.76,4397.33,4401.595
1766382300,4401.5,4406.89,4399.97,4400.21
1766383200,4400.235,4405.26,4398.96,4403.985
1766384100,4403.98,4405.51,4399.69,4401.055
1766385000,4401.035,4409.425,4400.22,4408.555
1766385900,4408.56,4420.16,4408.125,4419.47
1766386800,4419.455,4420.515,4410.41,4412.915
1766387700,4412.895,4416.705,4411.875,4415.85
1766388600,4415.9,4418.04,4412.36,4416.59
1766389500,4416.595,4416.685,4412.605,4414.395
1766390400,4414.345,4414.835,4410.125,4412.36
1766391300,4412.335,4413.54,4409.555,4413.54
1766392200,4413.545,4415.08,4407.06,4410.125
1766393100,4410.11,4411.21,4406.195,4408.28
1766394000,4408.265,4413.375,4408.02,4412.415
1766394900,4412.355,4414.13,4410.9,4412.595
1766395800,4412.61,4413.785,4411.575,4412.43
1766396700,4412.435,4415.01,4411.11,4411.2
1766397600,4411.195,4416.055,4411.145,4414.105
1766398500,4414.095,4414.4,4411.26,4411.405
1766399400,4411.455,4411.645,4406.215,4409
1766400300,4409.01,4411.695,4408.68,4408.79
1766401200,4408.765,4409.925,4406.06,4409.365
1766402100,4409.345,4410.64,4408.18,4409.295
1766403000,4409.32,4411.695,4408.615,4410.165
1766403900,4410.19,4411.095,4408.835,4410.42
1766404800,4410.225,4413.46,4406.29,4407.225
1766405700,4407.21,4412.49,4407.07,4409.19
1766406600,4409.2,4410.875,4407.75,4409.64
1766407500,4409.585,4416.04,4409.425,4415.81
1766408400,4415.83,4426.795,4415.12,4425.475
1766409300,4425.51,4427.375,4412.73,4418.655
1766410200,4418.665,4426.725,4418.195,4423.96
1766411100,4423.985,4427.42,4419.91,4423.865
1766412000,4423.905,4427.39,4421.775,4426.45
1766412900,4426.36,4429.245,4424.225,4426.56
1766413800,4426.575,4426.76,4414.725,4423.025
1766414700,4422.99,4429.665,4417.74,4419.445
1766415600,4419.455,4423.81,4413.935,4416.085
1766416500,4415.97,4419.875,4411.945,4418.105
1766417400,4418.035,4428.185,4416.615,4427.89
1766418300,4427.88,4435.65,4427.88,4431.835
1766419200,4431.86,4438.17,4428.22,4438.15
1766420100,4438.25,4440.52,4435.54,4438.01
1766421000,4438.015,4442.21,4433.115,4435.835
1766421900,4435.84,4438.995,4434.485,4438.72
1766422800,4438.725,4441.825,4435.235,4441.775
1766423700,4441.875,4442.27,4433.705,4434.23
1766424600,4434.255,4437.77,4431.995,4435.775
1766425500,4435.735,4438.765,4435.41,4438.51
1766426400,4438.61,4438.995,4434.415,4436.74
1766427300,4436.8,4438.61,4433.535,4434.145
1766428200,4434.205,4437.32,4432.175,4432.785
1766429100,4432.845,4436.84,4429.445,4435.465
1766430000,4435.46,4436.085,4429.95,4430.27
1766430900,4430.29,4433.24,4429.005,4432.975
1766431800,4432.965,4434.225,4431.41,4432.835
1766432700,4432.84,4433.96,4431.745,4433.69
1766433600,4433.615,4438.765,4433.525,4438.765
1766434500,4438.745,4438.775,4431.86,4432.34
1766435400,4432.19,4435.53,4431.72,4434.67
1766436300,4434.705,4439.27,4434.245,4438.715
1766437200,4438.695,4443.43,4438.525,4443.105
1766438100,4443.1,4449.235,4442.455,4447.965
1766439000,4447.94,4449.385,4444.765,4444.98
1766439900,4444.975,4446.16,4443.325,4443.74
1766444400,4449.18,4455.505,4449.045,4455.3
1766445300,4455.305,4459.695,4455.08,4458.87
1766446200,4458.9,4458.91,4452.84,4458.235
1766447100,4458.15,4461.66,4455.045,4460.145
1766448000,4460.095,4466.66,4458.16,4466.245
1766448900,4466.29,4468.655,4463.78,4468.08
1766449800,4468.075,4469.985,4466.47,4468.755
1766450700,4468.71,4470.715,4467.33,4470.6
1766451600,4470.53,4486.84,4470.46,4485.825
1766452500,4485.85,4486.365,4469.44,4477.36
1766453400,4477.34,4486.125,4477.1,4485.04
1766454300,4485.115,4490.69,4482.25,4486.675
1766455200,4486.66,4488.61,4481.38,4485.455
1766456100,4485.53,4489.74,4485.025,4486.855
1766457000,4486.84,4497.685,4486.69,4495.72
1766457900,4495.71,4496.12,4489.155,4493.48
1766458800,4493.44,4496.78,4485.67,4486.38
1766459700,4486.525,4488.88,4482.955,4487.155
1766460600,4487.13,4488.925,4485.755,4486.2
1766461500,4486.185,4487.095,4483.92,4486.725
1766462400,4486.765,4488.325,4484.655,4487.04
1766463300,4487.035,4488.285,4484.32,4486.47
1766464200,4486.43,4487.175,4484.11,4484.64
1766465100,4484.57,4485.145,4478.86,4482.585
1766466000,4482.525,4485.04,4480.22,4480.85
1766466900,4480.825,4481.695,4476.72,4480.375
1766467800,4480.36,4485.695,4476.53,4481.215
1766468700,4481.245,4482.73,4474.92,4475.335
1766469600,4475.245,4478.41,4469.5,4471.555
1766470500,4471.47,4476.645,4470.705,4476.195
1766471400,4476.215,4478.035,4474.76,4476.41
1766472300,4476.36,4481.735,4475.85,4481.62
1766473200,4481.61,4483.285,4478.5,4481.83
1766474100,4481.825,4486,4481.075,4484.14
1766475000,4484.16,4486.925,4483.655,4484.07
1766475900,4484.055,4489.88,4483.9,4486.855
1766476800,4486.81,4489.5,4485.425,4488.32
1766477700,4488.29,4490.65,4486.445,4487.195
1766478600,4487.21,4492.47,4484.73,4492.08
1766479500,4492.125,4493.49,4488.6,4490.055
1766480400,4490.04,4491.36,4480.53,4481.585
1766481300,4481.405,4484.595,4479.185,4483.315
1766482200,4483.32,4485.32,4479.705,4481.86
1766483100,4481.94,4483.315,4478.225,4480.5
1766484000,4480.545,4485.03,4479.56,4484.8
1766484900,4484.83,4487.605,4483.035,4485.935
1766485800,4485.95,4485.99,4481.575,4482.905
1766486700,4482.915,4486.12,4482.69,4484.4
1766487600,4484.415,4486.37,4483.295,4484.55
1766488500,4484.465,4485.825,4483.1,4483.965
1766489400,4484.025,4488.71,4483.245,4488.605
1766490300,4488.61,4494.315,4487.32,4493.655
1766491200,4493.625,4493.785,4485.705,4485.935
1766492100,4485.94,4486.085,4483.275,4485.22
1766493000,4485.215,4487.745,4484.53,4486.125
1766493900,4486.16,4489.425,4485.86,4486.41
1766494800,4486.35,4494.69,4486.06,4494.57
1766495700,4494.59,4497.635,4486.62,4489.54
1766496600,4489.57,4492.665,4484.69,4489.955
1766497500,4489.88,4491.06,4473.51,4479.36
1766498400,4479.425,4480.13,4456.205,4469.94
1766499300,4469.83,4472.255,4463.295,4465.135
1766500200,4465.19,4465.34,4447.72,4452.905
1766501100,4452.825,4459.655,4441.5,4446.745
1766502000,4446.735,4451.165,4430.515,4448.655
1766502900,4448.67,4452.175,4439.58,4442.77
1766503800,4442.73,4457.285,4441.655,4453.485
1766504700,4453.49,4459.415,4451.62,4458.395
1766505600,4458.43,4463.49,4456.225,4460.82
1766506500,4460.83,4465.59,4459.16,4461.615
1766507400,4461.675,4467.095,4455.815,4465.96
1766508300,4465.945,4476.695,4465.945,4474.38
1766509200,4474.395,4479.92,4471.75,4475.415
1766510100,4475.435,4478.83,4470.365,4477.85
1766511000,4477.905,4479.485,4474.045,4478.685
1766511900,4478.71,4479.095,4469.945,4472.965
1766512800,4473.08,4481.475,4473.08,4477.675
1766513700,4477.735,4479.405,4474.215,4477.81
1766514600,4477.97,4478.565,4472.74,4476.565
1766515500,4476.635,4485.22,4476.625,4484.725
1766516400,4484.625,4496.38,4484.265,4493.71
1766517300,4493.755,4493.76,4487.37,4490.13
1766518200,4490.175,4493.955,4488.16,4492.945
1766519100,4492.995,4493.01,4489.19,4490.745
1766520000,4490.74,4494.205,4489.535,4493.635
1766520900,4493.62,4494.64,4491.4,4491.975
1766521800,4491.96,4493.26,4489.3,4492.4
1766522700,4492.415,4499.82,4491.845,4497.5
1766523600,4497.505,4498.85,4490.475,4491.22
1766524500,4491.27,4491.77,4489.95,4490.09
1766525400,4490.095,4491.405,4488.385,4489.25
1766526300,4489.28,4489.78,4483.52,4484.55
1766530800,4488.59,4495.585,4488,4495.39
1766531700,4495.315,4498.17,4490.89,4492.29
1766532600,4492.325,4509.235,4492.325,4505.655
1766533500,4505.48,4510.78,4499.805,4503.39
1766534400,4503.3,4512.855,4500.96,4507.945
1766535300,4507.99,4514.175,4507.99,4514.07
1766536200,4513.995,4517.88,4512.775,4517.73
1766537100,4517.77,4518.215,4508.05,4512.095
1766538000,4512.02,4520.205,4507.045,4512.015
1766538900,4512.03,4526.15,4512.03,4521.485
1766539800,4521.495,4523.635,4518.465,4520.29
1766540700,4520.315,4523.63,4518.62,4518.84
1766541600,4518.815,4519.52,4504.865,4511.585
1766542500,4511.59,4512.535,4505.83,4506.955
1766543400,4506.965,4511.26,4504.745,4508.735
1766544300,4508.75,4512.325,4474.375,4478.06
1766545200,4478.26,4486.405,4466.54,4485.805
1766546100,4485.775,4496.31,4485.71,4491.595
1766547000,4491.51,4498.74,4490.52,4495.165
1766547900,4495.19,4495.46,4492,4493.2
1766548800,4493.325,4495.855,4492.225,4494.715
1766549700,4494.74,4497.605,4491.4,4497.1
1766550600,4497.13,4501.565,4496.42,4500.23
1766551500,4500.22,4501.295,4496.615,4499.32
1766552400,4499.17,4500.575,4485.185,4490.905
1766553300,4490.835,4494.67,4489.545,4492.505
1766554200,4492.44,4497.32,4490.65,4495.815
1766555100,4495.81,4497.185,4488.195,4488.645
1766556000,4488.65,4492.96,4486.59,4492.675
1766556900,4492.68,4492.78,4485.275,4487.81
1766557800,4487.88,4498.025,4487.875,4494.625
1766558700,4494.64,4497.6,4492.835,4493.78
1766559600,4493.805,4495.24,4490.665,4493.515
1766560500,4493.495,4494.625,4491.245,4491.66
1766561400,4491.655,4492.315,4488.24,4488.575
1766562300,4488.57,4489.46,4483.61,4484.05
1766563200,4484.04,4487.17,4478.205,4485.51
1766564100,4485.545,4490.94,4483.33,4484.86
1766565000,4484.935,4492.705,4482.325,4490.15
1766565900,4490.105,4490.565,4481.6,4482.505
1766566800,4482.51,4488.265,4482.1,4487.9
1766567700,4487.94,4493.57,4487.55,4489.485
1766568600,4489.495,4492.43,4486.51,4491.61
1766569500,4491.605,4496.26,4491.495,4494.895
1766570400,4494.89,4500.035,4489.885,4490.775
1766571300,4490.78,4496.51,4489.64,4494.285
1766572200,4494.235,4494.795,4482.425,4486.015
1766573100,4485.925,4490.87,4484.82,4489.695
1766574000,4489.71,4490.68,4484.965,4488.04
1766574900,4488.035,4489.345,4486.535,4487.335
1766575800,4487.32,4488.665,4483.165,4488.32
1766576700,4488.34,4492.17,4486.16,4491.77
1766577600,4491.77,4495.985,4491.185,4495.435
1766578500,4495.36,4496.335,4490.92,4493.19
1766579400,4493.215,4493.62,4490.02,4490.445
1766580300,4490.44,4492.58,4489.745,4490.765
1766581200,4490.8,4493.655,4481.28,4485.37
1766582100,4485.375,4487.105,4474.72,4479.395
1766583000,4479.5,4486.365,4477.87,4485.3
1766583900,4485.38,4489.015,4483.375,4488.29
1766584800,4488.135,4489.785,4484.03,4485.535
1766585700,4485.505,4487.7,4482.21,4485.21
1766586600,4485.235,4489.035,4469.325,4481.505
1766587500,4481.47,4482.47,4460.485,4464.975
1766588400,4464.955,4475.285,4461.82,4474.77
1766589300,4474.735,4476.745,4461.45,4469.805
1766590200,4469.58,4473.085,4449.705,4453.43
1766591100,4453.37,4460.885,4448.26,4458.685
1766592000,4458.715,4471.355,4456.12,4466.285
1766592900,4466.26,4469.24,4464.275,4468.435
1766593800,4468.59,4476.795,4467.17,4475.315
1766594700,4475.32,4478.265,4472.065,4476.87
1766595600,4476.88,4487.88,4475.545,4483.685
1766596500,4483.74,4484.83,4476,4477.775
1766597400,4477.795,4483.125,4477.14,4479.45
1766598300,4479.42,4483.59,4479.31,4480.745
1766599200,4480.765,4481.65,4477.405,4478.055
1766600100,4478.32,4482.5,4478.025,4480.645
1766601000,4480.685,4481.945,4478.83,4479.415
1766703600,4502.625,4536.74,4484.195,4490.595
1766704500,4490.47,4499.845,4488.57,4498.415
1766705400,4498.58,4499.765,4489.51,4496.29
1766706300,4496.305,4500.155,4491.625,4495.405
1766707200,4495.315,4506.19,4492.27,4503.165
1766708100,4503.235,4507.215,4501.125,4507.08
1766709000,4507.055,4508.185,4504.275,4507.62
1766709900,4507.565,4518.11,4506.23,4517.97
1766710800,4517.965,4531.515,4508.91,4510.495
1766711700,4510.475,4518.375,4506.76,4510.18
1766712600,4510.21,4515.805,4497.655,4507.18
1766713500,4507.275,4507.5,4500.07,4504.045
1766714400,4504.02,4507.91,4498.335,4506.485
1766715300,4506.59,4509.92,4501.905,4502.06
1766716200,4502.025,4502.655,4492.21,4499.415
1766717100,4499.44,4508.975,4498.59,4508.95
1766718000,4508.955,4511.97,4501.305,4511.97
1766718900,4512,4513.545,4502.96,4503.08
1766719800,4503.275,4503.815,4497.585,4503.01
1766720700,4502.985,4505.975,4500.55,4501.845
1766721600,4501.84,4510.055,4500.54,4507.915
1766722500,4507.96,4510.365,4504.835,4509.655
1766723400,4509.605,4511.855,4505.755,4508.14
1766724300,4508.07,4511.33,4506.785,4509.19
1766725200,4509.185,4511.62,4507.47,4509.265
1766726100,4509.25,4510.4,4506.13,4507.295
1766727000,4507.315,4514.98,4507.26,4512.085
1766727900,4512.315,4513.74,4509.745,4509.82
1766728800,4509.875,4513.62,4509.01,4512.79
1766729700,4512.815,4518.875,4512.585,4518.545
1766730600,4518.565,4519.55,4515.08,4518.65
1766731500,4518.66,4518.745,4508.045,4511.58
1766732400,4511.63,4515.17,4510.69,4514.555
1766733300,4514.565,4515.795,4508.135,4509.435
1766734200,4509.48,4513.13,4507.955,4508.275
1766735100,4508.285,4511.655,4507.435,4511.05
1766736000,4511.21,4515.06,4509.735,4515.045
1766736900,4515.025,4517.525,4514.29,4515.17
1766737800,4515.175,4517.38,4513.315,4514.685
1766738700,4514.67,4519.765,4514.22,4518.99
1766739600,4519.02,4520.7,4515.34,4515.99
1766740500,4516.02,4518.975,4515.22,4517.485
1766741400,4517.48,4518.41,4512.99,4513.92
1766742300,4513.915,4515.44,4512.005,4512.83
1766743200,4512.795,4519.645,4512.155,4518.925
1766744100,4518.96,4523.75,4517.08,4520.635
1766745000,4520.68,4522.205,4514.21,4515.285
1766745900,4515.32,4515.685,4511.255,4514.47
1766746800,4514.48,4515.28,4503.395,4509.935
1766747700,4509.95,4512.115,4503.82,4505.445
1766748600,4505.48,4509.325,4503.55,4507.835
1766749500,4507.9,4509.98,4502.91,4509.945
1766750400,4509.915,4511.205,4507.075,4510.88
1766751300,4510.865,4512.825,4508.445,4512.1
1766752200,4512.125,4515.17,4512.02,4512.69
1766753100,4512.71,4514.21,4506.785,4508.93
1766754000,4508.885,4515.36,4503.705,4514.64
1766754900,4514.72,4519.91,4512.82,4517.955
1766755800,4517.92,4528.885,4517.92,4522.05
1766756700,4522.065,4525.995,4515.17,4525.195
1766757600,4525.19,4527.215,4522.31,4526.005
1766758500,4526.02,4530.265,4523.315,4529.54
1766759400,4529.57,4533.235,4519.05,4521.38
1766760300,4521.385,4526.66,4512.795,4521.16
1766761200,4521.155,4530.785,4519.64,4527.305
1766762100,4527.31,4533.99,4526.06,4533.225
1766763000,4533.27,4545.595,4531.82,4538.195
1766763900,4538.185,4547.38,4537.29,4546.495
1766764800,4546.54,4550.15,4534.775,4539.005
1766765700,4538.98,4547.42,4537.14,4546.03
1766766600,4546.035,4546.54,4539.005,4539.555
1766767500,4539.605,4543.495,4531.34,4536.33
1766768400,4536.325,4537.65,4525.675,4526.065
1766769300,4526.205,4528.25,4516.82,4518.12
1766770200,4518.13,4520.47,4510.025,4516.51
1766771100,4516.535,4524.905,4512.365,4519.07
1766772000,4519.055,4521.74,4514.705,4517.715
1766772900,4517.645,4524.7,4516.01,4519.145
1766773800,4519.11,4530.44,4516.13,4529.595
1766774700,4529.61,4532.785,4527.69,4531.155
1766775600,4531.22,4534.52,4524.91,4533.835
1766776500,4533.84,4535.795,4528.73,4529.785
1766777400,4529.695,4530.28,4521.9,4525.36
1766778300,4525.385,4527.005,4519.925,4523.81
1766779200,4523.82,4534.055,4522.955,4532.96
1766780100,4532.99,4535.74,4521.685,4523.795
1766781000,4523.7,4531.365,4522.665,4530.54
1766781900,4530.435,4533.4,4525.595,4531.05
1766782800,4530.985,4533.14,4527.205,4528.61
1766783700,4528.565,4533.1,4528.28,4531.585
1766784600,4531.555,4534.825,4529.7,4532.36
1766785500,4532.365,4534.52,4529.37,4533.21
1766962800,4542.66,4548.35,4523.05,4533.5
1766963700,4533.375,4542.055,4532.02,4536.06
1766964600,4536.07,4540.31,4530.76,4532.585
1766965500,4532.575,4534.81,4525.79,4527.08
1766966400,4527.135,4527.98,4514.605,4523.845
1766967300,4523.875,4523.885,4481.825,4486.75
1766968200,4486.705,4503.385,4472.25,4489.425
1766969100,4489.345,4507.1,4489.025,4497.3
1766970000,4497.305,4514.715,4492.375,4512.425
1766970900,4512.42,4517.59,4495.92,4499.44
1766971800,4499.435,4507.85,4492.295,4501.81
1766972700,4501.83,4507.03,4494.995,4497.325
1766973600,4497.325,4509.555,4496.45,4507.14
1766974500,4507.125,4514.49,4504.16,4512.635
1766975400,4512.63,4515.86,4508.935,4511.96
1766976300,4511.945,4516.02,4509.38,4512.425
1766977200,4512.465,4518.955,4509.445,4515.42
1766978100,4515.32,4518.505,4512.27,4512.865
1766979000,4512.91,4520.61,4512.85,4516.52
1766979900,4516.51,4517.565,4513.715,4516.67
1766980800,4516.48,4517.14,4508.005,4515.295
1766981700,4515.32,4516.36,4511.02,4514.335
1766982600,4514.34,4519.74,4513.135,4515.985
1766983500,4516.005,4516.67,4513.58,4515.825
1766984400,4515.66,4515.68,4510.02,4514.575
1766985300,4514.59,4515.88,4510.92,4514.045
1766986200,4514.045,4519.595,4512.125,4516.51
1766987100,4516.545,4517.76,4504.925,4506.665
1766988000,4506.545,4510.74,4500.12,4506.11
1766988900,4506.075,4507.23,4489.165,4490.71
1766989800,4490.775,4497.915,4484.435,4487.145
1766990700,4487.12,4488.14,4471.325,4475.105
1766991600,4475.05,4476.665,4445.115,4473.165
1766992500,4473.17,4481.685,4471.325,4471.48
1766993400,4471.405,4479.765,4470.205,4473.695
1766994300,4473.91,4478.715,4473.115,4474.775
1766995200,4474.86,4486.12,4466.345,4483.865
1766996100,4483.84,4488.6,4479.99,4480.045
1766997000,4480.055,4480.71,4469.94,4470.1
1766997900,4470.1,4472.105,4452.68,4461.035
1766998800,4461.08,4468.155,4459.27,4467.77
1766999700,4467.7,4469.03,4462.23,4465.875
1767000600,4465.875,4476.035,4460.385,4475.92
1767001500,4475.95,4476.545,4469.115,4472.18
1767002400,4472.165,4474.68,4469.115,4471.455
1767003300,4471.5,4472.57,4462.605,4462.73
1767004200,4462.705,4463.94,4456.935,4460.165
1767005100,4460.125,4463.575,4458.425,4460.935
1767006000,4460.93,4461.14,4455.89,4458.36
1767006900,4458.275,4468.02,4457.8,4465.385
1767007800,4465.37,4465.98,4434.12,4453.23
1767008700,4453.175,4453.705,4441.85,4446.885
1767009600,4446.995,4456.36,4445.75,4452.8
1767010500,4452.84,4457.26,4451.89,4456.895
1767011400,4456.905,4464.69,4454.9,4462.615
1767012300,4462.61,4464.985,4460.8,4464.415
1767013200,4464.41,4467.7,4456.8,4457.74
1767014100,4457.745,4460.02,4445.575,4451.86
1767015000,4451.885,4455.05,4425.425,4429.7
1767015900,4429.675,4429.675,4407.145,4421.735
1767016800,4421.665,4421.665,4386.365,4398.635
1767017700,4398.645,4405.735,4386.925,4389.945
1767018600,4389.96,4390.34,4356.765,4373.76
1767019500,4373.755,4384.79,4358.945,4360.275
1767020400,4360.38,4360.61,4328.315,4343.27
1767021300,4343.225,4343.29,4302.11,4319.615
1767022200,4319.305,4337.1,4316.85,4331.6
1767023100,4331.61,4339.975,4322.46,4325.455
1767024000,4325.42,4342.805,4323.575,4334.2
1767024900,4334.195,4337.79,4324.41,4334.425
1767025800,4334.33,4342.635,4329.025,4335.07
1767026700,4335.055,4347.435,4334.67,4341.59
1767027600,4341.73,4343.34,4325.69,4330.21
1767028500,4330.135,4333.805,4322.81,4329.37
1767029400,4329.395,4330.09,4315.015,4320.07
1767030300,4320.04,4329.565,4319.845,4328.255
1767031200,4328.35,4333.495,4325.875,4329.755
1767032100,4329.895,4334.86,4322.83,4327.95
1767033000,4327.925,4334.22,4326.23,4330.275
1767033900,4330.31,4332.325,4328.19,4331.38
1767034800,4331.39,4335.675,4327.615,4335.39
1767035700,4335.395,4336.58,4328.58,4330.575
1767036600,4330.82,4335.705,4330.24,4332.285
1767037500,4332.43,4337.9,4331.02,4336.925
1767038400,4336.88,4344.695,4336.585,4342.335
1767039300,4342.4,4342.835,4337.06,4340.89
1767040200,4340.885,4341.565,4325.735,4333.525
1767041100,4333.51,4335.905,4329.035,4334.76
1767042000,4334.97,4339.64,4328.495,4336.325
1767042900,4336.32,4338.185,4330.875,4331.765
1767043800,4331.755,4332.735,4327.765,4329.98
1767044700,4329.97,4333.15,4329.72,4332.56
1767049200,4341.72,4347.59,4340.02,4340.88
1767050100,4340.855,4341.045,4323.42,4334.065
1767051000,4334.09,4337.515,4331.205,4337.215
1767051900,4337.035,4347.235,4336.46,4345.945
1767052800,4345.945,4347.665,4338.26,4346.95
1767053700,4346.885,4350.855,4343.78,4349.265
1767054600,4349.405,4349.405,4339.745,4340.64
1767055500,4340.75,4342.865,4334.62,4339.995
1767056400,4339.975,4340.26,4324.65,4335.12
1767057300,4335.105,4343.39,4334.965,4336.71
1767058200,4336.705,4349.715,4331.935,4347.095
1767059100,4347.105,4360.405,4346.61,4360.37
1767060000,4360.36,4362.165,4351.85,4355.405
1767060900,4355.41,4358.05,4352.48,4354.86
1767061800,4354.915,4357.11,4348.805,4354.45
1767062700,4354.435,4364.93,4354.38,4362.75
1767063600,4362.73,4365.415,4357.205,4360.935
1767064500,4360.925,4369.19,4358.93,4368.16
1767065400,4368.195,4368.995,4361.185,4363.485
1767066300,4363.5,4364.99,4356.41,4359.305
1767067200,4359.265,4362.42,4357.635,4361.495
1767068100,4361.47,4365.89,4360.665,4363.255
1767069000,4363.25,4370.125,4362.34,4366.98
1767069900,4366.96,4367.325,4362.355,4363.595
1767070800,4363.735,4364.98,4358.925,4364.16
1767071700,4364.18,4376.445,4362.535,4372.465
1767072600,4372.41,4380.23,4372.11,4374.95
1767073500,4374.925,4379.795,4372.77,4377.585
1767074400,4377.535,4378.56,4372.7,4373.29
1767075300,4373.355,4374.015,4364.11,4366.505
1767076200,4366.51,4369.945,4360.295,4362.005
1767077100,4362,4366.635,4360.055,4364.665
1767078000,4364.685,4369.01,4359.085,4368.98
1767078900,4368.975,4372.58,4365.855,4368.335
1767079800,4368.34,4377.22,4368.255,4377.11
1767080700,4377.09,4383.445,4370.215,4372.42
1767081600,4372.51,4373.875,4363.65,4370.505
1767082500,4370.49,4371.54,4352.01,4353.665
1767083400,4353.7,4360.655,4350.49,4359.37
1767084300,4359.38,4366.485,4354.405,4365.085
1767085200,4365.045,4373.965,4364.3,4373.255
1767086100,4373.23,4376.785,4367.98,4368.595
1767087000,4368.59,4371.93,4367.47,4368.505
1767087900,4368.545,4374.13,4367.705,4372.345
1767088800,4372.28,4376.475,4368.01,4376.07
1767089700,4376.105,4383.035,4374.905,4382.425
1767090600,4382.365,4391.91,4381.955,4382.735
1767091500,4382.7,4385.69,4378.73,4384.88
1767092400,4385.13,4390.535,4385.13,4387.135
1767093300,4387.18,4389.84,4385.94,4389.12
1767094200,4389.135,4389.585,4383.84,4384.92
1767095100,4384.925,4385.465,4381.365,4384.38
1767096000,4384.405,4397.49,4383.5,4396.21
1767096900,4396.275,4399.505,4391.6,4393.755
1767097800,4393.73,4402.85,4393.005,4399.715
1767098700,4399.73,4402.12,4396.47,4401.24
1767099600,4401.265,4404.375,4397.27,4399.38
1767100500,4399.46,4399.46,4390.115,4393.755
1767101400,4393.815,4393.865,4376.27,4379.325
1767102300,4379.35,4389.7,4376.335,4388.55
1767103200,4388.565,4390.835,4382.64,4386.045
1767104100,4386.04,4391.415,4381.06,4390.755
1767105000,4390.765,4392.34,4364.535,4371.33
1767105900,4371.425,4372.52,4355.865,4366.11
1767106800,4366.095,4373.19,4360.975,4369.22
1767107700,4369.27,4377.54,4365.025,4366.415
1767108600,4366.45,4374.78,4359.665,4362.625
1767109500,4362.64,4371.16,4361.26,4365.52
1767110400,4365.485,4365.655,4355.145,4358.68
1767111300,4358.73,4371.825,4357.815,4369.135
1767112200,4369.18,4369.23,4362.335,4367.265
1767113100,4367.23,4379.955,4366.36,4377.78
1767114000,4377.745,4382.125,4373.54,4373.595
1767114900,4373.54,4376.95,4368.58,4375.075
1767115800,4375.1,4376.43,4364.85,4368.545
1767116700,4368.64,4370.885,4364.27,4370.32
1767117600,4370.325,4378.865,4368.98,4371.285
1767118500,4371.3,4372.48,4366.255,4371.18
1767119400,4371.2,4371.39,4362.735,4366.13
1767120300,4366.145,4367.625,4363.175,4364.84
1767121200,4364.845,4368.07,4363.53,4366.77
1767122100,4366.83,4367.96,4364.17,4366.195
1767123000,4366.21,4366.73,4360.165,4362.815
1767123900,4362.825,4363.05,4337.29,4348.82
1767124800,4348.87,4350.46,4338.36,4348.395
1767125700,4348.405,4353.1,4346.295,4350.595
1767126600,4350.565,4355.69,4346.14,4349.075
1767127500,4349.13,4351.985,4337.955,4341.83
1767128400,4342.01,4350.665,4341.01,4348.605
1767129300,4348.6,4349.175,4346.615,4346.665
1767130200,4346.71,4349.615,4346.37,4348.915
1767131100,4348.825,4349.585,4334.8,4339.395
1767135600,4341.77,4346.755,4340.4,4346.11
1767136500,4346.115,4346.19,4332.38,4334.285
1767137400,4334.28,4343.05,4328.125,4339.715
1767138300,4339.575,4339.775,4333.38,4339.12
1767139200,4339.07,4344.175,4338.985,4341.715
1767140100,4341.56,4343.265,4332.985,4336.855
1767141000,4336.825,4346.63,4332.765,4342.66
1767141900,4342.72,4344.235,4336.47,4342.515
1767142800,4342.5,4356.095,4336.85,4353.505
1767143700,4353.48,4360.82,4349.445,4354.835
1767144600,4354.725,4370.175,4354.415,4369.045
1767145500,4369.13,4373.59,4365.43,4365.995
1767146400,4365.955,4371.425,4361.2,4362.145
1767147300,4362.15,4364.23,4357.765,4361.315
1767148200,4361.49,4371.33,4357.82,4370.455
1767149100,4370.44,4370.94,4346.635,4348.905
1767150000,4348.95,4359.86,4343.62,4359.525
1767150900,4359.545,4359.91,4341.075,4348.675
1767151800,4348.645,4353.95,4346.37,4352.04
1767152700,4352.06,4352.675,4345.57,4348.66
1767153600,4348.685,4351.375,4344.92,4348.435
1767154500,4348.43,4348.69,4342.41,4346.445
1767155400,4346.435,4348.37,4342.66,4343.285
1767156300,4343.31,4346.335,4330.69,4332.865
1767157200,4332.865,4334.84,4329.295,4334.785
1767158100,4334.715,4343.155,4332.95,4342.645
1767159000,4342.69,4343.22,4316.545,4324.995
1767159900,4324.945,4327.77,4276.685,4285.815
1767160800,4286.105,4301.495,4274.025,4299.26
1767161700,4299.295,4309.28,4292.355,4307.86
1767162600,4307.73,4317.65,4304.98,4314.49
1767163500,4314.485,4329.415,4312.12,4328.065
1767164400,4328.135,4332.47,4323.755,4330.76
1767165300,4330.75,4335.23,4329.055,4333.04
1767166200,4333.075,4334.865,4330.475,4332.1
1767167100,4332.115,4332.72,4326.785,4331.12
1767168000,4331.16,4333.105,4320.285,4323.03
1767168900,4323.06,4327.665,4322.11,4326.11
1767169800,4326.09,4326.51,4317.06,4317.225
1767170700,4317.235,4317.89,4303.325,4307.74
1767171600,4307.71,4318.265,4307.325,4317.135
1767172500,4317.11,4327.715,4310.965,4324
1767173400,4323.935,4337.48,4323.605,4336.125
1767174300,4336.11,4337.345,4325.25,4325.66
1767175200,4325.675,4331.455,4324.63,4327.145
1767176100,4327.01,4330.38,4319.685,4319.895
1767177000,4319.88,4319.88,4305.1,4307.245
1767177900,4307.235,4311.265,4303.42,4306.705
1767178800,4306.605,4315.35,4304.215,4313.915
1767179700,4313.955,4316.07,4309.945,4311.545
1767180600,4311.52,4313.965,4307.935,4312.92
1767181500,4312.91,4316.735,4309.66,4311.26
1767182400,4311.2,4312.845,4305.685,4309.18
1767183300,4309.185,4310.955,4303.255,4307.14
1767184200,4307.2,4318.35,4306.75,4317.37
1767185100,4317.365,4317.515,4310.9,4313.99
1767186000,4313.995,4317.125,4308.205,4311.73
1767186900,4311.755,4329.575,4311.46,4328.86
1767187800,4328.545,4335.01,4325.86,4332.975
1767188700,4332.98,4348.395,4332.065,4346.105
1767189600,4345.995,4348.74,4334.735,4340.32
1767190500,4340.305,4344.965,4332.865,4337.17
1767191400,4337.12,4349.06,4332.825,4344.17
1767192300,4344.19,4353.445,4342.555,4346.03
1767193200,4345.97,4346.285,4329.43,4331.885
1767194100,4331.84,4338.82,4327.005,4337.28
1767195000,4337.355,4341.565,4328.925,4331.145
1767195900,4331.095,4338.22,4327.285,4337.61
1767196800,4337.675,4339.95,4321.9,4324.19
1767197700,4324.16,4329.9,4321.89,4325.565
1767198600,4325.6,4329.855,4319.195,4319.93
1767199500,4319.925,4324.9,4317.235,4323.16
1767200400,4323.175,4328.525,4320.77,4323.745
1767201300,4323.775,4325.055,4318.33,4320.875
1767202200,4320.845,4329.715,4319.2,4325.695
1767203100,4325.68,4327.22,4320.23,4322.085
1767204000,4322.005,4328.025,4321.865,4327.755
1767204900,4327.79,4331.78,4323.9,4328.635
1767205800,4328.61,4329.13,4318.755,4322.11
1767206700,4322.14,4322.225,4315.91,4319.815
1767207600,4319.975,4323.08,4315.85,4317.995
1767208500,4318,4320.055,4316.785,4317.74
1767209400,4317.765,4318.155,4307.94,4311.07
1767210300,4311.04,4314.365,4308.845,4311.55
1767211200,4311.56,4315.76,4304.645,4315.115
1767212100,4315.12,4319.2,4313.075,4315.06
1767213000,4315.04,4324.915,4314.585,4321.395
1767213900,4321.41,4322.025,4307.15,4313.575
1767214800,4313.67,4314.95,4310.795,4313.315
1767215700,4313.335,4313.34,4307.465,4310.285
1767216600,4310.265,4316.805,4309.725,4315.085
1767217500,4315.095,4322.61,4314.13,4322.61
1767308400,4326.405,4335.725,4326.285,4331.315
1767309300,4331.215,4343.405,4328.38,4341.08
1767310200,4341.165,4345.925,4338.755,4345.295
1767311100,4345.345,4351.665,4342.06,4348.26
1767312000,4348.245,4353.52,4344.375,4348.28
1767312900,4348.15,4349.7,4341.61,4347.295
1767313800,4347.335,4350.925,4346.58,4349.68
1767314700,4349.66,4355.885,4349.655,4354.055
1767315600,4354,4355.825,4345.55,4346.895
1767316500,4347.01,4350.135,4344.68,4349.19
1767317400,4349.17,4351.485,4345.71,4346.695
1767318300,4346.635,4354.755,4346.155,4348.095
1767319200,4348.105,4352.29,4345.88,4347.165
1767320100,4347.28,4348.695,4345.32,4348.105
1767321000,4348.15,4353.44,4346.005,4351.515
1767321900,4351.5,4363.33,4351.22,4362.955
1767322800,4362.93,4372.055,4362.195,4369.3
1767323700,4369.28,4371.2,4365.845,4369.265
1767324600,4369.275,4375.025,4368.03,4373.885
1767325500,4373.91,4375.78,4372.23,4375.125
1767326400,4375.145,4378.665,4373.925,4374.985
1767327300,4374.98,4376.175,4371.605,4373.915
1767328200,4373.885,4375.58,4371.795,4375.435
1767329100,4375.425,4375.97,4371.285,4373.16
1767330000,4373.17,4380.225,4371.11,4377.725
1767330900,4377.74,4380.16,4375.415,4378.675
1767331800,4378.6,4379.94,4377.915,4378.915
1767332700,4378.91,4381.975,4378.355,4380.66
1767333600,4380.69,4380.88,4373.92,4375.255
1767334500,4375.23,4380.385,4373.67,4380.135
1767335400,4379.975,4380.105,4374.32,4374.32
1767336300,4374.29,4376.4,4373.325,4374.965
1767337200,4374.945,4378.18,4372.485,4377.5
1767338100,4377.495,4377.61,4372.05,4373.915
1767339000,4373.99,4380.915,4372.345,4375.98
1767339900,4375.955,4383.58,4375.465,4383.015
1767340800,4382.99,4386.71,4380.935,4385.17
1767341700,4385.115,4385.815,4381.74,4385.405
1767342600,4385.43,4390.755,4384.27,4390.675
1767343500,4390.665,4397.835,4386.75,4386.98
1767344400,4386.99,4391.25,4386.105,4390.18
1767345300,4390.17,4391.715,4383.405,4388.925
1767346200,4388.94,4390.065,4386.965,4388.895
1767347100,4389.01,4389.67,4385.03,4385.56
1767348000,4385.59,4388.635,4384.7,4388.235
1767348900,4388.23,4390.04,4385.755,4386.44
1767349800,4386.545,4396.785,4384.745,4393.9
1767350700,4393.89,4398.615,4393.855,4396.24
1767351600,4396.25,4397.96,4394.04,4395.22
1767352500,4395.215,4399.39,4394.315,4394.465
1767353400,4394.455,4395.815,4391.815,4395.145
1767354300,4395.14,4395.62,4390.83,4393.065
1767355200,4393.05,4397.415,4391.185,4395.395
1767356100,4395.385,4398.44,4393.18,4393.55
1767357000,4393.48,4394.775,4385.25,4388.14
1767357900,4388.175,4394.86,4385.54,4394.52
1767358800,4394.585,4401.32,4392.72,4399.705
1767359700,4399.72,4402.295,4373.28,4374.605
1767360600,4374.61,4377.625,4365.95,4372.765
1767361500,4372.705,4377.855,4362.165,4366.255
1767362400,4366.27,4372.955,4364.72,4370.27
1767363300,4370.28,4373.91,4366.99,4368.635
1767364200,4368.615,4370.61,4348.105,4356.74
1767365100,4356.705,4363.49,4352.49,4353.74
1767366000,4353.75,4357.455,4333.945,4340.95
1767366900,4340.945,4342.98,4330.475,4336.785
1767367800,4336.855,4346.95,4331.7,4346.195
1767368700,4346.19,4347.34,4333.775,4335.395
1767369600,4335.545,4337.535,4320.475,4322.725
1767370500,4322.74,4325.295,4315.195,4321.885
1767371400,4321.805,4328.24,4315.21,4325.865
1767372300,4325.86,4328.4,4321.505,4326.58
1767373200,4326.535,4333.415,4324.925,4330.34
1767374100,4330.315,4333.24,4324.19,4328.94
1767375000,4328.935,4331.42,4323.41,4326.615
1767375900,4326.545,4328.335,4322.88,4323.245
1767376800,4323.085,4323.83,4312.465,4314.645
1767377700,4314.75,4321.77,4310.915,4318.755
1767378600,4318.995,4319.81,4309.915,4312.735
1767379500,4312.865,4315.915,4312.275,4315.405
1767380400,4315.835,4322.395,4315.835,4321.705
1767381300,4321.685,4323.405,4316.465,4318.575
1767382200,4318.635,4326.355,4318.3,4322.735
1767383100,4322.765,4322.93,4317.505,4318.2
1767384000,4318.175,4321.735,4317.38,4320.185
1767384900,4319.955,4329.46,4318.895,4328.49
1767385800,4328.465,4329.46,4325.34,4327
1767386700,4327.02,4331.76,4326.475,4331.685
1767387600,4331.765,4332.02,4326.88,4328.92
1767388500,4328.835,4329.885,4327.735,4328.955
1767389400,4328.9,4330.5,4327.4,4328.69
1767390300,4328.635,4333.725,4328.44,4332.065
1767567600,4356.505,4370.945,4349.355,4370.31
1767568500,4370.335,4372.61,4361.31,4367.225
1767569400,4367.205,4367.205,4354.51,4362.375
1767570300,4362.325,4375.995,4361.485,4372.725
1767571200,4372.71,4380.01,4370.425,4377.865
1767572100,4377.855,4389.475,4377.56,4386.96
1767573000,4386.91,4396.71,4385.635,4387.98
1767573900,4387.91,4396.335,4384.905,4395.29
1767574800,4395.28,4421.605,4394.625,4402.97
1767575700,4402.94,4405.185,4394.045,4396.29
1767576600,4396.34,4405.35,4392.97,4404.485
1767577500,4404.495,4407.17,4391.06,4402.2
1767578400,4402.08,4405.365,4388.575,4394.305
1767579300,4394.455,4403.08,4392.655,4402.425
1767580200,4402.335,4407.07,4399.925,4400.045
1767581100,4400.035,4409.505,4398.76,4405.435
1767582000,4405.49,4414.165,4405.395,4410.755
1767582900,4410.825,4412.59,4406.09,4407.565
1767583800,4407.455,4410.68,4403.345,4409.685
1767584700,4409.675,4410.4,4399.805,4399.98
1767585600,4399.965,4404.535,4397.25,4400.105
1767586500,4400.125,4406.52,4400.05,4405.01
1767587400,4405.035,4407.785,4404.315,4405.92
1767588300,4405.94,4408.46,4403.63,4404.31
1767589200,4404.225,4409.15,4403.695,4408.285
1767590100,4408.24,4412.88,4407.035,4412.685
1767591000,4412.67,4414.705,4401.745,4401.81
1767591900,4401.795,4412.69,4401.035,4412.46
1767592800,4412.46,4420.275,4411.565,4418.225
1767593700,4418.215,4426.45,4415.525,4424.045
1767594600,4424.075,4426.52,4416.31,4420.125
1767595500,4420.345,4422.375,4418.075,4420.65
1767596400,4420.635,4424.1,4416.875,4420.22
1767597300,4420.195,4423.5,4419.005,4420.5
1767598200,4420.495,4425.14,4418.57,4424.565
1767599100,4424.595,4424.595,4419.96,4421.79
1767600000,4421.73,4425.23,4419.31,4424.335
1767600900,4424.34,4430.16,4424.3,4426.635
1767601800,4426.57,4431.25,4423.615,4430.19
1767602700,4430.225,4434.02,4430.145,4430.25
1767603600,4430.205,4432.23,4426.17,4430.77
1767604500,4430.785,4434.63,4430.02,4432.75
1767605400,4432.785,4438.335,4431.02,4437.615
1767606300,4437.665,4438.175,4433.875,4434.865
1767607200,4434.85,4435.38,4430.86,4433.095
1767608100,4433.12,4436.755,4431.37,4433.175
1767609000,4433.06,4439.295,4432.725,4435.155
1767609900,4435.255,4440.055,4434.31,4436.48
1767610800,4436.515,4437.755,4430.36,4433.205
1767611700,4433.42,4433.685,4410.805,4417.19
1767612600,4417.225,4424.59,4415.17,4424.125
1767613500,4424.07,4426.135,4418.165,4419.265
1767614400,4419.01,4421.51,4416.65,4417.96
1767615300,4417.91,4418.645,4413.83,4415.66
1767616200,4415.69,4417.265,4406.285,4410.125
1767617100,4410.05,4412.405,4405.52,4409.705
1767618000,4409.785,4418.99,4407.225,4409.295
1767618900,4409.28,4413.55,4397.09,4399.72
1767619800,4399.86,4414.395,4396.485,4412.155
1767620700,4412.15,4417.31,4411.51,4416.965
1767621600,4417.025,4428.595,4417.025,4426.36
1767622500,4426.355,4429.82,4420.435,4421.255
1767623400,4421.12,4430.215,4417.785,4429.695
1767624300,4429.605,4442.765,4427.925,4436.28
1767625200,4436.77,4455.77,4436.77,4449.35
1767626100,4449.255,4452.605,4442.305,4444.6
1767627000,4444.615,4447.885,4435.56,4447.455
1767627900,4447.475,4450.1,4440.46,4448.5
1767628800,4448.48,4451.49,4438.195,4446.6
1767629700,4446.675,4448.875,4440.125,4440.79
1767630600,4440.75,4446.055,4440.155,4445.145
1767631500,4445.07,4454.415,4440.935,4441.93
1767632400,4441.955,4442.535,4432.535,4442.485
1767633300,4442.505,4449.255,4442.355,4445.975
1767634200,4445.94,4447.645,4437.835,4439.555
1767635100,4439.57,4445.745,4439.145,4443.615
1767636000,4443.55,4448.295,4441.99,4447.265
1767636900,4447.25,4448.59,4439.795,4441.31
1767637800,4441.235,4445.87,4441.025,4443.525
1767638700,4443.56,4448.605,4442.64,4448.605
1767639600,4448.595,4449.45,4434.855,4440.17
1767640500,4440.055,4443.015,4437.745,4441.92
1767641400,4441.88,4445.92,4441.32,4442.655
1767642300,4442.66,4444.15,4438.55,4439.735
1767643200,4439.705,4445.425,4439.025,4443.895
1767644100,4443.915,4447.105,4442.775,4445.8
1767645000,4445.76,4445.805,4438.24,4438.25
1767645900,4438.33,4445.935,4438.295,4444.795
1767646800,4444.815,4448.21,4444.815,4447.08
1767647700,4446.94,4447.04,4443.33,4445.425
1767648600,4445.45,4448.25,4445.36,4446.045
1767649500,4446.04,4449.54,4445.28,4449.17
1767654000,4454.8,4460.285,4451.335,4451.475
1767654900,4451.455,4453.685,4448.58,4448.945
1767655800,4449.12,4450.31,4438.9,4443.32
1767656700,4443.31,4444.495,4436.865,4440.675
1767657600,4440.635,4441.765,4436.425,4440.395
1767658500,4440.425,4442.74,4439.415,4440.95
1767659400,4440.985,4444.77,4430.28,4436.835
1767660300,4436.86,4438.495,4434.77,4436.75
1767661200,4436.76,4442.635,4427.635,4442.025
1767662100,4442.065,4444.48,4433.83,4435.22
1767663000,4435.285,4443.615,4432.905,4439.475
1767663900,4439.46,4452.595,4438.655,4450.89
1767664800,4450.905,4460.525,4448.72,4459.535
1767665700,4459.54,4460.89,4456.525,4460.405
1767666600,4460.37,4461.385,4448.77,4453.755
1767667500,4453.695,4457.835,4451.98,4455.17
1767668400,4455.175,4465.84,4454.385,4462.765
1767669300,4462.735,4468.16,4461.945,4463.745
1767670200,4463.765,4467.845,4463.23,4466.345
1767671100,4466.255,4468.27,4464.685,4467.7
1767672000,4467.68,4468.655,4464.71,4465.735
1767672900,4465.665,4467.59,4463.395,4464.875
1767673800,4464.94,4466.57,4461.805,4462.9
1767674700,4462.895,4468.67,4462.645,4467.57
1767675600,4467.535,4469.785,4467.09,4467.315
1767676500,4467.265,4470.815,4466.805,4469.96
1767677400,4469.93,4474.265,4461.775,4463.315
1767678300,4463.305,4464.83,4449.51,4452.505
1767679200,4452.495,4458.63,4451.56,4457.045
1767680100,4457.095,4461.54,4455.615,4461.405
1767681000,4461.31,4465.96,4459.295,4463.665
1767681900,4463.61,4467.09,4461.275,4465.92
1767682800,4465.86,4470.4,4464.265,4468.55
1767683700,4468.54,4469.89,4461.655,4464.65
1767684600,4464.64,4467.35,4463.55,4464.725
1767685500,4464.575,4466.57,4457.115,4459.47
1767686400,4459.475,4463.78,4457.37,4462.215
1767687300,4462.205,4475.79,4461.97,4470.895
1767688200,4470.9,4472.56,4464.435,4465.72
1767689100,4465.735,4469.465,4464.965,4468.305
1767690000,4468.295,4468.46,4453.875,4458.3
1767690900,4458.305,4458.535,4452.18,4456.87
1767691800,4456.835,4457.2,4453.815,4456.06
1767692700,4455.925,4456.37,4444.91,4446.58
1767693600,4446.555,4452.55,4442.665,4450.365
1767694500,4450.29,4452.77,4448.755,4450.205
1767695400,4450.2,4455.99,4448.52,4451.085
1767696300,4451.05,4453.34,4449.375,4451.875
1767697200,4451.86,4453.25,4449.94,4450.89
1767698100,4450.875,4455.895,4448.78,4455.635
1767699000,4455.645,4462.485,4455.015,4462.32
1767699900,4462.285,4464.705,4459.875,4463.525
1767700800,4463.515,4464.85,4461.745,4462.37
1767701700,4462.345,4465.88,4461.61,4464.595
1767702600,4464.65,4466.565,4458.8,4461.975
1767703500,4461.995,4465.005,4459.71,4463.785
1767704400,4463.735,4468.175,4459.71,4465.59
1767705300,4465.6,4470.63,4457.44,4459.195
1767706200,4459.195,4462.295,4455.67,4461.21
1767707100,4461.23,4468.56,4453.965,4468.09
1767708000,4468.165,4472.71,4466.43,4471.8
1767708900,4471.79,4473.355,4464.405,4467.015
1767709800,4467.015,4483.205,4465.195,4479.515
1767710700,4479.505,4489.78,4479.5,4487.65
1767711600,4487.605,4491.205,4479.27,4480.125
1767712500,4480.135,4483.385,4473.82,4480.985
1767713400,4481.045,4482.085,4463.13,4475.625
1767714300,4475.625,4479.99,4471.67,4478.46
1767715200,4478.425,4483.235,4471.445,4478.93
1767716100,4478.95,4485.44,4477.775,4483.515
1767717000,4483.51,4489.045,4482.655,4488.17
1767717900,4488.165,4489.015,4484.405,4488.38
1767718800,4488.395,4490.415,4484.295,4488.485
1767719700,4488.545,4490.335,4486.155,4487.305
1767720600,4487.285,4490.08,4481.76,4484.125
1767721500,4484.135,4491.65,4483.48,4489.51
1767722400,4489.44,4491.74,4486.285,4491.26
1767723300,4491.245,4494.165,4484.205,4485.895
1767724200,4485.93,4487.885,4482.165,4486.26
1767725100,4486.245,4490.53,4486.15,4488.675
1767726000,4488.68,4489.52,4481.965,4482.2
1767726900,4482.215,4484.655,4477.49,4481.095
1767727800,4481.085,4483.785,4477.605,4481.66
1767728700,4481.675,4483.81,4479.19,4481.505
1767729600,4481.49,4486.97,4480.505,4485.445
1767730500,4485.45,4487.885,4484.855,4485.7
1767731400,4485.695,4490.195,4483.88,4489.88
1767732300,4489.955,4496.87,4488.645,4493.735
1767733200,4493.69,4494.48,4491.835,4491.94
1767734100,4491.955,4494.55,4491.91,4494
1767735000,4494.035,4497.005,4493.955,4496.235
1767735900,4496.21,4497.31,4493.915,4494.635
1767740400,4498.54,4499.54,4494.635,4497.57
1767741300,4497.58,4500.56,4496.98,4498.41
1767742200,4498.415,4499.57,4494.975,4495.345
1767743100,4495.265,4496.54,4492.305,4493.73
1767744000,4493.645,4494.66,4490.4,4493.37
1767744900,4493.52,4493.62,4489.6,4491.145
1767745800,4491.375,4494.71,4487.985,4489.805
1767746700,4489.8,4492.415,4482.36,4492.195
1767747600,4492.18,4496.115,4469,4471.25
1767748500,4471.45,4479.115,4470.795,4477.26
1767749400,4477.265,4477.975,4464.9,4468.575
1767750300,4468.565,4470.845,4460.985,4465.58
1767751200,4465.525,4475.615,4459.71,4472.435
1767752100,4472.415,4475.41,4468.32,4473.905
1767753000,4473.84,4478.47,4473.625,4475.895
1767753900,4475.88,4479.08,4473.765,4474.65
1767754800,4474.665,4477.235,4471.85,4474.94
1767755700,4474.99,4480.52,4472.82,4476.565
1767756600,4476.56,4479.16,4475.655,4478.485
1767757500,4478.5,4478.64,4473.885,4474.9
1767758400,4474.895,4476.06,4469.465,4470.72
1767759300,4470.695,4472.07,4466.185,4466.285
1767760200,4466.26,4468.67,4463.57,4465.165
1767761100,4465.015,4467.47,4463.885,4464.96
1767762000,4464.935,4467.13,4461.975,4465.935
1767762900,4465.95,4470.55,4465.325,4468.77
1767763800,4468.785,4469.495,4448.685,4452.395
1767764700,4452.375,4454.58,4443.24,4454.38
1767765600,4454.365,4459.305,4452.935,4456.145
1767766500,4456.14,4460.415,4452.22,4455.135
1767767400,4455.145,4455.73,4443.65,4446.705
1767768300,4446.73,4451.095,4441.445,4444.125
1767769200,4444.12,4451.135,4441.61,4450.52
1767770100,4450.525,4455.105,4448.5,4455.06
1767771000,4455.17,4460.245,4453.74,4459.1
1767771900,4459.09,4465.065,4458.765,4461.185
1767772800,4461.16,4466.68,4459.53,4465.995
1767773700,4466.145,4468.86,4463.8,4465.245
1767774600,4465.205,4474.875,4464.11,4466.77
1767775500,4466.715,4470.88,4465.52,4468.42
1767776400,4468.425,4468.7,4459.495,4466.015
1767777300,4466.04,4467.48,4461.695,4461.855
1767778200,4461.78,4464.68,4461.045,4461.52
1767779100,4461.505,4465.93,4460.045,4463.59
1767780000,4463.54,4465.82,4461.445,4464.845
1767780900,4464.84,4466.815,4458.895,4460.065
1767781800,4459.995,4467.315,4459.085,4466.05
1767782700,4465.89,4467.745,4463.76,4464.415
1767783600,4464.405,4465.115,4461.245,4461.865
1767784500,4461.86,4464.4,4455.255,4459.245
1767785400,4459.31,4460.3,4450.49,4450.51
1767786300,4450.625,4454.685,4446.62,4447.47
1767787200,4447.55,4450.315,4443.475,4445.825
1767788100,4445.8,4450.745,4439.45,4450.405
1767789000,4450.38,4455.23,4449.635,4450.07
1767789900,4450.055,4453.76,4445,4445.045
1767790800,4445.03,4450.06,4428.015,4433.375
1767791700,4433.475,4447.335,4429.91,4442.295
1767792600,4442.245,4450.855,4438.41,4445.34
1767793500,4445.375,4453.24,4444.605,4452.96
1767794400,4452.99,4454.52,4447.045,4447.255
1767795300,4447.14,4453.655,4442.715,4444.645
1767796200,4444.675,4452.405,4435.885,4444.245
1767797100,4444.19,4453.15,4440.86,4445.02
1767798000,4444.1,4444.66,4426.61,4426.87
1767798900,4426.895,4442.73,4423.385,4442.365
1767799800,4442.51,4452.485,4441.945,4442.125
1767800700,4442.145,4448.275,4440.555,4446.3
1767801600,4446.28,4450.645,4443.965,4447.13
1767802500,4447.145,4461.27,4444.59,4457.95
1767803400,4457.91,4468.23,4456.805,4467.89
1767804300,4467.775,4468.37,4461.87,4464.235
1767805200,4464.255,4465.375,4457.755,4460.085
1767806100,4460.095,4462.92,4457.125,4458.385
1767807000,4458.44,4461.4,4456.005,4456.87
1767807900,4456.885,4459.4,4449.705,4451.93
1767808800,4451.815,4452.945,4448.06,4450.03
1767809700,4450.065,4455.96,4447.135,4452.145
1767810600,4452.17,4459.05,4451.64,4456.435
1767811500,4456.425,4456.73,4450.105,4452.25
1767812400,4452.255,4455.375,4448.015,4449.805
1767813300,4449.82,4451.275,4445.545,4450.665
1767814200,4450.64,4457.33,4450.585,4453.295
1767815100,4453.33,4458.24,4452.04,4457.145
1767816000,4457.125,4459.67,4455.62,4458.53
1767816900,4458.49,4461.625,4456.17,4458.245
1767817800,4458.27,4460.57,4456.685,4456.91
1767818700,4456.885,4459.855,4450.725,4452.495
1767819600,4452.515,4454.9,4449.72,4454.175
1767820500,4454.205,4455.39,4452.14,4452.755
1767821400,4452.695,4454.615,4452.5,4453.265
1767822300,4453.215,4456.835,4452.875,4456.65
1767826800,4461.955,4462.74,4458.52,4459.69
1767827700,4459.7,4464.05,4459.095,4461.97
1767828600,4461.69,4462.97,4459.93,4461.715
1767829500,4461.57,4463.87,4459.87,4463.52
1767830400,4463.5,4466.155,4462.555,4465.83
1767831300,4466.015,4466.485,4453.925,4456.77
1767832200,4456.77,4458.82,4450.175,4451.49
1767833100,4451.435,4452.515,4446.825,4450.25
1767834000,4450.06,4460.42,4444.22,4457.375
1767834900,4457.56,4460.405,4454.495,4454.88
1767835800,4454.87,4457.765,4445.835,4447.58
1767836700,4447.59,4448.49,4441.935,4448.4
1767837600,4448.395,4449.61,4440.515,4446.815
1767838500,4446.665,4446.945,4441.04,4441.32
1767839400,4441.39,4442.81,4433.735,4441.945
1767840300,4441.95,4444.105,4437.43,4441.36
1767841200,4441.355,4445.9,4438.98,4442.75
1767842100,4442.85,4445.845,4437.49,4444.155
1767843000,4444.145,4446.565,4439.97,4442.07
1767843900,4442.075,4442.995,4438.175,4440.28
1767844800,4440.225,4440.55,4436.695,4440.42
1767845700,4440.405,4440.665,4436.54,4436.65
1767846600,4436.63,4438.805,4432.12,4432.2
1767847500,4432.245,4433.345,4430.235,4431.695
1767848400,4431.68,4432.535,4425.955,4427.465
1767849300,4427.47,4429.835,4422.755,4426.19
1767850200,4426.135,4426.97,4415.405,4418.77
1767851100,4418.755,4428.105,4415.935,4425.815
1767852000,4425.83,4429.565,4415.745,4421
1767852900,4420.99,4428.48,4418.595,4426.34
1767853800,4426.325,4437.82,4426.305,4435.86
1767854700,4435.88,4436.29,4430.13,4433.385
1767855600,4433.425,4439.765,4432.085,4436.1
1767856500,4436.08,4437.115,4430.795,4436.685
1767857400,4436.695,4436.915,4431.11,4431.495
1767858300,4431.5,4434.145,4428.415,4431.085
1767859200,4431.02,4433.625,4425.725,4425.94
1767860100,4425.9,4430.985,4425.52,4426.945
1767861000,4426.94,4428.73,4419.92,4421.34
1767861900,4421.335,4433.11,4421.08,4431.815
1767862800,4431.71,4435.51,4430.525,4430.985
1767863700,4430.98,4431.455,4426.1,4430.58
1767864600,4430.595,4435.125,4430.055,4433.26
1767865500,4433.295,4433.58,4429.095,4432.77
1767866400,4432.78,4432.88,4427.745,4429.475
1767867300,4429.475,4430.805,4423.035,4424.695
1767868200,4424.605,4435.035,4423.815,4432.705
1767869100,4432.705,4433.875,4430.055,4433.395
1767870000,4433.235,4433.235,4427.585,4428.6
1767870900,4428.56,4429.74,4424.83,4426.48
1767871800,4426.47,4428.29,4424.84,4426.595
1767872700,4426.505,4427.45,4422.275,4422.985
1767873600,4422.975,4423.185,4411.955,4412.445
1767874500,4412.44,4422.525,4407.835,4420.685
1767875400,4420.67,4431.44,4420.29,4429.085
1767876300,4429.09,4430.44,4426.285,4427.825
1767877200,4427.765,4429.865,4417.405,4420.565
1767878100,4420.625,4436.205,4420.515,4434.605
1767879000,4434.645,4435.84,4426.08,4433.485
1767879900,4433.47,4434.06,4421.515,4423.835
1767880800,4423.87,4428.12,4418.925,4423.345
1767881700,4423.325,4430.28,4419.435,4427.965
1767882600,4428.025,4435.64,4421.985,4426.07
1767883500,4426.15,4439.53,4425.9,4433.175
1767884400,4433.155,4449.245,4428.04,4447.99
1767885300,4447.965,4454.095,4443.31,4447.765
1767886200,4447.805,4455.595,4446.755,4453.4
1767887100,4453.475,4456.83,4447.695,4454.36
1767888000,4454.375,4458.155,4447.34,4447.39
1767888900,4447.4,4455.29,4447.035,4453.635
1767889800,4453.645,4464.705,4452,4460.985
1767890700,4460.975,4464.545,4457.83,4463.365
1767891600,4463.425,4465.745,4458.28,4460.105
1767892500,4460.08,4462.4,4457.715,4461.78
1767893400,4461.79,4463.605,4458.865,4461.415
1767894300,4461.415,4464.195,4459.195,4463.565
1767895200,4463.53,4463.53,4452.42,4453.955
1767896100,4453.905,4456.645,4449.475,4452.125
1767897000,4452.12,4453.84,4448.065,4452.32
1767897900,4452.325,4455.17,4449.455,4449.685
1767898800,4449.675,4451.36,4446.975,4447.395
1767899700,4447.48,4449.9,4444.715,4447.93
1767900600,4447.915,4452.975,4447.84,4451.74
1767901500,4451.72,4453,4449.695,4452.19
1767902400,4452.18,4459.065,4451.565,4458.255
1767903300,4458.285,4473.88,4457.53,4469.955
1767904200,4469.965,4478.18,4469.965,4473.6
1767905100,4473.61,4478.065,4471.97,4476.26
1767906000,4476.25,4479.71,4476.035,4477.845
1767906900,4477.875,4478.595,4472.665,4474.995
1767907800,4475.005,4475.845,4472.77,4474.3
1767908700,4474.24,4478.745,4473.725,4477.565
1767913200,4476.635,4479.735,4475.405,4476.97
1767914100,4477.035,4478.945,4475.105,4477.165
1767915000,4477.25,4477.53,4475.265,4475.84
1767915900,4475.855,4476.405,4472.675,4475.735
1767916800,4475.75,4476.81,4471.685,4471.73
1767917700,4471.775,4473.015,4463.455,4465.82
1767918600,4465.815,4468.82,4463.915,4467.85
1767919500,4467.94,4467.94,4460.085,4462.89
1767920400,4462.885,4465.73,4452.92,4459.17
1767921300,4459.18,4461.565,4453.115,4457.495
1767922200,4457.485,4463.61,4456.22,4462.69
1767923100,4462.655,4470.065,4462.555,4468.91
1767924000,4468.965,4476.615,4468.95,4472.03
1767924900,4472.05,4474.57,4470.16,4472.32
1767925800,4472.29,4475.675,4468.35,4473.36
1767926700,4473.395,4473.775,4465.7,4469.54
1767927600,4469.49,4470.13,4462.235,4464.37
1767928500,4464.395,4466.51,4461.135,4463.575
1767929400,4463.56,4465.59,4460.49,4463.895
1767930300,4463.975,4465.885,4463.64,4464.18
1767931200,4464.17,4465.7,4462.465,4462.635
1767932100,4462.645,4464.025,4460.83,4462.875
1767933000,4462.87,4464.86,4461.67,4463.285
1767933900,4463.29,4466.97,4461.985,4464.79
1767934800,4464.59,4466.94,4461.83,4463.195
1767935700,4463.21,4465.075,4458.295,4465.075
1767936600,4465.08,4471.905,4464.43,4467.54
1767937500,4467.53,4469.485,4465.685,4468.1
1767938400,4468.115,4471.04,4466.1,4467.43
1767939300,4467.42,4473.715,4466.205,4473.575
1767940200,4473.57,4475.905,4472.92,4475.23
1767941100,4475.245,4477.545,4472.83,4474.175
1767942000,4474.185,4475.54,4470.78,4471.42
1767942900,4471.435,4473.34,4468.81,4470.415
1767943800,4470.365,4472.92,4468.62,4471.635
1767944700,4471.65,4473.67,4469.4,4470.275
1767945600,4470.25,4477.05,4466.405,4474.325
1767946500,4474.445,4475.43,4472.33,4473.235
1767947400,4473.195,4473.87,4465.655,4466.785
1767948300,4466.795,4468.885,4464.2,4468.715
1767949200,4468.655,4475.18,4468.525,4474.845
1767950100,4474.85,4477.7,4473.24,4473.95
1767951000,4473.955,4475.205,4471.695,4471.785
1767951900,4472.005,4474.44,4470.79,4471.285
1767952800,4471.225,4474.3,4469.835,4472.04
1767953700,4472.02,4473.91,4469.065,4469.13
1767954600,4469.135,4472.505,4468.285,4469.325
1767955500,4469.23,4472.945,4467.12,4472.675
1767956400,4472.75,4474.92,4470.04,4472.205
1767957300,4472.21,4473.125,4470.605,4470.735
1767958200,4470.775,4472.02,4469.315,4470.76
1767959100,4470.65,4476.395,4468.775,4475.525
1767960000,4475.495,4480.615,4472.175,4474.185
1767960900,4474.285,4474.985,4467.13,4467.815
1767961800,4467.855,4468.855,4461.045,4466.255
1767962700,4466.265,4468.31,4463.75,4466.005
1767963600,4466.03,4473.89,4463.72,4467.605
1767964500,4467.6,4474.93,4462.03,4473.495
1767965400,4473.51,4492.135,4458.935,4487.06
1767966300,4487.15,4489,4478.86,4482.9
1767967200,4482.685,4496.71,4480.54,4489.41
1767968100,4489.395,4496.08,4483.855,4494.395
1767969000,4494.425,4498.425,4482.68,4487.905
1767969900,4487.915,4495.765,4479.135,4494.97
1767970800,4494.77,4500.42,4490.1,4496.605
1767971700,4496.635,4511.195,4493.48,4505.485
1767972600,4505.47,4517.25,4505.42,4514.44
1767973500,4514.475,4514.865,4508.585,4512.43
1767974400,4512.435,4514.46,4499.945,4503.225
1767975300,4503.22,4507.245,4500.245,4503.775
1767976200,4503.78,4506.925,4500.91,4504.705
1767977100,4504.645,4508.115,4501.76,4506.505
1767978000,4506.45,4511.815,4504.725,4508.995
1767978900,4508.98,4508.98,4501.89,4504.015
1767979800,4503.95,4510.295,4501.4,4502.09
1767980700,4502.06,4503.315,4482.01,4484.475
1767981600,4484.485,4493.455,4483.065,4492.955
1767982500,4492.96,4494.8,4489.8,4491.54
1767983400,4491.46,4504.635,4491.33,4502.445
1767984300,4502.44,4502.885,4495.42,4496.205
1767985200,4496.215,4498.21,4492.935,4497.17
1767986100,4497.175,4501.82,4496.795,4499.07
1767987000,4499.025,4500.325,4495.945,4496.9
1767987900,4496.91,4502.05,4496.91,4499.38
1767988800,4499.37,4507.265,4497.86,4506.92
1767989700,4506.905,4509.545,4503.285,4505.575
1767990600,4505.555,4506.09,4502.565,4504.115
1767991500,4504.14,4510.24,4503.85,4507.63
1767992400,4507.655,4508.71,4505.075,4508.25
1767993300,4508.29,4510.555,4507.58,4509.76
1767994200,4509.795,4511.47,4506.18,4510.25
1767995100,4510.215,4510.73,4508.34,4509.66
1768172400,4521.495,4530.885,4521.19,4529.89
1768173300,4529.87,4538.625,4529.21,4537.855
1768174200,4537.97,4544.96,4533.325,4542.445
1768175100,4542.425,4544.075,4538.565,4540.26
1768176000,4540.255,4554.53,4536.53,4553.52
1768176900,4553.495,4566.145,4551.275,4564.885
1768177800,4564.855,4594.28,4562.415,4591.535
1768178700,4591.6,4601.695,4588.36,4589.02
1768179600,4589.02,4595.135,4578.02,4581.815
1768180500,4581.82,4584.3,4574.22,4582.925
1768181400,4582.93,4584.605,4571.81,4573.58
1768182300,4573.33,4579.35,4570.19,4570.19
1768183200,4570.18,4575.05,4561.935,4567.065
1768184100,4567.07,4570.275,4564.495,4566.37
1768185000,4566.38,4579.165,4562.595,4578.99
1768185900,4579.06,4582.165,4573.6,4577.48
1768186800,4577.465,4580.515,4575.11,4578.71
1768187700,4578.735,4581.4,4576.415,4581.21
1768188600,4581.195,4581.51,4572.6,4572.825
1768189500,4572.83,4574.63,4567.79,4570.71
1768190400,4570.665,4571.355,4565.65,4568.825
1768191300,4568.83,4572.22,4567.195,4568.76
1768192200,4568.73,4570.14,4563.455,4567.985
1768193100,4567.975,4570.265,4566.22,4568.74
1768194000,4568.655,4572.125,4566.145,4570.185
1768194900,4570.19,4574.04,4569.735,4572.505
1768195800,4572.375,4583.04,4569.745,4581.85
1768196700,4581.94,4585.17,4578.9,4581.065
1768197600,4581.025,4581.12,4571.6,4572.795
1768198500,4572.85,4576.08,4569.88,4573.8
1768199400,4573.835,4576.55,4571.905,4574.53
1768200300,4574.535,4580,4574.02,4578.56
1768201200,4578.58,4584.205,4574.71,4583.49
1768202100,4583.48,4587.7,4578.985,4581.47
1768203000,4581.48,4585.51,4578.84,4583.83
1768203900,4583.845,4589.725,4583.24,4587.77
1768204800,4587.76,4589.52,4582.095,4583.49
1768205700,4583.505,4584.545,4579.535,4583.71
1768206600,4583.705,4589.63,4581.925,4585.695
1768207500,4585.73,4598.45,4585.085,4596.955
1768208400,4596.985,4597.785,4593.425,4597.2
1768209300,4597.18,4599.475,4594.175,4596.635
1768210200,4596.605,4597.16,4593.655,4595.57
1768211100,4595.6,4595.685,4587.84,4589.225
1768212000,4589.22,4593.565,4586.12,4592.3
1768212900,4592.31,4594.155,4588.97,4592.565
1768213800,4592.58,4594.74,4586.82,4589.865
1768214700,4589.86,4595.505,4589.72,4594.41
1768215600,4594.47,4595.015,4590.57,4591.05
1768216500,4591.06,4594.025,4583.905,4585.26
1768217400,4585.27,4592.125,4584.49,4592.08
1768218300,4592.12,4592.15,4581.75,4585.315
1768219200,4585.365,4586.88,4579.07,4582.265
1768220100,4582.255,4582.94,4578.485,4582.82
1768221000,4582.88,4586.98,4582.335,4586.34
1768221900,4586.35,4590.84,4585.46,4590.525
1768222800,4590.475,4609.5,4588.715,4606.67
1768223700,4606.675,4611.24,4604.455,4604.95
1768224600,4604.935,4613.26,4604.85,4609.02
1768225500,4609.14,4620.38,4607.87,4615.905
1768226400,4615.895,4617.45,4592.625,4596.435
1768227300,4596.42,4599.62,4585.07,4586.49
1768228200,4586.505,4611.53,4585.15,4604.245
1768229100,4604.215,4608.275,4597.435,4602.245
1768230000,4602.1,4619.41,4601.905,4617.6
1768230900,4617.565,4622.335,4610.365,4619.68
1768231800,4619.69,4627.61,4618.495,4623.535
1768232700,4623.53,4625.025,4618.06,4621.22
1768233600,4621.075,4629.915,4617.615,4629.26
1768234500,4629.165,4630.19,4619.815,4620.025
1768235400,4620.045,4623.355,4607.835,4612.42
1768236300,4612.41,4618.46,4612.15,4616.93
1768237200,4616.935,4618.515,4613.785,4615.43
1768238100,4615.4,4618.595,4611.96,4616.39
1768239000,4616.38,4617.05,4610.795,4613.265
1768239900,4613.31,4620.655,4613.215,4616.415
1768240800,4616.435,4618.68,4608.4,4608.465
1768241700,4608.48,4608.68,4600.345,4605.645
1768242600,4605.69,4610.985,4603.12,4605.965
1768243500,4606.01,4611.555,4603.785,4610.91
1768244400,4610.885,4614.81,4608.785,4613.98
1768245300,4614.015,4617.415,4612.835,4616.97
1768246200,4617,4618.985,4614.005,4616.435
1768247100,4616.42,4616.935,4609.32,4611.24
1768248000,4611.205,4611.795,4599.985,4603.125
1768248900,4603.145,4604.62,4599.73,4602.455
1768249800,4602.53,4604.805,4592.685,4592.88
1768250700,4592.965,4599.34,4591.66,4593.93
1768251600,4593.925,4597.15,4591.11,4592.71
1768252500,4592.695,4594.435,4590.91,4593.91
1768253400,4593.925,4595.33,4590.135,4590.56
1768254300,4590.57,4598.06,4589.415,4597.65
1768258800,4597.62,4597.62,4578.095,4578.445
1768259700,4578.305,4588.78,4578.305,4584.55
1768260600,4584.545,4590.24,4584.12,4586.28
1768261500,4586.275,4600,4586.2,4599.575
1768262400,4599.66,4599.89,4592.205,4592.905
1768263300,4592.96,4596.075,4588.08,4588.28
1768264200,4588.165,4590.85,4584.505,4586.34
1768265100,4586.345,4592.38,4586.275,4587.36
1768266000,4587.39,4595.955,4581.705,4592.545
1768266900,4592.58,4595.66,4581.515,4581.62
1768267800,4581.54,4587.33,4575.585,4583.325
1768268700,4583.385,4586.17,4577.675,4577.95
1768269600,4577.78,4590.705,4576.75,4586.685
1768270500,4586.68,4587.42,4583.655,4583.855
1768271400,4583.695,4590.315,4581.96,4589.275
1768272300,4589.295,4595.195,4589.09,4594.355
1768273200,4594.335,4599.845,4592.885,4597.945
1768274100,4597.89,4598.835,4594.945,4595.775
1768275000,4595.75,4598.36,4593.595,4594.045
1768275900,4594.12,4595.51,4592.585,4594.285
1768276800,4594.285,4598.06,4594.085,4597.775
1768277700,4597.715,4599.75,4596.74,4597.585
1768278600,4597.51,4599.885,4594.79,4599.16
1768279500,4599.085,4599.405,4596.12,4596.49
1768280400,4596.405,4598.52,4591.775,4594.5
1768281300,4594.495,4601.54,4594.37,4601.4
1768282200,4601.385,4602.195,4585.765,4594.305
1768283100,4594.305,4596.315,4591.2,4592.225
1768284000,4592.22,4592.48,4588.07,4590.415
1768284900,4590.41,4590.975,4582.4,4584.965
1768285800,4584.99,4586.13,4573.605,4576.065
1768286700,4576.02,4583.57,4575.44,4581.955
1768287600,4581.895,4585.52,4579.215,4584.925
1768288500,4584.935,4585.08,4578.955,4583.95
1768289400,4583.995,4587.275,4579.7,4580.405
1768290300,4580.44,4582.62,4577.54,4580.795
1768291200,4580.82,4591.75,4579.705,4587.88
1768292100,4587.72,4592.695,4584.97,4590.2
1768293000,4590.195,4597.095,4589.405,4593.575
1768293900,4593.665,4595.605,4591.88,4592.96
1768294800,4592.905,4595.845,4589.625,4594.12
1768295700,4594.115,4595.19,4587.995,4589.245
1768296600,4589.235,4592.1,4586.625,4590.675
1768297500,4590.665,4591.005,4585.695,4586.155
1768298400,4586.115,4586.92,4580.4,4583.645
1768299300,4583.605,4586.435,4581.01,4584.67
1768300200,4584.645,4588.37,4581.66,4587.28
1768301100,4587.315,4587.4,4584.865,4586.395
1768302000,4586.42,4589.07,4584.89,4584.905
1768302900,4584.9,4589.195,4582.13,4586.87
1768303800,4586.865,4589.975,4585.195,4589.93
1768304700,4589.93,4592.18,4586.375,4588.72
1768305600,4588.815,4589.38,4583.3,4583.665
1768306500,4583.68,4584.85,4577.925,4580.55
1768307400,4580.52,4586.33,4579.315,4585.955
1768308300,4585.95,4595.39,4585.565,4593.345
1768309200,4593.35,4606.4,4590.51,4602.68
1768310100,4602.715,4606.545,4599.505,4600.985
1768311000,4600.945,4620.605,4600.925,4618.105
1768311900,4618.055,4621.03,4607.24,4611.56
1768312800,4611.54,4619.17,4609.155,4618.9
1768313700,4618.885,4623.805,4614.62,4618.235
1768314600,4618.265,4626.155,4611.8,4625.99
1768315500,4625.91,4634.89,4622.745,4629.8
1768316400,4629.865,4630.365,4614.455,4621.66
1768317300,4621.445,4623.56,4600.83,4608.975
1768318200,4608.875,4616.265,4605.06,4614.805
1768319100,4614.81,4620.77,4613.01,4619.165
1768320000,4619.17,4620.875,4606.575,4612.585
1768320900,4612.545,4613.015,4592.94,4598.59
1768321800,4598.58,4609.525,4596.85,4608.905
1768322700,4608.87,4614.06,4607.495,4613.565
1768323600,4613.535,4616.09,4606.645,4608.515
1768324500,4608.505,4612.675,4606.465,4609.81
1768325400,4609.795,4612.205,4603.145,4604.51
1768326300,4604.55,4607.085,4586.825,4590.595
1768327200,4590.52,4594.505,4585.805,4594.475
1768328100,4594.53,4595.125,4581.175,4591.885
1768329000,4591.87,4600.755,4590.015,4600.36
1768329900,4600.365,4602.09,4594.14,4594.155
1768330800,4594.22,4595.805,4584.29,4595.71
1768331700,4595.705,4597.225,4584.63,4593.305
1768332600,4593.285,4598.99,4592.58,4596.1
1768333500,4596.125,4598.91,4590.685,4597.495
1768334400,4597.515,4597.855,4590.385,4592.985
1768335300,4592.995,4595.38,4587.85,4589
1768336200,4588.985,4589.36,4569.47,4585.245
1768337100,4585.265,4589.335,4582.47,4586.195
1768338000,4586.25,4589.51,4583.575,4583.705
1768338900,4583.72,4589.565,4582.975,4588.035
1768339800,4588.02,4589.575,4585.675,4589.115
1768340700,4589.145,4589.935,4585.94,4586.005
1768345200,4591.935,4596.04,4591.495,4596.015
1768346100,4596.025,4597.95,4593.115,4597.25
1768347000,4597.2,4597.37,4593.22,4594.315
1768347900,4594.355,4598.965,4593.76,4597.105
1768348800,4597.095,4607.76,4597.005,4605.255
1768349700,4605.25,4610.705,4603.09,4609.825
1768350600,4610.05,4610.755,4606.955,4608.705
1768351500,4608.73,4610.645,4604.73,4609.215
1768352400,4609.29,4617.175,4606.18,4615.515
1768353300,4615.485,4618.61,4611.99,4614.665
1768354200,4614.69,4618.91,4613.505,4614.935
1768355100,4614.95,4620.03,4613.57,4619.385
1768356000,4619.445,4620.95,4614.22,4618.48
1768356900,4618.48,4621.6,4616.81,4620.15
1768357800,4620.29,4622.695,4618.015,4621.435
1768358700,4621.37,4623.79,4618.215,4620.725
1768359600,4620.705,4622.995,4617.77,4618.23
1768360500,4618.265,4621.77,4613.51,4615.225
1768361400,4615.21,4625.69,4614.99,4624.175
1768362300,4624.1,4630.355,4623.24,4628.32
1768363200,4628.45,4630.455,4626.96,4627.615
1768364100,4627.61,4630.22,4625.35,4626.655
1768365000,4626.71,4630.035,4625.44,4628.14
1768365900,4628.12,4630.63,4627.025,4629.42
1768366800,4629.435,4639.72,4629.435,4633.955
1768367700,4633.95,4635.58,4631.035,4634.2
1768368600,4634.155,4639.89,4631.785,4636.5
1768369500,4636.505,4639.66,4617.945,4619.895
1768370400,4619.905,4635.245,4618.575,4633.6
1768371300,4633.6,4635.375,4630.965,4633.1
1768372200,4633.1,4633.41,4626.205,4630.74
1768373100,4630.655,4637.36,4630.655,4637.355
1768374000,4637.36,4638.5,4631.645,4632.95
1768374900,4633.02,4639.695,4632.05,4637.195
1768375800,4637.135,4638.525,4633.92,4636.76
1768376700,4636.795,4637.775,4632.47,4632.47
1768377600,4632.48,4634.27,4623.56,4627.445
1768378500,4627.5,4628.88,4621.65,4625.26
1768379400,4625.24,4632.835,4624.67,4632.425
1768380300,4632.43,4638.025,4631.665,4635.045
1768381200,4635.045,4639.34,4633.32,4638.48
1768382100,4638.62,4639.63,4636.41,4637.57
1768383000,4637.58,4637.795,4627.27,4627.66
1768383900,4627.645,4631.825,4627.08,4630.535
1768384800,4630.525,4632.55,4627.8,4631.705
1768385700,4631.815,4637.025,4631.815,4635
1768386600,4634.94,4638.33,4632.36,4635.81
1768387500,4635.82,4636.66,4631.27,4633.095
1768388400,4633.115,4636.66,4630.345,4635.48
1768389300,4635.515,4637.58,4629.235,4630.28
1768390200,4630.265,4632.71,4627.415,4630.825
1768391100,4630.685,4631.64,4626.175,4630.415
1768392000,4630.47,4638.72,4630.315,4635.755
1768392900,4635.72,4638.99,4634.085,4636.28
1768393800,4636.245,4638.28,4634.045,4634.655
1768394700,4634.64,4641.985,4633.74,4638.785
1768395600,4638.79,4641.74,4627.195,4628.69
1768396500,4628.675,4635.315,4627.385,4632.235
1768397400,4632.275,4637.47,4624.305,4636.96
1768398300,4636.965,4637.13,4629.61,4635.805
1768399200,4635.795,4639.07,4629.78,4634.335
1768400100,4634.395,4638.085,4631.215,4635.49
1768401000,4635.365,4635.365,4614.15,4618.99
1768401900,4618.985,4620.8,4607.02,4617.52
1768402800,4617.5,4617.5,4599.5,4616.16
1768403700,4616.055,4626.61,4614.52,4615.59
1768404600,4615.61,4622.105,4609.98,4613.215
1768405500,4613.16,4619.48,4610.59,4618.025
1768406400,4618.265,4621.455,4614.93,4618.05
1768407300,4617.92,4624.935,4616.535,4621.785
1768408200,4621.775,4623.365,4613.93,4615.62
1768409100,4615.67,4617.59,4608.755,4617.14
1768410000,4617.145,4619.25,4609.96,4615.85
1768410900,4615.85,4615.915,4605.555,4611.515
1768411800,4611.505,4612.21,4601.22,4604.365
1768412700,4604.395,4616.725,4604.055,4614.4
1768413600,4614.375,4623.825,4612.905,4623.81
1768414500,4623.795,4630.225,4622.56,4628.38
1768415400,4628.435,4633.585,4627.99,4631.41
1768416300,4631.41,4637.375,4630.085,4635.175
1768417200,4635.19,4642.97,4633.355,4637.215
1768418100,4637.225,4640.205,4634.17,4634.915
1768419000,4634.98,4640.625,4634.615,4639.955
1768419900,4639.93,4641.545,4635.815,4639.255
1768420800,4639.24,4641.635,4626.17,4636.38
1768421700,4636.43,4638.025,4631.005,4634.34
1768422600,4634.335,4635.755,4625.515,4625.83
1768423500,4625.825,4633.12,4625.825,4632.63
1768424400,4632.64,4633.05,4624.47,4624.47
1768425300,4624.39,4626.83,4620.905,4622.385
1768426200,4622.39,4623.3,4617.89,4621.135
1768427100,4621.14,4629.195,4619.92,4626.575
1768431600,4624.17,4624.17,4612.47,4616.58
1768432500,4616.6,4618.69,4605.465,4609.115
1768433400,4609.105,4613.155,4602.88,4606.505
1768434300,4606.555,4616.21,4606.555,4615.325
1768435200,4615.285,4617.935,4611.63,4616.675
1768436100,4616.68,4618.26,4614.14,4616.71
1768437000,4616.715,4618.095,4613.42,4614.02
1768437900,4613.925,4617.49,4610.225,4615.235
1768438800,4615.22,4617.54,4606.725,4609.25
1768439700,4609.25,4610.24,4597.06,4600.78
1768440600,4600.765,4603.24,4583.565,4602.72
1768441500,4602.725,4607.23,4597.36,4600.17
1768442400,4599.465,4614.815,4597.665,4614.025
1768443300,4614.12,4614.69,4607.365,4611.045
1768444200,4611.06,4614.86,4604.415,4607.42
1768445100,4607.435,4607.74,4595.59,4602.96
1768446000,4602.95,4604.38,4589.6,4591.46
1768446900,4591.455,4594.86,4581.23,4585.3
1768447800,4585.285,4597.575,4581.065,4596.7
1768448700,4596.69,4596.725,4589.365,4592.27
1768449600,4592.255,4594.725,4587.13,4593.965
1768450500,4593.95,4597.555,4590.71,4593.94
1768451400,4593.93,4595.95,4589.29,4590.94
1768452300,4591.02,4595.66,4589.875,4592.35
1768453200,4592.38,4592.555,4587.56,4587.675
1768454100,4587.67,4593.15,4581.095,4593.105
1768455000,4593.13,4593.97,4581.48,4589.695
1768455900,4589.595,4599.01,4587.455,4595.35
1768456800,4595.36,4608.655,4593.635,4605.465
1768457700,4605.485,4610.14,4603.875,4604.105
1768458600,4604.095,4608.225,4600.46,4605.765
1768459500,4605.755,4612.14,4603.57,4610.305
1768460400,4610.295,4611.19,4605.985,4609.595
1768461300,4609.59,4613.645,4608.65,4610.3
1768462200,4610.285,4611.36,4601.695,4604.105
1768463100,4604.09,4604.5,4599.22,4601.8
1768464000,4601.825,4604.735,4597.865,4603.93
1768464900,4603.935,4606.475,4600.37,4602.23
1768465800,4602.245,4607.34,4599.24,4606.48
1768466700,4606.495,4606.8,4601.305,4604.43
1768467600,4604.48,4605.035,4600.76,4604.12
1768468500,4604.175,4605.535,4602.02,4604.73
1768469400,4604.735,4611.375,4602.89,4609.645
1768470300,4609.635,4613.2,4608.07,4612.65
1768471200,4612.675,4614.22,4609.445,4612.515
1768472100,4612.56,4615.87,4611.28,4612.26
1768473000,4612.23,4619.455,4610.655,4618.07
1768473900,4618.095,4620.645,4617.15,4620.04
1768474800,4620.035,4621.605,4618.705,4619.085
1768475700,4619.09,4620.755,4617.495,4619.32
1768476600,4619.315,4623.11,4617.875,4618.17
1768477500,4618.175,4620.56,4615.705,4619.3
1768478400,4619.295,4620.89,4614.69,4615.005
1768479300,4615.01,4618.865,4614.11,4616.67
1768480200,4616.645,4618.65,4615.51,4617.225
1768481100,4617.25,4617.585,4611.77,4614.035
1768482000,4614.04,4616.32,4609.7,4611.68
1768482900,4611.645,4614.15,4602.53,4606.01
1768483800,4605.96,4605.96,4588.325,4590.115
1768484700,4589.905,4594.54,4581.625,4588.325
1768485600,4588.34,4600.045,4583.22,4599.965
1768486500,4599.955,4606.815,4596.475,4602.8
1768487400,4602.76,4612.075,4601.64,4602.965
1768488300,4603.03,4615.23,4600.41,4611.205
1768489200,4611.145,4615.27,4603.855,4613.32
1768490100,4613.315,4618.25,4612.4,4616.65
1768491000,4616.625,4617.715,4609.48,4611.69
1768491900,4611.67,4617.15,4609.995,4615.545
1768492800,4615.53,4623.35,4608.785,4622.155
1768493700,4622.15,4625.015,4611.545,4611.65
1768494600,4611.715,4613.46,4604.465,4607.385
1768495500,4607.37,4607.42,4601.21,4605.68
1768496400,4605.685,4611.26,4605.62,4609.755
1768497300,4609.735,4613.815,4607.72,4610.79
1768498200,4610.795,4616.685,4610.235,4614.48
1768499100,4614.45,4617.01,4613.77,4616.61
1768500000,4616.64,4620.46,4616.48,4617.935
1768500900,4617.93,4621.275,4617.345,4619.56
1768501800,4619.335,4619.335,4613.48,4615.62
1768502700,4615.625,4619.755,4615.485,4617.69
1768503600,4617.7,4621.72,4617.595,4619.165
1768504500,4619.16,4620.705,4617.755,4618.365
1768505400,4618.375,4619.25,4615.155,4617.005
1768506300,4616.975,4617.265,4612.82,4615.935
1768507200,4615.955,4616.425,4604.08,4605.76
1768508100,4605.745,4608.88,4600.71,4605.05
1768509000,4605.055,4609.365,4603.81,4608.195
1768509900,4608.205,4609.185,4603.505,4605.92
1768510800,4605.865,4612.24,4604.5,4612.19
1768511700,4612.185,4615.755,4611.375,4614.355
1768512600,4614.345,4615.865,4613.795,4615.845
1768513500,4615.85,4616.615,4613.75,4616.04
1768518000,4619.075,4620.975,4613.77,4614.335
1768518900,4614.27,4615.225,4608.805,4608.985
1768519800,4609.065,4611.09,4607.06,4608.19
1768520700,4607.965,4610.945,4606.41,4610.365
1768521600,4610.39,4610.5,4603.42,4605.86
1768522500,4605.935,4611.32,4605.405,4607.66
1768523400,4607.65,4608.19,4601.155,4601.495
1768524300,4601.495,4602.155,4598.52,4600.025
1768525200,4600,4605.09,4593.78,4603.845
1768526100,4603.855,4607.435,4599.92,4606.225
1768527000,4606.185,4608.655,4601.555,4605.26
1768527900,4605.285,4605.625,4599.245,4600.62
1768528800,4600.615,4603.74,4597.64,4598.36
1768529700,4598.355,4604.43,4596.92,4600.14
1768530600,4600.065,4601.11,4591.37,4595.935
1768531500,4595.915,4598.665,4591.96,4595.075
1768532400,4595.065,4599.505,4594.445,4598.66
1768533300,4598.645,4599.9,4595.28,4595.675
1768534200,4595.605,4597.555,4592.935,4596.315
1768535100,4596.35,4597.565,4595.205,4596.44
1768536000,4596.385,4599.68,4596.14,4598.75
1768536900,4598.74,4601.5,4598.245,4598.59
1768537800,4598.605,4600.99,4597.34,4600.09
1768538700,4600.1,4602.175,4599.015,4601.265
1768539600,4601.29,4601.56,4595.36,4596.6
1768540500,4596.61,4601.76,4595.53,4601.32
1768541400,4601.3,4607.06,4596.55,4607.055
1768542300,4607.055,4616.315,4606.72,4611.58
1768543200,4611.53,4612.41,4604.095,4604.94
1768544100,4604.89,4609.255,4603.615,4604.55
1768545000,4604.55,4608.145,4595.68,4596.01
1768545900,4596.025,4599.315,4594.095,4598.245
1768546800,4598.29,4612.245,4596.925,4610.195
1768547700,4610.165,4610.25,4604.97,4606.105
1768548600,4606.085,4612.07,4601.075,4603.05
1768549500,4603.045,4609.79,4601.92,4607.645
1768550400,4607.65,4610.7,4604.825,4605.005
1768551300,4604.945,4610.725,4604.59,4607.49
1768552200,4607.48,4609.27,4601.98,4602.185
1768553100,4602.175,4607.585,4601.31,4603.345
1768554000,4603.315,4608.695,4602.27,4604.98
1768554900,4605.05,4605.13,4599.755,4601.215
1768555800,4601.22,4603.565,4598.925,4603.49
1768556700,4603.47,4603.55,4600.375,4600.845
1768557600,4600.81,4607.97,4600.585,4607.06
1768558500,4606.955,4611.215,4606.915,4607.545
1768559400,4607.535,4609.515,4606.895,4607.545
1768560300,4607.52,4608.73,4599.79,4600.25
1768561200,4600.28,4606.78,4598.6,4606.555
1768562100,4606.59,4611.66,4605.525,4611.285
1768563000,4611.28,4616.005,4609.705,4615.58
1768563900,4615.605,4616.33,4612.435,4612.605
1768564800,4612.61,4612.86,4609.34,4610.98
1768565700,4611.035,4613.08,4604.635,4606.395
1768566600,4606.39,4606.815,4602.13,4603.345
1768567500,4603.335,4605.41,4597.41,4602.01
1768568400,4601.99,4605.77,4594.56,4596.19
1768569300,4596.185,4597.73,4582.67,4587.025
1768570200,4587.01,4601.505,4585.15,4599.73
1768571100,4599.685,4603.07,4597.015,4602.055
1768572000,4602.05,4608.805,4598.38,4607.34
1768572900,4607.495,4609.495,4598.38,4599.08
1768573800,4599.02,4611.735,4596.135,4608.93
1768574700,4608.94,4614.83,4607.31,4607.725
1768575600,4607.675,4620.39,4607.46,4616.115
1768576500,4616.08,4617.75,4564.575,4565.21
1768577400,4565.205,4570.575,4536.49,4555.56
1768578300,4555.84,4575.66,4555.84,4571.31
1768579200,4571.265,4593.465,4567.795,4593.12
1768580100,4593.115,4596.74,4584.415,4591.9
1768581000,4592.03,4599.2,4588.25,4596.34
1768581900,4596.36,4597.535,4581.96,4591.45
1768582800,4591.485,4593.34,4585.22,4590.785
1768583700,4590.775,4590.915,4576.705,4578.62
1768584600,4578.64,4586.785,4576.865,4580.84
1768585500,4580.76,4583.7,4578.9,4581.51
1768586400,4581.465,4589.18,4579.955,4584.59
1768587300,4584.56,4591.82,4581.85,4590.125
1768588200,4590.19,4596.2,4588.68,4595.425
1768589100,4595.435,4596.03,4582.37,4582.745
1768590000,4582.705,4588.325,4581,4584.06
1768590900,4584.065,4586.315,4580.97,4584.035
1768591800,4584.045,4591.74,4583.9,4589.345
1768592700,4589.35,4592.475,4588.405,4590.545
1768593600,4590.54,4595.865,4588.885,4593.015
1768594500,4592.99,4593.2,4587.57,4588.25
1768595400,4588.235,4588.245,4580.78,4584.4
1768596300,4584.395,4589.21,4581.63,4582.02
1768597200,4582.035,4586.735,4582.035,4586.51
1768598100,4586.525,4598.64,4586.27,4592.495
1768599000,4592.495,4595.88,4591.79,4594.645
1768599900,4594.64,4596.685,4594.365,4596.32
1768777200,4649.78,4661.84,4646.135,4654.245
1768778100,4654.225,4684.24,4653.7,4679.035
1768779000,4678.78,4690.94,4663.73,4672.255
1768779900,4672.26,4677.425,4664.395,4672.975
1768780800,4672.94,4676.365,4665.33,4665.68
1768781700,4665.685,4678.42,4660.89,4675.87
1768782600,4675.805,4682.145,4673.48,4677.755
1768783500,4677.75,4679.005,4671.965,4675.52
1768784400,4675.575,4678.685,4661.77,4663.14
1768785300,4663.17,4669.75,4656.575,4662.26
1768786200,4662.265,4664.645,4656.19,4662.58
1768787100,4662.605,4667.665,4657.085,4657.285
1768788000,4657.28,4665.26,4653.225,4659.22
1768788900,4659.235,4662.48,4656.925,4660.115
1768789800,4660.11,4664,4656.625,4658.62
1768790700,4658.645,4664.82,4655.06,4662.59
1768791600,4662.6,4669.74,4662.525,4669.085
1768792500,4668.945,4670.015,4664.01,4664.605
1768793400,4664.61,4666.1,4661.845,4662.94
1768794300,4662.945,4663.56,4658.23,4658.38
1768795200,4658.54,4662.49,4658.205,4662.49
1768796100,4662.39,4665.09,4660.535,4662.515
1768797000,4662.52,4663.245,4659.22,4661.67
1768797900,4661.57,4666.15,4661.215,4663.36
1768798800,4663.355,4671.28,4663.195,4669.635
1768799700,4669.63,4672.47,4668.945,4669.245
1768800600,4669.195,4674.48,4663.815,4664.445
1768801500,4664.455,4672.04,4664.245,4670.065
1768802400,4670.08,4670.635,4666.79,4669.3
1768803300,4669.295,4672.75,4668.555,4669.95
1768804200,4669.96,4676.705,4669.83,4672.46
1768805100,4672.52,4679.11,4672.465,4677.995
1768806000,4678.03,4678.72,4668.28,4669.815
1768806900,4669.82,4670.205,4663.72,4667.56
1768807800,4667.615,4669.8,4664.795,4664.88
1768808700,4664.905,4666.49,4661.935,4665.155
1768809600,4665.16,4674.03,4663.8,4669.44
1768810500,4669.42,4671.195,4667.22,4669.485
1768811400,4669.51,4671.04,4666.67,4667.895
1768812300,4667.905,4669.315,4661.725,4663.57
1768813200,4663.6,4671.745,4662.055,4670.95
1768814100,4670.995,4672.99,4666.155,4666.62
1768815000,4666.63,4670.59,4664.945,4669.68
1768815900,4669.7,4669.925,4667.24,4668.48
1768816800,4668.475,4670.49,4666.77,4670.49
1768817700,4670.535,4671.29,4665.585,4665.895
1768818600,4665.865,4667.09,4661.34,4661.645
1768819500,4661.65,4667.04,4661.525,4663.805
1768820400,4663.83,4666.815,4661.94,4664.425
1768821300,4664.445,4667.205,4661.84,4667.035
1768822200,4667.025,4667.665,4660.1,4664.935
1768823100,4664.93,4666.11,4659.73,4660.695
1768824000,4660.755,4666.45,4660.185,4665.93
1768824900,4665.91,4672.285,4665.845,4671.125
1768825800,4671.07,4673.795,4670.075,4671.69
1768826700,4671.67,4672.96,4668.21,4672.05
1768827600,4672.045,4673.725,4668.59,4670.37
1768828500,4670.38,4672.19,4668.71,4671.91
1768829400,4671.965,4673.85,4666.555,4668.5
1768830300,4668.49,4669.475,4664.535,4666.175
1768831200,4666.205,4666.94,4661.55,4665.025
1768832100,4665.05,4668.61,4663.455,4668.11
1768833000,4668.125,4670.52,4663.935,4667.31
1768833900,4667.34,4669.055,4665.47,4666.625
1768834800,4666.585,4670.985,4664.645,4668.25
1768835700,4668.27,4668.915,4664.35,4666.85
1768836600,4666.83,4671.365,4665.95,4670.475
1768837500,4670.44,4676.28,4669.73,4674.47
1768838400,4674.475,4675.74,4671.365,4672.605
1768839300,4672.58,4673.045,4670.485,4671.895
1768840200,4671.92,4673.92,4670.695,4673.325
1768841100,4673.325,4673.825,4671.665,4672.37
1768842000,4672.355,4673.15,4670.55,4670.98
1768842900,4670.94,4671.485,4669.17,4670.945
1768843800,4670.99,4676.38,4670.99,4676.32
1768844700,4676.335,4678.95,4674.275,4676.35
1768845600,4676.35,4676.35,4673.78,4675.46
1768846500,4675.475,4680.405,4675.2,4678.485
1768847400,4678.42,4679.035,4674.865,4677.725
1768848300,4677.76,4678.24,4675.27,4676.585
1768849200,4676.63,4676.725,4672.005,4672.01
1768850100,4672.035,4672.555,4667.115,4670.295
1768863600,4668.575,4671.71,4667.835,4670.805
1768864500,4670.82,4672.345,4664.76,4666.16
1768865400,4666.395,4668.925,4664.37,4666.17
1768866300,4666.165,4666.915,4664.925,4665.36
1768867200,4665.375,4668.065,4664.1,4667.91
1768868100,4668.04,4668.07,4659.395,4659.665
1768869000,4659.675,4666.405,4659.59,4663.24
1768869900,4663.095,4664.19,4660.38,4660.41
1768870800,4660.59,4673.745,4659.915,4670.505
1768871700,4670.285,4672.42,4666.155,4671.11
1768872600,4671.115,4676.235,4671.105,4673.25
1768873500,4673.255,4675.045,4665.91,4669.805
1768874400,4669.74,4672.045,4665.545,4666.345
1768875300,4666.355,4673.625,4665.82,4671.935
1768876200,4671.945,4674.94,4670.19,4674.14
1768877100,4674.1,4674.375,4666.9,4668.815
1768878000,4668.82,4671.78,4666.165,4671.78
1768878900,4671.77,4674.29,4671.15,4673.33
1768879800,4673.31,4679.19,4672.825,4676.94
1768880700,4676.945,4681.57,4676.945,4680.28
1768881600,4680.275,4682.61,4679.755,4680.57
1768882500,4680.565,4687.32,4680.53,4685.925
1768883400,4685.9,4693.575,4684.5,4689.755
1768884300,4689.675,4697.225,4688.83,4695.335
1768885200,4695.33,4701.615,4694.77,4699.64
1768886100,4699.65,4700.635,4694.975,4696.045
1768887000,4696.03,4706.275,4694.315,4705.11
1768887900,4705.125,4716.745,4704.915,4714.63
1768888800,4714.575,4717.265,4707.6,4713.195
1768889700,4713.28,4715.6,4709.465,4712.625
1768890600,4712.63,4715.21,4705.74,4710.85
1768891500,4710.855,4715.485,4709.405,4712.585
1768892400,4712.51,4717.89,4711.46,4715.605
1768893300,4715.625,4722.42,4714.87,4718.32
1768894200,4718.365,4721.82,4716.835,4720.28
1768895100,4720.265,4722.845,4714.935,4716.22
1768896000,4716.28,4725.76,4715.035,4724.58
1768896900,4724.54,4725.505,4718.085,4718.65
1768897800,4718.665,4724.555,4716.065,4722.955
1768898700,4723.025,4731.71,4722.865,4729.41
1768899600,4729.395,4731.795,4724.215,4725.355
1768900500,4725.36,4734.025,4721.315,4733.37
1768901400,4733.375,4736.365,4732.9,4734.39
1768902300,4734.4,4737.57,4732.39,4732.51
1768903200,4732.49,4735.095,4730.37,4731.48
1768904100,4731.315,4733.48,4727.81,4727.84
1768905000,4727.795,4729.39,4723.425,4724.55
1768905900,4724.515,4728.225,4723.075,4726.565
1768906800,4726.565,4728.18,4721.64,4726.36
1768907700,4726.355,4729.24,4725.515,4726.945
1768908600,4726.975,4732.475,4725.87,4732.41
1768909500,4732.455,4735.465,4730.665,4733.245
1768910400,4733.26,4733.26,4728.385,4730.16
1768911300,4730.23,4730.55,4726.31,4726.74
1768912200,4726.755,4729.33,4724.08,4726.755
1768913100,4726.665,4729.615,4726,4727.63
1768914000,4727.64,4728.485,4722.15,4723.545
1768914900,4723.54,4726.405,4716.005,4719.385
1768915800,4719.38,4730.525,4715.035,4729.92
1768916700,4729.925,4738.54,4727.4,4737.265
1768917600,4737.275,4748.705,4732.37,4740.895
1768918500,4740.85,4750.85,4740.32,4750.735
1768919400,4750.745,4751.37,4728.63,4738.68
1768920300,4738.675,4742.54,4733.42,4741.265
1768921200,4740.945,4748.765,4738.575,4744.73
1768922100,4744.475,4744.885,4722.51,4724.105
1768923000,4724.105,4735.81,4722.595,4732.96
1768923900,4732.955,4739.365,4729.045,4737.675
1768924800,4737.655,4743.62,4728.945,4741.575
1768925700,4741.57,4744.35,4735.525,4741.33
1768926600,4741.3,4745.885,4740.8,4745.38
1768927500,4745.395,4757.81,4745.395,4753.63
1768928400,4753.605,4754.505,4746.12,4754.015
1768929300,4754.03,4756.855,4751.895,4755.11
1768930200,4755.115,4758.47,4752.255,4756.61
1768931100,4756.645,4762.47,4752.28,4759.19
1768932000,4759.2,4765.34,4758.685,4763.31
1768932900,4763.32,4766.29,4759.555,4761.61
1768933800,4761.6,4762.985,4757.28,4757.78
1768934700,4757.785,4760.465,4752.785,4759.41
1768935600,4759.405,4760.495,4756.57,4759.295
1768936500,4759.27,4766.4,4758.41,4759.655
1768937400,4759.645,4764.03,4756.87,4763.375
1768938300,4763.37,4763.955,4758.665,4760.855
1768939200,4760.82,4761.31,4755.885,4760.225
1768940100,4760.195,4760.93,4747.36,4750.46
1768941000,4750.47,4755.245,4748.95,4749.88
1768941900,4749.955,4757.94,4749.515,4756.73
1768942800,4756.745,4760.585,4756.405,4760.55
1768943700,4760.56,4761.01,4759.535,4759.91
1768944600,4759.905,4759.905,4757.345,4759.43
1768945500,4759.425,4763.945,4758.995,4763.37
1768950000,4762.815,4763.355,4757.885,4758.23
1768950900,4758.285,4761.315,4757.895,4759.78
1768951800,4759.685,4774.15,4758.695,4774.13
1768952700,4774.115,4781.285,4772.16,4775.99
1768953600,4775.99,4777.795,4770.6,4776.715
1768954500,4776.7,4779.995,4773.83,4777.28
1768955400,4777.2,4785.97,4776.81,4785.18
1768956300,4785.19,4787.805,4782.27,4784.645
1768957200,4784.675,4810.09,4783.495,4807.915
1768958100,4807.82,4827.865,4805.095,4827.63
1768959000,4827.625,4837.055,4815.055,4818.795
1768959900,4818.84,4844.29,4818.82,4835.49
1768960800,4835.455,4842.215,4822.735,4828.225
1768961700,4828.235,4828.315,4817.24,4825.25
1768962600,4825.235,4839.675,4821.985,4831.195
1768963500,4831.315,4837.185,4827.665,4836.73
1768964400,4836.76,4849.84,4833.06,4833.34
1768965300,4833.31,4837.135,4826.975,4833.76
1768966200,4833.77,4846.525,4831.84,4842.915
1768967100,4842.925,4847.26,4840.075,4845.11
1768968000,4845.115,4846.66,4837.93,4844.965
1768968900,4844.88,4854.225,4843.96,4849.99
1768969800,4849.985,4865.775,4849.89,4865.57
1768970700,4865.605,4870.885,4862.285,4865.905
1768971600,4865.87,4867.195,4859.05,4867.13
1768972500,4867.215,4874.205,4863.67,4868.81
1768973400,4868.795,4878.25,4863.865,4871.155
1768974300,4871.15,4877.225,4869.105,4870.025
1768975200,4870.035,4875.6,4864.395,4871.645
1768976100,4871.65,4888.545,4870.17,4883.97
1768977000,4883.81,4887.405,4859.105,4861.7
1768977900,4861.67,4866.275,4845.505,4847.56
1768978800,4847.41,4849.68,4834.705,4837.275
1768979700,4837.22,4850.76,4832.725,4849.64
1768980600,4849.575,4851.985,4838.9,4849.31
1768981500,4849.28,4857.275,4847.755,4855.475
1768982400,4855.54,4864.21,4853.7,4858.515
1768983300,4858.6,4869.65,4858.5,4866.93
1768984200,4866.85,4868.135,4859.075,4861.605
1768985100,4861.325,4863.19,4851.625,4854.735
1768986000,4854.73,4862.525,4852.43,4860.01
1768986900,4860.05,4876.775,4858.18,4875.83
1768987800,4875.82,4877.335,4864.21,4866.41
1768988700,4866.425,4867.705,4859.325,4860.415
1768989600,4860.38,4866.93,4859.625,4863.57
1768990500,4863.565,4864.53,4859.87,4860.36
1768991400,4860.29,4865.905,4859.905,4865.07
1768992300,4865.085,4866.83,4862.045,4862.3
1768993200,4862.32,4865.625,4860.76,4865.185
1768994100,4865.195,4871.605,4865.13,4867.095
1768995000,4867.085,4867.575,4860.665,4862.265
1768995900,4862.25,4866.955,4855.19,4866.785
1768996800,4866.795,4867.575,4861.355,4862.285
1768997700,4862.285,4865.31,4855.52,4865.31
1768998600,4865.39,4870.845,4863.585,4865.685
1768999500,4865.7,4867.305,4856.725,4865.195
1769000400,4865.19,4871.505,4858.485,4869.275
1769001300,4869.29,4871.57,4861.71,4868.125
1769002200,4868.12,4879.155,4866.87,4877.4
1769003100,4877.445,4880.415,4870.045,4879.295
1769004000,4879.3,4880.935,4839.395,4844.725
1769004900,4844.735,4864.695,4842.13,4860.59
1769005800,4860.63,4872.525,4850.1,4860.835
1769006700,4860.85,4862.235,4846.68,4852.14
1769007600,4851.895,4868.83,4847.155,4860.38
1769008500,4860.29,4861.89,4813.355,4831.09
1769009400,4831.105,4845.51,4829.175,4837.49
1769010300,4837.4,4854.67,4833.92,4847.88
1769011200,4847.89,4855.8,4843.89,4847.11
1769012100,4847.115,4852.87,4829.155,4840.175
1769013000,4840.18,4849.775,4833.815,4834.855
1769013900,4834.815,4837.775,4819.695,4833.63
1769014800,4833.635,4834.495,4815.57,4818.495
1769015700,4818.405,4826.46,4814.515,4821.31
1769016600,4821.32,4821.695,4802.62,4810.035
1769017500,4809.95,4827.825,4808.825,4826.48
1769018400,4826.365,4831.91,4822.815,4825.655
1769019300,4825.66,4837.25,4819.925,4834.27
1769020200,4834.355,4838.865,4830.405,4837.65
1769021100,4837.64,4850.7,4836.1,4850.385
1769022000,4850.415,4850.985,4843.225,4849.03
1769022900,4849.055,4854.165,4805.31,4816.04
1769023800,4816.02,4821.735,4765.605,4766.175
1769024700,4766.215,4783.34,4755.075,4781.57
1769025600,4781.555,4787.7,4772.395,4787.405
1769026500,4787.49,4801.2,4784.855,4797.49
1769027400,4797.48,4821.485,4796.49,4820.195
1769028300,4820.29,4828.14,4816.34,4826.515
1769029200,4826.7,4826.7,4813.235,4823.995
1769030100,4823.97,4838.7,4823.85,4832.67
1769031000,4832.71,4839.56,4832.385,4835.195
1769031900,4835.185,4839.9,4827.975,4831.38
1769036400,4816.795,4821.3,4802.04,4815.14
1769037300,4815.105,4815.375,4785.005,4795.065
1769038200,4795.045,4801.775,4785.995,4787.335
1769039100,4787.28,4797.495,4777.63,4778.265
1769040000,4778.23,4794.265,4778.17,4790.41
1769040900,4790.38,4790.42,4780.375,4782.65
1769041800,4782.675,4795.745,4780.39,4793.2
1769042700,4793.215,4798.915,4787.42,4797.975
1769043600,4797.95,4797.95,4772.27,4791.675
1769044500,4791.805,4809.875,4788.41,4796.35
1769045400,4796.365,4804.765,4793.48,4803.265
1769046300,4802.98,4804.995,4797.865,4797.935
1769047200,4797.775,4798.485,4787.49,4793.67
1769048100,4793.685,4796.015,4786.595,4787.56
1769049000,4787.57,4788.27,4774.61,4781.93
1769049900,4781.95,4792.74,4781.95,4789.29
1769050800,4789.275,4791.54,4784.315,4790.005
1769051700,4790.01,4796.185,4785.905,4792.56
1769052600,4792.565,4794.455,4790.41,4790.5
1769053500,4790.51,4797.14,4790.235,4796.48
1769054400,4796.47,4800.52,4795.39,4798.28
1769055300,4798.285,4799.845,4794.67,4796.13
1769056200,4796.12,4798.435,4793.905,4795.715
1769057100,4795.685,4798.11,4793.905,4797.53
1769058000,4797.46,4801.905,4793.705,4800.575
1769058900,4800.58,4800.615,4795.11,4795.415
1769059800,4795.375,4802.735,4795.18,4800.9
1769060700,4800.91,4821.775,4800.91,4821.415
1769061600,4821.41,4825.07,4816.49,4818.13
1769062500,4818.125,4829.28,4817.02,4825.625
1769063400,4825.6,4828.185,4823.715,4823.915
1769064300,4823.93,4826.88,4821.47,4826.7
1769065200,4826.71,4835.015,4825.75,4833.37
1769066100,4833.405,4838.16,4830.26,4837.255
1769067000,4837.225,4839.71,4832.875,4833.505
1769067900,4833.575,4835.875,4830.745,4832.72
1769068800,4832.73,4835.69,4824.275,4827.835
1769069700,4827.885,4830.765,4825.675,4826.375
1769070600,4826.35,4828.71,4822.185,4826.625
1769071500,4826.61,4831.935,4825.8,4830.72
1769072400,4830.725,4838.095,4829.675,4832.755
1769073300,4832.765,4833.805,4828.03,4829.605
1769074200,4829.535,4831.135,4813.96,4816.32
1769075100,4816.3,4823.265,4814.57,4823.185
1769076000,4823.2,4825.15,4819.47,4823.75
1769076900,4823.775,4827.665,4821.08,4826.955
1769077800,4826.7,4829.38,4824.065,4828.545
1769078700,4828.345,4831.97,4827.265,4829.11
1769079600,4829.115,4831.93,4826.395,4826.4
1769080500,4826.39,4829.9,4824.46,4827.79
1769081400,4827.81,4831.565,4825.065,4830.9
1769082300,4830.925,4836.43,4830.415,4831.19
1769083200,4831.18,4831.185,4823.365,4824.835
1769084100,4824.895,4832.605,4824.465,4831.7
1769085000,4831.67,4832.62,4829.535,4829.745
1769085900,4829.755,4829.785,4818.785,4819.67
1769086800,4819.685,4827.67,4815.805,4826.82
1769087700,4826.88,4835.46,4826.02,4828.005
1769088600,4827.62,4828.145,4810.895,4813.885
1769089500,4813.88,4822.835,4810.74,4822.29
1769090400,4822.32,4826.07,4820.49,4824.32
1769091300,4824.42,4830.645,4822.395,4829.72
1769092200,4829.805,4847.845,4828.115,4845.79
1769093100,4845.845,4846.835,4834.815,4835.135
1769094000,4835.195,4840.8,4825.865,4839.3
1769094900,4839.22,4856.25,4836.29,4853.8
1769095800,4853.82,4866.06,4853.53,4863.6
1769096700,4863.605,4873.91,4860.77,4871.82
1769097600,4871.945,4876.43,4868.085,4873.75
1769098500,4873.745,4880.765,4870.735,4876.045
1769099400,4876.06,4885.01,4873.335,4880.925
1769100300,4880.955,4885.46,4874.865,4878.075
1769101200,4878.11,4884.83,4869.58,4880.28
1769102100,4880.305,4893.985,4876.235,4890.045
1769103000,4890.33,4899.64,4889.3,4898.985
1769103900,4898.94,4906.47,4896.54,4904.715
1769104800,4904.7,4915.265,4901.375,4908.515
1769105700,4908.545,4913.67,4906.94,4910.28
1769106600,4910.31,4915.855,4907.38,4913.075
1769107500,4913,4919.59,4911.025,4916.035
1769108400,4916.025,4924.525,4915.545,4924.055
1769109300,4924.07,4924.27,4909.805,4914.735
1769110200,4914.93,4918.24,4913.51,4913.64
1769111100,4913.665,4913.665,4905.985,4911.74
1769112000,4911.76,4926.435,4911.505,4925.955
1769112900,4925.895,4928.54,4924.63,4925.75
1769113800,4925.745,4927.15,4918.485,4922.865
1769114700,4923.085,4924.955,4914.355,4917.07
1769115600,4917.27,4923.16,4914.68,4922.93
1769116500,4922.825,4925.485,4920.725,4925.285
1769117400,4925.19,4940.68,4924.175,4939.245
1769118300,4939.22,4940.885,4935.5,4936.075
1769122800,4952.295,4959.98,4942.61,4942.945
1769123700,4943.015,4946.725,4939.39,4940.355
1769124600,4940.365,4940.415,4930.84,4938.815
1769125500,4938.73,4960.67,4938.73,4959.13
1769126400,4959.135,4963.395,4950.815,4951.83
1769127300,4951.81,4958.685,4947.935,4952.08
1769128200,4952.07,4956.125,4947.58,4949.45
1769129100,4949.565,4965.985,4949.36,4965.16
1769130000,4965.26,4967.52,4936.06,4948.955
1769130900,4948.975,4954.45,4942.66,4947.54
1769131800,4947.535,4956.475,4946.75,4951.23
1769132700,4951.24,4963.07,4951.24,4953.995
1769133600,4953.94,4957.1,4947.225,4949.53
1769134500,4949.625,4953.74,4946.925,4952.97
1769135400,4952.965,4957.665,4952.51,4956.97
1769136300,4956.98,4962.47,4955.54,4955.615
1769137200,4955.595,4959.24,4953.375,4955.08
1769138100,4955.09,4955.545,4938.1,4944.01
1769139000,4944,4953.345,4942.73,4949.76
1769139900,4949.69,4954.535,4948.355,4952.075
1769140800,4952,4953.79,4950.75,4952.63
1769141700,4952.57,4953.52,4950.26,4953.1
1769142600,4953.075,4958.1,4951.95,4956.88
1769143500,4956.89,4958.585,4955.03,4956.285
1769144400,4956.26,4957.8,4954.615,4956.435
1769145300,4956.43,4960.265,4955.685,4957.555
1769146200,4957.59,4961.57,4956.455,4961.185
1769147100,4961.23,4967.28,4960.445,4960.64
1769148000,4960.59,4963.27,4945.575,4952.655
1769148900,4952.695,4959.06,4951.495,4953.225
1769149800,4953.05,4955.95,4950.075,4953.19
1769150700,4953.195,4956.39,4950.76,4953.965
1769151600,4953.97,4958.21,4952.495,4956.035
1769152500,4956.14,4959.715,4951.78,4956.98
1769153400,4957.065,4958.53,4946.09,4946.235
1769154300,4946.23,4951.445,4943.235,4944.47
1769155200,4944.46,4947.825,4940.43,4942.015
1769156100,4942,4942.97,4900.9,4913.49
1769157000,4913.51,4926.37,4910.595,4925.1
1769157900,4925.095,4925.58,4908.895,4913.88
1769158800,4913.875,4920.2,4909.315,4912.04
1769159700,4912.03,4914.92,4899.795,4905.685
1769160600,4905.605,4917.79,4903.405,4916.83
1769161500,4916.855,4921.72,4914.435,4918.66
1769162400,4918.715,4922.84,4915.7,4921.34
1769163300,4921.495,4932.56,4921.495,4929.525
1769164200,4929.545,4930.52,4924.97,4928.23
1769165100,4928.305,4930.735,4924.62,4929.88
1769166000,4929.875,4930.165,4916.135,4918.595
1769166900,4918.59,4922.075,4912.07,4920.91
1769167800,4921.055,4925.25,4919.83,4923.46
1769168700,4923.5,4926.44,4921.11,4922.875
1769169600,4923.08,4934.425,4918.49,4933.91
1769170500,4933.92,4937.17,4930.565,4934.23
1769171400,4934.235,4939.175,4932.355,4936.25
1769172300,4936.215,4942.6,4936.06,4939.42
1769173200,4939.67,4947.98,4933.58,4940.385
1769174100,4940.44,4940.725,4923.77,4931.12
1769175000,4931.085,4939.275,4927.435,4931.82
1769175900,4931.795,4941.055,4930.68,4939.18
1769176800,4939.195,4948.005,4934.86,4944.62
1769177700,4944.725,4945.73,4939.705,4939.995
1769178600,4940.02,4949.89,4932.89,4947.16
1769179500,4947.29,4956.645,4942.605,4943.76
1769180400,4943.505,4955.995,4938.405,4952.895
1769181300,4952.89,4954.37,4942.47,4944.885
1769182200,4944.895,4961.055,4943.745,4959.17
1769183100,4959.155,4963.475,4951.45,4960.64
1769184000,4960.78,4976.89,4959.155,4971.22
1769184900,4971.15,4986.595,4969.495,4985.515
1769185800,4985.51,4988.44,4978.985,4982.865
1769186700,4982.595,4983.07,4975.8,4980.43
1769187600,4980.445,4987.08,4977.35,4984.545
1769188500,4984.55,4987.92,4980.785,4983.05
1769189400,4983.07,4988.16,4982.335,4983.165
1769190300,4983.135,4985.15,4962.005,4965.895
1769191200,4965.995,4982.785,4965.355,4981.02
1769192100,4981.015,4984.205,4977.615,4978.635
1769193000,4978.625,4980.025,4963.91,4964.475
1769193900,4964.51,4969.73,4958.345,4966.85
1769194800,4966.975,4978.845,4966.975,4974.14
1769195700,4974.19,4978.78,4973.72,4977.335
1769196600,4977.31,4980.425,4974.39,4978.75
1769197500,4978.765,4989.88,4978.055,4984.14
1769198400,4984.155,4985.72,4970.59,4981.255
1769199300,4981.28,4985.505,4978,4980.92
1769200200,4980.915,4983.59,4975.745,4982.38
1769201100,4982.445,4984.25,4978.85,4981.055
1769202000,4981.075,4986.125,4978.865,4981.485
1769202900,4981.47,4983.695,4978.185,4981.88
1769203800,4981.89,4983.32,4980.575,4982.435
1769204700,4982.44,4990.12,4981.195,4987.545
1769382000,5015.63,5026.685,5003.705,5021.975
1769382900,5021.675,5031.505,5012.495,5019.155
1769383800,5018.945,5032.11,5016.825,5025.52
1769384700,5025.5,5040.55,5025.27,5039.85
1769385600,5039.89,5044.03,5034.4,5039.43
1769386500,5039.4,5042.9,5030.83,5042.78
1769387400,5042.875,5052.26,5042.295,5050.385
1769388300,5050.38,5051.905,5038.135,5041.89
1769389200,5041.905,5059.055,5028.96,5057.745
1769390100,5057.73,5075.575,5056.755,5074.575
1769391000,5074.51,5085.665,5071.415,5083.285
1769391900,5083.26,5084.945,5067.945,5071.115
1769392800,5071.09,5079.275,5066.925,5075.08
1769393700,5075.065,5089.02,5072.705,5087.9
1769394600,5087.85,5092.975,5079.185,5088.505
1769395500,5088.46,5091.22,5080.69,5081.05
1769396400,5081.075,5085.175,5071.78,5084.935
1769397300,5084.97,5087.93,5074.92,5079.47
1769398200,5079.485,5083.9,5075.91,5078.33
1769399100,5078.315,5079.51,5070.15,5076.66
1769400000,5076.645,5078.195,5072.27,5075.96
1769400900,5076.035,5076.79,5071.43,5072.355
1769401800,5072.31,5073.17,5064.235,5067.03
1769402700,5067.065,5072.445,5058.145,5070.385
1769403600,5070.25,5072.865,5055.14,5060.005
1769404500,5059.99,5067.065,5052.365,5065.62
1769405400,5065.445,5068.105,5053.005,5059.985
1769406300,5059.94,5076.69,5058.515,5074.425
1769407200,5074.41,5082.305,5067.36,5069.435
1769408100,5069.425,5077.37,5065.39,5075.295
1769409000,5075.31,5092.56,5074.74,5091.86
1769409900,5092.06,5111.51,5076.175,5077.645
1769410800,5077.66,5092.41,5073.94,5091.055
1769411700,5091.05,5095.855,5089.89,5095.53
1769412600,5095.57,5095.75,5085.895,5088.725
1769413500,5089.045,5094.37,5088.245,5089.06
1769414400,5089.08,5096.82,5087.26,5096.1
1769415300,5096.205,5097.815,5095.135,5096.72
1769416200,5096.75,5098.455,5090.44,5093.635
1769417100,5093.595,5094.2,5080.14,5083.48
1769418000,5083.415,5093.045,5082.34,5091.265
1769418900,5091.285,5096.97,5088.23,5096.825
1769419800,5096.83,5098.515,5087.44,5091.54
1769420700,5091.56,5093.335,5075.395,5084.14
1769421600,5084.23,5090.37,5078.625,5089.325
1769422500,5089.31,5091.52,5086.335,5087.54
1769423400,5087.755,5095.115,5085.985,5093.005
1769424300,5093.1,5094.435,5090.375,5091.575
1769425200,5091.785,5092.97,5087.39,5087.96
1769426100,5088.005,5088.61,5078.435,5087.59
1769427000,5087.57,5092.64,5083.89,5090.1
1769427900,5090.25,5092.655,5087.475,5091.585
1769428800,5091.58,5093.88,5087.31,5090.465
1769429700,5090.44,5097.1,5086.295,5090.115
1769430600,5090.12,5090.13,5079.45,5083.64
1769431500,5083.645,5085.86,5077.285,5078.995
1769432400,5078.985,5082.43,5066.24,5080.115
1769433300,5080.24,5083.195,5067.205,5072.165
1769434200,5072.115,5073.175,5054.67,5071.26
1769435100,5071.28,5076.23,5067.05,5068.735
1769436000,5068.8,5073.3,5058.45,5071.415
1769436900,5071.425,5082.76,5063.76,5078.465
1769437800,5078.435,5090.915,5074.865,5082.105
1769438700,5082.13,5097.025,5080.625,5096.18
1769439600,5096.245,5097.46,5085.59,5095.53
1769440500,5095.51,5097.05,5084.375,5090.195
1769441400,5090.265,5092.58,5074.255,5078.495
1769442300,5078.35,5095.445,5077.76,5090.845
1769443200,5090.865,5105.34,5089.745,5101.855
1769444100,5101.845,5104.14,5070.425,5075.83
1769445000,5075.855,5083.505,5065.385,5077.45
1769445900,5077.425,5094.475,5076.95,5089.545
1769446800,5089.55,5097.73,5085.635,5094.29
1769447700,5094.32,5095.465,5080.285,5088.34
1769448600,5088.3,5102.355,5082.06,5102.23
1769449500,5102.18,5105.15,5097.215,5101.235
1769450400,5101.2,5103.22,5076.355,5078.3
1769451300,5078.355,5090.76,5076.55,5084.98
1769452200,5084.965,5085.31,5057.935,5064.445
1769453100,5064.37,5083.075,5063.985,5069.04
1769454000,5069.085,5069.85,5036.14,5060.09
1769454900,5059.76,5061.51,5020.635,5027.64
1769455800,5027.7,5043.915,5025.085,5034.515
1769456700,5034.45,5037.99,5008.275,5028.715
1769457600,5028.735,5054.005,5026.26,5049.9
1769458500,5049.895,5057.03,5040.465,5056.675
1769459400,5056.695,5062.32,5035.95,5046.825
1769460300,5046.965,5060.815,5043.33,5055.11
1769461200,5055.12,5059.165,5033.89,5033.89
1769462100,5033.895,5036.08,5011.035,5020.36
1769463000,5020.29,5020.855,4990.215,5004.415
1769463900,5004.46,5017.28,5004.095,5008.875
1769468400,5035.795,5040.575,5028.275,5040.12
1769469300,5039.97,5049.9,5037.535,5045.075
1769470200,5045.09,5058.14,5040.34,5056.89
1769471100,5056.885,5061.675,5043.12,5043.56
1769472000,5043.58,5053.395,5038.745,5052.465
1769472900,5052.51,5054.135,5044.645,5045.16
1769473800,5045.17,5049.915,5028.6,5031.655
1769474700,5031.705,5035.82,5013.875,5033.115
1769475600,5033.125,5071.37,5018.805,5071.365
1769476500,5071.375,5076.14,5063.3,5066.695
1769477400,5066.74,5070.435,5054.23,5063.99
1769478300,5064.015,5066.925,5056.935,5060.14
1769479200,5059.99,5067.82,5049.585,5063.945
1769480100,5063.89,5070.275,5060.055,5068.05
1769481000,5068.1,5079.81,5067.41,5079.05
1769481900,5078.995,5079.72,5065.36,5072.68
1769482800,5072.66,5073.97,5063.785,5065.985
1769483700,5066.015,5073.135,5060.16,5064.785
1769484600,5064.645,5076.545,5064.09,5074.87
1769485500,5074.93,5079.31,5071.7,5077.225
1769486400,5077.025,5078.955,5068.73,5069.735
1769487300,5069.71,5076.255,5069.71,5075.02
1769488200,5074.955,5075.76,5061.5,5066.775
1769489100,5066.81,5071.33,5062.295,5067.8
1769490000,5067.775,5068.88,5057.195,5063.87
1769490900,5063.88,5067,5058.045,5064.65
1769491800,5064.625,5074.99,5060.06,5074.765
1769492700,5074.72,5085.495,5074.72,5083.11
1769493600,5083.125,5087.27,5076.865,5083.715
1769494500,5083.7,5087.5,5079.61,5082.235
1769495400,5082.2,5088.475,5078.775,5086.3
1769496300,5086.225,5094.35,5081.845,5085.785
1769497200,5085.8,5094.59,5082.255,5085.655
1769498100,5085.6,5090.81,5081.58,5088.07
1769499000,5088.105,5100.84,5088.03,5093.225
1769499900,5093.215,5096.63,5085.87,5085.965
1769500800,5086.01,5088.165,5079.25,5086.765
1769501700,5086.725,5087.63,5075.495,5077.725
1769502600,5077.745,5083.05,5073.51,5082.635
1769503500,5082.62,5085.635,5077.745,5079.755
1769504400,5079.75,5084.265,5078.165,5083.36
1769505300,5083.42,5088.765,5082.505,5088.47
1769506200,5088.57,5094.4,5086.175,5087.915
1769507100,5088.1,5099.65,5082.78,5098.325
1769508000,5098.66,5098.66,5091.075,5096.505
1769508900,5096.535,5098.09,5087.66,5088.205
1769509800,5087.71,5089.385,5081.99,5084.97
1769510700,5084.965,5087.34,5082.055,5086.545
1769511600,5086.56,5090.38,5083.685,5090.175
1769512500,5090.21,5090.83,5084.935,5086.94
1769513400,5087.105,5088.33,5083.475,5085.835
1769514300,5085.78,5086.04,5066.64,5077.08
1769515200,5077.095,5082.91,5075.515,5081.305
1769516100,5081.225,5081.45,5073.725,5079.175
1769517000,5079.16,5090.595,5078.38,5089.47
1769517900,5089.44,5091.37,5081.25,5085.13
1769518800,5085.19,5092.185,5078.215,5090.35
1769519700,5090.355,5093.145,5076.04,5080.925
1769520600,5080.875,5086.19,5069.47,5073.43
1769521500,5073.475,5082.34,5071.62,5077.555
1769522400,5077.52,5077.6,5055.365,5060.06
1769523300,5060.13,5066.25,5046.84,5059.675
1769524200,5059.77,5082.205,5059.15,5079.375
1769525100,5079.36,5079.49,5051.125,5054.74
1769526000,5054.74,5070.385,5047.69,5057.87
1769526900,5057.895,5077.21,5056.465,5069.17
1769527800,5069.225,5087.3,5068.775,5080.685
1769528700,5080.725,5091.32,5080.02,5090.905
1769529600,5090.925,5098.755,5083.79,5095.115
1769530500,5095.14,5103.355,5093.71,5098.67
1769531400,5098.68,5099.475,5086.035,5088.73
1769532300,5088.605,5091.955,5083.3,5087.47
1769533200,5087.495,5091.995,5080.21,5091.465
1769534100,5091.495,5094.155,5079.115,5088.335
1769535000,5087.58,5089.745,5078.715,5081.82
1769535900,5081.53,5086.05,5076.92,5081.37
1769536800,5081.395,5087.52,5076.45,5081.755
1769537700,5081.76,5088.95,5079.01,5085.165
1769538600,5085.14,5092.07,5085.14,5088.565
1769539500,5088.57,5095.82,5087.325,5088.11
1769540400,5088.135,5089.245,5081.05,5087.22
1769541300,5087.195,5090.99,5085.59,5087.94
1769542200,5087.95,5093.42,5087.72,5093.13
1769543100,5093.19,5100.12,5090.655,5099.055
1769544000,5099.05,5143.62,5098.035,5141.785
1769544900,5141.77,5151.78,5132.035,5141.655
1769545800,5141.65,5149.415,5133.105,5142.295
1769546700,5142.25,5182.795,5142.1,5176.65
1769547600,5176.6,5186.645,5171.09,5176.455
1769548500,5176.545,5180.435,5169.13,5173.94
1769549400,5173.92,5186.96,5171.535,5185.46
1769550300,5185.475,5190.51,5175.04,5180.625
1769554800,5181.64,5184.57,5167.135,5170.78
1769555700,5170.655,5173.455,5159.025,5170.4
1769556600,5170.265,5172.155,5163.99,5164.35
1769557500,5164.27,5177.175,5163.975,5172.315
1769558400,5172.225,5173.04,5157.21,5166
1769559300,5165.875,5167.19,5160.355,5163.465
1769560200,5163.475,5170.88,5163.385,5168.44
1769561100,5168.45,5180.27,5168.45,5172.025
1769562000,5172.01,5202.86,5168.545,5191.18
1769562900,5190.99,5196.25,5181.71,5193.97
1769563800,5193.945,5215.8,5186.095,5215.75
1769564700,5215.74,5225.36,5204.67,5204.87
1769565600,5204.82,5217.68,5201.745,5210.095
1769566500,5210.1,5220.715,5207.765,5218.15
1769567400,5218.16,5229.93,5216.515,5221.445
1769568300,5221.385,5234.775,5220.885,5232.245
1769569200,5232.02,5247.82,5230.24,5243.695
1769570100,5243.7,5246.355,5236.285,5237.25
1769571000,5237.24,5239.98,5224.4,5233.765
1769571900,5233.76,5244.57,5230.875,5235.285
1769572800,5235.075,5241.115,5232.955,5235.475
1769573700,5235.48,5241.59,5232.5,5238.015
1769574600,5238.035,5241.675,5234.395,5239.935
1769575500,5239.915,5249.09,5233.455,5245.545
1769576400,5245.56,5257.765,5241.57,5253.99
1769577300,5254.07,5262.15,5251.68,5259.39
1769578200,5259.345,5266.305,5251.165,5264.715
1769579100,5264.76,5266.435,5257.29,5261.35
1769580000,5261.47,5263.14,5252.325,5261.96
1769580900,5261.95,5266.085,5251.87,5255.645
1769581800,5255.66,5264.92,5254.95,5261.67
1769582700,5261.665,5271.5,5257.09,5270.16
1769583600,5270.21,5275.675,5263.18,5273.7
1769584500,5273.695,5284.275,5272.765,5281.145
1769585400,5281.15,5285.885,5271.955,5281.445
1769586300,5281.345,5292.87,5277.9,5290.675
1769587200,5290.57,5300.02,5286.49,5293.39
1769588100,5293.4,5301.21,5288.88,5299.785
1769589000,5299.755,5311.665,5289.915,5290.135
1769589900,5289.875,5296.085,5280.64,5293.985
1769590800,5293.975,5297.76,5280.42,5281.84
1769591700,5281.815,5282.285,5268.62,5275.955
1769592600,5275.995,5280.555,5263.22,5267.045
1769593500,5267.08,5279.105,5267.08,5278.37
1769594400,5278.41,5285.95,5272.625,5282.215
1769595300,5282.205,5282.225,5276.425,5278.73
1769596200,5278.65,5279.15,5269.51,5274.75
1769597100,5274.975,5280.975,5269.925,5269.97
1769598000,5270.2,5270.77,5238.59,5260.815
1769598900,5260.545,5262.26,5246.82,5259.79
1769599800,5259.86,5262.62,5252.36,5261.62
1769600700,5261.565,5267.82,5259.895,5261.73
1769601600,5261.84,5264.28,5251.81,5261.445
1769602500,5261.455,5269.045,5258.375,5261.425
1769603400,5261.45,5273.17,5261.45,5269.79
1769604300,5269.69,5279.49,5265.43,5279.415
1769605200,5279.275,5289.71,5268.81,5275.25
1769606100,5275.24,5285.53,5273.3,5281.295
1769607000,5281.275,5285.495,5258.735,5261.635
1769607900,5261.635,5269.07,5257.015,5266.645
1769608800,5266.615,5270.35,5248.775,5262.61
1769609700,5262.625,5271.065,5259.005,5259.245
1769610600,5259.26,5284.235,5250.29,5279.345
1769611500,5279.385,5288.485,5270.225,5286.19
1769612400,5285.925,5298.35,5235.75,5256.535
1769613300,5256.54,5274.645,5244.76,5269.545
1769614200,5269.53,5284.38,5266.25,5280.195
1769615100,5280.35,5281.405,5267.115,5278.28
1769616000,5278.295,5289.075,5274.505,5284.275
1769616900,5284.25,5293.21,5282.005,5287.61
1769617800,5287.645,5289.315,5276.35,5283.25
1769618700,5283.225,5300.33,5281.795,5299.875
1769619600,5299.915,5307.285,5292.53,5295.85
1769620500,5295.94,5304.325,5288.885,5302.92
1769621400,5302.895,5303.545,5283.26,5288.035
1769622300,5288.03,5304.77,5284.695,5298.11
1769623200,5298.145,5305.7,5292.54,5300.06
1769624100,5300.145,5325.97,5298.98,5305.24
1769625000,5305.57,5308.21,5268.45,5273.74
1769625900,5273.7,5284.975,5271.46,5282.595
1769626800,5282.85,5297.83,5269.295,5297.605
1769627700,5297.6,5302.065,5282.735,5283.54
1769628600,5283.47,5312.43,5280.86,5310.84
1769629500,5310.85,5332.08,5304.48,5325.41
1769630400,5325.39,5338.96,5322.645,5326.765
1769631300,5326.74,5356.065,5320.9,5354.795
1769632200,5354.615,5391.46,5353.275,5383.98
1769633100,5383.985,5391.62,5367.305,5376.885
1769634000,5376.885,5396.215,5376.885,5386.72
1769634900,5386.73,5390.9,5379.855,5384.365
1769635800,5384.4,5389.915,5380.62,5386.67
1769636700,5386.49,5419.645,5383.035,5418.545
1769641200,5446.995,5475.385,5432.455,5475.02
1769642100,5475.025,5496.43,5472.345,5490.35
1769643000,5490.385,5602.225,5489.63,5531
1769643900,5531.06,5543.315,5484.3,5513.285
1769644800,5513.585,5514.4,5454.12,5495.185
1769645700,5495.165,5501.995,5463.41,5497.53
1769646600,5497.535,5527.24,5492.615,5509.155
1769647500,5508.985,5523.39,5500.645,5520.195
1769648400,5520.2,5526.57,5444.925,5480.015
1769649300,5480.02,5513.97,5480.02,5507.725
1769650200,5507.735,5551.96,5507.54,5540.16
1769651100,5540.175,5550.23,5526.56,5545.785
1769652000,5545.73,5546.39,5504.585,5522.165
1769652900,5521.975,5525.48,5510.395,5525.42
1769653800,5525.435,5550.06,5518.155,5526.035
1769654700,5525.975,5543.445,5521.645,5536.11
1769655600,5536.12,5549.09,5508.53,5538.82
1769656500,5538.905,5540.625,5521.91,5522.255
1769657400,5522.295,5538.03,5519.95,5528.27
1769658300,5528.275,5549.235,5527.215,5545.84
1769659200,5545.835,5552.425,5534.075,5534.515
1769660100,5534.475,5550.52,5533.265,5546.92
1769661000,5546.925,5564.725,5545.025,5557.88
1769661900,5557.52,5561.67,5550.82,5557.99
1769662800,5557.955,5561.645,5549.895,5560.085
1769663700,5560.11,5560.76,5515.995,5542.105
1769664600,5542.32,5555.37,5541.385,5549.775
1769665500,5549.79,5564.545,5548.45,5562.655
1769666400,5562.725,5588.7,5562.515,5584.465
1769667300,5584.46,5595.77,5574.165,5586.14
1769668200,5586.065,5587.85,5577.735,5582.25
1769669100,5582.24,5585.55,5554.955,5561.325
1769670000,5561.32,5575.28,5560.44,5561.7
1769670900,5561.705,5565.085,5536.905,5541.65
1769671800,5541.635,5557.99,5541.635,5549.435
1769672700,5549.41,5552.77,5543.705,5548.96
1769673600,5548.935,5554.845,5523.145,5537.925
1769674500,5537.95,5543.24,5523.74,5530.425
1769675400,5530.345,5530.88,5475.375,5483.575
1769676300,5483.58,5517.675,5473.555,5510.08
1769677200,5509.82,5516.015,5497.925,5507.68
1769678100,5507.675,5519.215,5500.465,5516.53
1769679000,5516.505,5529.875,5512.33,5524.605
1769679900,5524.6,5527.925,5511.11,5513.92
1769680800,5513.925,5524.455,5502.05,5524.03
1769681700,5524.01,5525.835,5505.935,5510.675
1769682600,5510.63,5510.63,5497.5,5508.15
1769683500,5508.26,5509.12,5482.495,5483.705
1769684400,5483.895,5507.125,5470.9,5507.09
1769685300,5507.105,5516.71,5505.51,5515.915
1769686200,5515.885,5519.78,5508.395,5514.715
1769687100,5514.73,5528.94,5514.73,5522.62
1769688000,5522.655,5539.105,5518.575,5535.695
1769688900,5535.75,5543.23,5528.3,5540.905
1769689800,5540.94,5542.6,5526.395,5529.99
1769690700,5529.975,5542.465,5527.4,5534.16
1769691600,5534.23,5541.215,5513.895,5514.94
1769692500,5514.975,5526.205,5507.87,5520.49
1769693400,5520.6,5530.98,5499.925,5526.06
1769694300,5526.095,5526.445,5506.495,5510.785
1769695200,5510.775,5539.485,5510.74,5529.125
1769696100,5529.105,5549.565,5516.915,5543.75
1769697000,5543.78,5545.345,5501.46,5518
1769697900,5517.85,5522.81,5491.24,5496.965
1769698800,5496.52,5496.66,5365.71,5384.665
1769699700,5384.545,5387.94,5097.215,5193.12
1769700600,5193.92,5260.705,5106.17,5124
1769701500,5123.875,5211.775,5117.785,5183.2
1769702400,5183.13,5277.62,5171.89,5274.875
1769703300,5274.99,5297.395,5234.71,5289.785
1769704200,5289.8,5311.67,5245.085,5273.24
1769705100,5273.2,5277.96,5228.195,5264.55
1769706000,5264.61,5299.555,5264.61,5297.26
1769706900,5297.21,5368.575,5295.295,5363.075
1769707800,5363.155,5375.735,5336.05,5368.395
1769708700,5368.465,5372.225,5314.595,5335.37
1769709600,5335.4,5358.895,5330.17,5355.195
1769710500,5355.095,5359.19,5307.695,5330.18
1769711400,5330.27,5360.795,5322.7,5342.11
1769712300,5342.12,5362.02,5336.225,5338.785
1769713200,5338.81,5345.75,5303.31,5307.24
1769714100,5307.225,5332.955,5305.74,5319.05
1769715000,5319.025,5327.65,5290.46,5317.09
1769715900,5317.015,5325.63,5298.745,5306
1769716800,5306.075,5310.98,5282.98,5295.995
1769717700,5296.005,5325.89,5289.745,5318.775
1769718600,5318.77,5358.315,5309.45,5354.575
1769719500,5354.44,5407.33,5353.15,5394.17
1769720400,5394.195,5405.99,5382.7,5398.71
1769721300,5398.66,5426.085,5388.56,5411.265
1769722200,5411.29,5412.225,5378.33,5383.865
1769723100,5383.975,5399.14,5369.18,5370.23
1769727600,5419.64,5448.89,5418.17,5421.41
1769728500,5421.79,5428.455,5387.62,5416.975
1769729400,5416.96,5439.545,5407.02,5438.46
1769730300,5438.51,5447.88,5428.69,5438.57
1769731200,5438.565,5451.16,5431.32,5445.255
1769732100,5445.27,5450.995,5418.845,5426.36
1769733000,5426.37,5436.715,5405.785,5411.8
1769733900,5411.805,5421.46,5389.895,5407.47
1769734800,5407.435,5410.625,5300,5309.78
1769735700,5309.82,5364.07,5306.145,5357.4
1769736600,5357.52,5373.265,5344.665,5349.8
1769737500,5349.79,5349.795,5290.44,5300.745
1769738400,5300.74,5312.725,5195.61,5211.795
1769739300,5211.78,5214.395,5112.105,5172.8
1769740200,5172.815,5230.855,5139.22,5216.725
1769741100,5216.765,5247.45,5202.6,5225.075
1769742000,5225.08,5230.07,5167.115,5181.43
1769742900,5181.565,5206.98,5172.885,5199.595
1769743800,5199.61,5222.265,5152.995,5154.795
1769744700,5154.805,5200.325,5149.93,5196.94
1769745600,5196.915,5225.97,5193.45,5214.83
1769746500,5214.755,5231.515,5198.7,5210.225
1769747400,5210.21,5227.08,5202.31,5203.125
1769748300,5203.1,5217.23,5200.34,5215.065
1769749200,5214.795,5225.615,5203.22,5225.205
1769750100,5225.215,5241.85,5223.915,5230.245
1769751000,5230.22,5239.73,5212.84,5232.77
1769751900,5232.78,5236.21,5180.175,5185.135
1769752800,5185.29,5205.81,5173.35,5191.645
1769753700,5191.585,5198.315,5156.565,5157.13
1769754600,5157.155,5179.895,5152.22,5158.145
1769755500,5158.155,5172.575,5144.87,5155.96
1769756400,5155.88,5186.445,5124.26,5173.7
1769757300,5173.72,5185.625,5164.93,5175
1769758200,5174.985,5178.93,5118.01,5147.16
1769759100,5147.155,5184.72,5143.13,5181.08
1769760000,5181.115,5181.115,5140.625,5145.98
1769760900,5145.955,5170.755,5133.32,5152.09
1769761800,5152.055,5155.04,5054.43,5096.725
1769762700,5096.73,5129.2,5092.44,5116.775
1769763600,5116.755,5133.05,5014.465,5028.405
1769764500,5028.86,5070.455,5020.775,5028.425
1769765400,5028.4,5069.365,4976.155,4976.98
1769766300,4976.505,5031.345,4941.5,5013.76
1769767200,5013.44,5053.355,5000.82,5038.8
1769768100,5038.815,5076.885,5032.035,5059.895
1769769000,5059.775,5093.72,5055.17,5078.225
1769769900,5078.23,5122.47,5076.28,5119.58
1769770800,5119.765,5127.24,5090.11,5120.75
1769771700,5120.955,5130.37,5105.505,5124.995
1769772600,5124.945,5138.075,5118.25,5121.145
1769773500,5121.325,5144.765,5088.485,5135.91
1769774400,5135.955,5145.98,5121.365,5129.21
1769775300,5129.395,5140.305,5109.87,5120.085
1769776200,5120.1,5136.315,5103.33,5114.07
1769777100,5114.13,5116.11,5055.375,5064.675
1769778000,5064.62,5100.2,5054.055,5075.675
1769778900,5075.875,5077.61,5014.15,5026.8
1769779800,5027.92,5048.71,5011.045,5038.135
1769780700,5038.125,5038.125,4992.555,5019.645
1769781600,5019.53,5073.57,5018,5052.905
1769782500,5052.785,5088.085,5041.105,5072.32
1769783400,5072.055,5113.795,5055.975,5081.215
1769784300,5081.165,5097.4,5014.07,5033.255
1769785200,5033.24,5046.3,4980.8,5027.95
1769786100,5027.96,5060.74,5027.565,5045.96
1769787000,5045.945,5074.065,5039.94,5059.015
1769787900,5059.02,5074.36,5038.13,5050.925
1769788800,5050.9,5052.3,5016.4,5030.46
1769789700,5030.465,5035.665,4986.685,4995.62
1769790600,4995.615,5017.47,4960.245,5010.575
1769791500,5010.58,5015.01,4943.18,4985.7
1769792400,4985.71,4986.51,4900.47,4915.695
1769793300,4915.69,4940.845,4898.995,4925.735
1769794200,4925.705,4925.705,4838.62,4859.805
1769795100,4859.735,4879.07,4800.855,4850.225
1769796000,4850.19,4890.6,4787.015,4808.695
1769796900,4808.73,4818.445,4691.755,4742.65
1769797800,4742.75,4787.695,4679.51,4779.275
1769798700,4779.36,4893.795,4772.9,4878.955
1769799600,4879.135,4918.27,4871.075,4889.25
1769800500,4889.205,4901.295,4836.87,4893.325
1769801400,4893.32,4930.16,4881.385,4926.755
1769802300,4926.825,4948.545,4909.04,4932.84
1769803200,4932.845,4932.945,4878.605,4900.18
1769804100,4900.17,4913.8,4880.21,4890.49
1769805000,4890.535,4894.105,4843.94,4862.02
1769805900,4861.94,4879.885,4807.725,4847.57
1769806800,4847.605,4863.95,4831.905,4840.79
1769807700,4840.93,4890.475,4837.315,4874.985
1769808600,4875.04,4881.91,4849.96,4861.15
1769809500,4861.16,4901.69,4857.56,4895.44
1769986800,4833.89,4834.255,4712.805,4737.79
1769987700,4738.025,4759.385,4697.14,4728.06
1769988600,4728.12,4790.87,4715.53,4774.755
1769989500,4774.78,4778.81,4721.695,4742.1
1769990400,4742.22,4846.055,4740.755,4844.58
1769991300,4844.68,4884.56,4827.43,4846.325
1769992200,4846.35,4847.21,4795.2,4804.505
1769993100,4804.39,4808.4,4760.255,4766.465
1769994000,4766.505,4785.045,4584.82,4643.73
1769994900,4644,4710.355,4641.245,4697.73
1769995800,4697.715,4740.345,4667.735,4714.08
1769996700,4714.095,4750.225,4704.5,4736.89
1769997600,4736.79,4749.47,4696.825,4731.26
1769998500,4731.245,4746.14,4715.33,4739.73
1769999400,4739.68,4773.225,4735.895,4764.67
1770000300,4764.515,4764.825,4697.25,4710.84
1770001200,4710.835,4728.46,4689.93,4692.195
1770002100,4692.19,4729.825,4660.57,4696.265
1770003000,4696.21,4700.945,4630.67,4666.31
1770003900,4666.715,4694.885,4639.56,4646.855
1770004800,4646.81,4663.77,4603.14,4662.61
1770005700,4662.365,4705.425,4660.505,4670.97
1770006600,4670.965,4699.855,4657.105,4688.815
1770007500,4688.78,4713.375,4672.045,4679.745
1770008400,4679.725,4697.085,4649.81,4663.26
1770009300,4663.295,4674.695,4649.955,4658.71
1770010200,4658.485,4658.99,4573.17,4575.685
1770011100,4575.66,4579.55,4498.085,4549.31
1770012000,4549.25,4574.03,4520.455,4535.475
1770012900,4535.485,4549.9,4433.49,4486
1770013800,4486.025,4501.135,4402.38,4452.675
1770014700,4452.66,4523.16,4429.915,4505.79
1770015600,4505.745,4554.195,4484.55,4537.27
1770016500,4537.3,4575.085,4523.66,4560.27
1770017400,4560.39,4592.96,4524.76,4582.77
1770018300,4582.795,4619.31,4581.43,4587.4
1770019200,4587.495,4628.565,4559.075,4610.21
1770020100,4610.25,4650.41,4600.76,4646.48
1770021000,4646.49,4650.24,4607.41,4641.68
1770021900,4641.59,4651.5,4627.385,4641.065
1770022800,4640.82,4657.75,4603.165,4646.795
1770023700,4646.76,4700.27,4626.125,4690.22
1770024600,4690.21,4713.115,4678.8,4688.04
1770025500,4687.975,4731.64,4684.505,4719.6
1770026400,4719.255,4733.805,4704.08,4730.61
1770027300,4730.62,4731.165,4670.555,4682.605
1770028200,4682.665,4698.615,4661.295,4673.37
1770029100,4673.34,4711.96,4657.01,4705.655
1770030000,4705.62,4749.745,4703.27,4749.29
1770030900,4749.295,4760.66,4740.155,4753.48
1770031800,4753.465,4779.12,4747.645,4773.28
1770032700,4773.34,4780.07,4757.17,4766.24
1770033600,4766.235,4777.495,4743.715,4763.08
1770034500,4762.915,4790.655,4760.26,4777.965
1770035400,4778.27,4797.415,4770.445,4797.205
1770036300,4797.46,4812.265,4773.215,4794.555
1770037200,4794.39,4804.2,4721,4783.45
1770038100,4783.445,4794.185,4728.45,4739.31
1770039000,4739.29,4741.945,4669.27,4686.02
1770039900,4685.83,4722.72,4684.225,4706.305
1770040800,4706.305,4739.035,4699.805,4726.31
1770041700,4726.23,4730.025,4680.24,4721.935
1770042600,4721.94,4794.685,4709.575,4753.635
1770043500,4753.705,4763.055,4700.43,4718.945
1770044400,4718.375,4745.54,4690.595,4711.325
1770045300,4711.31,4727.885,4673.59,4681.285
1770046200,4681.27,4704.725,4647.64,4675.69
1770047100,4675.685,4678.12,4617.31,4619.85
1770048000,4619.82,4704.505,4596.74,4697.48
1770048900,4697.495,4708.905,4662.905,4671.885
1770049800,4671.87,4688.775,4645.23,4669.225
1770050700,4669.15,4676.84,4649.58,4666.18
1770051600,4666.175,4714.105,4660.025,4707.945
1770052500,4707.95,4713.73,4660.405,4667.96
1770053400,4667.98,4688.33,4656.855,4674.94
1770054300,4674.97,4688.495,4663.22,4674.11
1770055200,4674.21,4674.415,4632.435,4636.215
1770056100,4636.285,4647.07,4618.67,4632.925
1770057000,4632.985,4674.035,4632.985,4657.395
1770057900,4657.39,4672.26,4644.49,4657.88
1770058800,4657.89,4662.43,4637.195,4647.2
1770059700,4647.155,4654.56,4631.55,4643.675
1770060600,4643.73,4699.735,4637.33,4694.755
1770061500,4694.8,4712.925,4676.86,4685.41
1770062400,4685.405,4701.06,4669.235,4692.46
1770063300,4692.435,4693.03,4651.495,4670.615
1770064200,4670.74,4693.01,4657.345,4680.63
1770065100,4680.655,4682.44,4647.875,4653.115
1770066000,4653.16,4677.025,4644.21,4675.255
1770066900,4675.515,4687.05,4660.32,4681.035
1770067800,4681.105,4686.145,4667.945,4669.315
1770068700,4669.32,4672.64,4648.705,4661.055
1770073200,4704.095,4723.765,4695.53,4718.48
1770074100,4718.49,4763.72,4716.215,4738.09
1770075000,4738.08,4751.28,4716.88,4731.655
1770075900,4731.61,4775.865,4729.405,4774.575
1770076800,4774.605,4797.17,4766.035,4787.115
1770077700,4787.19,4829.655,4787.19,4820.34
1770078600,4820.255,4831.095,4813.855,4821.38
1770079500,4821.38,4827.74,4774.025,4780.485
1770080400,4780.81,4830.565,4766.29,4829.565
1770081300,4829.58,4856.76,4823.53,4853.82
1770082200,4853.845,4856.61,4830.375,4845.755
1770083100,4845.77,4850.435,4820.435,4841.405
1770084000,4841.38,4842.045,4789.885,4801.085
1770084900,4801.09,4802.08,4757.115,4772.51
1770085800,4772.52,4787.865,4755.43,4755.475
1770086700,4755.1,4784.965,4745.68,4783.68
1770087600,4783.71,4794.43,4762.33,4768.905
1770088500,4768.885,4780.57,4751.885,4773.395
1770089400,4773.39,4812.45,4770.42,4805.56
1770090300,4805.585,4813.535,4786.76,4809.505
1770091200,4809.545,4825.17,4808.375,4815.85
1770092100,4815.845,4818.9,4800.905,4806.565
1770093000,4806.475,4825.415,4806.17,4820.72
1770093900,4820.71,4825.155,4807.985,4809.18
1770094800,4809.42,4821.815,4809.3,4813.115
1770095700,4813.09,4842.3,4812.36,4839.74
1770096600,4839.68,4840.105,4816.935,4820.905
1770097500,4820.895,4830.51,4813.46,4825.305
1770098400,4825.365,4849.075,4816.66,4843.095
1770099300,4842.935,4875.32,4841.815,4871.6
1770100200,4871.615,4893.695,4868.63,4891.29
1770101100,4891.285,4893.815,4864.77,4881.315
1770102000,4881.445,4893.415,4872.05,4893.15
1770102900,4893.145,4901.765,4879.775,4900.35
1770103800,4900.505,4933.785,4898.9,4921.195
1770104700,4921.095,4927.44,4912.91,4917.365
1770105600,4917.54,4932.205,4898.34,4928.435
1770106500,4928.43,4942.045,4927.5,4936.605
1770107400,4936.6,4950.68,4930.72,4935.915
1770108300,4935.905,4938.925,4911.41,4912.675
1770109200,4912.595,4924.035,4908.005,4916.35
1770110100,4916.335,4916.575,4890.37,4891.625
1770111000,4891.63,4922.485,4884.625,4921.515
1770111900,4921.525,4926.395,4914.915,4916.175
1770112800,4916.21,4930.075,4914.15,4923.02
1770113700,4923.125,4923.165,4914.085,4914.695
1770114600,4914.715,4924.02,4913.775,4920.12
1770115500,4919.985,4924.355,4901.735,4902.57
1770116400,4902.63,4912.72,4889.88,4906.765
1770117300,4906.56,4910.275,4883.69,4901.25
1770118200,4901.24,4919.485,4898.465,4909.77
1770119100,4909.765,4917.42,4898.92,4917.01
1770120000,4916.915,4936.63,4910.025,4925.08
1770120900,4925.09,4926.115,4892.27,4902.565
1770121800,4902.57,4919.71,4900.23,4912.445
1770122700,4912.46,4918.735,4907.2,4913.83
1770123600,4913.825,4930.975,4902.895,4929.06
1770124500,4929.095,4939.52,4917.245,4934.485
1770125400,4934.49,4942.2,4928.845,4941.86
1770126300,4941.88,4951.295,4921.045,4933.07
1770127200,4933.14,4937.195,4917.665,4924.215
1770128100,4924.17,4925.53,4896.25,4925.11
1770129000,4925.235,4929.23,4893.775,4918.5
1770129900,4918.47,4930.62,4910.01,4917.07
1770130800,4916.945,4948.84,4904.805,4936.405
1770131700,4936.435,4943.14,4908.325,4925.25
1770132600,4925.205,4929.05,4908.18,4924.12
1770133500,4924.115,4935.85,4918.28,4935.445
1770134400,4935.595,4946.13,4929.665,4944.265
1770135300,4944.24,4980.76,4941.45,4973.38
1770136200,4973.355,4993.835,4964.465,4980.96
1770137100,4980.955,4983.47,4951.83,4955.63
1770138000,4955.415,4962.525,4923.42,4944.27
1770138900,4944.175,4970.05,4937.27,4948.63
1770139800,4948.61,4964.845,4913.565,4922.27
1770140700,4922.36,4948.265,4907.63,4929.04
1770141600,4928.675,4954.285,4926.435,4943.225
1770142500,4943.26,4948.545,4904.83,4908.97
1770143400,4908.985,4918.705,4884.765,4906.15
1770144300,4905.79,4915.43,4891.58,4908.43
1770145200,4908.35,4918.03,4880.595,4915.895
1770146100,4915.91,4933.74,4914.84,4930.68
1770147000,4930.605,4948.87,4922.265,4940.4
1770147900,4940.41,4942.355,4915.89,4927.23
1770148800,4927.09,4927.375,4902.11,4921.065
1770149700,4921.16,4942.205,4911.89,4939.28
1770150600,4939.325,4957.21,4937.65,4951.88
1770151500,4951.89,4956.78,4932.79,4944.105
1770152400,4944.125,4964.24,4938.38,4958.16
1770153300,4958.15,4958.66,4942.97,4950.78
1770154200,4950.79,4958.435,4935.535,4940.415
1770155100,4940.425,4949.245,4934.075,4946.805
1770159600,4959.765,4959.765,4909.17,4933.125
1770160500,4933.145,4945.18,4920.285,4923.855
1770161400,4923.875,4951.03,4920.69,4948.75
1770162300,4948.745,4955.74,4940.03,4947.82
1770163200,4947.84,4988.165,4946.16,4987.155
1770164100,4987.145,5000.4,4978.24,4981.52
1770165000,4981.425,4994.61,4968.515,4987.31
1770165900,4987.305,5016.53,4987.07,5015.855
1770166800,5015.83,5053.675,4985.05,5051.23
1770167700,5051.21,5053.575,5031.47,5037.445
1770168600,5037.455,5039.5,5010.965,5032.55
1770169500,5032.545,5050.545,5028.26,5046.855
1770170400,5046.81,5065.795,5046.695,5060
1770171300,5059.995,5065.19,5052.99,5057.86
1770172200,5057.855,5062.33,5039.22,5060.875
1770173100,5060.88,5061.335,5035.72,5040.2
1770174000,5040.155,5056.415,5036.055,5049.07
1770174900,5049.065,5055.075,5039.35,5051.945
1770175800,5052.01,5072.395,5051.815,5062.905
1770176700,5062.88,5073.745,5061.74,5070.115
1770177600,5070.045,5073.94,5062.995,5072.87
1770178500,5072.875,5074.125,5056.28,5061.975
1770179400,5061.965,5073.135,5060.44,5072.04
1770180300,5071.94,5081.54,5071.325,5080.665
1770181200,5080.615,5084,5076.86,5083.025
1770182100,5083.03,5085.48,5078.87,5080.2
1770183000,5080.275,5086.83,5069.29,5081.38
1770183900,5081.7,5090.435,5077.31,5079.455
1770184800,5079.46,5083.17,5055.855,5059.905
1770185700,5059.915,5068.39,5051.155,5054.44
1770186600,5054.485,5070.97,5053.855,5070.46
1770187500,5070.465,5080.215,5067.585,5076.87
1770188400,5076.855,5082.93,5063.235,5063.335
1770189300,5063.615,5089.65,5062.505,5089.36
1770190200,5089.345,5090.445,5066.47,5080.79
1770191100,5080.645,5091.755,5080.335,5084.905
1770192000,5084.895,5091.93,5074.855,5077.49
1770192900,5077.61,5087.58,5076.885,5084.24
1770193800,5084.28,5085.32,5068.87,5079.635
1770194700,5079.705,5085.235,5071.505,5083.73
1770195600,5083.63,5086.975,5067.895,5069.095
1770196500,5069.025,5069.255,5053.38,5056.95
1770197400,5056.975,5066.205,5043.245,5057.405
1770198300,5057.355,5064.45,5047.405,5060.1
1770199200,5060.245,5064.58,5048.165,5054.005
1770200100,5053.995,5056.825,5041.98,5043.47
1770201000,5044.27,5061.63,5044.27,5060.115
1770201900,5060.09,5061.155,5045.67,5048.7
1770202800,5048.675,5053.495,5042.505,5042.7
1770203700,5042.665,5044.38,5013.77,5023.965
1770204600,5023.97,5040.23,5022.06,5032.545
1770205500,5032.585,5050.5,5030.25,5047.49
1770206400,5047.56,5055.375,5037.385,5045.495
1770207300,5045.58,5050.34,5039.99,5047.625
1770208200,5047.63,5063.51,5047.47,5055.75
1770209100,5055.885,5058.175,5036.495,5041.295
1770210000,5041.375,5046.235,5023.735,5031.18
1770210900,5031,5054.43,5030.325,5049.32
1770211800,5049.405,5059.105,5033.055,5036.975
1770212700,5036.845,5063.735,5035.52,5054.185
1770213600,5054.195,5059.23,5034.455,5048.065
1770214500,5048.055,5051.36,5028.94,5031.445
1770215400,5031.43,5038.29,4967.005,4997.305
1770216300,4997.545,5018.49,4970.925,4987.045
1770217200,4987.04,5008.05,4972.53,4990.35
1770218100,4990.34,4994.015,4950.545,4958.16
1770219000,4958.18,4962.52,4887.62,4944.605
1770219900,4944.59,4950.515,4909.805,4920.41
1770220800,4920.36,4940.31,4895.46,4932.085
1770221700,4932.19,4936.47,4890.46,4924.515
1770222600,4924.535,4934.845,4895.135,4897.075
1770223500,4896.955,4910.52,4848.405,4904.53
1770224400,4904.54,4923.38,4892.41,4921.265
1770225300,4921.35,4925.77,4888.225,4917.635
1770226200,4917.675,4931.535,4902.705,4907.88
1770227100,4907.86,4910.315,4895.095,4897.86
1770228000,4897.92,4921.435,4872.865,4910.535
1770228900,4910.525,4935.09,4896.105,4926.365
1770229800,4926.39,4928.72,4903.935,4920.17
1770230700,4920.185,4932.465,4910.83,4927.68
1770231600,4927.795,4946.975,4914.575,4946.665
1770232500,4946.64,4950.325,4920.69,4933.975
1770233400,4933.915,4945.15,4928.71,4942.415
1770234300,4942.12,4957.72,4931.325,4941.72
1770235200,4941.775,4945.85,4921.515,4933.74
1770236100,4933.75,4937.08,4919.41,4922.75
1770237000,4922.8,4951.85,4914.245,4942.555
1770237900,4942.585,4951.295,4934.12,4938.33
1770238800,4938.24,4953.9,4937.49,4953.645
1770239700,4953.625,4959.605,4949.595,4959.075
1770240600,4959.05,4970.43,4952.88,4962.12
1770241500,4962.13,4971.18,4958.77,4964.455
1770246000,4995.96,5010.165,4987.85,5009.99
1770246900,5010.01,5021.315,5000.5,5019.8
1770247800,5019.805,5023.755,5009.665,5022.98
1770248700,5022.91,5024.03,5008.2,5012.535
1770249600,5012.42,5018.385,4996.95,4998.63
1770250500,4998.62,5019.65,4997.655,5015.975
1770251400,5015.89,5018.495,5009.295,5018.42
1770252300,5018.415,5020.555,5004.195,5006.845
1770253200,5007.335,5012.325,4967.275,4968.455
1770254100,4968.405,4973.58,4935.81,4952.57
1770255000,4952.575,4985.25,4952.52,4980.165
1770255900,4980.16,4986.56,4957.92,4959.135
1770256800,4959.185,4962.33,4902.45,4915.805
1770257700,4915.745,4942.335,4895.77,4936.895
1770258600,4936.905,4941,4895.55,4896.985
1770259500,4897.03,4899.21,4805.98,4812.24
1770260400,4812.26,4858.475,4789.655,4847.365
1770261300,4847.28,4888.69,4833.4,4859.345
1770262200,4859.325,4879.855,4839.39,4867.435
1770263100,4867.385,4886.1,4852.68,4880.96
1770264000,4880.83,4885.455,4863.515,4875.41
1770264900,4875.48,4891.49,4871.225,4887.01
1770265800,4887.23,4888.41,4870.165,4886.64
1770266700,4886.665,4888.21,4863.78,4864.19
1770267600,4864.165,4876.165,4849.06,4852.995
1770268500,4852.68,4870.625,4840.345,4869.105
1770269400,4869.1,4887.455,4825.83,4885.68
1770270300,4885.725,4906.57,4885.71,4896.725
1770271200,4896.71,4920.635,4877.655,4910.58
1770272100,4910.535,4930.3,4901.395,4929.705
1770273000,4929.71,4930.56,4909.585,4929.42
1770273900,4929.555,4934.125,4898.68,4920.27
1770274800,4920.255,4931.21,4915.9,4922.02
1770275700,4921.96,4940.92,4911.34,4932.38
1770276600,4932.37,4933.685,4896.065,4910.62
1770277500,4910.56,4920.46,4907.21,4915.145
1770278400,4915.1,4942.705,4912.665,4940.82
1770279300,4940.84,4943.735,4919.495,4920.995
1770280200,4920.985,4929.445,4917.22,4922.355
1770281100,4922.35,4923.25,4900.9,4911.89
1770282000,4911.865,4914.15,4862.605,4863.57
1770282900,4863.5,4887.315,4853.275,4874.49
1770283800,4874.485,4891.59,4873.525,4890.215
1770284700,4889.905,4894.525,4849.9,4855.395
1770285600,4855.39,4874.775,4852.26,4874.65
1770286500,4874.37,4878.35,4847.485,4861.875
1770287400,4861.89,4879.675,4852.005,4876.65
1770288300,4877.09,4887.115,4868.435,4877.325
1770289200,4877.32,4889.195,4877.065,4887.47
1770290100,4887.5,4894.805,4879.4,4892.235
1770291000,4892.255,4893.505,4870.465,4872
1770291900,4872.04,4886.415,4864.475,4868.365
1770292800,4868.44,4878.36,4834.4,4840.52
1770293700,4840.43,4848.595,4810.8,4848.005
1770294600,4848,4871.12,4840.805,4848.275
1770295500,4848.27,4868.095,4837.99,4854.245
1770296400,4854.22,4855.35,4802.06,4826.675
1770297300,4826.645,4865.99,4825.165,4850.405
1770298200,4850.83,4868.82,4822.78,4825.05
1770299100,4825.025,4847.045,4820.205,4835.635
1770300000,4835.645,4850.55,4811.865,4814.875
1770300900,4814.87,4838.54,4810.195,4835.37
1770301800,4835.385,4865.935,4806.26,4859.31
1770302700,4859.38,4869.81,4839.22,4846.34
1770303600,4846.01,4866.825,4822.06,4828.57
1770304500,4828.56,4846.045,4813.52,4819.92
1770305400,4819.855,4838.515,4809.885,4811.78
1770306300,4811.81,4825.56,4800.535,4817.91
1770307200,4817.89,4841.935,4812.675,4820.695
1770308100,4820.705,4856.92,4818.665,4849.98
1770309000,4849.985,4880.47,4844.77,4878.445
1770309900,4878.595,4906.735,4864.44,4888.855
1770310800,4888.885,4890.59,4865.895,4875.405
1770311700,4875.36,4880.425,4859.225,4867.505
1770312600,4867.47,4878.68,4859.555,4870.915
1770313500,4871.05,4885.325,4863.845,4869.025
1770314400,4868.98,4875.25,4855.015,4861.49
1770315300,4861.485,4875.23,4851.69,4869.71
1770316200,4869.765,4873.245,4854.29,4870.68
1770317100,4870.94,4873.325,4851.31,4858.13
1770318000,4858.055,4865.355,4842.4,4851.31
1770318900,4851.395,4859.82,4846.725,4851.545
1770319800,4851.53,4854.21,4828.11,4837.2
1770320700,4837.165,4843.93,4823.85,4829.485
1770321600,4829.66,4843.555,4813.595,4833.495
1770322500,4833.62,4835.965,4810.78,4825.74
1770323400,4825.775,4832.125,4807.11,4813.045
1770324300,4813.035,4817.335,4793.205,4811.575
1770325200,4811.585,4826.315,4804.96,4810.575
1770326100,4810.62,4814.015,4795.655,4802.795
1770327000,4802.78,4804.935,4759.745,4764.17
1770327900,4764.145,4782.02,4759.48,4780.675
1770332400,4778.27,4782.14,4766.165,4769.165
1770333300,4769.13,4773.29,4748.7,4751.94
1770334200,4751.935,4757.045,4732.925,4742.04
1770335100,4742.03,4743.275,4703.485,4703.78
1770336000,4703.775,4707.695,4679.745,4682.54
1770336900,4682.535,4730.4,4655.23,4724.4
1770337800,4724.415,4760.745,4708.1,4759.3
1770338700,4758.785,4764.72,4739.055,4763.3
1770339600,4763.315,4763.735,4693.835,4747.725
1770340500,4747.72,4762.935,4704.475,4712.06
1770341400,4712.135,4747.55,4705.275,4741.82
1770342300,4741.795,4785.005,4736.695,4774.51
1770343200,4774.49,4796.965,4760.865,4788.06
1770344100,4788.055,4821.92,4783.005,4820.735
1770345000,4820.645,4846.66,4809.54,4826.045
1770345900,4826.07,4832.54,4809.345,4816.73
1770346800,4816.685,4839.665,4808.96,4814.52
1770347700,4814.475,4828.05,4801.375,4811.71
1770348600,4811.73,4825.36,4800.515,4805.31
1770349500,4805.305,4827.67,4805.295,4824.385
1770350400,4824.35,4828.075,4815.18,4819.445
1770351300,4819.45,4827.925,4807.265,4826.675
1770352200,4826.665,4832.005,4819.915,4822.54
1770353100,4822.8,4824.715,4810.395,4813.965
1770354000,4813.63,4826.225,4807.72,4824.28
1770354900,4824.285,4852.46,4819.445,4852.18
1770355800,4852.165,4871.555,4837.18,4865.93
1770356700,4865.935,4898.15,4862.39,4897.55
1770357600,4897.465,4903.4,4865.78,4866.74
1770358500,4866.745,4872.37,4848.52,4853.75
1770359400,4853.68,4866.975,4836.64,4846.54
1770360300,4846.52,4856.295,4824.705,4846.36
1770361200,4846.35,4854.845,4838.215,4849.34
1770362100,4849.33,4861.91,4842.6,4858.555
1770363000,4858.535,4860.105,4847.7,4856.87
1770363900,4856.82,4857.125,4840.2,4841.03
1770364800,4841.09,4854.035,4829.71,4851.565
1770365700,4851.56,4874.5,4848.17,4867.61
1770366600,4867.62,4882.34,4855.525,4860.345
1770367500,4860.365,4864.62,4852.605,4862.06
1770368400,4861.905,4871.505,4839.755,4840.195
1770369300,4840.24,4866.96,4838.68,4863.745
1770370200,4863.73,4873.07,4858.42,4858.45
1770371100,4858.455,4870.985,4856.475,4866.805
1770372000,4866.8,4877.97,4866.115,4872.135
1770372900,4872.3,4876.47,4852.045,4855.205
1770373800,4854.975,4878.29,4853.295,4875.615
1770374700,4875.61,4880.13,4867.495,4878.76
1770375600,4878.755,4888.04,4863.83,4884.635
1770376500,4884.545,4894.065,4878.705,4891.01
1770377400,4891.015,4893.58,4880.335,4886.86
1770378300,4886.855,4896.1,4883,4887.38
1770379200,4887.375,4903.61,4883.815,4896.16
1770380100,4896.16,4896.52,4871.66,4877.845
1770381000,4877.89,4896.115,4877.275,4894.555
1770381900,4894.285,4903.94,4894.285,4900.465
1770382800,4900.47,4927.66,4897.355,4909.8
1770383700,4909.845,4928.425,4904.98,4909.05
1770384600,4909.02,4938.505,4908.83,4932.36
1770385500,4932.305,4934.68,4921.93,4929.115
1770386400,4929.13,4933.01,4909.68,4922.015
1770387300,4922.02,4926.5,4894.45,4905.31
1770388200,4905.29,4947.66,4897.55,4932.51
1770389100,4932.535,4949.975,4927.28,4948.29
1770390000,4948.16,4964.815,4938.985,4948.09
1770390900,4948.12,4960.08,4935.55,4955.655
1770391800,4955.87,4960.65,4939.305,4942.87
1770392700,4942.92,4951.06,4928.5,4943.77
1770393600,4943.725,4950.46,4937.185,4940.82
1770394500,4940.695,4946.005,4921.85,4938.63
1770395400,4938.66,4948.435,4930.015,4940.145
1770396300,4940.1,4953.62,4936.555,4951.875
1770397200,4951.83,4960.845,4949.34,4957.725
1770398100,4957.76,4959.42,4952.53,4954.645
1770399000,4954.62,4968.72,4948.24,4954.375
1770399900,4954.38,4964.28,4953.675,4960.6
1770400800,4960.58,4971.34,4958.94,4965.76
1770401700,4965.75,4966.5,4943.835,4956.155
1770402600,4956.14,4965.675,4951.66,4964.465
1770403500,4964.49,4968.655,4960.75,4962.47
1770404400,4962.48,4963.285,4953.945,4958.755
1770405300,4958.72,4962.105,4957.165,4957.675
1770406200,4957.66,4958.805,4948.585,4952.06
1770407100,4952.04,4962.77,4951.785,4957.135
1770408000,4957.14,4959.34,4951.15,4953.335
1770408900,4953.325,4957.465,4946.7,4955.11
1770409800,4955.115,4955.205,4936.69,4944.1
1770410700,4944.09,4954.26,4940.2,4953.33
1770411600,4953.345,4958.395,4946.4,4949.635
1770412500,4949.64,4954.9,4947.58,4953.975
1770413400,4953.99,4964.66,4953.71,4960.74
1770414300,4960.59,4968.915,4957.98,4964.62
1770591600,4989.93,4990.67,4965.42,4980.36
1770592500,4980.45,5028.35,4976.795,5024.765
1770593400,5024.49,5044.45,5020.15,5041.75
1770594300,5041.745,5047.915,5033.855,5036.085
1770595200,5036.07,5045.11,5025.07,5029.75
1770596100,5029.845,5041.465,5022.365,5035.54
1770597000,5035.585,5037.905,5016.76,5028.06
1770597900,5028.105,5028.12,5012.075,5019.93
1770598800,5020.51,5042.105,5005.435,5019.305
1770599700,5019.205,5032.46,5010.225,5017.34
1770600600,5017.365,5022.63,4976.15,5009.92
1770601500,5009.925,5012.4,4980.25,4983.005
1770602400,4982.955,5001.05,4968.885,4997.265
1770603300,4997.26,5001.765,4989.415,5001.38
1770604200,5001.375,5006.48,4989.62,4997.11
1770605100,4997.445,5017.585,4986.465,5007.245
1770606000,5007.23,5021.585,5005.72,5020.49
1770606900,5020.495,5027.015,5012.49,5025.09
1770607800,5025.06,5031.275,5018.805,5024.905
1770608700,5024.89,5028.12,5012.305,5016.06
1770609600,5016.105,5023.86,5012.25,5012.25
1770610500,5012.24,5024.845,5008.775,5017.61
1770611400,5017.595,5023.175,5014.95,5018.72
1770612300,5018.715,5020.485,5007.42,5011.955
1770613200,5011.975,5020.175,5011.315,5015.45
1770614100,5015.53,5031.805,5015.52,5030.3
1770615000,5030.085,5041.755,5025.87,5034.345
1770615900,5034.42,5038.21,5023.43,5036.605
1770616800,5036.68,5045.815,5031.71,5034.45
1770617700,5034.075,5037.62,5013.92,5025.58
1770618600,5025.615,5036.48,5020.895,5035.77
1770619500,5035.77,5040.255,5027.035,5031.155
1770620400,5031.135,5031.14,5008.225,5013.31
1770621300,5013.435,5015.29,4997.855,5008.61
1770622200,5008.715,5015.29,5007.4,5012.805
1770623100,5012.81,5012.955,5001.155,5006.475
1770624000,5006.455,5021.35,5003,5020.335
1770624900,5020.34,5032.115,5020.25,5025.9
1770625800,5025.71,5032.665,5021.355,5029.6
1770626700,5029.595,5036.2,5024.19,5027.56
1770627600,5027.675,5041.4,5022.935,5025.89
1770628500,5025.885,5027.645,5016.41,5024.425
1770629400,5024.38,5027.485,5011.835,5014.74
1770630300,5014.65,5015.615,5002.78,5007.985
1770631200,5007.93,5013.885,4996.71,5010.29
1770632100,5010.2,5015.45,4986.235,4991.27
1770633000,4991.275,4999.52,4982.495,4987.01
1770633900,4986.97,4999.255,4983.175,4991.025
1770634800,4991.015,4999.27,4988.855,4993.17
1770635700,4993.215,5006.875,4991.32,5006.12
1770636600,5006.11,5013.205,5001.27,5008.78
1770637500,5008.74,5018.335,5007.61,5010.83
1770638400,5010.84,5017.475,5007.49,5016.55
1770639300,5016.73,5018.045,5010.58,5014.31
1770640200,5014.32,5021.92,5009.68,5015.445
1770641100,5015.47,5019.155,5007.435,5013.385
1770642000,5013.405,5025,5007.84,5022.185
1770642900,5022.18,5024.415,5003.57,5004.385
1770643800,5004.34,5014.965,4995.125,4998.81
1770644700,4998.815,5010.975,4996.425,5007.34
1770645600,5007.38,5017.67,5002.4,5015.405
1770646500,5015.4,5023.98,5009.86,5020.845
1770647400,5020.775,5037.295,5014.005,5036.665
1770648300,5036.69,5040.845,5031.01,5038.01
1770649200,5037.805,5042.37,5028.41,5030.19
1770650100,5030.21,5035.625,5023.76,5033.41
1770651000,5033.46,5056.365,5033.36,5055.945
1770651900,5056.025,5060.56,5052.615,5059.065
1770652800,5059.05,5068.725,5056.655,5063.815
1770653700,5063.9,5079.905,5063.68,5072.495
1770654600,5072.53,5078.74,5066.875,5078.265
1770655500,5078.235,5080.895,5071.02,5073.57
1770656400,5073.585,5075.62,5060.905,5063.63
1770657300,5063.68,5071.905,5063.6,5068.21
1770658200,5068.325,5070.575,5061.135,5062.625
1770659100,5062.645,5064.22,5040.965,5046.3
1770660000,5046.29,5059.345,5046.265,5058.49
1770660900,5058.47,5059.94,5044.44,5054.28
1770661800,5054.505,5059.62,5048.74,5056.41
1770662700,5056.475,5064.125,5051.545,5062.85
1770663600,5062.84,5069.27,5062.495,5066.48
1770664500,5066.485,5074.37,5064.21,5074.225
1770665400,5074.23,5080.145,5072.9,5075.79
1770666300,5075.72,5077.93,5073.205,5074.62
1770667200,5074.685,5080.76,5073.52,5079.415
1770668100,5079.38,5081.86,5075.86,5080.54
1770669000,5080.555,5086.68,5072.215,5077.75
1770669900,5077.8,5082.965,5073.505,5079.705
1770670800,5079.7,5083.2,5061.805,5063.305
1770671700,5063.2,5066.35,5048.4,5055.18
1770672600,5055.195,5064.65,5054,5061.815
1770673500,5061.81,5066.385,5056.965,5057.775
1770678000,5057.535,5064.13,4987.385,5013.305
1770678900,5013.31,5029.1,5002.3,5023.755
1770679800,5023.795,5040.975,5013.675,5040.205
1770680700,5040.205,5042.67,5029.975,5031.995
1770681600,5032,5048.65,5032,5035.31
1770682500,5035.32,5044.76,5031.735,5034.195
1770683400,5034.21,5041.06,5015.68,5023.82
1770684300,5023.98,5025.5,5009.015,5018.91
1770685200,5018.85,5034.665,5012.59,5031.575
1770686100,5031.58,5038.005,5013.875,5017.41
1770687000,5017.385,5033.115,5015.175,5029.14
1770687900,5029.19,5036.27,5024.415,5033.055
1770688800,5032.98,5046.535,5031.64,5042.13
1770689700,5042.08,5056.34,5040.2,5047.41
1770690600,5047.45,5053.1,5042.085,5050.5
1770691500,5050.545,5052.74,5034.995,5038.66
1770692400,5038.6,5038.6,5025.525,5026.945
1770693300,5026.91,5028.825,5016.535,5022.125
1770694200,5022.105,5032.355,5020.275,5024.65
1770695100,5024.61,5030.25,5016.42,5030.155
1770696000,5030.095,5031.115,5017.625,5023.88
1770696900,5023.895,5030.02,5022.925,5027.47
1770697800,5027.465,5029.96,5022.17,5027.005
1770698700,5026.98,5033.98,5024.92,5031.725
1770699600,5031.705,5035.48,5027.62,5029.855
1770700500,5029.745,5030.105,5011.445,5019.33
1770701400,5019.325,5032.675,5012.99,5032.63
1770702300,5032.685,5040.68,5031.33,5039.295
1770703200,5039.135,5045.73,5034.835,5037.13
1770704100,5037.135,5037.815,5030.835,5031.54
1770705000,5031.545,5039.205,5026.92,5029.095
1770705900,5029.12,5036.39,5019.07,5024.62
1770706800,5024.625,5034.47,5018.67,5028.895
1770707700,5028.89,5031.795,5019.56,5025.425
1770708600,5025.435,5034.905,5025.115,5028.895
1770709500,5028.89,5036.2,5026.815,5033.975
1770710400,5033.965,5041.29,5028.82,5033.155
1770711300,5033.2,5041.31,5032.44,5035.7
1770712200,5035.66,5048.96,5034.29,5048.83
1770713100,5048.77,5055.26,5038.775,5042.07
1770714000,5042.02,5063.55,5040.61,5051.705
1770714900,5051.71,5055.865,5045.55,5052.345
1770715800,5052.295,5053.38,5045.485,5049.15
1770716700,5049.16,5050.22,5042.095,5046.905
1770717600,5046.9,5052.825,5040.825,5041.245
1770718500,5041.21,5050.69,5037.225,5047.765
1770719400,5047.735,5058.195,5045.99,5054.18
1770720300,5054.225,5056.825,5044.165,5047.005
1770721200,5046.945,5053.145,5044.525,5050.705
1770722100,5050.7,5051.915,5045.325,5048.03
1770723000,5047.97,5054.225,5046.025,5047.505
1770723900,5047.155,5057.555,5045.155,5056.135
1770724800,5056.185,5057.285,5041.22,5044.055
1770725700,5043.895,5051.555,5042.545,5046.67
1770726600,5046.685,5047.96,5023.815,5029.815
1770727500,5029.82,5034.495,5019.935,5032.215
1770728400,5032.285,5042.62,5026.605,5042.53
1770729300,5042.55,5046.395,5033.455,5037.96
1770730200,5038.045,5059.06,5038.045,5053.065
1770731100,5053.195,5057.435,5049.53,5051.175
1770732000,5051.195,5058.51,5046.745,5056.025
1770732900,5056.03,5074.86,5056.03,5070.365
1770733800,5070.455,5078.745,5053.39,5056.08
1770734700,5056.085,5056.45,5020.795,5039.53
1770735600,5039.085,5043.945,5029.015,5042.3
1770736500,5042.295,5048.04,5032.115,5032.115
1770737400,5032.07,5037.445,4998.95,5014.195
1770738300,5014.21,5029.905,5012.055,5019.6
1770739200,5019.61,5023.1,5006.58,5020.91
1770740100,5020.845,5024.67,5005.785,5010.24
1770741000,5010.235,5023.86,5008.565,5022.03
1770741900,5022.035,5026.575,5016.065,5023.94
1770742800,5023.92,5027.495,5020.78,5024.625
1770743700,5024.59,5039.19,5024.455,5036.75
1770744600,5036.76,5039.325,5032.12,5037.84
1770745500,5037.865,5040.22,5025.02,5026.605
1770746400,5026.585,5027.985,5013.78,5016.725
1770747300,5016.61,5018.87,5004.73,5008.63
1770748200,5008.625,5016.65,5005.145,5015.595
1770749100,5015.58,5017.26,5007.07,5013.17
1770750000,5013.16,5014.095,5009.015,5012.595
1770750900,5012.61,5021.99,5012.435,5021.175
1770751800,5021.19,5030.17,5021.18,5024.535
1770752700,5024.525,5030.375,5024.525,5028.155
1770753600,5028.165,5030.095,5020.5,5026.165
1770754500,5026.17,5034.19,5023.52,5028.365
1770755400,5028.33,5036.57,5027.435,5036.35
1770756300,5036.385,5045.6,5027.985,5030.315
1770757200,5030.29,5032.865,5025.615,5029.335
1770758100,5029.345,5029.82,5023.14,5026.17
1770759000,5026.16,5028.235,5023.06,5024.17
1770759900,5024.14,5027.38,5020.4,5025.12
1770764400,5033.585,5037.18,5028.975,5034.24
1770765300,5034.235,5054.855,5034.2,5046.555
1770766200,5046.57,5048.075,5038.475,5042.5
1770767100,5042.46,5047.52,5038.755,5041.735
1770768000,5041.795,5044.605,5030.88,5034.315
1770768900,5034.31,5041.31,5028.39,5040.235
1770769800,5040.09,5049.625,5039.435,5041.58
1770770700,5041.575,5042.575,5034.62,5037.735
1770771600,5037.895,5047.825,5030.845,5041.385
1770772500,5041.365,5045.665,5035.36,5037.965
1770773400,5037.955,5046,5032.71,5044.175
1770774300,5044.17,5053.035,5041.27,5052.6
1770775200,5052.575,5056.885,5035,5037.21
1770776100,5037.215,5046.8,5032.745,5042.28
1770777000,5042.255,5054.33,5041.245,5054.19
1770777900,5054.195,5057.775,5050.865,5055.89
1770778800,5055.735,5056.64,5049.335,5049.335
1770779700,5049.34,5059.195,5045.165,5057.215
1770780600,5057.21,5060.66,5053.715,5058.245
1770781500,5058.52,5061.02,5053.245,5054.49
1770782400,5054.365,5058.645,5053.185,5057.805
1770783300,5057.825,5059.545,5056.6,5058.325
1770784200,5058.225,5059.42,5052.025,5052.39
1770785100,5052.34,5056.18,5045.85,5046.59
1770786000,5046.62,5050.23,5043.8,5048.34
1770786900,5048.385,5053.73,5046.08,5053.36
1770787800,5053.32,5064.04,5052.8,5062.325
1770788700,5062.34,5062.89,5046.345,5053.15
1770789600,5053.14,5057.57,5049.59,5054.73
1770790500,5054.79,5061.78,5053.67,5056.835
1770791400,5056.845,5060.76,5053.56,5054.22
1770792300,5054.245,5064.7,5051.86,5064.22
1770793200,5064.24,5069.235,5057.385,5059.42
1770794100,5059.385,5066.29,5052.59,5059.965
1770795000,5059.985,5061.925,5053.56,5054.84
1770795900,5054.785,5056.5,5049.125,5055.505
1770796800,5055.315,5060.51,5051.855,5051.865
1770797700,5051.755,5055.88,5050.73,5051.675
1770798600,5051.745,5053.84,5045.92,5052.72
1770799500,5052.58,5055.22,5050.605,5053.8
1770800400,5053.75,5056.01,5047.345,5051.84
1770801300,5051.85,5055.07,5050.415,5054.515
1770802200,5054.465,5066.145,5053.775,5064.665
1770803100,5064.67,5072.185,5059.99,5062.925
1770804000,5062.91,5069.98,5062.59,5069.19
1770804900,5069.215,5076.685,5068.285,5071.065
1770805800,5071.07,5100.28,5068.24,5099.73
1770806700,5099.75,5101.49,5091.245,5093.245
1770807600,5093.3,5095.985,5082.68,5089.635
1770808500,5089.63,5108.255,5089.63,5107.605
1770809400,5107.84,5110.29,5100.975,5108.69
1770810300,5108.86,5116.725,5108.38,5111.67
1770811200,5111.665,5119.345,5098.725,5106.08
1770812100,5106.02,5107.285,5086.54,5095.38
1770813000,5095.365,5098.915,5052.53,5068.66
1770813900,5068.645,5083.945,5065.895,5083.525
1770814800,5083.395,5088.34,5073.215,5082.655
1770815700,5082.505,5090.24,5064.065,5082.47
1770816600,5082.59,5084.36,5019.715,5060.445
1770817500,5060.35,5073.28,5055.01,5065.77
1770818400,5065.79,5077.725,5062.01,5073.995
1770819300,5073.975,5083.345,5066.895,5071.09
1770820200,5071.11,5076.675,5035.78,5043.02
1770821100,5043.055,5065.335,5040.575,5059.445
1770822000,5059.395,5081.9,5053.765,5067.115
1770822900,5067.09,5074.605,5043.54,5049.085
1770823800,5049.1,5057.885,5039.305,5048.695
1770824700,5048.78,5063.265,5044.74,5060.07
1770825600,5060.035,5064.34,5051.66,5056.08
1770826500,5056.125,5062.335,5043.115,5061.005
1770827400,5060.995,5078.31,5056.105,5074.015
1770828300,5074.02,5076.795,5071.46,5075.22
1770829200,5075.265,5085.39,5068.545,5084.91
1770830100,5084.945,5091.32,5080.395,5087.515
1770831000,5087.29,5099.315,5081.45,5096.32
1770831900,5096.42,5097.725,5088.05,5091.53
1770832800,5091.45,5092.995,5066.96,5072.975
1770833700,5072.93,5079.485,5068.76,5073.74
1770834600,5073.675,5085.605,5071.2,5083.67
1770835500,5083.675,5087.45,5079.99,5082.64
1770836400,5082.59,5092.705,5082.36,5089.175
1770837300,5089.16,5094.29,5087.7,5091.695
1770838200,5091.69,5092.015,5081.295,5085.78
1770839100,5085.77,5088.525,5076.92,5081.99
1770840000,5081.97,5088.39,5079.715,5088.255
1770840900,5088.235,5089.105,5083.725,5084.905
1770841800,5084.92,5087.35,5078.22,5086.665
1770842700,5086.7,5090.195,5084.58,5086.985
1770843600,5086.97,5089.29,5084.455,5088.485
1770844500,5088.475,5093.335,5077.705,5082.365
1770845400,5082.375,5084.61,5069.965,5080.675
1770846300,5080.08,5085.27,5076.805,5084.28
1770850800,5095.495,5095.915,5053.89,5063.375
1770851700,5063.36,5071.18,5058.745,5068.93
1770852600,5068.67,5069.695,5059.88,5063.585
1770853500,5063.58,5071.385,5059.875,5061.55
1770854400,5061.465,5067.945,5049.98,5056.93
1770855300,5056.94,5066.69,5053.825,5060.655
1770856200,5060.675,5066.095,5055.99,5059.27
1770857100,5059.28,5065.945,5058.795,5063.13
1770858000,5063.02,5063.105,5045.445,5050.03
1770858900,5050.035,5061.51,5047.04,5058.89
1770859800,5058.895,5064.315,5055.85,5060.96
1770860700,5060.965,5063.67,5053.115,5063.65
1770861600,5063.56,5072.75,5063.56,5068.49
1770862500,5068.575,5073.25,5062.275,5066.915
1770863400,5066.93,5069.99,5056.54,5058.07
1770864300,5058.075,5066.995,5055.055,5066.1
1770865200,5066.01,5074.875,5062.91,5068.655
1770866100,5068.66,5071.25,5054.82,5060.15
1770867000,5060.13,5067.205,5059.125,5065.495
1770867900,5065.5,5065.535,5055.07,5056.995
1770868800,5056.98,5059.065,5052.42,5055.115
1770869700,5055.105,5057.65,5050.985,5056.47
1770870600,5056.475,5060.33,5054.42,5058.12
1770871500,5058.115,5070.36,5055.325,5069.61
1770872400,5069.615,5078.42,5065.65,5074.88
1770873300,5074.865,5078.105,5070.57,5071.78
1770874200,5071.765,5072.67,5064.46,5072.115
1770875100,5072.12,5076.26,5067.42,5075.815
1770876000,5075.69,5076.475,5062.38,5069.13
1770876900,5069.13,5070.385,5055.36,5055.55
1770877800,5055.535,5058.155,5047.13,5057.89
1770878700,5057.9,5061.83,5054.05,5060.01
1770879600,5060.005,5066.49,5052,5062.985
1770880500,5062.98,5064.66,5056.775,5062.32
1770881400,5062.355,5064.05,5058.05,5058.815
1770882300,5058.65,5065.93,5056.8,5064.085
1770883200,5064.075,5073.6,5063.98,5067.97
1770884100,5067.965,5069.74,5060.965,5060.965
1770885000,5060.93,5063.54,5052.43,5062.995
1770885900,5063,5072.37,5060.455,5068.625
1770886800,5068.605,5076.295,5066.25,5074.055
1770887700,5074.06,5077.975,5071.28,5071.48
1770888600,5071.53,5073.955,5068.7,5072.9
1770889500,5072.925,5080.91,5071.215,5073.265
1770890400,5073.27,5077.09,5064.045,5066.33
1770891300,5066.125,5066.31,5061.045,5061.385
1770892200,5061.375,5066.3,5061.165,5062.51
1770893100,5062.46,5062.95,5056.29,5062.48
1770894000,5062.49,5065.58,5059.53,5061.19
1770894900,5061.36,5065.9,5061.17,5062.73
1770895800,5062.67,5065.71,5061.43,5063.88
1770896700,5063.93,5068.48,5061.74,5064.19
1770897600,5064.25,5066.765,5056.72,5062.49
1770898500,5062.35,5064.39,5060.19,5062.49
1770899400,5062.54,5068.665,5054.72,5057.88
1770900300,5057.835,5058.76,5048.935,5052.85
1770901200,5052.835,5066.085,5051.485,5065.715
1770902100,5065.71,5074.55,5062.25,5062.87
1770903000,5062.855,5077.175,5060.52,5075.58
1770903900,5075.68,5083.855,5074.735,5075.455
1770904800,5075.475,5077.905,5061.245,5065.135
1770905700,5065.125,5068.38,5055.02,5060.19
1770906600,5060.11,5071.815,5053.915,5056.385
1770907500,5056.335,5061.6,5039.7,5044.625
1770908400,5044.63,5066.08,5039.815,5064.99
1770909300,5064.975,5069.955,5062.115,5066.08
1770910200,5065.945,5072.375,5065.275,5070.77
1770911100,5070.845,5074.87,5060.09,5060.57
1770912000,5060.585,5068.36,4948.28,4951.365
1770912900,4951.245,4966.545,4878.5,4897.315
1770913800,4897.235,4969.515,4894.22,4953.43
1770914700,4953.385,4962.66,4931.63,4954.74
1770915600,4955.03,4967.25,4939.89,4959.71
1770916500,4959.66,4983.245,4955.325,4965.875
1770917400,4965.87,4975.095,4957.835,4969.845
1770918300,4969.86,4971.675,4939.925,4941.145
1770919200,4941.14,4950.525,4921.58,4933.895
1770920100,4933.83,4935.295,4906.765,4928.71
1770921000,4928.85,4946.825,4926.3,4940.705
1770921900,4940.7,4952.285,4933.475,4935.625
1770922800,4935.64,4941.655,4927.775,4933.3
1770923700,4933.265,4944.34,4929.575,4931.425
1770924600,4931.51,4950.425,4931.46,4946.695
1770925500,4946.69,4958.155,4943.43,4945.665
1770926400,4945.715,4948.68,4933.94,4941.045
1770927300,4941.04,4941.13,4921.86,4922.855
1770928200,4922.85,4928.325,4911.215,4920.925
1770929100,4920.99,4924.355,4912.08,4915.12
1770930000,4915.19,4922.96,4911.825,4916.9
1770930900,4916.85,4924.59,4912.98,4920.42
1770931800,4920.385,4926.455,4917.96,4918.395
1770932700,4918.455,4927.34,4915.905,4922.08
1770937200,4888.315,4911.76,4888.315,4911.3
1770938100,4911.185,4928.76,4911.185,4920.385
1770939000,4920.285,4926.49,4906.71,4914.055
1770939900,4914.06,4920.5,4906.14,4920.465
1770940800,4920.47,4949,4913.86,4942.29
1770941700,4942.21,4947.86,4934.725,4936.345
1770942600,4936.46,4945.985,4932.855,4940.865
1770943500,4940.86,4945.02,4926.84,4928.175
1770944400,4928.22,4967.86,4927.4,4965.355
1770945300,4965.355,4979.335,4962.05,4970.045
1770946200,4970.045,4982.51,4964.405,4980.225
1770947100,4980.23,4988.825,4975.24,4980.865
1770948000,4980.78,4984.94,4972.705,4977.95
1770948900,4977.91,4986.34,4975.695,4986.09
1770949800,4986.085,4989.48,4973.675,4984.165
1770950700,4984.15,4991.805,4972.315,4988.64
1770951600,4988.59,4989.435,4980.945,4984.03
1770952500,4983.71,4984.515,4973.97,4978.26
1770953400,4978.31,4983.915,4975.02,4977.29
1770954300,4977.275,4984.645,4976.33,4981.51
1770955200,4981.505,4987.685,4975.745,4985.965
1770956100,4985.97,4997.555,4984.965,4985.385
1770957000,4985.38,4986.42,4975.325,4976.955
1770957900,4976.96,4978.485,4972.99,4976.995
1770958800,4976.99,4982.1,4974.825,4978.56
1770959700,4978.555,4986.555,4964.915,4979.68
1770960600,4979.725,4980.315,4959.52,4964.155
1770961500,4964.155,4965.855,4944.93,4946.555
1770962400,4946.565,4962.04,4946.135,4958.45
1770963300,4958.47,4961.395,4950.055,4953.39
1770964200,4953.32,4962.085,4951,4955.18
1770965100,4955.205,4968.875,4951.015,4967.64
1770966000,4967.615,4968.105,4951.285,4960.545
1770966900,4960.55,4976.795,4959.155,4968.5
1770967800,4968.485,4982.9,4966.29,4970.775
1770968700,4970.77,4982.065,4969.25,4975.045
1770969600,4975.16,4989.695,4972.345,4979.455
1770970500,4979.665,4985.97,4977.095,4982.49
1770971400,4982.495,4985.8,4978.565,4983.505
1770972300,4983.57,4987.075,4970.91,4982.795
1770973200,4982.81,4982.975,4976.575,4977.79
1770974100,4977.785,4982.09,4964.44,4965.02
1770975000,4964.795,4974.06,4961.49,4971.135
1770975900,4970.905,4976.84,4968.98,4970.34
1770976800,4970.355,4978.015,4967.185,4972.715
1770977700,4972.855,4980.89,4966.115,4977.45
1770978600,4977.47,4978.6,4967.74,4969.485
1770979500,4969.49,4970.44,4947.17,4950.1
1770980400,4950.07,4953.95,4941.125,4951.645
1770981300,4951.575,4953.025,4933.635,4945.27
1770982200,4945.33,4948.945,4935.37,4944.395
1770983100,4944.39,4955.51,4939.615,4953.64
1770984000,4953.645,4964.845,4952.235,4964.16
1770984900,4964.07,4973.255,4962.78,4967.385
1770985800,4967.36,4973.87,4964.02,4966.465
1770986700,4966.275,4974.23,4964.185,4969.605
1770987600,4969.66,4976.375,4965.725,4967.205
1770988500,4967.225,4970.97,4957.71,4966.885
1770989400,4966.89,4999.685,4966.89,4983.985
1770990300,4984.105,4993.17,4972.235,4987.26
1770991200,4987.275,5000.31,4984.925,4998.905
1770992100,4998.89,5007.98,4995.115,5002.69
1770993000,5002.695,5011.07,4964.22,4991.88
1770993900,4991.735,5007.105,4989.54,4996.12
1770994800,4996.245,5011.22,4992.365,5003.43
1770995700,5003.445,5011.505,4994.745,5009.965
1770996600,5009.93,5020.68,5004.855,5006.83
1770997500,5006.815,5010.375,4974.035,4976.885
1770998400,4976.87,4997.89,4975.52,4997.595
1770999300,4997.585,5033.735,4996.07,5027.84
1771000200,5027.825,5028.415,5013.445,5017.035
1771001100,5017.03,5018.965,5006.125,5007.995
1771002000,5008.03,5022.855,5008.03,5015.775
1771002900,5015.835,5019.545,5006.1,5017.72
1771003800,5017.725,5029.235,5016.12,5022.625
1771004700,5022.585,5024.38,5016.205,5021.045
1771005600,5021.085,5029.77,5015.485,5029.16
1771006500,5029.12,5030.88,5020.29,5022.34
1771007400,5022.385,5031.36,5020.66,5029.92
1771008300,5029.935,5035.55,5026.695,5031.185
1771009200,5031.24,5046.185,5030.455,5039.81
1771010100,5039.55,5045.09,5036.72,5041.435
1771011000,5041.455,5042.995,5032.78,5034.51
1771011900,5034.36,5038.13,5023.545,5023.94
1771012800,5023.865,5034.315,5023.86,5029.06
1771013700,5029.055,5033.475,5026.995,5028.955
1771014600,5028.93,5034.23,5024.435,5030.52
1771015500,5030.61,5034.85,5021.705,5032.59
1771016400,5032.545,5036.2,5029.8,5033.435
1771017300,5033.53,5034.755,5031.125,5033.24
1771018200,5033.255,5039.46,5031.475,5039.01
1771019100,5038.825,5046.48,5037.79,5042.74
1771196400,5017.145,5025.7,5009.64,5022.85
1771197300,5022.84,5032.565,5021.175,5029.245
1771198200,5029.26,5031.735,5017.155,5018.96
1771199100,5018.97,5021.645,5013.63,5020.215
1771200000,5020.21,5022.07,5000.13,5017.385
1771200900,5017.345,5021.375,5008.44,5012.605
1771201800,5012.61,5014.8,5008.875,5014.095
1771202700,5013.84,5023.075,5010.51,5015.62
1771203600,5015.63,5023.92,5006.995,5023.345
1771204500,5023.34,5031.29,5022.855,5029.405
1771205400,5029.48,5031.06,5026.42,5030.56
1771206300,5030.555,5030.875,5025.545,5028.955
1771207200,5028.965,5031.28,5020.57,5022.495
1771208100,5022.475,5026.375,5019.045,5019.61
1771209000,5019.6,5021.965,5002.17,5002.355
1771209900,5002.335,5003.22,4992.19,4994.54
1771210800,4994.525,5000.08,4988.645,4997.705
1771211700,4997.765,4998.825,4993.72,4994.78
1771212600,4994.805,4996.83,4988.635,4991.02
1771213500,4991.03,4993.915,4973.455,4987.555
1771214400,4987.635,4992.38,4973.42,4976.73
1771215300,4976.755,4980.37,4973.36,4976.615
1771216200,4976.6,4978.5,4973.73,4976.2
1771217100,4976.135,4980.205,4974.23,4977.9
1771218000,4977.92,4986.045,4964.865,4983.56
1771218900,4983.7,4988.74,4983.195,4986.425
1771219800,4986.43,4990.325,4983.125,4986.025
1771220700,4985.485,4991.04,4984.945,4990.77
1771221600,4990.775,4992.995,4987.72,4990.41
1771222500,4990.505,4994.95,4984.58,4993.17
1771223400,4993.185,5003.22,4990.57,5002.455
1771224300,5002.44,5002.87,4994.34,4994.92
1771225200,4994.91,4997.92,4988.965,4996.435
1771226100,4996.43,4999.52,4994.015,4998.215
1771227000,4998.23,5006.405,4996.91,5001.505
1771227900,5001.34,5010.115,5001.1,5007.4
1771228800,5007.42,5013.33,4996.49,4998.245
1771229700,4998.195,5006.775,4995.86,5006.405
1771230600,5006.41,5008.885,5005.21,5006.475
1771231500,5006.575,5010.165,5003.55,5008.11
1771232400,5008.1,5015.38,5007.995,5011.32
1771233300,5011.365,5016.565,5011.265,5013.795
1771234200,5013.79,5015.005,5010.23,5010.555
1771235100,5010.58,5017.445,5008.62,5013.66
1771236000,5013.67,5017.225,5006.8,5007.785
1771236900,5007.78,5012.345,5004.82,5005.17
1771237800,5005.24,5010.025,5000.27,5008.395
1771238700,5008.36,5010.875,5005.7,5006.09
1771239600,5006.15,5007.25,4999.03,5001.08
1771240500,5001.09,5005.73,4999.95,5004.635
1771241400,5004.675,5007.045,5002.95,5006.905
1771242300,5006.86,5008.23,5002.17,5004.75
1771243200,5004.755,5005.145,4997.59,4997.86
1771244100,4997.715,4999.575,4992.725,4996.445
1771245000,4996.475,5008.19,4995.215,5005.105
1771245900,5005.095,5006.08,4999.26,5002.03
1771246800,5002.065,5003.905,4997.97,4998.12
1771247700,4998.19,5002.165,4993.29,4994.455
1771248600,4994.465,4998.73,4992.705,4995.325
1771249500,4995.485,4998.625,4989.64,4997.365
1771250400,4997.37,4998.58,4994.345,4995.26
1771251300,4995.31,4999.66,4989.995,4992.575
1771252200,4992.575,4994.59,4983.465,4989.075
1771253100,4989.08,4989.26,4981.765,4988.41
1771254000,4988.395,4988.51,4969.11,4976.54
1771254900,4976.54,4981.585,4975.745,4980.525
1771255800,4980.47,4981.01,4975.045,4980.675
1771256700,4980.865,4983.295,4977,4979.7
1771257600,4979.71,4980.22,4973.235,4979.585
1771258500,4979.5,4987.59,4975.56,4986.305
1771259400,4986.255,4990.45,4986.07,4989
1771260300,4988.955,4989.035,4985.22,4988.37
1771261200,4988.375,4994.45,4988.22,4991.455
1771262100,4991.43,4995.43,4990.88,4994.57
1771263000,4994.645,4996.195,4991.525,4993.16
1771263900,4993.135,4993.19,4990.235,4991.765
1771264800,4991.865,4994.35,4988.645,4993.735
1771265700,4993.525,4997.62,4992.815,4994.365
1771266600,4994.315,4995.48,4991.355,4995.48
1771267500,4995.445,4997.975,4994.51,4994.59
1771268400,4994.61,4996.17,4990.825,4991.2
1771269300,4991.165,4996.525,4990.425,4992.005
1771282800,4997.26,4999.65,4986.29,4991.07
1771283700,4991.07,5001.24,4985.185,4994.065
1771284600,4994.17,4995.62,4986.645,4989.96
1771285500,4989.955,4994.33,4988.96,4989.925
1771286400,4989.855,4991.515,4974.9,4979.425
1771287300,4979.405,4981.755,4971.145,4973.545
1771288200,4973.54,4979.205,4968.73,4970.485
1771289100,4970.48,4970.48,4932.235,4936.04
1771290000,4936.1,4951.465,4922.895,4950.27
1771290900,4950.37,4958.02,4944.545,4956.81
1771291800,4956.81,4964.1,4954.755,4963.32
1771292700,4963.315,4963.985,4955.65,4957.605
1771293600,4957.485,4965.86,4954.875,4965.5
1771294500,4965.505,4971.55,4963.48,4965.59
1771295400,4965.595,4967.055,4959.52,4961.285
1771296300,4961.32,4967.305,4960.28,4967.125
1771297200,4967.13,4970.215,4959.18,4961.9
1771298100,4961.88,4962.1,4953.83,4955.43
1771299000,4955.465,4960.47,4949.76,4953.72
1771299900,4953.725,4960.54,4953.3,4956.87
1771300800,4956.86,4956.86,4946.71,4952.18
1771301700,4952.1,4960.455,4950.6,4959.81
1771302600,4959.83,4960.345,4950.58,4952.4
1771303500,4952.395,4954.18,4949.605,4953.03
1771304400,4952.995,4954.49,4927.205,4928.42
1771305300,4927.905,4928.315,4888.265,4900.79
1771306200,4900.945,4902.555,4859.2,4879.82
1771307100,4879.805,4898.4,4873.855,4888.94
1771308000,4889,4894.625,4887.775,4891.45
1771308900,4891.455,4901.915,4886.6,4894.88
1771309800,4894.72,4914.295,4891.37,4909.065
1771310700,4909.06,4913.97,4899.65,4910.355
1771311600,4910.38,4913.915,4903.87,4906.825
1771312500,4906.825,4917.38,4905.71,4908.145
1771313400,4908.12,4921.37,4904.23,4917.51
1771314300,4917.21,4922.365,4914.675,4917.1
1771315200,4917.085,4930.425,4916.26,4927.645
1771316100,4927.595,4929.16,4919.515,4919.975
1771317000,4919.97,4925.75,4916.7,4918.29
1771317900,4918.295,4925.55,4918.105,4920.78
1771318800,4920.75,4929.205,4919.68,4921.95
1771319700,4921.9,4924.61,4918.37,4919.195
1771320600,4919.175,4924.73,4916.7,4921.23
1771321500,4921.28,4932.67,4913.365,4926.09
1771322400,4926.03,4939.4,4923.74,4936.44
1771323300,4936.55,4937.85,4928.29,4928.29
1771324200,4928.3,4928.435,4919.645,4921.88
1771325100,4921.775,4922.91,4907.885,4913.385
1771326000,4913.665,4927.065,4913.34,4926.42
1771326900,4926.415,4931.24,4924.88,4927.9
1771327800,4927.93,4930.355,4922.215,4928.1
1771328700,4928.27,4930.955,4921.645,4929.4
1771329600,4929.54,4939.07,4928.44,4933.88
1771330500,4934.08,4944.7,4934.08,4943.125
1771331400,4943.095,4944.39,4933.525,4937.455
1771332300,4937.705,4937.805,4929.03,4932.255
1771333200,4932.28,4933.545,4918.43,4922.08
1771334100,4922.075,4923.21,4911.05,4919.75
1771335000,4919.61,4922.875,4908.005,4922.04
1771335900,4922.025,4924.625,4869.965,4870.96
1771336800,4870.92,4899.925,4842.6,4896.36
1771337700,4896.22,4904.745,4889.85,4898.3
1771338600,4898.31,4907.235,4867.415,4870.57
1771339500,4870.535,4880.77,4856.24,4863.325
1771340400,4863.205,4873.25,4849.17,4857.445
1771341300,4857.47,4877.885,4853.945,4861.59
1771342200,4861.58,4873.17,4852.77,4868.335
1771343100,4868.325,4882.64,4861.54,4878.6
1771344000,4878.605,4894.005,4876.14,4883.605
1771344900,4883.615,4891.57,4880.725,4883.75
1771345800,4883.72,4888.05,4874.09,4877.67
1771346700,4877.735,4883.445,4868.655,4869.33
1771347600,4869.38,4871.49,4850.09,4855.455
1771348500,4855.44,4865.365,4855.14,4865.155
1771349400,4865.06,4868.585,4859.405,4860.11
1771350300,4860.045,4868,4853.96,4865.095
1771351200,4865.1,4872.06,4862.395,4866.94
1771352100,4866.945,4890.775,4866.935,4887.38
1771353000,4887.365,4895.945,4880.165,4889.66
1771353900,4889.655,4910.9,4885.54,4899.165
1771354800,4899.19,4901.295,4892.915,4893.96
1771355700,4893.94,4898.145,4882.11,4883.78
1771356600,4883.77,4888.345,4876.45,4884.7
1771357500,4884.715,4885.95,4880.18,4880.515
1771358400,4880.52,4882.56,4874.14,4879.925
1771359300,4879.91,4880.625,4873.59,4877.925
1771360200,4877.93,4883.705,4874.085,4878.835
1771361100,4878.84,4884.355,4876.505,4877.79
1771362000,4877.86,4884.47,4875.145,4881.175
1771362900,4881.215,4886.965,4877.76,4880.565
1771363800,4880.52,4882.195,4878.77,4879.715
1771364700,4879.63,4880.075,4876.8,4877.855
1771369200,4871.135,4884.06,4865.805,4883.19
1771370100,4883.16,4884.845,4868.195,4878.105
1771371000,4878.01,4884.135,4866.195,4876.555
1771371900,4876.52,4877.205,4854.24,4859.44
1771372800,4859.42,4870.17,4858.54,4863.935
1771373700,4863.925,4872.475,4858.37,4870.175
1771374600,4870.185,4882.035,4867.865,4878.28
1771375500,4878.265,4883.4,4872.435,4875.01
1771376400,4874.815,4891.485,4874.65,4886.875
1771377300,4886.84,4891.78,4881.34,4887.22
1771378200,4887.18,4893.55,4883.925,4885.975
1771379100,4885.75,4892.775,4883.04,4889.98
1771380000,4890.02,4901.83,4886.475,4898.59
1771380900,4898.6,4904.4,4895.315,4900.895
1771381800,4900.845,4906.51,4900.755,4905.075
1771382700,4905.065,4907.515,4902.98,4905.35
1771383600,4905.355,4916.445,4904.25,4912.695
1771384500,4912.72,4919.975,4912.68,4919.48
1771385400,4919.495,4920.98,4916.62,4918.85
1771386300,4918.845,4922.345,4917.85,4920.855
1771387200,4920.86,4931.19,4918.415,4928.64
1771388100,4928.925,4933.435,4924.835,4932.98
1771389000,4932.96,4937.06,4931.5,4933.385
1771389900,4933.345,4940.89,4932.385,4934.235
1771390800,4934.265,4938.64,4929.97,4933.12
1771391700,4933.02,4939.35,4931.55,4935.43
1771392600,4935.425,4939.8,4934.66,4934.875
1771393500,4934.755,4938.755,4933.275,4933.49
1771394400,4933.655,4934.335,4926.005,4926.95
1771395300,4927.205,4932.925,4925.21,4930.67
1771396200,4930.51,4932.8,4926.785,4931.145
1771397100,4931.235,4936.21,4930.695,4930.91
1771398000,4930.835,4942.49,4930.08,4938.545
1771398900,4938.595,4942.03,4932.545,4939.335
1771399800,4939.215,4940.765,4933.69,4934.14
1771400700,4934.14,4935.83,4929.19,4930.38
1771401600,4930.345,4932.32,4926.83,4929.34
1771402500,4929.21,4929.44,4922.755,4926.03
1771403400,4926.255,4927.17,4919.66,4921.415
1771404300,4921.44,4922.89,4916.815,4917.25
1771405200,4917.28,4920.72,4913.075,4916.94
1771406100,4916.95,4923.28,4913.415,4921.485
1771407000,4921.54,4923.26,4916.41,4920.76
1771407900,4920.805,4922.42,4916.33,4917.425
1771408800,4917.465,4924.755,4916.855,4920.235
1771409700,4920.245,4924.66,4918.045,4921.575
1771410600,4921.38,4921.38,4909.345,4912.215
1771411500,4912.21,4916.97,4910.315,4914.65
1771412400,4914.665,4916.49,4912.685,4915.975
1771413300,4916.01,4917.79,4914.695,4915.5
1771414200,4915.55,4916.66,4911.065,4911.54
1771415100,4911.545,4916.05,4906.425,4913.075
1771416000,4913.065,4926.31,4912.12,4921.825
1771416900,4921.84,4929.49,4921.08,4921.11
1771417800,4921.125,4931.235,4917.715,4929.22
1771418700,4929.32,4947.105,4928.405,4943.36
1771419600,4943.345,4958.845,4943.2,4957.76
1771420500,4957.88,4959.515,4952.59,4956.5
1771421400,4956.505,4969.1,4952.39,4956.175
1771422300,4956.285,4956.87,4948.99,4954.78
1771423200,4954.79,4961.575,4952.34,4958.38
1771424100,4958.365,4963.71,4955.5,4960.88
1771425000,4960.87,4986.34,4955.615,4981.84
1771425900,4981.79,4994.51,4980.48,4991.795
1771426800,4991.71,5008.18,4991.49,5004.115
1771427700,5004.33,5009.035,5000.59,5004.675
1771428600,5004.925,5005.26,4997.345,5000.58
1771429500,5000.62,5000.725,4994.97,4997.95
1771430400,4997.99,5003.4,4996.925,4999.625
1771431300,4999.65,5000.265,4991.445,4996.985
1771432200,4997.005,5006.81,4994.565,5005.43
1771433100,5005.405,5010.915,4999.75,5000.555
1771434000,5000.625,5001.97,4996.205,4999.165
1771434900,4999.27,5000.855,4997.595,4999.5
1771435800,4999.505,5000.125,4993.5,4997.845
1771436700,4997.93,5000.825,4997.275,4999.195
1771437600,4999.185,5003.27,4997.785,4997.96
1771438500,4998.015,4999.38,4986.725,4988.3
1771439400,4988.51,4993.225,4980.55,4983.475
1771440300,4983.48,4987.855,4982.555,4987.445
1771441200,4987.45,4994.49,4984.18,4992.1
1771442100,4992.07,4995.56,4972.87,4978.865
1771443000,4978.9,4984.54,4973.1,4982.74
1771443900,4982.76,4984.625,4978.715,4980.715
1771444800,4980.585,4984.925,4975.615,4978.755
1771445700,4978.74,4981.03,4976.67,4977.45
1771446600,4977.44,4987.555,4976.845,4985.33
1771447500,4985.32,4986.3,4979.5,4984.96
1771448400,4984.93,4986.375,4980.485,4980.775
1771449300,4980.77,4984.36,4980.45,4981.65
1771450200,4981.57,4982.53,4978.79,4980.23
1771451100,4980.06,4980.685,4975.56,4977.26
1771455600,4973.795,4980.915,4966.715,4976.58
1771456500,4976.575,4984.065,4971.875,4981.945
1771457400,4981.935,4988.86,4979.455,4981.68
1771458300,4981.655,4982.99,4968.3,4976.15
1771459200,4976.02,4976.42,4961.235,4968.16
1771460100,4968.14,4972.32,4963.995,4967.44
1771461000,4967.46,4973.43,4964.945,4965.355
1771461900,4965.005,4966,4960.645,4961.42
1771462800,4961.4,4968.695,4960.785,4966.055
1771463700,4965.945,4967.28,4961.7,4964.34
1771464600,4964.35,4970.875,4961.865,4970.52
1771465500,4970.505,4975.63,4969.395,4973.14
1771466400,4973.08,4977.465,4970.965,4974.24
1771467300,4974.285,4974.88,4965.825,4973.075
1771468200,4973.08,4973.45,4968.585,4971.505
1771469100,4971.5,4973.35,4967.65,4968.345
1771470000,4968.365,4971.16,4966.475,4969.625
1771470900,4969.52,4971.975,4967.135,4969.915
1771471800,4969.985,4979.2,4969.95,4977.265
1771472700,4977.26,4983.48,4977.075,4981.675
1771473600,4981.58,4984.99,4978.68,4981.695
1771474500,4981.7,4983.645,4978.15,4979.975
1771475400,4979.88,4985.69,4979.48,4980.945
1771476300,4980.95,4985.605,4977.09,4984.45
1771477200,4984.42,4993.715,4984.42,4990.51
1771478100,4990.545,4990.555,4987.73,4989.265
1771479000,4989.35,4996.58,4989.02,4996.21
1771479900,4996.195,4998.94,4995.515,4997.28
1771480800,4997.275,5000.195,4996.765,4999.38
1771481700,4999.385,5002.465,4997.455,5001.285
1771482600,5001.29,5010.765,5001.15,5009.34
1771483500,5009.33,5020.29,5009.33,5018.41
1771484400,5018.405,5021.805,5016.79,5017.88
1771485300,5017.875,5020.305,5015.015,5018.105
1771486200,5018.11,5020.395,5014.705,5015.49
1771487100,5015.44,5017.23,5008.815,5010.305
1771488000,5010.33,5012.36,5006.31,5011.82
1771488900,5011.8,5015.04,5009.375,5014.92
1771489800,5014.87,5020.21,5010.495,5020.03
1771490700,5019.96,5022.17,5013.755,5017.085
1771491600,5017.23,5020.12,5015.705,5019.535
1771492500,5019.81,5020.565,4999.67,5000.69
1771493400,5000.68,5005.86,4993.215,5003.625
1771494300,5003.545,5005.46,4995.4,4995.67
1771495200,4995.62,4996.25,4983.23,4989.4
1771496100,4989.26,4991.52,4985.35,4986.92
1771497000,4986.915,4995.275,4981.45,4988.74
1771497900,4988.745,4993.485,4988.15,4993.405
1771498800,4993.41,4996.48,4989.35,4992.975
1771499700,4992.99,4994.57,4978.01,4984.82
1771500600,4984.96,4987.315,4982.15,4982.68
1771501500,4982.635,4986.43,4977.98,4984.715
1771502400,4984.725,4990.66,4980.765,4988.455
1771503300,4988.46,4992.235,4984.74,4992.215
1771504200,4992.22,4992.905,4983.52,4986.46
1771505100,4986.51,4987.86,4980.99,4984.97
1771506000,4985.02,4986.26,4974.52,4983.95
1771506900,4983.87,4987.755,4979.68,4983.46
1771507800,4983.465,4997.285,4971.125,4993.805
1771508700,4993.8,4998.81,4991.505,4997.17
1771509600,4997.12,4997.165,4972.26,4972.97
1771510500,4972.83,4982.57,4972.135,4978.42
1771511400,4978.49,4995.39,4963.445,4992.505
1771512300,4992.5,5010.44,4987.63,5005.795
1771513200,5005.89,5009.925,4999.035,4999.75
1771514100,4999.7,5016.44,4996.095,5016.06
1771515000,5016.09,5022.385,5012.295,5015.425
1771515900,5015.43,5016.145,5006.74,5013.83
1771516800,5013.865,5014.445,5001.07,5005.53
1771517700,5005.45,5006.605,4991.67,4998.22
1771518600,4998.18,5009.04,4998.18,5006.38
1771519500,5006.345,5007.125,4990.22,4995.15
1771520400,4995.23,4999.725,4992.14,4996.735
1771521300,4996.665,5001.905,4992.67,4994.17
1771522200,4994.165,4996.47,4986.26,4993.5
1771523100,4993.445,4994.605,4982.84,4985.165
1771524000,4985.2,4988.925,4979.735,4988.295
1771524900,4988.285,4989.7,4976.245,4978.195
1771525800,4978.24,4983.255,4975.41,4975.89
1771526700,4975.895,4984.75,4975.895,4981.87
1771527600,4981.875,4989.805,4980.87,4987.12
1771528500,4987.105,4990.495,4986.1,4989.31
1771529400,4989.32,4989.93,4978.325,4984.795
1771530300,4984.79,4988.8,4982.14,4987.88
1771531200,4987.935,4992.19,4987.915,4990.92
1771532100,4990.935,4997.16,4989.27,4995.81
1771533000,4995.845,5000.73,4995.115,4999.45
1771533900,4999.495,5003.545,4999.045,5001.84
1771534800,5001.84,5004.225,4997.97,5000.005
1771535700,4999.975,5001.33,4992.065,4994.035
1771536600,4993.995,4999.3,4993.71,4999.06
1771537500,4998.975,5000.02,4993.115,4996.49
1771542000,5000.805,5008.24,4997.945,4998.79
1771542900,4998.805,5003.525,4993.255,4997.275
1771543800,4997.43,5001.535,4995.025,4996.41
1771544700,4996.35,5000.885,4985.56,4987.795
1771545600,4987.955,4996.555,4985.435,4993.615
1771546500,4993.6,4996.405,4988.2,4990.765
1771547400,4990.77,4996.44,4987,4994.02
1771548300,4994.025,5007.185,4993.665,5006.645
1771549200,5006.635,5014.865,5006.04,5013.525
1771550100,5013.52,5013.565,4995.97,4999.685
1771551000,4999.65,5003.845,4995.475,4997.875
1771551900,4997.88,5000.525,4995.61,4997.145
1771552800,4997.135,5007.68,4992.9,4996.915
1771553700,4996.995,4999.455,4992.99,4997.61
1771554600,4997.605,5003.68,4997.605,4999.89
1771555500,4999.88,4999.98,4993.345,4996.29
1771556400,4996.35,4997.43,4989.95,4994.44
1771557300,4994.44,4998.49,4992.385,4992.525
1771558200,4992.54,4999.265,4981.67,4987.415
1771559100,4987.66,4995.945,4986.21,4988.69
1771560000,4988.7,4993.34,4986.96,4992.64
1771560900,4992.72,4994.83,4990.485,4994.58
1771561800,4994.66,5003.815,4993.72,4999.08
1771562700,4999.025,5000.335,4996.38,4999.885
1771563600,4999.925,5005.975,4999.925,5001.3
1771564500,5001.25,5002.725,4998.72,5001.67
1771565400,5001.655,5004.9,4997.915,4999.43
1771566300,4999.445,5012.185,4998.41,5012.185
1771567200,5012.09,5020.275,5011.89,5016.53
1771568100,5016.53,5029.815,5016.435,5022.325
1771569000,5022.32,5028.255,5020.62,5027.065
1771569900,5027.08,5030.145,5020.305,5020.79
1771570800,5020.745,5028.36,5015.755,5022.735
1771571700,5022.975,5023.615,5009.555,5015.41
1771572600,5015.42,5018.1,5012.775,5016.46
1771573500,5016.455,5016.505,5006.145,5006.58
1771574400,5006.605,5016.63,5004.97,5012.37
1771575300,5012.36,5020.09,5011.315,5018.485
1771576200,5018.515,5027.565,5017.85,5022.69
1771577100,5022.75,5031.215,5022.68,5028.995
1771578000,5029.2,5040.9,5028.24,5039.33
1771578900,5039.25,5042.74,5033.71,5034.22
1771579800,5034.27,5036,5029.76,5032.27
1771580700,5032.32,5034.88,5027.625,5027.635
1771581600,5027.67,5028.63,5019.52,5026.07
1771582500,5026.22,5031.2,5023.44,5026.63
1771583400,5026.74,5038.66,5026.74,5033.805
1771584300,5033.84,5036.91,5025.86,5034.62
1771585200,5034.615,5034.9,5031.08,5031.45
1771586100,5031.4,5032.46,5026,5028.88
1771587000,5028.965,5033.56,5022.585,5027.35
1771587900,5027.265,5028.83,5015.585,5017.435
1771588800,5017.405,5024.005,5013.84,5022.675
1771589700,5022.74,5023.665,5011.73,5012.27
1771590600,5012.405,5025.74,5007.285,5025.17
1771591500,5025.085,5026.675,5021.535,5025.185
1771592400,5025.19,5028.785,5023.57,5025.37
1771593300,5025.35,5031.93,5025.085,5028.465
1771594200,5028.425,5032.06,5018.145,5030.905
1771595100,5030.955,5048.885,5030.95,5043.48
1771596000,5043.5,5047.66,5037.31,5042.975
1771596900,5043,5044.915,5038.865,5041.72
1771597800,5041.655,5054.41,5037.74,5053.13
1771598700,5053.46,5060.655,5048.545,5054.495
1771599600,5054.65,5064.33,4990.585,5022.415
1771600500,5022.565,5045.02,5011.53,5025.87
1771601400,5025.835,5046.395,5016.985,5045.38
1771602300,5045.385,5052.65,5036.55,5042.805
1771603200,5042.515,5055.99,5038.835,5054.36
1771604100,5054.435,5056.69,5045.28,5053.95
1771605000,5054,5069.475,5052.865,5063.12
1771605900,5063.115,5067.925,5060.39,5066.765
1771606800,5066.745,5073.59,5064.49,5066.945
1771607700,5066.93,5068.525,5054.555,5064.095
1771608600,5064.17,5070.14,5061.815,5068.465
1771609500,5068.335,5076.465,5067.495,5073.12
1771610400,5073.06,5073.805,5066.54,5069.82
1771611300,5069.805,5070.865,5053.79,5058.465
1771612200,5058.46,5075.16,5057.16,5066.835
1771613100,5066.84,5073.935,5066.7,5071.52
1771614000,5071.525,5075.42,5068.87,5071.585
1771614900,5071.59,5075.605,5068.785,5069.625
1771615800,5069.69,5073.97,5069.69,5073.64
1771616700,5073.66,5079.81,5072.24,5079.265
1771617600,5079.26,5081.49,5077.01,5079.645
1771618500,5079.635,5086.465,5078.535,5084.945
1771619400,5084.905,5087.405,5082.785,5084.995
1771620300,5084.96,5098.215,5083.51,5097.02
1771621200,5097,5099.14,5091.8,5093.425
1771622100,5093.435,5098.84,5091.89,5098.025
1771623000,5097.83,5100.41,5097.715,5099.535
1771623900,5099.54,5108.72,5098.68,5108.255
1771801200,5118.71,5146.92,5117.815,5146.595
1771802100,5146.625,5152.435,5140.77,5146.555
1771803000,5146.36,5159.585,5144.69,5158.85
1771803900,5158.76,5172.315,5153.83,5165.785
1771804800,5165.79,5166.89,5132.58,5138.96
1771805700,5139.04,5153.915,5129.61,5153.65
1771806600,5153.735,5161.38,5139.22,5140.92
1771807500,5140.815,5146.575,5135.05,5144.65
1771808400,5144.84,5158.105,5139.885,5147.675
1771809300,5147.665,5159.575,5146.46,5159.32
1771810200,5159.25,5166.515,5155.505,5166.005
1771811100,5166,5167.935,5156.21,5157.345
1771812000,5157.375,5167.35,5156.765,5160.555
1771812900,5160.56,5167.505,5157.84,5161.4
1771813800,5161.32,5176.95,5161.05,5174.6
1771814700,5174.525,5176.79,5163.95,5173.72
1771815600,5173.69,5176.05,5151.775,5158.36
1771816500,5158.16,5164.69,5153.65,5164.3
1771817400,5164.26,5170.9,5164.255,5168.735
1771818300,5168.615,5171.46,5166.615,5166.85
1771819200,5166.84,5168.855,5155.44,5162.4
1771820100,5162.37,5164.65,5159.025,5160.145
1771821000,5160.125,5163.72,5156.08,5159.53
1771821900,5159.46,5161.85,5158.03,5160.955
1771822800,5160.9,5161.86,5152.165,5158.56
1771823700,5158.66,5159.43,5153.005,5158.085
1771824600,5158.08,5158.19,5153.52,5157.265
1771825500,5157.275,5159.92,5155.99,5158.36
1771826400,5158.35,5161.25,5157.515,5159.53
1771827300,5159.805,5161.755,5152.49,5152.78
1771828200,5152.825,5157.37,5147.39,5148.34
1771829100,5148.345,5153.42,5145.13,5145.88
1771830000,5145.93,5154.375,5138.055,5147.02
1771830900,5147.02,5149.44,5125.19,5136.73
1771831800,5136.64,5137.42,5125.205,5136.935
1771832700,5136.95,5139.455,5134.865,5136.835
1771833600,5136.785,5139.76,5131.18,5138.475
1771834500,5138.48,5139.785,5122.22,5125.2
1771835400,5125.15,5132.355,5122.355,5128.225
1771836300,5128.135,5142.225,5127.825,5140.37
1771837200,5140.31,5147.11,5139.16,5145.865
1771838100,5145.925,5149.595,5145.05,5149.15
1771839000,5149.14,5150.165,5143.065,5146.675
1771839900,5146.655,5149.89,5144.155,5149.5
1771840800,5149.59,5153.01,5146.35,5149.65
1771841700,5149.715,5156.55,5149.12,5156.1
1771842600,5156.04,5157.77,5145.16,5152.28
1771843500,5152.325,5163.655,5151.92,5162.925
1771844400,5162.985,5163.5,5153.09,5153.49
1771845300,5153.495,5154.55,5146.36,5150.76
1771846200,5150.74,5153.86,5147.98,5151.245
1771847100,5151.33,5154.705,5149.51,5149.85
1771848000,5149.78,5154.8,5147.1,5149.675
1771848900,5149.835,5152.44,5145.535,5150.2
1771849800,5150.2,5164.71,5149.77,5164.5
1771850700,5164.495,5165.555,5159.675,5164.215
1771851600,5164.2,5165.565,5153.285,5155.075
1771852500,5155.11,5156.79,5143.85,5149.98
1771853400,5150.07,5154.1,5147.53,5152.75
1771854300,5152.7,5153.41,5145.68,5146.375
1771855200,5146.325,5157.135,5141.615,5156.995
1771856100,5156.995,5165.495,5156.03,5165.445
1771857000,5165.375,5190.875,5164.945,5190.845
1771857900,5190.965,5200.665,5187.435,5192.825
1771858800,5192.69,5199.175,5180.72,5199.075
1771859700,5199.185,5203.75,5191.38,5197.735
1771860600,5197.71,5202.895,5186.365,5201.45
1771861500,5201.54,5205.17,5190.515,5195.97
1771862400,5195.905,5204.515,5175.805,5202.46
1771863300,5202.395,5219.215,5201.195,5214.715
1771864200,5214.765,5215.685,5206.43,5209.865
1771865100,5209.865,5218.15,5206.735,5210.16
1771866000,5210.545,5213.575,5199.75,5204.14
1771866900,5203.96,5212.65,5202.715,5210.335
1771867800,5210.36,5211.21,5191.275,5199.945
1771868700,5199.94,5208.22,5196.405,5208.06
1771869600,5208.09,5215.925,5207.275,5212.685
1771870500,5212.755,5213.375,5201.015,5206.25
1771871400,5206.235,5213.55,5205.515,5206.8
1771872300,5206.79,5212.175,5205.99,5209.48
1771873200,5209.525,5212.28,5206.65,5211.51
1771874100,5211.5,5215.07,5207.055,5209.26
1771875000,5209.255,5217.49,5208.13,5217.03
1771875900,5216.95,5218.44,5214.39,5215.635
1771876800,5215.69,5224.265,5214.875,5223.37
1771877700,5223.385,5226.025,5221.945,5225.28
1771878600,5225.235,5230.09,5224.665,5227.755
1771879500,5227.76,5237.95,5224.89,5236.5
1771880400,5236.5,5237.415,5229.88,5231.085
1771881300,5231.125,5232.21,5228.95,5229.815
1771882200,5229.565,5233.09,5226.43,5228.81
1771883100,5228.64,5231.565,5226.695,5226.87
1771887600,5244.98,5250.005,5235.175,5244.655
1771888500,5244.79,5249.845,5233.83,5236.74
1771889400,5236.75,5247.435,5236.74,5242.57
1771890300,5242.575,5243.235,5234.7,5235.81
1771891200,5235.87,5235.87,5217.52,5230.045
1771892100,5230.295,5238.18,5224.86,5227.55
1771893000,5227.64,5232.665,5224.8,5230.52
1771893900,5230.51,5232.11,5220.89,5224.185
1771894800,5224.19,5224.4,5183.9,5185.525
1771895700,5185.57,5189.075,5145.135,5165.47
1771896600,5165.2,5176.49,5161.005,5174.15
1771897500,5174.2,5179.42,5163.935,5177.375
1771898400,5177.38,5181.715,5166.74,5172.51
1771899300,5172.46,5174.765,5165.46,5173.38
1771900200,5173.35,5188.51,5172.515,5183.485
1771901100,5183.5,5190.965,5183.37,5189.99
1771902000,5189.905,5191.95,5185.615,5189.02
1771902900,5188.96,5189.94,5182.33,5182.81
1771903800,5182.955,5188.74,5176.275,5179.295
1771904700,5179.29,5179.905,5171.02,5172.09
1771905600,5172.025,5172.065,5161.12,5168.465
1771906500,5168.49,5175.36,5168.49,5172.255
1771907400,5172.28,5173.44,5164.66,5164.795
1771908300,5164.79,5171.09,5163.44,5168.3
1771909200,5168.21,5174.5,5164.15,5172.075
1771910100,5171.975,5175.62,5166.93,5167.675
1771911000,5167.68,5175.01,5164.755,5172.925
1771911900,5172.93,5185.88,5172.26,5182.475
1771912800,5182.47,5185.24,5177.17,5182.79
1771913700,5182.86,5183.83,5166.795,5168.9
1771914600,5168.825,5173.64,5155.905,5169.175
1771915500,5169.17,5175.39,5168.03,5173.635
1771916400,5173.64,5173.825,5164.25,5171.45
1771917300,5171.55,5183.665,5169.295,5183.445
1771918200,5183.4,5184.15,5174.595,5179.735
1771919100,5179.74,5183.025,5175.165,5179.4
1771920000,5179.18,5179.57,5169.595,5171.1
1771920900,5171.04,5175.055,5165.21,5170.54
1771921800,5170.175,5181.955,5169.71,5174.665
1771922700,5174.66,5176.83,5169.08,5173.64
1771923600,5173.5,5180.55,5171.48,5172.345
1771924500,5172.3,5174.95,5167.76,5168.35
1771925400,5168.54,5173.69,5166.565,5169.99
1771926300,5169.75,5173.26,5167.225,5171.595
1771927200,5171.55,5176.125,5171.105,5174.56
1771928100,5174.64,5181.49,5172.335,5175.95
1771929000,5176.02,5176.955,5163.355,5170.37
1771929900,5170.31,5174.63,5169.17,5172.92
1771930800,5172.97,5177.465,5172.305,5176.295
1771931700,5176.35,5176.8,5171.02,5174.86
1771932600,5175.04,5178.225,5173.07,5178.185
1771933500,5178.21,5178.67,5172.25,5172.805
1771934400,5172.795,5173.58,5165.025,5167.81
1771935300,5167.655,5168.63,5147.12,5161.79
1771936200,5161.78,5164.73,5154.125,5157.94
1771937100,5157.92,5158.94,5145.01,5150.77
1771938000,5151.105,5161.485,5151.085,5159.31
1771938900,5159.37,5159.525,5152.04,5156.42
1771939800,5156.37,5158.87,5133.435,5145.99
1771940700,5145.915,5146.36,5111,5115.145
1771941600,5115.14,5127.59,5093.225,5105.125
1771942500,5105.145,5119.555,5100.58,5115.355
1771943400,5115.33,5139.22,5109.805,5137.225
1771944300,5137.295,5139.38,5126.615,5127.885
1771945200,5127.9,5137.93,5117.875,5136.99
1771946100,5136.975,5146.285,5134.78,5138.485
1771947000,5138.455,5150.105,5134.31,5149.95
1771947900,5149.995,5155.375,5145.07,5150.385
1771948800,5150.39,5152.33,5141.25,5147.48
1771949700,5147.46,5150.85,5141.49,5143.75
1771950600,5143.85,5150.85,5135.15,5145.66
1771951500,5145.7,5145.855,5130.68,5141.975
1771952400,5141.95,5157.915,5141.685,5156.375
1771953300,5156.445,5163.46,5154.955,5158.675
1771954200,5158.88,5161.245,5156.515,5160.535
1771955100,5160.825,5163.86,5157.575,5163.78
1771956000,5163.715,5170.37,5163.69,5164.36
1771956900,5164.43,5165.61,5155.595,5158.425
1771957800,5158.44,5161.49,5153.575,5159.155
1771958700,5159.15,5163.045,5155.935,5160.125
1771959600,5160.12,5160.55,5149.54,5156.405
1771960500,5156.38,5157.615,5146.39,5151.57
1771961400,5151.62,5156.87,5148.95,5152.31
1771962300,5152.315,5155.47,5151.455,5153.995
1771963200,5154,5155.95,5146.65,5149.25
1771964100,5149.275,5170.165,5148.23,5168.39
1771965000,5168.405,5173.31,5165.645,5172.145
1771965900,5172.15,5172.485,5158.18,5164.095
1771966800,5164.02,5165.51,5156.315,5160.975
1771967700,5160.96,5162.29,5153.745,5155.355
1771968600,5155.365,5155.845,5145.99,5150.83
1771969500,5150.78,5150.78,5139.88,5143.925
1771974000,5135.495,5137.47,5128.285,5135.99
1771974900,5135.995,5137.96,5128.535,5131.01
1771975800,5130.665,5149.99,5129.315,5147.345
1771976700,5147.34,5152.46,5145.47,5146.75
1771977600,5146.76,5149.73,5136.85,5140.65
1771978500,5140.63,5146.275,5137.905,5140.55
1771979400,5140.565,5155.605,5140.565,5147.55
1771980300,5147.51,5156.445,5141.82,5152.375
1771981200,5152.37,5176.865,5144.185,5174.58
1771982100,5174.57,5188.69,5173.925,5185.42
1771983000,5185.31,5189.895,5178.525,5180.41
1771983900,5180.4,5186.445,5174.515,5176.685
1771984800,5176.66,5189.565,5176.36,5188.84
1771985700,5188.845,5193.835,5184.68,5189.87
1771986600,5189.81,5190.64,5182.94,5186.21
1771987500,5186.22,5187.095,5166.495,5180.72
1771988400,5181.045,5190.495,5181.045,5186.23
1771989300,5186.235,5187.59,5179.475,5186.44
1771990200,5186.49,5188.455,5179.68,5183.95
1771991100,5183.82,5187.7,5178.125,5182
1771992000,5181.95,5183.89,5171.815,5180.84
1771992900,5180.835,5185.07,5180.455,5182.89
1771993800,5182.865,5184.25,5179.82,5184.25
1771994700,5184.32,5185.065,5179.985,5182.84
1771995600,5182.845,5191.645,5182.69,5188.56
1771996500,5188.705,5196.55,5187.655,5195.445
1771997400,5195.45,5204.115,5192.35,5203.025
1771998300,5202.945,5210.68,5201.355,5201.705
1771999200,5201.72,5201.73,5182.455,5192.1
1772000100,5192.09,5195.255,5188.87,5189.68
1772001000,5189.675,5194.45,5188.535,5191.385
1772001900,5191.38,5194.8,5189.17,5194.66
1772002800,5194.64,5195.155,5187.595,5188.735
1772003700,5188.73,5190.44,5182.245,5189.625
1772004600,5189.625,5190.5,5185.83,5186.285
1772005500,5186.21,5189.215,5180.325,5184.6
1772006400,5184.625,5190.38,5184.485,5187.315
1772007300,5187.255,5194.155,5186.85,5193.475
1772008200,5193.495,5197.265,5191.265,5192.235
1772009100,5192.23,5192.36,5184.185,5185.515
1772010000,5185.465,5188.165,5176.635,5183.7
1772010900,5183.705,5188.53,5181.7,5186.76
1772011800,5186.755,5193.82,5185.86,5190.945
1772012700,5190.985,5194.595,5187.93,5193.295
1772013600,5193.3,5195.285,5182.885,5184.795
1772014500,5184.645,5184.935,5172.285,5175.265
1772015400,5175.105,5181.1,5169.84,5177.08
1772016300,5176.9,5177.47,5172.355,5175.275
1772017200,5175.27,5175.965,5162.725,5163.8
1772018100,5163.71,5169.525,5155.095,5168.93
1772019000,5168.925,5174.05,5166.685,5173.245
1772019900,5173.315,5182.685,5172.305,5181.695
1772020800,5181.645,5182.99,5178.255,5182.01
1772021700,5182.045,5187.495,5181.85,5183.675
1772022600,5183.635,5186.505,5177.33,5184.8
1772023500,5184.87,5185.52,5178.745,5182.825
1772024400,5182.805,5189.85,5181.1,5187.145
1772025300,5187.275,5191.415,5185.955,5188.015
1772026200,5188.005,5191.275,5181.91,5187.06
1772027100,5187.08,5191.115,5184.185,5185.205
1772028000,5185.175,5191.15,5183.675,5185.505
1772028900,5185.435,5186.035,5174.95,5177.75
1772029800,5177.755,5181.15,5158.645,5175.265
1772030700,5175.17,5193.315,5174.95,5191.175
1772031600,5191.095,5202.795,5190.345,5193.34
1772032500,5193.33,5195.92,5173.97,5179.995
1772033400,5180.235,5193.245,5172.2,5190.93
1772034300,5190.925,5198.43,5186.565,5194.875
1772035200,5194.805,5198.86,5189.87,5192.58
1772036100,5192.71,5206.29,5191.805,5203
1772037000,5202.985,5207.7,5199.2,5207.545
1772037900,5207.54,5214.02,5206.895,5212.245
1772038800,5212.325,5217.78,5207.995,5215.425
1772039700,5215.44,5216.13,5211.425,5213.275
1772040600,5213.31,5214.66,5208.43,5208.85
1772041500,5208.83,5210.81,5203.7,5206.945
1772042400,5206.96,5207.595,5206.905,5207.065
1772043300,5207.085,5207.28,5206.61,5206.835
1772044200,5206.84,5207.645,5205.01,5205.32
1772045100,5205.31,5205.565,5200.55,5202.31
1772046000,5202.4,5207.725,5191.695,5207
1772046900,5207.01,5207.095,5193.925,5203
1772047800,5202.905,5206.54,5199.535,5204.175
1772048700,5204.185,5208.445,5199.8,5205.07
1772049600,5205.085,5206.305,5195.49,5195.58
1772050500,5195.615,5196.645,5182.865,5186.27
1772051400,5186.43,5190.7,5176.455,5181.62
1772052300,5181.72,5181.72,5144.905,5152.55
1772053200,5152.51,5165.845,5150.58,5162.08
1772054100,5162.075,5173.67,5160.965,5169.34
1772055000,5169.38,5173.59,5166.87,5170.54
1772055900,5170.52,5171.79,5162.84,5163.58
1772060400,5173.57,5182.18,5166.31,5168.805
1772061300,5168.785,5180.115,5163.715,5170.02
1772062200,5170.04,5174.76,5163.77,5172.895
1772063100,5172.765,5179.305,5161.46,5163.27
1772064000,5163.275,5169.6,5155.13,5167.76
1772064900,5167.74,5186.505,5167.605,5185.65
1772065800,5185.64,5189.665,5181.21,5188.495
1772066700,5188.5,5192.205,5184.955,5188.45
1772067600,5188.455,5198.455,5182.76,5187.6
1772068500,5187.665,5195.515,5178.53,5180.465
1772069400,5180.46,5192.61,5178.635,5189.52
1772070300,5189.62,5194.17,5185.065,5191.5
1772071200,5191.495,5195.82,5182.4,5183.225
1772072100,5183.22,5190.07,5180.755,5180.955
1772073000,5180.96,5184.44,5174.07,5176.38
1772073900,5176.35,5186.485,5176.33,5184.425
1772074800,5184.42,5188.2,5182.88,5187.26
1772075700,5187.5,5193.835,5185.415,5188.285
1772076600,5188.235,5189.85,5186.145,5186.45
1772077500,5186.365,5193.07,5184.21,5192.735
1772078400,5192.725,5199.49,5192.36,5196.89
1772079300,5196.875,5197.235,5191.5,5194.25
1772080200,5194.155,5195.915,5192.835,5194.325
1772081100,5194.33,5194.905,5190.415,5192.77
1772082000,5192.81,5199.7,5189.935,5197.97
1772082900,5197.98,5205.64,5196.67,5200.52
1772083800,5200.51,5203.44,5195.895,5199.58
1772084700,5199.585,5200.445,5191.28,5198.365
1772085600,5198.395,5199.82,5193.49,5197.98
1772086500,5198.03,5198.56,5193.19,5193.88
1772087400,5193.77,5198.63,5193.77,5196.68
1772088300,5196.675,5197.26,5190.41,5193.32
1772089200,5193.365,5194.935,5182.495,5187.64
1772090100,5187.635,5190.785,5182.175,5185.265
1772091000,5185.215,5189.885,5184.485,5186.525
1772091900,5186.455,5188.22,5179.725,5186.105
1772092800,5186.025,5191.12,5179.515,5189.695
1772093700,5189.69,5191.105,5175.47,5177.16
1772094600,5177.21,5181.035,5170.655,5174.08
1772095500,5174.07,5182.325,5167.7,5179.585
1772096400,5179.28,5182.77,5174.05,5181.91
1772097300,5181.915,5182.525,5174.9,5181.255
1772098200,5181.15,5183.955,5179.395,5181.625
1772099100,5181.575,5189.65,5181.575,5186.49
1772100000,5186.485,5190.335,5185.675,5187.965
1772100900,5187.97,5188.91,5178.99,5179.39
1772101800,5179.4,5179.595,5171.84,5172.28
1772102700,5172.21,5175.385,5165.75,5171.535
1772103600,5171.505,5178.495,5169.345,5175.91
1772104500,5175.9,5176.19,5170.955,5172.015
1772105400,5172.035,5175.53,5171.79,5174.69
1772106300,5174.535,5174.55,5161.05,5164.88
1772107200,5164.91,5170.085,5157.87,5168.55
1772108100,5168.545,5180.41,5165.97,5178.56
1772109000,5178.56,5187.87,5177.87,5187.69
1772109900,5187.705,5188.095,5179.655,5183.86
1772110800,5183.855,5185.73,5168.3,5174.16
1772111700,5174.145,5179.03,5171.285,5174.825
1772112600,5174.76,5177.5,5164.375,5165.265
1772113500,5165.2,5171.69,5164.71,5165.995
1772114400,5165.985,5170.155,5160.24,5166.235
1772115300,5166.2,5172.455,5163.52,5170.4
1772116200,5170.335,5174.88,5140.14,5172.565
1772117100,5172.545,5176.33,5163.7,5164.98
1772118000,5164.535,5172.585,5158.94,5162.41
1772118900,5162.425,5163.37,5130.235,5141.95
1772119800,5141.94,5176.67,5140.73,5175.76
1772120700,5175.82,5192.955,5175.25,5185.775
1772121600,5185.82,5187.335,5172.96,5176.91
1772122500,5176.97,5184.675,5173.79,5180.575
1772123400,5180.585,5186.355,5178.08,5183.2
1772124300,5183.205,5185.685,5175.38,5179.565
1772125200,5179.61,5190.46,5178.3,5179.8
1772126100,5179.805,5182.025,5173.895,5174.445
1772127000,5174.455,5178.205,5172.01,5174.895
1772127900,5174.89,5175.47,5162.025,5167.345
1772128800,5167.49,5173.735,5163.61,5173.39
1772129700,5173.4,5178.485,5171.91,5177.255
1772130600,5177.275,5182.51,5160.53,5181.195
1772131500,5181.2,5186.135,5178.935,5180.56
1772132400,5180.555,5188.375,5179.675,5186.48
1772133300,5186.49,5189.265,5184.685,5185.64
1772134200,5185.685,5190.875,5183.505,5186.395
1772135100,5186.465,5194.08,5186.365,5187
1772136000,5187.01,5198.045,5186.74,5196.95
1772136900,5196.945,5198.06,5191.895,5193.775
1772137800,5193.78,5199.475,5190.87,5198.325
1772138700,5198.335,5201.005,5189.54,5196.62
1772139600,5196.62,5200.755,5196.375,5196.53
1772140500,5196.51,5196.93,5184.905,5186.075
1772141400,5186.08,5191.66,5184.425,5190.42
1772142300,5190.36,5190.36,5182.945,5185.17
1772146800,5182.035,5188.62,5179.005,5184.12
1772147700,5184.125,5187.085,5181.245,5183.93
1772148600,5183.985,5189.5,5181.475,5185.83
1772149500,5185.675,5188.715,5182.335,5184.76
1772150400,5184.74,5186.745,5178.73,5185.915
1772151300,5185.57,5195.03,5185.285,5188.095
1772152200,5188.035,5189.8,5170.115,5175.055
1772153100,5175.09,5177.6,5171.81,5175.1
1772154000,5175.12,5178.97,5166.995,5176.575
1772154900,5176.935,5180.355,5174.8,5175.175
1772155800,5175.13,5191.33,5173.345,5188.82
1772156700,5188.765,5194.79,5187.22,5194.41
1772157600,5194.47,5199.845,5191.805,5194.56
1772158500,5194.595,5195.415,5184.035,5184.28
1772159400,5184.275,5186.225,5174.345,5181.75
1772160300,5181.745,5184.32,5173.59,5183.77
1772161200,5183.7,5185.13,5181.175,5183.02
1772162100,5183.01,5188.485,5181.35,5187.03
1772163000,5187.045,5189.225,5183.575,5187.355
1772163900,5187.335,5190.9,5183.96,5183.975
1772164800,5183.98,5187.865,5183.66,5186.695
1772165700,5186.73,5188.785,5181.78,5187.225
1772166600,5187.155,5188.66,5185.42,5187.39
1772167500,5187.375,5187.655,5181.015,5181.795
1772168400,5181.805,5187.62,5181.58,5187.4
1772169300,5187.535,5195.035,5185.78,5194.86
1772170200,5194.855,5197.585,5190.205,5192.115
1772171100,5192.11,5200.64,5190.945,5197.815
1772172000,5197.83,5198.82,5193.105,5197.21
1772172900,5197.115,5199.47,5192.47,5193.48
1772173800,5193.475,5196.525,5191.565,5193.555
1772174700,5193.56,5194.015,5185.065,5185.77
1772175600,5185.725,5189.845,5181.29,5181.8
1772176500,5181.82,5185.785,5177.585,5178.685
1772177400,5178.7,5182.99,5175.795,5180.395
1772178300,5180.485,5182.77,5175.92,5176.035
1772179200,5176.2,5182.435,5176.2,5178.555
1772180100,5178.55,5179.815,5174.38,5177.63
1772181000,5177.62,5182.325,5176.895,5180.37
1772181900,5180.42,5182.225,5176.53,5178.86
1772182800,5178.855,5181.855,5175.215,5178.61
1772183700,5178.575,5182.285,5177.07,5179.045
1772184600,5178.995,5181.86,5177.865,5181.225
1772185500,5181.2,5182.815,5172.225,5176.11
1772186400,5176.145,5176.99,5168.685,5174.435
1772187300,5174.23,5180.985,5172.24,5173.495
1772188200,5173.455,5176.375,5169.35,5176.255
1772189100,5176.225,5178.965,5175.555,5177.725
1772190000,5177.69,5178.48,5173.425,5174.045
1772190900,5173.935,5178.965,5172.66,5177.675
1772191800,5177.68,5180.435,5176.735,5177.655
1772192700,5177.645,5185.715,5177.645,5185.715
1772193600,5185.73,5190.69,5185.09,5185.57
1772194500,5185.62,5189.815,5185.26,5186.885
1772195400,5186.895,5188.355,5183.96,5185.065
1772196300,5185.07,5189.18,5183.12,5187.695
1772197200,5187.705,5214.995,5186.895,5212.91
1772198100,5212.97,5240.825,5212.59,5235.58
1772199000,5235.565,5236.235,5207.965,5216.715
1772199900,5216.72,5226.135,5211.14,5223.22
1772200800,5223.17,5230.4,5217.425,5226.6
1772201700,5226.71,5236.665,5223.72,5231.345
1772202600,5231.39,5233.94,5213.935,5225.555
1772203500,5225.555,5229.605,5215.985,5223.76
1772204400,5223.595,5240.27,5219.68,5237.945
1772205300,5238.105,5240.33,5214.97,5231.71
1772206200,5231.63,5236.225,5227.13,5231.44
1772207100,5231.45,5246.83,5230.155,5239.475
1772208000,5239.48,5255.815,5233.975,5253.8
1772208900,5253.67,5257.75,5221.89,5234.37
1772209800,5234.195,5238.55,5229.345,5235.95
1772210700,5235.905,5238.24,5228.965,5229.325
1772211600,5229.32,5236.21,5226.305,5231.5
1772212500,5231.495,5232.675,5223.64,5228.855
1772213400,5228.845,5236.945,5220.76,5234.73
1772214300,5234.675,5237.01,5232.29,5234.74
1772215200,5234.75,5238.46,5233.52,5233.595
1772216100,5233.59,5234.56,5222.665,5230.7
1772217000,5230.66,5240.195,5226.68,5239.795
1772217900,5239.775,5246.98,5238.9,5245.34
1772218800,5245.35,5251.38,5240.205,5246.835
1772219700,5246.91,5252.43,5245.28,5248.29
1772220600,5248.31,5251.225,5243.885,5246.245
1772221500,5246.37,5251.44,5245.465,5250.095
1772222400,5250.135,5252.435,5248.735,5251.68
1772223300,5251.675,5262.275,5251.6,5256.955
1772224200,5256.96,5263.33,5254.805,5260.075
1772225100,5260.08,5265.6,5259.765,5263.47
1772226000,5263.455,5264.125,5257.96,5259.865
1772226900,5259.87,5263.865,5257.32,5262.6
1772227800,5262.555,5276.58,5260.535,5274.635
1772228700,5274.63,5281.155,5272.25,5278.51
1772406000,5368.53,5375.195,5329.785,5348.155
1772406900,5348.15,5358.51,5343.425,5355.095
1772407800,5355.225,5394.005,5353.075,5382.375
1772408700,5382.31,5391.375,5373.785,5387.085
1772409600,5387.08,5388.3,5364.42,5375.92
1772410500,5375.965,5376.375,5349.7,5364.855
1772411400,5364.925,5373.34,5359.17,5365.46
1772412300,5365.54,5366.52,5341.28,5347.58
1772413200,5347.57,5347.71,5314.845,5340.09
1772414100,5340.09,5345.975,5303.39,5307.83
1772415000,5307.91,5339.3,5305.465,5333.495
1772415900,5333.845,5338.555,5322.08,5325.44
1772416800,5325.34,5335.905,5317.325,5328.415
1772417700,5328.435,5336.5,5326.41,5331.64
1772418600,5331.47,5351.94,5328.615,5351.22
1772419500,5351.24,5352.04,5340.925,5346.67
1772420400,5346.72,5357.62,5344.415,5355.15
1772421300,5355.145,5359.61,5349.7,5355.67
1772422200,5355.665,5365.095,5353.68,5362.705
1772423100,5362.71,5366.93,5360.115,5366.46
1772424000,5366.625,5367.325,5355.73,5356.255
1772424900,5356.59,5366.375,5356.045,5363.565
1772425800,5363.57,5364.51,5345.16,5354.235
1772426700,5354.25,5358.565,5350.775,5356.12
1772427600,5356.2,5356.2,5345.95,5350.09
1772428500,5350.14,5354.435,5340.82,5350.875
1772429400,5350.88,5363.695,5348.885,5360.78
1772430300,5360.81,5366.395,5359.425,5366.04
1772431200,5366.045,5380.245,5363.835,5375.345
1772432100,5375.35,5382.225,5374,5380.865
1772433000,5380.955,5383.225,5374.29,5375.61
1772433900,5375.615,5390.21,5375.61,5387.7
1772434800,5387.69,5406.98,5385.035,5406.07
1772435700,5406.14,5419.66,5404.555,5408.57
1772436600,5408.515,5411.81,5402.305,5402.97
1772437500,5402.975,5414.645,5402.58,5408.175
1772438400,5408.155,5412.93,5402.835,5409.57
1772439300,5409.55,5416.165,5402.45,5415.775
1772440200,5415.855,5416.945,5396.83,5401.78
1772441100,5401.74,5411.025,5391.39,5394.145
1772442000,5394.11,5400.27,5389.455,5394.695
1772442900,5394.73,5398.77,5386.09,5394.7
1772443800,5394.685,5403.27,5394.31,5396.76
1772444700,5396.78,5397.59,5387.415,5392.11
1772445600,5392.115,5394.62,5379.055,5390.455
1772446500,5390.465,5392.685,5383.66,5390.025
1772447400,5390.03,5401.005,5386.93,5400.64
1772448300,5400.66,5401.045,5381.65,5389.435
1772449200,5389.445,5394.86,5382.45,5388.735
1772450100,5388.665,5397.44,5387.785,5390.71
1772451000,5390.625,5400.215,5389.105,5389.305
1772451900,5389.31,5390.07,5374.37,5385.41
1772452800,5385.43,5398.445,5378.96,5391.495
1772453700,5391.6,5396.185,5384.655,5394.18
1772454600,5394.195,5398.92,5388.94,5396.57
1772455500,5396.52,5398.66,5385.605,5397.15
1772456400,5397.195,5410.26,5381.965,5384.445
1772457300,5384.43,5409.275,5382.555,5401.685
1772458200,5401.745,5417.045,5392.36,5393.175
1772459100,5393.18,5398.525,5389.35,5394.08
1772460000,5394.1,5395.375,5363.81,5375.345
1772460900,5375.34,5376.9,5306.9,5333.64
1772461800,5333.795,5356.265,5306.51,5347.865
1772462700,5347.87,5351.835,5321.185,5334.355
1772463600,5334.125,5347.03,5311.265,5333.69
1772464500,5333.735,5339.38,5317.68,5331.15
1772465400,5331.025,5349.165,5330.055,5342.48
1772466300,5342.495,5345.26,5308.27,5315.605
1772467200,5315.545,5315.55,5260.285,5300.445
1772468100,5300.175,5314.78,5281.525,5310.11
1772469000,5310.095,5311.925,5282.16,5301.44
1772469900,5301.53,5306.435,5289.325,5290.205
1772470800,5290.235,5310.245,5287.11,5298.665
1772471700,5298.51,5312.385,5291.845,5305.125
1772472600,5305.11,5320.92,5303.485,5304.235
1772473500,5304.305,5311.14,5298.1,5306.995
1772474400,5306.99,5308.425,5289.87,5295.465
1772475300,5295.625,5306.245,5293.9,5297.84
1772476200,5297.835,5303.285,5291.02,5303.285
1772477100,5303.295,5316.665,5302.2,5315.515
1772478000,5315.54,5333.38,5313.875,5330.81
1772478900,5330.82,5332.905,5318.535,5330.89
1772479800,5330.885,5334.185,5324.6,5325.075
1772480700,5325.03,5332.43,5323,5330.65
1772481600,5330.685,5346.585,5328.44,5337.645
1772482500,5337.635,5346.475,5328.645,5333.48
1772483400,5333.665,5344.88,5332.01,5342.02
1772484300,5341.94,5342.91,5331.215,5332.69
1772485200,5332.63,5339.875,5331.45,5335.545
1772486100,5335.565,5340.565,5331.4,5332.715
1772487000,5332.645,5332.915,5326.15,5331.41
1772487900,5331.4,5331.4,5321.705,5321.935
1772492400,5344.96,5347.215,5332.885,5338.805
1772493300,5339.075,5342.08,5329.3,5336.865
1772494200,5336.855,5337.135,5330.56,5330.97
1772495100,5331.115,5346.785,5330.145,5345.89
1772496000,5345.95,5349.705,5336.98,5348.55
1772496900,5348.555,5359.09,5348.205,5358.165
1772497800,5358.19,5362.29,5348.32,5355.13
1772498700,5355.135,5359.755,5346.05,5350.32
1772499600,5350.345,5372.13,5347.12,5368.19
1772500500,5368.195,5379.975,5365.96,5377.21
1772501400,5377.205,5378.65,5362.745,5362.79
1772502300,5362.825,5365.6,5338.02,5339.67
1772503200,5339.69,5357.49,5332.94,5350.15
1772504100,5350.26,5359.835,5344.295,5359.045
1772505000,5359.055,5365.285,5355.435,5361.16
1772505900,5361.4,5368.065,5358.965,5367.015
1772506800,5367.025,5371.725,5365.045,5366.94
1772507700,5366.905,5373.535,5363.745,5367.45
1772508600,5367.51,5370.655,5365.595,5369.095
1772509500,5369.07,5370.125,5358.94,5367.525
1772510400,5367.535,5368.08,5359.515,5361.835
1772511300,5361.85,5375.71,5359.715,5372.25
1772512200,5372.255,5375.865,5367.125,5369.53
1772513100,5369.465,5370.035,5360.86,5361.21
1772514000,5361.145,5367.28,5354.25,5362.08
1772514900,5362.075,5364.37,5352.945,5358.98
1772515800,5358.865,5359.72,5334.445,5345.52
1772516700,5345.515,5347.02,5305.1,5319.32
1772517600,5319.36,5323.42,5279.005,5289.7
1772518500,5289.695,5319.815,5288.4,5316.76
1772519400,5316.685,5319.485,5295.905,5310.525
1772520300,5310.38,5315.495,5291.075,5310.69
1772521200,5310.705,5318.555,5306.095,5315.055
1772522100,5315.05,5320.37,5310.195,5313.52
1772523000,5313.535,5328.445,5313.52,5326.53
1772523900,5326.525,5331.32,5323.525,5327.745
1772524800,5327.735,5336.12,5319.95,5320.13
1772525700,5320.805,5328.9,5311.03,5312.365
1772526600,5312.385,5313.47,5296.22,5305.25
1772527500,5305.255,5311.51,5290.085,5295.9
1772528400,5295.835,5304.155,5284.615,5296.375
1772529300,5296.365,5302.64,5225.57,5242.89
1772530200,5242.875,5270.825,5241.135,5264.05
1772531100,5264.045,5281.23,5259.875,5275.345
1772532000,5275.28,5288.07,5268.705,5272.9
1772532900,5272.895,5281.385,5265.78,5276.845
1772533800,5276.815,5277.165,5248.1,5261.065
1772534700,5261.005,5261.005,5237.96,5248.5
1772535600,5248.49,5264.17,5160.515,5198.67
1772536500,5198.61,5209.12,5110.505,5126.595
1772537400,5126.585,5143.19,5073.135,5125.255
1772538300,5125.245,5157.935,5124.105,5144.925
1772539200,5144.95,5193.525,5138.915,5192.85
1772540100,5192.84,5209.75,5181.545,5204.68
1772541000,5204.665,5212.465,5188.995,5202.865
1772541900,5202.855,5227.08,5196.455,5224.46
1772542800,5224.575,5224.625,5146.21,5164.215
1772543700,5164.2,5184.59,5159.63,5178.28
1772544600,5178.22,5186.36,5147.805,5156.625
1772545500,5156.6,5159.43,5127.6,5156.895
1772546400,5156.885,5175.7,5150.32,5165.19
1772547300,5165.135,5166.765,5124.81,5146.325
1772548200,5146.31,5146.31,5062.135,5071.725
1772549100,5071.625,5077.385,5016.125,5039.065
1772550000,5039.085,5070.205,5025.77,5040.115
1772550900,5039.98,5053.47,4996.275,5044.045
1772551800,5043.95,5070.635,5037.315,5061.995
1772552700,5061.96,5097.12,5054.74,5095.76
1772553600,5095.755,5122.78,5090.715,5108.095
1772554500,5108.285,5126.205,5099.73,5112.845
1772555400,5112.865,5134.82,5106.84,5111.44
1772556300,5111.415,5115.94,5098.1,5107.435
1772557200,5107.45,5107.45,5081.205,5098.31
1772558100,5098.32,5109.915,5081.815,5083.135
1772559000,5083.26,5085.98,5065.5,5079
1772559900,5078.985,5084.61,5067.82,5079.63
1772560800,5079.545,5104.125,5079.375,5103.645
1772561700,5103.675,5117.345,5093.71,5112.185
1772562600,5112.23,5137.27,5107.155,5133.39
1772563500,5133.495,5138.44,5127.105,5136.11
1772564400,5136.13,5149.055,5109.915,5112.47
1772565300,5112.38,5121.36,5102.03,5106.825
1772566200,5106.83,5119.23,5099.43,5119.12
1772567100,5119.135,5128.55,5107.19,5113.395
1772568000,5113.385,5127.075,5112.24,5119.125
1772568900,5119.15,5130.67,5114.06,5122.82
1772569800,5123.145,5126.49,5102.53,5111.71
1772570700,5111.7,5113.44,5086.21,5097.52
1772571600,5097.525,5110.66,5094.345,5098.97
1772572500,5098.93,5101.43,5089.595,5089.64
1772573400,5089.89,5096.68,5084.075,5091.905
1772574300,5091.9,5093.76,5083.45,5088.835
1772578800,5106.335,5118.64,5105.37,5117.515
1772579700,5117.37,5128.5,5116.655,5126.445
1772580600,5126.5,5128.96,5116.865,5125.755
1772581500,5125.76,5130.105,5120.195,5125.44
1772582400,5125.43,5126.43,5105.72,5116.105
1772583300,5116.1,5129.05,5113.23,5125.265
1772584200,5125.28,5137.69,5122.605,5132.35
1772585100,5132.195,5140.605,5127.795,5139.095
1772586000,5139.075,5162.785,5139.055,5159.675
1772586900,5159.63,5164.66,5146.23,5146.23
1772587800,5146.005,5163.745,5142.485,5163.265
1772588700,5163.275,5178.82,5158.445,5175.155
1772589600,5175.075,5191.065,5167.95,5190
1772590500,5189.99,5190.04,5175.84,5178
1772591400,5177.98,5180.45,5163.82,5180.36
1772592300,5180.365,5181.125,5154.07,5156.48
1772593200,5156.49,5160.45,5141.14,5156.185
1772594100,5156.12,5168.395,5151.59,5162.655
1772595000,5162.635,5167.855,5154.005,5163
1772595900,5162.885,5177.835,5159.775,5174.465
1772596800,5174.455,5181.01,5171.96,5174.14
1772597700,5174.135,5174.375,5162.86,5168.425
1772598600,5168.455,5171.085,5151.77,5161.735
1772599500,5161.7,5165.205,5154.88,5156.93
1772600400,5157.265,5166.445,5152.095,5161.105
1772601300,5161.1,5166.07,5153.07,5156.685
1772602200,5156.67,5167.96,5155.315,5160.625
1772603100,5160.62,5168.47,5154.075,5160.09
1772604000,5160.095,5160.095,5117.72,5141.425
1772604900,5141.435,5150.57,5128.4,5134.575
1772605800,5134.575,5156.275,5132.745,5148.89
1772606700,5148.885,5161.015,5146.85,5160.625
1772607600,5160.6,5176.065,5158.55,5167.69
1772608500,5167.685,5174.62,5163.505,5167.535
1772609400,5167.595,5173.535,5163.69,5169.66
1772610300,5169.665,5176.035,5168.365,5168.37
1772611200,5168.345,5172.305,5147.64,5157.415
1772612100,5157.44,5168.95,5152.42,5162.74
1772613000,5162.76,5176.445,5162.155,5175.79
1772613900,5175.785,5182.335,5166.435,5167.775
1772614800,5167.73,5171.61,5159.33,5164.33
1772615700,5164.295,5178.8,5162.27,5170.92
1772616600,5170.91,5185.4,5169.13,5182.575
1772617500,5182.72,5185.07,5175.995,5182.51
1772618400,5182.53,5198.325,5182.485,5198.325
1772619300,5198.39,5202.425,5186.855,5188.05
1772620200,5188.315,5191.395,5179.725,5185.8
1772621100,5185.795,5194.105,5181.66,5190.135
1772622000,5190.17,5196.865,5187.88,5195.34
1772622900,5195.38,5197.915,5190.3,5195.09
1772623800,5195.16,5200.79,5190.925,5192.935
1772624700,5192.9,5194.395,5187.645,5192.205
1772625600,5192.21,5206.265,5192.21,5197.595
1772626500,5197.705,5197.905,5174.42,5178.365
1772627400,5178.65,5178.67,5156.51,5167.145
1772628300,5166.96,5173.415,5159.795,5171.335
1772629200,5171.315,5196.52,5170.99,5194.935
1772630100,5195.015,5195.7,5179.2,5192.52
1772631000,5192.535,5193.18,5182.055,5188.63
1772631900,5188.675,5192.43,5167.53,5167.965
1772632800,5167.99,5180.86,5163.93,5165.46
1772633700,5165.45,5175.405,5160.15,5166.53
1772634600,5166.58,5185.33,5163.225,5172.18
1772635500,5172.205,5179.865,5138.98,5147.475
1772636400,5146.005,5163.135,5131.34,5134.505
1772637300,5134.42,5159.83,5132.83,5156.255
1772638200,5156.345,5167.045,5137.54,5143.925
1772639100,5143.9,5153.205,5133.435,5151.595
1772640000,5151.49,5162.675,5143.625,5148.64
1772640900,5148.805,5156.075,5138.28,5146.19
1772641800,5146.255,5159.21,5144.135,5146.785
1772642700,5146.885,5152.925,5142.835,5149.67
1772643600,5149.675,5152.99,5142.845,5147.255
1772644500,5147.315,5149.965,5120.285,5133.815
1772645400,5133.865,5139.25,5128.26,5137.675
1772646300,5137.715,5147.75,5135.77,5141.285
1772647200,5141.23,5143.695,5117.66,5124.68
1772648100,5124.745,5128.185,5110.9,5123.935
1772649000,5123.925,5129.98,5108.64,5125.38
1772649900,5125.37,5134.905,5123.73,5134.06
1772650800,5134.055,5136.765,5126.43,5131.505
1772651700,5131.51,5133.415,5124.62,5124.715
1772652600,5124.665,5132.38,5123.385,5130.98
1772653500,5130.985,5139.695,5129.745,5138.015
1772654400,5137.975,5138.875,5127.035,5129.95
1772655300,5130.06,5138.625,5123.785,5137.39
1772656200,5137.395,5146.945,5137.145,5144.04
1772657100,5144.18,5144.76,5132.95,5134.81
1772658000,5134.835,5144.155,5134.185,5140.49
1772658900,5140.395,5141.71,5136.29,5141.575
1772659800,5141.59,5141.97,5129.595,5135.87
1772660700,5135.6,5142.465,5135.19,5140.945
1772665200,5152.485,5155.21,5144.86,5146.905
1772666100,5146.75,5156.87,5146.415,5154.94
1772667000,5155.22,5156.665,5148.76,5156.255
1772667900,5156.265,5166.33,5155,5165.365
1772668800,5165.375,5172.87,5159.35,5171.23
1772669700,5171.385,5180.1,5170.725,5173.43
1772670600,5173.435,5176.975,5168.295,5171.58
1772671500,5171.585,5177.465,5166.38,5172.695
1772672400,5172.69,5186.575,5169.94,5176.605
1772673300,5176.6,5182.555,5172.67,5177.73
1772674200,5177.72,5179.21,5167.665,5172.895
1772675100,5172.89,5180.31,5169.545,5172.85
1772676000,5172.8,5181.785,5171.895,5178.645
1772676900,5178.62,5188.32,5176.495,5184.38
1772677800,5184.37,5187.325,5174.455,5175.48
1772678700,5175.435,5192.62,5174.375,5192.21
1772679600,5192.155,5195.22,5184.04,5185.92
1772680500,5185.93,5191.34,5184.735,5185.265
1772681400,5185.28,5191.045,5181.315,5188.675
1772682300,5188.68,5191.18,5178.35,5180.35
1772683200,5180.325,5185.875,5176.88,5183.79
1772684100,5183.8,5186.81,5174.8,5178.495
1772685000,5178.5,5180.235,5173.965,5174.36
1772685900,5174.355,5175.735,5166.315,5171.61
1772686800,5171.615,5176.925,5169.35,5175.66
1772687700,5175.72,5176.825,5170.005,5172.57
1772688600,5172.615,5174.215,5162,5166.49
1772689500,5166.41,5169.54,5148.41,5148.755
1772690400,5148.755,5155.535,5120.785,5132.79
1772691300,5132.875,5144.275,5124.645,5143.375
1772692200,5143.37,5156.84,5140.31,5151.045
1772693100,5151.04,5168.95,5149.145,5167.79
1772694000,5167.74,5172.94,5161.49,5161.98
1772694900,5161.985,5168.165,5159.895,5166.2
1772695800,5166.205,5167.11,5159.625,5160.445
1772696700,5160.405,5166.425,5158.8,5162.195
1772697600,5162.11,5162.825,5141.79,5141.835
1772698500,5141.78,5148.785,5137.54,5144.805
1772699400,5144.745,5163.47,5143.81,5161.245
1772700300,5161.225,5170.25,5161.215,5165.625
1772701200,5165.63,5180.48,5161.385,5179.46
1772702100,5179.455,5180.37,5166.93,5169.42
1772703000,5169.365,5169.61,5152.48,5162.695
1772703900,5162.675,5165.66,5157.16,5161.26
1772704800,5161.255,5161.26,5146.24,5154.525
1772705700,5154.305,5158.73,5151.645,5156.26
1772706600,5156.01,5158.92,5147.55,5157.105
1772707500,5157.11,5167.845,5156.41,5164.635
1772708400,5164.685,5168.02,5161.405,5164.59
1772709300,5164.625,5167.125,5161.185,5163.15
1772710200,5163.16,5164.695,5156.955,5160.85
1772711100,5160.855,5165.225,5160.335,5164.035
1772712000,5164.05,5171.54,5163.25,5168.52
1772712900,5168.525,5170.61,5161.77,5161.785
1772713800,5161.71,5167.93,5160.755,5162.535
1772714700,5162.525,5166.275,5160.865,5162.635
1772715600,5162.615,5164.11,5146.635,5155.92
1772716500,5155.965,5160.2,5081.23,5122.575
1772717400,5122.585,5138.105,5115.295,5131.385
1772718300,5131.375,5132.215,5109.98,5118.085
1772719200,5118.09,5130.005,5110.37,5112.955
1772720100,5112.93,5121.415,5102.925,5120.55
1772721000,5120.36,5123.765,5090.54,5097.66
1772721900,5097.775,5111.37,5091.37,5102.305
1772722800,5102.3,5119.965,5060.625,5085.1
1772723700,5085.11,5094.215,5071.97,5086.63
1772724600,5086.675,5093.93,5077.82,5080.645
1772725500,5080.595,5103.07,5079.46,5102.63
1772726400,5102.635,5104.76,5074.415,5083.155
1772727300,5083.14,5085.485,5060.325,5064.06
1772728200,5064.095,5073.005,5054.22,5071.27
1772729100,5071.6,5081.445,5070.465,5077.735
1772730000,5077.74,5089.5,5073.83,5086.415
1772730900,5086.655,5088.99,5075.03,5075.21
1772731800,5075.215,5077.375,5055.065,5063.385
1772732700,5063.405,5069.35,5055.63,5062.87
1772733600,5062.75,5073.715,5050.905,5071.96
1772734500,5071.97,5076.205,5061.55,5071.275
1772735400,5071.28,5085.525,5070.705,5083.06
1772736300,5083.15,5083.59,5067.315,5069.41
1772737200,5069.395,5081.325,5067.505,5073.585
1772738100,5073.58,5073.595,5062.41,5067.175
1772739000,5067.17,5067.425,5055.775,5065.815
1772739900,5065.905,5070.8,5062.305,5066.14
1772740800,5066.145,5079.92,5061.805,5079.05
1772741700,5079.055,5094.925,5076.315,5080.815
1772742600,5080.835,5082.56,5074.335,5080.775
1772743500,5080.84,5081.925,5073.03,5076.855
1772744400,5076.9,5084.52,5072.29,5076.62
1772745300,5076.555,5081.62,5075.795,5081
1772746200,5081.02,5082.78,5072.845,5075.845
1772747100,5075.835,5085.19,5074.18,5081.38
1772751600,5090.81,5092.065,5082.155,5086.405
1772752500,5086.415,5096.945,5083.01,5091.14
1772753400,5091.185,5102.525,5087.485,5101.085
1772754300,5101.08,5101.08,5084.75,5086.155
1772755200,5086.075,5091.67,5074.22,5085.265
1772756100,5085.255,5092.545,5078.06,5090.91
1772757000,5090.925,5092.395,5075.05,5083.845
1772757900,5083.55,5090.28,5076.97,5084.95
1772758800,5084.895,5086.485,5066.4,5077.135
1772759700,5077.125,5089.19,5074.945,5085.965
1772760600,5086,5120.68,5085.79,5118.69
1772761500,5118.46,5144.05,5117.67,5134.575
1772762400,5134.44,5138.58,5125.54,5130.54
1772763300,5130.665,5134.675,5127.945,5128.995
1772764200,5129.04,5132.17,5122.075,5124.435
1772765100,5124.43,5129.26,5123.115,5126.37
1772766000,5126.345,5135.13,5124.44,5133.135
1772766900,5133.14,5141.64,5131.1,5136.765
1772767800,5136.795,5138.25,5129.14,5132.51
1772768700,5132.58,5134.76,5129.835,5131.21
1772769600,5131.2,5136.11,5130.695,5135.29
1772770500,5135.285,5136.485,5127.68,5129.745
1772771400,5129.75,5133.575,5128.32,5132.645
1772772300,5132.675,5136,5126.25,5127.65
1772773200,5127.53,5130.06,5122.995,5126.78
1772774100,5126.57,5130.38,5122.94,5130.06
1772775000,5130.065,5130.37,5119.14,5121.18
1772775900,5121.215,5123.595,5114.23,5117.63
1772776800,5117.595,5121.59,5109.25,5116.53
1772777700,5116.535,5123.115,5114.725,5120.33
1772778600,5120.335,5122.975,5116.63,5121.37
1772779500,5121.27,5122.62,5115.17,5115.78
1772780400,5115.84,5117.98,5105.72,5111.73
1772781300,5111.725,5119.91,5110.835,5114.88
1772782200,5114.775,5116.695,5107.9,5114.33
1772783100,5114.315,5120.82,5112.72,5119.695
1772784000,5119.7,5123.16,5110.91,5115.64
1772784900,5115.505,5117.885,5099.33,5100.72
1772785800,5100.62,5108.945,5096.54,5107.88
1772786700,5107.9,5113.9,5107.125,5108.8
1772787600,5108.805,5109.75,5094.62,5095.83
1772788500,5095.84,5102.735,5092.02,5099.09
1772789400,5099.04,5103.89,5087.115,5096.37
1772790300,5096.34,5097.44,5083.33,5085.715
1772791200,5085.77,5090.895,5075.66,5082.77
1772792100,5082.65,5093.35,5079.925,5087.47
1772793000,5087.305,5091.855,5081.17,5081.915
1772793900,5081.765,5093.15,5081.765,5091.13
1772794800,5091.165,5091.55,5080.475,5086.315
1772795700,5086.325,5098.58,5085.73,5094.63
1772796600,5094.615,5099.735,5080.92,5081.27
1772797500,5081.285,5087.255,5063.215,5077.28
1772798400,5077.34,5091.26,5076.43,5090.045
1772799300,5090.38,5096.725,5086.175,5088.61
1772800200,5088.63,5096.505,5085.305,5096.145
1772801100,5096.13,5096.555,5081.44,5083.295
1772802000,5083.29,5083.67,5065.5,5073.42
1772802900,5073.205,5088.995,5072.63,5083.215
1772803800,5083.19,5131.245,5083.19,5121.64
1772804700,5121.665,5122.51,5073.97,5085.12
1772805600,5085.17,5102.895,5080.905,5097.25
1772806500,5097.31,5109.57,5088.145,5104.47
1772807400,5104.48,5115.7,5084.185,5089.63
1772808300,5089.64,5132.44,5087.515,5130.2
1772809200,5130.18,5159.205,5127.96,5149.3
1772810100,5149.475,5171.89,5144.42,5161.835
1772811000,5161.845,5166.84,5149.885,5154.095
1772811900,5154.04,5157.7,5134.45,5141.835
1772812800,5141.84,5150.925,5136.065,5143.905
1772813700,5143.9,5153.3,5136.53,5142.405
1772814600,5142.435,5146.36,5125.865,5142.3
1772815500,5142.305,5148.24,5130.05,5140.125
1772816400,5140.225,5142.675,5129.02,5136.785
1772817300,5136.755,5145.68,5133.305,5142.445
1772818200,5142.45,5152.585,5136.755,5137.585
1772819100,5137.685,5141.13,5133.04,5141.01
1772820000,5141.015,5147.48,5138.88,5145.565
1772820900,5145.555,5151.095,5143.2,5150.615
1772821800,5150.67,5165.415,5149.02,5165.14
1772822700,5165.18,5167.875,5156.87,5161.08
1772823600,5161.07,5171.405,5160.515,5171.405
1772824500,5171.295,5174.67,5164.51,5165.365
1772825400,5165.29,5168.215,5157.76,5158.305
1772826300,5158.285,5163.96,5156.79,5159.73
1772827200,5159.9,5162.63,5153.925,5155.295
1772828100,5155.31,5160.655,5152.665,5153.825
1772829000,5153.85,5161.615,5149.34,5157.77
1772829900,5157.725,5160.815,5150.695,5153.345
1772830800,5153.34,5167.63,5150.99,5165.21
1772831700,5165.225,5170.59,5164.87,5168.42
1772832600,5168.315,5172.385,5166.52,5170.645
1772833500,5170.615,5176.63,5169.275,5171.5
1773007200,5171.95,5171.95,5118.53,5159.265
1773008100,5159.265,5160.335,5127.025,5156.065
1773009000,5156.09,5164.55,5106.455,5125.92
1773009900,5125.935,5134.605,5104.345,5130.31
1773010800,5130.31,5136.2,5093.745,5102.065
1773011700,5102.055,5107.105,5095.045,5104.875
1773012600,5104.88,5105.53,5044.14,5072.845
1773013500,5072.85,5080.39,5054.25,5076.01
1773014400,5076.02,5081.36,5028.54,5036.25
1773015300,5036.255,5053.27,5032.975,5046.295
1773016200,5046.095,5060.425,5044.195,5052.39
1773017100,5052.385,5057.91,5033.69,5050.03
1773018000,5049.625,5074.81,5015.045,5072.465
1773018900,5072.455,5087.895,5070.055,5071.89
1773019800,5072.08,5086.335,5071.46,5079.605
1773020700,5079.57,5082.545,5065.35,5070.165
1773021600,5070.235,5095.325,5055.21,5094.735
1773022500,5094.74,5094.885,5072.835,5077.54
1773023400,5077.505,5094.155,5076.07,5092.835
1773024300,5092.82,5099.21,5085.93,5094.655
1773025200,5095.515,5099.82,5084.245,5087.295
1773026100,5087.285,5102.255,5083.94,5083.94
1773027000,5083.985,5094.105,5081.87,5087.27
1773027900,5087.21,5093.73,5087.005,5091.275
1773028800,5091.295,5097.225,5086.805,5090.855
1773029700,5090.865,5094.77,5088.465,5089.46
1773030600,5089.685,5093.035,5087.495,5090.38
1773031500,5090.385,5091.51,5085.36,5090.36
1773032400,5090.35,5102.35,5081.185,5096.425
1773033300,5096.375,5104.605,5087.3,5095.425
1773034200,5095.48,5121.51,5091.915,5120.885
1773035100,5120.89,5140.79,5119.415,5124.2
1773036000,5124.185,5134.075,5119.22,5127.865
1773036900,5127.86,5131.46,5123.22,5126.51
1773037800,5126.515,5129.85,5104.69,5106.675
1773038700,5106.68,5111.24,5097.22,5097.975
1773039600,5097.97,5102.095,5088.265,5096.915
1773040500,5096.91,5107.105,5095.285,5106.815
1773041400,5106.825,5108.03,5099.88,5101.23
1773042300,5101.205,5101.56,5093.615,5099.085
1773043200,5099.145,5111.055,5099.145,5100.025
1773044100,5100.015,5106.63,5090.91,5091.6
1773045000,5091.58,5096.895,5087.07,5090.265
1773045900,5090.26,5102.77,5087.23,5096.725
1773046800,5096.71,5116.885,5095.085,5112.865
1773047700,5112.895,5126.875,5112.395,5125.15
1773048600,5125.155,5132.765,5102.655,5102.79
1773049500,5102.785,5107.53,5096.455,5105.39
1773050400,5105.4,5111.32,5102.88,5109.245
1773051300,5109.26,5110.49,5098.2,5099.67
1773052200,5099.525,5100.435,5089.085,5096.045
1773053100,5096.04,5096.815,5083.845,5087.335
1773054000,5087.3,5097.52,5087.3,5090.56
1773054900,5090.565,5092.8,5079.93,5085.94
1773055800,5086.035,5093.215,5082.135,5085.945
1773056700,5085.91,5094.725,5084.26,5088.305
1773057600,5088.29,5099.845,5088.29,5096.32
1773058500,5096.36,5110.28,5094.535,5109.6
1773059400,5109.67,5112.505,5103.9,5107.1
1773060300,5107.295,5107.295,5093.48,5095.07
1773061200,5095.075,5099.475,5088.175,5092.545
1773062100,5092.52,5098.51,5084.795,5094.855
1773063000,5094.755,5111.52,5074.3,5076.065
1773063900,5076.06,5084.885,5067.42,5074.39
1773064800,5074.44,5088.695,5060.595,5071.26
1773065700,5071.335,5084.41,5064.81,5081.745
1773066600,5081.665,5114.99,5079.985,5112.63
1773067500,5112.625,5116.28,5085.71,5094.125
1773068400,5094.01,5095.025,5079.585,5091.85
1773069300,5091.86,5100.505,5082.165,5099.665
1773070200,5099.67,5102.78,5093.15,5095.06
1773071100,5095.07,5103.54,5094.275,5099.79
1773072000,5099.885,5109.52,5097.06,5103.525
1773072900,5103.59,5105.58,5094.76,5104.045
1773073800,5104.195,5110.715,5102.76,5107.305
1773074700,5107.385,5108.755,5103,5104.74
1773075600,5104.76,5106.99,5098.345,5099.935
1773076500,5099.91,5102.465,5091.195,5095.055
1773077400,5095.04,5097.975,5089.135,5090.815
1773078300,5090.805,5099.605,5090.74,5096.12
1773079200,5096.07,5098.24,5092.51,5097.6
1773080100,5097.62,5107.115,5096.69,5105.315
1773081000,5105.375,5120.455,5104.51,5118.145
1773081900,5118.14,5126.645,5115.445,5123.46
1773082800,5123.535,5130.625,5118.63,5122.915
1773083700,5122.91,5144.01,5118.375,5140.23
1773084600,5140.245,5140.275,5125.465,5135.52
1773085500,5135.525,5144.325,5129.32,5141.21
1773086400,5141.265,5148.205,5137.925,5139.53
1773087300,5139.525,5140.57,5134.4,5139.7
1773088200,5139.695,5139.895,5134.72,5139.455
1773089100,5139.38,5140.825,5134.435,5137.91
1773093600,5128.805,5136.975,5124.39,5132.45
1773094500,5132.49,5135.96,5117.355,5132.225
1773095400,5132.215,5140.1,5128.48,5136.265
1773096300,5136.24,5153.285,5136.015,5153.22
1773097200,5153.265,5154.825,5138.53,5146.31
1773098100,5146.31,5156.21,5142.685,5145.04
1773099000,5144.975,5149.765,5135.64,5137.425
1773099900,5137.585,5143.51,5137.12,5139.805
1773100800,5139.61,5141.435,5130.92,5136.965
1773101700,5136.96,5137.8,5129.065,5130.6
1773102600,5130.58,5137.865,5124.89,5137.53
1773103500,5137.525,5139.365,5127.995,5131.225
1773104400,5131.155,5153.455,5124.835,5143.735
1773105300,5143.74,5168.15,5142.315,5158.205
1773106200,5158.21,5169.04,5153.205,5166.065
1773107100,5166.085,5186.455,5164.23,5184.24
1773108000,5184.245,5187.055,5170.53,5175.49
1773108900,5175.475,5181.24,5172.44,5179.95
1773109800,5179.84,5184.86,5175.595,5182.34
1773110700,5182.32,5185.645,5164,5166.065
1773111600,5166.055,5173.48,5165.25,5166.5
1773112500,5166.505,5170.625,5161.705,5166.95
1773113400,5166.925,5167.98,5160.125,5162.61
1773114300,5162.625,5163.055,5155.56,5157.615
1773115200,5157.555,5165.42,5154.47,5164.66
1773116100,5164.645,5166.645,5161.38,5162.565
1773117000,5162.615,5165.5,5161.415,5161.925
1773117900,5161.91,5165.525,5161.48,5163.845
1773118800,5163.84,5173.305,5163.815,5172.875
1773119700,5172.89,5174.38,5169.095,5171.735
1773120600,5171.745,5174.365,5167.465,5168.825
1773121500,5168.725,5179.35,5166.87,5177.87
1773122400,5178.08,5181.1,5174.205,5179.73
1773123300,5179.65,5179.65,5171.84,5176.24
1773124200,5176.44,5179.2,5173.74,5175.95
1773125100,5175.89,5177.48,5173.36,5175.34
1773126000,5175.325,5178.915,5170.83,5174.895
1773126900,5174.925,5177.69,5158.395,5169.43
1773127800,5169.285,5178.525,5165.675,5176.355
1773128700,5176.36,5181.755,5175.185,5181.205
1773129600,5181.155,5185.545,5175.005,5179.82
1773130500,5179.81,5184.3,5175.465,5184.19
1773131400,5184.185,5194.28,5182.885,5190.055
1773132300,5190.155,5195.405,5183.025,5183.48
1773133200,5183.58,5189.505,5180.58,5188.015
1773134100,5188.025,5189.405,5180.965,5186.995
1773135000,5186.985,5188.425,5181.64,5187.83
1773135900,5187.88,5189.42,5182.715,5182.755
1773136800,5182.76,5183.91,5175.68,5181.495
1773137700,5181.51,5182.07,5172.94,5173.81
1773138600,5173.95,5176.66,5156.5,5169.165
1773139500,5169.055,5178.285,5169.05,5177.18
1773140400,5177.225,5192.045,5176.55,5187.31
1773141300,5187.3,5190.115,5179.925,5183.08
1773142200,5183.26,5185.33,5173.9,5174.46
1773143100,5174.395,5179.78,5171.82,5175.26
1773144000,5175.42,5176.78,5162.485,5171.5
1773144900,5171.495,5180.775,5165.745,5179.675
1773145800,5179.74,5185.665,5178.355,5185.51
1773146700,5185.565,5189.6,5180.485,5187.085
1773147600,5187.01,5202.61,5186.005,5200.8
1773148500,5200.815,5228.925,5199.23,5221.695
1773149400,5221.685,5222.375,5207.27,5209.175
1773150300,5209.12,5215.865,5196.19,5205.34
1773151200,5205.455,5208.555,5185.3,5195.24
1773152100,5195.14,5214.55,5194.15,5208.98
1773153000,5208.81,5213.665,5202.955,5205.98
1773153900,5206.13,5212.26,5204.63,5206.845
1773154800,5206.76,5226.51,5203.285,5223.365
1773155700,5223.35,5228.78,5221.595,5225.95
1773156600,5225.995,5236.605,5225.335,5235.905
1773157500,5235.95,5238.775,5227.055,5228.69
1773158400,5228.88,5230.47,5222.75,5223.825
1773159300,5223.82,5235.65,5222.915,5232.55
1773160200,5232.545,5234.76,5227.525,5228.655
1773161100,5228.63,5232.16,5226.015,5227.58
1773162000,5227.585,5235.55,5227.075,5234.26
1773162900,5234.28,5234.58,5223.7,5233.315
1773163800,5233.26,5234.96,5227.52,5228.24
1773164700,5228.29,5232.81,5226.385,5227.575
1773165600,5227.57,5228.065,5215.435,5215.865
1773166500,5215.765,5218.685,5160.65,5203.06
1773167400,5203.005,5208.11,5189.86,5195.38
1773168300,5195.39,5205.15,5191.31,5192.05
1773169200,5192.08,5199.835,5184.41,5198.32
1773170100,5198.315,5207.865,5198.23,5200.87
1773171000,5200.915,5201.045,5179.905,5187.905
1773171900,5187.9,5199.84,5187.82,5198.885
1773172800,5198.88,5199.075,5193.415,5197.895
1773173700,5197.88,5198.795,5191.875,5195.06
1773174600,5195.04,5198.06,5193.295,5198.025
1773175500,5198.015,5199.165,5192.395,5192.51
1773180000,5191.79,5193.555,5183.47,5190.27
1773180900,5190.335,5197.985,5188.825,5190.95
1773181800,5190.98,5195.735,5187.915,5193.78
1773182700,5193.785,5195.345,5185.86,5189.525
1773183600,5189.44,5196.945,5188.735,5191.75
1773184500,5191.73,5197.8,5187.835,5193.61
1773185400,5193.615,5196.17,5190.475,5191.225
1773186300,5191.22,5197.415,5187.925,5197.375
1773187200,5197.38,5198.34,5186.66,5192.885
1773188100,5192.89,5215.745,5191.665,5212.45
1773189000,5212.39,5212.545,5205.84,5211.495
1773189900,5211.505,5219.59,5211.32,5215.455
1773190800,5215.45,5223.385,5212.135,5215.48
1773191700,5215.515,5223.2,5210.81,5214.935
1773192600,5214.93,5220.1,5212.855,5214.59
1773193500,5214.42,5217.93,5208.65,5208.66
1773194400,5208.72,5209.86,5194.02,5201.48
1773195300,5201.475,5206.91,5200.4,5204.35
1773196200,5204.29,5210.13,5201.945,5207.68
1773197100,5207.7,5220.64,5207.685,5217.45
1773198000,5217.32,5220.505,5211.775,5214.01
1773198900,5213.9,5214.94,5204.61,5204.755
1773199800,5204.75,5209.7,5203.78,5208.165
1773200700,5208.08,5208.81,5199.42,5203.44
1773201600,5203.445,5206.495,5199.595,5205.995
1773202500,5205.98,5208.81,5204.645,5207.48
1773203400,5207.435,5208.505,5204.15,5206.795
1773204300,5206.79,5206.79,5201.995,5204.61
1773205200,5204.4,5208.535,5203.61,5204.5
1773206100,5204.595,5206.655,5200.41,5200.62
1773207000,5200.54,5204.95,5190.705,5201.21
1773207900,5200.99,5201.83,5195.715,5199.84
1773208800,5199.57,5210.51,5196.4,5209.42
1773209700,5209.47,5210.97,5203.045,5206.65
1773210600,5206.685,5206.82,5191.53,5194.83
1773211500,5194.835,5199.28,5192.4,5197.66
1773212400,5197.655,5202.28,5195.535,5198.895
1773213300,5198.96,5200.08,5195.62,5197.965
1773214200,5198.095,5198.485,5184.56,5191.72
1773215100,5191.645,5197.955,5190.135,5195.845
1773216000,5195.825,5198.695,5188.14,5198.545
1773216900,5198.4,5198.4,5181.02,5184.91
1773217800,5184.82,5187.52,5175.35,5181.75
1773218700,5181.585,5188.83,5179.5,5187.695
1773219600,5187.67,5188.345,5179.63,5184.17
1773220500,5184.005,5190.72,5183.565,5187.695
1773221400,5187.7,5197.145,5187.235,5191.73
1773222300,5191.9,5194.445,5186.52,5187.66
1773223200,5187.88,5195.425,5186.47,5193.655
1773224100,5193.7,5195.29,5189.4,5191.735
1773225000,5191.85,5191.96,5177.23,5179.36
1773225900,5179.235,5191.025,5177.45,5186.155
1773226800,5186.22,5193.67,5184.625,5187.725
1773227700,5187.75,5190.025,5179.815,5181.315
1773228600,5181.365,5190.675,5180.035,5184.965
1773229500,5184.97,5188.78,5175.87,5181.415
1773230400,5181.38,5193.275,5177.865,5191.295
1773231300,5191.32,5195.335,5188,5191.075
1773232200,5191.09,5197.175,5173.265,5180.225
1773233100,5180.25,5180.955,5166.835,5167.53
1773234000,5167.48,5182.07,5162.175,5177.895
1773234900,5177.845,5183.185,5176.18,5181.565
1773235800,5181.55,5181.555,5165.57,5165.8
1773236700,5165.61,5177.25,5149.155,5176.855
1773237600,5176.86,5190.465,5175.155,5190.11
1773238500,5190.16,5195.635,5182.35,5194.41
1773239400,5194.235,5196.315,5174.565,5183.41
1773240300,5183.46,5193.815,5180.635,5183.38
1773241200,5183.39,5185.9,5170.94,5171.055
1773242100,5171.045,5179.64,5168.59,5172.895
1773243000,5172.85,5174.18,5166.43,5169.445
1773243900,5169.305,5175.31,5164.075,5166.605
1773244800,5166.51,5172.575,5163.81,5172.425
1773245700,5172.435,5172.68,5164.46,5166.965
1773246600,5166.885,5176.79,5166.08,5174.56
1773247500,5174.705,5178.15,5170.36,5175.77
1773248400,5175.84,5181.115,5174.57,5175.745
1773249300,5175.78,5178.145,5169.67,5172.03
1773250200,5172.075,5172.64,5154.985,5163.28
1773251100,5163.285,5170.2,5161.315,5169.845
1773252000,5169.885,5175.43,5169.355,5172.15
1773252900,5172.135,5178.395,5172.035,5177.74
1773253800,5177.73,5178.335,5176.305,5177.145
1773254700,5177.49,5178.06,5170.37,5172.555
1773255600,5172.605,5174.535,5169.375,5172.53
1773256500,5172.48,5177.915,5171.93,5177.345
1773257400,5177.35,5180.13,5176.3,5179.88
1773258300,5179.885,5183.76,5176.995,5183.29
1773259200,5183.215,5183.595,5176.79,5178.05
1773260100,5178.045,5179.24,5175.265,5177.945
1773261000,5177.845,5178.17,5176.155,5176.51
1773261900,5176.395,5178.525,5175.56,5176.48
1773266400,5178.045,5178.32,5167.56,5175.445
1773267300,5175.08,5176.99,5165.58,5170.05
1773268200,5170.055,5170.085,5153.2,5158.705
1773269100,5158.72,5169.345,5129.83,5139.13
1773270000,5139.14,5154.195,5135.315,5152.265
1773270900,5152.26,5157.195,5150.45,5156.19
1773271800,5155.895,5157.94,5146.185,5147.14
1773272700,5146.885,5147.495,5133.295,5134.6
1773273600,5134.61,5142.365,5125.64,5138.975
1773274500,5138.98,5158.28,5138.98,5152.735
1773275400,5152.73,5161.6,5151.41,5154.405
1773276300,5154.4,5156.22,5150.22,5153.205
1773277200,5153.2,5167.065,5151.69,5157.12
1773278100,5157.125,5161.175,5151.435,5157.605
1773279000,5157.6,5170.36,5154.75,5169.79
1773279900,5169.795,5173.16,5164.6,5168.835
1773280800,5168.705,5174.815,5167.29,5174.265
1773281700,5174.27,5175.15,5167.175,5168.035
1773282600,5168.045,5171.59,5155.535,5157.54
1773283500,5157.625,5158.485,5145.935,5150.88
1773284400,5150.955,5155.82,5148.72,5154.135
1773285300,5154.145,5155.215,5147.405,5152
1773286200,5151.995,5153.765,5148.035,5152.51
1773287100,5152.465,5154.665,5151.29,5153.155
1773288000,5153.255,5153.355,5149.925,5152.31
1773288900,5152.305,5154.02,5150.38,5152.775
1773289800,5152.755,5152.755,5143.825,5144
1773290700,5144.17,5146.78,5140.62,5142.7
1773291600,5142.76,5149.25,5141.46,5146.4
1773292500,5146.405,5149.12,5137.17,5143.205
1773293400,5143.21,5154.62,5141.38,5153.75
1773294300,5153.765,5157.93,5151.69,5154.675
1773295200,5154.66,5158.09,5151.7,5154.485
1773296100,5154.49,5157.76,5147.4,5156.545
1773297000,5156.575,5169.97,5156.02,5168.715
1773297900,5168.77,5170.39,5165.305,5166.32
1773298800,5166.325,5170.54,5164.52,5170.25
1773299700,5170.24,5170.68,5166.135,5169.12
1773300600,5169.115,5179.89,5167.95,5178.75
1773301500,5178.91,5185.23,5175.985,5182.385
1773302400,5182.38,5189.86,5180.885,5181.675
1773303300,5181.565,5184.55,5177.33,5177.63
1773304200,5177.595,5181.915,5177.58,5181.36
1773305100,5181.38,5182.915,5175.88,5178.22
1773306000,5178.205,5181.47,5175.74,5176.565
1773306900,5176.535,5181.46,5174.43,5180.21
1773307800,5180.215,5187.49,5180.21,5184.735
1773308700,5184.755,5190.5,5182.825,5188.385
1773309600,5188.35,5191.79,5186.66,5187.11
1773310500,5187.105,5187.405,5180.08,5180.32
1773311400,5180.34,5183.27,5175.965,5182.11
1773312300,5182.07,5184.16,5178.625,5182.47
1773313200,5182.445,5183.87,5178.875,5178.995
1773314100,5178.98,5179.73,5172.875,5176.655
1773315000,5176.645,5181.095,5175.59,5181.095
1773315900,5181.09,5181.675,5176.545,5179.15
1773316800,5179.18,5180.61,5167.38,5168.775
1773317700,5168.72,5172.925,5163.685,5172.405
1773318600,5172.395,5176.54,5168.68,5174.26
1773319500,5174.255,5185.875,5174.19,5181.625
1773320400,5181.575,5186.145,5178.865,5184.62
1773321300,5184.625,5184.71,5158.87,5171.145
1773322200,5171.155,5171.385,5155.73,5159.32
1773323100,5159.235,5160.1,5146.085,5151.45
1773324000,5151.48,5163.72,5150.32,5161.275
1773324900,5161.355,5163.255,5149.845,5152.105
1773325800,5152.045,5153.865,5139.8,5148.83
1773326700,5148.89,5153.84,5138.475,5142.92
1773327600,5142.71,5144.99,5109.85,5124.87
1773328500,5124.69,5132.745,5118.25,5129.43
1773329400,5129.255,5134.675,5118.37,5131.125
1773330300,5131.185,5135.425,5125.58,5132.485
1773331200,5132.485,5135.035,5121.23,5128.695
1773332100,5128.7,5138.175,5128.08,5131.82
1773333000,5131.81,5137.765,5125.1,5135.06
1773333900,5135.025,5135.635,5121.695,5123.55
1773334800,5123.495,5129.87,5120.935,5121.705
1773335700,5121.77,5122.89,5113.76,5119.11
1773336600,5119.2,5120.2,5105.14,5110.585
1773337500,5110.58,5112.51,5102.615,5105.485
1773338400,5105.49,5112.84,5105.075,5107.34
1773339300,5107.345,5110.58,5101.315,5104.445
1773340200,5104.46,5104.46,5098.68,5098.81
1773341100,5098.815,5099.55,5090.885,5094.49
1773342000,5094.48,5095.3,5079.37,5084.995
1773342900,5085.06,5095.72,5081.065,5093.7
1773343800,5093.695,5097.005,5090.565,5091.96
1773344700,5091.975,5096.255,5081.475,5084.985
1773345600,5085.02,5090.925,5083.71,5085.51
1773346500,5085.495,5089.045,5071.44,5072.125
1773347400,5072.115,5073.1,5055.125,5072.45
1773348300,5072.295,5081.47,5072.085,5079.255
1773352800,5083.865,5086.72,5077.79,5081.63
1773353700,5081.71,5095.545,5081.02,5092.75
1773354600,5092.68,5092.68,5085.58,5089.82
1773355500,5090.02,5096.33,5088.155,5096.03
1773356400,5096.055,5096.365,5088.97,5090.67
1773357300,5090.72,5099.625,5090.515,5094.25
1773358200,5094.26,5098.515,5092.125,5094.835
1773359100,5094.83,5101.35,5094.685,5098.13
1773360000,5098.135,5108.355,5097.48,5106.015
1773360900,5106.14,5108.525,5104.41,5106.575
1773361800,5106.58,5110.58,5106.17,5108.045
1773362700,5107.94,5115.4,5107.415,5113.78
1773363600,5113.95,5121.17,5113.555,5119.675
1773364500,5119.72,5120.725,5114.105,5118.885
1773365400,5118.89,5121.795,5111.43,5112.38
1773366300,5112.395,5124.535,5108.72,5124.28
1773367200,5124.35,5128.475,5122.735,5123.3
1773368100,5123.245,5123.245,5114.83,5121.425
1773369000,5121.345,5121.705,5116.02,5118.1
1773369900,5118.15,5118.66,5110.455,5112.245
1773370800,5112.225,5116.035,5109.285,5111.045
1773371700,5111.13,5114.07,5108.605,5110.63
1773372600,5110.595,5112.42,5106.42,5110.805
1773373500,5110.91,5116.735,5110.515,5115.76
1773374400,5115.62,5118.175,5112.55,5114.4
1773375300,5114.45,5114.58,5103.76,5105.63
1773376200,5105.73,5107.435,5102.825,5104.57
1773377100,5104.535,5106.835,5103.19,5104.59
1773378000,5104.82,5109.69,5102.76,5109.3
1773378900,5109.29,5110.505,5104.96,5106
1773379800,5106.08,5111.26,5100.08,5100.535
1773380700,5100.585,5105.54,5098.415,5103.175
1773381600,5103.165,5107.94,5101.505,5103.92
1773382500,5103.97,5104.08,5089.035,5095.92
1773383400,5095.915,5098.585,5087.92,5091.83
1773384300,5091.89,5094.89,5085.665,5088.34
1773385200,5088.18,5094.265,5084.02,5090.405
1773386100,5090.41,5090.44,5071.935,5084.975
1773387000,5084.785,5093.09,5083.91,5089.405
1773387900,5089.35,5092.745,5082.315,5085.47
1773388800,5085.465,5085.465,5066.77,5077.87
1773389700,5077.875,5079.355,5061.72,5070.865
1773390600,5070.815,5084.585,5070.485,5076.365
1773391500,5076.175,5088.19,5076.145,5087.55
1773392400,5087.485,5097.165,5086.04,5092.68
1773393300,5092.795,5093.46,5084.445,5092.055
1773394200,5092.135,5093.025,5083.36,5085.575
1773395100,5085.585,5094.515,5085.035,5089.755
1773396000,5089.675,5093.585,5086.025,5093.565
1773396900,5093.495,5096.915,5088.6,5089.405
1773397800,5089.345,5089.59,5079.94,5087.755
1773398700,5087.865,5098.375,5084.665,5094.965
1773399600,5095.065,5097.58,5086.385,5090.545
1773400500,5090.765,5097.52,5089.09,5095.525
1773401400,5095.475,5096.655,5092.065,5095.02
1773402300,5095.18,5107.995,5092.38,5107.835
1773403200,5107.84,5118.835,5107.505,5108.465
1773404100,5108.46,5115.5,5104.365,5113.71
1773405000,5113.74,5116.64,5108.02,5112.235
1773405900,5112.245,5122.01,5111,5118.3
1773406800,5118.335,5121.265,5110.435,5113.025
1773407700,5112.995,5115.745,5107.365,5108.895
1773408600,5108.83,5112.67,5096.57,5112.29
1773409500,5112.24,5116.97,5099.4,5102.24
1773410400,5102.21,5108.135,5090.505,5090.505
1773411300,5090.385,5094.585,5082.795,5089.265
1773412200,5089.23,5091.905,5074.625,5079.495
1773413100,5079.485,5079.505,5035.535,5042.025
1773414000,5042.03,5071.47,5038.405,5069.32
1773414900,5069.315,5071.505,5056.94,5063.215
1773415800,5063.155,5068.39,5041.9,5046.825
1773416700,5046.455,5057.575,5031.015,5034.925
1773417600,5034.775,5040.805,5019.2,5032.11
1773418500,5032.105,5041.755,5030.46,5041
1773419400,5040.995,5053.25,5040.255,5044.87
1773420300,5044.99,5051.78,5041.7,5046.045
1773421200,5045.955,5057.205,5043.62,5057.15
1773422100,5057.2,5062.24,5052.305,5056.405
1773423000,5056.48,5064.08,5051.205,5053.63
1773423900,5053.61,5055.49,5043.555,5046.465
1773424800,5046.445,5051.88,5040.79,5042.67
1773425700,5042.675,5046.465,5036.26,5041.91
1773426600,5041.63,5049.585,5040.67,5044.295
1773427500,5044.29,5046.695,5041.32,5046.655
1773428400,5046.67,5049.965,5034.005,5039.995
1773429300,5040,5040.595,5032.435,5035.275
1773430200,5035.26,5037.135,5023.08,5025.295
1773431100,5025.38,5025.865,5009.745,5016.735
1773432000,5016.77,5021.265,5012.545,5016.855
1773432900,5016.82,5021.71,5012.505,5014.12
1773433800,5014.07,5025.645,5013.25,5024.72
1773434700,5024.71,5024.9,5016.705,5020.6
1773612000,5014.955,5031.005,5014.195,5023.53
1773612900,5023.54,5023.79,5000.91,5013.695
1773613800,5012.785,5018.465,5008.39,5010.52
1773614700,5010.525,5025.915,5010.405,5024.97
1773615600,5025.05,5026.335,5002.29,5007.055
1773616500,5007.19,5007.94,4967.775,4989.62
1773617400,4989.575,4992.46,4978.955,4983.74
1773618300,4984.19,4998.74,4972.38,4997.655
1773619200,4997.64,5028.7,4996.69,5022.685
1773620100,5022.665,5023.855,5014.895,5016.575
1773621000,5016.57,5030.98,5014.93,5027.88
1773621900,5027.895,5030.135,5017.035,5026.005
1773622800,5026.02,5026.66,4986.325,4986.49
1773623700,4986.465,5005.735,4983.7,4987.96
1773624600,4987.955,5004.48,4982.675,5004.2
1773625500,5004.105,5016.53,5002.715,5016.355
1773626400,5016.3,5019.065,5010.73,5015.485
1773627300,5015.49,5018.775,5010.645,5012.855
1773628200,5012.945,5014.485,5002.64,5006.24
1773629100,5006.135,5008.945,4997.895,5003.67
1773630000,5003.61,5007.115,4998.21,4999.575
1773630900,4999.59,5011.515,4998.355,5011.065
1773631800,5011.045,5019.12,5010.06,5019.11
1773632700,5019.115,5021.01,5016.1,5019.165
1773633600,5019.15,5026.17,5019.06,5024.325
1773634500,5024.33,5026.505,5020.76,5021.54
1773635400,5021.525,5024.99,5014.405,5017.02
1773636300,5017.12,5017.12,5012.575,5013.05
1773637200,5013.045,5016.13,5011.12,5012.79
1773638100,5012.84,5013.36,5008.085,5011.22
1773639000,5010.965,5017.72,5003.41,5016.44
1773639900,5016.32,5020.37,5015.6,5017.59
1773640800,5017.57,5027.92,5013.1,5027.26
1773641700,5027.23,5036.01,5025.62,5027.8
1773642600,5027.94,5029.7,5021.185,5022.5
1773643500,5022.455,5023.045,5005.405,5012.3
1773644400,5012.57,5016.59,5009.76,5010.01
1773645300,5010.015,5010.035,4998.54,5002.455
1773646200,5002.4,5007.435,4991.895,4992.805
1773647100,4992.855,5000.055,4992.85,4995.615
1773648000,4995.6,5000.465,4988.75,4989.045
1773648900,4988.96,5003.63,4988.055,4997.215
1773649800,4997.21,4998.74,4985.115,4987.42
1773650700,4987.37,4997.81,4985.875,4991.305
1773651600,4991.135,4991.63,4979.955,4985.545
1773652500,4985.395,4990.895,4983.835,4989.25
1773653400,4989.3,4991.805,4981.41,4981.74
1773654300,4981.73,4985.47,4972.535,4975.565
1773655200,4975.575,4980.29,4970.23,4976.9
1773656100,4976.8,4991.42,4976.725,4986.63
1773657000,4986.62,4988.405,4980.44,4985.51
1773657900,4985.505,4999.69,4983.945,4998.95
1773658800,4998.91,5006.515,4995.815,5002.395
1773659700,5002.665,5022.825,5002.535,5019.21
1773660600,5019.225,5020.04,5013.88,5015.645
1773661500,5015.755,5018.45,4992.78,4997.31
1773662400,4997.335,5006.95,4994.55,5005.705
1773663300,5005.56,5024.935,5003.005,5022.91
1773664200,5023,5025.585,5018.98,5021.96
1773665100,5022.18,5022.325,5011.92,5020.06
1773666000,5020.055,5023.705,5013.885,5022.42
1773666900,5022.59,5030.215,5018.585,5021.205
1773667800,5021.2,5034.53,5018.305,5031.605
1773668700,5031.58,5033.72,5023.1,5029.94
1773669600,5029.88,5038.145,5027.085,5028.185
1773670500,5028.21,5030.08,5014.63,5014.77
1773671400,5014.76,5015.11,5000.505,5001.255
1773672300,5001.195,5002.715,4988.09,4996.065
1773673200,4996.07,5002.495,4990.44,4998.495
1773674100,4998.545,5005.91,4984.54,4992.12
1773675000,4992.14,5003.48,4990.64,4996.95
1773675900,4996.915,4999.66,4983.89,4987.095
1773676800,4987.07,4998.8,4985.745,4996.5
1773677700,4996.535,4998.12,4978.25,4980.06
1773678600,4980.12,4989.825,4974.235,4987.115
1773679500,4987.12,4992.92,4983.185,4990.74
1773680400,4990.78,5003.9,4990.655,5002.095
1773681300,5002.065,5003.02,4994.82,4996.01
1773682200,4996.01,4996.635,4985.925,4987.805
1773683100,4987.785,4992.94,4984.015,4991.265
1773684000,4991.26,5001,4990.045,4999
1773684900,4999.015,5008.185,4997.315,5006.405
1773685800,5006.395,5015.835,5005.37,5014.7
1773686700,5014.72,5017.905,5011.975,5012.92
1773687600,5012.935,5020.465,5008.905,5011.9
1773688500,5011.925,5015.685,5009.765,5010.555
1773689400,5010.565,5014.835,5008.235,5010.355
1773690300,5010.36,5016.23,5008.55,5013.085
1773691200,5013.08,5021.835,5008.235,5017.09
1773692100,5017.075,5017.87,5014.205,5014.375
1773693000,5014.255,5014.285,5007.845,5009.11
1773693900,5009.005,5010.595,5004.8,5006.565
1773698400,5011.11,5016.185,5000.76,5004.065
1773699300,5004.235,5008.355,4998.89,5001.965
1773700200,5001.96,5005.14,4998.685,5001.895
1773701100,5001.875,5006.53,5000.74,5002.525
1773702000,5002.425,5006.56,5002.13,5006.36
1773702900,5006.375,5010.225,5005.665,5009.59
1773703800,5009.64,5014.705,5008.83,5008.85
1773704700,5008.845,5015.61,5007.17,5012.93
1773705600,5012.925,5014.2,5002.24,5006.745
1773706500,5006.755,5010.73,5000.39,5003.76
1773707400,5003.785,5007.3,4998.29,5001.805
1773708300,5001.82,5006.535,4998.46,5003.03
1773709200,5002.91,5012.62,4994.935,5010.33
1773710100,5010.325,5014.75,5007.625,5013.49
1773711000,5013.465,5019.92,5011.435,5018.025
1773711900,5018.01,5028.195,5016.83,5027.965
1773712800,5027.935,5029.98,5020.765,5021.61
1773713700,5021.63,5025.8,5019.85,5025.505
1773714600,5025.525,5029.41,5021.975,5029.15
1773715500,5029.14,5029.54,5021.47,5022.815
1773716400,5022.77,5025.75,5020.93,5022.985
1773717300,5022.975,5033.125,5022.63,5032.68
1773718200,5032.665,5033.76,5027.56,5028.64
1773719100,5028.61,5030.255,5025.945,5027.74
1773720000,5027.72,5030.655,5026.465,5029.27
1773720900,5029.315,5032.985,5026.185,5032.7
1773721800,5032.71,5042.185,5032.315,5039.775
1773722700,5039.885,5041.9,5036.88,5038.05
1773723600,5038.045,5041.025,5032.44,5040.61
1773724500,5040.605,5044.9,5033.425,5035.29
1773725400,5035.33,5039.585,5031.585,5032.37
1773726300,5032.37,5033.325,5020.12,5020.83
1773727200,5020.92,5023.065,5007.02,5013.06
1773728100,5013.05,5014.33,5005.04,5012.18
1773729000,5012.255,5017.215,5010.52,5015.095
1773729900,5015.1,5015.765,5008.69,5010.09
1773730800,5010.115,5017.08,5009.515,5014.415
1773731700,5014.425,5018.91,5009.18,5015.945
1773732600,5016.01,5028.2,5015.995,5023.245
1773733500,5023.155,5025.49,5017.36,5021.46
1773734400,5021.455,5026.135,5019.05,5022.015
1773735300,5021.98,5029.625,5019.015,5021.295
1773736200,5021.31,5025.345,5019.105,5022.25
1773737100,5022.305,5025.61,5018.685,5024.95
1773738000,5024.905,5026.055,5013.265,5013.72
1773738900,5013.725,5019.875,5012.77,5017.68
1773739800,5017.71,5018.44,5011.39,5014.5
1773740700,5014.485,5016.065,5010.165,5010.52
1773741600,5010.505,5016.615,5001.215,5004.38
1773742500,5004.375,5009.44,5001.77,5003.9
1773743400,5003.815,5009.59,4992.06,4999.365
1773744300,4999.305,5005.005,4996.355,5000.415
1773745200,5000.4,5006.16,4996.925,5004.9
1773746100,5005.07,5010.28,5005.055,5007.115
1773747000,5007.17,5010.08,5004.37,5009.545
1773747900,5009.495,5011.635,5002.225,5003.375
1773748800,5003.38,5010.445,4999.485,5008.69
1773749700,5008.7,5020.63,5008.425,5020.3
1773750600,5020.25,5023.935,5016.02,5017.75
1773751500,5017.76,5017.805,5009.63,5011.905
1773752400,5011.9,5018.21,5010.22,5016.91
1773753300,5016.83,5019.67,5010.505,5012.81
1773754200,5012.8,5031.59,5011.09,5027.05
1773755100,5027.055,5027.63,5005.59,5016.755
1773756000,5016.745,5020.675,5009.5,5018.09
1773756900,5018.06,5018.345,5006.895,5008.495
1773757800,5008.315,5014.76,5002.965,5013.62
1773758700,5013.76,5019.72,5007.3,5007.78
1773759600,5007.73,5017.65,5006.33,5008.36
1773760500,5008.355,5014.975,4993.905,4994.81
1773761400,4994.84,5000.67,4973.72,4984.74
1773762300,4984.72,4999.105,4984.005,4997.98
1773763200,4998.005,4999.475,4991.705,4994.63
1773764100,4994.645,5005.68,4993.15,5004.33
1773765000,5004.34,5006.03,4999.865,5002.3
1773765900,5002.32,5003.875,4997.605,5002.06
1773766800,5002.05,5006.545,5001.47,5003.33
1773767700,5003.515,5008.8,5001.23,5002.7
1773768600,5002.695,5006.58,4997.705,4997.83
1773769500,4997.855,5003.875,4996.695,5002.56
1773770400,5002.57,5007.96,5000.92,5006.47
1773771300,5006.45,5009.21,5004.075,5004.17
1773772200,5004.21,5004.81,4999.935,5003.535
1773773100,5003.555,5008.45,5003.005,5003.89
1773774000,5003.885,5005.75,5000.515,5001.85
1773774900,5001.865,5002.72,4998.295,4999.935
1773775800,5000.01,5003.865,4996.445,5002.075
1773776700,5002.085,5003.36,4998.16,5000.405
1773777600,5000.445,5006.645,5000,5003.91
1773778500,5003.9,5005.075,5002.24,5004.14
1773779400,5004.15,5005.43,5003.12,5004.07
1773780300,5004.045,5005.905,5001.615,5005.725
1773784800,5001.96,5004.01,4997.585,5002.745
1773785700,5002.765,5005.27,5000.395,5001.975
1773786600,5002.02,5002.035,4995.69,4996.57
1773787500,4996.555,5003.615,4993.39,4999.865
1773788400,4999.915,5003.18,4999,4999.305
1773789300,4999.225,5001.785,4999.215,5000.095
1773790200,5000.115,5003.82,4999.925,5002.285
1773791100,5002.26,5003.115,5001.46,5002.9
1773792000,5002.885,5012.24,5001.31,5009.95
1773792900,5010.045,5011.965,5002.705,5002.965
1773793800,5003.055,5004.765,5000.315,5004.415
1773794700,5004.44,5008.365,5001.28,5004.32
1773795600,5004.3,5015.825,4998.225,5011.79
1773796500,5011.625,5016.29,5007.83,5008.08
1773797400,5008.075,5009.62,5001.755,5001.96
1773798300,5001.86,5001.95,4991.455,4998.785
1773799200,4998.83,5002.565,4996.59,4999.81
1773800100,4999.805,5007.105,4999.1,5002.32
1773801000,5002.315,5003.875,4999.96,5001.34
1773801900,5001.335,5004.345,4990.615,4992.025
1773802800,4992,4996.405,4986.305,4994.225
1773803700,4994.365,4996.975,4993.8,4996.31
1773804600,4996.365,4997.6,4993.93,4994.77
1773805500,4994.775,4995.435,4989.715,4991.57
1773806400,4991.575,4993.025,4989.44,4990.64
1773807300,4990.7,4993.66,4990.495,4990.76
1773808200,4990.84,4991.18,4981.83,4984.585
1773809100,4984.53,4987.32,4982.41,4987.2
1773810000,4987.17,4992.25,4984.8,4990.32
1773810900,4990.125,4993.15,4985.58,4991.025
1773811800,4991.06,5001.48,4987.71,4999.245
1773812700,4999.25,5002.845,4994.77,4997.745
1773813600,4997.74,5009.335,4996.19,5009.335
1773814500,5009.305,5011.07,5006.685,5008.925
1773815400,5008.915,5016.53,5008.595,5011.31
1773816300,5011.29,5014.965,5008.56,5009.51
1773817200,5009.64,5015.14,5009.64,5009.805
1773818100,5009.82,5010.07,5006.295,5009.255
1773819000,5009.325,5009.88,5001.22,5001.87
1773819900,5001.81,5002.445,4990.515,4995.195
1773820800,4995.175,4997.115,4987.675,4993.265
1773821700,4993.205,4995.935,4983.49,4989.34
1773822600,4989.345,4992.255,4984.17,4985.555
1773823500,4985.43,4990.5,4977.455,4987.645
1773824400,4987.645,4991.045,4986.34,4986.34
1773825300,4986.345,4994.47,4984.87,4992.435
1773826200,4992.41,4995.85,4992,4993.255
1773827100,4993.335,4995.26,4990.935,4992.265
1773828000,4992.27,4992.27,4987.265,4988.985
1773828900,4989.075,4991.135,4980.985,4982.77
1773829800,4982.715,4987.685,4959.71,4978.25
1773830700,4978.185,4980.305,4958.83,4967.955
1773831600,4968.07,4970.625,4950.48,4970.395
1773832500,4970.35,4974.135,4946.475,4948.755
1773833400,4948.76,4962.23,4934.7,4939.405
1773834300,4939.345,4945.5,4924.88,4930.25
1773835200,4930.305,4932.645,4905.36,4908.31
1773836100,4908.285,4912.475,4895.175,4902.48
1773837000,4902.465,4902.66,4874.09,4878.235
1773837900,4878.265,4891.705,4870.87,4881.815
1773838800,4881.78,4881.78,4849.645,4858.825
1773839700,4858.815,4866.035,4834.38,4861.595
1773840600,4861.685,4885.69,4850.59,4873.52
1773841500,4873.515,4880.59,4860.51,4878.61
1773842400,4878.655,4894.67,4872.34,4881.13
1773843300,4881.145,4883.66,4859.26,4860.93
1773844200,4860.92,4865.29,4856.795,4861.22
1773845100,4861.215,4872.715,4860.59,4869.76
1773846000,4869.885,4878.34,4865.89,4875.53
1773846900,4875.58,4880.27,4867.255,4872.11
1773847800,4871.93,4875.62,4864.535,4864.775
1773848700,4864.705,4866.585,4861.29,4862.57
1773849600,4862.52,4879.46,4861.085,4878.12
1773850500,4878.015,4883.215,4874.065,4882.425
1773851400,4882.435,4882.885,4873.49,4882.85
1773852300,4882.85,4890.485,4880.015,4886.95
1773853200,4887,4890.17,4883.97,4887.24
1773854100,4887.33,4898.145,4885.515,4891.165
1773855000,4891.27,4899.165,4887.41,4894.745
1773855900,4894.74,4896.04,4889.01,4891.045
1773856800,4891.05,4899.46,4880.96,4887.635
1773857700,4887.59,4889.71,4876.725,4885.68
1773858600,4885.69,4888.155,4872.59,4878.6
1773859500,4878.595,4878.93,4852.505,4853.17
1773860400,4853.155,4861.555,4843.655,4857.345
1773861300,4857.335,4865.6,4843.73,4849.02
1773862200,4848.99,4860.305,4846.15,4850.84
1773863100,4850.83,4851.515,4838.35,4843.285
1773864000,4843.25,4848.94,4823.995,4825.91
1773864900,4825.845,4828.58,4808.985,4811.23
1773865800,4811.21,4821.475,4806.845,4821.185
1773866700,4821.35,4826.91,4816.69,4818.415
1773871200,4824.645,4831.825,4815.555,4818.54
1773872100,4818.55,4825.87,4804.225,4815.485
1773873000,4815.46,4829.675,4808.91,4828.2
1773873900,4828.145,4839.135,4826.24,4834.57
1773874800,4834.66,4837.055,4829.23,4834.4
1773875700,4834.41,4841.055,4828.435,4836.905
1773876600,4836.96,4842.39,4833.895,4834.04
1773877500,4834.055,4838.405,4829.76,4836.84
1773878400,4836.855,4848.53,4835.475,4843.485
1773879300,4843.49,4844.57,4836.97,4842.52
1773880200,4842.525,4848.87,4838.37,4840.96
1773881100,4840.97,4846.35,4838.03,4841.38
1773882000,4841.385,4853.645,4832.995,4838.15
1773882900,4838.16,4845.695,4833.955,4845.435
1773883800,4845.445,4867.225,4842.825,4865.89
1773884700,4865.87,4865.87,4849.24,4849.94
1773885600,4849.915,4851.92,4841.49,4849.49
1773886500,4849.495,4858.46,4848.235,4857.365
1773887400,4857.36,4861.905,4854.065,4861.42
1773888300,4861.405,4862.325,4853.51,4858.82
1773889200,4858.77,4864.94,4854.99,4864.33
1773890100,4864.315,4866.21,4856.83,4860.155
1773891000,4860.145,4860.575,4852.62,4856.345
1773891900,4856.32,4857.385,4850.84,4851
1773892800,4851.01,4852.025,4847.48,4851.31
1773893700,4851.29,4853.995,4849.795,4850.565
1773894600,4850.555,4852.94,4848.42,4849.51
1773895500,4849.505,4850.46,4845.84,4849.87
1773896400,4849.86,4853.885,4846.635,4850.47
1773897300,4850.48,4853.83,4846.4,4846.61
1773898200,4846.61,4846.635,4832.475,4833.995
1773899100,4833.99,4840.4,4827.125,4827.63
1773900000,4827.62,4842.41,4827.045,4833.19
1773900900,4833.27,4834.085,4813.35,4813.87
1773901800,4813.885,4820.26,4780.26,4786.085
1773902700,4786.06,4788.395,4747.72,4763.695
1773903600,4763.54,4784.595,4762.605,4778.09
1773904500,4778.085,4781.975,4757.265,4770.99
1773905400,4770.875,4771.85,4735.79,4739.935
1773906300,4739.925,4755.19,4727.25,4728.095
1773907200,4728.065,4740.49,4701.45,4714.875
1773908100,4714.91,4736.58,4713.325,4718.925
1773909000,4718.91,4722.45,4686.885,4688.545
1773909900,4688.545,4719.84,4686.965,4709.635
1773910800,4709.64,4721.155,4687.79,4695.43
1773911700,4695.435,4722.33,4693.91,4709.25
1773912600,4709.265,4726.02,4702.825,4705.305
1773913500,4705.3,4717.365,4695.97,4699.21
1773914400,4699.2,4719.865,4698.055,4704.595
1773915300,4704.62,4705.72,4670.96,4683.7
1773916200,4683.645,4700.865,4674.06,4683.705
1773917100,4683.62,4689.41,4666.81,4679.225
1773918000,4679.26,4699.63,4678.98,4686.07
1773918900,4686.03,4692.855,4676.5,4686.685
1773919800,4686.67,4695.545,4658.39,4664.54
1773920700,4664.48,4668.34,4651.16,4651.885
1773921600,4651.84,4654.25,4610.295,4619.6
1773922500,4619.545,4631.055,4602.99,4606.885
1773923400,4606.74,4617.95,4560.04,4563.16
1773924300,4563.225,4586,4531.275,4574.815
1773925200,4574.745,4574.75,4502.365,4538.855
1773926100,4538.76,4581.335,4523.21,4576.365
1773927000,4576.445,4583.335,4546.525,4558.865
1773927900,4558.92,4621.305,4538.755,4620.99
1773928800,4621.025,4649.31,4618.72,4630.82
1773929700,4630.775,4635.865,4584.275,4585.345
1773930600,4585.145,4622.39,4581.345,4613.025
1773931500,4613.05,4628.355,4598.125,4601.82
1773932400,4601.83,4639.055,4593.53,4627.755
1773933300,4627.74,4629.6,4596.785,4603.3
1773934200,4603.36,4603.37,4570.32,4571.985
1773935100,4571.94,4611.535,4566.19,4596.475
1773936000,4596.46,4626.865,4592.94,4605.075
1773936900,4605.04,4617.17,4593.4,4599.71
1773937800,4599.85,4608.615,4584.04,4593.21
1773938700,4593.28,4598.765,4576.99,4584.95
1773939600,4584.94,4596.33,4573.915,4579.355
1773940500,4579.47,4613.885,4574.225,4603.785
1773941400,4603.81,4618.97,4599.635,4605.055
1773942300,4605.145,4630.01,4605.145,4616.175
1773943200,4616.205,4619.19,4601.135,4614.835
1773944100,4614.83,4617.735,4604.675,4609.65
1773945000,4609.63,4611.445,4596.115,4609.05
1773945900,4609.08,4623.24,4604.575,4623.1
1773946800,4623.13,4663.63,4623.095,4657.32
1773947700,4657.36,4662.155,4633.125,4644.17
1773948600,4644.42,4649.525,4632.82,4638.865
1773949500,4638.85,4650.04,4631.8,4644.06
1773950400,4644.04,4658.405,4643.07,4654.105
1773951300,4654.125,4660.89,4650.07,4657.425
1773952200,4657.695,4659.84,4653.825,4654.725
1773953100,4654.75,4662.08,4650.43,4650.72
1773957600,4659.99,4671.96,4657.755,4670.98
1773958500,4671.04,4677.205,4660.595,4666.49
1773959400,4666.465,4666.465,4646.22,4646.675
1773960300,4646.665,4650.17,4636.27,4636.455
1773961200,4636.465,4647.94,4636.465,4638.765
1773962100,4638.74,4647.335,4638.385,4644.255
1773963000,4644.26,4648.355,4634.355,4635.865
1773963900,4635.84,4647.06,4635.63,4643.815
1773964800,4643.745,4663.08,4643.06,4662.355
1773965700,4662.335,4665.1,4642.16,4649.485
1773966600,4649.5,4656.84,4644.8,4656.045
1773967500,4656.05,4660.675,4647.435,4648.745
1773968400,4648.74,4680.805,4639.42,4651.83
1773969300,4651.685,4662.18,4648.67,4662.18
1773970200,4662.23,4689.01,4661.03,4686.485
1773971100,4686.48,4699.53,4672.6,4677.3
1773972000,4677.355,4689.465,4670.575,4685.91
1773972900,4685.915,4690.43,4680.95,4683.905
1773973800,4683.91,4691.415,4679.29,4685.3
1773974700,4685.3,4703.785,4682.945,4698.5
1773975600,4698.47,4723.79,4693.225,4717.485
1773976500,4717.5,4735.925,4716.595,4733.555
1773977400,4733.81,4736.175,4728.135,4730.535
1773978300,4730.545,4730.56,4721.915,4725.93
1773979200,4725.935,4727.725,4716.96,4719.33
1773980100,4719.335,4724.58,4718.63,4723.675
1773981000,4723.71,4727.165,4718.315,4719.91
1773981900,4719.71,4722.98,4715.145,4721.82
1773982800,4721.845,4722.09,4710.335,4718.57
1773983700,4718.575,4723.835,4717.435,4719.75
1773984600,4719.76,4720.43,4702.035,4709.43
1773985500,4709.38,4710.765,4685.6,4688.335
1773986400,4688.34,4701.16,4684.79,4691.395
1773987300,4691.38,4695.975,4680.135,4688.24
1773988200,4688.185,4689.885,4661.305,4665.99
1773989100,4666.225,4676.015,4662.6,4669.22
1773990000,4669.195,4684.41,4667.95,4679.725
1773990900,4679.735,4688.715,4676.505,4688.335
1773991800,4688.33,4698.39,4685.23,4694.325
1773992700,4694.33,4707.915,4694.33,4706.43
1773993600,4706.435,4717.77,4702.105,4716.29
1773994500,4716.27,4734.96,4715.685,4722.665
1773995400,4722.655,4722.8,4699.56,4707.3
1773996300,4707.325,4708.28,4684.805,4693.85
1773997200,4693.855,4700.65,4684.43,4694.38
1773998100,4694.22,4697.635,4684.29,4692.05
1773999000,4692.06,4692.58,4671.215,4673.73
1773999900,4673.765,4677.525,4660.06,4667.73
1774000800,4667.755,4670.2,4650.225,4663.08
1774001700,4663.105,4666.755,4646.02,4658.09
1774002600,4658.13,4670.135,4649.57,4659.945
1774003500,4659.89,4660.495,4638.195,4645.465
1774004400,4645.405,4666.61,4637.245,4662.545
1774005300,4662.47,4668.66,4658.65,4665.585
1774006200,4665.55,4674.29,4661.615,4669.325
1774007100,4669.375,4672.625,4657.85,4671.9
1774008000,4671.915,4695.705,4671.915,4685.53
1774008900,4685.485,4692.28,4678.075,4678.575
1774009800,4678.585,4682.445,4661.81,4670.48
1774010700,4670.475,4681.96,4666.06,4678.445
1774011600,4678.42,4679.615,4653.965,4662.125
1774012500,4662.11,4670.52,4655.865,4660.06
1774013400,4660.03,4666.11,4636.72,4662.835
1774014300,4662.85,4665.695,4613.025,4616.64
1774015200,4616.555,4622.74,4586.255,4587.455
1774016100,4587.445,4588.655,4551.37,4558.62
1774017000,4558.635,4585.58,4557.49,4576.2
1774017900,4576.205,4582.765,4548.035,4563.96
1774018800,4563.935,4580.43,4560.415,4576.81
1774019700,4576.87,4576.97,4540.785,4563.25
1774020600,4563.305,4576.105,4556.915,4562.515
1774021500,4562.525,4562.595,4544.5,4553.61
1774022400,4553.27,4588.545,4552.04,4588.15
1774023300,4588.16,4614.065,4583.775,4584.975
1774024200,4585.045,4592.67,4570.78,4581.445
1774025100,4581.41,4588.64,4568.105,4583.105
1774026000,4583.155,4600.885,4572.94,4582.22
1774026900,4582.15,4583.17,4568.815,4572.23
1774027800,4572.21,4574.53,4554.785,4566.22
1774028700,4566.245,4577.4,4562.765,4573.675
1774029600,4573.685,4578.685,4561.205,4563.335
1774030500,4563.34,4568.43,4536.545,4554.72
1774031400,4554.725,4557.44,4524.74,4526.195
1774032300,4526.26,4529.435,4477.54,4500.025
1774033200,4500.05,4516.625,4485.58,4500.565
1774034100,4500.5,4508.175,4485.51,4498.64
1774035000,4498.725,4517,4492.265,4514.76
1774035900,4514.675,4515.985,4497.12,4501.73
1774036800,4501.81,4507.49,4493.66,4505.03
1774037700,4504.995,4514.81,4500.775,4501.54
1774038600,4501.415,4504.755,4496.845,4503.28
1774039500,4503.265,4504.495,4493.865,4497.48
1774216800,4472.24,4518.4,4471.95,4507.36
1774217700,4507.365,4536.415,4503.735,4524.31
1774218600,4524.38,4526.675,4504.575,4506.8
1774219500,4506.69,4515.61,4489.85,4498.255
1774220400,4498.28,4511.11,4485.31,4490.515
1774221300,4490.25,4499.9,4482.35,4485.305
1774222200,4485.295,4491.105,4472.42,4489.13
1774223100,4489.145,4493.77,4452.08,4464.8
1774224000,4464.98,4473.16,4425.415,4436.66
1774224900,4436.695,4445.475,4404.835,4427.485
1774225800,4427.65,4437.09,4329.64,4363.375
1774226700,4363.47,4371.645,4319.92,4354.325
1774227600,4354.13,4423.275,4330.325,4408.465
1774228500,4408.405,4443.715,4406.905,4422.295
1774229400,4422.28,4454.51,4416.345,4435.82
1774230300,4435.845,4436.95,4381,4388.005
1774231200,4387.985,4422.36,4382.635,4396.155
1774232100,4396.165,4417.215,4394.325,4399.355
1774233000,4399.365,4401.12,4369.66,4384.845
1774233900,4384.85,4384.855,4354.68,4360.86
1774234800,4360.865,4378.335,4347.845,4349.36
1774235700,4349.345,4365.815,4347.26,4350.925
1774236600,4350.835,4364.915,4334.795,4342.305
1774237500,4342.315,4360.25,4337.165,4352.99
1774238400,4352.99,4370.855,4352.99,4363.8
1774239300,4363.805,4370.655,4361.455,4368.625
1774240200,4368.49,4382.22,4360.32,4375.765
1774241100,4375.825,4376.87,4349.91,4367.97
1774242000,4367.92,4380.155,4366.265,4372.855
1774242900,4372.86,4374.415,4351.6,4356.325
1774243800,4356.31,4356.36,4320.28,4322.17
1774244700,4321.93,4326.905,4302.165,4310.315
1774245600,4310.305,4310.52,4270.06,4294.715
1774246500,4294.7,4310.485,4238.86,4243.78
1774247400,4243.75,4249.715,4182.435,4182.97
1774248300,4183.485,4230.11,4163.07,4220.705
1774249200,4220.68,4222.52,4126.63,4130.26
1774250100,4130.255,4160.22,4099.125,4135.85
1774251000,4135.835,4216.295,4129.39,4215.33
1774251900,4215.28,4232.57,4186.235,4204.44
1774252800,4204.52,4256.185,4203.03,4253.11
1774253700,4253.07,4256.26,4211.41,4226.75
1774254600,4226.485,4270.955,4222.45,4257.715
1774255500,4257.65,4269.95,4219.96,4251.44
1774256400,4251.45,4269.325,4245.71,4269.075
1774257300,4269.07,4304.43,4267.755,4304.235
1774258200,4304.235,4308.625,4225.015,4225.015
1774259100,4225.085,4257.32,4223.685,4254.29
1774260000,4254.27,4272.575,4243.75,4264.06
1774260900,4264.145,4274.785,4256.235,4268.81
1774261800,4269.09,4269.435,4241.165,4257.335
1774262700,4257.33,4281.985,4249.835,4269.11
1774263600,4269.145,4463.725,4269.145,4457.17
1774264500,4457.2,4461.895,4355.32,4398.94
1774265400,4398.98,4432.28,4383.715,4412.275
1774266300,4412.295,4417.775,4361.875,4379.43
1774267200,4379.465,4380.805,4336.29,4353.015
1774268100,4353.055,4405.03,4352.28,4390.055
1774269000,4390.135,4441.96,4373.775,4441.405
1774269900,4441.41,4492.925,4433.34,4478.505
1774270800,4478.51,4486.075,4431.57,4446.76
1774271700,4446.745,4453.225,4405.2,4409.955
1774272600,4409.945,4451.315,4401.76,4422.6
1774273500,4422.555,4467.04,4419.765,4454.165
1774274400,4454.32,4479.405,4453.635,4464.375
1774275300,4464.365,4513.165,4461.29,4486.71
1774276200,4486.705,4504.675,4470.355,4479.885
1774277100,4479.965,4486.415,4456.99,4462.075
1774278000,4462.08,4487.385,4455.085,4465.075
1774278900,4465,4468.625,4427.515,4447.405
1774279800,4447.34,4456.24,4406.11,4408.02
1774280700,4408.005,4414.38,4350.63,4363.87
1774281600,4363.545,4390.36,4353.14,4383.95
1774282500,4383.92,4389.62,4352.31,4354.965
1774283400,4355.13,4388.045,4353.37,4386.29
1774284300,4386.28,4391.925,4371.685,4375.79
1774285200,4375.745,4405.965,4370.825,4397.335
1774286100,4397.35,4413.995,4388.58,4405.325
1774287000,4405.33,4439.245,4404.235,4420.37
1774287900,4420.38,4429.875,4404.735,4426.225
1774288800,4426.32,4429.24,4402.185,4421.35
1774289700,4421.335,4430.835,4409.855,4425.915
1774290600,4425.98,4462.195,4425.69,4461.83
1774291500,4461.835,4467.27,4446.135,4449.04
1774292400,4448.88,4450.615,4403.115,4407.06
1774293300,4407.04,4415.26,4392.99,4410.805
1774294200,4410.78,4416.785,4402.4,4416.785
1774295100,4416.96,4427.865,4397.415,4397.99
1774296000,4398.325,4408.67,4382.855,4403.725
1774296900,4403.725,4413.34,4403.685,4407.285
1774297800,4407.26,4411.43,4395.875,4410.835
1774298700,4410.865,4412.915,4405.085,4406.505
1774303200,4382.825,4403.055,4359.74,4398.355
1774304100,4398.34,4415.7,4389.42,4414.44
1774305000,4414.43,4417.16,4398.23,4409.1
1774305900,4409.085,4431.365,4406.575,4426.855
1774306800,4426.83,4437.65,4423.47,4435.76
1774307700,4435.735,4448.355,4433.57,4441.905
1774308600,4441.9,4444.68,4422.035,4430.94
1774309500,4430.88,4446.355,4422.235,4441.245
1774310400,4441.05,4446.785,4419.82,4422.2
1774311300,4422.335,4423.39,4368.375,4378.63
1774312200,4378.645,4387.5,4331.36,4344.73
1774313100,4344.735,4387.035,4343.37,4364.59
1774314000,4364.635,4374.555,4328.49,4331.35
1774314900,4331.385,4369.15,4331.225,4354.795
1774315800,4354.77,4368.645,4321.86,4322.065
1774316700,4321.925,4331.93,4307.99,4322.56
1774317600,4322.545,4337.22,4305.88,4312.49
1774318500,4312.41,4353.995,4309.715,4352.47
1774319400,4352.585,4373.445,4344.91,4366.865
1774320300,4366.85,4379.465,4352.09,4365.94
1774321200,4365.895,4368.02,4350.175,4358.335
1774322100,4358.325,4368.22,4355.68,4364.42
1774323000,4364.41,4364.83,4338.69,4341.515
1774323900,4341.52,4349.91,4335.2,4347.5
1774324800,4347.445,4357.36,4346.6,4350.04
1774325700,4350.035,4350.58,4326.615,4339.775
1774326600,4339.755,4348.18,4336.065,4341.045
1774327500,4341.03,4349.58,4332.23,4333.595
1774328400,4333.6,4345.925,4320.04,4335.245
1774329300,4335.26,4346.735,4333.905,4334.94
1774330200,4334.91,4374.06,4320.805,4358.435
1774331100,4358.425,4369.1,4343.61,4347.69
1774332000,4347.69,4375.8,4343.23,4366.77
1774332900,4366.755,4397.01,4359.015,4386.86
1774333800,4386.705,4397.13,4374.49,4377.58
1774334700,4377.68,4405.26,4373.035,4402.56
1774335600,4402.54,4425.455,4400.065,4425.04
1774336500,4425.025,4425.29,4405.92,4412.635
1774337400,4412.575,4412.575,4399.775,4408.31
1774338300,4408.275,4433.31,4401.895,4417.305
1774339200,4417.54,4421.165,4402.33,4414.82
1774340100,4414.785,4417.87,4391.285,4396.885
1774341000,4396.89,4405.78,4391.88,4400.39
1774341900,4400.39,4414.745,4398.345,4412.02
1774342800,4411.975,4419.255,4397.485,4398.965
1774343700,4398.975,4415.375,4395.97,4407.2
1774344600,4407.165,4421.265,4405.25,4415.96
1774345500,4416.045,4430.995,4412.08,4426.5
1774346400,4426.61,4431.24,4415.12,4426.24
1774347300,4426.26,4432.995,4421.395,4422.285
1774348200,4422.08,4428.155,4414.79,4427.87
1774349100,4427.89,4441.73,4418.715,4438.67
1774350000,4438.62,4442.245,4374.74,4419.83
1774350900,4419.63,4421.055,4403.445,4413.28
1774351800,4413.255,4431.875,4411.525,4422.225
1774352700,4422.215,4427.89,4390.705,4408.24
1774353600,4408.235,4422.845,4404.92,4420.74
1774354500,4420.63,4427.645,4395.83,4402.54
1774355400,4402.545,4406.855,4362.065,4369.935
1774356300,4369.965,4390.695,4369.345,4379.115
1774357200,4379.06,4389.89,4364.09,4378.275
1774358100,4378.275,4384.49,4356.695,4356.88
1774359000,4356.94,4370.835,4351.09,4356.71
1774359900,4356.775,4383.78,4351.6,4381.67
1774360800,4381.66,4404.8,4380.855,4395.07
1774361700,4395.08,4415.115,4389.085,4409.14
1774362600,4409.165,4421.12,4400.715,4412.55
1774363500,4412.55,4434.31,4401.405,4416.165
1774364400,4416.12,4420.95,4396.455,4411.565
1774365300,4411.525,4420.395,4403.235,4412.89
1774366200,4412.89,4429.12,4409.915,4424.71
1774367100,4424.755,4431.085,4409.21,4411.79
1774368000,4411.85,4414.77,4402.635,4414.615
1774368900,4414.575,4425.705,4411.61,4421.205
1774369800,4421.2,4424.585,4408.825,4424.575
1774370700,4424.57,4427.925,4418.495,4421.485
1774371600,4421.49,4426.69,4388.375,4397.77
1774372500,4397.79,4406.015,4394.06,4400.085
1774373400,4400.045,4400.045,4375.195,4378.38
1774374300,4378.43,4394.75,4372.655,4388.695
1774375200,4388.725,4394.07,4384.08,4389.915
1774376100,4389.91,4410.11,4387.5,4407.63
1774377000,4407.64,4423.72,4394.805,4400.42
1774377900,4400.355,4402.02,4383.95,4389.735
1774378800,4389.59,4406.32,4388.695,4404.625
1774379700,4404.65,4411.61,4400.205,4407.58
1774380600,4407.63,4407.67,4395.255,4401.66
1774381500,4401.665,4404.685,4396.675,4400.33
1774382400,4400.14,4404.49,4397.575,4400.78
1774383300,4400.785,4484.495,4399.01,4455.89
1774384200,4455.815,4472.945,4447.295,4460.015
1774385100,4460.035,4481.57,4456.515,4474.275
1774389600,4476.635,4485.445,4473.965,4483.46
1774390500,4483.455,4485.085,4468.025,4470.3
1774391400,4470.285,4471.44,4455.885,4468.89
1774392300,4468.865,4484.54,4467.055,4484.35
1774393200,4484.285,4484.985,4472.855,4484.705
1774394100,4484.645,4510.125,4483.065,4509.93
1774395000,4509.945,4546.91,4504.78,4539.92
1774395900,4540.005,4551.66,4532.41,4547.015
1774396800,4546.99,4555.19,4537.49,4550.35
1774397700,4550.355,4557.195,4538.69,4553.745
1774398600,4553.73,4570.15,4546.715,4567.845
1774399500,4567.855,4572.18,4561.92,4563.295
1774400400,4563.265,4578.94,4552.375,4570.59
1774401300,4570.69,4578.535,4568.015,4575.57
1774402200,4575.49,4591.645,4574.23,4584.965
1774403100,4584.845,4601.415,4583.51,4594.93
1774404000,4594.93,4596.275,4579.835,4585.78
1774404900,4585.66,4592.765,4584.66,4587.25
1774405800,4587.39,4597.32,4581.155,4593.505
1774406700,4593.7,4602.645,4582.055,4583.8
1774407600,4583.725,4586.42,4573.425,4576.645
1774408500,4576.715,4579.685,4571.915,4575.45
1774409400,4575.455,4578.085,4569.685,4569.85
1774410300,4569.885,4574.445,4567.755,4570.035
1774411200,4570.015,4574.59,4565.59,4573.95
1774412100,4574.18,4574.985,4571.17,4574.28
1774413000,4574.22,4574.68,4566.34,4569.67
1774413900,4569.645,4574.04,4568.075,4573.02
1774414800,4573.15,4573.585,4566.925,4571.5
1774415700,4571.555,4571.81,4553.93,4554.74
1774416600,4554.775,4567.265,4549.225,4566.94
1774417500,4566.975,4567.295,4553.535,4555.78
1774418400,4555.79,4557.1,4533.145,4534.48
1774419300,4534.46,4552.835,4534.45,4550.81
1774420200,4550.85,4556.955,4544.34,4546.82
1774421100,4546.835,4550.82,4543.25,4545.62
1774422000,4545.595,4559.385,4544.885,4556.91
1774422900,4556.92,4563.34,4556.01,4561.09
1774423800,4561.125,4561.14,4542.68,4547.125
1774424700,4547.135,4550.39,4537.115,4539.675
1774425600,4539.705,4559.205,4536.05,4558.63
1774426500,4558.635,4568.235,4557.385,4565.695
1774427400,4565.705,4567.56,4553.285,4565.335
1774428300,4565.385,4567.36,4555.205,4556.32
1774429200,4556.295,4567.77,4554.52,4562.365
1774430100,4562.33,4566.305,4555.06,4558.78
1774431000,4558.75,4560.44,4549.49,4550.795
1774431900,4550.73,4555.64,4527.89,4551.94
1774432800,4552,4561.24,4551.46,4555.33
1774433700,4555.325,4558.46,4551.755,4555.605
1774434600,4555.415,4559.235,4551.39,4552.51
1774435500,4552.505,4562.585,4552.08,4558.87
1774436400,4558.915,4569.28,4556.21,4567.84
1774437300,4567.95,4583.06,4564.685,4579.84
1774438200,4579.925,4585.6,4579.925,4583.66
1774439100,4583.695,4583.99,4572.66,4578.965
1774440000,4578.97,4583.87,4573.045,4577.875
1774440900,4577.945,4579.23,4540.14,4544.845
1774441800,4544.85,4554.87,4521.88,4547.53
1774442700,4547.55,4552.76,4536.035,4544.095
1774443600,4544.09,4571.375,4541.3,4559.54
1774444500,4559.6,4570.78,4551.465,4569.39
1774445400,4569.44,4576.755,4556.59,4561.61
1774446300,4561.625,4564.03,4540.925,4544.97
1774447200,4544.96,4555.39,4533.22,4553.79
1774448100,4553.78,4562.925,4546.23,4562.905
1774449000,4562.93,4569.26,4557.77,4565.725
1774449900,4565.72,4579.44,4564.13,4567.34
1774450800,4567.245,4569.375,4549.795,4550.135
1774451700,4550.145,4561.67,4525.265,4560.575
1774452600,4560.73,4565.275,4555.295,4557.065
1774453500,4557.075,4566.025,4553.555,4559.155
1774454400,4559.14,4565.185,4552.68,4553.935
1774455300,4553.845,4560.97,4545.4,4555.795
1774456200,4555.785,4561.23,4551.475,4556.155
1774457100,4556.16,4559.335,4550.03,4555.135
1774458000,4555.155,4557.915,4543.61,4551.175
1774458900,4551.18,4558.565,4542.96,4553.475
1774459800,4553.52,4563.945,4550.325,4560.57
1774460700,4560.685,4562.255,4545.875,4550.835
1774461600,4550.83,4569.025,4545.51,4551.355
1774462500,4551.36,4556.615,4546.28,4551.915
1774463400,4551.875,4557.725,4546.98,4549.215
1774464300,4549.135,4549.615,4530.955,4538.295
1774465200,4538.305,4539.74,4486.59,4509.17
1774466100,4509.185,4519.01,4502.41,4513.33
1774467000,4513.34,4527.415,4506.31,4522.59
1774467900,4522.585,4533.895,4513.51,4530.96
1774468800,4530.955,4542.065,4523.215,4529.66
1774469700,4529.595,4534.24,4522.555,4523.84
1774470600,4523.93,4525.12,4494.7,4504.62
1774471500,4504.54,4507.705,4501.415,4506.845
1774476000,4521.855,4532.11,4508.88,4512.665
1774476900,4512.65,4520.26,4505.76,4511.895
1774477800,4511.88,4534.83,4508.135,4532.29
1774478700,4532.25,4533.31,4512.3,4517.76
1774479600,4517.755,4518.705,4497.74,4509.015
1774480500,4509.005,4513.125,4496.965,4505.56
1774481400,4505.63,4511.22,4489.075,4494.965
1774482300,4495.26,4499.78,4491.395,4498.115
1774483200,4498.11,4527.84,4498.04,4527.83
1774484100,4527.825,4536.025,4524.05,4525.58
1774485000,4525.565,4532.885,4524.7,4528.14
1774485900,4528.295,4539.065,4527.55,4535.78
1774486800,4535.72,4544.815,4531.34,4538.54
1774487700,4538.44,4538.82,4527.08,4534.62
1774488600,4534.635,4537.685,4526.27,4530.37
1774489500,4530.26,4536.16,4522.525,4535.895
1774490400,4535.89,4536.21,4527.44,4531.115
1774491300,4531.16,4533.15,4524.77,4528.22
1774492200,4528.235,4530.63,4511.605,4519.6
1774493100,4519.46,4521.17,4505.675,4508.95
1774494000,4508.955,4511.98,4502.035,4511.45
1774494900,4511.4,4514.18,4500.055,4506.46
1774495800,4506.555,4518.91,4506.295,4515.85
1774496700,4515.78,4517.355,4510.535,4517.165
1774497600,4517.235,4519,4511.71,4518.62
1774498500,4518.255,4522.17,4516.385,4520.92
1774499400,4520.98,4522.46,4516.625,4518.06
1774500300,4518,4524.25,4517.93,4520.54
1774501200,4520.58,4522.55,4507.54,4508.655
1774502100,4508.645,4511.45,4489.21,4493.62
1774503000,4493.615,4495.585,4480.09,4483.225
1774503900,4483.24,4484.445,4438.975,4439.045
1774504800,4439.035,4450.885,4418.575,4421.225
1774505700,4421.385,4441.41,4415.87,4440.405
1774506600,4440.42,4448.28,4430.665,4447.955
1774507500,4447.915,4459.77,4444.175,4456.805
1774508400,4456.82,4460.835,4442.945,4447.71
1774509300,4447.725,4452.17,4439.115,4448.505
1774510200,4448.525,4463.995,4447.765,4460.66
1774511100,4460.825,4463.225,4450.435,4452.895
1774512000,4452.775,4459.455,4440.155,4445.38
1774512900,4445.36,4447.65,4425.28,4428.5
1774513800,4428.535,4438.435,4412.44,4420.125
1774514700,4419.825,4440.23,4418.675,4428.055
1774515600,4427.995,4434.73,4418.5,4431.01
1774516500,4430.895,4436.835,4425.25,4432.56
1774517400,4432.515,4432.515,4414.705,4424.17
1774518300,4424.145,4427.985,4416.955,4423.88
1774519200,4423.905,4429.035,4416.995,4425.025
1774520100,4424.955,4448.435,4424.635,4441.92
1774521000,4441.84,4444.63,4423.62,4429
1774521900,4428.985,4447.825,4425.555,4443.675
1774522800,4443.73,4448.77,4440.255,4441.99
1774523700,4441.985,4456.865,4439.585,4443.62
1774524600,4443.635,4452.06,4438.13,4440.885
1774525500,4440.88,4442.69,4419.34,4423.24
1774526400,4423.265,4446.145,4416.775,4442.085
1774527300,4442.09,4445.365,4433.785,4437.3
1774528200,4437.175,4445.01,4431.95,4436.795
1774529100,4436.815,4443.34,4428.505,4429.47
1774530000,4429.315,4445.67,4420.24,4438.63
1774530900,4438.645,4454.02,4434.71,4448.175
1774531800,4447.895,4453.905,4429.27,4453.77
1774532700,4453.745,4461.035,4436.63,4452.84
1774533600,4452.87,4456.64,4437.34,4446.87
1774534500,4446.88,4469.82,4444.485,4459.32
1774535400,4459.35,4479.895,4458.365,4460.38
1774536300,4460.385,4469.69,4445.915,4465.015
1774537200,4464.89,4469.17,4451.1,4455.78
1774538100,4455.775,4458.74,4448.875,4454.685
1774539000,4454.585,4454.585,4436.84,4440.18
1774539900,4440.195,4446.895,4434.315,4438.415
1774540800,4438.185,4442.785,4426.07,4439.945
1774541700,4439.94,4439.94,4386.59,4396.585
1774542600,4396.56,4396.56,4366.95,4381.505
1774543500,4381.23,4392.65,4378.65,4389.375
1774544400,4389.305,4402.32,4385.095,4394.74
1774545300,4395.02,4397.66,4377.285,4383.455
1774546200,4383.645,4393.02,4377.555,4385.72
1774547100,4385.705,4391.13,4379.525,4381.575
1774548000,4381.505,4390.745,4380.115,4388.49
1774548900,4388.375,4388.55,4367.83,4374.37
1774549800,4374.38,4395.97,4373.515,4393.47
1774550700,4393.27,4398.045,4390.83,4394.615
1774551600,4394.76,4399.45,4382.455,4388.265
1774552500,4388.165,4392.65,4378.62,4380.835
1774553400,4380.79,4388.675,4375.3,4378.965
1774554300,4378.98,4380.17,4359.445,4364.065
1774555200,4364.075,4414.29,4351.355,4397.175
1774556100,4397.29,4416.31,4380.26,4404.715
1774557000,4404.705,4420.75,4397.775,4405.99
1774557900,4406.01,4410.26,4373.065,4378.2
1774562400,4388.67,4404.085,4387.215,4400.61
1774563300,4400.57,4408.365,4394.355,4398.17
1774564200,4398.155,4415.4,4394.98,4406.88
1774565100,4406.85,4413.28,4399.785,4411.33
1774566000,4411.44,4414.44,4389.84,4393.28
1774566900,4393.21,4401.73,4391.595,4399.285
1774567800,4399.295,4408.175,4396.08,4400.14
1774568700,4400.145,4405.765,4396.135,4405.11
1774569600,4405.165,4411.225,4403.3,4404.025
1774570500,4404.045,4404.785,4382.84,4391.265
1774571400,4391.255,4396.835,4387.29,4391.135
1774572300,4391.145,4391.35,4375.525,4378.76
1774573200,4378.745,4399.415,4377.28,4393.99
1774574100,4393.995,4406.805,4391.215,4406.75
1774575000,4406.755,4420.475,4403.64,4419.43
1774575900,4419.49,4420.485,4411.99,4417.37
1774576800,4417.495,4439.73,4416.99,4435.465
1774577700,4435.45,4436.615,4426.06,4430.75
1774578600,4430.745,4434.545,4424.92,4429.76
1774579500,4429.88,4440.6,4428.13,4432.22
1774580400,4432.195,4435.83,4421.39,4429.75
1774581300,4429.85,4436.88,4428.155,4435.33
1774582200,4435.32,4446.33,4431.05,4435.975
1774583100,4436.02,4438.685,4432.805,4437.655
1774584000,4437.68,4439.875,4432.68,4433.985
1774584900,4433.955,4437.34,4431.62,4434.21
1774585800,4434.39,4442.33,4433.955,4441.525
1774586700,4441.52,4449.83,4440.585,4445.955
1774587600,4446.08,4447.74,4442.18,4444.02
1774588500,4443.96,4447.18,4440.74,4443.38
1774589400,4443.425,4475.3,4442.74,4465.765
1774590300,4465.76,4468.67,4453.48,4454.575
1774591200,4454.335,4473.225,4451.9,4471.29
1774592100,4471.22,4471.44,4456.87,4463.76
1774593000,4463.75,4468.655,4460.63,4464.66
1774593900,4464.705,4465.38,4454.325,4459.605
1774594800,4459.575,4463.14,4447.81,4455.11
1774595700,4455.055,4457.335,4450.3,4452.325
1774596600,4452.325,4456.42,4446.695,4448.31
1774597500,4448.32,4453.3,4443.12,4447.915
1774598400,4447.875,4451.29,4442.7,4447.29
1774599300,4447.295,4447.655,4430.76,4434.135
1774600200,4434.14,4440.13,4428.83,4435.05
1774601100,4435.045,4438.76,4424.025,4424.51
1774602000,4424.465,4431.135,4420.885,4430
1774602900,4430.1,4436.32,4428.845,4434.505
1774603800,4434.81,4438.58,4430.235,4432.81
1774604700,4432.805,4433.02,4427.385,4429.13
1774605600,4429.135,4433.14,4424.355,4426.145
1774606500,4426.155,4431.61,4424,4429.07
1774607400,4429.06,4430.605,4412.49,4416.13
1774608300,4415.965,4419.08,4410.56,4414.915
1774609200,4414.92,4417.3,4404.58,4412.94
1774610100,4412.935,4417.235,4407.925,4415.5
1774611000,4415.655,4422.25,4413.825,4422.085
1774611900,4422.095,4426.57,4415.91,4420.315
1774612800,4420.355,4427.02,4412.89,4424.87
1774613700,4424.93,4434.645,4417.175,4429.595
1774614600,4429.6,4437.56,4424.535,4433.925
1774615500,4433.92,4445.34,4433.92,4438.01
1774616400,4437.97,4443.905,4423.945,4428.835
1774617300,4428.925,4441.82,4418.6,4422.48
1774618200,4422.47,4431.33,4413.775,4428.84
1774619100,4428.9,4441.72,4421.265,4431.385
1774620000,4431.37,4463.545,4430.85,4460.045
1774620900,4459.825,4470.045,4452.265,4455.46
1774621800,4455.44,4464.27,4451.915,4464.21
1774622700,4464.14,4514.685,4463.88,4509.71
1774623600,4509.705,4534,4501.78,4525.315
1774624500,4525.305,4555.63,4521.085,4543.495
1774625400,4543.565,4553.055,4526.4,4531.91
1774626300,4531.905,4536.505,4520.705,4524.445
1774627200,4524.45,4533.06,4518.265,4528.425
1774628100,4528.41,4533.745,4524.85,4528.51
1774629000,4528.52,4528.935,4505.62,4511.36
1774629900,4511.355,4511.37,4507.355,4507.355
1774630800,4511.27,4522.27,4508.895,4511.17
1774631700,4511.225,4511.85,4487.065,4494.28
1774632600,4494.215,4500.4,4486.505,4490.395
1774633500,4490.39,4499.685,4486.595,4486.875
1774634400,4486.88,4499.015,4486.815,4498.72
1774635300,4498.745,4511.415,4498.73,4509.48
1774636200,4509.4,4528.755,4508.87,4525.825
1774637100,4525.82,4526.05,4513.58,4516.855
1774638000,4516.775,4519.275,4507.26,4511.135
1774638900,4511.13,4524.23,4510.13,4523.08
1774639800,4523.115,4526.315,4500.76,4510.21
1774640700,4510.22,4522.68,4503.435,4514.49
1774641600,4514.625,4520.8,4506.745,4510.325
1774642500,4510.375,4510.865,4504.625,4506.96
1774643400,4506.965,4512.93,4498.695,4505.87
1774644300,4505.875,4505.995,4491.13,4493.685
1774821600,4512.54,4513.55,4481.21,4497.845
1774822500,4497.79,4512.39,4491.135,4509.625
1774823400,4509.62,4513.28,4490.61,4493.45
1774824300,4493.36,4497.045,4480.84,4484.475
1774825200,4484.47,4492.605,4464.575,4478.43
1774826100,4478.455,4484.925,4472.06,4472.37
1774827000,4472.335,4472.43,4445.675,4452.245
1774827900,4452.27,4455.835,4443.945,4449.04
1774828800,4449.03,4451.655,4417.43,4425.975
1774829700,4425.985,4467.01,4422.805,4449.32
1774830600,4449.345,4459.05,4435.435,4438.56
1774831500,4438.545,4442.76,4430.625,4432.295
1774832400,4431.87,4462.03,4431.825,4460.47
1774833300,4460.33,4466.955,4445.15,4448.48
1774834200,4448.505,4475.845,4445.45,4471.535
1774835100,4471.585,4475.435,4461.835,4469.895
1774836000,4469.81,4474.895,4465.455,4472.75
1774836900,4472.83,4474.43,4466.49,4473.27
1774837800,4473.345,4499.69,4458.89,4494.81
1774838700,4494.71,4496.38,4479.015,4481.55
1774839600,4481.505,4508.93,4479.095,4504.715
1774840500,4504.725,4518.175,4503.825,4507.21
1774841400,4507.22,4507.97,4499.8,4503.585
1774842300,4503.57,4507.58,4494.375,4496.15
1774843200,4496.165,4498.78,4486.805,4487.785
1774844100,4487.795,4495.62,4487.615,4490.815
1774845000,4490.77,4491.625,4486.7,4488.615
1774845900,4488.62,4498.96,4487.035,4497.02
1774846800,4497.03,4508.29,4497.02,4505.12
1774847700,4505.115,4516.15,4504.025,4505.58
1774848600,4505.59,4515.435,4503.395,4510.87
1774849500,4510.91,4528.825,4509.97,4522.53
1774850400,4522.63,4534.46,4517.31,4530.54
1774851300,4530.535,4535.665,4526.89,4528.68
1774852200,4528.73,4541.965,4526.35,4540.14
1774853100,4540.135,4550.855,4531.39,4532.59
1774854000,4532.58,4535.005,4523.86,4534.43
1774854900,4534.48,4535.2,4520.71,4522.91
1774855800,4522.85,4526.225,4515.87,4521.37
1774856700,4521.365,4528.305,4519.23,4527.585
1774857600,4527.495,4537.19,4525.12,4533.845
1774858500,4533.84,4535.8,4525.835,4528.725
1774859400,4528.735,4538.29,4528.475,4532.97
1774860300,4533.01,4540.58,4532.78,4538.22
1774861200,4538.23,4540.895,4528.055,4529.65
1774862100,4529.65,4537.02,4523.605,4527.91
1774863000,4527.67,4538.415,4523.675,4537.425
1774863900,4537.52,4538.84,4528.99,4533.14
1774864800,4533.165,4536.635,4529.55,4533.1
1774865700,4533.085,4540.2,4527.785,4531.47
1774866600,4531.48,4534.35,4528.275,4533.675
1774867500,4533.67,4535.935,4528.915,4532.655
1774868400,4532.67,4540.815,4525.645,4538.7
1774869300,4538.705,4548.575,4535.155,4543.565
1774870200,4543.62,4566.44,4538.635,4566.285
1774871100,4566.26,4580.73,4556.165,4559.87
1774872000,4559.875,4561.49,4545.33,4556.55
1774872900,4556.545,4568.18,4555.89,4565.975
1774873800,4566.005,4578.11,4564.215,4573.84
1774874700,4573.93,4574.12,4563.775,4569.445
1774875600,4569.49,4578.835,4561.535,4565.89
1774876500,4565.84,4571.61,4559.06,4567.585
1774877400,4567.665,4574.03,4543.165,4544.315
1774878300,4544.29,4548.275,4516.935,4523.535
1774879200,4523.525,4536.095,4518.1,4533.835
1774880100,4533.79,4534.87,4512.57,4519.16
1774881000,4519.165,4534.03,4517.615,4522.96
1774881900,4522.965,4541.545,4521.58,4538.835
1774882800,4538.885,4543.505,4532.11,4533.03
1774883700,4533.08,4534.285,4524.7,4531.8
1774884600,4531.76,4554.025,4527.77,4551.84
1774885500,4551.945,4556.895,4545.215,4548.355
1774886400,4548.295,4549.82,4538.055,4544.43
1774887300,4544.46,4548.94,4536.745,4536.96
1774888200,4536.94,4548.47,4532.415,4548.36
1774889100,4548.365,4548.97,4536.785,4539.985
1774890000,4539.92,4542.46,4519.65,4522.77
1774890900,4522.735,4530.505,4520.425,4527.765
1774891800,4526.855,4527.255,4514.91,4524.225
1774892700,4524.215,4528.635,4511.685,4514.955
1774893600,4514.945,4523.135,4513.115,4518.935
1774894500,4518.925,4521.445,4511.695,4513.935
1774895400,4513.955,4519.58,4512.59,4515.395
1774896300,4515.295,4518.87,4498.505,4499.18
1774897200,4499.2,4505.11,4493.525,4497.81
1774898100,4497.825,4504.375,4493.1,4501.785
1774899000,4501.79,4513.06,4498.125,4504.92
1774899900,4504.915,4518.51,4503.91,4513.64
1774900800,4513.59,4516.525,4505.505,4508.41
1774901700,4508.475,4510.255,4502.33,4506.245
1774902600,4506.255,4507.18,4501.27,4503.875
1774903500,4503.86,4511.425,4502.635,4510.65
1774908000,4517.71,4518.22,4507.48,4508.38
1774908900,4508.3,4515.165,4502.035,4514.89
1774909800,4515.08,4519.14,4508.16,4509.07
1774910700,4509.03,4515.525,4508.625,4511.07
1774911600,4511.025,4511.025,4492.8,4499.23
1774912500,4499.2,4510.62,4498.155,4505.77
1774913400,4505.775,4520,4504.09,4518.935
1774914300,4518.94,4521.915,4507.91,4514.07
1774915200,4514.075,4528.695,4511.08,4516.525
1774916100,4516.64,4518.81,4482.66,4512.395
1774917000,4512.43,4537.345,4506.465,4536.11
1774917900,4536.09,4548.31,4535.355,4547.935
1774918800,4547.94,4550.865,4532.15,4544.025
1774919700,4544.02,4585.665,4543.59,4581.27
1774920600,4581.275,4619.215,4577.435,4617.58
1774921500,4617.58,4619.255,4595.895,4605.205
1774922400,4605.205,4607.48,4588.495,4590.135
1774923300,4590.125,4592.745,4578.61,4582.745
1774924200,4582.585,4588.46,4578.925,4587.31
1774925100,4587.315,4588.395,4565.795,4567.965
1774926000,4567.99,4577.26,4566.205,4570.28
1774926900,4570.29,4571.49,4555.775,4561.675
1774927800,4561.665,4566.255,4550.78,4551.795
1774928700,4551.82,4557.645,4550.455,4557.49
1774929600,4557.47,4566.195,4557.015,4557.39
1774930500,4557.395,4569.56,4556.955,4561.485
1774931400,4561.435,4565.415,4560.18,4564.155
1774932300,4564.205,4569.39,4560.985,4564.925
1774933200,4564.535,4571,4547.9,4550.405
1774934100,4550.395,4568.135,4549.89,4561.525
1774935000,4561.445,4580.165,4558.79,4577.245
1774935900,4577.22,4581.94,4567.12,4568.89
1774936800,4568.925,4569.2,4556.675,4559.91
1774937700,4559.915,4564.76,4553.445,4560.8
1774938600,4560.775,4565.715,4556.065,4559.09
1774939500,4559.125,4561.79,4554.43,4557.565
1774940400,4557.555,4564.15,4550.5,4552.75
1774941300,4552.765,4556.78,4543.51,4552.145
1774942200,4552.115,4561.39,4552.005,4560.025
1774943100,4560.035,4566.105,4557.06,4564.87
1774944000,4564.875,4573.66,4560.645,4566.175
1774944900,4566.185,4572.715,4564.91,4572.455
1774945800,4572.46,4575.4,4567.775,4571.495
1774946700,4571.52,4574.31,4567.385,4568.755
1774947600,4568.8,4572.735,4563.495,4567.93
1774948500,4567.92,4570.905,4561.545,4562.47
1774949400,4561.995,4562.715,4550.205,4555.865
1774950300,4555.91,4562.68,4551.725,4555.7
1774951200,4555.75,4561.99,4555.35,4556.97
1774952100,4557.02,4561.115,4555.55,4560.445
1774953000,4560.345,4560.875,4529.545,4541.435
1774953900,4541.49,4552.97,4540.345,4547.05
1774954800,4547.12,4563.975,4541.365,4551.74
1774955700,4551.71,4583.415,4549.685,4575.34
1774956600,4575.325,4593.365,4568.95,4592.27
1774957500,4592.28,4593.335,4576.82,4582.37
1774958400,4582.39,4597.76,4574.285,4575.705
1774959300,4575.685,4583.32,4571.48,4579.56
1774960200,4579.61,4590.035,4577.7,4579.11
1774961100,4579.03,4581.585,4569.21,4574.82
1774962000,4575,4583.845,4567.98,4581.435
1774962900,4581.45,4587.84,4573.135,4573.175
1774963800,4573.135,4589.48,4568.285,4588.065
1774964700,4588.08,4609.74,4585.24,4607.35
1774965600,4607.275,4625.45,4603.785,4615.025
1774966500,4615.02,4619.8,4602.75,4618.92
1774967400,4619.125,4630.42,4604.21,4608.14
1774968300,4608.23,4611.27,4594.97,4599.015
1774969200,4598.94,4623.96,4598.94,4622.96
1774970100,4622.955,4625.565,4607.84,4610.17
1774971000,4610.25,4621.495,4607.245,4620.87
1774971900,4620.82,4623.745,4607.935,4609.565
1774972800,4609.615,4620.325,4607.135,4611.935
1774973700,4611.925,4618.725,4609.215,4617.88
1774974600,4617.93,4651.585,4614.965,4641.545
1774975500,4641.565,4650.37,4631.155,4638.23
1774976400,4638.14,4656.03,4636.5,4643.05
1774977300,4642.9,4658.08,4640.79,4648.5
1774978200,4648.52,4664.515,4645.47,4660.45
1774979100,4660.435,4667.785,4653.405,4654.38
1774980000,4654.39,4669.235,4653.52,4666.01
1774980900,4666.005,4669.035,4660.03,4664.3
1774981800,4664.24,4671.37,4660.12,4667.705
1774982700,4667.72,4670.79,4663.73,4667.435
1774983600,4667.44,4676.345,4661.86,4671.365
1774984500,4671.465,4681.085,4669.02,4672.985
1774985400,4672.93,4683.64,4672.445,4681.205
1774986300,4680.94,4685.805,4679.675,4683.02
1774987200,4682.945,4687.335,4676.5,4679.365
1774988100,4679.325,4682.175,4668.96,4669.575
1774989000,4669.51,4675.6,4667.18,4668.25
1774989900,4668.245,4670.39,4664.86,4667.875
1774994400,4674.535,4677.885,4663.05,4669.525
1774995300,4669.54,4686.615,4662.99,4674.615
1774996200,4674.61,4696.54,4671.08,4684.6
1774997100,4684.515,4687.185,4662.125,4681.28
1774998000,4681.32,4682.645,4672.895,4676.365
1774998900,4676.35,4684.81,4671.985,4682.22
1774999800,4682.2,4695.565,4681.63,4691.07
1775000700,4691.035,4699.975,4688.59,4696.44
1775001600,4696.4,4705.22,4693.52,4703.49
1775002500,4703.565,4722.125,4702.77,4721.86
1775003400,4721.87,4722.6,4700.05,4706.695
1775004300,4706.685,4719.435,4704.51,4710.92
1775005200,4710.93,4724.52,4689.525,4708.14
1775006100,4708.025,4708.59,4692.895,4708.27
1775007000,4708.05,4708.485,4681.225,4687.88
1775007900,4687.91,4697.205,4686.43,4692.8
1775008800,4692.81,4700.895,4687.17,4694.075
1775009700,4694.025,4697.835,4683.565,4687.315
1775010600,4687.22,4690.65,4678.235,4681.805
1775011500,4681.77,4689.895,4678.805,4684.84
1775012400,4684.83,4692.745,4682.775,4689.45
1775013300,4689.445,4694.43,4684.44,4687.735
1775014200,4687.74,4689.03,4683.37,4687.075
1775015100,4687.06,4688.735,4679.735,4682
1775016000,4682.005,4682.105,4673.175,4673.995
1775016900,4673.985,4674.265,4667.195,4672.52
1775017800,4672.515,4677.125,4669.185,4677.085
1775018700,4676.915,4681.695,4673.26,4676.495
1775019600,4676.61,4684.89,4674.72,4683.01
1775020500,4682.965,4690.385,4680.635,4686.555
1775021400,4686.54,4703.77,4686.53,4702.235
1775022300,4702.285,4703.78,4684.175,4684.56
1775023200,4684.59,4697.725,4682.55,4697.72
1775024100,4697.725,4711.57,4692.795,4709.595
1775025000,4709.585,4713.01,4702.18,4708.57
1775025900,4708.565,4733.235,4708.565,4730.83
1775026800,4730.825,4732.925,4714.155,4715.58
1775027700,4715.64,4725.98,4713.305,4723.19
1775028600,4723.065,4747.815,4722.33,4730.69
1775029500,4730.665,4733.155,4709.815,4713.22
1775030400,4713.17,4726.8,4710.445,4719.335
1775031300,4719.475,4736.185,4717.36,4730.89
1775032200,4730.935,4740.565,4726.275,4732.185
1775033100,4732.19,4732.615,4726.15,4728.7
1775034000,4728.77,4730.35,4717.93,4718.4
1775034900,4718.385,4723.965,4713.865,4719.735
1775035800,4719.685,4723.18,4713.195,4719.545
1775036700,4719.495,4727.735,4719.18,4723.465
1775037600,4723.46,4724.805,4715.72,4715.93
1775038500,4715.92,4729.4,4715.47,4728.575
1775039400,4728.465,4736.47,4726.38,4734.81
1775040300,4734.825,4738.67,4728.01,4731.235
1775041200,4731.22,4740.65,4728.43,4736.91
1775042100,4737.105,4746.36,4736.52,4745.195
1775043000,4745.215,4762.905,4745.005,4760.465
1775043900,4760.535,4761.62,4752.56,4752.565
1775044800,4752.61,4753.725,4739.38,4743.735
1775045700,4743.485,4745.9,4724.725,4735.925
1775046600,4735.79,4752.995,4730.955,4748.975
1775047500,4748.925,4753.305,4724.4,4724.775
1775048400,4724.82,4733.9,4716.28,4731.81
1775049300,4731.705,4742.465,4730.935,4736.14
1775050200,4736.135,4749.715,4730.84,4743.615
1775051100,4743.43,4748.975,4734.05,4738.355
1775052000,4738.48,4747.11,4724.3,4744.64
1775052900,4744.585,4754.94,4730.61,4742.135
1775053800,4742.145,4756.57,4735.18,4754.055
1775054700,4754.025,4768.87,4752.73,4760.89
1775055600,4760.96,4775.005,4758.575,4765.035
1775056500,4765.055,4776.57,4762.59,4773.235
1775057400,4773.205,4787.03,4770.18,4785.84
1775058300,4785.945,4788.16,4782.515,4786.7
1775059200,4786.685,4790.84,4774.305,4774.915
1775060100,4774.855,4783.68,4774.595,4776.565
1775061000,4776.595,4784.95,4775.36,4784.305
1775061900,4784.31,4788.705,4781.965,4787.3
1775062800,4787.305,4793.195,4786.675,4788.5
1775063700,4788.505,4791.39,4782.33,4785.325
1775064600,4785.355,4786.41,4775.915,4782.19
1775065500,4782.185,4783.57,4774.035,4774.64
1775066400,4774.63,4775.49,4759.105,4771.355
1775067300,4771.365,4771.97,4753.295,4754.13
1775068200,4754.2,4766.255,4742.17,4757.005
1775069100,4756.93,4758.56,4751.635,4753.28
1775070000,4753.27,4765.37,4751.335,4759.945
1775070900,4759.94,4769.36,4758.775,4765.715
1775071800,4765.705,4778.21,4763.365,4769.325
1775072700,4769.33,4771.84,4758.21,4766.205
1775073600,4766.185,4769.82,4762.68,4768.755
1775074500,4768.805,4771.295,4761.05,4762.15
1775075400,4762.16,4763.665,4754.145,4760.03
1775076300,4759.57,4763.58,4756.545,4758.2
1775080800,4758.465,4760.62,4751.98,4759.105
1775081700,4759.06,4776.015,4757.655,4773.33
1775082600,4773.315,4781.73,4770.85,4775.9
1775083500,4775.885,4783.005,4775.175,4776.7
1775084400,4776.84,4791.8,4773.795,4791.485
1775085300,4791.495,4799.465,4788.96,4795.005
1775086200,4795.02,4800.8,4788.095,4789.8
1775087100,4789.795,4790.085,4778.49,4784.19
1775088000,4784.15,4793.585,4775.21,4792.695
1775088900,4792.715,4798.935,4788.47,4789.7
1775089800,4789.685,4796.565,4784.51,4787.44
1775090700,4787.525,4791.845,4783.51,4784.42
1775091600,4784.41,4786.36,4724.635,4750.75
1775092500,4750.725,4753.505,4686.795,4695.935
1775093400,4695.95,4708.89,4649.465,4690.1
1775094300,4690.105,4711.94,4684.975,4696.105
1775095200,4695.875,4704.155,4679.065,4689.455
1775096100,4689.5,4703.55,4688.545,4690.41
1775097000,4690.53,4691.715,4655.525,4676.315
1775097900,4676.305,4689.8,4673.35,4687.24
1775098800,4687.23,4691.955,4677.93,4690.35
1775099700,4690.35,4699.52,4688.245,4691.84
1775100600,4691.815,4692.955,4683.785,4686.045
1775101500,4686.05,4687.855,4676.04,4676.51
1775102400,4676.57,4681.8,4664.78,4668.455
1775103300,4668.445,4672.54,4662.505,4666.45
1775104200,4666.47,4669.825,4658.335,4661.84
1775105100,4661.88,4673.5,4657.175,4672.65
1775106000,4672.635,4675.3,4666.475,4670.33
1775106900,4670.43,4680.915,4669.56,4677.415
1775107800,4677.3,4679.155,4629.125,4634.345
1775108700,4634.415,4635.6,4585.755,4594.63
1775109600,4594.645,4597.08,4553.85,4580.915
1775110500,4580.98,4598.925,4574.18,4591.58
1775111400,4591.57,4598.775,4581.635,4588.635
1775112300,4588.47,4608.905,4584.04,4598.855
1775113200,4598.83,4622.485,4597.245,4621.405
1775114100,4621.4,4627.705,4617.785,4620.97
1775115000,4621.005,4641.84,4619.215,4637.375
1775115900,4637.365,4651.505,4635.91,4642.775
1775116800,4642.77,4648.905,4628.95,4641.225
1775117700,4641.185,4645.195,4631.65,4634.54
1775118600,4634.45,4644.215,4630.925,4631.005
1775119500,4631.025,4634.84,4616.78,4621.005
1775120400,4620.995,4625.325,4613.15,4623.895
1775121300,4623.715,4632.075,4617.22,4620.995
1775122200,4620.955,4625.675,4615.65,4621.525
1775123100,4621.48,4628.32,4617.705,4621.685
1775124000,4621.825,4635.435,4618.465,4625.07
1775124900,4625.085,4626.815,4603.775,4618.475
1775125800,4618.48,4631.55,4613.58,4624.285
1775126700,4624.59,4629.545,4619.46,4620.61
1775127600,4620.6,4630.1,4616.855,4627.7
1775128500,4627.85,4630.855,4613.91,4615.17
1775129400,4615.175,4617.955,4592.895,4600.23
1775130300,4600.075,4612.16,4596.43,4600.215
1775131200,4600.23,4612.985,4594.71,4612.55
1775132100,4612.685,4630.36,4609.645,4626.42
1775133000,4626.225,4627.055,4615.89,4618.42
1775133900,4618.41,4626.765,4600.285,4601.765
1775134800,4601.71,4614.285,4580.65,4587.57
1775135700,4587.63,4600.395,4580.825,4597.765
1775136600,4597.725,4607.94,4586.245,4602.09
1775137500,4602.125,4651.545,4600.675,4646.325
1775138400,4646.265,4659.345,4631.85,4648.04
1775139300,4647.95,4676.235,4646.125,4665.3
1775140200,4665.205,4699.89,4658.935,4693.075
1775141100,4693.085,4693.83,4672.56,4681.72
1775142000,4681.66,4684.185,4667.535,4672.515
1775142900,4672.535,4682.05,4658.36,4672.64
1775143800,4672.665,4676.17,4662.09,4666.115
1775144700,4666.085,4666.675,4652.76,4661.48
1775145600,4661.46,4668.63,4648.005,4654.99
1775146500,4655.015,4656.99,4642.925,4650.725
1775147400,4650.57,4670.26,4650.565,4658.915
1775148300,4658.935,4670.83,4656.895,4659.215
1775149200,4659.22,4668.5,4656.555,4664.055
1775150100,4664.04,4665.94,4651.065,4651.995
1775151000,4652.115,4658.285,4646.285,4657.815
1775151900,4657.845,4659,4645.78,4648.76
1775152800,4648.765,4659,4647.465,4653.72
1775153700,4653.74,4656.825,4650.025,4651.78
1775154600,4651.62,4663.69,4651.62,4662.855
1775155500,4662.7,4672.17,4662.2,4668.64
1775156400,4668.655,4682.01,4668.655,4674.675
1775157300,4674.67,4678.26,4664.415,4665.26
1775158200,4665.24,4668.435,4661.495,4666.065
1775159100,4666.06,4676.655,4665.875,4672.235
1775160000,4672.325,4676.98,4671.815,4673.99
1775160900,4673.77,4674.475,4664.475,4667.7
1775161800,4667.725,4673.2,4667.68,4668.805
1775162700,4668.81,4678.11,4666.88,4676.745
1775426400,4638.25,4640.68,4614.56,4630.245
1775427300,4630.3,4642.405,4629.675,4636.295
1775428200,4636.275,4645.82,4632.065,4642.675
1775429100,4642.64,4654.59,4607.09,4646.265
1775430000,4646.27,4651.415,4627.16,4632.685
1775430900,4632.71,4634.17,4609.39,4609.67
1775431800,4609.68,4617.605,4604.97,4607.605
1775432700,4607.61,4619.76,4607.555,4610.87
1775433600,4610.97,4626.67,4607.035,4626.18
1775434500,4626.175,4629.2,4600.85,4603.59
1775435400,4603.58,4621.935,4603.31,4619.22
1775436300,4619.2,4626.365,4615.825,4622.585
1775437200,4622.63,4642.875,4622.63,4641.905
1775438100,4641.92,4643.24,4620.605,4641.03
1775439000,4641.025,4641.38,4623.54,4628.105
1775439900,4628.065,4629.43,4621.76,4625.815
1775440800,4625.8,4640.23,4623.815,4636.315
1775441700,4636.31,4671.73,4636.31,4660.92
1775442600,4660.925,4666.39,4644.38,4651.205
1775443500,4651.21,4656.355,4647.325,4648.105
1775444400,4648.07,4648.155,4628.795,4633.365
1775445300,4633.37,4636.54,4625.595,4630.715
1775446200,4630.72,4633.585,4625.47,4632.755
1775447100,4632.73,4642.24,4630.795,4640.89
1775448000,4640.875,4648.71,4640.065,4643.34
1775448900,4643.335,4646.885,4641.445,4646.765
1775449800,4646.75,4651.38,4643.065,4649.055
1775450700,4649.065,4660.005,4647.26,4659.21
1775451600,4659.205,4677.125,4658.05,4673.635
1775452500,4673.695,4678.93,4667.085,4667.53
1775453400,4667.525,4669.065,4661.475,4661.625
1775454300,4661.565,4667.625,4651.375,4652.565
1775455200,4652.585,4662.025,4643.505,4661.065
1775456100,4661.07,4662.325,4652.715,4657.34
1775457000,4657.285,4660.115,4651.9,4655.715
1775457900,4655.705,4667.78,4653.885,4665.965
1775458800,4665.96,4666.705,4648.355,4652.24
1775459700,4652.26,4656.03,4645.12,4650.99
1775460600,4651.01,4665.81,4650.52,4664.465
1775461500,4664.45,4688.94,4662.685,4684.9
1775462400,4684.815,4694.9,4680.7,4689.7
1775463300,4689.64,4695.855,4684.51,4691.175
1775464200,4691.07,4696.01,4689.815,4693.09
1775465100,4693.085,4698.21,4691.56,4695.86
1775466000,4696.09,4703.375,4696.075,4701.305
1775466900,4701.36,4703.805,4697.36,4702.62
1775467800,4702.64,4706.875,4701.13,4703.54
1775468700,4703.51,4705.24,4690.94,4693.805
1775469600,4693.84,4697.725,4686.13,4686.78
1775470500,4686.77,4693.31,4686.165,4690.02
1775471400,4690.01,4696.91,4687.74,4695.52
1775472300,4695.605,4695.905,4684.655,4689.91
1775473200,4690.12,4696.92,4689.05,4689.83
1775474100,4689.92,4692.64,4685.565,4688.81
1775475000,4688.86,4694.55,4685.28,4685.28
1775475900,4685.295,4685.87,4677.07,4677.94
1775476800,4677.92,4686.855,4671.705,4672.67
1775477700,4672.68,4674.46,4659.655,4666.325
1775478600,4666.33,4679.09,4665.94,4677.08
1775479500,4677.065,4681.42,4674.25,4676.22
1775480400,4676.21,4677.85,4662.28,4668.77
1775481300,4668.82,4673.63,4659.8,4668.81
1775482200,4668.815,4679.15,4660.79,4665.77
1775483100,4665.815,4681.87,4661.77,4679.92
1775484000,4679.91,4690.635,4660.455,4672.905
1775484900,4673.055,4688.375,4670.785,4686.065
1775485800,4686.085,4697.78,4678.635,4684.585
1775486700,4684.6,4688.705,4675.42,4682.84
1775487600,4682.835,4683.91,4661.19,4662.29
1775488500,4662.275,4670.115,4655.665,4667.43
1775489400,4667.43,4671.2,4652.095,4660.815
1775490300,4660.85,4669.355,4659.655,4668.155
1775491200,4668.22,4671.435,4662.6,4670.405
1775492100,4670.305,4672.66,4665.105,4665.725
1775493000,4665.685,4671.21,4662.995,4663.51
1775493900,4663.5,4666.79,4658.12,4660.515
1775494800,4660.55,4661.235,4645.885,4653.965
1775495700,4653.925,4660.275,4650.345,4656.53
1775496600,4656.54,4660.635,4652.575,4656.455
1775497500,4656.46,4657.375,4651.675,4653.865
1775498400,4653.87,4666.725,4651.03,4659.685
1775499300,4659.705,4664.56,4659.465,4660.4
1775500200,4660.41,4663.53,4649.165,4650.48
1775501100,4650.47,4659.215,4648.905,4658.43
1775502000,4658.395,4659.52,4650.265,4650.985
1775502900,4650.96,4651.66,4645.805,4650.245
1775503800,4650.25,4653.915,4648.675,4651.835
1775504700,4651.755,4658.195,4651.62,4655.52
1775505600,4655.485,4657.325,4652.355,4657.045
1775506500,4656.915,4658.195,4655.535,4656.26
1775507400,4656.265,4658.525,4651.31,4653.295
1775508300,4653.29,4654.635,4649.305,4649.995
1775512800,4661.755,4667.97,4661.18,4663.795
1775513700,4663.8,4666.46,4659.22,4662.3
1775514600,4662.16,4663.165,4659.11,4659.315
1775515500,4659.22,4662.3,4656.805,4658.505
1775516400,4658.54,4661.31,4657.085,4660.3
1775517300,4660.285,4660.7,4653.39,4654.59
1775518200,4654.5,4656.39,4651.555,4655.33
1775519100,4655.305,4660.55,4654.45,4659.21
1775520000,4659.185,4660.75,4649.46,4657.74
1775520900,4657.54,4661,4656.38,4659.25
1775521800,4659.265,4661.21,4657.6,4660.73
1775522700,4660.74,4661.515,4654.73,4655.23
1775523600,4655.22,4664.53,4627.755,4640.88
1775524500,4641.02,4657.535,4637.935,4654.84
1775525400,4654.865,4662.555,4628.985,4641.925
1775526300,4641.955,4647.66,4616.53,4627.135
1775527200,4627.21,4634.69,4620.165,4626.89
1775528100,4626.88,4635.32,4622.99,4634.6
1775529000,4634.58,4646.935,4633.85,4646.305
1775529900,4646.305,4654.01,4645.41,4650.395
1775530800,4650.38,4653.995,4641.685,4645.2
1775531700,4645.205,4647.965,4639.655,4642.605
1775532600,4642.61,4648.725,4642.07,4648.2
1775533500,4648.19,4651.245,4647.365,4649.66
1775534400,4649.65,4651.295,4645.695,4646.215
1775535300,4646.215,4651.5,4645.775,4650.3
1775536200,4650.34,4663.895,4649.66,4662.195
1775537100,4662.18,4664.12,4659.09,4660.155
1775538000,4660.24,4661.36,4654.09,4655.845
1775538900,4655.84,4658.485,4630.59,4632.74
1775539800,4632.745,4642.155,4623.475,4631.585
1775540700,4631.585,4646.865,4629.585,4642.88
1775541600,4642.93,4648.145,4638.28,4647.225
1775542500,4647.44,4649.32,4638.04,4640.985
1775543400,4641.125,4653.935,4641.055,4652.545
1775544300,4652.495,4656.65,4648.61,4653.585
1775545200,4653.575,4657.225,4649.05,4651.54
1775546100,4651.55,4654.105,4638.925,4639.855
1775547000,4639.85,4646.82,4636.91,4643.945
1775547900,4644.015,4647.3,4639.09,4646.315
1775548800,4646.305,4665.62,4644.395,4663.775
1775549700,4663.77,4691.225,4657.07,4678.565
1775550600,4678.53,4687.78,4676.92,4683.285
1775551500,4683.295,4687.77,4679.085,4683.035
1775552400,4682.905,4693.88,4681.065,4685.68
1775553300,4685.8,4694.905,4682.965,4686.925
1775554200,4686.89,4687.215,4664.575,4667.265
1775555100,4667.335,4676.215,4658.905,4671.03
1775556000,4671.075,4680.305,4662.565,4676.865
1775556900,4676.925,4680.735,4657.92,4668.315
1775557800,4668.285,4672.155,4653.765,4662.485
1775558700,4662.34,4662.725,4649.46,4652.33
1775559600,4652.345,4656.45,4629.02,4635.775
1775560500,4635.63,4652.18,4633.37,4647.97
1775561400,4647.965,4663.525,4647.25,4663.05
1775562300,4663.22,4664.28,4656.31,4659.805
1775563200,4659.875,4665.7,4651.49,4655.105
1775564100,4655.195,4671.335,4651.315,4666.32
1775565000,4666.335,4667.605,4656.045,4656.705
1775565900,4656.69,4662.645,4647.075,4651.67
1775566800,4651.675,4660.08,4648.465,4656.945
1775567700,4656.96,4663.08,4650.625,4658.2
1775568600,4658.21,4663.49,4635.625,4639.755
1775569500,4639.855,4654.23,4637.195,4644.44
1775570400,4644.32,4645.55,4607.63,4622.165
1775571300,4621.995,4649.695,4609.84,4645.53
1775572200,4645.305,4661.935,4642.48,4646.985
1775573100,4646.975,4657.065,4629.975,4633.275
1775574000,4633.335,4643.255,4624.885,4643.21
1775574900,4643.215,4653.48,4640.78,4653.255
1775575800,4653.25,4656.865,4640.645,4645.835
1775576700,4645.915,4659.69,4645.115,4655.51
1775577600,4655.505,4668.825,4652.87,4659.005
1775578500,4659,4667.955,4654.56,4662.705
1775579400,4662.7,4664.06,4655.98,4661.31
1775580300,4661.32,4663.23,4656.54,4657.29
1775581200,4657.28,4673.41,4656.635,4668.135
1775582100,4667.93,4668.145,4654.115,4660.17
1775583000,4660.18,4686.745,4660.18,4672.405
1775583900,4672.39,4680.275,4671.26,4675.935
1775584800,4675.875,4684.61,4675.785,4684.025
1775585700,4684.015,4686.085,4677.16,4680.445
1775586600,4680.48,4686.295,4677.49,4679.855
1775587500,4679.72,4680.38,4657.63,4662.35
1775588400,4662.41,4668.82,4660.735,4667.915
1775589300,4667.91,4703.015,4666.4,4687.575
1775590200,4687.58,4691.43,4681.785,4687.175
1775591100,4687.26,4718.96,4685.82,4701.05
1775592000,4701.06,4711.125,4697.415,4708.485
1775592900,4708.625,4713.23,4704.095,4711.02
1775593800,4710.94,4716.95,4703.5,4707.855
1775594700,4708.005,4713.615,4704.12,4704.81
1775599200,4741.845,4751.875,4731.015,4732.03
1775600100,4732.065,4736.335,4725.63,4735.655
1775601000,4735.65,4779.84,4713.04,4770.14
1775601900,4770.145,4820.065,4761.675,4818.41
1775602800,4818.42,4824.7,4801.285,4818.355
1775603700,4818.41,4828.99,4807.32,4815.12
1775604600,4815.11,4817.835,4804.535,4813.09
1775605500,4813.195,4836.505,4810.63,4833.66
1775606400,4833.65,4858.215,4830.625,4834.775
1775607300,4834.94,4838.66,4818.695,4822.81
1775608200,4822.81,4824.73,4811.96,4813.865
1775609100,4813.875,4827.25,4808.885,4817.715
1775610000,4817.73,4825.325,4806.14,4820.09
1775610900,4820.115,4822.37,4792.13,4794.275
1775611800,4794.265,4804.42,4788.12,4800.3
1775612700,4800.295,4814.555,4798.495,4810.275
1775613600,4810.1,4825.435,4809.88,4813.96
1775614500,4813.81,4814.005,4808.025,4811.78
1775615400,4811.88,4820.915,4806.4,4806.78
1775616300,4806.73,4809.38,4798.91,4804.22
1775617200,4804.2,4806.18,4798.065,4799.07
1775618100,4799.035,4805.69,4796.64,4803.37
1775619000,4803.345,4805.1,4795.25,4800.45
1775619900,4800.44,4804.6,4796.555,4797.79
1775620800,4797.77,4801.5,4793.845,4797.7
1775621700,4797.68,4804.44,4790.38,4802.63
1775622600,4802.26,4806.975,4800.91,4803.07
1775623500,4803.165,4804.315,4797.9,4803.515
1775624400,4803.53,4810.74,4800.47,4809.725
1775625300,4809.595,4816.765,4806.835,4815.975
1775626200,4815.99,4825.32,4813.815,4822.585
1775627100,4822.575,4843.9,4820.91,4827.61
1775628000,4827.635,4835.09,4821.15,4826.5
1775628900,4826.39,4836.555,4824.6,4836.335
1775629800,4836.34,4839.97,4829.175,4835.81
1775630700,4835.96,4839.705,4820.02,4820.16
1775631600,4820.18,4821.1,4809.48,4812.335
1775632500,4812.34,4821.39,4809.525,4818.51
1775633400,4818.495,4818.64,4805.17,4809.195
1775634300,4809.17,4820.7,4808.425,4813.6
1775635200,4813.595,4819.8,4808.07,4815.39
1775636100,4815.385,4819.935,4798.775,4808.83
1775637000,4808.835,4808.85,4790.39,4793.55
1775637900,4793.435,4803.63,4790.47,4794.2
1775638800,4794.12,4801.535,4793.435,4801.005
1775639700,4800.975,4807.05,4795.305,4798.64
1775640600,4798.62,4803.85,4776.71,4782.695
1775641500,4782.745,4788.585,4776.285,4783.185
1775642400,4783.18,4790.255,4781.845,4782.85
1775643300,4782.695,4783.505,4771.18,4782.695
1775644200,4782.685,4792.345,4780.205,4791.69
1775645100,4791.59,4796.31,4782.775,4782.885
1775646000,4782.88,4791.1,4779.97,4787.595
1775646900,4787.55,4797.145,4782.875,4789.965
1775647800,4789.97,4792.585,4778.33,4790.33
1775648700,4790.23,4803.06,4789.58,4798.59
1775649600,4798.785,4807.42,4797.885,4805.36
1775650500,4805.43,4805.55,4768.4,4784.3
1775651400,4784.35,4798.32,4783.695,4794.98
1775652300,4795.06,4802.845,4794.825,4799.765
1775653200,4799.705,4806.92,4790.71,4793.395
1775654100,4793.38,4799.39,4789.3,4790.625
1775655000,4790.325,4794.96,4773.95,4774.485
1775655900,4774.515,4788.85,4767.1,4777.225
1775656800,4777.185,4792.155,4776.53,4780.21
1775657700,4780.335,4785.49,4761.135,4767.95
1775658600,4767.965,4770.145,4750.34,4760.33
1775659500,4760.37,4765.21,4732.305,4736.41
1775660400,4736.35,4749.71,4734.165,4744.015
1775661300,4743.995,4757.875,4743.17,4750.99
1775662200,4750.985,4761.64,4750.49,4755.93
1775663100,4755.99,4763.32,4754.75,4756.625
1775664000,4756.635,4762.775,4753.88,4754.115
1775664900,4754.16,4755.075,4745.35,4750.175
1775665800,4750.18,4760.615,4748.145,4758.68
1775666700,4758.685,4765.675,4756.7,4760.52
1775667600,4760.605,4764.505,4756.43,4760.92
1775668500,4760.97,4762.83,4745.765,4751.175
1775669400,4751.17,4754.58,4736.385,4740.7
1775670300,4740.56,4741.705,4731.69,4734.205
1775671200,4734.22,4744.605,4727.135,4743.755
1775672100,4743.74,4744.705,4717.32,4722.625
1775673000,4722.655,4725.16,4708.1,4709.51
1775673900,4709.49,4717.13,4703.47,4705.245
1775674800,4705.12,4716.545,4699.305,4715.54
1775675700,4715.535,4718.66,4707.56,4708.71
1775676600,4708.705,4725.1,4708.215,4722.105
1775677500,4722.05,4731.935,4721.88,4730.755
1775678400,4730.625,4732.365,4726.535,4727.95
1775679300,4727.915,4730.065,4721.905,4723.11
1775680200,4723.095,4724.205,4720.945,4722.45
1775681100,4722.455,4724.59,4717.225,4718.96
1775685600,4727.55,4729.67,4709.41,4712.48
1775686500,4712.47,4717.395,4704.58,4713.605
1775687400,4713.7,4719.565,4705.855,4712.89
1775688300,4712.895,4720.275,4711.77,4717.755
1775689200,4717.745,4717.75,4705.535,4708.645
1775690100,4708.65,4716.18,4705.945,4710.14
1775691000,4710.105,4715.945,4707.19,4713.6
1775691900,4713.675,4720.345,4712.59,4715.84
1775692800,4715.8,4716.12,4698.725,4702.54
1775693700,4702.5,4712.64,4701.12,4706.55
1775694600,4706.545,4718.57,4705.705,4718.48
1775695500,4718.69,4719.3,4706.32,4707.185
1775696400,4707.18,4722.065,4699.905,4720.99
1775697300,4721,4723.83,4703.065,4705.105
1775698200,4705.115,4721.73,4704.11,4718.15
1775699100,4718.17,4728.4,4717.87,4727.455
1775700000,4727.46,4728.925,4721.19,4723.05
1775700900,4723.09,4728.115,4722.79,4725.75
1775701800,4725.825,4733.02,4725.54,4732.46
1775702700,4732.35,4733.04,4717.525,4718.985
1775703600,4718.96,4720.32,4711.79,4712.925
1775704500,4712.92,4713.57,4705.39,4712.67
1775705400,4712.715,4715.085,4712.02,4714.81
1775706300,4714.88,4714.88,4706.66,4711.64
1775707200,4711.69,4722.495,4709.845,4721.96
1775708100,4722.025,4723.36,4717.04,4717.07
1775709000,4717.01,4723.66,4714.405,4721.065
1775709900,4721.06,4725.48,4720.11,4720.92
1775710800,4720.985,4723.8,4710.87,4714.015
1775711700,4713.93,4726.575,4713.24,4726.24
1775712600,4726.295,4726.565,4716.275,4723.865
1775713500,4723.88,4724.45,4705.98,4713.27
1775714400,4713.285,4725.66,4711.31,4719.305
1775715300,4719.415,4722.01,4712.6,4718.485
1775716200,4718.535,4723.365,4711.715,4713.695
1775717100,4713.63,4715.205,4703.58,4712.83
1775718000,4712.84,4730.44,4708.805,4724.44
1775718900,4724.32,4724.61,4705.53,4708.81
1775719800,4708.8,4731.735,4708.8,4722.68
1775720700,4722.675,4724.805,4711.665,4724.385
1775721600,4724.38,4726.575,4720.04,4724.125
1775722500,4724.02,4727.985,4721.17,4721.55
1775723400,4721.5,4732.855,4720.34,4729.725
1775724300,4729.72,4733.19,4725.93,4726.17
1775725200,4726.145,4733.165,4723.25,4730.97
1775726100,4730.98,4733.495,4728.995,4729.97
1775727000,4729.845,4732.74,4726.815,4726.815
1775727900,4726.825,4730.875,4723.765,4729.295
1775728800,4729.285,4733.01,4725.995,4727.425
1775729700,4727.435,4740.03,4723.785,4738.205
1775730600,4738.275,4741.335,4736.47,4740.69
1775731500,4740.715,4746.795,4739.25,4741.12
1775732400,4741.155,4744.26,4738.635,4739.34
1775733300,4739.46,4747.72,4738.88,4745.92
1775734200,4745.85,4751.52,4743.16,4751.27
1775735100,4751.28,4757.665,4750.91,4756.795
1775736000,4756.81,4759.87,4741.895,4742.53
1775736900,4742.545,4744.32,4735.065,4737.94
1775737800,4737.95,4748.02,4735.155,4743.905
1775738700,4743.885,4747.52,4737.555,4746.07
1775739600,4746.06,4756.73,4738.655,4754.65
1775740500,4754.83,4758.795,4751.945,4752.725
1775741400,4752.755,4777.085,4750.56,4775.885
1775742300,4775.895,4776.765,4759.62,4764.51
1775743200,4764.51,4776.47,4761.82,4770.87
1775744100,4770.86,4773.225,4760.275,4765.675
1775745000,4765.585,4767.7,4747.3,4756.06
1775745900,4756.03,4769.11,4755.215,4768.755
1775746800,4768.795,4770.435,4761.31,4769.155
1775747700,4769.16,4786.21,4769.115,4779
1775748600,4779.015,4798.235,4778.28,4790.48
1775749500,4790.535,4794.585,4784.34,4793.1
1775750400,4793.135,4801.28,4787.84,4788.12
1775751300,4788.115,4798.26,4787.88,4792.74
1775752200,4792.77,4795.45,4786.195,4787.545
1775753100,4787.535,4791.605,4784.705,4789.09
1775754000,4789.085,4794.2,4786.935,4793.295
1775754900,4793.245,4798.505,4790.17,4792.85
1775755800,4792.84,4801.39,4787.665,4795.315
1775756700,4795.325,4801.075,4795.305,4797.91
1775757600,4797.915,4798.18,4780.47,4783.825
1775758500,4783.83,4788.415,4777.73,4782.125
1775759400,4782.105,4782.27,4768.55,4770.565
1775760300,4770.56,4775.59,4767.99,4772.115
1775761200,4772.13,4782.59,4769.05,4779.75
1775762100,4779.8,4780.79,4772.325,4773.88
1775763000,4773.945,4778.415,4769.67,4772.285
1775763900,4772.25,4774.18,4766.935,4768.865
1775764800,4768.875,4771.56,4767.11,4769.74
1775765700,4769.73,4773.26,4766.185,4769.865
1775766600,4769.87,4771.52,4760.835,4764.48
1775767500,4764.495,4768.96,4763.785,4765.405
1775772000,4772.62,4772.62,4767.09,4770.24
1775772900,4770.195,4771.12,4763.905,4764.605
1775773800,4764.61,4767.635,4759.44,4761.32
1775774700,4761.425,4764.73,4758.915,4764.315
1775775600,4764.33,4764.37,4757.4,4759.775
1775776500,4759.715,4761.785,4757.085,4758.425
1775777400,4758.41,4763.16,4758.325,4760.09
1775778300,4760.14,4764.41,4758.67,4763.87
1775779200,4763.935,4763.935,4750.535,4754.31
1775780100,4754.12,4758.525,4751.005,4753.83
1775781000,4753.865,4761.31,4753.84,4755.76
1775781900,4755.64,4763.5,4754.825,4763.21
1775782800,4763.22,4767.555,4758.07,4760.82
1775783700,4760.76,4765.535,4758.265,4762.605
1775784600,4762.63,4777.42,4760.36,4771.735
1775785500,4771.76,4773.55,4760.35,4764.605
1775786400,4764.82,4765.59,4748.59,4752.6
1775787300,4752.61,4754.285,4742.32,4744.82
1775788200,4744.88,4750.13,4738.105,4749.815
1775789100,4749.935,4753.61,4747.69,4752.99
1775790000,4752.985,4761.865,4752.905,4760.195
1775790900,4760.205,4762.11,4755.02,4755.91
1775791800,4755.92,4768.66,4755.74,4765.185
1775792700,4765.19,4769.66,4764.09,4766.6
1775793600,4766.66,4767.995,4764.72,4767.28
1775794500,4767.31,4770.9,4765.44,4765.61
1775795400,4765.615,4765.98,4761.76,4762.615
1775796300,4762.48,4765.57,4757.98,4758.52
1775797200,4758.51,4763.36,4757.445,4760.01
1775798100,4760.08,4764.07,4758.655,4760.03
1775799000,4760.02,4768.43,4759.5,4764.935
1775799900,4765,4769.385,4764.79,4765.945
1775800800,4765.96,4766.01,4755.82,4756.53
1775801700,4756.535,4757.82,4751.885,4755.52
1775802600,4755.535,4758.81,4749.57,4750.94
1775803500,4750.955,4754.25,4742.935,4746.07
1775804400,4746.035,4753.255,4741.51,4747.155
1775805300,4747.145,4756.265,4746.265,4753.65
1775806200,4753.64,4757.7,4751.53,4754.185
1775807100,4754.155,4755.14,4748.36,4749.64
1775808000,4749.825,4753.565,4747.355,4749.935
1775808900,4749.985,4750.215,4742.51,4747.035
1775809800,4746.915,4752.39,4741.195,4742.56
1775810700,4742.57,4744.09,4730.74,4740.975
1775811600,4741.005,4746.965,4740.695,4746.965
1775812500,4746.92,4760.92,4744.625,4749.1
1775813400,4748.995,4751.36,4746.375,4750.69
1775814300,4750.64,4753.17,4747.995,4751.57
1775815200,4751.585,4753.41,4742.33,4747.265
1775816100,4747.215,4760.845,4746.485,4758.365
1775817000,4758.38,4759.89,4753.925,4755.505
1775817900,4755.425,4759.875,4754.12,4757.265
1775818800,4757.28,4759.775,4753.38,4755.72
1775819700,4755.715,4762.56,4754.43,4761.935
1775820600,4761.945,4767.48,4758.755,4767.465
1775821500,4767.455,4768.96,4763.045,4768.345
1775822400,4768.46,4770.13,4763.855,4766.85
1775823300,4766.845,4771.41,4759.845,4762.93
1775824200,4762.945,4782.605,4762.08,4772.795
1775825100,4772.8,4774.42,4763.705,4771.92
1775826000,4771.93,4777.795,4768.115,4772.67
1775826900,4772.68,4780.155,4766.07,4775.975
1775827800,4775.93,4778.875,4764.95,4769.28
1775828700,4769.33,4777.93,4766.125,4775.14
1775829600,4775.47,4780.62,4767.35,4780.145
1775830500,4780.105,4792.925,4779.015,4790.66
1775831400,4790.865,4794.98,4773.865,4780.98
1775832300,4781.095,4783.4,4771.005,4774.815
1775833200,4774.835,4783.99,4769.66,4781.96
1775834100,4781.96,4787.46,4776.15,4776.23
1775835000,4776.215,4778.625,4755.41,4766.15
1775835900,4766.14,4769.965,4758.84,4762.34
1775836800,4762.42,4763.575,4747.375,4763.435
1775837700,4763.49,4765.34,4754.415,4758.61
1775838600,4758.62,4765.375,4756.395,4757.085
1775839500,4757.055,4766.25,4756.165,4763.84
1775840400,4763.865,4766.28,4758.235,4764.695
1775841300,4764.7,4768.78,4761.535,4762.96
1775842200,4763.075,4765.825,4758.5,4759.055
1775843100,4759.025,4765.1,4758.845,4760.315
1775844000,4760.33,4764.055,4751.175,4763.77
1775844900,4763.785,4769.68,4763.09,4766.195
1775845800,4766.175,4773.35,4766.13,4768.275
1775846700,4768.24,4768.37,4763.33,4765.435
1775847600,4765.41,4768.2,4764.485,4766.93
1775848500,4766.84,4770.71,4763.17,4763.68
1775849400,4763.73,4765.585,4760.825,4763.89
1775850300,4763.915,4764.62,4758.405,4759.895
1775851200,4759.885,4760.125,4751.275,4753.57
1775852100,4753.53,4753.59,4741.01,4745.6
1775853000,4745.575,4752.555,4745.15,4751.23
1775853900,4751.205,4752.53,4746.645,4749.685
1776031200,4670.425,4685.41,4666.045,4676.555
1776032100,4676.6,4682.905,4644.595,4647.315
1776033000,4647.31,4659.32,4645.43,4657.95
1776033900,4657.955,4660.5,4651.8,4659.035
1776034800,4659.05,4660.815,4652.035,4659.63
1776035700,4659.645,4660.07,4644.465,4653.615
1776036600,4653.565,4660.47,4650.13,4655.665
1776037500,4655.67,4672.06,4655.55,4671.49
1776038400,4671.47,4673.405,4664.625,4672.465
1776039300,4672.39,4676.18,4669.055,4673.045
1776040200,4673.075,4683.39,4671.055,4678.575
1776041100,4678.56,4698.96,4678.105,4695.635
1776042000,4695.63,4719.94,4693.79,4715.64
1776042900,4715.635,4722.1,4711.585,4717.58
1776043800,4717.555,4721.805,4710.77,4714.345
1776044700,4714.305,4728.225,4710.245,4721.255
1776045600,4721.245,4726.025,4719.075,4722.855
1776046500,4722.85,4724.935,4719.275,4720.025
1776047400,4720.02,4727.885,4715.225,4715.49
1776048300,4715.47,4721.57,4711.44,4720.575
1776049200,4720.57,4721.8,4712.19,4713.895
1776050100,4713.855,4721.485,4712.99,4718.985
1776051000,4718.97,4724.065,4717.53,4722.23
1776051900,4722.18,4722.57,4717.43,4718.17
1776052800,4718.16,4718.59,4708.64,4714.755
1776053700,4714.75,4715.91,4709.665,4713.01
1776054600,4713,4719.54,4709.215,4718.82
1776055500,4718.515,4725.05,4716.24,4723.16
1776056400,4723.17,4726.45,4718.655,4719.585
1776057300,4719.595,4721.65,4716.39,4720.62
1776058200,4720.62,4725.005,4718.175,4721.305
1776059100,4721.31,4730.91,4720.65,4729.48
1776060000,4729.475,4729.88,4723.44,4726.13
1776060900,4726.085,4732.12,4725.44,4731.705
1776061800,4731.785,4732.79,4725.475,4726.435
1776062700,4726.415,4726.49,4720.86,4725.655
1776063600,4725.67,4738.715,4724.73,4728.245
1776064500,4728.255,4732.905,4726.55,4730.955
1776065400,4731.015,4733.915,4727.49,4732.385
1776066300,4732.365,4740.03,4728.405,4733.92
1776067200,4733.95,4738.765,4732.535,4733.055
1776068100,4733.065,4734.485,4730.33,4732.195
1776069000,4732.22,4736.475,4721.035,4721.58
1776069900,4721.545,4730.02,4720.43,4723.63
1776070800,4723.635,4728.775,4716.015,4719.335
1776071700,4719.34,4721.55,4714.295,4715.24
1776072600,4715.26,4720.125,4710.605,4714.48
1776073500,4714.49,4716.93,4710.945,4714.905
1776074400,4714.91,4719.085,4713.785,4718.045
1776075300,4718.105,4718.34,4708.365,4712.555
1776076200,4712.655,4718.695,4711.795,4718.18
1776077100,4718.025,4724.195,4717.575,4722.16
1776078000,4722.135,4729.23,4720.075,4721.51
1776078900,4721.545,4723.53,4718.52,4721.015
1776079800,4720.995,4722.43,4704.14,4707.655
1776080700,4707.68,4712.15,4703.375,4707.135
1776081600,4707.14,4720.4,4703.905,4717.275
1776082500,4717.57,4717.945,4703.94,4710.625
1776083400,4710.63,4716.59,4708.98,4715.715
1776084300,4715.71,4725.345,4715.445,4723.48
1776085200,4723.43,4736.29,4722.605,4734.25
1776086100,4734.255,4737.36,4728.96,4733.375
1776087000,4733.38,4737.66,4724.55,4727.165
1776087900,4727.105,4744.64,4721.125,4730.795
1776088800,4730.52,4731.37,4720.64,4727.36
1776089700,4727.23,4728.105,4709.52,4715.58
1776090600,4715.64,4722.905,4708.875,4721.735
1776091500,4721.815,4723.785,4710.165,4719.375
1776092400,4719.36,4720.15,4700.565,4707.765
1776093300,4707.77,4711.52,4703.185,4703.91
1776094200,4703.945,4718.225,4702.3,4712.84
1776095100,4712.845,4716.06,4711.125,4714.45
1776096000,4714.465,4720.86,4709.545,4719.745
1776096900,4719.775,4734.21,4718.885,4730.425
1776097800,4730.38,4740.655,4728.715,4740.485
1776098700,4740.48,4746.27,4732.385,4733.215
1776099600,4733.225,4738.645,4725.605,4730.975
1776100500,4731.025,4750.205,4729.775,4743.21
1776101400,4743.06,4747.775,4742.745,4744.085
1776102300,4744.035,4744.27,4727.49,4730.11
1776103200,4730.12,4733.13,4729.03,4730.265
1776104100,4730.23,4731.345,4723.54,4727.585
1776105000,4727.6,4735.495,4727.05,4733.65
1776105900,4733.64,4740.735,4733.64,4738.45
1776106800,4738.435,4739.615,4730.85,4734.965
1776107700,4734.955,4744.085,4734.955,4743.375
1776108600,4743.245,4747.58,4739.12,4741.895
1776109500,4741.89,4745.935,4739.535,4741.28
1776110400,4741.345,4744.3,4739.99,4742.635
1776111300,4742.65,4743.95,4738.645,4739.565
1776112200,4739.555,4740.845,4738.56,4740.11
1776113100,4739.96,4741.87,4738.4,4740.34
1776117600,4746.92,4752.11,4746.62,4748.6
1776118500,4749.045,4749.855,4745.84,4748.89
1776119400,4748.99,4750.55,4746.355,4750.505
1776120300,4750.665,4759.8,4749.31,4758.14
1776121200,4758.12,4765.805,4758.105,4763.125
1776122100,4762.975,4763.665,4754.65,4755.45
1776123000,4755.5,4761.645,4754.54,4759.58
1776123900,4759.575,4761.955,4756.495,4757.9
1776124800,4758.02,4760.61,4751.77,4759.74
1776125700,4759.755,4767.55,4759.65,4762.535
1776126600,4762.605,4776.075,4761.425,4770.505
1776127500,4770.5,4772.13,4768.625,4769.98
1776128400,4769.94,4777.385,4762.585,4776.23
1776129300,4776.3,4776.9,4769.805,4770.515
1776130200,4770.51,4773.385,4764.63,4773.11
1776131100,4773.12,4774.015,4761.79,4765.065
1776132000,4765.07,4771.31,4762.965,4768.15
1776132900,4768.145,4772.7,4767.655,4768.89
1776133800,4768.905,4773.13,4762.15,4772.51
1776134700,4772.52,4777.305,4772.415,4775.225
1776135600,4775.22,4775.675,4768.745,4768.875
1776136500,4769.02,4771.43,4766.04,4768.52
1776137400,4768.46,4769.775,4765.65,4767.79
1776138300,4767.775,4772.14,4767.59,4768.25
1776139200,4768.215,4770.71,4767.095,4768.89
1776140100,4768.85,4777.085,4768.635,4776.045
1776141000,4776.055,4776.59,4771.525,4773.515
1776141900,4773.52,4776.055,4772.71,4774.24
1776142800,4774.24,4774.32,4763.375,4765.505
1776143700,4765.57,4768.155,4761.71,4764.86
1776144600,4764.81,4767.365,4757.855,4761.12
1776145500,4761.16,4767.01,4759.38,4759.985
1776146400,4760.015,4769.95,4760.015,4765.98
1776147300,4765.975,4768.14,4763.515,4767.505
1776148200,4767.51,4770.575,4764.335,4769.64
1776149100,4769.63,4782.965,4768.93,4782.09
1776150000,4782.095,4796.63,4780.99,4790.3
1776150900,4790.26,4791.865,4767.855,4772.805
1776151800,4772.815,4779.93,4771.97,4777.855
1776152700,4777.88,4780.68,4773.95,4777.16
1776153600,4777.155,4783.08,4774.14,4780.38
1776154500,4780.385,4786.615,4775.76,4786.025
1776155400,4786.015,4790,4782.815,4784.855
1776156300,4784.895,4786.97,4781.57,4786.97
1776157200,4787.08,4788.17,4780.5,4785.82
1776158100,4785.84,4789.405,4778.7,4778.775
1776159000,4778.8,4779.865,4771.735,4778.56
1776159900,4778.555,4782.525,4773.115,4778.235
1776160800,4778.245,4784.99,4778.245,4782.315
1776161700,4782.305,4788.31,4780.525,4783.97
1776162600,4783.96,4784.855,4751.22,4767.53
1776163500,4767.44,4772.45,4766.875,4768.58
1776164400,4768.52,4777.09,4767.03,4776.605
1776165300,4776.7,4783.165,4775.11,4778.32
1776166200,4778.42,4780.025,4773.415,4778.205
1776167100,4778.305,4782.925,4770.575,4774.94
1776168000,4774.905,4777.715,4768.865,4770.18
1776168900,4770.19,4772.83,4762.64,4769.055
1776169800,4769.05,4776.355,4768.325,4769.125
1776170700,4769.14,4773.78,4762.36,4771.48
1776171600,4771.475,4782.135,4771.185,4782.025
1776172500,4782.03,4792.55,4781.105,4783.05
1776173400,4782.94,4803.79,4780.32,4793.215
1776174300,4793.225,4796.59,4788.965,4794.805
1776175200,4794.825,4803.645,4793.065,4794.975
1776176100,4794.97,4810.885,4794.97,4809.49
1776177000,4809.455,4818.33,4798.655,4798.83
1776177900,4798.845,4806.79,4795.38,4803.81
1776178800,4803.8,4804.06,4791.115,4794.77
1776179700,4794.67,4806.065,4792.995,4802.615
1776180600,4802.56,4813.69,4802.525,4809.435
1776181500,4809.46,4816.265,4806.7,4808.41
1776182400,4808.44,4814.16,4805.255,4809.585
1776183300,4809.565,4819.335,4807.045,4816.41
1776184200,4816.405,4820.34,4813.575,4815.305
1776185100,4815.3,4819.025,4809.2,4810.075
1776186000,4810.12,4833.95,4809.54,4827.21
1776186900,4827.26,4832.065,4824.95,4825.815
1776187800,4825.78,4841.705,4825.345,4837.405
1776188700,4837.39,4839.815,4834.375,4835.235
1776189600,4835.215,4843.64,4834.495,4838.965
1776190500,4838.955,4840.165,4833.365,4837.905
1776191400,4837.88,4839.405,4834.275,4834.75
1776192300,4834.745,4836.575,4830.895,4835.73
1776193200,4835.75,4842.62,4835.75,4841.15
1776194100,4841.145,4842.46,4838.58,4840.845
1776195000,4840.85,4843.73,4838.755,4841.115
1776195900,4841.125,4846.345,4839.97,4844.99
1776196800,4845,4846.37,4842.21,4843.12
1776197700,4843.135,4843.54,4839.7,4840.56
1776198600,4840.545,4843.22,4839.89,4842.31
1776199500,4842.325,4843.41,4840.395,4841.76
1776204000,4849.155,4850.88,4843.24,4844.73
1776204900,4844.725,4847.06,4835.985,4840.145
1776205800,4840.15,4843.3,4837.71,4840.24
1776206700,4840.3,4840.51,4833.195,4835.26
1776207600,4835.14,4844.315,4833.68,4837.125
1776208500,4837.115,4839.525,4835.015,4836.19
1776209400,4836.2,4843.065,4835.38,4842.365
1776210300,4842.535,4844.16,4836.405,4837.285
1776211200,4837.315,4840.18,4831.67,4833.935
1776212100,4833.705,4836.505,4828.625,4833.78
1776213000,4833.785,4833.825,4827.285,4830.005
1776213900,4830,4837.695,4829.17,4835.56
1776214800,4835.52,4852.775,4828.335,4850.315
1776215700,4850.165,4871.38,4842.08,4851.24
1776216600,4851.17,4851.545,4842.65,4843.62
1776217500,4843.67,4849.235,4839.645,4847.19
1776218400,4847.175,4853.445,4844.945,4845.53
1776219300,4845.535,4846.335,4832.44,4835
1776220200,4834.99,4835.86,4821.625,4828.42
1776221100,4828.415,4830.48,4820.715,4824.005
1776222000,4824.02,4825.135,4816.915,4821.045
1776222900,4821.07,4828.115,4820.58,4826.625
1776223800,4826.635,4828.865,4825.665,4828.59
1776224700,4828.54,4829.725,4823.865,4823.925
1776225600,4823.955,4826.445,4820.3,4825.665
1776226500,4825.67,4826.715,4821.38,4824.665
1776227400,4824.67,4827.92,4823.415,4823.495
1776228300,4823.445,4826.07,4821.53,4825.075
1776229200,4825.125,4828.745,4822.8,4827.035
1776230100,4826.955,4830.53,4824.57,4826.36
1776231000,4826.315,4828.105,4812.735,4816.89
1776231900,4816.96,4823.775,4814.365,4819.97
1776232800,4819.975,4825.04,4816.785,4819.215
1776233700,4819.235,4819.725,4813.65,4814.79
1776234600,4814.67,4817.935,4811.445,4815.975
1776235500,4816.085,4822.25,4811.31,4811.625
1776236400,4811.565,4816.935,4804.05,4815.71
1776237300,4815.715,4816.085,4805.44,4812.84
1776238200,4812.835,4815.87,4808.615,4810.39
1776239100,4810.375,4812.92,4806.095,4811.27
1776240000,4811.15,4812.71,4804.595,4811.57
1776240900,4811.64,4814.35,4805.845,4809.93
1776241800,4809.8,4812.96,4805.56,4810.455
1776242700,4810.405,4821.875,4809.855,4818.63
1776243600,4818.56,4819.565,4792.82,4805.015
1776244500,4805.065,4807.46,4797.43,4797.49
1776245400,4797.515,4804.075,4795.48,4796.285
1776246300,4796.235,4800.415,4786.08,4798.255
1776247200,4798.25,4803.375,4795.49,4801.36
1776248100,4801.355,4801.48,4790.095,4795.095
1776249000,4795.085,4800.99,4793.07,4800.225
1776249900,4800.23,4805.275,4799.67,4800.16
1776250800,4800.175,4804.58,4795.57,4802.49
1776251700,4802.47,4807.26,4799.885,4805.14
1776252600,4805.15,4808.96,4802.81,4806.115
1776253500,4806.11,4815.305,4804.475,4812.635
1776254400,4812.65,4814.365,4807.025,4814.11
1776255300,4814.24,4816.37,4810.23,4813.045
1776256200,4812.985,4816.21,4810.5,4811.8
1776257100,4811.73,4815.64,4808.515,4811.76
1776258000,4811.69,4816.505,4808.57,4814.075
1776258900,4814.125,4822.13,4810.185,4821.875
1776259800,4821.88,4825.55,4815.935,4820.54
1776260700,4820.53,4830.31,4820.01,4828.915
1776261600,4828.93,4830,4820.365,4828.635
1776262500,4828.635,4830.615,4822.33,4825.28
1776263400,4825.42,4825.79,4815.69,4819.32
1776264300,4819.33,4819.535,4813.505,4815.525
1776265200,4815.535,4816.155,4800.11,4810.16
1776266100,4810.07,4810.995,4797.705,4798.31
1776267000,4798.34,4806.525,4787.145,4803.635
1776267900,4803.39,4807.685,4799.51,4801.745
1776268800,4801.74,4810.68,4800.49,4808.455
1776269700,4808.395,4812.84,4805.27,4811.37
1776270600,4811.38,4812.045,4803.06,4804.66
1776271500,4804.655,4807.485,4800.17,4803.985
1776272400,4803.975,4805.035,4798.2,4798.32
1776273300,4798.325,4808.96,4798.315,4801.945
1776274200,4801.735,4802.84,4792.205,4793.67
1776275100,4793.675,4795.865,4790.82,4792.64
1776276000,4792.63,4800.965,4790.24,4797.07
1776276900,4797.065,4798.865,4792.82,4794.705
1776277800,4794.685,4798.445,4794.67,4797.04
1776278700,4797.05,4802.675,4796.925,4799.745
1776279600,4799.715,4803.575,4798.105,4798.805
1776280500,4798.79,4803.34,4797.805,4803.06
1776281400,4802.96,4803.005,4795.285,4797.03
1776282300,4797.055,4801.645,4794.685,4796.045
1776283200,4796.095,4796.795,4792.87,4793.925
1776284100,4793.875,4796.15,4793.475,4794.06
1776285000,4794.005,4794.005,4790.105,4790.655
1776285900,4790.65,4793.11,4787.895,4790.94
1776290400,4798.465,4799.135,4790.87,4792.045
1776291300,4792.085,4802.255,4791.97,4801.51
1776292200,4801.52,4803.575,4799.465,4801.5
1776293100,4801.52,4812.1,4801.41,4807.665
1776294000,4807.675,4813.285,4807.615,4812.69
1776294900,4812.835,4815.935,4812.475,4815.135
1776295800,4815.085,4824.415,4814.605,4823.315
1776296700,4823.225,4826.795,4822.11,4823.455
1776297600,4823.385,4831.19,4823.275,4829.92
1776298500,4829.945,4831.215,4822.525,4824.9
1776299400,4824.875,4837.81,4820.345,4832.715
1776300300,4832.725,4837.5,4830.925,4833.145
1776301200,4833.205,4836.465,4828.57,4830.11
1776302100,4830.07,4830.65,4822.815,4823.705
1776303000,4823.68,4825.725,4811.33,4815.945
1776303900,4815.98,4822.21,4815.36,4818.1
1776304800,4818.165,4825.1,4817.495,4821.49
1776305700,4821.48,4823.48,4819.02,4819.03
1776306600,4819.035,4821.415,4812.465,4817.365
1776307500,4817.405,4821.185,4815.545,4819.805
1776308400,4819.785,4827.205,4819.185,4826.69
1776309300,4826.63,4826.8,4822.7,4824.03
1776310200,4824.025,4826.055,4819.115,4820.405
1776311100,4820.45,4826.81,4820.4,4824.27
1776312000,4824.255,4827.39,4822.885,4826.885
1776312900,4826.895,4830.21,4825.91,4826.58
1776313800,4826.575,4831.505,4824.945,4830.63
1776314700,4830.665,4833.79,4829.745,4833.185
1776315600,4833.21,4838.56,4832.835,4834.255
1776316500,4834.265,4836.355,4831.6,4833.25
1776317400,4833.21,4833.76,4824.725,4825.355
1776318300,4825.29,4829.63,4821.215,4821.325
1776319200,4821.31,4828.16,4821.265,4822.835
1776320100,4822.83,4825.505,4814.46,4816.275
1776321000,4816.3,4825.19,4814.99,4824.205
1776321900,4824.195,4830.69,4822.545,4826.125
1776322800,4826.14,4831.025,4823.23,4825.125
1776323700,4825.24,4829.88,4817.12,4828.3
1776324600,4828.31,4830.41,4824.335,4827.375
1776325500,4827.39,4828.025,4819.27,4821.2
1776326400,4821.29,4822.07,4807.26,4812.015
1776327300,4812.01,4814.86,4809.69,4811.55
1776328200,4811.545,4813.615,4806.59,4812.1
1776329100,4812.04,4814.84,4808.43,4813.85
1776330000,4813.815,4818.11,4811.75,4816.22
1776330900,4816.25,4817.115,4811.3,4813.37
1776331800,4813.335,4815.01,4807.04,4814.75
1776332700,4814.76,4815.43,4810.085,4812.82
1776333600,4812.825,4815.605,4806.92,4806.985
1776334500,4807.03,4810.28,4805.27,4807
1776335400,4807.01,4812.31,4805.165,4808.48
1776336300,4808.38,4817.62,4806.77,4817.49
1776337200,4817.475,4820.61,4816.565,4817.54
1776338100,4817.64,4820.125,4815.535,4816.1
1776339000,4816.12,4819.93,4815.96,4817.99
1776339900,4817.94,4822.56,4816.22,4822.175
1776340800,4822.28,4823.14,4811.59,4817.42
1776341700,4817.35,4818.79,4814.085,4815.645
1776342600,4815.62,4820.785,4811.865,4817.17
1776343500,4817.1,4819.155,4813.855,4816.265
1776344400,4816.285,4823.055,4814.085,4817.54
1776345300,4817.535,4821.325,4815.2,4815.69
1776346200,4815.74,4824.04,4812.645,4816.37
1776347100,4816.48,4819.73,4784.73,4795.065
1776348000,4795.08,4805.62,4785.215,4801.04
1776348900,4801.115,4803.13,4790.995,4799.345
1776349800,4799.435,4800.865,4772.575,4787.61
1776350700,4787.65,4793.48,4785.2,4788.86
1776351600,4788.815,4813.045,4788.43,4806.79
1776352500,4806.815,4809.615,4801.615,4801.73
1776353400,4801.72,4811.105,4798.185,4803.025
1776354300,4803.03,4808.74,4801.03,4807.09
1776355200,4807.16,4810.225,4803.43,4805.055
1776356100,4805.025,4806.02,4796.79,4799.41
1776357000,4799.415,4800.025,4786.645,4790.125
1776357900,4790.1,4793.71,4785.245,4792.095
1776358800,4792.105,4795.455,4789.82,4791.47
1776359700,4791.48,4794.165,4784.75,4785.235
1776360600,4785.225,4789.51,4781.45,4787.22
1776361500,4787.275,4791.04,4782.555,4789.395
1776362400,4789.405,4794.45,4785.865,4790.22
1776363300,4790.215,4793.145,4786.89,4787.18
1776364200,4787.265,4791.41,4786.8,4790.505
1776365100,4790.315,4792.775,4788.32,4789.745
1776366000,4789.795,4795.255,4789.63,4790.06
1776366900,4790.07,4793.985,4790.035,4790.875
1776367800,4790.85,4797.94,4790.75,4797.725
1776368700,4797.885,4798.67,4792.51,4793.52
1776369600,4793.565,4793.985,4790.06,4790.61
1776370500,4790.585,4791.955,4788.285,4789.21
1776371400,4789.19,4790.485,4786.45,4788.79
1776372300,4788.795,4791.04,4787.98,4790.66
1776376800,4793.945,4797.995,4793.915,4795.365
1776377700,4795.445,4796.21,4792.51,4794.06
1776378600,4794.07,4796.405,4790.925,4795.38
1776379500,4795.43,4797.015,4794.79,4795.4
1776380400,4795.185,4795.63,4792.4,4793.365
1776381300,4793.545,4797.935,4792.55,4794.5
1776382200,4794.44,4796.275,4792.495,4795.89
1776383100,4795.785,4796.79,4791.77,4791.77
1776384000,4791.725,4791.935,4785.965,4790.5
1776384900,4790.505,4793.025,4787.79,4793.005
1776385800,4793,4798.83,4792.62,4798.685
1776386700,4798.68,4801.3,4793.925,4794.845
1776387600,4794.88,4795.675,4769.31,4779.11
1776388500,4779.115,4785.32,4767.855,4769.125
1776389400,4769.12,4778.11,4767.845,4777.705
1776390300,4777.665,4791.49,4775.53,4789.635
1776391200,4789.575,4794.48,4788.4,4791.56
1776392100,4791.6,4792.205,4788.385,4789.15
1776393000,4789.1,4794.84,4788.535,4791.59
1776393900,4791.62,4793.695,4784.64,4784.695
1776394800,4784.685,4797.7,4784.68,4796.065
1776395700,4796.01,4798.405,4793.055,4794.16
1776396600,4794.105,4795.19,4792.255,4794.2
1776397500,4794.195,4796.805,4792.88,4793.255
1776398400,4793.195,4796.295,4792.71,4795.23
1776399300,4795.225,4796.145,4793.585,4795.95
1776400200,4795.955,4801.46,4795.365,4801.135
1776401100,4801.24,4804.48,4798.655,4802.995
1776402000,4802.99,4806.2,4799.885,4804.86
1776402900,4804.855,4805.245,4801.44,4803.49
1776403800,4803.39,4805.31,4795.765,4796.515
1776404700,4796.575,4800.625,4793.78,4794.305
1776405600,4794.345,4795.375,4786.88,4787.88
1776406500,4787.885,4789.93,4783.355,4783.895
1776407400,4783.855,4787.36,4779.455,4785.86
1776408300,4785.855,4787.485,4784.055,4785.075
1776409200,4785.195,4791.355,4784.22,4787.305
1776410100,4787.365,4793.265,4784.855,4791.755
1776411000,4791.78,4794.925,4782.735,4786.085
1776411900,4786.065,4786.375,4778.81,4784.57
1776412800,4784.585,4791.175,4781.035,4783.755
1776413700,4783.535,4787.44,4782.725,4784.625
1776414600,4784.62,4797.045,4784.46,4797.04
1776415500,4797.05,4797.085,4791.215,4796.11
1776416400,4796.115,4800.995,4792.9,4793.295
1776417300,4793.305,4798.555,4792.095,4795.935
1776418200,4795.94,4799.16,4794.165,4794.655
1776419100,4794.66,4795.185,4790.125,4790.44
1776420000,4790.445,4792.18,4787.28,4791.505
1776420900,4791.495,4794.085,4788.875,4789.76
1776421800,4789.765,4790.03,4782.315,4785.08
1776422700,4785.03,4788.515,4782.255,4787.49
1776423600,4787.595,4789.86,4783.67,4786.4
1776424500,4786.35,4793.58,4784.55,4793.015
1776425400,4792.985,4798.825,4789.695,4798.77
1776426300,4798.76,4811.82,4798.715,4799.125
1776427200,4799.25,4805.755,4797.68,4804.02
1776428100,4803.96,4819.605,4803.29,4816.885
1776429000,4816.895,4825.2,4815.395,4823.47
1776429900,4823.7,4848.005,4821.78,4846.52
1776430800,4846.53,4891.54,4834.915,4883.135
1776431700,4883.145,4883.935,4850.46,4851.695
1776432600,4851.71,4873.78,4848.51,4864.56
1776433500,4864.615,4882.12,4852.165,4880.4
1776434400,4880.33,4885.53,4860.85,4867.24
1776435300,4867.315,4880.515,4865.435,4871.62
1776436200,4871.63,4883.14,4869.275,4877.435
1776437100,4877.51,4881.41,4869.695,4873.15
1776438000,4873.135,4880.705,4862.395,4867.755
1776438900,4867.735,4874.735,4863.335,4866.135
1776439800,4866.13,4874.21,4855.065,4859.035
1776440700,4859.03,4871.895,4858.19,4867.445
1776441600,4867.44,4873.52,4863.745,4871.475
1776442500,4871.52,4873.535,4867.67,4867.745
1776443400,4867.77,4873.02,4867.62,4868.41
1776444300,4868.4,4869.105,4864.995,4867.18
1776445200,4867.15,4869.665,4857.665,4862.815
1776446100,4862.86,4865.135,4853.79,4858.755
1776447000,4858.75,4863.19,4853.995,4854.865
1776447900,4854.845,4863.46,4854.8,4862.59
1776448800,4862.585,4866.49,4860.475,4861.265
1776449700,4861.235,4868.11,4858.87,4860.7
1776450600,4860.77,4866.865,4860.37,4862.255
1776451500,4862.26,4863.045,4855.785,4858.11
1776452400,4858.095,4858.81,4853.86,4856.675
1776453300,4856.615,4858.125,4854.165,4856.86
1776454200,4856.87,4861.305,4855.97,4860.25
1776455100,4860.24,4860.29,4852.96,4854.695
1776456000,4854.645,4855.245,4844.87,4846.24
1776456900,4846.255,4852.24,4844.58,4845.79
1776457800,4845.765,4847.115,4834.055,4835.7
1776458700,4835.71,4837.685,4830.79,4831.61
1776636000,4774.815,4794.73,4771.055,4790.17
1776636900,4790.15,4794.97,4783.93,4785.075
1776637800,4785.06,4790.68,4779.205,4780.46
1776638700,4780.43,4786.795,4777.875,4779.365
1776639600,4779.36,4779.465,4771.94,4772.43
1776640500,4772.435,4776.255,4768.4,4769.42
1776641400,4769.43,4773.685,4746.025,4752.525
1776642300,4752.46,4755.525,4736.83,4755.365
1776643200,4755.285,4755.285,4744.515,4752.285
1776644100,4752.345,4766.145,4751.955,4765.625
1776645000,4765.605,4768.345,4761.255,4764.305
1776645900,4764.35,4774.685,4759.82,4772.815
1776646800,4772.8,4794.63,4771.44,4794.05
1776647700,4794.13,4803.925,4788.84,4802.98
1776648600,4802.87,4812.345,4801.43,4806.7
1776649500,4806.725,4814.46,4806.02,4807.795
1776650400,4807.805,4809.18,4800.83,4801.09
1776651300,4801.055,4804.065,4798.46,4800.51
1776652200,4800.505,4802.055,4794.805,4796.3
1776653100,4796.35,4797.645,4793.26,4797.395
1776654000,4797.37,4798.415,4790.49,4791.55
1776654900,4791.555,4795.995,4788.875,4795.29
1776655800,4795.18,4796.855,4789.975,4793.55
1776656700,4793.54,4794.915,4789.29,4791.02
1776657600,4791.04,4795.94,4790.995,4793.11
1776658500,4793.115,4795.845,4791.67,4794.75
1776659400,4794.845,4794.855,4787.245,4787.34
1776660300,4787.38,4793.475,4787.38,4789.035
1776661200,4789.06,4793.295,4784.45,4786.425
1776662100,4786.41,4789.54,4785.42,4788.015
1776663000,4788.005,4796.36,4779.54,4781.14
1776663900,4781.145,4793.285,4781.095,4791.085
1776664800,4791.06,4794.265,4785.645,4790.71
1776665700,4790.685,4790.685,4784.025,4786.32
1776666600,4786.345,4792.07,4785.715,4790.36
1776667500,4790.345,4795.62,4785.64,4795.595
1776668400,4795.6,4801.635,4793.975,4797.7
1776669300,4797.65,4805.795,4794.525,4798.055
1776670200,4797.95,4798.97,4790.265,4797.85
1776671100,4797.855,4797.855,4786.905,4789.64
1776672000,4789.55,4791.825,4786.16,4789.32
1776672900,4789.305,4792.59,4786.61,4792.105
1776673800,4792.115,4792.7,4788.91,4792.55
1776674700,4792.54,4796.51,4792.305,4796.395
1776675600,4796.355,4798.075,4793.545,4796.02
1776676500,4796.025,4796.065,4791.72,4792.455
1776677400,4792.455,4794.47,4783.72,4792.04
1776678300,4792,4797.37,4789.07,4791.885
1776679200,4791.865,4799.54,4789.93,4795.67
1776680100,4795.74,4801.045,4795.19,4798.355
1776681000,4798.405,4800.27,4795.155,4795.23
1776681900,4795.235,4797.165,4794.45,4796.01
1776682800,4796.02,4796.43,4787.165,4789.845
1776683700,4789.87,4791.18,4786.8,4788.56
1776684600,4788.55,4794.995,4787.9,4794.995
1776685500,4795,4810.9,4794.885,4810.53
1776686400,4810.525,4813.215,4803.165,4811.21
1776687300,4811.22,4822.175,4803.88,4805.68
1776688200,4805.67,4809.515,4799.125,4806.175
1776689100,4806.165,4808.485,4801.015,4803.505
1776690000,4803.495,4817.015,4799.695,4815.485
1776690900,4815.535,4825.905,4812.025,4824.48
1776691800,4824.495,4826.355,4815.83,4822.57
1776692700,4822.46,4824.63,4817.1,4818.105
1776693600,4818.12,4818.66,4807.015,4816.36
1776694500,4816.33,4826.995,4814.62,4823.515
1776695400,4823.445,4827.695,4810.395,4814.125
1776696300,4814.115,4814.885,4792.615,4805.385
1776697200,4805.4,4807.625,4792.785,4798.385
1776698100,4798.39,4809.63,4794.125,4808.53
1776699000,4808.575,4809.395,4799.78,4800.535
1776699900,4800.485,4801.865,4795.625,4799.955
1776700800,4799.96,4801.76,4794.465,4798.725
1776701700,4798.73,4801.98,4792.865,4801.355
1776702600,4801.37,4804.84,4798.925,4802.06
1776703500,4802.15,4806.38,4801.925,4805.55
1776704400,4805.645,4810.76,4803.9,4808.83
1776705300,4808.915,4811.425,4806.405,4810.025
1776706200,4810.07,4812.27,4805.165,4809.415
1776707100,4809.42,4809.785,4805.72,4806.89
1776708000,4806.84,4815.95,4806.84,4815.65
1776708900,4815.64,4815.64,4811.985,4813.53
1776709800,4813.505,4815.655,4811.01,4814.525
1776710700,4814.53,4816.515,4813.245,4814.105
1776711600,4814.065,4821.425,4813.99,4820.38
1776712500,4820.375,4820.49,4816.255,4817.17
1776713400,4817.175,4817.365,4810.615,4811.755
1776714300,4811.77,4814.43,4811.37,4814.38
1776715200,4814.43,4816.975,4812.95,4813.685
1776716100,4813.96,4817.265,4812.3,4815.97
1776717000,4815.92,4817.45,4813.185,4816.87
1776717900,4816.725,4821.98,4816.495,4820.115
1776722400,4825.135,4832.51,4823.365,4829.165
1776723300,4829.145,4833.405,4828.71,4828.98
1776724200,4828.95,4831.08,4825.025,4830.8
1776725100,4830.74,4831.965,4825.415,4827.82
1776726000,4827.79,4831.935,4824.26,4825.925
1776726900,4825.92,4827.135,4823.975,4825.835
1776727800,4825.83,4825.83,4823.075,4824.165
1776728700,4824.23,4824.78,4819.855,4822.03
1776729600,4822.07,4830.895,4820.44,4828.69
1776730500,4828.695,4829.595,4819.56,4820.125
1776731400,4820.135,4824.725,4817,4822.67
1776732300,4822.725,4826.05,4821.55,4823.895
1776733200,4823.9,4824.54,4813.22,4814.89
1776734100,4814.82,4818.73,4814.72,4818.64
1776735000,4818.54,4819.07,4809.23,4813.455
1776735900,4813.445,4814.14,4805.795,4810.27
1776736800,4810.295,4810.555,4806.09,4807.545
1776737700,4807.565,4808.67,4803.65,4807.71
1776738600,4807.76,4807.82,4802.695,4806.6
1776739500,4806.69,4808.27,4802.71,4806.95
1776740400,4807.055,4807.86,4800.575,4800.745
1776741300,4800.75,4802.42,4793.685,4798.76
1776742200,4798.755,4800.03,4792.77,4795.32
1776743100,4795.325,4798.015,4794.025,4797.45
1776744000,4797.48,4797.815,4793.725,4794.23
1776744900,4794.24,4796.86,4791.325,4792.385
1776745800,4792.385,4794.38,4789.79,4791.78
1776746700,4791.85,4793.49,4788.87,4789.49
1776747600,4789.415,4793.385,4785.97,4789.58
1776748500,4789.59,4791.39,4785.92,4787.585
1776749400,4787.58,4797.145,4786.655,4796.335
1776750300,4796.33,4796.605,4783.28,4784.18
1776751200,4784.15,4790.86,4775.755,4785.075
1776752100,4784.96,4786.115,4775.33,4778.9
1776753000,4778.975,4782.54,4776.205,4780.525
1776753900,4780.53,4783.57,4774.8,4778.42
1776754800,4778.4,4785.77,4772.885,4782.92
1776755700,4783.135,4787.735,4780.48,4783.495
1776756600,4783.49,4787.415,4781.02,4786.645
1776757500,4786.655,4792.83,4784.57,4786.255
1776758400,4786.23,4787.845,4774.685,4775.915
1776759300,4775.91,4789.27,4775.34,4787.31
1776760200,4787.35,4793.22,4784.905,4791.735
1776761100,4791.73,4793.005,4786.09,4786.09
1776762000,4786.11,4787,4781.44,4784.34
1776762900,4784.29,4788.23,4781.29,4782.26
1776763800,4782.225,4787.71,4781.995,4787.405
1776764700,4787.415,4789.79,4783.32,4783.87
1776765600,4783.885,4786.095,4782.485,4783.135
1776766500,4783.155,4785.03,4780.965,4783.175
1776767400,4783.285,4788.195,4782.875,4786.445
1776768300,4786.44,4790.67,4786.365,4789.945
1776769200,4789.95,4790.375,4775.49,4781.85
1776770100,4781.885,4784.64,4779.48,4783.735
1776771000,4783.735,4795.1,4783.27,4793.11
1776771900,4793.205,4798.03,4791.88,4794.62
1776772800,4794.615,4796.995,4791.145,4791.25
1776773700,4791.3,4791.86,4779.205,4781.22
1776774600,4781.23,4790.55,4766.545,4778.985
1776775500,4779.01,4783.27,4776.33,4778.98
1776776400,4778.97,4784.09,4764.95,4765.41
1776777300,4765.45,4775.695,4760.35,4775.08
1776778200,4775.06,4793.015,4770.365,4789.21
1776779100,4789.115,4794.52,4777.49,4779.47
1776780000,4779.35,4782.74,4773.465,4778.645
1776780900,4778.635,4780.78,4770.005,4774.425
1776781800,4774.39,4775.265,4744.045,4745.1
1776782700,4745.11,4745.89,4723.77,4739.02
1776783600,4739.04,4750.975,4727.845,4748.31
1776784500,4748.265,4757.83,4742.01,4742.555
1776785400,4742.565,4747.99,4736.895,4746.03
1776786300,4745.935,4750.28,4739.05,4741.78
1776787200,4741.79,4747.06,4726.725,4730.58
1776788100,4730.545,4734.32,4720.16,4720.875
1776789000,4720.88,4727.88,4719.77,4721.195
1776789900,4721.2,4723.075,4708.375,4711.27
1776790800,4711.29,4719.285,4701.22,4706.665
1776791700,4706.66,4708.825,4697.45,4700.1
1776792600,4700.09,4722.28,4697.16,4717.75
1776793500,4717.76,4718.71,4706.125,4711.28
1776794400,4711.185,4714.97,4703.985,4704.85
1776795300,4704.775,4705.16,4692.46,4696.735
1776796200,4696.745,4703.725,4696.71,4703.125
1776797100,4703.13,4714.185,4699.215,4709.555
1776798000,4709.59,4713.2,4704.275,4707.505
1776798900,4707.51,4715.06,4704.995,4714.265
1776799800,4714.27,4714.89,4668.62,4672.2
1776800700,4672.205,4685.87,4671.215,4679.48
1776801600,4679.47,4702.495,4669.175,4697.31
1776802500,4697.265,4711.465,4694.875,4705.89
1776803400,4705.865,4714.01,4705.505,4711.74
1776804300,4711.75,4721.25,4709.69,4720.685
1776808800,4726.085,4726.52,4718.43,4722.135
1776809700,4722.12,4722.24,4716.7,4719.295
1776810600,4719.305,4719.86,4716.425,4717.19
1776811500,4717.135,4720.215,4715.78,4719.63
1776812400,4719.565,4729.855,4718.145,4727.605
1776813300,4727.715,4733.225,4726.185,4730.12
1776814200,4730.145,4733.915,4729.04,4731.755
1776815100,4731.705,4740.66,4731.54,4738.14
1776816000,4738.375,4747.455,4738.375,4742.825
1776816900,4742.82,4746.12,4740.455,4742.655
1776817800,4742.685,4747.275,4741.63,4742.25
1776818700,4742.32,4746.84,4738.815,4740.02
1776819600,4739.96,4745.565,4735.875,4738.48
1776820500,4738.53,4749.19,4737.97,4746.5
1776821400,4746.435,4753.96,4746.42,4749.735
1776822300,4749.725,4754.745,4748.14,4752.27
1776823200,4752.36,4756.24,4750.155,4755.81
1776824100,4755.8,4758.4,4753.575,4755.85
1776825000,4755.865,4759.025,4751.535,4751.6
1776825900,4751.5,4757.23,4751.115,4755.845
1776826800,4755.84,4761.46,4753.17,4757.76
1776827700,4757.75,4763.385,4756.955,4763.1
1776828600,4763.105,4765.035,4756.94,4759.34
1776829500,4759.39,4760.91,4757.24,4758.26
1776830400,4758.275,4759.76,4756.675,4757.52
1776831300,4757.52,4757.855,4754.505,4755.855
1776832200,4755.865,4757.6,4752.855,4756.56
1776833100,4756.54,4759.55,4752.325,4754.665
1776834000,4754.715,4757.215,4752.32,4757.21
1776834900,4757.195,4771.77,4756.47,4766.23
1776835800,4766.31,4769.48,4763.92,4767.46
1776836700,4767.455,4772,4764.205,4767.83
1776837600,4767.74,4768,4758.775,4762.78
1776838500,4762.77,4767.235,4760.585,4766.995
1776839400,4766.875,4767.745,4763.81,4763.81
1776840300,4763.795,4768.015,4763.395,4767.905
1776841200,4767.9,4772.385,4765.36,4765.9
1776842100,4765.85,4768.16,4762.515,4766.04
1776843000,4766.035,4766.735,4762.22,4763.87
1776843900,4763.865,4764.565,4759.69,4760.68
1776844800,4760.705,4762.455,4757.94,4758.24
1776845700,4758.25,4760.125,4754.325,4754.355
1776846600,4754.37,4757.19,4751.98,4756.27
1776847500,4756.2,4758.695,4753.985,4757.19
1776848400,4757.085,4761.96,4756.835,4760.72
1776849300,4760.735,4761.93,4756.49,4756.595
1776850200,4756.6,4762.595,4755.285,4758.655
1776851100,4758.595,4759.365,4752.57,4755.335
1776852000,4755.41,4757.855,4745.89,4748.515
1776852900,4748.505,4756.22,4748.435,4754.855
1776853800,4754.84,4759.57,4753.805,4756.56
1776854700,4756.6,4760.415,4755.27,4759.435
1776855600,4759.465,4760.555,4756.465,4757.44
1776856500,4757.4,4760.985,4756.545,4757.45
1776857400,4757.445,4760.065,4748.575,4748.65
1776858300,4748.645,4753.485,4747.88,4750.515
1776859200,4750.52,4757.63,4749.73,4752.535
1776860100,4752.56,4760.305,4747.255,4753.335
1776861000,4753.34,4754.4,4745.62,4746.76
1776861900,4746.775,4748.59,4742.98,4744.54
1776862800,4744.555,4750.815,4739.31,4742.52
1776863700,4742.585,4750.35,4736.595,4750.275
1776864600,4750.305,4756.7,4742.13,4755.425
1776865500,4755.41,4760.99,4751.005,4752.99
1776866400,4752.88,4757.53,4742.475,4745.76
1776867300,4745.775,4750.78,4743.37,4744.095
1776868200,4744.275,4744.845,4729.99,4733.255
1776869100,4733.265,4739.845,4732.635,4736.11
1776870000,4736.14,4740.395,4734.435,4737.75
1776870900,4737.755,4737.775,4729.92,4735.215
1776871800,4735.22,4735.485,4726.1,4727.295
1776872700,4727.285,4731.61,4725.02,4727.68
1776873600,4727.81,4735.045,4725.73,4730.45
1776874500,4730.46,4730.585,4724.08,4727.22
1776875400,4727.225,4732.14,4723.995,4727.995
1776876300,4728.005,4730.825,4726.35,4728.62
1776877200,4728.615,4739.64,4728.56,4735.39
1776878100,4735.375,4737.735,4732.87,4735.155
1776879000,4735.15,4738.305,4734.385,4736.145
1776879900,4736.14,4738.49,4733.515,4737.36
1776880800,4737.31,4738.705,4735.03,4735.58
1776881700,4735.545,4735.985,4729.985,4730.325
1776882600,4730.29,4739.52,4730.15,4739.43
1776883500,4739.425,4750.2,4738.68,4741.81
1776884400,4741.8,4743.49,4737.075,4738.79
1776885300,4738.795,4745.595,4738.3,4744.565
1776886200,4744.73,4744.87,4738.68,4739.47
1776887100,4739.515,4742.095,4737.13,4740.39
1776888000,4740.375,4740.55,4734.93,4736.32
1776888900,4736.31,4737.93,4734.59,4737.115
1776889800,4737.12,4739.655,4736.27,4737.63
1776890700,4737.605,4740.965,4737.285,4740.455
1776895200,4741.96,4742.305,4736.22,4736.535
1776896100,4736.63,4738.41,4732.685,4732.935
1776897000,4733.01,4735.28,4729.78,4730.065
1776897900,4730.055,4732.08,4725.82,4726.07
1776898800,4726.12,4728.515,4723.645,4726.105
1776899700,4726.1,4730.005,4725.43,4728.515
1776900600,4728.52,4728.525,4723.91,4724.5
1776901500,4724.685,4729.27,4724.665,4727.88
1776902400,4727.89,4728.275,4698.72,4699.435
1776903300,4699.47,4742.37,4694.135,4741.425
1776904200,4741.445,4751.94,4741.035,4744.81
1776905100,4744.87,4754.2,4743.7,4747.765
1776906000,4747.755,4750.06,4736.135,4737.005
1776906900,4737,4738.79,4727.39,4728.29
1776907800,4728.425,4735.815,4726.275,4734.095
1776908700,4734.085,4737.145,4722.35,4723.555
1776909600,4723.54,4724.81,4706.675,4707.49
1776910500,4707.47,4718.44,4705.17,4713.94
1776911400,4714.07,4715.72,4700.465,4701.345
1776912300,4701.38,4707.45,4698.405,4699.095
1776913200,4699.025,4708.74,4698.39,4702.1
1776914100,4702.125,4705.99,4698.26,4703.31
1776915000,4703.36,4707.27,4701.285,4705
1776915900,4704.95,4707.645,4702.75,4704.1
1776916800,4704.03,4706.78,4700.87,4706.575
1776917700,4706.595,4707.225,4703.07,4705.79
1776918600,4705.77,4707.255,4701.78,4701.98
1776919500,4701.975,4704.625,4698.935,4704.49
1776920400,4704.55,4710.35,4703.48,4707.8
1776921300,4707.825,4709.51,4705.535,4705.935
1776922200,4706.07,4707.285,4692.485,4701.75
1776923100,4701.74,4715.36,4701.71,4713.625
1776924000,4713.655,4718.345,4710.745,4711.945
1776924900,4711.91,4714.425,4708.6,4712.205
1776925800,4712.2,4717.39,4709.265,4715.255
1776926700,4715.28,4721.57,4712.08,4713.115
1776927600,4713.095,4716.6,4707.615,4712.45
1776928500,4712.375,4713.98,4703.2,4706.06
1776929400,4706.045,4713.92,4703.685,4713.92
1776930300,4713.925,4720.59,4713.66,4719.275
1776931200,4719.28,4725.115,4717.675,4718.17
1776932100,4718.165,4722.11,4715.01,4715.4
1776933000,4715.645,4716.31,4703.625,4703.98
1776933900,4703.97,4707.745,4701.78,4703.45
1776934800,4703.385,4703.79,4694.91,4697.07
1776935700,4697.02,4703.15,4695.57,4700.925
1776936600,4700.905,4703.125,4699.05,4700.915
1776937500,4700.9,4702.16,4694.765,4697.825
1776938400,4697.83,4701.805,4685.33,4689.245
1776939300,4689.135,4692.625,4684.265,4686.82
1776940200,4686.825,4697.015,4684.405,4690.95
1776941100,4690.85,4697.515,4689.56,4696.82
1776942000,4696.84,4700.415,4695.575,4698
1776942900,4697.815,4703.41,4696.4,4699.245
1776943800,4699.245,4706.06,4696.61,4705.415
1776944700,4705.41,4721.065,4704.92,4720.925
1776945600,4720.935,4738.59,4719.905,4729.065
1776946500,4728.935,4735.025,4725.91,4733.21
1776947400,4733.2,4742.555,4733.04,4739.405
1776948300,4739.515,4743.2,4731.43,4740.125
1776949200,4740.115,4740.93,4723.95,4725.85
1776950100,4725.865,4730.9,4725.665,4727.6
1776951000,4727.405,4735.82,4724.625,4734.51
1776951900,4733.9,4741.23,4724.21,4724.435
1776952800,4724.44,4728.84,4717.185,4724.17
1776953700,4724.115,4736.065,4723.425,4731.615
1776954600,4731.555,4734.56,4725.94,4731.015
1776955500,4731.025,4736.69,4728.11,4733.705
1776956400,4733.755,4734.91,4726.92,4730.9
1776957300,4731,4741.205,4729.92,4733.59
1776958200,4733.62,4734.95,4728.13,4728.23
1776959100,4728.28,4728.68,4716.545,4720.65
1776960000,4720.685,4722.715,4715.76,4719.575
1776960900,4719.43,4725.22,4719.14,4723.34
1776961800,4723.36,4734.68,4722.71,4734.02
1776962700,4734.025,4737.275,4730.86,4733.055
1776963600,4733.095,4734.61,4705.97,4716.3
1776964500,4716.31,4718.145,4704.645,4706.585
1776965400,4706.55,4714.195,4673.255,4677.635
1776966300,4677.64,4711.195,4664.38,4709.665
1776967200,4709.69,4722.24,4708.065,4713.76
1776968100,4713.76,4716.835,4710.755,4716.705
1776969000,4716.695,4720.47,4707.37,4711.41
1776969900,4711.435,4712.155,4699.43,4701.045
1776970800,4701.06,4704.66,4692.8,4696.38
1776971700,4696.405,4702.715,4695.565,4700.17
1776972600,4700.215,4701.315,4689.56,4692.585
1776973500,4692.59,4700.075,4692.25,4696.08
1776974400,4696.125,4698.365,4690.55,4690.63
1776975300,4690.615,4692.8,4686.715,4689.49
1776976200,4689.535,4691.64,4688.335,4691.39
1776977100,4691.41,4694.645,4688.655,4694.09
1776981600,4695.935,4699.445,4694.995,4697.32
1776982500,4697.325,4697.48,4692.24,4692.885
1776983400,4692.92,4696.87,4691.015,4693.765
1776984300,4693.755,4694.7,4690.21,4693.5
1776985200,4693.495,4695.755,4689.495,4689.54
1776986100,4689.775,4694.78,4686.65,4694.565
1776987000,4694.72,4700.84,4693.555,4697.52
1776987900,4697.495,4699.595,4692.31,4695.445
1776988800,4695.485,4700.29,4690.965,4698.38
1776989700,4698.46,4705.945,4696.49,4705.795
1776990600,4705.79,4708.175,4701.3,4701.625
1776991500,4701.61,4705.99,4697.345,4704.69
1776992400,4704.68,4710.105,4696.125,4709.42
1776993300,4709.33,4711.23,4698.53,4698.535
1776994200,4698.53,4702.335,4690.43,4690.82
1776995100,4690.77,4700.785,4690.29,4699.4
1776996000,4699.415,4700.57,4690.275,4693.22
1776996900,4693.41,4696.445,4681.875,4683.985
1776997800,4684.045,4691.135,4680.27,4683.5
1776998700,4683.495,4684.26,4673.05,4676.955
1776999600,4676.96,4678.435,4668.68,4670.475
1777000500,4670.58,4678.195,4670.315,4674.63
1777001400,4674.635,4678.26,4672.93,4675.275
1777002300,4675.27,4677.045,4671.57,4672.38
1777003200,4672.37,4674.86,4667.46,4670.135
1777004100,4670.195,4671.005,4658.565,4659.485
1777005000,4659.53,4668.785,4658.03,4668.355
1777005900,4668.395,4676.98,4668.29,4674.485
1777006800,4674.55,4676.96,4669.755,4673.985
1777007700,4673.98,4678.66,4672.275,4676.64
1777008600,4676.595,4687.245,4676.55,4682.59
1777009500,4682.595,4686.915,4680.245,4686.555
1777010400,4686.56,4688.255,4680.765,4681.995
1777011300,4681.995,4682.13,4670.19,4671.675
1777012200,4671.69,4676.35,4669.995,4673.92
1777013100,4673.925,4676.55,4667.055,4671.975
1777014000,4671.895,4681.365,4671.085,4680.52
1777014900,4680.51,4685.09,4678.22,4684.52
1777015800,4684.48,4686.445,4682.315,4685.64
1777016700,4685.54,4695.45,4685.34,4694.49
1777017600,4694.51,4694.67,4686.43,4687.685
1777018500,4687.69,4697.55,4686.87,4687.98
1777019400,4688.02,4690.38,4685.25,4688.21
1777020300,4688.16,4693.2,4687.82,4690.915
1777021200,4690.925,4695.575,4689.88,4695.46
1777022100,4695.465,4696.76,4682.385,4683.47
1777023000,4683.46,4688.685,4679.35,4686.185
1777023900,4686.16,4687.095,4679.35,4682.33
1777024800,4682.28,4685.125,4681.105,4682.515
1777025700,4682.49,4686.33,4680.5,4682.5
1777026600,4682.54,4682.65,4674.88,4678.9
1777027500,4678.835,4680.855,4676.72,4677.935
1777028400,4677.93,4703.425,4677.88,4697.18
1777029300,4697.155,4717.14,4692.815,4715.29
1777030200,4715.285,4717.44,4705.12,4705.5
1777031100,4705.43,4708.34,4703.05,4706.87
1777032000,4706.855,4710.49,4703.515,4708.58
1777032900,4708.62,4712.025,4701.7,4710.58
1777033800,4710.47,4711.94,4698.63,4698.92
1777034700,4698.925,4701.03,4690.36,4700.64
1777035600,4700.71,4705.595,4696.025,4702.915
1777036500,4702.87,4705.285,4693.605,4697.165
1777037400,4697.14,4709.99,4689.665,4708.26
1777038300,4708.44,4717.485,4704.9,4711.835
1777039200,4711.585,4740.57,4706.92,4731.23
1777040100,4731.205,4733.99,4721.53,4725.535
1777041000,4725.555,4732.945,4723.64,4730.38
1777041900,4730.37,4731.31,4724.055,4726.435
1777042800,4726.485,4727.265,4718.94,4722.06
1777043700,4722.065,4726.44,4718.535,4721.975
1777044600,4721.985,4729.885,4715.125,4727.48
1777045500,4727.855,4733.425,4724.02,4727.12
1777046400,4727.04,4729.76,4720.36,4720.615
1777047300,4720.63,4726,4719.255,4723.5
1777048200,4723.545,4727.32,4719.345,4722.76
1777049100,4722.77,4727.855,4720.43,4726.98
1777050000,4726.99,4730.16,4725.835,4727.94
1777050900,4727.935,4729.505,4722.375,4722.965
1777051800,4722.91,4725.55,4719.17,4722.615
1777052700,4722.61,4728.065,4720.565,4723.35
1777053600,4723.375,4724.975,4720.05,4723.955
1777054500,4723.86,4724.51,4717.195,4717.205
1777055400,4717.2,4720.675,4717.015,4719.04
1777056300,4719.015,4723.385,4717.965,4722.91
1777057200,4722.94,4726.17,4721.025,4722.48
1777058100,4722.495,4723.43,4717.61,4719.27
1777059000,4719.28,4720.85,4716.11,4716.88
1777059900,4716.665,4718.8,4713.785,4716.395
1777060800,4716.405,4717.595,4705.465,4706.875
1777061700,4706.895,4709.785,4705.525,4708.3
1777062600,4708.29,4708.955,4705.49,4707.76
1777063500,4707.77,4710.67,4706.71,4709.75
1777240800,4696.875,4697.365,4680.28,4685.505
1777241700,4685.79,4688.725,4683.065,4686.83
1777242600,4686.81,4686.81,4682.155,4684.625
1777243500,4684.615,4686.085,4681.805,4684.6
1777244400,4684.54,4685.02,4677.68,4683.785
1777245300,4683.8,4684.66,4677.33,4677.46
1777246200,4677.25,4680.225,4675.21,4677.185
1777247100,4677.18,4682.53,4677.18,4680.235
1777248000,4680.22,4681.185,4672.405,4679.92
1777248900,4680.055,4682.5,4677.75,4680.91
1777249800,4680.98,4681.68,4676.85,4680.61
1777250700,4680.605,4698.535,4680.6,4697.94
1777251600,4697.9,4710.08,4692.2,4692.91
1777252500,4692.88,4698.885,4691.07,4698.075
1777253400,4698.09,4701.105,4695.62,4697.9
1777254300,4697.885,4706.745,4697.685,4702.77
1777255200,4702.815,4706.825,4696.38,4699.71
1777256100,4699.62,4708.53,4699.11,4705.8
1777257000,4705.74,4714.435,4704.45,4713.465
1777257900,4713.46,4723.54,4712.25,4718.29
1777258800,4718.26,4722.165,4716.36,4717.98
1777259700,4717.96,4718.64,4714.535,4715.82
1777260600,4715.87,4729.63,4715.55,4728.45
1777261500,4728.5,4728.84,4722.61,4724.23
1777262400,4724.17,4728.09,4723.94,4727.59
1777263300,4727.84,4728.26,4724.86,4726.86
1777264200,4726.885,4729.965,4725.295,4726.175
1777265100,4726.175,4726.525,4722.615,4725
1777266000,4725.01,4725.59,4718.24,4718.5
1777266900,4718.425,4720.04,4716.21,4718.27
1777267800,4718.22,4718.43,4709.18,4711.95
1777268700,4711.925,4713.72,4708.985,4710.325
1777269600,4710.315,4715.895,4709.54,4714.7
1777270500,4714.715,4715.685,4711.325,4714.67
1777271400,4714.635,4714.74,4709.44,4710.89
1777272300,4710.88,4715.525,4710.12,4712.78
1777273200,4712.785,4718.2,4711.065,4717.145
1777274100,4717.13,4718.46,4712.565,4716.165
1777275000,4716.17,4717.46,4713.655,4714.745
1777275900,4714.735,4716.83,4710.16,4713.5
1777276800,4713.42,4714.49,4710.195,4711.11
1777277700,4711.125,4714.245,4709.51,4710.87
1777278600,4710.88,4712.1,4705.595,4712.05
1777279500,4712.055,4714.94,4705.745,4706.795
1777280400,4706.79,4708.365,4702.6,4705.29
1777281300,4705.285,4706.905,4701.415,4702.35
1777282200,4702.3,4705.475,4699.3,4704.71
1777283100,4704.65,4704.72,4699.62,4703.77
1777284000,4703.78,4707.035,4701.72,4702.08
1777284900,4701.99,4705.91,4699.675,4705.345
1777285800,4705.325,4710.8,4704.72,4709.27
1777286700,4709.33,4711.075,4707.215,4708.76
1777287600,4708.795,4709.145,4704.05,4704.15
1777288500,4704.1,4707.11,4700.345,4705.31
1777289400,4705.375,4708.765,4700.355,4702.78
1777290300,4702.755,4705.54,4701.06,4705.12
1777291200,4705.135,4709.44,4702.565,4709.195
1777292100,4709.2,4712.655,4701.9,4707.27
1777293000,4707.275,4707.965,4697.24,4699.095
1777293900,4699.05,4704.455,4697.12,4699.43
1777294800,4699.405,4700.79,4693.465,4696.05
1777295700,4695.99,4703.68,4695.76,4700.15
1777296600,4700.145,4702.745,4689.125,4693.48
1777297500,4693.53,4697.545,4689.525,4696.225
1777298400,4696.24,4696.555,4688.005,4692.79
1777299300,4692.785,4696.79,4686.375,4688.94
1777300200,4688.935,4696.84,4683.71,4693.465
1777301100,4693.47,4694.125,4676.715,4678.24
1777302000,4678.255,4679.535,4667.335,4674.705
1777302900,4674.73,4681.28,4672.1,4681.28
1777303800,4681.235,4682.755,4676.885,4677.5
1777304700,4677.485,4678,4667.81,4670.235
1777305600,4670.24,4675.095,4667.425,4674.785
1777306500,4674.77,4677.88,4673.695,4676.37
1777307400,4676.34,4679.715,4674.52,4675.095
1777308300,4675.1,4678.235,4674.88,4676.895
1777309200,4676.915,4678.595,4671.77,4673.925
1777310100,4673.935,4680.07,4668.44,4679.9
1777311000,4679.89,4686.305,4679.55,4683.355
1777311900,4683.405,4684.585,4681.11,4682.24
1777312800,4682.245,4682.86,4679.06,4681.47
1777313700,4681.48,4685.585,4680.735,4684.13
1777314600,4684.125,4685.48,4682.62,4682.795
1777315500,4682.785,4685.085,4680.735,4680.735
1777316400,4680.715,4681.415,4678.675,4680.485
1777317300,4680.48,4682.765,4679.95,4682.235
1777318200,4682.24,4682.45,4676.74,4680.105
1777319100,4680.07,4681.54,4678.475,4680.915
1777320000,4680.91,4681.58,4677.55,4679.235
1777320900,4679.24,4680.915,4678.72,4679.775
1777321800,4679.79,4680.585,4678.895,4680.245
1777322700,4680.235,4681.955,4678.525,4681.955
1777327200,4682.585,4691.32,4682.385,4689.26
1777328100,4689.265,4689.825,4686.895,4688.97
1777329000,4689.02,4689.74,4686.36,4687.35
1777329900,4687.375,4688.055,4686.215,4687.87
1777330800,4687.835,4689.91,4687.195,4689.735
1777331700,4689.685,4691.8,4689.64,4691.01
1777332600,4691.005,4694.705,4690.81,4694.39
1777333500,4694.445,4694.945,4692.04,4692.06
1777334400,4692.195,4701.64,4691.92,4697.98
1777335300,4697.89,4699.515,4692.22,4695.2
1777336200,4695.225,4695.515,4691.705,4693.72
1777337100,4693.8,4694.745,4690.64,4690.835
1777338000,4690.82,4691.225,4684.82,4688.35
1777338900,4688.05,4690.93,4686.04,4687.875
1777339800,4687.88,4691.75,4684.235,4687.42
1777340700,4687.43,4687.84,4669.475,4670.76
1777341600,4670.85,4678.245,4666.6,4677.55
1777342500,4677.535,4680.015,4674.835,4675.83
1777343400,4675.84,4675.865,4670.81,4671.27
1777344300,4671.265,4671.51,4666.68,4669.17
1777345200,4669.265,4674.315,4668.59,4672.98
1777346100,4672.925,4676.255,4671.4,4674.94
1777347000,4674.99,4675.47,4671.825,4672.08
1777347900,4672.035,4672.795,4669.475,4671.155
1777348800,4671.07,4671.41,4666.95,4669.84
1777349700,4669.77,4669.83,4666.755,4667.465
1777350600,4667.46,4669.985,4666.96,4669.925
1777351500,4669.895,4670.115,4667.355,4667.73
1777352400,4667.84,4668.08,4648.425,4652.64
1777353300,4652.655,4659.575,4651.405,4658.55
1777354200,4658.52,4658.84,4624.345,4624.85
1777355100,4624.9,4634.43,4624.08,4632.39
1777356000,4632.34,4643.13,4626.125,4640.71
1777356900,4640.66,4641.135,4623.615,4631.73
1777357800,4631.68,4634.955,4625.355,4629.87
1777358700,4629.81,4631.965,4623.545,4629.06
1777359600,4629.035,4639.5,4627.535,4634.33
1777360500,4634.315,4635.01,4627.225,4629.96
1777361400,4629.965,4635.405,4626.03,4629.39
1777362300,4629.435,4633.87,4620.655,4633.015
1777363200,4633.025,4633.59,4614.75,4620.46
1777364100,4620.49,4627.155,4619.215,4627.045
1777365000,4626.975,4635.585,4626.575,4628.44
1777365900,4628.32,4630.79,4625.31,4629.77
1777366800,4629.73,4630.12,4621.82,4625.54
1777367700,4625.49,4626.17,4613.06,4618.54
1777368600,4618.54,4619.39,4608.2,4613.945
1777369500,4613.935,4615.47,4604.675,4604.755
1777370400,4604.68,4613.87,4604.385,4612.82
1777371300,4612.695,4616.78,4610.96,4611.755
1777372200,4611.745,4616.14,4611.185,4613.32
1777373100,4613.31,4615.885,4603.365,4603.41
1777374000,4603.405,4608.95,4597.99,4598.845
1777374900,4598.77,4604.4,4594.295,4599.595
1777375800,4599.565,4600.13,4568.335,4572.36
1777376700,4572.35,4574.275,4555.635,4562.795
1777377600,4562.895,4581.86,4555.135,4581.785
1777378500,4581.8,4598.275,4573.84,4580.115
1777379400,4580.075,4588.685,4570.875,4587.165
1777380300,4587.18,4600.3,4584.37,4593.935
1777381200,4593.905,4594.85,4571.31,4576.47
1777382100,4576.475,4584.56,4572.365,4581.585
1777383000,4581.56,4591.695,4570.86,4582.055
1777383900,4582.01,4592.755,4574.875,4580.71
1777384800,4580.645,4580.88,4564.89,4568.44
1777385700,4568.455,4578.035,4563.76,4571.64
1777386600,4571.645,4578.24,4557.36,4564.335
1777387500,4564.33,4575.025,4557.45,4574.645
1777388400,4574.655,4582.1,4570.565,4572.705
1777389300,4572.695,4577.44,4566.995,4577.03
1777390200,4576.975,4581.545,4571.105,4578.01
1777391100,4577.925,4586.73,4576.83,4586.625
1777392000,4586.63,4586.95,4582.435,4585.375
1777392900,4585.445,4585.85,4577.915,4582.96
1777393800,4582.97,4586.88,4580.67,4584.98
1777394700,4585.055,4594.93,4583.81,4592.24
1777395600,4592.255,4594.87,4588.605,4593.745
1777396500,4593.74,4597.355,4587.28,4593.73
1777397400,4593.745,4601.51,4593.745,4599.175
1777398300,4599.17,4600.59,4594.16,4594.945
1777399200,4594.965,4598.695,4592.225,4596.005
1777400100,4596.02,4600.655,4595.985,4599.07
1777401000,4599.13,4599.68,4593.605,4597.79
1777401900,4597.81,4598.93,4593.22,4594.415
1777402800,4594.43,4598.925,4594.03,4595.775
1777403700,4595.845,4597.265,4593.795,4596.505
1777404600,4596.495,4600.18,4594.845,4598.635
1777405500,4598.68,4599.39,4593.415,4595.695
1777406400,4595.565,4598.65,4594.975,4597.525
1777407300,4597.575,4598.23,4591.275,4593.02
1777408200,4593.07,4595.545,4592.51,4593.51
1777409100,4593.515,4597.425,4592.975,4596.8
1777413600,4598.745,4598.745,4594.24,4596.355
1777414500,4596.36,4597.215,4595.05,4595.83
1777415400,4595.825,4597.255,4593.03,4593.705
1777416300,4593.665,4595.37,4592.38,4594.17
1777417200,4594.175,4594.52,4589.34,4590.95
1777418100,4590.945,4592.72,4590.245,4592.33
1777419000,4592.335,4593.59,4588.095,4590.02
1777419900,4590.275,4596.27,4588.77,4595.75
1777420800,4595.755,4610.535,4594.995,4607.5
1777421700,4607.55,4607.92,4598.86,4600.2
1777422600,4600.24,4604.97,4599.52,4603.82
1777423500,4603.88,4604.19,4596.125,4600.52
1777424400,4600.53,4600.765,4575.72,4582.69
1777425300,4582.67,4586.74,4579.47,4580.78
1777426200,4580.785,4591.72,4579.265,4590.545
1777427100,4590.545,4591.555,4580.525,4585.015
1777428000,4585.04,4602.625,4585.02,4601.135
1777428900,4601.13,4604.32,4597.985,4599.095
1777429800,4599.145,4601.815,4595.72,4597.215
1777430700,4597.2,4601.23,4592.27,4593.71
1777431600,4593.715,4603.285,4592.92,4601.96
1777432500,4602.01,4603.415,4597.085,4598.725
1777433400,4598.7,4598.7,4592.585,4594.06
1777434300,4594.055,4596.785,4592.395,4595.71
1777435200,4595.725,4603.72,4595.48,4600.995
1777436100,4601.045,4602.125,4597.285,4601.83
1777437000,4601.83,4605.835,4601.71,4602.14
1777437900,4602.135,4605.705,4602.135,4604.825
1777438800,4604.81,4607.725,4600.39,4601.32
1777439700,4601.315,4603,4598.695,4600.61
1777440600,4600.635,4601.585,4594.18,4599.02
1777441500,4599.205,4603.325,4590.775,4591.15
1777442400,4591.105,4598.87,4587.24,4588.69
1777443300,4588.72,4589.545,4581.42,4585.22
1777444200,4585.27,4587.795,4580.925,4585.15
1777445100,4585.195,4587.145,4581.405,4584.665
1777446000,4584.69,4589.005,4576.885,4578.925
1777446900,4578.93,4581.465,4569.52,4575.065
1777447800,4575.075,4578.77,4569.09,4570.46
1777448700,4570.475,4572.705,4567.37,4567.93
1777449600,4567.96,4573.425,4564.665,4565.475
1777450500,4565.49,4571.44,4565.49,4566.16
1777451400,4566.115,4568.945,4557.385,4568.315
1777452300,4568.31,4576.995,4568.255,4573.43
1777453200,4573.415,4575.78,4570.56,4573.76
1777454100,4573.74,4580.75,4565.74,4565.77
1777455000,4565.775,4569.725,4558.82,4559.1
1777455900,4559.125,4562.29,4551.675,4555.78
1777456800,4555.775,4568.285,4555.06,4568.015
1777457700,4568.095,4573.385,4568.09,4571.905
1777458600,4571.985,4576.535,4566.16,4566.435
1777459500,4566.445,4570.765,4563.975,4569.95
1777460400,4569.945,4572.2,4565.445,4568.005
1777461300,4567.995,4570.33,4564.265,4564.97
1777462200,4564.935,4571.895,4563.73,4567.225
1777463100,4567.22,4567.22,4559.25,4561.695
1777464000,4561.675,4568.42,4560.72,4564.68
1777464900,4564.7,4569.155,4559.315,4559.555
1777465800,4559.52,4559.86,4551.06,4557.625
1777466700,4557.58,4560.21,4541.705,4544.945
1777467600,4544.91,4553.65,4544.91,4549.865
1777468500,4549.86,4551.635,4534.64,4537.75
1777469400,4537.745,4539.495,4513.785,4514.82
1777470300,4514.805,4530.275,4510.095,4521.73
1777471200,4521.665,4528.555,4517.945,4526.14
1777472100,4526.185,4537.675,4524.465,4533.41
1777473000,4533.43,4542.815,4531.055,4538.915
1777473900,4538.965,4540.665,4532.135,4539.455
1777474800,4539.385,4547.08,4536.485,4538.2
1777475700,4538.21,4546.735,4536.3,4543.635
1777476600,4543.665,4556.34,4540.375,4553.225
1777477500,4553.15,4558.995,4542.2,4547.77
1777478400,4547.765,4564.985,4547.04,4559.28
1777479300,4559.26,4564.24,4557.195,4560.23
1777480200,4560.37,4560.37,4545.665,4550.605
1777481100,4550.61,4551.71,4543.32,4545.565
1777482000,4545.6,4552.32,4542.85,4550.77
1777482900,4550.72,4554.625,4546.035,4547.35
1777483800,4547.33,4548.72,4542.895,4544.95
1777484700,4544.93,4547.83,4541.79,4547.83
1777485600,4547.84,4553.05,4525.31,4525.65
1777486500,4525.715,4540.045,4525.16,4533.06
1777487400,4533.07,4540.975,4520.65,4520.74
1777488300,4520.725,4541.275,4518.335,4538.24
1777489200,4538.255,4549.02,4533.34,4547.91
1777490100,4547.815,4550.855,4541.36,4543.015
1777491000,4543.04,4545.28,4537.75,4539.72
1777491900,4539.775,4550.02,4539.495,4546.93
1777492800,4546.94,4553.855,4542.695,4546.8
1777493700,4546.795,4548.195,4541.55,4543.25
1777494600,4543.315,4546.785,4542.4,4543.765
1777495500,4543.755,4544.79,4541.585,4543.715
1777500000,4540.13,4548.925,4539.685,4546.825
1777500900,4546.64,4550.955,4546.525,4549.21
1777501800,4549.2,4552.19,4547.58,4548.485
1777502700,4548.46,4552.805,4547.865,4552.2
1777503600,4552.185,4554.155,4550.635,4553.485
1777504500,4553.465,4555.205,4549.525,4551.685
1777505400,4551.68,4555.015,4551.425,4554.555
1777506300,4554.62,4561.945,4554.045,4561.685
1777507200,4561.725,4568.745,4557.825,4558.075
1777508100,4558.08,4564.61,4556.485,4563.655
1777509000,4563.66,4567.185,4562.24,4567.125
1777509900,4567.165,4574.245,4566.805,4569.99
1777510800,4569.92,4571.51,4564.76,4568.56
1777511700,4568.7,4581.135,4565.98,4579.685
1777512600,4579.69,4581.3,4570.76,4576.26
1777513500,4576.24,4582.585,4574.14,4579.085
1777514400,4579.08,4582.035,4574.815,4579.77
1777515300,4579.72,4581.005,4572.125,4573.395
1777516200,4573.255,4574.41,4560.395,4562.675
1777517100,4562.65,4565.46,4559.94,4565.085
1777518000,4564.8,4569.24,4562.785,4565.24
1777518900,4565.26,4566.985,4562.92,4563.305
1777519800,4563.32,4563.98,4557.88,4561.735
1777520700,4561.655,4561.745,4555.79,4556.07
1777521600,4556.08,4556.685,4551,4555.45
1777522500,4555.4,4557.09,4545.74,4547.12
1777523400,4547.125,4547.6,4540.925,4544.82
1777524300,4544.91,4549.6,4541.955,4542.05
1777525200,4542.06,4553.62,4541.965,4553.29
1777526100,4553.35,4559.22,4552.1,4555.87
1777527000,4555.81,4567.03,4554,4564.215
1777527900,4564.215,4569.87,4562.33,4562.69
1777528800,4562.74,4568.015,4560.1,4566.06
1777529700,4566.045,4571.26,4563.57,4569.63
1777530600,4569.685,4578.525,4569.685,4575.3
1777531500,4575.315,4591.59,4574.8,4589.66
1777532400,4589.7,4595.83,4586.255,4591.75
1777533300,4591.735,4593.67,4584.885,4591.605
1777534200,4591.52,4598.01,4588.13,4596.85
1777535100,4596.8,4605.645,4593.545,4598.44
1777536000,4598.48,4629.76,4597.46,4618.795
1777536900,4618.775,4620.565,4612.095,4617.465
1777537800,4617.535,4620.9,4613.74,4615.065
1777538700,4615.14,4619.49,4614.275,4616.36
1777539600,4616.35,4620.19,4614.29,4618.83
1777540500,4619.005,4626.955,4615.57,4625.795
1777541400,4625.65,4631.93,4618.555,4619.285
1777542300,4619.28,4627.2,4618.31,4625.23
1777543200,4625.195,4629.265,4623.705,4626.745
1777544100,4626.97,4644.2,4626.185,4643.86
1777545000,4643.87,4647.045,4634.275,4636.625
1777545900,4636.615,4639.9,4634.05,4639.755
1777546800,4639.78,4645.96,4636.005,4636.035
1777547700,4636.06,4643.79,4630.61,4637.88
1777548600,4637.885,4638.06,4627.08,4629.96
1777549500,4629.96,4635.44,4628.22,4630.26
1777550400,4630.345,4637.665,4629.605,4635.8
1777551300,4635.805,4637.81,4628.66,4629.6
1777552200,4629.595,4636.6,4624.75,4625.97
1777553100,4625.975,4640.14,4624.79,4639.61
1777554000,4639.66,4644.26,4634.68,4641.065
1777554900,4641.09,4645.905,4633.005,4633.63
1777555800,4633.535,4634.77,4620.305,4625.485
1777556700,4625.5,4625.535,4610.82,4611.185
1777557600,4611.24,4625.845,4609.5,4620.57
1777558500,4620.575,4625.985,4616.185,4623.095
1777559400,4623.055,4623.065,4610.86,4617.68
1777560300,4617.7,4624.095,4617.09,4619.62
1777561200,4619.615,4624.22,4614.93,4620.155
1777562100,4620.19,4624.74,4615.795,4623.19
1777563000,4623.185,4625.57,4613.53,4615.67
1777563900,4615.65,4617.375,4611.33,4615.3
1777564800,4615.295,4617.45,4610.16,4611.675
1777565700,4611.665,4611.895,4605.64,4608.03
1777566600,4608.025,4613.81,4607.15,4609.27
1777567500,4609.185,4617.885,4605.48,4607.745
1777568400,4607.71,4619.99,4607.7,4615.955
1777569300,4615.98,4620.875,4613.01,4617.815
1777570200,4617.66,4621.765,4615.09,4618.065
1777571100,4618.07,4620.055,4615.39,4616.895
1777572000,4616.91,4624.485,4616.73,4620.695
1777572900,4620.705,4625.36,4620.005,4620.87
1777573800,4620.88,4623.33,4619.195,4620.745
1777574700,4620.74,4625.06,4620.175,4622.635
1777575600,4622.645,4627.415,4622.28,4624.32
1777576500,4624.325,4625.545,4617.06,4617.83
1777577400,4617.89,4623.06,4615.26,4622.71
1777578300,4622.73,4623.315,4614.655,4617.17
1777579200,4617.18,4620.53,4615.945,4616.405
1777580100,4616.43,4619.625,4615.79,4616.585
1777581000,4616.54,4618.715,4615.435,4617.555
1777581900,4617.565,4622.07,4616.99,4622.065
1777586400,4629.515,4632.99,4626.555,4631.47
1777587300,4631.485,4631.63,4628.915,4631.44
1777588200,4631.5,4632.535,4626.9,4632.51
1777589100,4632.52,4632.52,4628.5,4630.265
1777590000,4630.26,4631.885,4628.405,4630.32
1777590900,4630.31,4632.35,4629.26,4630.935
1777591800,4630.95,4634.145,4630.81,4631.43
1777592700,4631.305,4633.39,4626.585,4626.685
1777593600,4626.655,4631.365,4620.955,4622.71
1777594500,4622.705,4628.705,4621.17,4623.905
1777595400,4623.84,4625.345,4618.635,4620.945
1777596300,4621.01,4625.215,4619.665,4619.93
1777597200,4619.915,4621.22,4615.79,4618.68
1777598100,4618.66,4619.29,4614.15,4616.51
1777599000,4616.515,4622.19,4616.225,4620.235
1777599900,4620.245,4622.435,4618.935,4621.02
1777600800,4620.905,4634.74,4619.89,4630.835
1777601700,4630.845,4635.94,4628.585,4629.335
1777602600,4629.385,4631.045,4624.16,4624.57
1777603500,4624.555,4624.77,4616.655,4619.215
1777604400,4619.155,4621.7,4617.875,4620.905
1777605300,4620.965,4626.76,4620.76,4626.38
1777606200,4626.37,4632.11,4625.46,4626.185
1777607100,4626.2,4628.115,4625.665,4626.735
1777608000,4626.74,4628.865,4620.055,4621.82
1777608900,4621.835,4623.56,4617.275,4617.675
1777609800,4617.685,4618.235,4612.425,4613.76
1777610700,4613.715,4614.86,4609.2,4609.265
1777611600,4609.255,4615.06,4607.795,4614.235
1777612500,4614.205,4616.2,4611.68,4614.73
1777613400,4614.73,4615.43,4609.54,4609.94
1777614300,4609.895,4613.665,4602.985,4605.18
1777615200,4605.235,4608.095,4601.045,4601.59
1777616100,4601.575,4602.07,4593.305,4593.57
1777617000,4593.575,4597.76,4590.86,4593.41
1777617900,4593.435,4596.15,4591.28,4594.925
1777618800,4594.885,4596.66,4589.985,4595.955
1777619700,4595.95,4598.165,4585.395,4592.59
1777620600,4592.635,4592.775,4583.79,4585.555
1777621500,4585.56,4586.135,4575.875,4578.25
1777622400,4578.245,4582.52,4573.145,4574.015
1777623300,4574.025,4577.06,4566.635,4567.51
1777624200,4567.5,4572.37,4566.305,4571.42
1777625100,4571.39,4572.91,4565.16,4569.225
1777626000,4569.2,4569.365,4564.485,4565.935
1777626900,4565.92,4571.46,4564.8,4569.43
1777627800,4569.365,4573.13,4567.71,4570.525
1777628700,4570.535,4570.965,4560.32,4563.035
1777629600,4563.04,4568.23,4561.595,4566.89
1777630500,4566.885,4572.875,4566.68,4572.28
1777631400,4572.15,4576.105,4567.55,4570.61
1777632300,4570.605,4572.335,4566.27,4567.055
1777633200,4567.01,4569.08,4562.515,4566.115
1777634100,4566.01,4576.585,4564.72,4572
1777635000,4571.91,4578.01,4570.48,4575.895
1777635900,4575.905,4579.665,4572.92,4578.865
1777636800,4578.81,4590.76,4575.11,4584.81
1777637700,4584.8,4607.875,4583.035,4602.92
1777638600,4602.935,4603.27,4589.03,4591.91
1777639500,4591.945,4595.63,4589.875,4591.435
1777640400,4591.43,4597.495,4589.955,4591.515
1777641300,4591.48,4593.385,4586.895,4589.445
1777642200,4589.435,4609,4586.695,4608.145
1777643100,4608.195,4628.905,4598.99,4625.77
1777644000,4625.67,4660.18,4625.16,4656.23
1777644900,4656.165,4660.585,4643.875,4644.71
1777645800,4644.795,4646.405,4630.48,4633.32
1777646700,4633.375,4635.68,4627.33,4632.31
1777647600,4632.325,4636.835,4619.1,4636.68
1777648500,4636.75,4640.9,4634.255,4636.73
1777649400,4636.74,4644.905,4635.54,4643.81
1777650300,4643.815,4648.195,4633.225,4643.25
1777651200,4643.2,4645.625,4638.15,4642.645
1777652100,4642.64,4650.035,4637.83,4637.97
1777653000,4637.975,4641.455,4633.99,4638.785
1777653900,4638.775,4642.94,4636.64,4638.81
1777654800,4638.815,4642.785,4637.66,4639.85
1777655700,4639.87,4640.2,4631.055,4631.74
1777656600,4631.72,4632.415,4626.785,4628.095
1777657500,4627.995,4635.12,4627.27,4629.49
1777658400,4629.495,4630.725,4615.69,4615.935
1777659300,4615.875,4623.735,4613.855,4623.19
1777660200,4623.18,4624.63,4616.085,4622.225
1777661100,4622.23,4626.01,4619.91,4624.385
1777662000,4624.46,4626.55,4620.605,4626.215
1777662900,4626.205,4627.69,4624.43,4624.455
1777663800,4624.5,4624.81,4611.375,4611.895
1777664700,4611.88,4615.45,4609.015,4610.92
1777665600,4610.905,4612.82,4607.22,4611.5
1777666500,4611.555,4616.225,4609.955,4613.43
1777667400,4613.44,4615.145,4610.265,4613.905
1777668300,4613.925,4617.805,4612.7,4613.835
1777845600,4625.35,4627.06,4619.255,4623.36
1777846500,4623.295,4623.295,4612.66,4620.925
1777847400,4620.91,4629.465,4620.13,4628.225
1777848300,4628.21,4629.245,4618.4,4619
1777849200,4618.985,4621,4611.405,4615.18
1777850100,4615.185,4617.63,4613.3,4617.205
1777851000,4617.185,4618.55,4613.065,4613.915
1777851900,4613.885,4617.075,4611.805,4613.965
1777852800,4613.96,4616.685,4604.705,4612.2
1777853700,4612.21,4614.77,4601.825,4606.11
1777854600,4606.13,4610.145,4605.13,4605.87
1777855500,4606.045,4613.585,4604.935,4613.17
1777856400,4613.125,4614.165,4596.18,4600.685
1777857300,4600.73,4604.635,4594.27,4594.91
1777858200,4594.905,4601.785,4592.965,4601.62
1777859100,4601.595,4613.965,4601.065,4613.255
1777860000,4613.26,4618.825,4603.645,4608.425
1777860900,4608.365,4608.365,4591.6,4593.19
1777861800,4593.115,4604.26,4591.11,4604.045
1777862700,4604.13,4611.325,4601.37,4606.065
1777863600,4606.04,4611.975,4604.57,4610.215
1777864500,4610.26,4611.055,4608.265,4609.69
1777865400,4609.53,4611.36,4598.63,4605.215
1777866300,4605.23,4617.34,4605.23,4615.315
1777867200,4615.28,4615.7,4607.92,4611.485
1777868100,4611.48,4613.405,4607.26,4608.145
1777869000,4608.175,4613.06,4607.295,4609.355
1777869900,4609.34,4610.725,4605.36,4606.205
1777870800,4606.19,4606.96,4602.075,4604.08
1777871700,4604.075,4613.16,4595.925,4596.67
1777872600,4596.705,4599.12,4592.365,4599.02
1777873500,4599.065,4602.095,4594.375,4598.92
1777874400,4598.915,4600.76,4587.78,4597.59
1777875300,4597.545,4597.915,4589.095,4594.08
1777876200,4594.26,4595.71,4584.435,4585.7
1777877100,4585.705,4592.64,4583.95,4588.97
1777878000,4588.95,4593.565,4585.83,4592.095
1777878900,4592.02,4592.88,4583.57,4585.96
1777879800,4586.005,4588.35,4582.92,4588.285
1777880700,4588.295,4591.055,4578.215,4579.255
1777881600,4579.245,4581.055,4574.325,4580.385
1777882500,4580.39,4581.365,4574.05,4575.025
1777883400,4574.955,4581.625,4573.85,4578.215
1777884300,4578.285,4580.015,4575.88,4577.27
1777885200,4577.245,4584.515,4576.33,4584.29
1777886100,4584.31,4584.825,4580.525,4581.365
1777887000,4581.39,4584.705,4580.51,4581.36
1777887900,4581.4,4582.485,4572.095,4575.64
1777888800,4575.645,4576.03,4537.52,4541.855
1777889700,4541.815,4545.23,4526.09,4545.03
1777890600,4545.045,4564.31,4543.16,4558.605
1777891500,4558.5,4567.07,4558.25,4562.575
1777892400,4562.545,4570.91,4561.12,4565.26
1777893300,4565.35,4570.24,4561.77,4562.255
1777894200,4562.205,4562.985,4551.515,4553.715
1777895100,4553.72,4563.555,4552.985,4560.515
1777896000,4560.395,4565.98,4559.295,4563.795
1777896900,4563.845,4579.44,4563.4,4568.81
1777897800,4568.805,4572.02,4561.32,4570.3
1777898700,4570.33,4576.46,4566.71,4568.49
1777899600,4568.525,4575.945,4557.475,4566.1
1777900500,4566.095,4567.77,4561.125,4561.225
1777901400,4561.285,4571.08,4555.205,4565.565
1777902300,4565.49,4567.21,4557.455,4564.14
1777903200,4564.16,4565.97,4553.44,4560.315
1777904100,4560.37,4582.59,4559.305,4571.345
1777905000,4571.365,4583.38,4570.05,4574.485
1777905900,4574.48,4576.935,4559.815,4561.625
1777906800,4561.74,4566.2,4548.215,4548.675
1777907700,4548.635,4555.895,4514.78,4538.25
1777908600,4538.29,4543.065,4527.475,4535.13
1777909500,4535.125,4535.235,4513.635,4521.83
1777910400,4521.775,4525.76,4501.035,4509.705
1777911300,4509.7,4527.045,4508.73,4514.92
1777912200,4514.915,4518.95,4511.55,4512.62
1777913100,4512.6,4516.095,4507.5,4510.695
1777914000,4510.74,4526.32,4510.74,4522.575
1777914900,4522.57,4531.715,4521.765,4524.45
1777915800,4524.35,4527.63,4521.665,4526.015
1777916700,4526.035,4526.85,4521.765,4522.48
1777917600,4522.525,4525.4,4518.685,4519.905
1777918500,4519.88,4520.2,4509.96,4512.035
1777919400,4512.01,4515.195,4510.725,4512.04
1777920300,4512.075,4516.5,4510.985,4516.4
1777921200,4516.345,4523.445,4511.425,4519.005
1777922100,4519,4526.145,4517.605,4522.445
1777923000,4522.45,4527.265,4520.635,4521.11
1777923900,4521.12,4523.46,4515.415,4517.89
1777924800,4517.84,4518.375,4512.06,4514.845
1777925700,4514.77,4515.675,4512.005,4515.31
1777926600,4515.26,4519.11,4514.78,4518.94
1777927500,4518.89,4524.175,4518.88,4524.115
1777932000,4520.775,4522.92,4517.55,4521.215
1777932900,4521.21,4522.785,4519.295,4519.705
1777933800,4519.735,4522.1,4518.795,4519.065
1777934700,4519.08,4519.235,4515.59,4517.395
1777935600,4517.39,4520.99,4516.125,4520.39
1777936500,4520.34,4521.59,4519.105,4521.1
1777937400,4521,4521.46,4518.42,4518.565
1777938300,4518.57,4520.72,4517.42,4519.155
1777939200,4519.2,4528.61,4517.735,4527.975
1777940100,4527.985,4527.985,4513.655,4517.14
1777941000,4517.055,4524.25,4516.09,4523.89
1777941900,4523.94,4530.475,4523.94,4529.755
1777942800,4529.63,4539.74,4525.47,4538.92
1777943700,4538.83,4540.115,4535.245,4537.83
1777944600,4537.815,4542.13,4534.165,4537.065
1777945500,4537.09,4541.39,4536.32,4541.04
1777946400,4541.145,4542.64,4537.4,4538.66
1777947300,4538.75,4542.005,4534.775,4541.75
1777948200,4541.755,4546.115,4540.245,4544.65
1777949100,4544.665,4546.94,4538.785,4538.955
1777950000,4538.875,4542.31,4537.675,4542.16
1777950900,4542.415,4542.82,4537.33,4538.085
1777951800,4538.07,4539.355,4535.72,4536.21
1777952700,4536.225,4537.19,4532.465,4534.64
1777953600,4534.635,4535.925,4532.76,4533.17
1777954500,4533.185,4534.055,4529.54,4529.59
1777955400,4529.585,4533.875,4528.03,4531.76
1777956300,4531.69,4536.71,4531.435,4533.67
1777957200,4533.625,4545.535,4531.47,4540.435
1777958100,4540.41,4540.52,4535.76,4540.08
1777959000,4540.09,4552,4539.71,4545.925
1777959900,4545.935,4548.8,4543.64,4545.945
1777960800,4545.95,4552.02,4541.73,4543.7
1777961700,4543.725,4544.88,4533.9,4537.02
1777962600,4536.95,4549.405,4536.365,4546.225
1777963500,4546.195,4551.03,4545.615,4548.34
1777964400,4548.365,4555.39,4547.795,4554.195
1777965300,4554.145,4555.8,4548.665,4549.085
1777966200,4549.135,4558.465,4549.055,4551.34
1777967100,4551.39,4551.97,4543.42,4545.825
1777968000,4545.815,4553.52,4545.69,4551.15
1777968900,4551.135,4554.965,4549.36,4551.03
1777969800,4551.06,4553.34,4547.985,4549.965
1777970700,4549.975,4559.57,4548.46,4558.375
1777971600,4558.36,4560.445,4553.63,4557.645
1777972500,4557.59,4557.79,4552.175,4552.205
1777973400,4552.25,4558.365,4550.985,4555.4
1777974300,4555.37,4557.46,4552.89,4556.515
1777975200,4556.53,4557.155,4550.73,4553.15
1777976100,4553.145,4555.205,4546.805,4547.815
1777977000,4547.81,4554.385,4544.39,4545.305
1777977900,4545.315,4545.895,4540.13,4543.77
1777978800,4543.755,4553.225,4539.96,4552.88
1777979700,4552.795,4557.82,4549.845,4556.325
1777980600,4556.32,4564.78,4555.21,4563.46
1777981500,4563.485,4564.87,4559.26,4562.99
1777982400,4562.985,4567.32,4554.195,4565.08
1777983300,4565.07,4574.315,4561.155,4573.755
1777984200,4573.77,4574.595,4566.72,4567.145
1777985100,4567.175,4568.59,4561.775,4564.41
1777986000,4564.42,4580.955,4564.42,4578.765
1777986900,4578.915,4585.205,4576.275,4576.9
1777987800,4576.99,4582.065,4571.49,4574.105
1777988700,4574.055,4583.215,4572.83,4579.47
1777989600,4579.57,4584.65,4570.82,4573.685
1777990500,4573.695,4586.605,4565.985,4584.065
1777991400,4584.21,4585.67,4577.505,4582.885
1777992300,4583.17,4583.17,4575.46,4582.39
1777993200,4582.44,4583.85,4577.87,4580.885
1777994100,4581.14,4581.655,4575.435,4579.31
1777995000,4579.325,4581.005,4572.715,4572.98
1777995900,4573.015,4575.945,4568.43,4568.685
1777996800,4568.655,4569.125,4562.4,4566.275
1777997700,4566.225,4566.3,4556.245,4559.775
1777998600,4560.035,4560.15,4553.77,4556.775
1777999500,4556.75,4562.955,4555.885,4561.295
1778000400,4561.28,4562.72,4553.355,4556.305
1778001300,4556.31,4561.77,4556.26,4558.815
1778002200,4558.82,4562.79,4556.185,4560.65
1778003100,4560.655,4562.275,4558.385,4559.94
1778004000,4559.975,4565.02,4558.805,4564.345
1778004900,4564.36,4565.605,4561.285,4562.045
1778005800,4562.17,4562.525,4557.55,4561.635
1778006700,4561.615,4565.83,4559.64,4560.965
1778007600,4561.095,4561.47,4556.915,4557.185
1778008500,4557.195,4558.99,4555.155,4556.475
1778009400,4556.465,4558.255,4555.665,4555.75
1778010300,4555.76,4558.905,4551.625,4555.26
1778011200,4555.14,4557.365,4554.23,4557.185
1778012100,4557.185,4560.005,4555.63,4559.445
1778013000,4559.455,4560.18,4555.01,4555.85
1778013900,4555.705,4557.725,4554.67,4557.535
1778018400,4552.07,4553.685,4549.285,4550.855
1778019300,4550.775,4551.15,4546.565,4546.92
1778020200,4546.925,4551.055,4546.36,4548.89
1778021100,4548.74,4577.46,4547.16,4573.51
1778022000,4573.42,4590.57,4569.565,4588.71
1778022900,4588.675,4589.49,4582.18,4582.22
1778023800,4582.29,4588.595,4579.665,4585.3
1778024700,4585.45,4596,4584.72,4593.87
1778025600,4593.735,4598.46,4589.36,4591.83
1778026500,4591.71,4604.3,4588.33,4602.395
1778027400,4602.39,4611.02,4602.135,4610.375
1778028300,4610.37,4619.97,4609.56,4618.8
1778029200,4618.645,4622.855,4609.63,4611.555
1778030100,4611.395,4625.825,4609.88,4624.915
1778031000,4624.92,4626.33,4620.56,4624.215
1778031900,4624.14,4628.915,4623.68,4626.225
1778032800,4626.2,4634.605,4625.555,4633.65
1778033700,4633.595,4636.475,4629.81,4630.19
1778034600,4630.36,4635.265,4627.07,4634.645
1778035500,4634.62,4642.195,4633.74,4640.95
1778036400,4640.925,4650.66,4638.67,4647.895
1778037300,4647.86,4651.34,4644.605,4645.89
1778038200,4645.84,4652.13,4642.715,4647.91
1778039100,4647.8,4648.58,4642.85,4643.65
1778040000,4643.645,4647.915,4643.455,4647.79
1778040900,4647.785,4653.585,4645.535,4652.695
1778041800,4652.63,4652.63,4645.9,4647.875
1778042700,4647.87,4652.565,4647.175,4648.815
1778043600,4648.82,4656.5,4648.69,4654.84
1778044500,4654.825,4655.44,4649.645,4650.51
1778045400,4650.44,4652.08,4644.765,4650.135
1778046300,4650.13,4663.95,4649.43,4663.22
1778047200,4663.21,4666.025,4657.07,4660.465
1778048100,4660.47,4666.825,4658.14,4666.22
1778049000,4666.32,4668.755,4660.125,4664.355
1778049900,4664.36,4669.97,4663.05,4669.455
1778050800,4669.46,4670.55,4658.445,4658.525
1778051700,4658.515,4670.18,4657.47,4667.62
1778052600,4667.69,4670.64,4663.125,4670.64
1778053500,4670.56,4681.905,4670.31,4681.36
1778054400,4681.325,4682.73,4675.515,4679.61
1778055300,4679.535,4680.795,4676.81,4676.965
1778056200,4676.96,4678.975,4671.655,4677.425
1778057100,4677.48,4702.965,4677.43,4700.58
1778058000,4700.63,4708.7,4689.08,4695.67
1778058900,4695.655,4705.15,4691.61,4700.235
1778059800,4700.16,4706.14,4695.84,4695.96
1778060700,4695.97,4702.96,4694.265,4701.725
1778061600,4701.73,4705.795,4696.015,4698.365
1778062500,4698.325,4704.915,4695.705,4704.745
1778063400,4704.72,4716.16,4704.7,4714.185
1778064300,4714.215,4723.14,4707.41,4718.005
1778065200,4717.98,4721.32,4709.26,4712.035
1778066100,4711.98,4713.6,4705.665,4705.69
1778067000,4705.77,4715.51,4697.73,4699.68
1778067900,4699.725,4702.85,4690.98,4691.99
1778068800,4691.995,4693.1,4670.73,4673.27
1778069700,4672.965,4688.765,4660.435,4683.35
1778070600,4683.385,4685.63,4678.205,4682.745
1778071500,4682.75,4684.725,4676.965,4683.29
1778072400,4683.325,4692.63,4669.02,4683.65
1778073300,4683.655,4691.26,4679.565,4685.31
1778074200,4685.295,4699.215,4680.325,4695.375
1778075100,4695.37,4707.82,4692.58,4702.13
1778076000,4702.13,4712.5,4697.71,4711.055
1778076900,4711.225,4717.625,4704.83,4705.685
1778077800,4705.85,4714.535,4704.705,4713.41
1778078700,4713.415,4713.99,4700.835,4703.205
1778079600,4703.17,4705.915,4693.5,4696.76
1778080500,4696.82,4703.38,4694.35,4695.425
1778081400,4695.64,4697.93,4689.4,4693.025
1778082300,4693.035,4694.945,4687.79,4687.79
1778083200,4687.75,4688.575,4681.15,4683.76
1778084100,4683.66,4688.665,4682.825,4688.325
1778085000,4688.34,4692.19,4685.55,4688.67
1778085900,4688.68,4689.915,4679.705,4683.21
1778086800,4683.205,4688.14,4679.755,4685.76
1778087700,4685.885,4686.285,4680.395,4683.185
1778088600,4683.18,4683.555,4679.145,4680.75
1778089500,4680.775,4684.775,4680.515,4684.27
1778090400,4684.275,4687.69,4682.125,4686.92
1778091300,4686.93,4690.62,4686.655,4687.885
1778092200,4688.045,4690.34,4685.31,4686.21
1778093100,4686.205,4688.175,4684.88,4686.13
1778094000,4686.14,4695.855,4686.14,4695.28
1778094900,4695.255,4700.235,4695.06,4698.425
1778095800,4698.42,4699.03,4693.88,4695.405
1778096700,4695.4,4698.445,4692.44,4692.48
1778097600,4692.455,4699.63,4692.455,4698.975
1778098500,4699.015,4699.455,4691.955,4692.67
1778099400,4692.66,4693.075,4688.805,4688.805
1778100300,4688.83,4692.005,4685.26,4690.91
1778104800,4690.165,4698.27,4690.165,4697.23
1778105700,4696.995,4699.935,4693.34,4695.53
1778106600,4695.555,4699.745,4694.5,4698.74
1778107500,4698.775,4698.805,4694.475,4695.05
1778108400,4694.99,4698.53,4694.045,4694.545
1778109300,4694.52,4697.88,4690.355,4693.495
1778110200,4693.51,4694.555,4691.795,4693.71
1778111100,4693.72,4699.59,4693.67,4699.055
1778112000,4698.995,4700.94,4690.035,4699.965
1778112900,4700.015,4701.545,4692.445,4692.725
1778113800,4692.735,4693.33,4686.06,4688.435
1778114700,4688.425,4691.62,4685.655,4688.855
1778115600,4688.86,4711.305,4685.275,4709.84
1778116500,4709.855,4716.44,4703.705,4704.32
1778117400,4704.255,4718.195,4702.45,4713.005
1778118300,4713.015,4721.53,4712.725,4714.925
1778119200,4714.93,4718.745,4703.725,4704.325
1778120100,4704.33,4708.045,4701.99,4703.01
1778121000,4702.97,4705.54,4700.165,4704.43
1778121900,4704.425,4710.14,4704.425,4707.385
1778122800,4707.295,4709.845,4704.335,4705.96
1778123700,4706.01,4708.82,4704.385,4704.515
1778124600,4704.565,4705.09,4702.285,4704.105
1778125500,4704.01,4705.115,4699.12,4699.38
1778126400,4699.425,4701.11,4696.835,4696.9
1778127300,4696.89,4698.75,4695.315,4696.93
1778128200,4696.845,4699.4,4692.505,4698.105
1778129100,4698.115,4699.065,4694.07,4696.48
1778130000,4696.43,4701.535,4696.37,4700.655
1778130900,4700.66,4701,4694.91,4696.07
1778131800,4696.06,4706.17,4694.975,4703.755
1778132700,4703.81,4706.81,4701.07,4701.315
1778133600,4701.32,4710.535,4701.29,4708.29
1778134500,4708.33,4717.96,4707.44,4717.29
1778135400,4717.16,4750.01,4716,4745.95
1778136300,4745.645,4747.05,4735.72,4739.355
1778137200,4739.37,4750.305,4731.53,4749.175
1778138100,4749.21,4750.66,4737.78,4739.69
1778139000,4739.705,4744.22,4738.47,4742.905
1778139900,4742.995,4744.605,4737.125,4743.28
1778140800,4743.265,4753.435,4742.52,4742.695
1778141700,4742.675,4743.025,4734.01,4740.185
1778142600,4740.1,4741.81,4734,4735.45
1778143500,4735.41,4737.33,4730.875,4731.08
1778144400,4731.11,4736.435,4721.84,4734.32
1778145300,4734.355,4738.7,4731.74,4735.88
1778146200,4735.865,4739.515,4733.195,4738.035
1778147100,4738.045,4739.175,4725.945,4729.255
1778148000,4729.255,4735.18,4726.77,4735.06
1778148900,4735.065,4736.405,4728.73,4732.665
1778149800,4732.675,4739.84,4728.055,4739.025
1778150700,4739.05,4739.8,4735.235,4735.795
1778151600,4735.93,4737.195,4728.32,4730.245
1778152500,4730.25,4736.71,4727.305,4732.84
1778153400,4732.865,4738.255,4731.935,4737.005
1778154300,4736.99,4743.805,4734.235,4742.845
1778155200,4742.965,4746.22,4739.625,4744.095
1778156100,4744.06,4747.26,4733.185,4738.135
1778157000,4738.135,4751.805,4737.445,4751.375
1778157900,4751.385,4752.69,4744.78,4750.195
1778158800,4750.235,4750.44,4731.38,4733.57
1778159700,4733.505,4746.76,4731.465,4745.175
1778160600,4745.195,4758.165,4743.425,4748.555
1778161500,4748.425,4749.42,4737.47,4746.495
1778162400,4746.245,4754.06,4742.67,4751.945
1778163300,4751.9,4759.595,4741.28,4756.81
1778164200,4757.01,4759.14,4747.63,4751.915
1778165100,4751.895,4763.58,4751.145,4762.885
1778166000,4762.895,4764.905,4754.78,4754.98
1778166900,4755.055,4756.365,4736.565,4740.115
1778167800,4740.095,4747.27,4739.1,4739.1
1778168700,4739.06,4739.82,4726.43,4729.305
1778169600,4729.31,4729.87,4713.32,4715.48
1778170500,4715.455,4723.035,4704.575,4720.305
1778171400,4720.345,4721.03,4710.6,4711.385
1778172300,4711.225,4718.33,4710.735,4715.24
1778173200,4715.235,4719.685,4711.955,4714.775
1778174100,4714.79,4719.315,4687.92,4699.36
1778175000,4699.355,4706.38,4693.675,4699.875
1778175900,4699.89,4712.305,4698.045,4711.44
1778176800,4711.445,4712.605,4705.44,4708.27
1778177700,4708.285,4713.07,4705.825,4712.875
1778178600,4712.865,4716.09,4703.295,4706.22
1778179500,4706.23,4711.48,4695.535,4709.64
1778180400,4709.62,4712.93,4705.015,4710.055
1778181300,4710.06,4710.8,4697.98,4705.115
1778182200,4705.11,4712.085,4703.765,4709.685
1778183100,4709.7,4710.77,4702.775,4703.045
1778184000,4703.055,4719.195,4703.055,4711.48
1778184900,4711.75,4714.35,4709.335,4713.135
1778185800,4713.165,4715.835,4696.735,4703.915
1778186700,4703.965,4704.24,4686.28,4687.18
1778191200,4694.565,4698.36,4685.805,4691.46
1778192100,4691.465,4699.605,4689.525,4694.11
1778193000,4694.125,4695.505,4686.325,4687.25
1778193900,4687.24,4688.87,4682.045,4686.095
1778194800,4686.115,4694.01,4684.845,4691.76
1778195700,4691.87,4698.565,4691.87,4696.525
1778196600,4696.53,4699.13,4694.87,4697.845
1778197500,4697.87,4705.74,4697.87,4704.405
1778198400,4704.385,4709.615,4701.675,4702.93
1778199300,4703.125,4705.975,4694.125,4697.36
1778200200,4697.39,4708.39,4696.42,4705.155
1778201100,4705.21,4705.965,4697.02,4701.38
1778202000,4701.3,4719.515,4700.45,4714.03
1778202900,4714.01,4719.3,4711.07,4712.51
1778203800,4712.515,4715.38,4705.51,4711.245
1778204700,4711.265,4725.71,4711.265,4722.97
1778205600,4723.145,4732.885,4721.66,4724.15
1778206500,4724.09,4724.54,4718.14,4721.56
1778207400,4721.585,4723.54,4706.995,4710.43
1778208300,4710.44,4717.87,4708.72,4713.57
1778209200,4713.565,4720.38,4711.405,4720.35
1778210100,4720.34,4723,4717.19,4720.625
1778211000,4720.565,4731.185,4720.095,4725.07
1778211900,4725.06,4725.365,4718.025,4719.735
1778212800,4719.72,4723.315,4714.95,4715.03
1778213700,4715.005,4718.605,4713.4,4717.52
1778214600,4717.605,4718.61,4709.31,4712.35
1778215500,4712.345,4716.945,4709.9,4711.13
1778216400,4711.22,4716.46,4709.675,4712.42
1778217300,4712.43,4720.285,4710.66,4719.46
1778218200,4719.595,4727.495,4719.595,4724.76
1778219100,4724.715,4731.39,4723.525,4727.62
1778220000,4727.605,4730.705,4712.665,4723.165
1778220900,4723.17,4734.895,4721.76,4733.745
1778221800,4733.845,4734.585,4725.65,4729.26
1778222700,4729.265,4729.62,4721.46,4725.94
1778223600,4725.855,4726.725,4715.205,4715.34
1778224500,4715.345,4718.335,4697.045,4706.86
1778225400,4706.845,4712.025,4701.375,4708.195
1778226300,4708.295,4713.63,4707.025,4707.925
1778227200,4707.965,4713.265,4706.72,4711.64
1778228100,4711.61,4722.705,4711.525,4717.22
1778229000,4717.25,4723.84,4716.65,4716.93
1778229900,4716.915,4720.305,4714.98,4715.76
1778230800,4715.755,4720.52,4713.58,4718.625
1778231700,4718.635,4723.13,4717.885,4718.29
1778232600,4718.27,4718.88,4709.385,4713.49
1778233500,4713.505,4714.165,4707.605,4712.015
1778234400,4711.915,4719.175,4711.24,4719.175
1778235300,4719.18,4723.98,4717.63,4720.4
1778236200,4720.365,4727.85,4720.245,4724.39
1778237100,4724.355,4724.455,4715.395,4719.82
1778238000,4719.8,4727.495,4719.025,4722.145
1778238900,4721.985,4725.895,4720.08,4724.045
1778239800,4724.035,4725.91,4721.155,4721.215
1778240700,4721.175,4721.495,4713.91,4717.9
1778241600,4717.87,4719.985,4703.945,4704.83
1778242500,4704.835,4711.075,4702.88,4710.41
1778243400,4710.42,4730.865,4703.42,4723.88
1778244300,4724.075,4732.125,4719.47,4724.485
1778245200,4724.395,4729.14,4716.51,4720.525
1778246100,4720.445,4727.99,4719.66,4727.41
1778247000,4727.395,4744.42,4726.94,4738.365
1778247900,4738.35,4748.015,4734.955,4747.85
1778248800,4747.84,4749.58,4718.955,4731.85
1778249700,4731.79,4734.02,4717.025,4717.86
1778250600,4717.72,4725.725,4714.505,4722.78
1778251500,4722.725,4724.775,4713.495,4716.01
1778252400,4716.02,4721.065,4706.27,4707.95
1778253300,4707.895,4713.79,4704.425,4713.535
1778254200,4713.545,4715.17,4704.16,4706.095
1778255100,4706.11,4711.335,4702.055,4707.22
1778256000,4707.23,4712.56,4705.55,4711.67
1778256900,4711.655,4717.72,4711.605,4717.71
1778257800,4717.69,4720.28,4713.32,4713.525
1778258700,4713.55,4716.365,4711.35,4712.525
1778259600,4712.505,4716.335,4712.225,4715.3
1778260500,4715.295,4722.125,4715.285,4720.6
1778261400,4720.57,4721.845,4719.67,4720.755
1778262300,4720.75,4722.765,4719.43,4720.96
1778263200,4721.025,4728.685,4720.635,4727.68
1778264100,4727.69,4729.025,4723.965,4725.725
1778265000,4725.715,4726.51,4724.02,4724.77
1778265900,4724.67,4724.885,4720.01,4722
1778266800,4721.995,4725.715,4721.06,4723.76
1778267700,4723.74,4725.115,4723.4,4723.855
1778268600,4723.84,4726.915,4721.875,4725.43
1778269500,4725.425,4726.035,4723.115,4724.09
1778270400,4724.19,4724.43,4717.325,4718.885
1778271300,4718.935,4719.285,4715.34,4717.5
1778272200,4717.48,4719.265,4716.02,4716.615
1778273100,4716.63,4717.09,4714.745,4715.715
1778450400,4687.43,4694.87,4680.075,4687.505
1778451300,4687.53,4696.435,4682.08,4694.465
1778452200,4693.995,4694.26,4687.29,4691.39
1778453100,4691.4,4694.745,4690.13,4691.76
1778454000,4691.75,4696.895,4688.805,4690.285
1778454900,4690.31,4697.045,4689.18,4694.795
1778455800,4694.79,4698.49,4694.77,4697.62
1778456700,4697.6,4698.65,4690.28,4691.89
1778457600,4691.84,4691.935,4680.33,4682.84
1778458500,4682.845,4686.775,4675.91,4683.58
1778459400,4683.685,4693.375,4683.685,4689.12
1778460300,4689.14,4692.96,4670.505,4683.44
1778461200,4683.415,4699.91,4674.635,4692.195
1778462100,4692.215,4705.56,4689.885,4699.01
1778463000,4699.26,4701.935,4690.96,4694.515
1778463900,4694.655,4696.115,4680.29,4685.97
1778464800,4685.975,4693.135,4678.685,4686.305
1778465700,4686.27,4688.705,4683.005,4688.5
1778466600,4688.48,4700.425,4688.125,4688.785
1778467500,4688.645,4693.885,4676.905,4681.985
1778468400,4681.96,4689.93,4675.45,4687.375
1778469300,4687.39,4690.69,4683.98,4689.635
1778470200,4689.655,4690.715,4682.285,4688.085
1778471100,4688.075,4688.075,4677.22,4678.75
1778472000,4678.775,4680.11,4673.665,4677.715
1778472900,4677.725,4678.96,4670.455,4671.87
1778473800,4671.825,4674.7,4668.55,4673.265
1778474700,4673.225,4676.06,4671.87,4672.16
1778475600,4672.1,4676.175,4670.69,4673.47
1778476500,4673.43,4675.32,4670.78,4670.78
1778477400,4670.79,4680.97,4662.375,4663.905
1778478300,4663.915,4664.3,4648.09,4652.53
1778479200,4652.62,4667.16,4649.505,4665.32
1778480100,4665.325,4670.685,4664.595,4667.405
1778481000,4667.41,4675.625,4667.285,4674.345
1778481900,4674.335,4680.645,4671.42,4678.565
1778482800,4678.555,4680.385,4674.62,4675.93
1778483700,4675.94,4678.13,4672.095,4675.705
1778484600,4675.725,4677.95,4671.75,4672.22
1778485500,4672.225,4673.03,4664.33,4667.86
1778486400,4667.79,4673.945,4664.46,4672.165
1778487300,4672.17,4678.995,4671.61,4671.61
1778488200,4671.605,4675.34,4669.32,4670.53
1778489100,4670.62,4671.675,4666.875,4667.895
1778490000,4667.84,4670.275,4665.485,4667.545
1778490900,4667.555,4667.58,4657.03,4657.66
1778491800,4657.62,4663.765,4650.795,4663.035
1778492700,4662.975,4665.08,4656.465,4656.895
1778493600,4656.9,4662.97,4656.49,4662.63
1778494500,4662.615,4665.99,4660.43,4663.49
1778495400,4663.64,4666.885,4660.47,4663.555
1778496300,4663.505,4667.69,4661.615,4664.14
1778497200,4664.15,4672.55,4664.15,4669.5
1778498100,4669.435,4672.18,4667.55,4671.975
1778499000,4671.965,4677.425,4670.175,4674.425
1778499900,4674.42,4675.18,4670.44,4674.625
1778500800,4674.56,4676.05,4667.58,4668.455
1778501700,4668.465,4695.33,4667.535,4690.585
1778502600,4690.61,4698.435,4688.985,4692.145
1778503500,4692.1,4701.245,4686.305,4700.035
1778504400,4700.055,4721.715,4698.82,4720.955
1778505300,4721,4735.715,4720.64,4728.5
1778506200,4728.57,4745.61,4728.025,4743.83
1778507100,4743.74,4748.95,4734.75,4736.135
1778508000,4736.125,4738.465,4718.58,4730.96
1778508900,4730.975,4733.865,4724.595,4725.315
1778509800,4725.505,4733.735,4715.205,4732.565
1778510700,4732.52,4734.065,4723.905,4725.625
1778511600,4725.61,4731.775,4722.9,4728.635
1778512500,4728.64,4738.195,4727.48,4733.035
1778513400,4733.025,4734.83,4726.665,4727.285
1778514300,4727.315,4732.865,4724.945,4732.36
1778515200,4732.375,4733.735,4727.315,4728.04
1778516100,4728.12,4728.25,4722.665,4724.16
1778517000,4724.155,4726.24,4708.005,4711.565
1778517900,4711.57,4717.035,4709.185,4716.485
1778518800,4716.415,4720.025,4715.92,4718.33
1778519700,4718.325,4721.82,4717.17,4718.245
1778520600,4718.24,4724.715,4717.92,4724.09
1778521500,4724.085,4724.835,4721.94,4723.895
1778522400,4724.035,4727.065,4722.34,4723.675
1778523300,4723.625,4727.6,4721.11,4727.31
1778524200,4727.34,4729.47,4725.795,4726.91
1778525100,4726.905,4729.205,4724.96,4725.085
1778526000,4725.13,4728.6,4723.945,4724.98
1778526900,4724.975,4725.805,4723.005,4724.38
1778527800,4724.42,4728.695,4722.495,4726.985
1778528700,4727.03,4736.21,4727.03,4733.655
1778529600,4733.755,4737.965,4729.985,4734.94
1778530500,4734.99,4735.45,4733.465,4735.36
1778531400,4735.32,4738.59,4734.945,4737.535
1778532300,4737.495,4737.76,4732.555,4735.455
1778536800,4740.565,4744.11,4738.585,4739.185
1778537700,4739.18,4742.21,4737.79,4739.97
1778538600,4739.97,4745.355,4739.075,4744.87
1778539500,4744.815,4755.745,4744.445,4751.09
1778540400,4751.48,4754.655,4746.35,4751.43
1778541300,4751.435,4754.685,4750.82,4752.915
1778542200,4752.92,4759.31,4751.395,4755.85
1778543100,4755.865,4769.795,4755.54,4767.67
1778544000,4767.675,4769.685,4758.685,4767.025
1778544900,4767.1,4773.575,4753.19,4762.53
1778545800,4762.525,4763.985,4757.87,4758.27
1778546700,4758.28,4762.2,4748.89,4749.56
1778547600,4749.51,4755.805,4742.33,4746.36
1778548500,4746.39,4751.705,4733.91,4735.41
1778549400,4735.42,4739.175,4720.53,4729.105
1778550300,4729.13,4731.515,4723.935,4727.4
1778551200,4727.325,4734.105,4725.54,4731.735
1778552100,4731.815,4731.815,4724.635,4727.34
1778553000,4727.345,4731.975,4722.425,4731.84
1778553900,4731.835,4733.585,4727.005,4730.02
1778554800,4730.05,4733.41,4727.27,4731.23
1778555700,4731.255,4731.35,4722.96,4723.985
1778556600,4724.075,4728.215,4723.86,4723.94
1778557500,4723.915,4724.405,4718.25,4720.33
1778558400,4720.28,4723.59,4719.835,4722.145
1778559300,4722.17,4730.48,4721.71,4722.55
1778560200,4722.58,4726.48,4721.225,4724.78
1778561100,4724.79,4725.215,4710.975,4714.255
1778562000,4714.215,4718.91,4709,4712.655
1778562900,4712.675,4716.91,4712.51,4715.39
1778563800,4715.54,4722.32,4713.21,4715.42
1778564700,4715.44,4720.06,4710.12,4714.595
1778565600,4714.53,4714.735,4703,4705.47
1778566500,4705.475,4707.225,4695.46,4696.32
1778567400,4696.325,4705.02,4695.625,4702.665
1778568300,4702.67,4704.55,4694.51,4697.09
1778569200,4697.1,4698.48,4686.395,4695.99
1778570100,4695.995,4699.725,4693.975,4697.98
1778571000,4698.115,4702.7,4695.625,4700.35
1778571900,4700.425,4703.97,4697.795,4699.985
1778572800,4699.995,4706.99,4699.325,4700.02
1778573700,4700.065,4704.205,4697.195,4703.245
1778574600,4703.175,4704.695,4698.065,4700.22
1778575500,4700.18,4706.725,4699.05,4703.415
1778576400,4703.36,4703.36,4697.95,4698.035
1778577300,4698.01,4702.625,4697.625,4699.74
1778578200,4699.69,4705.155,4694.465,4695.415
1778579100,4695.455,4701.645,4694.325,4699.455
1778580000,4699.475,4708.715,4698.77,4705.27
1778580900,4705.135,4705.495,4699.2,4700.315
1778581800,4700.475,4700.48,4685.28,4690.795
1778582700,4691.05,4694.475,4690.025,4694.47
1778583600,4694.615,4698.26,4687.26,4691.91
1778584500,4691.915,4700.315,4691.805,4700.24
1778585400,4700.255,4706.115,4698.005,4704.35
1778586300,4704.34,4709.475,4702.525,4706.49
1778587200,4706.58,4708.275,4698.36,4705.75
1778588100,4705.765,4708.415,4695.19,4697.59
1778589000,4697.53,4708.615,4689.84,4703.035
1778589900,4703.05,4711.68,4700.625,4705.74
1778590800,4705.73,4709.025,4687.52,4689.12
1778591700,4689.245,4695.57,4679.41,4690.995
1778592600,4690.905,4701.935,4683.855,4699.435
1778593500,4699.38,4701.53,4676.88,4679.225
1778594400,4679.365,4695.235,4676.215,4692.89
1778595300,4692.91,4694.15,4682.48,4683.495
1778596200,4683.48,4688.22,4671.765,4685.9
1778597100,4685.86,4685.86,4669.555,4673
1778598000,4672.99,4676.235,4664.495,4664.635
1778598900,4664.67,4666.23,4638.365,4656.07
1778599800,4656.055,4668.115,4654.015,4665.79
1778600700,4665.795,4670.29,4664.47,4666.285
1778601600,4666.29,4673.25,4664.265,4672.01
1778602500,4671.91,4675.19,4666.53,4668.45
1778603400,4668.65,4671.855,4665.145,4669.9
1778604300,4669.865,4674.47,4666.99,4671.375
1778605200,4671.38,4679.855,4671.38,4677.17
1778606100,4677.24,4682.42,4677.08,4679.43
1778607000,4679.295,4680.735,4676.125,4679.72
1778607900,4679.665,4680.55,4677.755,4678.84
1778608800,4678.825,4683.585,4676.235,4681.38
1778609700,4681.405,4687.7,4679.98,4685.33
1778610600,4685.34,4697.585,4684.845,4695.23
1778611500,4695.225,4698.14,4690.67,4695.94
1778612400,4695.96,4702.825,4695.96,4699.885
1778613300,4699.89,4704.61,4699.04,4703.5
1778614200,4703.49,4710.48,4703.49,4709.465
1778615100,4709.44,4715.705,4709.145,4715.595
1778616000,4715.545,4719.365,4712.155,4713.435
1778616900,4713.455,4716.2,4712.445,4713.38
1778617800,4713.33,4715.52,4712.245,4714.905
1778618700,4714.925,4715.93,4713.25,4715.495
1778623200,4719.905,4720.115,4711.74,4714.24
1778624100,4714.305,4719.395,4713.28,4717.17
1778625000,4717.135,4720.72,4715.475,4716.44
1778625900,4716.435,4722.445,4716.365,4716.965
1778626800,4716.955,4723.29,4715.93,4717.545
1778627700,4717.55,4723.915,4717.455,4720.33
1778628600,4720.325,4721.965,4716.16,4721.21
1778629500,4721.27,4723.665,4715.24,4717.175
1778630400,4717.28,4727.03,4715.07,4720.45
1778631300,4720.435,4726.5,4720.1,4722.88
1778632200,4722.895,4725.35,4717.105,4720.235
1778633100,4720.225,4720.715,4713.925,4714.955
1778634000,4715.015,4717.405,4707.53,4709.625
1778634900,4709.64,4710.58,4702.845,4704.465
1778635800,4704.395,4710.6,4701.705,4709.07
1778636700,4709.075,4710.85,4701.205,4702.615
1778637600,4702.575,4707.73,4699.335,4701.575
1778638500,4701.57,4704.23,4698.395,4700.585
1778639400,4700.605,4700.65,4694.18,4694.57
1778640300,4694.575,4697.4,4687.705,4692.01
1778641200,4692,4694.57,4689.025,4692.4
1778642100,4692.375,4700.775,4691.26,4700.575
1778643000,4700.58,4705.795,4700.205,4703.925
1778643900,4703.955,4704.85,4694.42,4696.1
1778644800,4696.165,4699.075,4695.48,4698.47
1778645700,4698.41,4703.45,4698.14,4701.43
1778646600,4701.38,4703.4,4697.25,4698.75
1778647500,4698.575,4701.72,4698.36,4699.57
1778648400,4699.52,4707.385,4698.345,4705.395
1778649300,4705.38,4705.67,4697.975,4698.32
1778650200,4698.345,4703.035,4693.73,4696.86
1778651100,4696.845,4705.365,4696.58,4704.32
1778652000,4704.32,4712.685,4703.31,4710.63
1778652900,4710.635,4715.385,4706.95,4708.715
1778653800,4708.755,4713.83,4707.82,4711.57
1778654700,4711.575,4712.29,4698.955,4701.735
1778655600,4701.755,4705.62,4696.8,4702.395
1778656500,4702.365,4708.755,4702.28,4707.52
1778657400,4707.535,4707.83,4703.03,4703.6
1778658300,4703.625,4704.79,4701.285,4702.78
1778659200,4702.785,4704.34,4698.595,4700.465
1778660100,4700.445,4701.365,4694.725,4697.185
1778661000,4697.21,4699.795,4694.665,4696.155
1778661900,4696.165,4702.995,4694.85,4700.605
1778662800,4700.615,4702.09,4693.53,4694.58
1778663700,4694.56,4695.3,4685.905,4688.97
1778664600,4688.86,4694.39,4686.01,4694.105
1778665500,4694.01,4701.095,4693.085,4700.85
1778666400,4700.87,4710.585,4698.75,4702.24
1778667300,4702.295,4705.95,4698.725,4699.565
1778668200,4699.57,4699.99,4694.02,4695.675
1778669100,4695.625,4696.715,4693.77,4694.19
1778670000,4694.215,4699.29,4691.775,4699.11
1778670900,4699.105,4700.575,4695.83,4698.405
1778671800,4698.435,4705.34,4698.125,4703.62
1778672700,4703.61,4705.7,4697.485,4697.485
1778673600,4697.43,4701.62,4693.63,4694.115
1778674500,4694.135,4694.405,4683.315,4684.805
1778675400,4684.95,4687.64,4676.135,4682.835
1778676300,4683.035,4685.665,4677.73,4683.84
1778677200,4683.715,4691.31,4683.57,4690.125
1778678100,4690.105,4694.825,4686.695,4688.73
1778679000,4688.645,4690.94,4673.21,4678.76
1778679900,4678.735,4683.24,4669.525,4679.415
1778680800,4679.405,4683.48,4672.885,4681.31
1778681700,4681.295,4685.45,4673.68,4684.22
1778682600,4684.225,4691.12,4683.12,4683.815
1778683500,4683.82,4685.11,4677.335,4679.75
1778684400,4679.825,4690.86,4678.92,4687.67
1778685300,4687.62,4691.815,4685.27,4691.195
1778686200,4691.185,4700.025,4686.97,4699.35
1778687100,4699.46,4699.65,4694.69,4695.715
1778688000,4695.65,4702.98,4695.245,4702.195
1778688900,4702.185,4709.9,4698.785,4706.875
1778689800,4706.895,4707.735,4699.885,4700.03
1778690700,4700.025,4701.665,4695.13,4695.865
1778691600,4695.885,4701.02,4695.885,4699.735
1778692500,4699.73,4701.28,4696.64,4698.435
1778693400,4698.46,4698.595,4690.16,4691.145
1778694300,4691.14,4694.43,4684.555,4685.6
1778695200,4685.635,4692.84,4684.41,4692.655
1778696100,4692.625,4694.175,4688.885,4692.165
1778697000,4692.125,4692.86,4685.765,4686.25
1778697900,4686.205,4687.74,4677.63,4685.11
1778698800,4685.14,4689.235,4683.525,4689.2
1778699700,4689.185,4690.705,4686.845,4687.355
1778700600,4687.375,4689.235,4684.625,4688.53
1778701500,4688.52,4689.46,4683.67,4688.38
1778702400,4688.465,4691.07,4686.075,4690.94
1778703300,4690.92,4693.475,4690.26,4691.23
1778704200,4691.245,4692.94,4689.17,4690.845
1778705100,4690.85,4691.34,4688.06,4689.14
1778709600,4693.605,4693.965,4689.06,4691.23
1778710500,4691.22,4697.38,4690.985,4697.16
1778711400,4697.125,4700.305,4695.665,4699.035
1778712300,4699.03,4700.57,4696.61,4700.035
1778713200,4699.98,4702.125,4699.125,4701.18
1778714100,4701.185,4701.255,4696.925,4697.49
1778715000,4697.48,4697.665,4694.49,4694.98
1778715900,4694.94,4696.96,4693.38,4696.62
1778716800,4696.5,4699.615,4689.78,4697.72
1778717700,4697.63,4705.455,4697.63,4701.14
1778718600,4701.115,4703.58,4693.115,4700.37
1778719500,4700.355,4706.795,4699.57,4705.065
1778720400,4705.015,4707.15,4684.49,4689.25
1778721300,4689.3,4695.495,4687.56,4692.79
1778722200,4692.825,4694.87,4683.85,4689.075
1778723100,4689.19,4695.095,4683.455,4688.95
1778724000,4689,4694.135,4686.61,4688.69
1778724900,4688.545,4694.455,4687.15,4693.635
1778725800,4693.615,4699.775,4689.65,4692.165
1778726700,4692.17,4693.58,4680.21,4686.48
1778727600,4686.475,4690.315,4681.615,4683.255
1778728500,4683.25,4693.45,4681.74,4691.35
1778729400,4691.315,4691.755,4675.92,4676.32
1778730300,4676.34,4678.03,4673.965,4675.285
1778731200,4675.3,4682.765,4668.71,4682.235
1778732100,4682.495,4707.545,4681.96,4702.315
1778733000,4702.3,4712.685,4701.315,4704.8
1778733900,4704.83,4706.73,4702.355,4702.355
1778734800,4702.54,4704.235,4699.965,4700.13
1778735700,4700.24,4700.565,4693.455,4693.78
1778736600,4693.675,4701.6,4693.435,4697.26
1778737500,4697.285,4703.37,4689.21,4689.955
1778738400,4689.94,4695.03,4686.31,4688.075
1778739300,4688.075,4693.13,4686.53,4691.325
1778740200,4691.33,4699.75,4690.615,4698.965
1778741100,4698.825,4702.505,4694.9,4700.515
1778742000,4700.43,4702.435,4694.685,4695.485
1778742900,4695.33,4706.79,4695.07,4705.43
1778743800,4705.42,4718.88,4702.905,4709.155
1778744700,4709.16,4709.58,4690.945,4693.35
1778745600,4693.365,4701.25,4692.205,4699.04
1778746500,4699.07,4705.12,4697.895,4703.16
1778747400,4703.17,4706.83,4695.6,4697.155
1778748300,4697.17,4697.67,4693.04,4693.485
1778749200,4693.55,4698.13,4690.345,4694.58
1778750100,4694.575,4696.78,4690.64,4690.7
1778751000,4690.685,4697.5,4688.645,4695.5
1778751900,4695.525,4702.755,4695.525,4699.73
1778752800,4699.74,4705.63,4696.21,4697.51
1778753700,4697.515,4698.59,4694.07,4697.47
1778754600,4697.49,4698.03,4692.27,4693.58
1778755500,4693.65,4697.77,4691.27,4697.09
1778756400,4697.16,4698.935,4692.9,4697.505
1778757300,4697.54,4697.81,4689.51,4691.995
1778758200,4692,4697.475,4690.915,4695.54
1778759100,4695.55,4704.895,4694.175,4694.205
1778760000,4694.175,4703.925,4692.42,4703.925
1778760900,4703.895,4707.63,4698.855,4702.29
1778761800,4702.35,4710.165,4698.09,4698.125
1778762700,4698.13,4706.375,4696.015,4704.95
1778763600,4704.945,4707.935,4696.275,4704.46
1778764500,4704.485,4704.555,4688.235,4688.36
1778765400,4688.445,4689.705,4666.78,4677.08
1778766300,4677.09,4691.13,4675.995,4679.775
1778767200,4679.835,4690.31,4677.815,4687.745
1778768100,4687.755,4700.98,4686.955,4691.515
1778769000,4691.555,4692.45,4686.09,4687.045
1778769900,4687.055,4690.41,4679.26,4679.53
1778770800,4679.62,4686.875,4677.195,4685.06
1778771700,4685.065,4689.625,4684.205,4685.91
1778772600,4685.895,4689.165,4681.195,4682.6
1778773500,4682.61,4686.86,4681.05,4685.765
1778774400,4685.815,4687.055,4674.205,4678.685
1778775300,4678.63,4681.44,4675.43,4677.395
1778776200,4677.41,4678.435,4670.51,4675.405
1778777100,4675.495,4679.165,4672.735,4678.66
1778778000,4678.675,4682.57,4678.51,4678.945
1778778900,4678.925,4683.115,4676.945,4677.35
1778779800,4677.345,4681.645,4676.49,4681.52
1778780700,4681.525,4681.785,4677.74,4678.33
1778781600,4678.34,4678.41,4668.935,4674.68
1778782500,4674.66,4676.64,4673.11,4673.725
1778783400,4673.72,4675.075,4668.525,4668.725
1778784300,4668.76,4672.005,4667.165,4671.8
1778785200,4671.89,4672.02,4667.05,4667.55
1778786100,4667.57,4669.29,4663.37,4663.515
1778787000,4663.52,4665.52,4655.605,4656.55
1778787900,4656.565,4659.125,4653.26,4654.37
1778788800,4654.385,4657.18,4649.365,4649.77
1778789700,4649.78,4650.975,4646.885,4648.17
1778790600,4648.185,4653.015,4644.31,4650.78
1778791500,4650.805,4652.595,4649.335,4652.27
1778796000,4654.08,4658.5,4652.145,4655.76
1778796900,4655.745,4659.575,4655.725,4658.84
1778797800,4658.82,4662.67,4658.76,4661.865
1778798700,4661.965,4662.77,4660.205,4662.515
1778799600,4662.5,4663.46,4658.735,4659.045
1778800500,4659.05,4664.47,4655.775,4664.16
1778801400,4664.095,4665.445,4646.85,4657.455
1778802300,4657.495,4657.63,4648.21,4652.15
1778803200,4652.22,4653.785,4642.43,4650.69
1778804100,4650.715,4658.225,4629.36,4630.25
1778805000,4630.315,4630.735,4613.745,4619.58
1778805900,4619.535,4630.56,4617.625,4630.465
1778806800,4630.475,4631.69,4607.76,4614.655
1778807700,4614.485,4626.02,4608.42,4609.06
1778808600,4609.075,4623.25,4607.76,4623.25
1778809500,4623.245,4624.675,4607.51,4614.23
1778810400,4614.265,4619.16,4610.06,4613.215
1778811300,4613.18,4616.685,4609.45,4612.785
1778812200,4612.755,4617.98,4609.885,4617.975
1778813100,4617.97,4623.42,4611.73,4617.945
1778814000,4617.885,4622.33,4614.845,4617.465
1778814900,4617.45,4618.665,4610.175,4612.94
1778815800,4612.76,4617.6,4607.68,4613.435
1778816700,4613.48,4617.34,4610.68,4615.605
1778817600,4615.61,4621.91,4613.235,4620.315
1778818500,4620.32,4620.89,4607.55,4610.865
1778819400,4610.915,4615.055,4604.45,4605.81
1778820300,4605.98,4612.825,4604.875,4606.19
1778821200,4606.3,4606.58,4588.72,4592.34
1778822100,4592.36,4595.6,4581.02,4589.165
1778823000,4589.115,4590.315,4563.9,4569.06
1778823900,4569.025,4573.51,4556.71,4559.04
1778824800,4559.02,4573.49,4556.52,4571.045
1778825700,4571.03,4578.55,4570.345,4575.15
1778826600,4575.18,4580.645,4567.035,4567.78
1778827500,4567.77,4574.395,4564.535,4570.22
1778828400,4570.205,4586.43,4566.07,4586.12
1778829300,4586.11,4588.88,4579.29,4582.075
1778830200,4582.07,4582.745,4574.98,4577.885
1778831100,4577.895,4578.92,4568.61,4570.975
1778832000,4570.985,4572.245,4557.43,4565.605
1778832900,4565.61,4566.01,4552.835,4558.545
1778833800,4558.4,4562.785,4550.055,4562.67
1778834700,4562.69,4563.795,4552.925,4554.62
1778835600,4554.605,4564.035,4545.705,4547.52
1778836500,4547.485,4554.75,4539.53,4553.675
1778837400,4553.515,4555.9,4542.98,4543.835
1778838300,4543.82,4547.22,4531.995,4546.095
1778839200,4546.115,4562.87,4544.3,4561.105
1778840100,4561.125,4563.305,4551.755,4551.835
1778841000,4551.825,4557.1,4549.595,4555.28
1778841900,4555.27,4572.775,4554.46,4566.135
1778842800,4566.12,4570.37,4561.095,4566.525
1778843700,4566.53,4568.81,4559.165,4562.58
1778844600,4562.555,4562.805,4551.035,4551.54
1778845500,4551.51,4558.875,4550.005,4552.18
1778846400,4552.19,4555.46,4545.345,4545.88
1778847300,4545.86,4558.815,4545.14,4555.235
1778848200,4555.22,4555.22,4543.83,4545.79
1778849100,4545.805,4555.68,4543.9,4545.96
1778850000,4545.965,4549.85,4536.285,4546.88
1778850900,4546.885,4557.66,4540.84,4548.965
1778851800,4548.94,4551.44,4520.03,4520.115
1778852700,4520.1,4542.09,4510.985,4533.685
1778853600,4533.645,4550.6,4525.465,4543.43
1778854500,4543.495,4562.955,4540.56,4555.705
1778855400,4555.68,4560.6,4550.85,4556.86
1778856300,4556.895,4566.735,4546.21,4562.85
1778857200,4562.865,4563.78,4550.955,4552.63
1778858100,4552.62,4554.15,4543.025,4547.39
1778859000,4547.265,4550.445,4540.035,4541.59
1778859900,4541.575,4543.65,4533.86,4539.95
1778860800,4539.995,4542.505,4529.555,4532.84
1778861700,4532.845,4542.435,4531.55,4541.175
1778862600,4541.24,4547.78,4540.175,4547.42
1778863500,4547.52,4548.255,4541.94,4544.4
1778864400,4544.23,4558.15,4543.105,4557.04
1778865300,4557.045,4564.605,4554.52,4557.84
1778866200,4557.825,4563.7,4557.76,4560.855
1778867100,4560.86,4562.745,4557.22,4559.65
1778868000,4559.685,4562.04,4556.11,4561.79
1778868900,4561.785,4563.115,4553.065,4558.275
1778869800,4558.3,4559.02,4552.415,4557.68
1778870700,4557.675,4562.85,4556.68,4559.25
1778871600,4559.255,4560.18,4549.53,4550.41
1778872500,4550.415,4552.825,4548.66,4550.285
1778873400,4550.38,4555.375,4549.765,4553.655
1778874300,4553.645,4554.59,4545.1,4546.005
1778875200,4546.01,4546.47,4536.365,4538.525
1778876100,4538.525,4539.45,4533.34,4539.44
1778877000,4539.46,4544.23,4539.33,4540.705
1778877900,4540.72,4541.77,4536.78,4540.645
1779055200,4545.805,4554.915,4545.195,4548.4
1779056100,4548.415,4550.05,4538.175,4541.145
1779057000,4541.13,4553.91,4541.03,4549.92
1779057900,4549.68,4554.46,4543.67,4546.05
1779058800,4546.06,4548.035,4539.56,4541.63
1779059700,4541.665,4544.785,4538.115,4538.275
1779060600,4538.28,4541.825,4532.685,4539.17
1779061500,4539.16,4544.32,4532.25,4537.21
1779062400,4537.215,4542.635,4523.12,4526.495
1779063300,4526.515,4533.755,4514.48,4515.99
1779064200,4515.92,4519.105,4480.415,4481.745
1779065100,4481.485,4516.745,4480.41,4514.795
1779066000,4514.795,4516.08,4489.535,4496.05
1779066900,4496.02,4510.045,4493.205,4504.01
1779067800,4504.36,4513.98,4499.82,4512.845
1779068700,4512.855,4535.715,4511.025,4525.67
1779069600,4525.61,4538.74,4522.355,4536.675
1779070500,4536.785,4540.715,4531.915,4533.685
1779071400,4533.635,4541.26,4529.48,4536.315
1779072300,4536.235,4542.9,4530.69,4533.815
1779073200,4533.785,4535.85,4526.825,4529.86
1779074100,4529.845,4538.575,4528.455,4536.075
1779075000,4536.04,4548.06,4525.565,4545.615
1779075900,4545.61,4547.79,4539.225,4541.215
1779076800,4541.21,4549.93,4541,4544.41
1779077700,4544.425,4547.365,4530.235,4533.015
1779078600,4533.02,4544.47,4532.51,4541.67
1779079500,4541.665,4545.77,4535.355,4540.825
1779080400,4540.775,4542.855,4533.225,4538.3
1779081300,4538.245,4550.6,4535.23,4548.735
1779082200,4548.86,4552.045,4538.58,4540
1779083100,4539.975,4543.12,4530.205,4531.245
1779084000,4531.19,4540.66,4530.005,4537.735
1779084900,4537.6,4548.235,4534.535,4537.815
1779085800,4537.81,4547.345,4534.74,4540.92
1779086700,4540.915,4547.935,4538.83,4546.855
1779087600,4546.875,4549.575,4542.325,4543.92
1779088500,4543.805,4551.4,4538.465,4550.65
1779089400,4550.655,4560.095,4547.855,4549.08
1779090300,4549.105,4551.785,4540.09,4546.295
1779091200,4546.285,4548.98,4542.44,4546.815
1779092100,4546.79,4551.45,4542.94,4548.355
1779093000,4548.35,4553.425,4546.08,4548.16
1779093900,4548.32,4557.135,4548.125,4549.97
1779094800,4549.96,4552.125,4541.245,4546.6
1779095700,4546.575,4549.075,4544.53,4544.99
1779096600,4544.645,4546.765,4540.645,4543.255
1779097500,4543.24,4544.73,4540.38,4543.205
1779098400,4543.165,4545.235,4535.865,4539.53
1779099300,4539.515,4542.705,4538.355,4539.89
1779100200,4539.88,4544.21,4532.145,4543.915
1779101100,4543.97,4547.955,4536.745,4540.495
1779102000,4540.49,4542.025,4529.96,4539.785
1779102900,4539.69,4540.1,4531.8,4536.115
1779103800,4536.11,4567.17,4535.77,4562.025
1779104700,4562.02,4564.595,4549.62,4550.925
1779105600,4550.965,4556.77,4547.41,4553.67
1779106500,4553.65,4555.36,4545.36,4550.655
1779107400,4550.65,4569.835,4550.305,4569.585
1779108300,4569.555,4575.065,4562.735,4571.425
1779109200,4571.43,4576.845,4561.975,4567.805
1779110100,4567.8,4576.44,4564.045,4572.1
1779111000,4572.31,4579.905,4564.81,4566.465
1779111900,4566.48,4584.375,4563.835,4575.75
1779112800,4575.63,4575.63,4559.575,4564.345
1779113700,4564.36,4569.09,4554.82,4561.655
1779114600,4561.565,4563.175,4538.82,4547.875
1779115500,4547.885,4548.605,4537.81,4546.53
1779116400,4546.555,4548.02,4531.85,4540.735
1779117300,4540.71,4542.745,4534.395,4534.715
1779118200,4534.7,4544.46,4534.17,4538.755
1779119100,4538.815,4547.045,4538.14,4543.71
1779120000,4543.715,4549.12,4540.295,4548.82
1779120900,4548.815,4550.82,4533.915,4537.235
1779121800,4537.245,4545.03,4534.325,4543.35
1779122700,4543.345,4554.69,4542.915,4550.21
1779123600,4550.04,4558.29,4547.92,4553.255
1779124500,4553.23,4555.77,4551.785,4553.99
1779125400,4553.815,4554.215,4547.315,4548.225
1779126300,4548.225,4549.765,4545.645,4546.935
1779127200,4546.95,4547.775,4543.8,4545.35
1779128100,4545.36,4545.565,4536.855,4541.965
1779129000,4541.96,4543.965,4539.11,4541.615
1779129900,4541.635,4543.385,4534.375,4535.855
1779130800,4535.86,4565.07,4535.335,4554.5
1779131700,4554.525,4555.94,4546.75,4551.79
1779132600,4551.795,4561.38,4550.405,4558.23
1779133500,4558.185,4562.98,4557.5,4558.55
1779134400,4558.625,4563.095,4558.08,4562.29
1779135300,4562.275,4566.835,4562.18,4563.25
1779136200,4563.22,4565.14,4561.695,4564.715
1779137100,4564.74,4566.87,4562.49,4566.16
1779141600,4570.36,4573.685,4569.81,4573.54
1779142500,4573.535,4574.81,4571.235,4572.96
1779143400,4572.98,4578.58,4571.605,4576.845
1779144300,4576.84,4577.15,4572.725,4574.115
1779145200,4573.995,4587.19,4573.86,4585.795
1779146100,4585.78,4589.09,4583.535,4585.845
1779147000,4585.86,4588.13,4582.97,4585.375
1779147900,4585.4,4586.645,4579.235,4581.995
1779148800,4582.16,4589.58,4576.775,4578.95
1779149700,4579.01,4585.98,4568.62,4573.7
1779150600,4573.735,4576.4,4568.255,4571.015
1779151500,4570.85,4572.52,4561.465,4563.21
1779152400,4563.26,4569.59,4557.795,4565.93
1779153300,4565.785,4568.59,4554.27,4559.33
1779154200,4559.315,4572.48,4555.44,4570.81
1779155100,4570.975,4571.9,4561.525,4564.065
1779156000,4564.005,4564.005,4553.325,4554.65
1779156900,4554.61,4562.59,4551.7,4559.86
1779157800,4559.775,4560.03,4551.165,4556.38
1779158700,4556.465,4558.155,4546.055,4547.29
1779159600,4547.22,4552.925,4543.77,4552.02
1779160500,4552.015,4553.215,4546.925,4549.22
1779161400,4549.21,4555.16,4547.16,4547.84
1779162300,4547.75,4549.51,4543.96,4545.19
1779163200,4545.18,4545.895,4538.82,4540.29
1779164100,4540.33,4543.215,4538.345,4540.435
1779165000,4540.465,4542.42,4538.075,4539.935
1779165900,4539.89,4543.835,4539.865,4542.605
1779166800,4542.71,4546.675,4540.36,4544.955
1779167700,4544.96,4545.58,4531.085,4538.525
1779168600,4538.665,4544.355,4533.13,4538.745
1779169500,4538.725,4543.67,4533.24,4540.915
1779170400,4540.93,4546.135,4533.68,4542.225
1779171300,4542.23,4553.97,4541.24,4547.645
1779172200,4547.635,4553.05,4545.38,4552.275
1779173100,4552.265,4552.83,4543.15,4548.33
1779174000,4548.315,4555.35,4544.345,4548.825
1779174900,4548.88,4550.28,4543.225,4548.455
1779175800,4548.445,4549.57,4541.575,4542.37
1779176700,4542.35,4559.535,4542.225,4557.28
1779177600,4557.25,4559.25,4542.595,4546.59
1779178500,4546.6,4548.165,4536.405,4538.495
1779179400,4538.58,4545.13,4537.015,4543.445
1779180300,4543.46,4548.82,4538.46,4543.05
1779181200,4543.035,4543.035,4537.05,4539.835
1779182100,4539.635,4546.935,4536.205,4540.705
1779183000,4540.62,4543.23,4536.76,4539.71
1779183900,4539.72,4544.87,4538.545,4542.035
1779184800,4542.01,4542.535,4536.15,4541.775
1779185700,4541.765,4542.12,4538.41,4540.1
1779186600,4540.175,4543.22,4525.68,4529.27
1779187500,4529.255,4544.925,4527.87,4544.925
1779188400,4544.855,4548.01,4536.025,4536.845
1779189300,4536.87,4542.205,4535.815,4539.35
1779190200,4539.34,4543.195,4536.88,4542.095
1779191100,4542.09,4542.42,4529.915,4530.89
1779192000,4530.905,4546.71,4527.6,4542.23
1779192900,4542.22,4544.235,4536.8,4543.145
1779193800,4543.135,4547.28,4536.82,4537.48
1779194700,4537.475,4541.75,4535.595,4537.305
1779195600,4537.385,4537.7,4515.025,4524.62
1779196500,4524.615,4526.405,4491.135,4492.295
1779197400,4492.445,4495.75,4464.78,4476.415
1779198300,4476.42,4511.48,4474.215,4504.175
1779199200,4504.055,4514.23,4492.295,4492.66
1779200100,4492.71,4500.955,4484.495,4490.21
1779201000,4490.165,4498.775,4487.565,4494.71
1779201900,4494.785,4496.79,4486.305,4494.165
1779202800,4494.095,4500.175,4489.845,4499.265
1779203700,4499.345,4505.11,4494.06,4499.005
1779204600,4499.03,4507.76,4498.01,4502.215
1779205500,4502.22,4509.48,4500.34,4508.63
1779206400,4508.64,4510.405,4496.385,4501.15
1779207300,4501.145,4512.145,4499.04,4508.965
1779208200,4508.955,4512.7,4505.7,4506.135
1779209100,4506.13,4509.39,4504.77,4507.9
1779210000,4507.725,4510.81,4505.845,4510.43
1779210900,4510.445,4511.125,4503.555,4507.13
1779211800,4507.12,4508.495,4502.935,4504.675
1779212700,4504.69,4505.065,4499.31,4500.9
1779213600,4500.915,4503.84,4499.87,4501.205
1779214500,4501.2,4502.38,4495.605,4496.22
1779215400,4496.215,4500.96,4493.44,4499.17
1779216300,4499.155,4500.13,4490.33,4493.65
1779217200,4493.63,4497.84,4493.15,4497.1
1779218100,4497.115,4497.44,4485.755,4487.215
1779219000,4487.22,4490.075,4486.08,4488.41
1779219900,4488.395,4488.985,4481.285,4483.5
1779220800,4483.44,4487.32,4481.07,4485.79
1779221700,4485.755,4488.355,4483.49,4486.35
1779222600,4486.345,4486.425,4482.085,4483.625
1779223500,4483.63,4484.45,4481.8,4482.115
1779228000,4484.735,4485.845,4482.255,4482.895
1779228900,4482.91,4482.96,4478.455,4479.555
1779229800,4479.56,4485.975,4477.45,4482.22
1779230700,4482.215,4484.895,4479.615,4484.73
1779231600,4484.61,4486.94,4479.995,4486.47
1779232500,4486.41,4488.76,4483.535,4486.21
1779233400,4486.285,4496.595,4485.69,4492.6
1779234300,4492.58,4494.815,4488.315,4489.485
1779235200,4489.51,4490.71,4479.82,4488.645
1779236100,4488.655,4502.18,4481.5,4501.905
1779237000,4501.87,4507.43,4500.045,4505.155
1779237900,4505.135,4508.85,4498.385,4501.185
1779238800,4501.175,4506.29,4488.17,4492.67
1779239700,4492.685,4496.96,4472.73,4473.625
1779240600,4473.68,4477.295,4456.095,4466.835
1779241500,4466.845,4488.65,4463.32,4481.485
1779242400,4481.54,4487.205,4476.4,4481.435
1779243300,4481.495,4487.24,4476.47,4481.645
1779244200,4481.685,4483.69,4460.82,4460.845
1779245100,4460.83,4466.4,4458.68,4465.395
1779246000,4465.305,4467.265,4453.39,4458.03
1779246900,4457.965,4464.42,4457.24,4461.11
1779247800,4460.99,4466.335,4457.765,4460.72
1779248700,4460.69,4465.345,4458.42,4463.96
1779249600,4463.955,4470.34,4463.55,4469.275
1779250500,4469.33,4470.75,4462.505,4465.34
1779251400,4465.24,4465.98,4460.57,4463.205
1779252300,4463.355,4463.48,4456.8,4462.14
1779253200,4462.07,4472.965,4461.79,4469.48
1779254100,4469.37,4475.43,4467.315,4468.535
1779255000,4468.53,4479.125,4468.175,4472.47
1779255900,4472.49,4475.495,4463.46,4472.855
1779256800,4472.83,4477.72,4467.665,4472.37
1779257700,4472.415,4478.48,4467.715,4472.18
1779258600,4472.19,4472.71,4461.69,4467.265
1779259500,4467.27,4478.555,4465.415,4474.47
1779260400,4474.355,4485.355,4472.08,4481.445
1779261300,4481.45,4484.325,4476.465,4482.88
1779262200,4482.915,4486.095,4476.16,4481.655
1779263100,4481.63,4482.31,4475.105,4478.545
1779264000,4478.585,4484.27,4476.81,4482.365
1779264900,4482.375,4486.64,4478.535,4486.64
1779265800,4486.685,4489.63,4476.875,4479.47
1779266700,4479.455,4490.305,4479.295,4484.065
1779267600,4484.035,4486.3,4479.87,4480.46
1779268500,4480.405,4483.77,4472.835,4474.315
1779269400,4474.215,4485.035,4472.805,4483.395
1779270300,4483.48,4491.18,4481.96,4484.925
1779271200,4484.885,4492.32,4484.68,4488.1
1779272100,4488.09,4492.765,4487.29,4489.16
1779273000,4489.165,4497.115,4488.725,4494.39
1779273900,4494.43,4495.78,4490.335,4494.85
1779274800,4494.845,4496.855,4492.845,4493.14
1779275700,4493.135,4501.29,4491.255,4500.23
1779276600,4500.195,4500.615,4493.525,4495.37
1779277500,4495.315,4499.545,4490.905,4499.16
1779278400,4499.08,4501.11,4495.875,4496.625
1779279300,4496.64,4499.805,4493.07,4499.805
1779280200,4499.89,4504.835,4499.3,4502.91
1779281100,4502.925,4505.435,4494.015,4496.245
1779282000,4496.24,4506.36,4493.995,4505.425
1779282900,4505.41,4505.555,4489.33,4489.475
1779283800,4489.49,4493.14,4483.25,4490.025
1779284700,4490.015,4492.285,4482.26,4483.265
1779285600,4483.285,4485.26,4467.245,4477.165
1779286500,4477.12,4510.995,4476.72,4506.865
1779287400,4506.875,4528.865,4506.875,4520.85
1779288300,4520.845,4537.355,4516.755,4531.295
1779289200,4531.3,4535.7,4523.175,4524.57
1779290100,4524.61,4553.045,4524.555,4529.51
1779291000,4529.49,4539.67,4527.7,4536.99
1779291900,4537,4537.92,4527.36,4529.21
1779292800,4529.27,4535.35,4528.475,4533.6
1779293700,4533.69,4533.69,4524.115,4526.165
1779294600,4526.15,4533.995,4524.225,4533.95
1779295500,4533.975,4535.555,4530.315,4534.465
1779296400,4534.475,4538.24,4531.21,4534.58
1779297300,4534.56,4536.93,4531.02,4532.61
1779298200,4532.645,4536.605,4529.995,4533.195
1779299100,4533.2,4535.275,4530.345,4531.445
1779300000,4531.275,4534.02,4529.12,4532.95
1779300900,4532.96,4536.75,4532.04,4535.18
1779301800,4535.14,4543.575,4535.14,4537.3
1779302700,4537.295,4545.16,4536.945,4542.515
1779303600,4542.525,4545.31,4541.81,4543.91
1779304500,4543.915,4546.135,4543.415,4545.26
1779305400,4545.275,4550.38,4545.19,4546.4
1779306300,4546.435,4548.56,4545.455,4545.675
1779307200,4545.66,4550.445,4545.39,4546.81
1779308100,4546.81,4548.53,4543.155,4545.635
1779309000,4545.655,4546.33,4542.595,4543.61
1779309900,4543.415,4544.785,4542.18,4543.705
1779314400,4544.62,4546.92,4538.68,4540.195
1779315300,4540.19,4540.665,4535.35,4538.81
1779316200,4538.8,4543.345,4538.63,4542.205
1779317100,4542.155,4544.665,4537.205,4539.9
1779318000,4539.91,4543.29,4537.925,4539.955
1779318900,4539.94,4540.64,4534.74,4538.7
1779319800,4538.715,4545.69,4538.18,4543.04
1779320700,4543.035,4547.525,4541.93,4546.74
1779321600,4546.87,4549.04,4540.205,4544.815
1779322500,4544.795,4553.355,4537.365,4543.68
1779323400,4543.675,4545.165,4539.625,4543.755
1779324300,4543.72,4548.78,4541.97,4545.16
1779325200,4545.19,4560.26,4539.92,4560.145
1779326100,4560.19,4567.835,4557.135,4567.305
1779327000,4567.33,4570.895,4561.9,4567.76
1779327900,4567.745,4568.36,4559.005,4561.01
1779328800,4561,4564.92,4550.68,4551.75
1779329700,4551.725,4553.335,4539.91,4540.605
1779330600,4540.56,4542.55,4534.155,4536.53
1779331500,4536.51,4537.41,4531.615,4533.24
1779332400,4533.23,4539.19,4531.515,4538.12
1779333300,4538.19,4540.28,4533.08,4535.745
1779334200,4535.73,4537.225,4531.785,4534.015
1779335100,4533.985,4534.59,4527.37,4528.4
1779336000,4528.385,4536.475,4527.56,4536.015
1779336900,4536.025,4540.355,4534.49,4540.065
1779337800,4540.035,4540.8,4533.85,4537.385
1779338700,4537.39,4539.35,4535.725,4538.63
1779339600,4538.72,4540.66,4529.85,4530.84
1779340500,4530.825,4531.22,4521.67,4523.225
1779341400,4523.24,4527.3,4518.64,4526.235
1779342300,4526.225,4530.02,4518.44,4527.975
1779343200,4527.995,4535.34,4526.74,4531.46
1779344100,4531.455,4539.905,4528.63,4533.06
1779345000,4533.055,4535.24,4523.015,4524.95
1779345900,4524.905,4526.31,4518.905,4521.525
1779346800,4521.49,4524.375,4518.18,4520.635
1779347700,4520.57,4523.44,4512.075,4512.865
1779348600,4512.895,4517.59,4512.19,4516.565
1779349500,4516.57,4523.44,4514.44,4519.785
1779350400,4519.85,4535.995,4518.415,4534.39
1779351300,4534.55,4537.06,4529.495,4535.94
1779352200,4535.95,4535.95,4526.42,4529.22
1779353100,4529.27,4534.795,4528.285,4532.715
1779354000,4532.685,4540.635,4531.975,4538.055
1779354900,4538.02,4542.725,4535.65,4537.07
1779355800,4536.97,4543.06,4529.795,4530.065
1779356700,4530.115,4533.25,4528.03,4530.855
1779357600,4530.845,4535.435,4529.995,4532.695
1779358500,4532.68,4534.975,4510.845,4518.27
1779359400,4518.305,4518.545,4504.895,4517.285
1779360300,4517.275,4518.015,4510.955,4511.77
1779361200,4511.82,4520.295,4510.78,4516.53
1779362100,4516.52,4521.3,4512.565,4514.175
1779363000,4514.245,4516.085,4508.23,4512.455
1779363900,4512.395,4517.36,4511.01,4514.08
1779364800,4514.1,4519.47,4513.68,4514.635
1779365700,4514.64,4514.755,4503.775,4507.39
1779366600,4507.27,4517.7,4505.755,4515.02
1779367500,4515,4518.14,4502.08,4504.25
1779368400,4504.245,4512.81,4499.415,4502.28
1779369300,4502.195,4505.555,4495.45,4500.915
1779370200,4501.065,4502.81,4488.63,4497.815
1779371100,4497.805,4521.095,4494.96,4513.455
1779372000,4513.465,4515.415,4502.61,4508.25
1779372900,4508.225,4509.475,4498.17,4507.56
1779373800,4507.525,4511.315,4502.57,4504.715
1779374700,4504.6,4510.915,4501.84,4508.795
1779375600,4508.835,4515.43,4496.91,4510.065
1779376500,4510.02,4511.585,4502.245,4503.48
1779377400,4503.46,4510.03,4502.57,4507.08
1779378300,4507.12,4512.845,4506.875,4512.045
1779379200,4512.15,4520.81,4512.15,4517.14
1779380100,4517.1,4518.83,4514.585,4516.5
1779381000,4516.525,4519.355,4515.51,4518.125
1779381900,4518.13,4520.38,4516.38,4519.465
1779382800,4519.465,4531.9,4514.28,4526.505
1779383700,4526.51,4546.4,4526.22,4541.65
1779384600,4541.74,4549.11,4538.76,4548.225
1779385500,4548.235,4559.365,4544.85,4551.435
1779386400,4551.48,4556.085,4543,4546.14
1779387300,4546.065,4550.825,4544.465,4548.535
1779388200,4548.475,4549.565,4542.925,4545.4
1779389100,4545.32,4546.165,4527.51,4532.035
1779390000,4532.04,4537.96,4529.795,4537.945
1779390900,4537.96,4542.105,4537.76,4538.91
1779391800,4538.915,4543.335,4538.625,4539.35
1779392700,4539.365,4543.935,4534.755,4543.085
1779393600,4543.07,4544.925,4541.17,4542.525
1779394500,4542.525,4542.65,4540.235,4541.35
1779395400,4541.36,4542.265,4540.32,4540.89
1779396300,4540.825,4543.455,4539.94,4543.425
1779400800,4544.905,4544.93,4539.8,4541.98
1779401700,4541.985,4543.305,4540.03,4541.185
1779402600,4541.23,4543.695,4539.785,4542.74
1779403500,4542.56,4543.62,4540.9,4543.465
1779404400,4543.47,4545.26,4542.67,4543.835
1779405300,4543.82,4544.46,4536.985,4540.535
1779406200,4540.555,4540.555,4532.525,4532.6
1779407100,4532.615,4536.625,4532.43,4535.425
1779408000,4535.47,4536.955,4530.865,4531.46
1779408900,4531.38,4537.35,4530.29,4536.26
1779409800,4536.245,4541.24,4535.8,4537.97
1779410700,4537.94,4538.8,4525.64,4526.71
1779411600,4526.695,4536.235,4523.435,4529.97
1779412500,4529.945,4533.47,4526.35,4528.98
1779413400,4528.95,4529.805,4521.18,4525.385
1779414300,4525.38,4531.92,4525.025,4526.38
1779415200,4526.31,4529.66,4521.465,4527.665
1779416100,4527.71,4529.29,4522.775,4524.73
1779417000,4524.595,4524.71,4518.53,4522.735
1779417900,4522.74,4527.17,4519.49,4523.335
1779418800,4523.395,4525.53,4520.69,4521.275
1779419700,4521.365,4523.155,4519.37,4521.94
1779420600,4521.925,4527.785,4521.925,4526.925
1779421500,4526.82,4530.04,4526.43,4529.54
1779422400,4529.535,4530.155,4527.79,4529.225
1779423300,4529.3,4532.98,4527.69,4532.275
1779424200,4532.27,4532.78,4525.41,4529.015
1779425100,4528.975,4530.195,4527.135,4527.135
1779426000,4527.09,4529.645,4523.73,4525.37
1779426900,4525.375,4529.245,4523.435,4526.14
1779427800,4526.165,4534.325,4525.065,4534.13
1779428700,4534.12,4534.225,4507.43,4511.7
1779429600,4511.705,4524.515,4510.025,4521.68
1779430500,4521.67,4526.24,4516.45,4525.5
1779431400,4525.495,4527.58,4521.85,4526.725
1779432300,4526.76,4528.98,4523.985,4527.02
1779433200,4527.045,4527.32,4521.385,4522.69
1779434100,4522.73,4527.5,4522.235,4525.9
1779435000,4525.885,4525.92,4516.2,4519.885
1779435900,4519.88,4523.35,4517.78,4521.87
1779436800,4521.875,4530.02,4521.61,4524.705
1779437700,4524.71,4531.32,4523.75,4527.055
1779438600,4527.04,4527.48,4517.02,4522.51
1779439500,4522.535,4525.2,4521.575,4521.835
1779440400,4521.83,4525.7,4517.425,4517.54
1779441300,4517.405,4520.67,4515.18,4517.935
1779442200,4517.905,4526.155,4514.88,4525.27
1779443100,4525.355,4535.96,4524.82,4532.255
1779444000,4532.265,4536.82,4529.58,4533.75
1779444900,4533.795,4534.23,4524.465,4524.715
1779445800,4524.745,4525.435,4512.255,4512.615
1779446700,4512.595,4515.275,4510.285,4514.705
1779447600,4514.66,4517.45,4513.94,4515.92
1779448500,4515.915,4515.925,4511.935,4512.18
1779449400,4512.17,4523.195,4511.67,4521.91
1779450300,4521.925,4525.315,4520.08,4520.635
1779451200,4520.595,4530.035,4518.735,4529.52
1779452100,4529.51,4535.96,4521.18,4521.89
1779453000,4521.885,4523.795,4515.325,4518.895
1779453900,4518.875,4528.495,4517.66,4528.24
1779454800,4528.225,4534.495,4520.835,4528.325
1779455700,4528.31,4529.985,4521.425,4522.23
1779456600,4522.22,4527.365,4511.19,4517.895
1779457500,4517.82,4519.095,4510.32,4514.02
1779458400,4513.6,4513.73,4492.655,4497.725
1779459300,4497.6,4500.565,4491.93,4499.12
1779460200,4499.165,4506.075,4497.325,4504.5
1779461100,4504.38,4507.325,4500.33,4500.615
1779462000,4500.73,4512.01,4500.245,4511.175
1779462900,4511.31,4519.34,4511.06,4519.33
1779463800,4519.35,4522.555,4517.32,4518.255
1779464700,4518.3,4521.98,4514.615,4519.975
1779465600,4520.085,4520.535,4517,4519.46
1779466500,4519.4,4524.23,4516.89,4523.785
1779467400,4523.825,4526.915,4512.535,4515.065
1779468300,4515.02,4517.985,4512.38,4515.05
1779469200,4515.1,4521.025,4514.925,4519.48
1779470100,4519.36,4526.02,4513.215,4525.51
1779471000,4525.395,4527.995,4519.565,4522.295
1779471900,4522.365,4522.93,4518.685,4519.255
1779472800,4519.245,4519.535,4512.11,4513.915
1779473700,4513.905,4517.89,4512.595,4515.405
1779474600,4515.41,4520.34,4514.045,4515.265
1779475500,4515.28,4516.07,4513.025,4515.27
1779476400,4515.28,4516.05,4507.01,4507.365
1779477300,4507.375,4509.16,4506.335,4507.33
1779478200,4507.335,4510.94,4504.34,4509.755
1779479100,4509.76,4510.125,4506.735,4508.45
1779480000,4508.48,4509.535,4505.035,4508.2
1779480900,4508.205,4510.69,4507.1,4510.415
1779481800,4510.365,4510.6,4504.8,4505.06
1779482700,4504.98,4509.92,4504.17,4509.69
1779660000,4550.54,4557.895,4549.82,4555.29
1779660900,4555.44,4556.515,4548.91,4552.39
1779661800,4552.395,4561.22,4551.985,4558.495
1779662700,4558.47,4565.825,4558.255,4565.33
1779663600,4565.36,4576.57,4565.27,4574.685
1779664500,4574.675,4578.645,4573.83,4575.12
1779665400,4575.135,4580.21,4575.09,4577.595
1779666300,4577.59,4578.45,4565.685,4567.08
1779667200,4567.07,4575.805,4566.33,4572.73
1779668100,4572.74,4575.61,4569.985,4572.335
1779669000,4572.285,4575.68,4570.875,4571.685
1779669900,4571.695,4579.575,4566.435,4569.72
1779670800,4569.715,4576.585,4560.605,4565.815
1779671700,4565.85,4575.495,4562.54,4573.5
1779672600,4573.45,4574.78,4563.42,4563.63
1779673500,4563.47,4567.395,4560.34,4563.08
1779674400,4563.09,4568.4,4561.235,4562.13
1779675300,4562.165,4563.665,4558.955,4562.95
1779676200,4562.985,4569.925,4561.675,4569.925
1779677100,4569.94,4570.51,4559.53,4561.43
1779678000,4561.435,4564.6,4560.565,4563.285
1779678900,4563.295,4564.58,4560.245,4560.8
1779679800,4560.81,4564.225,4558.27,4558.58
1779680700,4558.525,4561.3,4556.585,4559.78
1779681600,4559.655,4562.595,4559.39,4560.975
1779682500,4561,4565.94,4560.035,4565.17
1779683400,4565.19,4565.61,4559.46,4562.28
1779684300,4562.3,4565.75,4562.22,4564.88
1779685200,4564.895,4566,4562.895,4563.52
1779686100,4563.49,4563.635,4554.12,4554.28
1779687000,4554.33,4561.13,4552.865,4557.185
1779687900,4557.17,4558.03,4552.015,4553.43
1779688800,4553.455,4555.935,4550.55,4553.93
1779689700,4553.935,4557.435,4552.365,4554.33
1779690600,4554.44,4557.56,4553.65,4556.635
1779691500,4556.63,4563.43,4556.405,4562.69
1779692400,4562.7,4564.98,4560.72,4560.79
1779693300,4560.785,4561.25,4552.495,4554.69
1779694200,4554.695,4561.74,4554.28,4560.005
1779695100,4560.01,4565.18,4558.695,4564.79
1779696000,4564.78,4565.085,4559.585,4561.09
1779696900,4561.1,4561.34,4553.79,4554.9
1779697800,4554.905,4558.19,4553.445,4554.6
1779698700,4554.635,4556.63,4553.435,4556.01
1779699600,4556.07,4558.83,4554.92,4555.47
1779700500,4555.48,4559.12,4555.475,4558.94
1779701400,4558.925,4566.15,4558.435,4565.91
1779702300,4565.915,4569.165,4564.75,4567.62
1779703200,4567.62,4572.545,4567.62,4572.185
1779704100,4572.205,4573.825,4569.995,4571.13
1779705000,4571.135,4573.38,4568.47,4570.43
1779705900,4570.445,4572.655,4568.52,4568.6
1779706800,4568.63,4572.64,4567.705,4572.305
1779707700,4572.315,4575.315,4569.45,4571.805
1779708600,4571.735,4576.33,4571.69,4574.58
1779709500,4574.575,4577.115,4569.28,4569.46
1779710400,4569.455,4569.455,4556.33,4556.555
1779711300,4556.535,4561.21,4553.12,4560.725
1779712200,4560.73,4570.41,4559.98,4566.58
1779713100,4566.575,4568.93,4564.185,4567.795
1779714000,4567.74,4571.605,4561.715,4564.51
1779714900,4564.505,4564.81,4560.605,4562.07
1779715800,4562,4565.75,4561.705,4565.16
1779716700,4565.155,4565.555,4560.17,4563.125
1779717600,4563.14,4570.2,4562.46,4567.92
1779718500,4567.88,4570.655,4567.605,4568.035
1779719400,4568.05,4568.57,4565.2,4567.005
1779720300,4567.015,4569.16,4565.365,4566.985
1779721200,4566.97,4573.625,4565.665,4570.2
1779722100,4570.225,4574.875,4568.015,4573.495
1779723000,4573.525,4573.585,4566.93,4569.095
1779723900,4569.045,4572.885,4568.755,4571.06
1779724800,4571.07,4571.285,4568.68,4570.59
1779725700,4570.62,4570.705,4568.195,4568.235
1779726600,4568.255,4572.5,4568.005,4572.24
1779727500,4572.285,4574.685,4571.05,4573.63
1779728400,4573.485,4578.065,4573.47,4574.035
1779729300,4574.05,4574.59,4570.34,4571.34
1779730200,4571.335,4571.43,4566.16,4566.755
1779731100,4566.77,4566.77,4563.365,4565.11
1779732000,4565.175,4572.05,4564.325,4569.375
1779732900,4569.385,4570.88,4567.59,4570.315
1779746400,4571.33,4574.175,4570.805,4573.585
1779747300,4573.57,4575.75,4573.015,4573.32
1779748200,4573.33,4575.305,4569.68,4574.18
1779749100,4574.17,4576.635,4573.7,4574.935
1779750000,4574.95,4579.48,4573.81,4579.205
1779750900,4579.21,4580.245,4567.16,4568.41
1779751800,4568.39,4568.665,4555.415,4556.79
1779752700,4556.86,4563.065,4556.84,4559.77
1779753600,4559.865,4560.36,4548.6,4552.38
1779754500,4552.395,4553.51,4541.245,4549.44
1779755400,4549.44,4553.025,4543.39,4548.04
1779756300,4548.13,4551.91,4539.595,4549.9
1779757200,4549.905,4550.685,4542.61,4548.75
1779758100,4548.68,4549.26,4541.815,4544.02
1779759000,4544.02,4544.555,4527.865,4532.545
1779759900,4532.575,4537.5,4531.325,4537.3
1779760800,4537.285,4539.75,4535.555,4538.745
1779761700,4538.76,4539.15,4536.51,4536.96
1779762600,4536.99,4538.745,4533.765,4534.1
1779763500,4534.155,4534.88,4530.165,4532.445
1779764400,4532.45,4538.525,4532.22,4537.005
1779765300,4537.01,4543.855,4536.975,4542.3
1779766200,4542.37,4545.6,4540.905,4541.385
1779767100,4541.31,4543.96,4540.74,4542.4
1779768000,4542.44,4543.255,4536.315,4537.335
1779768900,4537.36,4539.63,4532.66,4532.68
1779769800,4532.67,4533.37,4525.215,4526.415
1779770700,4526.41,4529.245,4523.59,4525.65
1779771600,4525.635,4531.635,4523.005,4529.445
1779772500,4529.435,4531.515,4528.895,4531.4
1779773400,4531.305,4535.24,4528.035,4529.865
1779774300,4529.845,4530,4523.615,4527.37
1779775200,4527.32,4533.005,4527.26,4531.825
1779776100,4531.84,4536.28,4528.63,4530.38
1779777000,4530.35,4534.235,4528.475,4534.03
1779777900,4534.01,4534.195,4528.585,4531.135
1779778800,4531.225,4533.995,4525.93,4528.69
1779779700,4528.7,4531.39,4522.175,4529.78
1779780600,4529.805,4529.915,4521.68,4526.925
1779781500,4526.935,4539.2,4525.415,4538.365
1779782400,4538.33,4539.145,4527.045,4527.645
1779783300,4527.665,4530.115,4520.58,4522.365
1779784200,4522.375,4526.5,4520.11,4525.555
1779785100,4525.54,4527.575,4520.425,4523.88
1779786000,4523.89,4524.9,4519.42,4520.615
1779786900,4520.62,4526.665,4518.275,4524.985
1779787800,4524.975,4525.45,4512.07,4513.25
1779788700,4513.205,4523.66,4513.175,4522.775
1779789600,4522.81,4532.19,4519.52,4529.695
1779790500,4529.705,4535.43,4527.465,4533.415
1779791400,4533.42,4539.055,4531.445,4533.425
1779792300,4533.465,4540.69,4533.275,4534.46
1779793200,4534.46,4536.405,4531.74,4531.745
1779794100,4531.75,4532.835,4522.9,4523.73
1779795000,4523.725,4523.925,4504.68,4510.22
1779795900,4510.23,4515.9,4503.615,4507.46
1779796800,4507.465,4512.32,4504.49,4510.625
1779797700,4510.6,4516.165,4503.715,4506.265
1779798600,4506.28,4512.25,4500.785,4512.25
1779799500,4512.255,4523.875,4510.65,4520.59
1779800400,4520.565,4526.385,4516.225,4518.505
1779801300,4518.525,4527.615,4518.245,4522.515
1779802200,4522.48,4531.475,4521.295,4527.325
1779803100,4527.425,4529.26,4512.3,4514.15
1779804000,4514.37,4520.485,4507.91,4511.015
1779804900,4510.99,4518.085,4508.595,4517.835
1779805800,4517.665,4525.11,4516.84,4521.57
1779806700,4521.535,4522.17,4512.935,4515.425
1779807600,4515.495,4515.755,4508.28,4509.535
1779808500,4509.525,4510.54,4504.865,4506.195
1779809400,4506.205,4509.005,4502.41,4508.49
1779810300,4508.47,4510.965,4506.015,4506.64
1779811200,4506.725,4508.68,4500.605,4501.395
1779812100,4501.415,4508.89,4499.845,4508.19
1779813000,4508.195,4511.34,4506.35,4506.755
1779813900,4506.77,4507.94,4503.195,4505.155
1779814800,4505.155,4507.565,4503.395,4503.77
1779815700,4503.765,4507.765,4500.595,4501.53
1779816600,4501.48,4501.825,4496.88,4498.605
1779817500,4498.6,4501.405,4490.025,4491.19
1779818400,4491.135,4493.55,4482.62,4487.33
1779819300,4487.26,4496.34,4486.425,4495.355
1779820200,4495.35,4498.5,4494.28,4496.18
1779821100,4496.17,4499.66,4496.165,4499.425
1779822000,4499.43,4501.3,4497.805,4499.535
1779822900,4499.55,4504.7,4499.445,4502.155
1779823800,4502.13,4505.99,4500.925,4504.94
1779824700,4504.95,4510.055,4504.27,4509.05
1779825600,4509.04,4511.22,4506.215,4507.825
1779826500,4507.88,4509.955,4506.385,4506.655
1779827400,4506.635,4509.885,4506.145,4508.955
1779828300,4508.92,4510.28,4504.2,4507.57
1779832800,4506.725,4509.71,4500.88,4505.12
1779833700,4505.22,4510.14,4502.62,4504.305
1779834600,4504.31,4505.71,4498.125,4500.82
1779835500,4500.795,4512.66,4499.69,4511.13
1779836400,4511.155,4513.855,4507.71,4509.055
1779837300,4509.05,4512.35,4504.485,4512.35
1779838200,4512.33,4527.03,4511.205,4526.75
1779839100,4526.775,4528.05,4518.545,4519.68
1779840000,4519.54,4526.035,4517.265,4522.13
1779840900,4522.12,4522.68,4514.315,4517.915
1779841800,4518.36,4520.885,4516.885,4518.72
1779842700,4518.765,4522.24,4514.66,4515.06
1779843600,4515.055,4521.165,4512.635,4519.645
1779844500,4519.64,4521.19,4514.525,4516.27
1779845400,4516.22,4517.265,4509.63,4510.3
1779846300,4510.335,4510.825,4507.005,4508.165
1779847200,4508.16,4509.745,4502.285,4504.34
1779848100,4504.325,4505.84,4499.245,4505.63
1779849000,4505.68,4506.165,4498.96,4500.035
1779849900,4500.045,4507.29,4498.075,4505.96
1779850800,4505.94,4510.555,4505.14,4509.445
1779851700,4509.49,4512.095,4505.7,4507.24
1779852600,4507.25,4507.39,4501.78,4504.505
1779853500,4504.505,4505.665,4496.91,4497.325
1779854400,4497.32,4503.435,4496.065,4503.11
1779855300,4503.11,4503.555,4499.535,4499.535
1779856200,4499.425,4508.55,4497.905,4508.54
1779857100,4508.58,4517.375,4508.58,4510.28
1779858000,4510.31,4513.94,4508.545,4509.13
1779858900,4509.135,4509.165,4504.13,4507.4
1779859800,4507.355,4508.875,4491.89,4493.57
1779860700,4493.655,4502.47,4491.97,4497.685
1779861600,4497.68,4499.31,4493.815,4494.01
1779862500,4493.99,4495.865,4483.765,4486.295
1779863400,4486.305,4488.04,4479.87,4487.905
1779864300,4487.905,4490.36,4483.54,4485.17
1779865200,4485.18,4488.785,4480.195,4480.47
1779866100,4480.55,4489.43,4480.35,4486.335
1779867000,4486.385,4488.77,4481.35,4482.945
1779867900,4482.955,4484.31,4475.985,4482.265
1779868800,4482.27,4489.485,4481.385,4486.49
1779869700,4486.505,4492.98,4486.27,4489.23
1779870600,4489.34,4496.72,4486.13,4496.24
1779871500,4496.325,4498.845,4492.82,4497.93
1779872400,4497.92,4497.92,4488.94,4491.825
1779873300,4491.82,4495.445,4489.375,4490.345
1779874200,4490.35,4492.265,4487.14,4488.585
1779875100,4488.565,4493.195,4488.39,4490.165
1779876000,4490.16,4490.705,4484.355,4485.565
1779876900,4485.525,4486.525,4476.46,4476.915
1779877800,4476.91,4477.34,4462.085,4465.525
1779878700,4465.51,4467.01,4442.765,4445.99
1779879600,4446.075,4453.41,4443.48,4451.405
1779880500,4451.41,4452.495,4439.755,4441.065
1779881400,4441.055,4444.325,4432.51,4443.235
1779882300,4443.23,4444.79,4425.145,4428.795
1779883200,4428.79,4437.755,4428.52,4430.485
1779884100,4430.49,4466.7,4427.66,4454.705
1779885000,4454.65,4460.33,4444.68,4447.265
1779885900,4447.275,4448.39,4437.895,4439.01
1779886800,4438.975,4439.215,4411.23,4416.83
1779887700,4416.805,4421.4,4401.63,4405.045
1779888600,4404.86,4425.805,4404.255,4419.315
1779889500,4419.33,4434.095,4418.415,4427.425
1779890400,4427.455,4455.655,4426.08,4448.03
1779891300,4448.045,4455.355,4440.075,4445.54
1779892200,4445.22,4449.375,4435.8,4443.205
1779893100,4443.195,4446.29,4433.44,4434.105
1779894000,4434.07,4438.71,4428.21,4432.225
1779894900,4432.26,4436.03,4429.855,4436.03
1779895800,4436.015,4441.64,4433.14,4434.17
1779896700,4434.23,4438.86,4431.135,4436.55
1779897600,4436.555,4441.975,4434.23,4440.315
1779898500,4440.36,4447.675,4439.985,4446.955
1779899400,4446.945,4453.36,4445.24,4450.84
1779900300,4450.885,4453.32,4449.45,4450.8
1779901200,4450.82,4451.865,4441.415,4444.115
1779902100,4444.11,4451.395,4443.33,4450.005
1779903000,4450.16,4454.39,4450.16,4450.725
1779903900,4450.72,4454.18,4450.155,4450.495
1779904800,4450.28,4452.3,4447.795,4450.185
1779905700,4450.225,4458.445,4449.96,4455.56
1779906600,4455.555,4456.515,4451.435,4453.29
1779907500,4453.285,4455.05,4452.31,4454.435
1779908400,4454.445,4454.81,4450.6,4451.94
1779909300,4451.84,4454.17,4449.775,4451.135
1779910200,4451.14,4454.855,4449.705,4453.805
1779911100,4453.78,4453.855,4448.905,4451.01
1779912000,4450.925,4455.375,4450.13,4455.36
1779912900,4455.355,4458.975,4454.74,4455.04
1779913800,4455.025,4455.74,4451.72,4453.825
1779914700,4453.835,4456.635,4452.805,4456.12
1779919200,4456.89,4462.54,4455.895,4458
1779920100,4458.025,4462.185,4456.7,4460.025
1779921000,4460.035,4462.58,4455.31,4458.765
1779921900,4458.74,4459.075,4455.515,4457.55
1779922800,4457.545,4457.815,4451.805,4453.65
1779923700,4453.7,4454.97,4449.35,4450.73
1779924600,4450.72,4454.205,4449.175,4450.83
1779925500,4450.82,4450.82,4443.905,4447.11
1779926400,4447.125,4452.465,4444.445,4444.76
1779927300,4444.765,4454.24,4444.02,4446.385
1779928200,4446.355,4453.36,4443.7,4452.17
1779929100,4452.32,4458.245,4450.83,4457.15
1779930000,4457.56,4459,4437.785,4438.17
1779930900,4438.175,4440.385,4417.255,4419.3
1779931800,4419.295,4426.595,4416.005,4417.81
1779932700,4417.815,4420.55,4406.875,4410.105
1779933600,4410.29,4412.91,4396.44,4402.73
1779934500,4402.78,4408.5,4399.97,4406.265
1779935400,4406.25,4410.505,4400.8,4402.145
1779936300,4402.17,4402.365,4392.63,4394.37
1779937200,4394.27,4397.925,4390.12,4394.07
1779938100,4394.065,4394.39,4382.15,4387.58
1779939000,4387.56,4387.905,4371.03,4377
1779939900,4377.025,4379.42,4368.605,4374.89
1779940800,4374.86,4382.4,4369.715,4376.22
1779941700,4376.26,4377.145,4366.23,4368.585
1779942600,4368.575,4375.235,4368.5,4374.15
1779943500,4374.16,4375.525,4368.42,4373.1
1779944400,4373.13,4377.38,4367.215,4375.395
1779945300,4375.37,4380.06,4371.89,4378.905
1779946200,4378.92,4393.585,4375.205,4389.645
1779947100,4389.675,4395.97,4387.79,4388.115
1779948000,4388.1,4390.67,4374.655,4376.125
1779948900,4376.1,4384.87,4374.31,4380.415
1779949800,4380.4,4385.675,4376.965,4380.605
1779950700,4380.585,4384.63,4379.295,4383.795
1779951600,4383.815,4392.445,4383.815,4388.91
1779952500,4388.99,4396.31,4386.275,4392.745
1779953400,4392.74,4393.91,4385.54,4389.47
1779954300,4389.48,4391.21,4382.9,4387.745
1779955200,4387.725,4395.145,4386.49,4393.53
1779956100,4393.43,4394.79,4387.46,4389.86
1779957000,4389.91,4395.07,4386.215,4389.94
1779957900,4390.13,4391.885,4385.99,4387.055
1779958800,4387.01,4391.145,4386.545,4389.425
1779959700,4389.39,4399.195,4388.72,4396.425
1779960600,4396.395,4396.98,4390.225,4391.125
1779961500,4391.12,4396.39,4389.8,4393.605
1779962400,4393.645,4404.33,4391.53,4399.32
1779963300,4399.395,4402.51,4393.755,4401.21
1779964200,4401.205,4402.53,4388.13,4389.18
1779965100,4389.175,4389.175,4375.255,4383.17
1779966000,4383.12,4389.435,4381.68,4387.185
1779966900,4387.105,4390.725,4384.445,4384.945
1779967800,4384.97,4390.42,4381.01,4385.92
1779968700,4385.8,4388.455,4381.05,4387.925
1779969600,4387.945,4393.16,4387.92,4392.795
1779970500,4392.79,4393.035,4379.745,4385.97
1779971400,4385.98,4403.32,4384.27,4402.405
1779972300,4402.495,4433.88,4401.745,4432.24
1779973200,4432.245,4439.185,4425.1,4426.74
1779974100,4426.755,4434.495,4425.81,4428.5
1779975000,4428.57,4430.77,4418.255,4422.15
1779975900,4422.035,4434.34,4421.54,4430.46
1779976800,4430.285,4467.75,4420.87,4464.4
1779977700,4464.405,4473.425,4451.585,4460.91
1779978600,4460.92,4471.655,4452.885,4469.01
1779979500,4469.055,4480.53,4462.095,4469.97
1779980400,4469.945,4480.765,4468.825,4471.475
1779981300,4471.495,4482.165,4469.31,4476.87
1779982200,4476.885,4484.995,4476.88,4479.415
1779983100,4479.475,4482.505,4478.565,4482.505
1779984000,4482.51,4485.95,4477.685,4484.595
1779984900,4484.62,4503.03,4484.12,4500.57
1779985800,4500.58,4506.455,4497.735,4504.425
1779986700,4504.5,4511.075,4504.4,4511.015
1779987600,4511.035,4514.63,4503.695,4504.065
1779988500,4504.07,4506.97,4501.305,4502.165
1779989400,4502.455,4507.195,4502.455,4505.15
1779990300,4505.165,4510.045,4504.79,4509.065
1779991200,4509.06,4516.63,4506.275,4507.71
1779992100,4507.735,4512.715,4505.385,4506.31
1779993000,4506.33,4506.455,4500.915,4501.885
1779993900,4501.835,4503.785,4498.645,4501.385
1779994800,4501.365,4503.79,4498.72,4499.595
1779995700,4499.65,4503.02,4499.62,4499.835
1779996600,4499.865,4501.825,4498.995,4499.29
1779997500,4499.38,4500.585,4497.305,4497.995
1779998400,4497.965,4498.795,4495.065,4497.225
1779999300,4497.09,4500.715,4496.25,4499.285
1780000200,4499.275,4500.71,4494.975,4495.48
1780001100,4495.495,4496.53,4494.775,4495.825
1780005600,4497.085,4498.15,4491.7,4493.875
1780006500,4493.84,4496.645,4492.925,4495.965
1780007400,4495.96,4496.575,4493.17,4495.685
1780008300,4495.65,4496.22,4491.135,4491.22
1780009200,4491.26,4495.89,4491.26,4494.97
1780010100,4494.99,4497.24,4492.03,4492.56
1780011000,4492.47,4494.81,4489.005,4489.95
1780011900,4489.945,4496.38,4488.975,4495.08
1780012800,4495.195,4498.525,4492.085,4497.71
1780013700,4497.62,4500.695,4495.945,4500.105
1780014600,4500.09,4500.75,4493.445,4498.595
1780015500,4498.38,4498.605,4493.45,4496.22
1780016400,4496.37,4515.515,4492.42,4515.115
1780017300,4515.04,4520.815,4505.245,4505.375
1780018200,4505.355,4508.585,4502.605,4506.58
1780019100,4506.535,4507.695,4501.295,4506.52
1780020000,4506.55,4511.31,4504.18,4507.025
1780020900,4507.035,4509.185,4502.06,4503.345
1780021800,4503.365,4507.95,4498.6,4505.2
1780022700,4505.195,4508.225,4501.235,4501.785
1780023600,4501.69,4502.145,4495.055,4496.37
1780024500,4496.405,4499.165,4495.315,4496.95
1780025400,4497.01,4499.32,4494.935,4498.48
1780026300,4498.22,4501.575,4496.44,4501.38
1780027200,4501.365,4505.36,4501.18,4502.215
1780028100,4502.225,4511.665,4502.01,4509.135
1780029000,4509.145,4510.96,4508.47,4510.65
1780029900,4510.615,4515.19,4508.125,4514.105
1780030800,4514.1,4515.39,4508.885,4512.015
1780031700,4511.955,4512.29,4509.53,4510
1780032600,4509.92,4512.905,4502.635,4506.86
1780033500,4506.855,4515.73,4504.04,4515.165
1780034400,4515.17,4522.47,4511.265,4515.975
1780035300,4515.96,4521.445,4510.03,4516.645
1780036200,4516.685,4520.815,4511.53,4516.935
1780037100,4516.915,4524.09,4515.395,4523.605
1780038000,4523.59,4524.14,4515.945,4516.32
1780038900,4516.31,4517.18,4510.695,4514.18
1780039800,4513.98,4526.04,4512.86,4525.34
1780040700,4525.325,4526.2,4522.305,4524.82
1780041600,4524.8,4524.855,4514.145,4515.405
1780042500,4515.395,4518,4512.575,4516.975
1780043400,4516.99,4518,4513.895,4515.265
1780044300,4515.165,4516.515,4509.955,4514.95
1780045200,4514.965,4530.48,4513.255,4529.095
1780046100,4529.115,4532.505,4522.15,4529.14
1780047000,4529.1,4532.71,4524.93,4532.32
1780047900,4532.365,4539.75,4529.695,4531.315
1780048800,4531.26,4531.26,4525.58,4528.64
1780049700,4528.59,4531.07,4525.83,4530.57
1780050600,4530.62,4543.31,4530.505,4537.9
1780051500,4537.905,4540.97,4535.43,4538.825
1780052400,4538.785,4540.665,4530.94,4532.42
1780053300,4532.295,4534.615,4526.96,4528.015
1780054200,4528.035,4531.665,4525.935,4531.29
1780055100,4531.295,4538.99,4527.38,4538.58
1780056000,4538.6,4538.765,4526.995,4528.485
1780056900,4528.49,4531.995,4520.115,4522.275
1780057800,4522.295,4523.445,4512.73,4514.28
1780058700,4514.275,4524.15,4512.785,4523.215
1780059600,4523.18,4527.145,4517.04,4522.925
1780060500,4522.94,4529.19,4521.42,4528.25
1780061400,4528.235,4535.58,4522.54,4533.21
1780062300,4533.25,4540.785,4529.455,4536.725
1780063200,4536.73,4552.655,4535.215,4543.87
1780064100,4543.88,4545.135,4526.16,4529.915
1780065000,4529.9,4542.11,4525.38,4540.485
1780065900,4540.415,4570.61,4536.675,4564.135
1780066800,4564.13,4595.33,4564.13,4589.91
1780067700,4589.905,4591.675,4578.17,4578.68
1780068600,4578.695,4583.285,4561.43,4566.68
1780069500,4566.69,4571.515,4557.56,4571.25
1780070400,4571.3,4572.29,4560.07,4563.72
1780071300,4563.88,4567.845,4560.445,4563.195
1780072200,4563.19,4573.68,4562.075,4569.585
1780073100,4569.515,4569.515,4561.12,4567.03
1780074000,4567.05,4568.57,4563.425,4564.23
1780074900,4564.245,4567.055,4560.535,4561.98
1780075800,4562.09,4562.405,4553.345,4554.18
1780076700,4554.175,4557.82,4551.715,4553.51
1780077600,4553.545,4558.895,4552.53,4558.29
1780078500,4558.42,4560.51,4555.715,4559.435
1780079400,4559.455,4561.75,4557.655,4558.1
1780080300,4558.105,4558.105,4551.015,4553.245
1780081200,4553.24,4560.29,4552.38,4558.495
1780082100,4558.48,4559.325,4554.85,4555.275
1780083000,4555.26,4556.475,4551.37,4551.645
1780083900,4551.635,4551.715,4542.9,4545.685
1780084800,4545.515,4549.24,4542.92,4548.89
1780085700,4548.855,4548.98,4542.415,4542.97
1780086600,4542.85,4544.335,4541.555,4543.775
1780087500,4543.765,4543.99,4540.06,4540.53
1780264800,4520.795,4535.46,4520.025,4534.805
1780265700,4534.805,4536.73,4531.465,4533.4
1780266600,4533.035,4536.76,4531.1,4535.725
1780267500,4535.72,4540.485,4534.88,4535.37
1780268400,4535.405,4543.275,4535.23,4542.67
1780269300,4542.715,4545.115,4540.105,4545.05
1780270200,4545.06,4545.845,4538.66,4542.03
1780271100,4541.98,4544.815,4538.655,4539.665
1780272000,4539.68,4546.27,4537.41,4541.115
1780272900,4541.085,4544.615,4537.915,4543.25
1780273800,4543.43,4545.24,4535.39,4536.1
1780274700,4536.08,4542.945,4536.035,4540.765
1780275600,4540.83,4541.45,4526.325,4533.935
1780276500,4533.93,4536.945,4527.965,4528.87
1780277400,4528.86,4533.93,4527.285,4533.275
1780278300,4533.255,4533.78,4523.715,4525.47
1780279200,4525.46,4534.26,4524.48,4532.36
1780280100,4532.31,4534.825,4529.475,4530.455
1780281000,4530.42,4531.24,4522.44,4523.17
1780281900,4523.15,4525.185,4521.325,4521.595
1780282800,4521.605,4525.64,4515.685,4519.085
1780283700,4519.035,4521.465,4513.96,4520.705
1780284600,4520.67,4524.24,4509.99,4510.795
1780285500,4510.84,4516.62,4509.965,4516.555
1780286400,4516.615,4519.74,4512.63,4514.895
1780287300,4514.88,4518.64,4514.88,4515.945
1780288200,4515.95,4517.34,4513.63,4514.64
1780289100,4514.675,4515.33,4508.64,4514.64
1780290000,4514.66,4519.5,4513.825,4518.275
1780290900,4518.375,4523.745,4517.695,4520.66
1780291800,4520.67,4522.29,4512.79,4519.87
1780292700,4519.84,4525.27,4517.08,4518.32
1780293600,4518.285,4518.855,4512.685,4514.165
1780294500,4514.17,4516.015,4504.98,4514.65
1780295400,4514.645,4514.99,4501.67,4504.775
1780296300,4504.78,4505.09,4500.32,4501.61
1780297200,4501.57,4510.09,4500.765,4507.445
1780298100,4507.45,4508.515,4503.365,4503.95
1780299000,4503.995,4507.845,4497.97,4498.15
1780299900,4498.17,4503.35,4492.59,4503.345
1780300800,4503.325,4504.69,4493.7,4495.79
1780301700,4495.74,4497.095,4490.45,4496.135
1780302600,4496.11,4500.57,4492.79,4500.27
1780303500,4500.02,4502.68,4495.705,4498.275
1780304400,4498.27,4501,4497.87,4499.835
1780305300,4499.84,4506.455,4496.455,4496.455
1780306200,4496.465,4499.505,4489.095,4498.585
1780307100,4498.525,4498.74,4493.87,4495.945
1780308000,4495.95,4502.22,4495.95,4501.505
1780308900,4501.635,4503.675,4496.26,4501.1
1780309800,4501.15,4507.52,4500.75,4506.04
1780310700,4506.08,4511.15,4502.74,4504.125
1780311600,4504.11,4506.79,4499.94,4504.915
1780312500,4504.925,4513.08,4504.21,4510.7
1780313400,4510.675,4512.425,4506.26,4507.295
1780314300,4507.26,4509.845,4505.455,4505.895
1780315200,4505.915,4509.715,4503.115,4503.505
1780316100,4503.395,4507.865,4497.62,4505.675
1780317000,4505.695,4508.38,4497.885,4507.365
1780317900,4507.32,4510.55,4498.655,4502.215
1780318800,4502.265,4503.985,4472.465,4484.35
1780319700,4484.45,4489.79,4462.51,4464.87
1780320600,4464.855,4478.78,4459.17,4467.28
1780321500,4467.31,4469.805,4448.35,4450.745
1780322400,4449.595,4462.17,4447.86,4461.26
1780323300,4461.25,4464.845,4449.91,4456.275
1780324200,4456.19,4461.7,4453.94,4460.155
1780325100,4460.16,4461.415,4452.4,4458.81
1780326000,4458.83,4465.41,4455.595,4464.255
1780326900,4464.335,4470.41,4463.36,4468.42
1780327800,4468.33,4479.885,4468.13,4472.275
1780328700,4472.3,4475.465,4468.755,4474.29
1780329600,4474.16,4478.51,4465.27,4467.27
1780330500,4467.25,4469.77,4463.07,4467.995
1780331400,4468.03,4472.02,4467.85,4468.215
1780332300,4468.135,4482.27,4467.57,4480.17
1780333200,4480.23,4481.085,4471.58,4475.14
1780334100,4475.13,4482.905,4472.485,4482.87
1780335000,4482.905,4491.685,4480.55,4491.675
1780335900,4491.685,4495.54,4487.375,4487.46
1780336800,4487.455,4490.24,4486.395,4488.725
1780337700,4488.69,4490.2,4486.535,4486.725
1780338600,4486.86,4488.16,4484.915,4487.92
1780339500,4487.915,4488.64,4486.59,4486.73
1780340400,4486.605,4488.245,4484.835,4485.485
1780341300,4485.5,4486.73,4484.325,4484.695
1780342200,4484.69,4485.68,4483.165,4483.435
1780343100,4483.485,4484.345,4479.16,4481.265
1780344000,4481.29,4484.415,4480.26,4483.59
1780344900,4483.605,4484.415,4482.2,4483.25
1780345800,4483.285,4484.795,4482.2,4482.645
1780346700,4482.615,4485.89,4481.335,4484.725
1780351200,4483.385,4484.675,4481.705,4484.51
1780352100,4484.505,4485.24,4481.4,4481.485
1780353000,4481.48,4483.695,4479.755,4481.545
1780353900,4481.555,4486.67,4481.515,4485.765
1780354800,4485.755,4487.95,4481.74,4486.085
1780355700,4486.065,4488.345,4485.45,4487.205
1780356600,4487.24,4487.5,4480.545,4483.42
1780357500,4483.37,4485.94,4479.21,4484.475
1780358400,4484.545,4485.265,4476.91,4481.33
1780359300,4481.325,4493.92,4481.135,4493.835
1780360200,4493.79,4497.135,4485.065,4487.125
1780361100,4487.12,4487.775,4480.83,4481.545
1780362000,4481.45,4491.885,4473.8,4489.93
1780362900,4489.875,4492.49,4481.15,4486.595
1780363800,4486.585,4489.395,4479.595,4480.05
1780364700,4479.96,4482.485,4463.01,4474.03
1780365600,4474,4481.355,4472.265,4480.835
1780366500,4480.84,4484.875,4478.82,4481.785
1780367400,4481.77,4485.655,4474.51,4476.57
1780368300,4476.58,4486.78,4473.535,4486.065
1780369200,4486.05,4492.81,4485.785,4488.28
1780370100,4488.255,4497.76,4485.815,4495.27
1780371000,4495.265,4499.43,4493,4497.315
1780371900,4497.12,4499.445,4495.56,4499.425
1780372800,4499.43,4505.565,4497.915,4504.8
1780373700,4504.75,4510.145,4504.155,4504.67
1780374600,4504.62,4511.17,4503.52,4510.375
1780375500,4510.325,4518.4,4510,4517.45
1780376400,4517.44,4518.92,4515.1,4518.735
1780377300,4518.785,4521.915,4516.81,4519.89
1780378200,4519.955,4528.26,4519.78,4524.655
1780379100,4524.65,4526.38,4516.3,4517.195
1780380000,4517.145,4525,4517.07,4519.11
1780380900,4519.025,4534.035,4518.05,4533.12
1780381800,4533.13,4538.455,4531.87,4532.91
1780382700,4532.875,4536.91,4532.08,4535.945
1780383600,4535.765,4541.63,4533.24,4540.05
1780384500,4540.035,4540.67,4533.43,4534.11
1780385400,4534.175,4535.425,4531.17,4531.945
1780386300,4531.93,4535.505,4528.085,4535.14
1780387200,4535.16,4539.255,4533.195,4534.93
1780388100,4534.99,4535.49,4529.835,4531.215
1780389000,4531.115,4533.535,4528.345,4528.91
1780389900,4528.88,4530.275,4526.095,4526.845
1780390800,4526.855,4534.345,4525.43,4534.005
1780391700,4534.055,4535.76,4525.34,4526.82
1780392600,4526.985,4527.43,4521.715,4525.595
1780393500,4525.48,4531.56,4525.105,4529.95
1780394400,4529.97,4531.955,4527.72,4528.875
1780395300,4528.81,4529.695,4524.7,4528.465
1780396200,4528.485,4528.86,4525.49,4528.855
1780397100,4529.055,4534.085,4529.045,4533.28
1780398000,4533.29,4534.845,4528.815,4528.88
1780398900,4528.9,4530.225,4526.555,4530.16
1780399800,4530.155,4530.785,4526.3,4526.89
1780400700,4526.9,4530.68,4525.72,4527.635
1780401600,4527.66,4528.74,4524.91,4526.275
1780402500,4526.36,4534.19,4524.065,4529.515
1780403400,4529.5,4533.84,4521.79,4525.14
1780404300,4525.345,4526.08,4513.555,4514.79
1780405200,4514.84,4524.91,4511.94,4514.155
1780406100,4514.16,4517.305,4510.08,4510.87
1780407000,4510.885,4514.54,4506.32,4508.665
1780407900,4508.45,4513.94,4503.015,4503.08
1780408800,4503.055,4507.065,4498.455,4504.365
1780409700,4504.37,4505.23,4490.435,4495.745
1780410600,4495.78,4505.515,4495.69,4504.49
1780411500,4504.48,4506.47,4501.025,4504.27
1780412400,4504.29,4508.14,4501.67,4503.48
1780413300,4503.55,4506.365,4501.35,4505.425
1780414200,4505.475,4508.64,4500.16,4502.515
1780415100,4502.735,4507.125,4501.295,4502.18
1780416000,4502.245,4502.85,4498.115,4498.165
1780416900,4498.16,4498.44,4490.29,4490.335
1780417800,4490.33,4491.54,4486.355,4489.895
1780418700,4489.89,4492.045,4489.23,4491.965
1780419600,4491.95,4493.22,4486.795,4489.635
1780420500,4489.63,4491.795,4486.595,4491.23
1780421400,4491.09,4491.765,4482.14,4484.66
1780422300,4484.75,4486.675,4482.765,4484.615
1780423200,4484.63,4488.675,4484.33,4485.185
1780424100,4485.18,4491.075,4484.075,4488.575
1780425000,4488.56,4489.57,4478.785,4480.475
1780425900,4480.59,4490.645,4480.3,4487.365
1780426800,4487.385,4489.235,4487.235,4487.335
1780427700,4487.325,4489.685,4485.78,4489.64
1780428600,4489.645,4490.375,4483.495,4487.495
1780429500,4487.49,4488.69,4485.8,4488.205
1780430400,4488.185,4489.995,4486.315,4489.995
1780431300,4489.945,4491.14,4488.685,4489.75
1780432200,4489.885,4491.075,4488.985,4489.11
1780433100,4489.1,4490.12,4486.805,4487.955
1780437600,4490.115,4493.32,4488.045,4489.7
1780438500,4489.665,4491.695,4487.8,4490.205
1780439400,4490.105,4491.47,4487.41,4489.04
1780440300,4489.09,4492.355,4484.15,4484.94
1780441200,4485.015,4488.91,4474.64,4477.565
1780442100,4477.55,4477.575,4462.29,4467.635
1780443000,4467.675,4475.265,4462.665,4475.225
1780443900,4475.24,4475.51,4469.285,4474.465
1780444800,4474.375,4479.865,4474.11,4475.97
1780445700,4475.985,4483.505,4474.425,4483.305
1780446600,4483.31,4496.885,4481.38,4496.11
1780447500,4496.13,4496.13,4485.99,4486.19
1780448400,4486.01,4487.81,4467.405,4471.415
1780449300,4471.5,4472.89,4463.64,4467.305
1780450200,4467.365,4473.255,4464.97,4470.555
1780451100,4470.54,4477.245,4470.265,4475.86
1780452000,4475.955,4481.615,4472.9,4480.86
1780452900,4480.875,4481.24,4474.25,4478.93
1780453800,4478.91,4485.335,4474.905,4479
1780454700,4478.95,4481.99,4473.075,4481.895
1780455600,4481.91,4487.655,4481.86,4485.76
1780456500,4485.8,4487.345,4483.24,4483.525
1780457400,4483.615,4485.875,4483.2,4484.54
1780458300,4484.495,4486.385,4482.605,4484.475
1780459200,4484.62,4487.07,4484.035,4486.955
1780460100,4486.965,4488.44,4477.155,4477.155
1780461000,4477.12,4477.385,4470.965,4473.515
1780461900,4473.51,4474.135,4468.385,4469.485
1780462800,4469.455,4473.835,4467.44,4473.45
1780463700,4473.425,4474.455,4466.265,4468.655
1780464600,4468.68,4469.095,4459.155,4462.07
1780465500,4462,4468.535,4456.71,4457.165
1780466400,4457.215,4467.55,4456.92,4466.195
1780467300,4466.065,4471.06,4459.02,4462.785
1780468200,4462.765,4465.26,4457.16,4460.76
1780469100,4460.7,4463.32,4455.39,4463.2
1780470000,4463.245,4472.375,4460.075,4469.54
1780470900,4469.545,4469.995,4456.27,4456.27
1780471800,4456.285,4463.525,4454.415,4458.95
1780472700,4459.02,4464.11,4453.025,4453.46
1780473600,4453.55,4459.495,4451.035,4455.65
1780474500,4455.695,4457.64,4450.73,4457.505
1780475400,4457.47,4459.05,4454.5,4456.57
1780476300,4456.58,4457.93,4440.365,4444.11
1780477200,4444.065,4459.135,4441.92,4451.365
1780478100,4451.36,4452.14,4439.52,4440.115
1780479000,4440.12,4448.57,4439.09,4446.73
1780479900,4446.715,4448.18,4441.15,4443.315
1780480800,4443.28,4467.185,4441.115,4463.17
1780481700,4463.22,4464.535,4453.635,4460.145
1780482600,4460.155,4463.105,4453.365,4454.25
1780483500,4454.235,4461.18,4453.85,4459.045
1780484400,4459.035,4468.19,4459.035,4462.13
1780485300,4462.145,4465.85,4459.265,4464.72
1780486200,4464.725,4467.28,4459.51,4460.39
1780487100,4460.4,4465.015,4458.645,4462.56
1780488000,4462.555,4464.725,4457.295,4459.255
1780488900,4459.26,4462.5,4452.09,4452.93
1780489800,4453.045,4460.68,4448.375,4459.07
1780490700,4459.065,4467.255,4455.485,4460.365
1780491600,4460.34,4466.205,4457.98,4462.315
1780492500,4462.36,4463.3,4445.875,4448.705
1780493400,4448.77,4453.325,4427.45,4427.45
1780494300,4427.36,4450.245,4426.42,4446.875
1780495200,4446.84,4456.875,4442.48,4454.615
1780496100,4454.62,4458.78,4445.995,4452.115
1780497000,4452.135,4453.7,4447.265,4448.415
1780497900,4448.315,4459.745,4448.08,4457.24
1780498800,4457.3,4458.515,4445.025,4446
1780499700,4445.97,4451.03,4439.52,4445.185
1780500600,4445.085,4445.675,4436.755,4440.265
1780501500,4440.25,4443.9,4438.035,4442.405
1780502400,4442.27,4444.05,4437.295,4439.285
1780503300,4439.305,4441.445,4433.925,4437.73
1780504200,4437.65,4440.895,4435.565,4439.12
1780505100,4439.13,4442.86,4437.005,4442
1780506000,4442.035,4448.445,4441.685,4442.015
1780506900,4442.105,4443.61,4437.91,4439.115
1780507800,4438.895,4442.39,4435.73,4440.68
1780508700,4440.69,4440.945,4437.105,4439.2
1780509600,4439.19,4440.715,4435.67,4436.985
1780510500,4437,4440.62,4435.535,4440.135
1780511400,4440.095,4442.585,4437.105,4439.985
1780512300,4440.015,4443.075,4439.685,4442.235
1780513200,4442.23,4450.1,4441.605,4449.885
1780514100,4449.875,4452.325,4446.635,4448.125
1780515000,4448.19,4449.74,4446.65,4446.905
1780515900,4446.92,4447.425,4443.14,4444.03
1780516800,4444.04,4445.485,4438.645,4440.07
1780517700,4440.135,4440.345,4437.49,4439.11
1780518600,4439.095,4439.69,4432.36,4433.515
1780519500,4433.535,4435.13,4430.635,4434.715
1780524000,4431.91,4436.36,4429.475,4431.96
1780524900,4432.01,4435.855,4423.965,4434.3
1780525800,4434.34,4440.59,4434.29,4436.935
1780526700,4436.9,4453.23,4436.815,4449.285
1780527600,4449.23,4450.515,4445.64,4447.975
1780528500,4448.045,4451.62,4447.295,4450.89
1780529400,4450.95,4454.225,4446.35,4453.795
1780530300,4453.79,4464.87,4453.745,4457.54
1780531200,4457.615,4465.46,4453.095,4453.435
1780532100,4453.45,4456.765,4447.61,4450.76
1780533000,4450.765,4452.87,4444.245,4448.515
1780533900,4448.505,4453.06,4445.14,4448.57
1780534800,4448.38,4467.44,4443.18,4464.62
1780535700,4464.63,4473.95,4459.905,4465.905
1780536600,4465.91,4470.4,4459.07,4459.405
1780537500,4459.41,4467.605,4456.96,4465.91
1780538400,4465.81,4467.36,4455.63,4463.26
1780539300,4463.275,4463.71,4458.845,4460.595
1780540200,4460.61,4464.82,4457.985,4462.51
1780541100,4462.7,4476.71,4462.7,4475.23
1780542000,4475.04,4477.37,4470.585,4472.17
1780542900,4472.235,4472.73,4465.925,4469.52
1780543800,4469.48,4470.985,4460.985,4460.985
1780544700,4460.98,4465.1,4458.52,4463.865
1780545600,4463.86,4471.375,4462.47,4471.35
1780546500,4471.39,4476.385,4470.145,4474.77
1780547400,4474.76,4484.055,4474.68,4482.765
1780548300,4482.78,4483.695,4478.77,4481.135
1780549200,4481.2,4482.44,4471.56,4477.275
1780550100,4477.31,4477.765,4471.015,4473.51
1780551000,4473.54,4475.895,4470.96,4474.79
1780551900,4474.755,4475.06,4466.98,4469.34
1780552800,4469.335,4477.255,4468.2,4474.09
1780553700,4474.095,4474.4,4467.03,4472.34
1780554600,4472.225,4476.97,4469.245,4469.495
1780555500,4469.475,4470.485,4463.075,4467.865
1780556400,4467.955,4470.89,4462.425,4464.31
1780557300,4464.365,4470.77,4461.84,4465.365
1780558200,4465.32,4468.06,4459.995,4461.59
1780559100,4461.54,4462.625,4459.66,4461.795
1780560000,4461.665,4468.02,4459.885,4460.565
1780560900,4460.575,4465.695,4458.665,4463.68
1780561800,4463.685,4469.595,4459.965,4463.565
1780562700,4463.59,4466.27,4459.83,4463.57
1780563600,4463.595,4469.495,4461.035,4463.695
1780564500,4463.73,4467.675,4463.105,4464.67
1780565400,4464.695,4469.52,4461.775,4468.215
1780566300,4468.23,4475.725,4467.55,4470.595
1780567200,4470.55,4472.16,4467.93,4471.335
1780568100,4471.35,4471.7,4464.35,4467.79
1780569000,4467.725,4472.98,4466.605,4471.495
1780569900,4471.535,4474.025,4468.685,4473.88
1780570800,4473.86,4478.87,4468.785,4473.615
1780571700,4473.61,4491.62,4473.565,4489.695
1780572600,4489.72,4492.705,4482.365,4491.5
1780573500,4491.56,4514.76,4491.5,4511.62
1780574400,4511.555,4513.875,4491.535,4494.05
1780575300,4494.13,4500.01,4491.185,4498.71
1780576200,4498.73,4502.24,4497.14,4502.18
1780577100,4502.195,4511.085,4499.055,4504.185
1780578000,4504.17,4510.305,4500.31,4503.395
1780578900,4503.385,4509.465,4501.84,4504.92
1780579800,4504.965,4515.02,4502.255,4514.6
1780580700,4514.61,4515.515,4495.515,4495.865
1780581600,4495.87,4500.035,4486.095,4487.775
1780582500,4487.8,4493.865,4484.105,4486.26
1780583400,4486.52,4486.88,4472.35,4475.005
1780584300,4475,4475.525,4457.36,4466.11
1780585200,4466.115,4474.56,4463.78,4471.83
1780586100,4471.845,4474,4469.275,4470.965
1780587000,4470.98,4477.43,4469.83,4472.71
1780587900,4472.66,4479.115,4469.965,4477.45
1780588800,4477.435,4484.21,4475.37,4479.2
1780589700,4479.195,4485.17,4479.195,4483.56
1780590600,4483.565,4484.14,4479.775,4481.555
1780591500,4481.59,4484.125,4480.365,4482.855
1780592400,4482.835,4482.835,4476.155,4476.18
1780593300,4476.21,4479.375,4474.09,4476.86
1780594200,4476.845,4481.63,4476.37,4476.99
1780595100,4476.985,4480.53,4476.945,4478.16
1780596000,4478.19,4480.43,4476.465,4479.11
1780596900,4479.085,4481.22,4477.485,4478.31
1780597800,4478.33,4478.33,4472.775,4474.41
1780598700,4474.415,4479.53,4473.89,4478.28
1780599600,4478.275,4483.555,4476.2,4478.36
1780600500,4478.37,4480.435,4477.92,4480.14
1780601400,4480.15,4480.58,4477.435,4477.89
1780602300,4477.9,4482.43,4476.925,4480.77
1780603200,4480.78,4481.655,4477.81,4477.81
1780604100,4477.775,4479.195,4476.695,4477.81
1780605000,4477.78,4477.78,4475.195,4475.215
1780605900,4475.235,4476.125,4474.455,4475.29
1780610400,4474.185,4476.325,4473.895,4475.445
1780611300,4475.495,4481.045,4474.695,4479.11
1780612200,4479.16,4481.625,4475.295,4475.35
1780613100,4475.3,4476.305,4469,4469.87
1780614000,4469.805,4474.155,4464.2,4470.965
1780614900,4471.005,4473.615,4466.67,4469.255
1780615800,4469.26,4469.645,4462.105,4463.38
1780616700,4463.395,4466.145,4460.67,4461.915
1780617600,4461.93,4465.045,4454.45,4455.525
1780618500,4455.495,4457.76,4450.79,4457.64
1780619400,4457.75,4467.02,4456.25,4463.255
1780620300,4463.355,4466.58,4458.58,4459.55
1780621200,4459.565,4470.045,4452.965,4460.18
1780622100,4460.15,4465.115,4449.435,4458.815
1780623000,4458.795,4459.79,4445.58,4446.305
1780623900,4446.325,4451.075,4444.265,4447.02
1780624800,4447.07,4451.045,4442.435,4449.54
1780625700,4449.535,4455.14,4445.7,4451.335
1780626600,4451.3,4451.99,4438.69,4443.23
1780627500,4443.245,4450.015,4439.975,4440.575
1780628400,4440.56,4441.33,4436.53,4441.17
1780629300,4441.155,4444.135,4435.305,4436.855
1780630200,4436.975,4442.67,4436.45,4441.205
1780631100,4441.2,4443.605,4439.26,4442.615
1780632000,4442.66,4445.01,4438.38,4441.69
1780632900,4441.705,4443.835,4439.05,4439.725
1780633800,4439.75,4444.26,4437.69,4440.875
1780634700,4440.87,4446.84,4439.655,4445.065
1780635600,4445.085,4450.26,4443.435,4449.06
1780636500,4449.275,4449.34,4442.265,4444.845
1780637400,4444.835,4448.095,4439.51,4443.815
1780638300,4443.82,4448.395,4438.795,4440.085
1780639200,4440.06,4442.75,4435.345,4436.695
1780640100,4436.59,4446.575,4428.72,4442.505
1780641000,4442.605,4450.23,4442.41,4448.455
1780641900,4448.45,4456.175,4446.825,4452.95
1780642800,4452.945,4463.55,4451.99,4458.69
1780643700,4458.535,4467.34,4458.41,4467.165
1780644600,4467.17,4467.22,4459.465,4462.125
1780645500,4462.39,4465.255,4460.755,4460.955
1780646400,4460.86,4463.495,4458.725,4461.175
1780647300,4461.18,4467.13,4460.015,4467.115
1780648200,4467.13,4468.355,4461.03,4461.89
1780649100,4461.925,4464.625,4461.595,4462.795
1780650000,4462.715,4469.465,4458.895,4466.35
1780650900,4466.31,4469.355,4462.015,4463.15
1780651800,4463.16,4466.745,4459.305,4466.095
1780652700,4466.12,4469.315,4462.815,4465.025
1780653600,4465.03,4465.35,4463.285,4465.31
1780654500,4465.26,4468.21,4464.6,4466.115
1780655400,4466.165,4466.975,4461.975,4464.685
1780656300,4464.67,4467.99,4464.44,4466.61
1780657200,4466.595,4467.145,4461.175,4461.52
1780658100,4461.525,4466.2,4458.28,4466.09
1780659000,4466.045,4467.235,4463.235,4464.975
1780659900,4464.965,4475.325,4464.045,4470.22
1780660800,4470.305,4471.275,4464.25,4469.405
1780661700,4469.365,4475.885,4461.725,4465.22
1780662600,4465.755,4466.01,4439.75,4446.34
1780663500,4446.22,4449.245,4404.93,4406.605
1780664400,4406.65,4420.86,4400.085,4418.72
1780665300,4418.715,4421.235,4404.08,4404.63
1780666200,4404.965,4409.715,4386.06,4389.595
1780667100,4389.585,4391.2,4365.475,4365.755
1780668000,4365.865,4379.45,4364.135,4366.285
1780668900,4366.09,4370.42,4353.055,4361.175
1780669800,4361.17,4364.035,4344.605,4349.335
1780670700,4349.27,4370.235,4348.345,4369.81
1780671600,4369.86,4372.615,4353.095,4353.13
1780672500,4353.23,4357.945,4348.36,4351.67
1780673400,4351.675,4354.995,4335.58,4338.975
1780674300,4338.97,4342.11,4334.11,4335.645
1780675200,4335.58,4339.185,4329.005,4333.265
1780676100,4333.32,4333.945,4325.425,4329.775
1780677000,4329.755,4332.415,4323.27,4327.8
1780677900,4327.785,4345.095,4325.185,4344.68
1780678800,4344.85,4347.055,4336.67,4339.775
1780679700,4339.76,4343.135,4335.715,4342.63
1780680600,4342.64,4347.455,4339.84,4341.27
1780681500,4341.25,4343.78,4338,4341.965
1780682400,4341.97,4342.355,4322.83,4322.83
1780683300,4322.82,4330.905,4321.86,4325.935
1780684200,4325.915,4327.11,4315.345,4318.14
1780685100,4318.075,4327.075,4316.14,4322.485
1780686000,4322.55,4324.015,4315.3,4315.445
1780686900,4315.42,4324.365,4314.005,4323.94
1780687800,4323.91,4325.215,4314.115,4318.905
1780688700,4318.9,4323.905,4316.92,4318.73
1780689600,4318.745,4319.08,4311.93,4315.78
1780690500,4315.83,4326.715,4314.19,4322.95
1780691400,4322.965,4325.55,4321.205,4323.96
1780692300,4323.955,4330.79,4323.89,4327.885
1780869600,4321.55,4330.61,4310.115,4330.525
1780870500,4330.51,4330.885,4316.47,4316.965
1780871400,4317.025,4329.23,4315.395,4326.25
1780872300,4326.17,4326.93,4316.02,4317.53
1780873200,4317.64,4334.275,4317.585,4330.96
1780874100,4330.945,4334.935,4328.755,4334.345
1780875000,4334.265,4340.81,4332.91,4339.095
1780875900,4339.075,4347.095,4335.365,4344.16
1780876800,4344.175,4347.1,4340.77,4343.795
1780877700,4343.725,4353.45,4341.905,4351.425
1780878600,4351.385,4352.435,4341.98,4345.535
1780879500,4345.565,4346.17,4340.06,4342.45
1780880400,4342.55,4346.18,4326.6,4327.015
1780881300,4327.045,4327.685,4311.29,4314.815
1780882200,4314.91,4327.655,4300.025,4326.2
1780883100,4326.205,4330,4319.31,4325.83
1780884000,4325.82,4330.855,4314.87,4316.95
1780884900,4316.965,4319.865,4311.5,4315
1780885800,4315.015,4317.8,4307.14,4315.975
1780886700,4315.935,4320.865,4309.35,4310.82
1780887600,4310.785,4314.315,4304.58,4304.96
1780888500,4304.86,4312.15,4303.66,4307.33
1780889400,4307.34,4310.28,4305.055,4310.175
1780890300,4310.165,4317.295,4309.395,4317.145
1780891200,4317.235,4320.505,4313.61,4318.85
1780892100,4318.95,4322.005,4316.285,4320.12
1780893000,4320.105,4320.505,4307.72,4307.82
1780893900,4308.05,4314.215,4307.81,4312.98
1780894800,4312.975,4316.21,4304.75,4304.76
1780895700,4304.77,4314.56,4304.55,4311.91
1780896600,4312.02,4313.4,4268.48,4287.89
1780897500,4287.895,4295.895,4284.815,4292.19
1780898400,4292.145,4308.18,4292.14,4303.855
1780899300,4303.86,4311.525,4299.7,4305.91
1780900200,4305.915,4306.64,4294.24,4298.515
1780901100,4298.535,4300.83,4293.205,4300.16
1780902000,4300.16,4308.73,4295.015,4305.39
1780902900,4305.395,4316.96,4300.73,4306.145
1780903800,4306.195,4311.94,4301.405,4301.895
1780904700,4301.88,4302.845,4294.52,4294.59
1780905600,4294.44,4297.325,4289.505,4291.91
1780906500,4291.925,4293.74,4285.415,4288.44
1780907400,4288.49,4292.32,4286.56,4290.95
1780908300,4290.9,4293.92,4285.515,4288.82
1780909200,4288.84,4292.24,4284.26,4289.03
1780910100,4288.82,4291.075,4279.625,4279.9
1780911000,4279.915,4296.515,4273.165,4293.735
1780911900,4293.79,4302.01,4291.185,4294.455
1780912800,4294.495,4297.8,4286.105,4294.7
1780913700,4294.715,4296.07,4289.99,4293.965
1780914600,4293.98,4305.94,4292.38,4305.01
1780915500,4305.015,4305.17,4296.92,4302.19
1780916400,4302.165,4318.815,4297.285,4318.62
1780917300,4318.595,4331.265,4312.73,4325.335
1780918200,4325.49,4333.455,4322.425,4324.215
1780919100,4324.23,4332.955,4321.47,4331.425
1780920000,4331.435,4334.935,4322.56,4322.56
1780920900,4322.49,4332.12,4320.28,4330.2
1780921800,4330.23,4339.505,4327.65,4335.8
1780922700,4335.795,4337.96,4327.18,4333.34
1780923600,4333.345,4335.2,4323.27,4323.995
1780924500,4324,4336.305,4321.3,4331.475
1780925400,4331.435,4346.88,4331.27,4336.425
1780926300,4336.495,4339.305,4326.335,4327.185
1780927200,4327,4330.89,4316.795,4319.635
1780928100,4319.675,4324.45,4316.01,4320.215
1780929000,4320.25,4324.375,4314.945,4322.695
1780929900,4322.685,4331.705,4317.115,4331.01
1780930800,4331.07,4336.465,4325.16,4325.48
1780931700,4325.495,4336.265,4322.67,4330.79
1780932600,4330.775,4339.645,4328.61,4339.26
1780933500,4339.24,4345.775,4334.66,4341.84
1780934400,4341.82,4344.005,4338.175,4341.07
1780935300,4341.08,4344.045,4339.755,4341.105
1780936200,4341.11,4346.4,4340.71,4344.065
1780937100,4344.07,4346.145,4337.89,4340.775
1780938000,4340.81,4342.525,4336.2,4338.925
1780938900,4338.895,4340.645,4333.825,4339.12
1780939800,4339.15,4339.66,4332.025,4334.09
1780940700,4334.115,4339.57,4334.07,4339.2
1780941600,4339.225,4345.435,4338.72,4341.435
1780942500,4341.465,4346.005,4341.465,4342.685
1780943400,4342.585,4344.79,4336.475,4336.83
1780944300,4336.84,4337.19,4333.025,4334.79
1780945200,4334.81,4338.295,4329.755,4329.995
1780946100,4330.03,4331.81,4326.13,4327.83
1780947000,4327.87,4330.555,4324.385,4325.15
1780947900,4325.24,4330.23,4323.365,4326.63
1780948800,4326.615,4329.94,4326.46,4328.22
1780949700,4328.245,4328.3,4324.59,4326.685
1780950600,4326.61,4328.625,4325.52,4326.375
1780951500,4326.365,4330.4,4325.69,4330.065
1780956000,4326.5,4328.05,4324.58,4325.315
1780956900,4325.26,4327.535,4322.88,4325.13
1780957800,4325.095,4327.56,4325,4327.545
1780958700,4327.53,4328.93,4326.21,4327.91
1780959600,4327.94,4328.915,4325.34,4327.695
1780960500,4327.7,4328.505,4320.55,4320.645
1780961400,4320.635,4322.4,4315.2,4319.765
1780962300,4319.77,4320.145,4312.96,4317.88
1780963200,4317.71,4323.725,4315.38,4322.85
1780964100,4322.755,4323.775,4316.535,4316.845
1780965000,4316.855,4323.41,4315.225,4318.445
1780965900,4318.42,4321.425,4315.125,4320.045
1780966800,4320.025,4327.93,4318.66,4324.33
1780967700,4324.32,4338.34,4322.4,4335.54
1780968600,4335.58,4338.945,4332.965,4335.84
1780969500,4335.92,4338.475,4333.01,4336.465
1780970400,4336.515,4337,4328.315,4333.17
1780971300,4333.155,4336.21,4330.38,4335.52
1780972200,4335.54,4339.885,4330.99,4338.805
1780973100,4338.8,4341.005,4334.96,4336.275
1780974000,4336.27,4341.855,4331.275,4338.91
1780974900,4338.89,4342.275,4333.62,4336.74
1780975800,4336.77,4338.145,4333.625,4337.665
1780976700,4337.705,4341.875,4334.39,4336.565
1780977600,4336.57,4339.36,4332.39,4332.39
1780978500,4332.365,4332.98,4328.825,4330.575
1780979400,4330.625,4330.725,4324.33,4328.14
1780980300,4328.15,4333.165,4326.15,4332.585
1780981200,4332.625,4337.225,4331.075,4331.51
1780982100,4331.46,4335.645,4330.83,4332.64
1780983000,4332.66,4351.56,4331.66,4348.665
1780983900,4348.69,4349.32,4341.765,4343.67
1780984800,4343.655,4348.995,4340.36,4341.365
1780985700,4341.325,4345.955,4338.195,4339.015
1780986600,4339.01,4339.705,4331.955,4336.785
1780987500,4336.765,4340.525,4330.225,4330.725
1780988400,4330.69,4334.895,4327.07,4327.07
1780989300,4327.055,4332.28,4323.17,4331.15
1780990200,4331.29,4331.54,4322.365,4328.635
1780991100,4328.65,4330.44,4325.295,4326.83
1780992000,4326.84,4336.63,4321.32,4331.78
1780992900,4331.755,4335.755,4331.485,4334.645
1780993800,4334.66,4337.02,4330.595,4335.06
1780994700,4335.1,4335.575,4326.06,4326.695
1780995600,4326.69,4331.05,4325.315,4328.5
1780996500,4328.48,4336.32,4324.19,4326.76
1780997400,4326.695,4331.055,4325.145,4327.315
1780998300,4327.3,4333.65,4326.825,4332.225
1780999200,4332.24,4335.84,4325.2,4335.505
1781000100,4335.535,4336.78,4331.5,4333.83
1781001000,4333.84,4335.21,4329.865,4332.66
1781001900,4332.7,4340.965,4330.415,4339.275
1781002800,4339.31,4340.445,4335.74,4338.03
1781003700,4338.04,4340.8,4336.285,4338.895
1781004600,4338.915,4340.155,4336.83,4338.975
1781005500,4339.025,4343.86,4337.475,4340.02
1781006400,4340.015,4344.09,4339.92,4341.055
1781007300,4341.155,4343.095,4335.415,4335.925
1781008200,4335.915,4342.15,4334.97,4341.035
1781009100,4341.03,4344.39,4336.685,4341.555
1781010000,4341.57,4345.62,4338.22,4341.165
1781010900,4341.18,4342.265,4330.295,4331.115
1781011800,4331.12,4334.57,4325.285,4330.425
1781012700,4330.43,4363.72,4326.6,4329.075
1781013600,4329.055,4336.22,4319.815,4321.25
1781014500,4321.22,4323.875,4305.8,4318.435
1781015400,4318.305,4321.11,4284.575,4284.93
1781016300,4284.96,4300.84,4278.58,4300.535
1781017200,4300.645,4302.235,4289.585,4294.94
1781018100,4294.86,4296.985,4277.31,4278.92
1781019000,4279,4282.11,4263.29,4279.89
1781019900,4279.91,4286.035,4272.36,4272.46
1781020800,4272.385,4281.295,4258.58,4259.905
1781021700,4259.925,4266.63,4253.275,4263.61
1781022600,4263.595,4267.775,4236.7,4244.7
1781023500,4244.725,4254.255,4238.875,4252.165
1781024400,4252.19,4264.445,4251.395,4261.22
1781025300,4261.195,4268.01,4258.47,4263.135
1781026200,4263.385,4268.235,4260.97,4264.85
1781027100,4264.91,4266.79,4256.11,4263.13
1781028000,4263.12,4266.95,4259.585,4265.385
1781028900,4265.34,4274.345,4262.995,4270.89
1781029800,4270.81,4274.1,4263.67,4264.405
1781030700,4264.41,4271.54,4262.275,4270.105
1781031600,4270.155,4271.675,4258.065,4258.765
1781032500,4258.75,4258.95,4252.94,4257.47
1781033400,4257.39,4260.295,4250.225,4251.1
1781034300,4251.125,4259.82,4249.96,4258.815
1781035200,4258.85,4261.185,4255.69,4258.55
1781036100,4258.5,4260.605,4258.06,4259.13
1781037000,4259.08,4262.13,4257.855,4261.495
1781037900,4261.515,4262.195,4259.505,4259.965
1781042400,4256.145,4256.98,4251.43,4255.545
1781043300,4255.525,4256.715,4253.045,4256.575
1781044200,4256.58,4257.605,4247.68,4249.235
1781045100,4249.25,4250.04,4232.475,4237.52
1781046000,4237.495,4247.43,4235.755,4236.325
1781046900,4236.39,4236.67,4222.84,4224.185
1781047800,4224.19,4229.895,4216.49,4218.635
1781048700,4218.61,4224.835,4210.505,4222.155
1781049600,4222.165,4226.805,4216.56,4225.305
1781050500,4225.23,4228.5,4218.01,4218.05
1781051400,4218.18,4219.16,4199.025,4204.185
1781052300,4204.24,4221.03,4199.76,4218.42
1781053200,4218.435,4219.2,4187.075,4203.425
1781054100,4203.415,4216.695,4197.35,4202.135
1781055000,4202.145,4207.015,4184.67,4187.19
1781055900,4187.175,4195.69,4183.89,4188.7
1781056800,4188.715,4191.725,4179.685,4182.82
1781057700,4182.805,4188.535,4178.27,4187.91
1781058600,4188.06,4192.455,4174.215,4184.475
1781059500,4184.445,4190.64,4173.265,4173.98
1781060400,4173.89,4180.685,4173.115,4178.24
1781061300,4178.25,4181.16,4173.825,4177.425
1781062200,4177.42,4183.135,4176.55,4180.095
1781063100,4180.08,4186.555,4179.74,4184.92
1781064000,4184.92,4187.215,4180.65,4181.32
1781064900,4181.295,4183.125,4173.81,4174.655
1781065800,4174.645,4175.7,4173.25,4173.595
1781066700,4173.615,4176.08,4172.565,4174.855
1781067600,4174.895,4180.815,4173.57,4179.835
1781068500,4179.905,4187.37,4175.61,4187.25
1781069400,4187.405,4199.15,4181.62,4198.2
1781070300,4198.24,4209.155,4197.51,4205.25
1781071200,4205.21,4222.005,4205.195,4212.935
1781072100,4212.915,4216.805,4208.36,4211.635
1781073000,4211.65,4213.64,4205.05,4207.54
1781073900,4207.605,4209.88,4201.835,4204.005
1781074800,4203.995,4208.14,4197.32,4200.48
1781075700,4200.5,4203.91,4193.565,4195.01
1781076600,4194.94,4197.27,4187.975,4189.835
1781077500,4189.84,4193.085,4181.59,4186.085
1781078400,4186.065,4187.385,4161.47,4166.945
1781079300,4166.915,4179.15,4166.335,4172.34
1781080200,4172.265,4179.485,4166.53,4170.725
1781081100,4170.65,4176.51,4166.285,4169.135
1781082000,4169.11,4174.24,4164.825,4165.085
1781082900,4165.035,4175.09,4164.38,4166.255
1781083800,4166.225,4179.65,4166.005,4171.6
1781084700,4171.61,4174.98,4163.195,4168.75
1781085600,4168.755,4171.255,4155.715,4161.205
1781086500,4161.195,4169.965,4159.715,4164.98
1781087400,4164.94,4171.535,4164,4171.445
1781088300,4171.405,4178.785,4169.88,4174.81
1781089200,4174.835,4176.325,4153.625,4168.505
1781090100,4168.48,4171.875,4156.795,4166.65
1781091000,4166.645,4168.115,4154.48,4154.645
1781091900,4154.615,4163.53,4145.865,4147.79
1781092800,4147.785,4152.685,4134.715,4136.355
1781093700,4136.295,4142.845,4130.62,4141.46
1781094600,4141.59,4173.98,4138.93,4160.625
1781095500,4160.635,4169.675,4142.39,4147.235
1781096400,4147.29,4158.18,4145.085,4151.44
1781097300,4151.57,4151.57,4133.065,4149.22
1781098200,4149.325,4179.295,4142.01,4179.295
1781099100,4179.33,4186.42,4173.85,4179.605
1781100000,4179.695,4181.215,4170.33,4174.41
1781100900,4174.425,4175.44,4159.71,4161.115
1781101800,4160.975,4163.495,4149.97,4150.12
1781102700,4150.125,4151.915,4117.78,4125
1781103600,4124.985,4136.59,4119.35,4123.525
1781104500,4123.5,4137.06,4113.215,4127.86
1781105400,4127.89,4131.3,4122.1,4128.6
1781106300,4128.625,4131.085,4107.03,4128.92
1781107200,4128.98,4133.045,4123.03,4129.225
1781108100,4129.19,4135.385,4126.035,4127.62
1781109000,4127.56,4132.195,4120.68,4122.445
1781109900,4122.375,4123.265,4116.16,4122.13
1781110800,4122.085,4135.08,4114.92,4118.17
1781111700,4118.155,4120.31,4109.3,4111.115
1781112600,4111.135,4112.575,4101.945,4102.295
1781113500,4102.305,4113.605,4100.985,4111.72
1781114400,4111.78,4120.51,4111.73,4115.97
1781115300,4115.9,4118.19,4109.73,4112.44
1781116200,4112.47,4112.8,4104.735,4105.045
1781117100,4105.045,4107.825,4097.095,4101.67
1781118000,4101.69,4102.25,4087.335,4089.05
1781118900,4089.1,4092.245,4081.755,4084.825
1781119800,4084.92,4092.015,4082.32,4091.565
1781120700,4091.595,4092.615,4081.73,4082.775
1781121600,4082.75,4083.185,4069.375,4072.3
1781122500,4072.28,4080.265,4071.315,4078.425
1781123400,4078.4,4078.445,4071.43,4072.735
1781124300,4072.725,4072.77,4067.24,4072.015
1781128800,4061.7,4063.75,4050.3,4056.155
1781129700,4056.28,4057.15,4036.06,4045.015
1781130600,4045.025,4069.38,4044.53,4062.98
1781131500,4062.905,4066.935,4045.66,4046.485
1781132400,4046.53,4053.985,4023.87,4029.875
1781133300,4029.865,4064.965,4025.365,4061.665
1781134200,4061.605,4064.6,4054.885,4056.335
1781135100,4056.49,4057.5,4044.725,4047.445
1781136000,4047.475,4059.715,4036.03,4052.055
1781136900,4052.025,4072.91,4049.655,4067.775
1781137800,4067.745,4076.895,4059.09,4063.56
1781138700,4063.33,4078.15,4063.105,4075.92
1781139600,4075.725,4090.305,4066.315,4087.01
1781140500,4087.005,4108.935,4085.85,4104.835
1781141400,4104.83,4118.395,4104.305,4113.925
1781142300,4114.05,4117.44,4097.765,4101.91
1781143200,4102.065,4102.815,4089.115,4089.54
1781144100,4089.55,4095.95,4081.515,4082.32
1781145000,4082.315,4085.055,4055.15,4059.51
1781145900,4059.46,4073.655,4052.295,4068.03
1781146800,4068.055,4078.705,4064.28,4065.765
1781147700,4065.965,4071.67,4057.04,4063.325
1781148600,4063.335,4071.745,4062.61,4067.42
1781149500,4067.425,4075.635,4064.77,4072.675
1781150400,4072.665,4083.32,4070.26,4083.03
1781151300,4083.025,4085.675,4076.59,4077.605
1781152200,4077.61,4084.045,4074.51,4082.225
1781153100,4082.245,4086.155,4079.705,4082.93
1781154000,4082.935,4083.47,4075.575,4077.59
1781154900,4077.585,4081.39,4072.885,4075.365
1781155800,4075.375,4099.785,4074.865,4099.71
1781156700,4099.705,4106.325,4093.645,4094.355
1781157600,4094.28,4094.86,4076.52,4084.365
1781158500,4084.445,4093.01,4081.855,4086.84
1781159400,4086.845,4092.895,4083.155,4092.87
1781160300,4092.85,4097.58,4091.265,4094.485
1781161200,4094.49,4098.535,4091.845,4096.85
1781162100,4096.825,4110.49,4096.53,4107.695
1781163000,4107.705,4110.64,4101.595,4107.585
1781163900,4107.58,4108.04,4099.015,4104.925
1781164800,4104.845,4112.725,4104.01,4106.415
1781165700,4106.4,4108.605,4097.13,4097.255
1781166600,4097.345,4099.71,4090.39,4090.795
1781167500,4090.8,4092.125,4084.7,4084.715
1781168400,4084.71,4087.615,4080.86,4086.27
1781169300,4086.25,4089.025,4079.015,4079.665
1781170200,4079.65,4091.91,4077.645,4091.76
1781171100,4091.755,4096.54,4090.075,4091.745
1781172000,4091.695,4094.4,4088.24,4092.255
1781172900,4092.225,4094.74,4086.935,4087.85
1781173800,4087.87,4093.24,4086.71,4090.635
1781174700,4090.64,4093.095,4087.725,4090.07
1781175600,4090.065,4093.515,4086.34,4086.355
1781176500,4086.335,4091.38,4083.62,4090.54
1781177400,4090.545,4096.07,4081.755,4085.01
1781178300,4085,4087.735,4079.975,4080.395
1781179200,4080.5,4087.31,4072.71,4076.43
1781180100,4076.455,4082.11,4061.45,4068.81
1781181000,4068.83,4077.48,4057.55,4073.405
1781181900,4073.385,4085.325,4069.935,4081.97
1781182800,4081.98,4086.22,4071.975,4073.205
1781183700,4073.185,4081.86,4072.22,4075.415
1781184600,4075.485,4082.715,4067.285,4076.58
1781185500,4076.575,4092.92,4073.7,4083.235
1781186400,4083.275,4085.57,4052.975,4061.14
1781187300,4061.195,4084.97,4056.05,4074.875
1781188200,4074.855,4083.54,4070.625,4076.29
1781189100,4076.32,4081.1,4072.18,4073.41
1781190000,4073.405,4087.955,4070.38,4080.555
1781190900,4080.55,4089.32,4074.8,4081.665
1781191800,4081.655,4090.405,4077.575,4088.45
1781192700,4088.41,4095.655,4085.885,4088.905
1781193600,4088.905,4103.33,4086.915,4102.6
1781194500,4102.61,4107.755,4079.525,4079.755
1781195400,4079.71,4087.975,4078.66,4082.07
1781196300,4081.995,4084.38,4078.03,4080.375
1781197200,4080.38,4080.885,4072.02,4076.15
1781198100,4076.12,4102.415,4074.505,4101.68
1781199000,4101.695,4170.095,4101.695,4166.635
1781199900,4166.605,4167.095,4146.69,4151.895
1781200800,4151.925,4155.735,4131.455,4146.93
1781201700,4146.81,4163.04,4145.17,4153.16
1781202600,4153.145,4165.23,4149.09,4164.905
1781203500,4164.85,4171.76,4160.46,4161.87
1781204400,4161.94,4189.335,4161.94,4188.33
1781205300,4188.365,4198.535,4186.3,4195.815
1781206200,4195.85,4220.22,4195.825,4210.405
1781207100,4210.34,4215.495,4207.355,4208.91
1781208000,4208.97,4218.69,4208.17,4213.76
1781208900,4213.765,4216.285,4212.285,4214.125
1781209800,4214.11,4216.5,4209.735,4209.735
1781210700,4209.69,4213.17,4209.285,4211.195
1781215200,4208.535,4210.965,4206.895,4209.68
1781216100,4209.7,4215.785,4205.51,4214.86
1781217000,4214.875,4228.3,4211.405,4226.125
1781217900,4226.08,4246.715,4225.145,4243.515
1781218800,4243.505,4246.09,4221.005,4223.95
1781219700,4224.075,4226.72,4214.28,4216.69
1781220600,4216.34,4223.765,4214.57,4219.495
1781221500,4219.48,4224.64,4215.29,4219.915
1781222400,4219.815,4225.895,4212.775,4216.765
1781223300,4216.74,4230.53,4207.315,4220.43
1781224200,4220.485,4228.795,4202.685,4203.72
1781225100,4203.71,4208.585,4200.875,4208.435
1781226000,4208.405,4210.98,4182.955,4187.005
1781226900,4187.025,4193.88,4179.185,4180.955
1781227800,4181.025,4186.595,4171.405,4179.36
1781228700,4179.345,4191.48,4179.24,4186.71
1781229600,4186.645,4200.03,4183.66,4194.03
1781230500,4194.12,4194.52,4186.525,4188.565
1781231400,4188.65,4193.585,4182.91,4186.165
1781232300,4186.155,4193.6,4183.615,4191.475
1781233200,4191.375,4196.25,4189.425,4193.91
1781234100,4193.83,4203.98,4193.215,4203.745
1781235000,4203.755,4204.995,4198.945,4199.41
1781235900,4199.405,4201.495,4195.57,4197.17
1781236800,4197.195,4201.27,4191.875,4194.405
1781237700,4194.355,4195.68,4190.335,4192.655
1781238600,4192.675,4198.39,4191.825,4193.56
1781239500,4193.57,4194.34,4189.685,4189.92
1781240400,4189.885,4193.03,4182.035,4189.115
1781241300,4189.125,4189.745,4184.795,4187.365
1781242200,4187.355,4187.99,4172.785,4180.62
1781243100,4180.635,4181.08,4171.005,4173.47
1781244000,4173.51,4185.77,4173.335,4182.925
1781244900,4182.945,4183.345,4179.05,4182.085
1781245800,4182.305,4182.615,4172.385,4176.705
1781246700,4176.735,4184.815,4174.17,4184.12
1781247600,4184.05,4185.05,4176.085,4178.345
1781248500,4178.355,4180.07,4173.9,4174.14
1781249400,4174.085,4184.68,4170.29,4183.05
1781250300,4183.03,4194.53,4173.855,4194.53
1781251200,4194.495,4204.88,4192.165,4203.855
1781252100,4203.865,4220.73,4199.485,4213.395
1781253000,4213.49,4222.52,4211.805,4218.445
1781253900,4218.63,4226.13,4214.69,4219.545
1781254800,4219.55,4225.415,4217.45,4224.15
1781255700,4224.215,4226.96,4219.215,4221.175
1781256600,4221.19,4227.82,4219.345,4225.255
1781257500,4225.285,4228.07,4221.34,4221.995
1781258400,4222.01,4225.71,4218.81,4221.46
1781259300,4221.435,4222.315,4202.945,4206.935
1781260200,4207.22,4218.77,4206.655,4215.475
1781261100,4215.445,4218.765,4209.305,4211.055
1781262000,4211.005,4212.085,4205.115,4207.56
1781262900,4207.39,4210.39,4202.115,4202.645
1781263800,4202.75,4210.635,4197.735,4209.98
1781264700,4209.985,4215.43,4206.53,4206.915
1781265600,4206.93,4214.28,4202.795,4214.25
1781266500,4214.29,4215.43,4200.38,4201.15
1781267400,4201.25,4201.865,4191.34,4196.905
1781268300,4196.965,4200.785,4188.59,4191.76
1781269200,4191.795,4201.38,4186.595,4198.6
1781270100,4198.59,4206.81,4197.46,4203.025
1781271000,4202.98,4210.325,4182.88,4190.93
1781271900,4190.805,4194.15,4183.44,4186.575
1781272800,4186.545,4198.55,4184.94,4193.18
1781273700,4193.175,4199.59,4182.835,4188.64
1781274600,4188.65,4193.36,4181.15,4184.575
1781275500,4184.55,4208.62,4177.25,4204.07
1781276400,4204.065,4215.25,4200.38,4214.17
1781277300,4214.19,4235.69,4212.76,4225.79
1781278200,4225.83,4228.54,4210.575,4211.125
1781279100,4211.145,4219.075,4206.965,4212.12
1781280000,4212.155,4224.97,4208.2,4221.885
1781280900,4221.92,4233.085,4215.755,4216.94
1781281800,4216.935,4220.39,4211.69,4213.23
1781282700,4213.215,4218.31,4211.395,4216.155
1781283600,4216.19,4226.525,4215.165,4218.57
1781284500,4218.665,4223.795,4214.045,4218.925
1781285400,4219.045,4223.56,4214.03,4222.455
1781286300,4222.49,4225.13,4219.79,4221.515
1781287200,4221.535,4228.575,4218.25,4227.09
1781288100,4227.105,4235.485,4224.55,4226.58
1781289000,4226.575,4230.085,4224.47,4229.35
1781289900,4229.345,4229.345,4214.215,4215.625
1781290800,4215.575,4219.565,4214.375,4217.59
1781291700,4217.595,4217.6,4207.93,4208.585
1781292600,4208.6,4210.445,4201.82,4205.205
1781293500,4205.2,4211.305,4203.88,4210.8
1781294400,4210.78,4213.655,4209.505,4212.67
1781295300,4212.675,4217.3,4212.45,4214.53
1781296200,4214.585,4214.635,4212.675,4214.025
1781297100,4214.045,4219.52,4212.68,4218.56
1781474400,4301.665,4309.19,4293.49,4299.85
1781475300,4299.8,4306.585,4284.035,4287.07
1781476200,4286.975,4288.91,4280.395,4285.305
1781477100,4285.31,4291.81,4284.82,4285.675
1781478000,4285.705,4288.415,4282.3,4283.13
1781478900,4283.115,4284.705,4281.24,4283.425
1781479800,4283.445,4286.225,4281.77,4285.405
1781480700,4285.4,4295.225,4284.335,4294.04
1781481600,4294.045,4301.285,4293.52,4300.065
1781482500,4300.14,4308.42,4299.86,4301.05
1781483400,4301.065,4305.785,4295.9,4297.66
1781484300,4297.65,4300.24,4291.635,4292.545
1781485200,4292.635,4300.375,4285.32,4296.23
1781486100,4296.2,4306.495,4289.48,4303.445
1781487000,4303.49,4319.715,4301.235,4317.905
1781487900,4317.975,4319.18,4313.085,4316.94
1781488800,4316.905,4326.81,4316.28,4326.635
1781489700,4326.795,4331.135,4324.185,4328.31
1781490600,4328.4,4334.15,4328.05,4330.25
1781491500,4330.29,4335.57,4327.815,4329.65
1781492400,4329.64,4331.395,4321.915,4325.375
1781493300,4325.325,4329.19,4321.59,4324.135
1781494200,4324.145,4327.44,4321.26,4323.44
1781495100,4323.43,4327.395,4323.085,4325.1
1781496000,4325.195,4327.86,4322.905,4326.455
1781496900,4326.525,4327.75,4320.76,4326.955
1781497800,4326.96,4330.44,4325.33,4327.925
1781498700,4327.915,4329.375,4326.59,4328.345
1781499600,4328.33,4330.85,4323.86,4328.885
1781500500,4328.895,4333.05,4325.975,4330.18
1781501400,4330,4332.7,4312.725,4312.8
1781502300,4312.875,4316.31,4307.57,4310.135
1781503200,4310.15,4313.48,4303.175,4308.9
1781504100,4309.02,4309.585,4303.085,4305.185
1781505000,4305.05,4307.21,4301.005,4306.59
1781505900,4306.565,4309.82,4304.35,4308.125
1781506800,4308.185,4314.46,4305.41,4313.855
1781507700,4313.87,4318.995,4313.185,4316.7
1781508600,4316.865,4317.48,4312.065,4316.58
1781509500,4316.57,4325.375,4312.61,4323.24
1781510400,4323.22,4329.96,4321.875,4329.225
1781511300,4329.235,4332.91,4327.3,4328.715
1781512200,4328.665,4345.555,4327.97,4341.025
1781513100,4341.02,4342.95,4334.085,4334.14
1781514000,4334.145,4343.285,4334.145,4340.105
1781514900,4340.095,4343.275,4336.52,4339.16
1781515800,4339.14,4341.195,4334.875,4335.9
1781516700,4335.875,4340.98,4335.245,4336.78
1781517600,4336.885,4340.57,4335.925,4337.845
1781518500,4337.855,4339.535,4336.135,4338.645
1781519400,4338.595,4340.415,4335.4,4338.005
1781520300,4338.01,4341.585,4336.59,4338.31
1781521200,4338.31,4340.025,4336.245,4338.085
1781522100,4338.055,4341.595,4336.275,4341.12
1781523000,4341.145,4347.575,4338.12,4338.585
1781523900,4338.56,4338.735,4331.99,4335.505
1781524800,4335.525,4338.845,4330.54,4331.305
1781525700,4331.32,4338.205,4324.8,4337.4
1781526600,4337.475,4346.715,4335.09,4345.23
1781527500,4345.245,4349.41,4343.385,4349.15
1781528400,4349.135,4350.445,4341.32,4349.43
1781529300,4349.515,4356.005,4349.32,4353.35
1781530200,4353.4,4369.085,4352.255,4363.185
1781531100,4363.24,4364.78,4354.455,4355.215
1781532000,4355.2,4369.665,4354.015,4357.57
1781532900,4357.505,4364.295,4354.165,4363.625
1781533800,4363.77,4365.23,4353.91,4357.13
1781534700,4357.095,4363.615,4355.58,4356.89
1781535600,4356.88,4359.45,4349.655,4351.17
1781536500,4351.22,4358.29,4350.195,4354.17
1781537400,4354.205,4359.985,4349.725,4357.565
1781538300,4357.57,4360.855,4354.975,4356.345
1781539200,4356.395,4358.825,4349.265,4351.875
1781540100,4351.905,4352.79,4339.22,4342.935
1781541000,4342.945,4343.08,4336.295,4336.295
1781541900,4336.275,4339.825,4334.65,4339.19
1781542800,4339.26,4339.26,4330.695,4333.985
1781543700,4334,4334.955,4329,4329.89
1781544600,4329.85,4329.93,4321.15,4322.16
1781545500,4322.2,4325.47,4320.545,4324.955
1781546400,4324.965,4325.23,4318.06,4324.21
1781547300,4324.22,4328.015,4322.865,4324.795
1781548200,4324.79,4326.33,4321.795,4324.935
1781549100,4324.915,4327.38,4324.105,4325.75
1781550000,4325.68,4326.825,4320.92,4322.56
1781550900,4322.6,4324.66,4320.96,4321.525
1781551800,4321.535,4323.86,4318.235,4319.245
1781552700,4319.21,4321.11,4316.73,4320.71
1781553600,4320.725,4322.095,4315.82,4316.065
1781554500,4316.08,4318.635,4310.785,4312.81
1781555400,4312.85,4313.165,4308.39,4309.82
1781556300,4309.81,4310.7,4306.545,4308.85
1781560800,4312.985,4315.44,4309.165,4310.325
1781561700,4310.3,4313.63,4306.11,4308.58
1781562600,4308.585,4314.735,4306.885,4312.64
1781563500,4312.585,4314.63,4310.75,4312.215
1781564400,4312.22,4316.64,4312.19,4313.45
1781565300,4313.46,4315.695,4311.485,4315.52
1781566200,4315.53,4319.33,4313.4,4318.385
1781567100,4318.41,4319.065,4313.225,4315.705
1781568000,4315.665,4318.335,4313.43,4313.73
1781568900,4313.71,4315.99,4306.985,4308.595
1781569800,4308.585,4314.055,4308.145,4311.165
1781570700,4311.16,4320.955,4310.805,4319.295
1781571600,4319.305,4326.02,4315.635,4319.915
1781572500,4319.91,4324.335,4316.395,4319.275
1781573400,4319.29,4320.46,4313.525,4315.17
1781574300,4315.175,4319.74,4312.27,4313.6
1781575200,4313.615,4314.215,4307.7,4309.655
1781576100,4309.7,4313.05,4308.375,4312.725
1781577000,4312.855,4318.47,4309.64,4312.135
1781577900,4312.285,4321.08,4311.355,4318.855
1781578800,4318.805,4321.235,4317.37,4318.79
1781579700,4318.8,4322.755,4315.515,4321.325
1781580600,4321.38,4333.13,4319.625,4331.88
1781581500,4331.805,4333.375,4329.095,4330.475
1781582400,4330.45,4332.245,4325.605,4326.915
1781583300,4326.91,4327.845,4322.025,4322.87
1781584200,4322.96,4325.565,4321.785,4323.255
1781585100,4323.26,4323.935,4321.315,4322.63
1781586000,4322.65,4329.175,4322.205,4326.375
1781586900,4326.37,4328.085,4324.635,4327.4
1781587800,4327.39,4331,4316.165,4317.765
1781588700,4317.77,4321.215,4314.24,4315.84
1781589600,4315.825,4319.785,4313.53,4318.7
1781590500,4318.685,4318.73,4314.425,4316.615
1781591400,4316.53,4320.4,4314.215,4316.375
1781592300,4316.335,4324.525,4316.14,4323.835
1781593200,4323.99,4328.595,4322.665,4326.15
1781594100,4326.145,4329.655,4324.13,4328.865
1781595000,4328.81,4332.745,4326.105,4327.545
1781595900,4327.615,4335.585,4326.505,4335.105
1781596800,4335.1,4340.175,4332.715,4337.825
1781597700,4337.835,4343.565,4337.615,4341.22
1781598600,4341.155,4345.285,4339.095,4343.41
1781599500,4343.4,4348.105,4340.845,4347.02
1781600400,4347.03,4348.505,4344.115,4346.105
1781601300,4346.12,4346.39,4338.41,4339.955
1781602200,4339.955,4346.4,4339.31,4342.08
1781603100,4342.1,4348.49,4340.365,4345.205
1781604000,4345.2,4346.76,4343.13,4346.08
1781604900,4346.075,4346.81,4343.61,4344.34
1781605800,4344.35,4346.9,4342.34,4346.815
1781606700,4346.81,4349.14,4346.655,4349.14
1781607600,4349.045,4349.655,4339.675,4341.7
1781608500,4341.62,4343.585,4338.55,4342.16
1781609400,4342.165,4342.44,4335.165,4339.07
1781610300,4339.095,4341.675,4336.84,4341.005
1781611200,4341.025,4345.775,4338.185,4344.55
1781612100,4344.52,4345.11,4337.5,4343.79
1781613000,4343.805,4349.76,4341.6,4349.53
1781613900,4349.555,4354.95,4348.525,4354.66
1781614800,4354.57,4354.835,4342.215,4343.855
1781615700,4344.04,4345.13,4333.245,4335.095
1781616600,4335.065,4340.685,4333.81,4339.075
1781617500,4339.025,4340.575,4331.67,4331.855
1781618400,4331.82,4338.89,4331.53,4335.59
1781619300,4335.535,4335.535,4317.745,4319.71
1781620200,4319.69,4328.41,4313.32,4324.35
1781621100,4324.36,4327.47,4321.665,4324.19
1781622000,4324.11,4327.32,4322.39,4324.7
1781622900,4324.715,4328.71,4321.025,4326.045
1781623800,4326.02,4328.865,4323.09,4326.76
1781624700,4326.665,4343.445,4322.22,4335.35
1781625600,4335.305,4347.145,4334.975,4346.095
1781626500,4346.1,4346.935,4341.77,4344.63
1781627400,4344.62,4345.32,4340.18,4344.155
1781628300,4344.135,4346.46,4340.115,4340.6
1781629200,4340.57,4341.2,4334.255,4335.615
1781630100,4335.62,4336.095,4325.37,4334.84
1781631000,4334.92,4340.125,4334.245,4338.485
1781631900,4338.49,4340.58,4335.95,4340.215
1781632800,4340.235,4342.84,4339.205,4341.75
1781633700,4341.82,4342.4,4338.92,4341.345
1781634600,4341.285,4342.94,4338.335,4338.9
1781635500,4338.905,4340.23,4336.235,4338.58
1781636400,4338.66,4342.92,4337.91,4339.285
1781637300,4339.28,4341.185,4336.485,4339.6
1781638200,4339.61,4340.11,4336.975,4338.655
1781639100,4338.63,4339.715,4330.69,4334.105
1781640000,4334.06,4334.245,4331.17,4331.21
1781640900,4331.18,4334.22,4330.97,4333.02
1781641800,4333.005,4335.015,4331.61,4333.735
1781642700,4333.595,4333.595,4329.69,4331.28
1781647200,4331.69,4333.01,4331.015,4332.34
1781648100,4332.335,4333.1,4328.975,4330.16
1781649000,4330.165,4333.27,4330.14,4332.645
1781649900,4332.655,4336.255,4332.21,4335.45
1781650800,4335.445,4338.57,4334.06,4336.795
1781651700,4336.76,4337.105,4335.7,4336.22
1781652600,4336.185,4336.65,4333.095,4334.73
1781653500,4334.675,4335.16,4329.58,4331.025
1781654400,4331.03,4340.17,4328.615,4337.765
1781655300,4337.865,4341.785,4336.445,4337.505
1781656200,4337.495,4339.08,4334.88,4335.51
1781657100,4335.49,4338,4332.47,4337.06
1781658000,4336.995,4349.605,4334.265,4347.875
1781658900,4347.805,4348.03,4339.26,4343.395
1781659800,4343.375,4344.255,4337.79,4339.485
1781660700,4339.48,4343.6,4336.765,4340.955
1781661600,4340.965,4344.425,4339.905,4342.135
1781662500,4342.16,4344.545,4339.62,4340.65
1781663400,4340.635,4343.895,4337.83,4339.04
1781664300,4338.93,4339.135,4329.74,4331.73
1781665200,4331.72,4334.29,4329.61,4330.87
1781666100,4330.865,4332.625,4328.79,4331.79
1781667000,4331.765,4333.585,4330.39,4333.335
1781667900,4333.33,4333.855,4330.685,4332.305
1781668800,4332.31,4332.405,4328.66,4330.915
1781669700,4330.92,4334.18,4324.025,4324.655
1781670600,4324.595,4325.78,4317.665,4323.345
1781671500,4323.33,4326.845,4322.3,4326.845
1781672400,4326.87,4327.965,4321.45,4322.675
1781673300,4322.64,4327.835,4321.125,4327.16
1781674200,4327.15,4333.085,4326.8,4329.75
1781675100,4329.99,4334.285,4324.32,4326.685
1781676000,4326.81,4330.115,4324.37,4329.15
1781676900,4329.135,4329.5,4320.575,4324.445
1781677800,4324.365,4329.32,4322.69,4327.88
1781678700,4327.85,4331.92,4326.895,4331.82
1781679600,4331.785,4332.825,4326.925,4327.255
1781680500,4327.375,4332.79,4326.635,4329.24
1781681400,4329.245,4331.825,4325.52,4328.965
1781682300,4328.985,4329.5,4324.73,4325.275
1781683200,4325.325,4328.08,4322.195,4322.89
1781684100,4322.905,4324.895,4319.815,4323.6
1781685000,4323.58,4324.455,4318.945,4320.045
1781685900,4320.005,4325.46,4317.19,4324.72
1781686800,4324.67,4325.895,4321.29,4325.18
1781687700,4325.195,4333.395,4325.18,4332.05
1781688600,4332.135,4335.81,4328.315,4328.495
1781689500,4328.54,4329.835,4325.695,4329.64
1781690400,4329.64,4331.09,4327.79,4330.805
1781691300,4330.88,4330.97,4326.735,4329.075
1781692200,4329.08,4331.255,4327.2,4330.905
1781693100,4330.875,4335.225,4330.775,4331.49
1781694000,4331.58,4332.165,4327.795,4329.215
1781694900,4329.205,4331.875,4328.185,4329.04
1781695800,4329.07,4329.155,4324.425,4325.925
1781696700,4325.94,4327.275,4321.04,4323.285
1781697600,4323.315,4325.105,4319.94,4323.545
1781698500,4323.56,4327.665,4321.795,4324.68
1781699400,4324.79,4332.315,4323.54,4331.68
1781700300,4331.69,4335.79,4331.045,4333.68
1781701200,4333.675,4334.41,4324.09,4331.93
1781702100,4331.915,4338.49,4330.995,4335.375
1781703000,4335.395,4341.875,4332.665,4341.825
1781703900,4341.835,4345.27,4339.165,4339.705
1781704800,4339.695,4346.3,4335.67,4342.365
1781705700,4342.39,4362.355,4341.08,4360.255
1781706600,4360.185,4364.09,4347.425,4351.965
1781707500,4351.975,4355.48,4330.95,4344.7
1781708400,4344.67,4348.515,4343.82,4348.05
1781709300,4348.035,4360.09,4346.96,4355.45
1781710200,4355.315,4361.155,4354.725,4358.235
1781711100,4358.15,4364.935,4357.51,4363.575
1781712000,4363.545,4365.76,4360.65,4362.26
1781712900,4362.335,4366.555,4360.695,4365.275
1781713800,4365.265,4365.31,4355.14,4357.68
1781714700,4357.695,4359.72,4356.125,4359.515
1781715600,4359.505,4361.19,4355.335,4358.98
1781716500,4358.95,4364.005,4357.87,4361.35
1781717400,4361.41,4382.465,4360.93,4376.485
1781718300,4376.505,4382.615,4374.37,4379.55
1781719200,4379.505,4379.505,4277.305,4284.61
1781720100,4284.62,4308.51,4283.385,4292.86
1781721000,4292.88,4327.125,4270.2,4323.66
1781721900,4323.68,4332.585,4278.925,4286.52
1781722800,4286.535,4295.7,4260.325,4265.02
1781723700,4265.005,4265.535,4226.455,4227.055
1781724600,4227.07,4235.915,4219.165,4230.74
1781725500,4230.845,4247.19,4229.865,4236.055
1781726400,4235.99,4260.1,4235.205,4257.6
1781727300,4257.575,4269.855,4254.09,4258.275
1781728200,4258.305,4265.43,4258.295,4260.015
1781729100,4260.025,4262.48,4256.07,4257.65
1781733600,4257.675,4268.68,4257.675,4266.09
1781734500,4266.37,4271.645,4265.205,4267.185
1781735400,4267.18,4269.15,4263.535,4264.03
1781736300,4264.14,4271.02,4260.495,4267.02
1781737200,4267,4282.565,4264.245,4282.165
1781738100,4282.22,4283.89,4275.84,4280.185
1781739000,4280.125,4282.88,4268.095,4276.53
1781739900,4276.495,4279.665,4272.22,4278.08
1781740800,4278.09,4299.33,4276.625,4297.52
1781741700,4297.515,4301.665,4294.595,4300.59
1781742600,4300.555,4311.75,4299.94,4310.885
1781743500,4310.88,4315.39,4308.07,4308.39
1781744400,4308.355,4328.545,4306.83,4322.845
1781745300,4322.84,4323.475,4315.17,4319.25
1781746200,4319.32,4325.415,4316.86,4322.65
1781747100,4322.6,4326.21,4317.35,4318.045
1781748000,4318.05,4329.865,4316.325,4327.09
1781748900,4327.06,4329.755,4323.405,4324.43
1781749800,4324.42,4325.41,4316.31,4316.485
1781750700,4316.505,4319.185,4310.365,4310.96
1781751600,4310.94,4316.35,4309.225,4311.78
1781752500,4311.94,4317,4310.805,4314.905
1781753400,4314.92,4322.73,4313.535,4318.99
1781754300,4318.945,4320.94,4316.7,4319.635
1781755200,4319.745,4324.055,4314.77,4317.47
1781756100,4317.5,4319.135,4311.63,4313.59
1781757000,4313.545,4318.545,4309.84,4309.945
1781757900,4309.885,4317.395,4309.82,4315.68
1781758800,4315.685,4318.38,4312.37,4316.07
1781759700,4316.05,4323.21,4315.59,4323.04
1781760600,4322.97,4324.91,4309.755,4310.665
1781761500,4310.62,4311.815,4301.355,4308.105
1781762400,4308.14,4310.035,4296.23,4299.17
1781763300,4299.12,4305.5,4296.685,4305.225
1781764200,4305.2,4305.57,4299.16,4301.47
1781765100,4301.46,4307.58,4301.095,4306.66
1781766000,4306.675,4309.155,4300.29,4307.03
1781766900,4307.015,4309.375,4303.995,4307.945
1781767800,4307.92,4307.92,4293.41,4297.84
1781768700,4297.85,4298.99,4287.445,4288.645
1781769600,4288.665,4293.015,4284.255,4287.285
1781770500,4287.27,4290.185,4284.065,4285.11
1781771400,4285.09,4290.075,4281.21,4281.96
1781772300,4281.975,4282.015,4265.6,4266.965
1781773200,4267.03,4269.525,4259.875,4267.86
1781774100,4267.805,4273.195,4265.575,4266.485
1781775000,4266.47,4268.975,4263.465,4268.645
1781775900,4268.46,4273.365,4267.355,4268.64
1781776800,4268.61,4270.225,4262.01,4268.29
1781777700,4268.235,4272.985,4263.635,4269.735
1781778600,4269.74,4270.96,4263.47,4264.385
1781779500,4264.395,4266.775,4254.85,4255.66
1781780400,4255.69,4255.995,4240.62,4247.455
1781781300,4247.36,4249.815,4243.55,4249.21
1781782200,4249.165,4250.345,4241.985,4243.485
1781783100,4243.485,4246.06,4240.07,4242.04
1781784000,4242.035,4258.26,4240.55,4256.485
1781784900,4256.47,4269.225,4254.39,4255.935
1781785800,4255.635,4258.695,4241.36,4243.305
1781786700,4243.295,4248.165,4241.115,4246.79
1781787600,4246.775,4259.32,4245.09,4259.305
1781788500,4259.31,4263.425,4252.815,4263.155
1781789400,4263.11,4276.745,4262.995,4264.525
1781790300,4264.55,4265.555,4250.77,4256.755
1781791200,4256.795,4257.98,4239.465,4241.695
1781792100,4241.68,4255.955,4237.265,4244.28
1781793000,4244.315,4252.44,4241.325,4244.88
1781793900,4244.87,4254.7,4240.475,4252.345
1781794800,4252.365,4254.845,4246.41,4246.875
1781795700,4246.835,4249.51,4234.355,4235.745
1781796600,4235.725,4236.755,4224.09,4231.835
1781797500,4231.84,4231.995,4223.2,4226.69
1781798400,4226.75,4233.465,4225.815,4227.575
1781799300,4227.765,4228.735,4221.97,4225.115
1781800200,4225.195,4229.475,4214.96,4221.975
1781801100,4221.965,4222.38,4214.165,4219.65
1781802000,4219.675,4228.815,4218.805,4228.095
1781802900,4228.07,4231.625,4225.77,4226.275
1781803800,4226.32,4230.39,4222.475,4229.985
1781804700,4230,4233.225,4227.41,4230.29
1781805600,4230.305,4233.235,4227.395,4228.415
1781806500,4228.405,4230.065,4225.46,4226.35
1781807400,4226.37,4226.38,4220.455,4224.94
1781808300,4224.9,4225.42,4218.34,4218.605
1781809200,4218.715,4219.29,4204.07,4207.69
1781810100,4207.68,4208.935,4201.92,4205.235
1781811000,4205.23,4214.77,4201.495,4213.99
1781811900,4213.985,4218.685,4213.305,4217.205
1781812800,4217.21,4218.3,4215.19,4217.455
1781813700,4217.415,4219.685,4215.225,4218.965
1781814600,4218.985,4218.985,4212.885,4212.885
1781815500,4212.92,4213.48,4207.685,4208.995
1781820000,4204.63,4208.495,4204.42,4208.02
1781820900,4208.14,4210.085,4202.685,4204.065
1781821800,4203.96,4205.785,4203.06,4205.02
1781822700,4205.025,4210.695,4204.415,4207.54
1781823600,4207.585,4208.55,4193.795,4195.755
1781824500,4195.78,4199.455,4193.83,4197.375
1781825400,4197.055,4199.26,4194.1,4194.42
1781826300,4194.41,4194.875,4186.94,4188.445
1781827200,4188.44,4198.245,4184.52,4185.6
1781828100,4185.595,4188.665,4184.075,4185.105
1781829000,4185.085,4191.39,4184.41,4188.615
1781829900,4188.585,4192.46,4187.655,4190.62
1781830800,4190.625,4194.665,4184.4,4186.54
1781831700,4186.445,4191.645,4184.125,4190.91
1781832600,4190.945,4190.985,4184.59,4185.735
1781833500,4185.725,4187.42,4184.16,4184.995
1781834400,4184.955,4186.335,4178.77,4180.09
1781835300,4180.105,4180.34,4175.295,4179.505
1781836200,4179.5,4183.755,4177.1,4180.025
1781837100,4180.04,4180.815,4171.955,4176.425
1781838000,4176.395,4177.355,4166.125,4166.185
1781838900,4166.245,4170.965,4165.24,4167.355
1781839800,4167.51,4167.98,4158.135,4162.455
1781840700,4162.52,4162.555,4146.05,4153.68
1781841600,4153.685,4155.33,4143.29,4145.755
1781842500,4145.72,4149.83,4141.615,4146.785
1781843400,4146.775,4147.645,4133.49,4135.455
1781844300,4135.46,4136.74,4125.225,4125.685
1781845200,4125.63,4131.605,4121.955,4130.635
1781846100,4130.685,4134.63,4125.87,4133.78
1781847000,4133.765,4139.715,4130.66,4135.045
1781847900,4135.065,4141.84,4133.195,4139.77
1781848800,4139.765,4148.385,4133.905,4147.455
1781849700,4147.45,4147.685,4139.455,4142.14
1781850600,4142.13,4145.605,4133.065,4136.37
1781851500,4136.35,4150.87,4134.84,4147.775
1781852400,4147.665,4159.68,4147.665,4157.24
1781853300,4157.215,4160.335,4152.17,4152.525
1781854200,4152.52,4157.62,4151.285,4154.035
1781855100,4154.385,4163.355,4151.59,4158.215
1781856000,4158.22,4167.245,4155.435,4165.605
1781856900,4165.595,4177.73,4165.225,4176.255
1781857800,4176.295,4178.525,4166.775,4169.005
1781858700,4168.965,4169.5,4164.635,4169.325
1781859600,4169.31,4171.08,4163.78,4164.13
1781860500,4164.125,4168.34,4162.125,4162.85
1781861400,4162.89,4166.28,4162.57,4162.775
1781862300,4162.88,4167.45,4161.18,4163.025
1781863200,4163.03,4163.285,4152.94,4155.535
1781864100,4155.495,4158.235,4152.79,4153.855
1781865000,4153.835,4155.315,4150.275,4151.27
1781865900,4151.255,4154.675,4148.2,4149.835
1781866800,4149.72,4150.305,4142.695,4146.785
1781867700,4146.78,4149.03,4143.435,4144.38
1781868600,4144.34,4150.735,4142.035,4150.17
1781869500,4150.155,4155.105,4148.76,4152.71
1781870400,4152.805,4160.39,4152.42,4155.885
1781871300,4155.9,4156.325,4151.305,4151.885
1781872200,4151.92,4154.93,4148.055,4152.56
1781873100,4152.555,4180.12,4147.445,4179.07
1781874000,4179.06,4183.125,4164.355,4170.01
1781874900,4169.99,4172.375,4162.075,4164.125
1781875800,4164.12,4168.255,4157.925,4158.82
1781876700,4158.8,4161.07,4150.565,4151.54
1781877600,4151.525,4154.765,4147.89,4149.385
1781878500,4149.56,4150.24,4143.76,4149.275
1781879400,4149.265,4150.745,4143.12,4144.68
1781880300,4144.685,4151.5,4142.545,4149.485
1781881200,4149.475,4153.64,4148.175,4151.33
1781882100,4151.32,4154.155,4149.705,4151.465
1781883000,4151.535,4153.155,4147.835,4148.28
1781883900,4148.315,4153.68,4148.315,4151.25
1781884800,4151.24,4151.28,4144.835,4145.54
1781885700,4145.56,4149.12,4144.32,4147.13
1781886600,4147.135,4153.89,4147.115,4151.97
1781887500,4151.98,4157.985,4151.435,4155.405
1782079200,4157.1,4160.11,4148.925,4151.62
1782080100,4151.555,4154.755,4147.905,4152.245
1782081000,4152.265,4155.405,4150.32,4153.915
1782081900,4153.895,4157.105,4152.42,4156.44
1782082800,4156.43,4164.945,4155.43,4158.765
1782083700,4158.6,4159.275,4154.055,4156.945
1782084600,4156.935,4156.965,4142.18,4145.75
1782085500,4145.715,4147.17,4136.695,4140.385
1782086400,4140.405,4162.695,4140.095,4161.07
1782087300,4161.125,4170.755,4160.905,4167.585
1782088200,4167.63,4176.425,4165.625,4175.645
1782089100,4175.735,4201.24,4175.505,4201.185
1782090000,4201.27,4221.37,4200.9,4211.78
1782090900,4211.675,4215.035,4205.325,4207.215
1782091800,4207.225,4207.225,4195.21,4200.805
1782092700,4200.785,4201.985,4189.735,4191.225
1782093600,4191.24,4195.21,4183.72,4184.3
1782094500,4184.285,4190.38,4183.54,4188.985
1782095400,4188.97,4200.29,4187.14,4191.895
1782096300,4191.87,4192.55,4187.445,4188.575
1782097200,4188.59,4190.065,4178.29,4178.295
1782098100,4178.335,4181.185,4173.77,4180.325
1782099000,4180.335,4180.955,4175.185,4175.855
1782099900,4175.865,4178.94,4170.805,4171.635
1782100800,4171.57,4178.475,4170.695,4176.37
1782101700,4176.395,4179.115,4174.49,4176.59
1782102600,4176.635,4179,4174.825,4176.88
1782103500,4176.89,4182.345,4176.305,4181.945
1782104400,4181.82,4186.6,4179.51,4185.54
1782105300,4185.525,4194.21,4184.715,4193.99
1782106200,4194.005,4198.66,4189.35,4193.405
1782107100,4193.415,4196.975,4190.465,4193.96
1782108000,4193.925,4198.61,4191.31,4194.475
1782108900,4194.455,4200.72,4193.82,4196.505
1782109800,4196.45,4202.705,4194.7,4202.255
1782110700,4202.275,4207.355,4197.055,4197.59
1782111600,4197.62,4201.48,4197.22,4199.405
1782112500,4199.465,4201.945,4197.105,4197.665
1782113400,4197.72,4199.86,4192.43,4194.49
1782114300,4194.495,4196.25,4188.87,4190.49
1782115200,4190.5,4194.995,4188.645,4189.945
1782116100,4189.925,4195.38,4189.22,4191.705
1782117000,4191.69,4194.31,4189.05,4193.735
1782117900,4193.725,4197.945,4192.32,4197.455
1782118800,4197.425,4209.74,4195.985,4205.375
1782119700,4205.39,4209.36,4202.96,4204.08
1782120600,4204.09,4210.215,4201.595,4206.97
1782121500,4207.045,4210.1,4204.3,4208.23
1782122400,4208.21,4214.365,4207.94,4213.11
1782123300,4212.9,4214.42,4208.16,4210.06
1782124200,4210.045,4211.73,4208.23,4208.68
1782125100,4208.685,4209.675,4203.715,4204.795
1782126000,4204.8,4215.255,4204.655,4208.185
1782126900,4208.2,4209.905,4203.51,4204.015
1782127800,4203.96,4208.335,4202.24,4206.645
1782128700,4206.66,4207.78,4201.61,4207.555
1782129600,4207.57,4211.215,4205.365,4207.405
1782130500,4207.35,4212,4206.2,4208.56
1782131400,4208.44,4208.885,4200.935,4204.035
1782132300,4204.045,4205,4192.24,4193.295
1782133200,4193.29,4197.13,4188.865,4194.365
1782134100,4194.37,4197.025,4185.59,4187.06
1782135000,4187.055,4194.545,4183,4190.975
1782135900,4190.98,4205.8,4187.565,4199.875
1782136800,4199.925,4210.78,4193.785,4205.375
1782137700,4205.275,4206.23,4191.265,4192.01
1782138600,4191.93,4197.72,4186.48,4192.965
1782139500,4192.97,4206.165,4192.85,4198.385
1782140400,4198.39,4201.455,4194.835,4197.935
1782141300,4197.945,4198.08,4188.195,4189.135
1782142200,4189.125,4190.58,4180.435,4180.97
1782143100,4180.99,4185.14,4169.82,4182.805
1782144000,4182.85,4184.97,4174.405,4177.78
1782144900,4177.71,4183,4176.28,4182.69
1782145800,4182.605,4186.36,4181.31,4181.89
1782146700,4181.875,4193.23,4180.87,4190.13
1782147600,4190.235,4191.3,4186.11,4186.84
1782148500,4186.8,4191.725,4183.38,4184.18
1782149400,4184.185,4184.88,4177.165,4181.655
1782150300,4181.665,4183.8,4180.19,4183.235
1782151200,4183.31,4186.315,4182.67,4184.045
1782152100,4184.14,4189.86,4184.005,4188.07
1782153000,4188.14,4190.005,4186.025,4189.855
1782153900,4189.86,4192.915,4189.675,4191.34
1782154800,4191.36,4193.47,4191.03,4191.455
1782155700,4191.475,4192.1,4187.48,4187.48
1782156600,4187.58,4190.33,4184.405,4184.605
1782157500,4184.6,4191.65,4184.23,4190.755
1782158400,4190.8,4193.835,4190.13,4190.9
1782159300,4190.92,4191.675,4188.72,4190.41
1782160200,4190.41,4193.81,4189.56,4192.89
1782161100,4192.88,4193.305,4190.77,4191.69
1782165600,4192.855,4193.765,4191.665,4192.56
1782166500,4192.545,4193.54,4191.275,4193.05
1782167400,4193.055,4194.86,4189.285,4190.21
1782168300,4190.195,4190.77,4188.445,4189.975
1782169200,4189.965,4192.995,4189.63,4190.955
1782170100,4190.975,4192.025,4190.275,4191.08
1782171000,4191.085,4195.255,4190.84,4194.83
1782171900,4194.765,4194.86,4186.875,4187.615
1782172800,4187.585,4192.445,4178.485,4179.02
1782173700,4179.015,4185.9,4178.92,4183.94
1782174600,4183.945,4193.475,4182.34,4192.62
1782175500,4192.685,4194.74,4190.19,4193.49
1782176400,4193.345,4198.605,4185.13,4185.36
1782177300,4185.35,4186.085,4170.84,4178.245
1782178200,4178.29,4178.735,4153.7,4154.065
1782179100,4154.055,4162.92,4150.025,4161.305
1782180000,4161.32,4163.175,4148.905,4153.6
1782180900,4153.59,4163.4,4153.41,4161.83
1782181800,4161.86,4162.235,4152.235,4154.935
1782182700,4154.93,4156.74,4146.545,4146.99
1782183600,4146.95,4149.95,4138.855,4142.205
1782184500,4142.195,4144.12,4130.965,4140.98
1782185400,4140.88,4141.465,4133.715,4139.025
1782186300,4138.895,4145.11,4136.745,4144.195
1782187200,4144.35,4147.065,4142.055,4143.445
1782188100,4143.345,4143.38,4137.555,4140.26
1782189000,4140.21,4140.66,4135.295,4138.995
1782189900,4139,4140.525,4114.825,4118.325
1782190800,4118.36,4137.595,4115.58,4129.975
1782191700,4129.715,4130.705,4123.555,4125.06
1782192600,4125.085,4133.975,4117.195,4127.685
1782193500,4127.62,4127.68,4116.965,4121.245
1782194400,4121.195,4127.17,4111.115,4122.51
1782195300,4122.52,4126.825,4114.48,4116.49
1782196200,4116.31,4121,4110.76,4113.5
1782197100,4113.525,4120.375,4110.335,4114.49
1782198000,4114.455,4124.92,4110.08,4115.745
1782198900,4115.785,4123.035,4113.84,4118.42
1782199800,4118.355,4119.585,4103.775,4105.095
1782200700,4105.105,4108.205,4096.61,4098.98
1782201600,4098.99,4100.315,4091.03,4094.145
1782202500,4094.08,4100.12,4092.465,4098.21
1782203400,4098.05,4111.05,4096.695,4109.69
1782204300,4109.71,4109.855,4101.885,4105.34
1782205200,4105.32,4113.845,4103.945,4111.315
1782206100,4111.355,4117.015,4108.94,4112.67
1782207000,4112.675,4120.105,4112.205,4117.12
1782207900,4117.29,4122.375,4115.295,4122.375
1782208800,4122.42,4133.48,4122.42,4130.135
1782209700,4130.1,4133.19,4126.68,4130.37
1782210600,4130.365,4132.14,4124.28,4126.535
1782211500,4126.53,4126.785,4119.565,4119.68
1782212400,4119.67,4129.82,4117.44,4129.235
1782213300,4129.095,4132.11,4124.46,4127.35
1782214200,4127.165,4128.83,4118.535,4121.155
1782215100,4121.145,4126.36,4118.42,4123.405
1782216000,4123.445,4127.48,4112.92,4113.98
1782216900,4113.955,4120.305,4111.72,4115.33
1782217800,4115.365,4122.82,4114.49,4117.85
1782218700,4117.825,4121.835,4112.53,4113.305
1782219600,4113.295,4119.485,4108.05,4113.525
1782220500,4113.545,4119.5,4105.43,4115.895
1782221400,4115.88,4128.87,4110.005,4126.66
1782222300,4126.675,4140.39,4124.58,4135.39
1782223200,4135.35,4145.215,4133.145,4137.615
1782224100,4137.755,4142.945,4128.84,4132.65
1782225000,4132.66,4133.04,4122.775,4126.24
1782225900,4126.19,4130.37,4123.795,4130.08
1782226800,4130.075,4135.66,4123.485,4128.22
1782227700,4128.245,4130.87,4123.84,4127.15
1782228600,4127.185,4141.82,4126.56,4138.935
1782229500,4138.97,4139.8,4134,4138.71
1782230400,4138.755,4140.045,4133.85,4135.555
1782231300,4135.565,4138.595,4133.14,4136.385
1782232200,4136.35,4143.77,4134.995,4143.435
1782233100,4143.535,4143.94,4131.645,4134.385
1782234000,4134.355,4139.955,4130.175,4138.565
1782234900,4138.575,4138.625,4130.055,4131.02
1782235800,4131.045,4132.42,4127.79,4132.115
1782236700,4132.07,4133.25,4127.93,4128.1
1782237600,4128.12,4131.16,4124.1,4124.445
1782238500,4124.38,4125.71,4120.79,4121.265
1782239400,4121.22,4122.885,4116.145,4116.19
1782240300,4116.22,4118.26,4112.88,4117.88
1782241200,4117.895,4126.215,4117.025,4121.485
1782242100,4121.49,4122.545,4117.635,4121.925
1782243000,4121.99,4124.475,4120.76,4121.05
1782243900,4121.045,4121.4,4111.675,4111.795
1782244800,4111.845,4113.035,4108.7,4110.205
1782245700,4110.255,4111.41,4107.53,4111.03
1782246600,4111.05,4111.95,4109.04,4110.715
1782247500,4110.69,4111.53,4108.91,4110.745
1782252000,4111.71,4114.565,4111.375,4114.015
1782252900,4113.985,4115.235,4104.9,4106.02
1782253800,4106.035,4108.56,4097.01,4104.57
1782254700,4104.545,4109.19,4103.64,4104.275
1782255600,4104.26,4104.355,4095,4099.94
1782256500,4099.985,4101.05,4097.35,4097.71
1782257400,4097.77,4098.425,4080.895,4086.455
1782258300,4086.55,4100.57,4085.77,4099.25
1782259200,4099.27,4112.135,4094.64,4107.26
1782260100,4107.27,4109.52,4093.82,4099.85
1782261000,4099.835,4100.515,4093.85,4095.275
1782261900,4095.23,4099.965,4094.375,4097.5
1782262800,4097.55,4097.945,4068.52,4089.74
1782263700,4089.755,4101.25,4083.74,4098.375
1782264600,4098.305,4102.51,4092.095,4093.04
1782265500,4093.005,4093.295,4082.505,4089.075
1782266400,4088.96,4096.335,4079.85,4080.135
1782267300,4080.085,4081.19,4071.48,4073.605
1782268200,4073.58,4076.85,4052.07,4057.275
1782269100,4057.29,4069.905,4055.19,4061.275
1782270000,4061.22,4065.565,4052.725,4057.805
1782270900,4057.76,4059.24,4050.47,4056.625
1782271800,4056.77,4069.725,4055.435,4069
1782272700,4068.86,4070.705,4062.025,4062.835
1782273600,4062.87,4064.09,4056.045,4059.085
1782274500,4059.08,4067.34,4055.035,4063.295
1782275400,4063.375,4066.8,4062.74,4063.775
1782276300,4063.74,4067.185,4061.985,4064.635
1782277200,4064.475,4070.275,4060.86,4067.725
1782278100,4067.66,4074.515,4065.52,4073.54
1782279000,4073.44,4086.24,4072.215,4077.395
1782279900,4077.37,4080.2,4071.345,4075.85
1782280800,4075.74,4097.375,4075.63,4096.475
1782281700,4096.4,4097.73,4083.35,4087.72
1782282600,4087.845,4094.14,4084.6,4092.02
1782283500,4091.965,4094.79,4084.49,4087.135
1782284400,4087.075,4090.845,4085.585,4086.31
1782285300,4086.305,4087.925,4083.285,4084.48
1782286200,4084.44,4085.47,4075.925,4082.495
1782287100,4082.535,4086.215,4073.795,4074.925
1782288000,4074.94,4078.32,4073.185,4074.185
1782288900,4074.15,4080.815,4073.29,4080.625
1782289800,4080.56,4087.76,4079.305,4083.145
1782290700,4083.205,4083.465,4075.675,4076.385
1782291600,4076.39,4078.535,4069.9,4076.36
1782292500,4076.28,4079.36,4068.47,4069.395
1782293400,4069.37,4072.355,4065.645,4068.61
1782294300,4068.525,4071.18,4064.26,4064.655
1782295200,4064.82,4066.43,4059.17,4061.325
1782296100,4061.32,4061.325,4055.2,4061.08
1782297000,4061.095,4066.96,4056.78,4064.87
1782297900,4064.885,4065.755,4054.6,4055.805
1782298800,4055.855,4058.615,4044.75,4045.815
1782299700,4045.965,4046.955,4037.585,4044.42
1782300600,4044.3,4051.66,4043.535,4046.195
1782301500,4046.15,4056.45,4039.435,4046.78
1782302400,4046.765,4048.86,4035.33,4038.39
1782303300,4038.395,4042.08,4006.515,4015.525
1782304200,4015.67,4020.935,4007.385,4013.495
1782305100,4013.485,4017.725,3987.655,3987.93
1782306000,3988.115,3995.74,3966.93,3971.62
1782306900,3971.64,3977.28,3964.645,3975.695
1782307800,3975.7,4018.195,3974.175,4015.625
1782308700,4015.605,4042.26,4009.43,4038.365
1782309600,4038.33,4041.025,4018.94,4019.99
1782310500,4019.965,4028.035,4014.435,4023.925
1782311400,4023.89,4034.61,4011.16,4015.925
1782312300,4015.89,4015.89,4003.075,4008.05
1782313200,4008.17,4010.175,3997.37,4002.05
1782314100,4002.015,4014.875,3999.67,4014.79
1782315000,4014.785,4015.35,4001.405,4006.07
1782315900,4006.03,4016.97,4000.13,4002.635
1782316800,4002.605,4006.64,3995.615,4002.705
1782317700,4002.725,4017.11,4001.68,4016.175
1782318600,4016.165,4022.435,4009.515,4011.685
1782319500,4011.68,4012.345,4006.235,4006.845
1782320400,4006.865,4011.49,4004.69,4005.845
1782321300,4005.825,4007.26,3990.025,3990.51
1782322200,3990.53,3991.07,3983.125,3984.33
1782323100,3984.335,3986.995,3972.78,3972.9
1782324000,3973.035,3992.71,3959.08,3988.945
1782324900,3988.95,3992.415,3979.36,3990.31
1782325800,3990.405,3994.34,3981.615,3983.575
1782326700,3983.43,3984.49,3977.02,3981.535
1782327600,3981.74,3985.26,3973.67,3976.545
1782328500,3976.55,3984.48,3974.04,3984.14
1782329400,3984.145,3988.865,3979.47,3982.675
1782330300,3982.69,3990.875,3981.035,3988.055
1782331200,3988.07,4003,3984.71,3995.23
1782332100,3995.26,4000.985,3992.23,4000.025
1782333000,4000.015,4001.3,3995.75,3998.825
1782333900,3998.805,4001.4,3996.595,3999.5
1782338400,4006.955,4007.825,4000.87,4001.75
1782339300,4001.785,4003.02,4000.485,4002.115
1782340200,4002.335,4006.93,3999.635,4002.26
1782341100,4002.46,4002.565,3992.905,3996.475
1782342000,3996.5,3998.9,3990.87,3995.15
1782342900,3995.155,4000.805,3995.14,3998.345
1782343800,3998.355,4018.825,3998.18,4014.665
1782344700,4014.675,4017.84,4009.595,4012.5
1782345600,4012.47,4016.42,4003.895,4005.51
1782346500,4005.585,4006.22,3995.175,3996.265
1782347400,3996.26,3996.315,3981.595,3985.55
1782348300,3985.37,4001.38,3978.5,3991.775
1782349200,3991.71,4005.825,3982.185,3986.8
1782350100,3986.78,3999.915,3983.815,3990.675
1782351000,3990.655,3996.08,3977.135,3981.895
1782351900,3981.87,3988.445,3972.425,3976.92
1782352800,3976.91,3981.78,3962.475,3968.005
1782353700,3968.025,3991.35,3967.385,3986.54
1782354600,3986.7,3988.2,3974.695,3978.605
1782355500,3978.615,3984.5,3975.59,3982.83
1782356400,3982.845,3989.36,3966.335,3970.795
1782357300,3970.855,3983.16,3967.795,3976.46
1782358200,3976.42,3977.29,3969.19,3975.39
1782359100,3975.375,4001.125,3974.695,3995.365
1782360000,3995.4,3997.67,3989.325,3989.335
1782360900,3989.33,3997.76,3987.61,3994.505
1782361800,3994.5,3995.9,3983.605,3992.26
1782362700,3992.285,3997.385,3991.415,3996.225
1782363600,3996.205,4000.215,3992.15,3998.405
1782364500,3998.425,3999.13,3989.255,3994.41
1782365400,3994.26,3997.775,3981.815,3983.055
1782366300,3983.065,3991.94,3980.535,3986.73
1782367200,3986.545,3989.465,3979.73,3980
1782368100,3980.005,3987.065,3974.12,3984.37
1782369000,3984.34,3985.315,3976.8,3982.295
1782369900,3982.385,3984.485,3975.9,3977.655
1782370800,3977.68,3986.175,3973.59,3979.98
1782371700,3979.99,3989.765,3977.725,3985.215
1782372600,3985.22,3989.43,3973.84,3974.875
1782373500,3974.88,3989.025,3971.695,3987.835
1782374400,3987.885,3995.365,3984.355,3987.13
1782375300,3987.08,4001.37,3986.375,3993.72
1782376200,3993.87,4002.11,3993.83,3999.68
1782377100,3999.69,3999.825,3988.575,3989.17
1782378000,3989.24,3996.62,3989.18,3991.045
1782378900,3991.005,3995.51,3989.36,3994.08
1782379800,3994.02,3997.72,3986.095,3988.535
1782380700,3988.515,3993.485,3987.58,3988.245
1782381600,3988.265,3989.29,3983.69,3984.605
1782382500,3984.575,3989.34,3983.45,3989.34
1782383400,3989.345,3989.52,3984.815,3985.66
1782384300,3985.63,3985.865,3981.355,3984.39
1782385200,3984.595,3986.32,3982.165,3983.365
1782386100,3983.4,3983.4,3976.27,3977.315
1782387000,3977.295,3986.225,3973.64,3984.84
1782387900,3984.875,3987.86,3979.535,3980.14
1782388800,3980.2,3984.74,3979.57,3982.885
1782389700,3982.91,3986.325,3978.84,3984.085
1782390600,3983.995,4012.045,3983.315,4005.675
1782391500,4005.655,4019.38,4003.62,4012.67
1782392400,4012.68,4034.225,4012.095,4031.02
1782393300,4031.01,4031.635,4018.865,4022.18
1782394200,4022.08,4028.765,4010.865,4011.99
1782395100,4012.01,4019.28,4000.98,4002.365
1782396000,4002.36,4021.76,3999.17,4016.545
1782396900,4016.55,4028.415,4012.88,4026.73
1782397800,4026.705,4028.55,4015.905,4020.015
1782398700,4020.02,4021.005,4011.36,4011.925
1782399600,4011.92,4020.6,4005.02,4008.305
1782400500,4008.285,4040.79,4006.13,4026.955
1782401400,4026.945,4030.845,4022.02,4027.785
1782402300,4027.715,4042.755,4026.955,4041.525
1782403200,4041.49,4042.995,4033.77,4037.015
1782404100,4037.035,4044.085,4037.035,4040.41
1782405000,4040.425,4040.835,4031.105,4031.445
1782405900,4031.395,4033.49,4023.88,4028.73
1782406800,4028.78,4032.45,4026.88,4029.59
1782407700,4029.51,4035.85,4027.98,4032.725
1782408600,4032.72,4036.12,4031.095,4034.175
1782409500,4034.2,4036.83,4029.82,4034.725
1782410400,4034.735,4035.465,4026.025,4032.68
1782411300,4032.665,4044.13,4032.165,4044.12
1782412200,4044.14,4044.14,4031.38,4032.79
1782413100,4032.81,4036.315,4029.88,4034.8
1782414000,4034.88,4040.56,4032.685,4040.21
1782414900,4040.2,4043.87,4035.435,4036.2
1782415800,4036.225,4037.935,4032.085,4034.585
1782416700,4034.595,4034.6,4021.965,4026.83
1782417600,4026.745,4035.155,4025.705,4028.17
1782418500,4028.165,4030.9,4026.56,4030.805
1782419400,4030.81,4030.895,4024.87,4026.485
1782420300,4026.45,4027.175,4024.51,4026.92
1782424800,4030.09,4030.205,4022.125,4023.175
1782425700,4023.18,4026.665,4019.935,4024.9
1782426600,4024.87,4036.505,4024.525,4028.45
1782427500,4028.475,4030.11,4021.93,4026.44
1782428400,4026.28,4027.205,4021.585,4023.65
1782429300,4023.625,4030.16,4022.61,4029.885
1782430200,4029.935,4030.535,4021.025,4024.345
1782431100,4024.38,4024.38,4012.815,4014.555
1782432000,4014.635,4020.155,4011.575,4019.825
1782432900,4019.765,4023.635,4012.47,4015.485
1782433800,4015.5,4019.96,4012.3,4019.255
1782434700,4019.265,4024.735,4015.595,4020.495
1782435600,4020.505,4030.015,4014.315,4019.635
1782436500,4019.6,4026.43,4017.745,4022.61
1782437400,4022.735,4025.635,4016.14,4020.43
1782438300,4020.375,4023.11,4014.54,4020.915
1782439200,4020.875,4023.355,4013.545,4015.195
1782440100,4015.05,4016.815,4004.205,4007.67
1782441000,4007.935,4009.605,3991.135,3992.265
1782441900,3992.215,3995.415,3982.95,3990.61
1782442800,3990.56,3999.925,3986.645,3997.52
1782443700,3997.53,4000.175,3992.705,3995.575
1782444600,3995.485,4001.195,3993.27,4000.365
1782445500,4000.345,4006.685,3997.52,4004.52
1782446400,4004.51,4009.69,3998.935,4008.44
1782447300,4008.43,4012.15,4005.83,4007.54
1782448200,4007.565,4008.45,4001.59,4008.45
1782449100,4008.475,4015.295,4007.11,4011.705
1782450000,4011.71,4015.275,4006.31,4015.275
1782450900,4015.285,4019.14,4011.73,4016.575
1782451800,4016.6,4021.57,4011.025,4011.39
1782452700,4011.455,4015.65,4005.63,4008.19
1782453600,4008.205,4011.685,4006.795,4009.6
1782454500,4009.7,4025.005,4008.45,4024.36
1782455400,4024.275,4027.94,4020.985,4025.045
1782456300,4025.085,4033.185,4022.035,4032.115
1782457200,4032.1,4033.935,4026.81,4027.54
1782458100,4027.55,4039.875,4027.065,4038.105
1782459000,4038.12,4038.985,4031.045,4031.585
1782459900,4031.62,4032.22,4027.605,4030.565
1782460800,4030.525,4033.26,4025.86,4031.055
1782461700,4031.09,4035.92,4029.935,4035.605
1782462600,4035.59,4036.305,4032.38,4035.72
1782463500,4035.725,4037.805,4029.62,4030.94
1782464400,4030.945,4041.615,4029.59,4039.66
1782465300,4039.67,4050.995,4034.57,4048.405
1782466200,4048.385,4054.16,4045.335,4048
1782467100,4047.975,4053.99,4045.45,4047.185
1782468000,4047.175,4052.21,4044.47,4051.055
1782468900,4050.98,4051.55,4042.42,4048.345
1782469800,4048.335,4054.59,4046.775,4048.5
1782470700,4048.495,4054.995,4047.5,4054.705
1782471600,4054.73,4055.61,4047.205,4047.43
1782472500,4047.42,4054.15,4046.14,4052.79
1782473400,4052.8,4055.76,4046.31,4046.86
1782474300,4046.845,4048.73,4042.61,4045.965
1782475200,4045.985,4050.985,4043.78,4049.13
1782476100,4049.115,4051.66,4042.185,4046.82
1782477000,4046.65,4049.18,4035.935,4040.44
1782477900,4040.435,4061.615,4039.38,4058.99
1782478800,4059.035,4066.13,4043.47,4050.665
1782479700,4050.68,4058.76,4043.23,4057.05
1782480600,4056.955,4062.425,4045.06,4062.365
1782481500,4062.36,4078.265,4058.355,4073.77
1782482400,4073.75,4085.24,4067.805,4082.345
1782483300,4082.395,4093.15,4081.355,4084.5
1782484200,4084.53,4085.175,4076.405,4082.885
1782485100,4082.91,4091.86,4080.585,4080.585
1782486000,4080.63,4083.325,4075.72,4079.695
1782486900,4079.725,4084.68,4078.045,4084.44
1782487800,4084.48,4095.635,4081.695,4095.095
1782488700,4095.125,4095.985,4083.43,4090.625
1782489600,4090.71,4092.97,4088.455,4091.48
1782490500,4091.495,4093.785,4083.205,4086.84
1782491400,4086.805,4093.23,4082.21,4084.635
1782492300,4084.645,4086.955,4083.06,4085.2
1782493200,4085.225,4088.215,4082.455,4083.415
1782494100,4083.42,4085.06,4080.265,4081.62
1782495000,4081.625,4083.39,4074.31,4076.85
1782495900,4076.84,4077.875,4073.825,4074.85
1782496800,4074.865,4079.02,4072.495,4076.945
1782497700,4076.95,4077.07,4071.635,4073.655
1782498600,4073.625,4075.635,4071.89,4072.66
1782499500,4072.635,4072.635,4067.275,4067.46
1782500400,4067.48,4070.24,4064.705,4069.645
1782501300,4069.61,4069.83,4064.765,4066.655
1782502200,4066.68,4070.95,4065.895,4068.825
1782503100,4068.815,4074.695,4067.01,4071.815
1782504000,4071.845,4072.895,4064.795,4068.1
1782504900,4068.11,4073.245,4066.495,4072.34
1782505800,4072.28,4072.325,4067.25,4070.83
1782506700,4070.81,4091.205,4070.135,4088.385
1782684000,4075.86,4083.82,4069.68,4070.28
1782684900,4070.275,4070.485,4053.375,4057.38
1782685800,4057.37,4065.54,4056.185,4063.49
1782686700,4063.495,4069.585,4062.27,4066.425
1782687600,4066.385,4070.545,4065.355,4065.64
1782688500,4065.665,4065.7,4055.705,4057.3
1782689400,4057.315,4062.9,4052.145,4062.82
1782690300,4062.855,4066.41,4061.08,4063.115
1782691200,4063.08,4064.915,4053.375,4059.285
1782692100,4059.275,4062.23,4048.15,4048.185
1782693000,4048.485,4070.145,4048.485,4069.42
1782693900,4069.405,4074.33,4063.135,4069.41
1782694800,4069.415,4074.75,4053.77,4055.115
1782695700,4054.995,4066.225,4054.775,4059.42
1782696600,4059.525,4066.595,4055.93,4063.72
1782697500,4063.725,4063.985,4054.905,4061.6
1782698400,4061.59,4070.735,4059.4,4061.075
1782699300,4061.13,4070.88,4060.485,4068.715
1782700200,4068.785,4071.85,4058.53,4060.84
1782701100,4060.865,4069.58,4059.075,4066.24
1782702000,4066.185,4071.15,4064.92,4069.065
1782702900,4069.09,4076.015,4067.33,4072.555
1782703800,4072.545,4073.76,4065.59,4067.97
1782704700,4067.96,4072.01,4066.305,4068.895
1782705600,4068.88,4069.125,4064.315,4065.725
1782706500,4065.735,4066.8,4062.37,4065.25
1782707400,4065.22,4065.585,4052.91,4057.35
1782708300,4057.345,4058.03,4049.665,4052.335
1782709200,4052.23,4057.505,4047.455,4055.95
1782710100,4055.945,4057.32,4047.99,4049.24
1782711000,4049.23,4051.525,4039.325,4050.505
1782711900,4050.48,4056.955,4047.32,4054.475
1782712800,4054.415,4064.14,4053.585,4059.765
1782713700,4059.775,4063.105,4056.235,4060.925
1782714600,4060.955,4062.1,4055.05,4061.41
1782715500,4061.4,4064.88,4059.895,4062.365
1782716400,4062.405,4062.845,4056.185,4059.435
1782717300,4059.26,4066.485,4058.09,4066.225
1782718200,4066.16,4066.465,4060.965,4062.815
1782719100,4062.785,4068.83,4060.93,4061.72
1782720000,4061.63,4066.095,4060.58,4064.06
1782720900,4064.05,4065.785,4060.555,4061.325
1782721800,4061.34,4066.78,4054.795,4055.765
1782722700,4055.695,4057.45,4043.875,4047.28
1782723600,4047.26,4055.485,4045.385,4050.33
1782724500,4050.305,4053.62,4045.325,4047.625
1782725400,4047.51,4050.77,4040.88,4043.83
1782726300,4043.805,4044.255,4024.44,4031.66
1782727200,4031.65,4039.855,4027.545,4038.5
1782728100,4038.485,4038.865,4032.775,4037.59
1782729000,4037.545,4038.885,4031.94,4034.585
1782729900,4034.54,4038.545,4032.645,4037.015
1782730800,4037.02,4038.765,4032.505,4034.44
1782731700,4034.42,4036.15,4027.51,4032.225
1782732600,4032.22,4038.725,4030.145,4035.32
1782733500,4035.315,4042.34,4034.985,4039.285
1782734400,4039.38,4052.61,4037.99,4047.66
1782735300,4047.64,4049.945,4037.765,4038.305
1782736200,4038.33,4047.205,4037.605,4044.91
1782737100,4044.88,4047.96,4042.535,4043.75
1782738000,4043.785,4051.935,4043.435,4047.325
1782738900,4047.265,4049.86,4037.87,4037.87
1782739800,4038.015,4044.675,4034.08,4038.7
1782740700,4038.62,4040.65,4028.315,4032.265
1782741600,4032.36,4035.62,4008.11,4009.085
1782742500,4009.03,4028.405,4000.325,4024.925
1782743400,4024.92,4028.35,4020.225,4021.13
1782744300,4021.16,4030.5,4018.125,4025.745
1782745200,4025.71,4026.43,4019.36,4022.04
1782746100,4022.05,4027.715,4016.84,4024.235
1782747000,4024.24,4026.54,4017.72,4022.88
1782747900,4022.86,4030.525,4022.195,4026.96
1782748800,4026.975,4028.765,4023.7,4023.825
1782749700,4023.895,4026.615,4022.085,4023.785
1782750600,4023.815,4024.46,4018.755,4021.445
1782751500,4021.45,4028.315,4020.75,4023.975
1782752400,4023.98,4032.17,4023.35,4029.105
1782753300,4029.11,4030.74,4022.495,4023.975
1782754200,4023.985,4024.67,4020.95,4022.23
1782755100,4022.275,4022.73,4019.405,4021.055
1782756000,4021.07,4024.44,4020.51,4024.055
1782756900,4024.07,4025.41,4020.4,4021.27
1782757800,4021.29,4021.75,4019.59,4020.89
1782758700,4020.885,4021.225,4012.02,4013.58
1782759600,4013.57,4014.745,4008.12,4008.255
1782760500,4008.245,4017.31,4005.435,4017.215
1782761400,4017.18,4019.675,4016.305,4018.16
1782762300,4018.155,4018.51,4012.665,4015.955
1782763200,4015.91,4016.16,4012.82,4014.455
1782764100,4014.485,4018.115,4014.455,4017.88
1782765000,4017.92,4018,4014.59,4015.915
1782765900,4015.9,4017.435,4014.715,4016.955
1782770400,4018.65,4022.455,4016.925,4018.6
1782771300,4018.55,4020.76,4015.455,4016.09
1782772200,4016.04,4016.04,4010.575,4010.575
1782773100,4010.445,4017.15,4009.57,4014.235
1782774000,4014.365,4021.605,4014.175,4020.925
1782774900,4020.91,4022.505,4016.05,4016.76
1782775800,4016.795,4022.14,4013.685,4015.365
1782776700,4015.28,4018.28,4013.675,4015.1
1782777600,4015.05,4015.4,4003.495,4010.445
1782778500,4010.475,4011.75,4004.13,4006.4
1782779400,4006.47,4006.97,3991.02,3992.12
1782780300,3992.11,3994.17,3979.98,3987.34
1782781200,3987.325,3987.505,3942.1,3958.17
1782782100,3958.145,3980.985,3950.22,3979.085
1782783000,3979.095,3979.645,3966.385,3969.32
1782783900,3969.31,3973.81,3961.59,3969.76
1782784800,3969.59,3973.645,3952.135,3957.53
1782785700,3957.445,3965.785,3956.12,3962.01
1782786600,3962.02,3964.415,3954.57,3959.98
1782787500,3959.945,3970.6,3959.55,3963.13
1782788400,3963.01,3969.96,3962.81,3966.55
1782789300,3966.535,3971.245,3963.13,3965.88
1782790200,3965.875,3967.27,3960.255,3963.45
1782791100,3963.445,3971.42,3963.36,3970.06
1782792000,3969.975,3975.33,3968.165,3972.49
1782792900,3972.5,3983.785,3971.945,3982.975
1782793800,3982.945,3998.27,3982.655,3988.52
1782794700,3988.6,3991.495,3983.475,3985.585
1782795600,3985.575,3991.02,3984.11,3984.89
1782796500,3984.895,3987.755,3979.635,3982.99
1782797400,3982.95,3985.29,3975.23,3979.605
1782798300,3979.6,3981.985,3976.415,3978.05
1782799200,3978.035,3989.74,3978.035,3987.88
1782800100,3987.945,4013.48,3984.1,4012.125
1782801000,4012.105,4034.325,4011.02,4024.77
1782801900,4024.735,4033.32,4023.955,4029.625
1782802800,4029.68,4030.065,4023.785,4025.91
1782803700,4025.875,4034.86,4025.435,4028.525
1782804600,4028.695,4032.15,4026.165,4028.815
1782805500,4028.81,4033.12,4025.575,4032.28
1782806400,4032.285,4037.665,4022.055,4024.47
1782807300,4024.475,4026.365,4020.27,4025.945
1782808200,4025.955,4026.865,4015.545,4018.09
1782809100,4018.085,4019.76,4013.8,4015.725
1782810000,4015.695,4021.915,4014.78,4018.48
1782810900,4018.455,4022.81,4016.24,4017.37
1782811800,4017.38,4018.835,4012.47,4018.68
1782812700,4018.67,4023.955,4018.28,4023.955
1782813600,4023.985,4026.665,4021.565,4025.8
1782814500,4025.845,4028.815,4023.79,4028.67
1782815400,4028.675,4029.99,4025.235,4028.005
1782816300,4028.01,4031.385,4026.425,4029.895
1782817200,4029.85,4033.79,4025.45,4033.505
1782818100,4033.52,4034.325,4029.85,4031.93
1782819000,4031.95,4035.2,4028.455,4034.72
1782819900,4034.795,4037.43,4030.15,4034.05
1782820800,4033.99,4034.56,4026.05,4026.765
1782821700,4026.755,4028.76,4014.915,4017.045
1782822600,4017.07,4022.01,4012.83,4018.86
1782823500,4018.6,4018.6,4008.74,4009.97
1782824400,4010.025,4025.94,4009.455,4023.615
1782825300,4023.63,4033.46,4019.175,4023.92
1782826200,4023.905,4027.675,4013.29,4025.275
1782827100,4025.205,4032.74,4022.075,4029.375
1782828000,4029.415,4048.78,4025.425,4043.735
1782828900,4043.695,4063.48,4043.185,4054.12
1782829800,4054.2,4058.79,4044.855,4051.125
1782830700,4051.11,4051.11,4037.405,4037.405
1782831600,4037.455,4039.53,4032.295,4036.21
1782832500,4036.17,4036.17,4022.335,4028.66
1782833400,4028.715,4031.695,4026.98,4029.685
1782834300,4029.695,4034.93,4028.96,4029.365
1782835200,4029.335,4030.39,4025.86,4030.025
1782836100,4030.045,4031.485,4027.865,4029.72
1782837000,4029.7,4032.325,4027.46,4031.405
1782837900,4031.34,4034.015,4025.97,4026.175
1782838800,4026.145,4027.98,4020.765,4023.24
1782839700,4023.155,4028.245,4021.65,4025.53
1782840600,4025.595,4029.89,4025.385,4029.605
1782841500,4029.465,4032.265,4029.175,4030.885
1782842400,4030.875,4033.925,4030.865,4032.42
1782843300,4032.435,4032.945,4030.485,4031.44
1782844200,4031.6,4031.66,4028.24,4030.975
1782845100,4030.97,4032.515,4028.475,4028.55
1782846000,4028.56,4029.605,4023.645,4024.17
1782846900,4024.145,4025.145,4021.36,4021.36
1782847800,4021.355,4023.36,4020.985,4022.195
1782848700,4022.2,4022.68,4014.73,4015.97
1782849600,4015.985,4020.925,4013.95,4020.08
1782850500,4020.085,4021.265,4012.34,4012.86
1782851400,4012.84,4013.625,4010.355,4011.365
1782852300,4011.35,4011.85,4006.58,4007.525
1782856800,4014.34,4017.62,4013.84,4014.755
1782857700,4014.77,4016.72,4012.13,4013.87
1782858600,4013.825,4018.175,4013.32,4014.185
1782859500,4014.135,4016.355,4011.085,4013.245
1782860400,4013.3,4018.505,4011.17,4014.115
1782861300,4014.21,4015.285,4008.11,4011.205
1782862200,4011.175,4012.615,4008.965,4009.58
1782863100,4009.545,4010.34,4005.505,4005.835
1782864000,4005.86,4009.915,4005.66,4008.485
1782864900,4008.585,4009.245,4001.37,4001.85
1782865800,4002.055,4005.81,3996.13,3996.585
1782866700,3996.58,3999.62,3993.21,3996.72
1782867600,3996.77,3999.9,3979.13,3984.505
1782868500,3984.43,3986.235,3975.775,3985.91
1782869400,3985.945,3988.77,3975.1,3978.93
1782870300,3978.98,3982.135,3974.1,3977.995
1782871200,3978.005,3979.92,3970.395,3976.595
1782872100,3976.525,3982.645,3975.95,3980.985
1782873000,3980.79,3986.25,3979,3983.21
1782873900,3983.215,3985.44,3978.565,3979.395
1782874800,3979.38,3985.78,3978.63,3983.65
1782875700,3983.645,3987.095,3980.24,3981.51
1782876600,3981.56,3982.45,3976.765,3977.615
1782877500,3977.61,3980.68,3976.995,3980.58
1782878400,3980.615,3981.14,3974.265,3976.54
1782879300,3976.335,3978.255,3974.525,3977.745
1782880200,3977.7,3980.89,3972.515,3974.745
1782881100,3974.73,3982.985,3974.475,3976.7
1782882000,3976.685,3977.335,3969.98,3972.15
1782882900,3972.145,3975.325,3970.14,3972.98
1782883800,3973.12,3979.15,3970.575,3974.84
1782884700,3974.85,3979.08,3973.715,3974.13
1782885600,3974.135,3977.605,3963.51,3965.355
1782886500,3965.345,3969.975,3963.385,3967.53
1782887400,3967.565,3973.6,3963.34,3971.885
1782888300,3971.935,3973.705,3969.15,3971.99
1782889200,3971.965,3973.905,3960.435,3961.71
1782890100,3961.65,3972.36,3960.275,3964.32
1782891000,3964.315,3971.385,3960.82,3971.205
1782891900,3971.225,3978.585,3968.96,3976.065
1782892800,3976.1,3976.32,3969.465,3974.44
1782893700,3974.465,3984.555,3974.305,3978.875
1782894600,3978.88,3979.755,3972.375,3977
1782895500,3977.01,3977.57,3971.395,3974.665
1782896400,3974.645,3977.745,3972.95,3975.855
1782897300,3975.85,3980.46,3975.57,3978.865
1782898200,3978.83,3982.645,3977.635,3981.72
1782899100,3981.76,3986.145,3981.76,3984.545
1782900000,3984.535,3989.69,3982.97,3984.36
1782900900,3984.555,3987.625,3981.39,3987.27
1782901800,3987.245,3994.52,3986.63,3987.36
1782902700,3987.385,3998.75,3987.04,3998.41
1782903600,3998.51,4019.58,3997.975,4016.16
1782904500,4016.165,4028.715,4015.135,4026.83
1782905400,4026.795,4031.96,4023.26,4029.365
1782906300,4029.37,4035.595,4028.71,4030.475
1782907200,4030.5,4034.045,4019.65,4021.7
1782908100,4021.69,4030.47,4021.69,4025.925
1782909000,4025.875,4033.14,4023.235,4026.14
1782909900,4026.19,4028.99,4022.765,4022.905
1782910800,4022.93,4025.08,4012.865,4021.35
1782911700,4021.33,4047.31,4021.275,4046.72
1782912600,4046.88,4100.305,4041.685,4098.5
1782913500,4098.48,4108.205,4085.11,4089.65
1782914400,4090.045,4101.63,4082.925,4092.96
1782915300,4092.99,4106.84,4089.53,4100.69
1782916200,4100.665,4115.81,4092.01,4092.9
1782917100,4092.835,4095.17,4086.475,4093.46
1782918000,4093.475,4094.665,4081.885,4085.215
1782918900,4085.305,4092.005,4078.615,4084.015
1782919800,4083.925,4084.17,4076.75,4082.495
1782920700,4082.49,4088.22,4079.505,4081.16
1782921600,4081.165,4088.435,4081.165,4082.48
1782922500,4082.465,4085.165,4080.62,4081.465
1782923400,4081.415,4083.43,4072.97,4074.255
1782924300,4074.28,4076.545,4070.55,4071.285
1782925200,4071.18,4073.725,4067.885,4071.465
1782926100,4071.545,4072.15,4067.75,4068.085
1782927000,4068.155,4073.235,4067.98,4070.815
1782927900,4070.82,4072.44,4067.33,4068.21
1782928800,4068.21,4070.85,4067.285,4068.945
1782929700,4069.01,4069.24,4061.18,4061.24
1782930600,4061.27,4066.06,4061.27,4063.16
1782931500,4063.185,4063.305,4057.865,4062.19
1782932400,4062.175,4068.365,4061.69,4065.515
1782933300,4065.475,4066.325,4056.725,4058.975
1782934200,4058.965,4059.825,4053.21,4053.93
1782935100,4053.92,4054.345,4034.58,4038.88
1782936000,4038.87,4039.83,4028.265,4035.81
1782936900,4035.805,4039.43,4034.705,4038.835
1782937800,4038.84,4039.35,4033.4,4033.92
1782938700,4033.99,4036.145,4030.155,4031.705
1782943200,4038.71,4041.17,4035.635,4037.07
1782944100,4037.065,4039.44,4035.155,4038.47
1782945000,4038.27,4040.875,4037.185,4040.13
1782945900,4040.18,4045.155,4039.98,4045.035
1782946800,4045.025,4045.185,4037.66,4037.86
1782947700,4037.87,4039.515,4033.945,4037.315
1782948600,4037.365,4040.69,4034.625,4035.84
1782949500,4035.85,4037.12,4033.245,4035.325
1782950400,4035.335,4046.28,4030.895,4044.915
1782951300,4044.92,4048.545,4040.495,4046.51
1782952200,4046.55,4046.825,4038.14,4039.3
1782953100,4039.285,4052.795,4039.205,4052.095
1782954000,4052.14,4068.73,4050.705,4065.385
1782954900,4065.41,4065.98,4050.37,4053.4
1782955800,4053.51,4055.45,4046.4,4047.75
1782956700,4047.605,4056.375,4045.29,4050.32
1782957600,4050.315,4050.995,4041.515,4048.12
1782958500,4048.23,4055.135,4047.88,4051.72
1782959400,4051.77,4057.395,4047.675,4056.335
1782960300,4056.285,4061.065,4054.36,4057.085
1782961200,4057.09,4059.915,4055.51,4057.645
1782962100,4057.595,4067.31,4057.555,4065.35
1782963000,4065.48,4067.97,4061.875,4065.685
1782963900,4065.825,4074.235,4063.16,4070.03
1782964800,4070.025,4073.325,4068.335,4070.32
1782965700,4070.46,4070.635,4064.195,4065.76
1782966600,4065.78,4066.68,4061.63,4063.58
1782967500,4063.565,4065.4,4060.77,4060.87
1782968400,4060.885,4061.425,4054.61,4055.88
1782969300,4055.875,4062.355,4054.75,4057.615
1782970200,4057.635,4066.505,4053.245,4061.92
1782971100,4061.86,4067.865,4059.85,4066.275
1782972000,4066.36,4076.105,4066.11,4068.67
1782972900,4068.655,4079.92,4067.35,4074.255
1782973800,4074.265,4076.83,4066.155,4068.25
1782974700,4068.255,4076.51,4066.96,4073.275
1782975600,4073.305,4074.29,4067.175,4067.845
1782976500,4067.8,4068.59,4060.815,4062.425
1782977400,4062.42,4075.585,4061.04,4074.615
1782978300,4074.62,4075.025,4063.705,4064.375
1782979200,4064.34,4074.335,4061.475,4070.01
1782980100,4070.03,4078,4068.835,4075.06
1782981000,4075.01,4078.035,4072.16,4075.395
1782981900,4075.36,4080.12,4073.145,4076.19
1782982800,4076.195,4077.225,4069.46,4072.35
1782983700,4072.33,4073.82,4066.275,4067.82
1782984600,4067.845,4072.24,4064.095,4069.435
1782985500,4069.43,4072.365,4064.595,4065.275
1782986400,4065.425,4066.54,4062.61,4063.51
1782987300,4063.45,4067.975,4062.045,4066.195
1782988200,4066.245,4068.8,4063.185,4064.715
1782989100,4064.7,4068.17,4061.665,4066.365
1782990000,4066.37,4067,4057.44,4063.435
1782990900,4063.43,4067.47,4062.835,4065.65
1782991800,4065.66,4071.785,4063.41,4071.175
1782992700,4071.29,4072.325,4065.33,4065.33
1782993600,4065.34,4073.715,4061.31,4064.175
1782994500,4064.17,4069.795,4061.745,4064.48
1782995400,4064.495,4140.525,4064.495,4132.37
1782996300,4132.355,4134.245,4112.14,4117.58
1782997200,4117.55,4129.715,4115.54,4124.41
1782998100,4124.465,4124.825,4109.445,4113.3
1782999000,4113.19,4138.5,4110.125,4134.85
1782999900,4134.865,4144.08,4132.68,4136.79
1783000800,4136.81,4138.265,4123.935,4128.705
1783001700,4128.685,4136.39,4114.06,4116.375
1783002600,4116.35,4125.62,4114.77,4118.83
1783003500,4118.835,4129.885,4115.835,4128.655
1783004400,4128.64,4131.365,4114.745,4126.435
1783005300,4126.43,4131.665,4120.71,4122.575
1783006200,4122.545,4131.075,4122.515,4125.45
1783007100,4125.445,4130.31,4124.265,4128.54
1783008000,4128.6,4130.39,4121.99,4123.39
1783008900,4123.385,4124.09,4115.58,4116.555
1783009800,4116.53,4116.765,4100.355,4114.75
1783010700,4114.675,4120.355,4114.125,4118.185
1783011600,4118.02,4120.045,4113.51,4118.25
1783012500,4118.18,4119.895,4111.54,4112.6
1783013400,4112.585,4114.605,4105.98,4107.315
1783014300,4107.265,4110.41,4105.855,4106.89
1783015200,4106.815,4123.83,4105.895,4119.115
1783016100,4119.12,4123.245,4115.58,4123.22
1783017000,4123.195,4127.09,4121.26,4121.3
1783017900,4121.265,4124.415,4119.88,4122.75
1783018800,4122.755,4124.485,4113.34,4114.555
1783019700,4114.505,4115.08,4108.295,4112.755
1783020600,4112.745,4114.96,4111.125,4113.615
1783021500,4113.605,4124.12,4112.84,4121.425
1783022400,4121.385,4122.43,4116.365,4119.99
1783023300,4120.04,4125.19,4119.18,4123.715
1783024200,4123.72,4125.135,4120.855,4120.855
1783025100,4120.885,4124.33,4118.73,4123.605
1783029600,4125.815,4128.335,4124.555,4124.555
1783030500,4124.78,4125.5,4122.64,4124.295
1783031400,4124.3,4126.425,4122.62,4123.285
1783032300,4123.265,4126.565,4122.905,4124.745
1783033200,4124.725,4127.485,4124.44,4125.53
1783034100,4125.595,4130.38,4124.405,4129.835
1783035000,4129.68,4135.08,4121.47,4124.86
1783035900,4124.92,4131.865,4124.415,4126.105
1783036800,4126.015,4137.105,4122.775,4135.08
1783037700,4134.955,4141.02,4131.73,4137.395
1783038600,4137.415,4139.79,4133.21,4136.625
1783039500,4136.585,4151.14,4135.51,4147.115
1783040400,4147.175,4179.385,4146.725,4176.42
1783041300,4176.5,4194.625,4174.075,4187.67
1783042200,4187.635,4195.51,4179.51,4180.005
1783043100,4179.995,4184.28,4175.525,4182.51
1783044000,4182.525,4184.495,4177.095,4179.385
1783044900,4179.39,4181.175,4176.485,4179.11
1783045800,4179.16,4186.86,4178.08,4183.41
1783046700,4183.51,4186.71,4178.795,4183.425
1783047600,4183.4,4184.62,4179.645,4182.65
1783048500,4182.795,4183.63,4179.28,4181.46
1783049400,4181.51,4183.31,4177.26,4177.32
1783050300,4177.315,4179.7,4175.205,4176.07
1783051200,4176.02,4178.965,4173.085,4177.725
1783052100,4177.715,4183.06,4176.61,4178.515
1783053000,4178.54,4178.74,4175.445,4177.385
1783053900,4177.425,4179.12,4174.63,4179.065
1783054800,4179.055,4181.3,4177.02,4178.415
1783055700,4178.365,4179.43,4173.155,4176.31
1783056600,4176.305,4182.08,4173.25,4175.32
1783057500,4175.365,4176.73,4169.165,4171.335
1783058400,4171.33,4171.875,4162.17,4162.365
1783059300,4162.41,4167.29,4160.415,4164.795
1783060200,4164.815,4173.76,4164.53,4171.15
1783061100,4171.16,4174.515,4170.345,4173.11
1783062000,4173.145,4181.205,4171.3,4174.09
1783062900,4174.095,4176.185,4169.39,4175.45
1783063800,4175.6,4179.955,4173.835,4179.555
1783064700,4179.695,4181.665,4174.865,4177.535
1783065600,4177.55,4185.915,4177.535,4184.14
1783066500,4184.095,4185.595,4181.24,4183.165
1783067400,4183.15,4186.655,4180.64,4184.16
1783068300,4184.255,4185.55,4176.9,4181.14
1783069200,4181.09,4182.08,4175.965,4180.46
1783070100,4180.5,4180.59,4171.365,4172.01
1783071000,4171.915,4173.05,4168.57,4172.3
1783071900,4172.275,4175.155,4171.665,4172.115
1783072800,4172.08,4180.77,4170.865,4179.72
1783073700,4179.715,4181.275,4178.12,4178.475
1783074600,4178.45,4179.025,4175.425,4177.78
1783075500,4177.79,4178.91,4174.8,4177.16
1783076400,4177.09,4183.95,4175.64,4183.55
1783077300,4183.565,4186.125,4182.63,4183.145
1783078200,4183.095,4186.07,4182.71,4185.54
1783079100,4185.47,4186.46,4178.63,4181.025
1783080000,4181.04,4183.29,4178.005,4178.115
1783080900,4178.065,4178.35,4172.255,4174.81
1783081800,4174.865,4177.765,4172.985,4174.95
1783082700,4174.605,4177.68,4172.395,4176.775
1783083600,4176.905,4179.38,4164.68,4166.915
1783084500,4166.87,4172.455,4166.795,4171.745
1783085400,4171.78,4171.96,4165.325,4167.19
1783086300,4167.195,4169.02,4163.705,4164.76
1783087200,4164.9,4167.255,4155.41,4162.33
1783088100,4162.31,4166.995,4161.455,4166.315
1783089000,4166.325,4167.475,4163.475,4164.045
1783089900,4164.105,4171.295,4163.725,4170
1783090800,4169.99,4174.275,4168.755,4172.355
1783091700,4172.35,4174.51,4167.08,4167.6
1783092600,4167.61,4169.03,4166.13,4167.925
1783093500,4167.915,4169.065,4164.54,4164.825
1783094400,4164.815,4166.03,4163.25,4164.345
1783095300,4164.36,4167.855,4163,4166.965
1783096200,4166.955,4170.78,4166.94,4170.315
1783097100,4170.31,4176.58,4170.005,4175.695
1783288800,4180.345,4185.89,4178.78,4181.285
1783289700,4181.355,4186.215,4177.305,4185.32
1783290600,4185.25,4191.665,4183.225,4188.995
1783291500,4188.975,4189.99,4183.21,4188.315
1783292400,4188.31,4191.665,4186.745,4187.48
1783293300,4187.475,4202.225,4186.675,4200.455
1783294200,4200.435,4201.505,4193.475,4196.325
1783295100,4196.32,4197.165,4177.22,4183.285
1783296000,4183.275,4185.535,4170.295,4174.96
1783296900,4174.99,4181.99,4171.125,4174.64
1783297800,4174.72,4187.51,4174.14,4185.865
1783298700,4185.925,4189.085,4174.87,4179.715
1783299600,4179.525,4192.71,4172.795,4188.715
1783300500,4188.67,4192.815,4180.675,4189.635
1783301400,4189.745,4200.665,4187.605,4198.25
1783302300,4198.2,4202.705,4185.165,4186.07
1783303200,4186.265,4187.905,4177.16,4181.035
1783304100,4180.985,4186.17,4175.97,4177.885
1783305000,4177.9,4178.825,4168.71,4172.735
1783305900,4172.775,4176.095,4170.09,4174.29
1783306800,4174.215,4176.53,4165.635,4166.715
1783307700,4166.705,4168.01,4162.685,4165.86
1783308600,4165.865,4169.595,4161.75,4162.96
1783309500,4162.975,4167.055,4161.175,4165.375
1783310400,4165.36,4166.78,4161.095,4163.56
1783311300,4163.545,4164.7,4160.375,4161.375
1783312200,4161.33,4162.585,4157.525,4160.325
1783313100,4160.33,4161.34,4158.185,4159.87
1783314000,4159.85,4161.09,4151.375,4152.405
1783314900,4152.42,4154.47,4150.67,4153
1783315800,4152.995,4160.705,4149.645,4155.585
1783316700,4155.58,4157.07,4144.83,4148.135
1783317600,4148.13,4152.295,4145.91,4152.075
1783318500,4152.085,4156.855,4148.04,4156.59
1783319400,4156.55,4159.63,4153.11,4155.845
1783320300,4155.84,4156.975,4149.035,4150.475
1783321200,4150.465,4153.65,4147.255,4151.11
1783322100,4151.12,4155.865,4150.455,4153.035
1783323000,4152.975,4164.48,4151.29,4163.74
1783323900,4163.755,4166.52,4162.265,4164.58
1783324800,4164.68,4166.14,4157.33,4158.2
1783325700,4158.23,4158.895,4153.66,4155.58
1783326600,4155.575,4156.115,4148.585,4149.165
1783327500,4149.175,4152.995,4147.265,4150.52
1783328400,4150.53,4151.25,4147.94,4149.705
1783329300,4149.725,4149.845,4141.57,4143.66
1783330200,4143.34,4143.34,4136.555,4139.56
1783331100,4139.515,4144.77,4139.22,4143.24
1783332000,4143.225,4148.68,4142.095,4148.485
1783332900,4148.445,4150.97,4147.56,4149.035
1783333800,4149.05,4155.66,4148.765,4154.445
1783334700,4154.44,4155.92,4152.405,4154.93
1783335600,4154.885,4156.305,4151.54,4154.98
1783336500,4155.02,4159.6,4153.78,4154.975
1783337400,4154.98,4158.8,4152.565,4153.565
1783338300,4153.575,4155.89,4151.915,4155.265
1783339200,4155.28,4158.525,4153.715,4156.095
1783340100,4156.08,4157.66,4145.1,4145.765
1783341000,4145.84,4146.345,4131.52,4133.55
1783341900,4133.545,4142.835,4133.37,4139.65
1783342800,4139.66,4148.52,4137.095,4141.39
1783343700,4141.345,4148.79,4138.635,4142.415
1783344600,4142.38,4150.625,4141.99,4149.135
1783345500,4149.15,4149.48,4136.055,4140.835
1783346400,4140.1,4147.25,4133.63,4140.545
1783347300,4140.535,4140.835,4132.52,4137.295
1783348200,4137.29,4141.885,4128.51,4130.18
1783349100,4130.175,4138.315,4129.065,4138.25
1783350000,4138.23,4146.58,4137.54,4139.845
1783350900,4139.765,4151.075,4138.675,4150.735
1783351800,4150.725,4152.185,4147.225,4150
1783352700,4150.135,4150.615,4144.89,4148.43
1783353600,4148.48,4148.55,4140.52,4140.745
1783354500,4140.77,4146.575,4140.295,4145.725
1783355400,4145.765,4150.46,4145.43,4149.425
1783356300,4149.45,4156.34,4148.86,4155.14
1783357200,4155.15,4156.335,4152.52,4153.68
1783358100,4153.675,4159.535,4150.455,4155.63
1783359000,4155.595,4159.36,4154.82,4156.845
1783359900,4156.805,4161.65,4156.305,4161.26
1783360800,4161.295,4161.96,4155.435,4158.265
1783361700,4158.315,4163.075,4158.31,4161.795
1783362600,4161.695,4167.59,4159.765,4164.235
1783363500,4164.245,4165.36,4162.2,4164.08
1783364400,4164.075,4165.53,4159.03,4159.475
1783365300,4159.5,4163.58,4158.895,4162.97
1783366200,4163.01,4163.19,4159.82,4161.255
1783367100,4161.25,4165.095,4161.245,4163.81
1783368000,4163.805,4164.66,4161.025,4161.025
1783368900,4161.02,4163.345,4160.77,4162.98
1783369800,4163.005,4164.915,4162.7,4163.1
1783370700,4163.05,4165.17,4162.99,4165.115
1783375200,4164.735,4166.63,4164.16,4166.105
1783376100,4166.1,4167.48,4165.145,4166.105
1783377000,4166.4,4168.65,4166.18,4167.235
1783377900,4167.22,4167.675,4164.15,4164.275
1783378800,4164.29,4165.77,4163.105,4165.56
1783379700,4165.565,4165.68,4163.065,4163.31
1783380600,4163.295,4165.515,4160.915,4161.995
1783381500,4161.99,4163.995,4157.005,4157.425
1783382400,4157.435,4158.505,4152.67,4156.09
1783383300,4156.11,4160.79,4152.125,4159.85
1783384200,4159.855,4162.75,4148.5,4149.7
1783385100,4149.735,4153.93,4145.195,4146.13
1783386000,4146.095,4148.07,4137.91,4141.63
1783386900,4141.715,4142.8,4125.7,4132.865
1783387800,4132.87,4142.435,4132.4,4142.185
1783388700,4142.225,4146.235,4140.575,4141.91
1783389600,4141.975,4144.705,4137.56,4142.64
1783390500,4142.64,4145.39,4137.955,4140.715
1783391400,4140.71,4144.825,4136.43,4139.805
1783392300,4139.8,4139.92,4131.59,4136.815
1783393200,4136.805,4140.35,4135.15,4136.83
1783394100,4136.74,4137.895,4129.345,4132.28
1783395000,4132.215,4135.1,4127.295,4129.825
1783395900,4129.83,4131.86,4124.535,4131.3
1783396800,4131.355,4141.415,4130.6,4136.4
1783397700,4136.405,4137.62,4130.935,4132.425
1783398600,4132.4,4132.565,4128.92,4128.92
1783399500,4128.925,4131.5,4126.065,4126.835
1783400400,4126.885,4131.535,4122.27,4122.555
1783401300,4122.575,4128.79,4121.035,4128.52
1783402200,4128.48,4128.885,4116.7,4122.79
1783403100,4122.76,4127.43,4120.54,4124.15
1783404000,4124.145,4129.59,4121.675,4123.595
1783404900,4123.62,4129.73,4123.48,4126.79
1783405800,4126.745,4132.525,4124.955,4132.49
1783406700,4132.445,4133.03,4128.49,4130.54
1783407600,4130.535,4131.425,4124.465,4129.61
1783408500,4129.465,4132.31,4126.085,4126.715
1783409400,4126.7,4131.205,4125.875,4130.13
1783410300,4130.12,4133.665,4124.64,4124.815
1783411200,4124.765,4139.395,4124.535,4136.9
1783412100,4136.915,4138.875,4134.055,4138.615
1783413000,4138.61,4139.305,4128.915,4131.245
1783413900,4131.26,4131.26,4121.94,4126.08
1783414800,4126.065,4129.305,4124.535,4127.525
1783415700,4127.575,4131.035,4119.81,4121.66
1783416600,4121.655,4133.9,4121.64,4133.1
1783417500,4133.085,4133.29,4125.105,4131.235
1783418400,4131.22,4135.16,4131.205,4132.55
1783419300,4132.57,4138.875,4132.1,4137.48
1783420200,4137.485,4137.57,4134.61,4135.575
1783421100,4135.65,4137.235,4133.5,4135.83
1783422000,4135.835,4136.32,4131.84,4133.16
1783422900,4133.29,4145.395,4132.995,4143.145
1783423800,4143.095,4148.98,4139.605,4148.385
1783424700,4148.325,4158.36,4147.13,4157.175
1783425600,4157.185,4174.725,4154.625,4173.37
1783426500,4173.41,4175.085,4163.065,4166.045
1783427400,4165.94,4168.28,4161.695,4166.44
1783428300,4166.36,4172.8,4164.235,4172.4
1783429200,4172.505,4178.415,4160.2,4171.615
1783430100,4171.6,4172.57,4164.34,4166.69
1783431000,4166.74,4180.52,4163.66,4177.65
1783431900,4177.6,4180.075,4156.16,4158.71
1783432800,4158.64,4163.95,4151.17,4152.45
1783433700,4152.44,4159.905,4151.21,4158.235
1783434600,4158.24,4159.29,4143.73,4152.405
1783435500,4152.41,4157.745,4151.995,4154.32
1783436400,4154.215,4155.7,4148.4,4148.84
1783437300,4148.83,4149.15,4141.875,4143.22
1783438200,4143.27,4148.455,4142.385,4146.775
1783439100,4146.675,4148.215,4135.945,4139.055
1783440000,4139.07,4143.745,4137.135,4141.28
1783440900,4141.265,4147.31,4140.87,4146.04
1783441800,4146.065,4146.62,4142.525,4143.405
1783442700,4143.42,4146.865,4141.12,4145.235
1783443600,4145.19,4147.165,4142.37,4143.195
1783444500,4143.215,4146.88,4140.685,4146.22
1783445400,4146.26,4148.345,4144.68,4147.26
1783446300,4147.255,4147.5,4143.12,4144.575
1783447200,4144.635,4145.365,4141.01,4142.46
1783448100,4142.465,4144.34,4140.28,4141.84
1783449000,4141.67,4142.58,4136.37,4142.075
1783449900,4142.095,4142.76,4125.23,4127.105
1783450800,4127.06,4127.88,4103.235,4106.15
1783451700,4106.145,4107.065,4092.295,4103.745
1783452600,4103.725,4115.19,4103.65,4109.29
1783453500,4109.405,4117.815,4108.22,4114.215
1783454400,4114.205,4115.905,4112.375,4113.04
1783455300,4112.975,4113.26,4106.575,4110.9
1783456200,4110.895,4111.185,4104.565,4105.995
1783457100,4106.005,4107.085,4103.53,4106.12
1783461600,4105.04,4106.35,4100.36,4104.08
1783462500,4104.04,4104.16,4099.645,4099.715
1783463400,4099.72,4102.625,4098.695,4101.015
1783464300,4101.025,4101.085,4095.74,4098.375
1783465200,4098.355,4108.01,4096.185,4105.775
1783466100,4105.745,4106.82,4101.135,4105.06
1783467000,4105.065,4105.585,4097.505,4098.55
1783467900,4098.555,4101.56,4096.065,4098.775
1783468800,4098.78,4104.14,4097.125,4100.365
1783469700,4100.36,4108.06,4098.995,4105.605
1783470600,4105.61,4126.82,4103.905,4123.33
1783471500,4123.34,4125.18,4111.23,4111.74
1783472400,4111.58,4117.89,4098.24,4108.55
1783473300,4108.6,4110.435,4102.27,4102.685
1783474200,4102.73,4106.09,4096.56,4103.49
1783475100,4103.48,4113.07,4102.47,4111.23
1783476000,4111.275,4118.185,4106.08,4112.32
1783476900,4112.305,4125.11,4112.135,4119.03
1783477800,4119,4121.255,4116.395,4120.26
1783478700,4120.355,4120.865,4113.42,4114.57
1783479600,4114.61,4130.82,4114.56,4128.24
1783480500,4128.245,4130.855,4124.635,4129.94
1783481400,4129.975,4131.22,4125.59,4126.61
1783482300,4126.675,4129.23,4122.83,4123.55
1783483200,4123.45,4128.955,4121.69,4124.405
1783484100,4124.395,4127.555,4120.61,4125.96
1783485000,4125.97,4128.38,4122.18,4125.32
1783485900,4125.28,4127.185,4123.81,4125.295
1783486800,4125.29,4133.99,4124.915,4125.98
1783487700,4125.905,4129.45,4121.98,4121.98
1783488600,4122.035,4131.77,4121.26,4128.375
1783489500,4128.405,4130.075,4125.01,4127.925
1783490400,4127.895,4131.84,4122.245,4131.68
1783491300,4131.675,4133.805,4128.915,4129.7
1783492200,4129.685,4130.065,4124.725,4126.78
1783493100,4126.785,4127.345,4123.54,4123.67
1783494000,4123.665,4125.425,4116.57,4118.06
1783494900,4118.065,4121.375,4114.9,4120.31
1783495800,4120.315,4127.27,4118.225,4127.205
1783496700,4127.245,4127.245,4119.12,4121.36
1783497600,4121.345,4121.365,4116.495,4117.88
1783498500,4117.86,4121.06,4080.925,4088.735
1783499400,4088.69,4092.115,4060.68,4065.73
1783500300,4065.725,4076.155,4052.285,4057.005
1783501200,4056.93,4056.995,4050.33,4056.01
1783502100,4056.085,4061.105,4053.855,4056.65
1783503000,4056.605,4058.765,4044.96,4048.51
1783503900,4048.445,4052.825,4041.565,4043.515
1783504800,4043.545,4048.59,4040.575,4044.995
1783505700,4045.035,4056.14,4043.58,4050.89
1783506600,4050.78,4058.595,4050.17,4057.28
1783507500,4057.305,4058.77,4053.085,4053.165
1783508400,4053.155,4057.385,4048.305,4050.89
1783509300,4050.885,4054.65,4047.825,4050.24
1783510200,4050.065,4066.07,4041.55,4064.7
1783511100,4064.41,4072.845,4059.435,4062.335
1783512000,4062.235,4073.72,4058.885,4072.125
1783512900,4072.185,4077.905,4065.835,4071.02
1783513800,4070.97,4078.36,4068.11,4078.205
1783514700,4078.215,4086.445,4070.87,4072.325
1783515600,4072.33,4083.185,4069.7,4072.23
1783516500,4072.225,4076.09,4065.34,4066.825
1783517400,4066.83,4080.425,4066.83,4073.305
1783518300,4073.31,4079.325,4068.37,4070.895
1783519200,4070.825,4071.585,4056.98,4057.48
1783520100,4057.5,4065.545,4051.645,4060.205
1783521000,4060.215,4061.415,4035.395,4036.375
1783521900,4036.385,4046.44,4033.885,4040.915
1783522800,4040.955,4043.96,4033.635,4033.745
1783523700,4033.8,4036.15,4026.37,4031.02
1783524600,4031.055,4033.685,4021.815,4032.98
1783525500,4032.945,4038.595,4029.96,4034.46
1783526400,4034.49,4043.015,4033.225,4039.47
1783527300,4039.465,4045.145,4037.925,4043.48
1783528200,4043.2,4057.55,4039.665,4056.67
1783529100,4056.66,4064.48,4053.595,4063.87
1783530000,4063.875,4070.43,4059.77,4065.075
1783530900,4065.125,4073.965,4063.51,4073.175
1783531800,4073.15,4076.495,4068.935,4069.915
1783532700,4069.93,4070.365,4064.47,4065.53
1783533600,4065.45,4075.77,4063.5,4075.26
1783534500,4075.22,4075.335,4067.565,4069.635
1783535400,4069.665,4079.625,4067.06,4079.625
1783536300,4079.545,4091.67,4078.885,4084.285
1783537200,4084.275,4091,4084.26,4087.54
1783538100,4087.525,4088.645,4084.695,4088.325
1783539000,4088.41,4091.375,4083.4,4084.225
1783539900,4084.24,4084.525,4078.425,4080.055
1783540800,4080.04,4083.64,4076.185,4079.015
1783541700,4079.02,4079.72,4074.235,4076.9
1783542600,4076.89,4078.585,4071.645,4074.98
1783543500,4075,4079.85,4074.21,4077.12
1783548000,4074.405,4079.65,4073.8,4077.055
1783548900,4077.06,4078.905,4073.475,4074.335
1783549800,4074.345,4079.295,4073.54,4076.365
1783550700,4076.32,4079.885,4076.135,4076.57
1783551600,4076.575,4077.72,4073.88,4077.065
1783552500,4077.105,4077.905,4075.415,4077.63
1783553400,4077.6,4077.605,4073.855,4075.135
1783554300,4075.14,4077.735,4072.26,4076.285
1783555200,4076.185,4087.695,4076.185,4087.61
1783556100,4087.615,4090.02,4073.915,4078.055
1783557000,4078.07,4081.905,4075.505,4077.085
1783557900,4077.055,4079.14,4070.38,4073.97
1783558800,4073.985,4078.895,4065.17,4074.255
1783559700,4074.24,4076.845,4066.785,4066.785
1783560600,4066.775,4075.345,4062.475,4073.695
1783561500,4073.705,4076.155,4069.235,4073.09
1783562400,4073.185,4079.75,4072.38,4078.655
1783563300,4078.64,4082.83,4077.005,4080.465
1783564200,4080.46,4081.715,4070.165,4071.065
1783565100,4071.06,4072.035,4064.525,4065.195
1783566000,4065.19,4067.8,4055.375,4059.01
1783566900,4058.95,4061.39,4054.4,4058.495
1783567800,4058.5,4063.625,4056.65,4062.135
1783568700,4062.205,4064.265,4061.245,4064.25
1783569600,4064.37,4064.705,4058.95,4060.53
1783570500,4060.56,4061.11,4057.285,4059.04
1783571400,4059.085,4064.665,4056.49,4057.985
1783572300,4057.93,4064.665,4056.455,4064.405
1783573200,4064.4,4075.98,4063.85,4073.57
1783574100,4073.51,4073.785,4066.98,4072.385
1783575000,4072.405,4077.36,4064.87,4075.63
1783575900,4075.645,4084.325,4073.845,4082.02
1783576800,4081.995,4099.8,4081.44,4092.215
1783577700,4092.22,4103.29,4091.53,4102.38
1783578600,4102.425,4107.175,4096.09,4102.875
1783579500,4102.925,4108.185,4102.455,4108.04
1783580400,4108.065,4110.35,4101.54,4101.54
1783581300,4101.58,4110.105,4101.555,4108.86
1783582200,4108.85,4110.975,4103.705,4109.1
1783583100,4109.135,4111.24,4104.725,4107.95
1783584000,4108.02,4110.6,4105.315,4108.185
1783584900,4108.195,4118.005,4107.84,4114.985
1783585800,4114.95,4116.835,4110.23,4113.625
1783586700,4113.635,4113.885,4107.905,4108.34
1783587600,4108.34,4109.74,4105.945,4108.73
1783588500,4108.72,4112.52,4107.525,4108.41
1783589400,4108.41,4110.045,4103.3,4103.835
1783590300,4103.795,4107.63,4103.09,4106.355
1783591200,4106.35,4110.22,4104.12,4105.195
1783592100,4105.325,4106.71,4104.105,4104.385
1783593000,4104.41,4105.485,4102.43,4103.4
1783593900,4103.42,4104.64,4093.855,4099.23
1783594800,4099.205,4105.19,4097.915,4104.97
1783595700,4104.94,4107.315,4099.06,4100.705
1783596600,4100.595,4109.56,4098.905,4106.23
1783597500,4106.26,4110.59,4104.695,4108.61
1783598400,4108.605,4120.165,4106.08,4112.685
1783599300,4112.805,4113.545,4105.225,4107.275
1783600200,4107.28,4122.63,4107.245,4113.23
1783601100,4113.35,4114.7,4107.46,4107.69
1783602000,4107.665,4121.295,4106.875,4120.655
1783602900,4120.705,4127.445,4118.72,4126.045
1783603800,4126.235,4129.59,4119.69,4127.525
1783604700,4127.39,4127.93,4117.9,4122.085
1783605600,4122.015,4136.605,4120.47,4122.545
1783606500,4122.505,4125.63,4114.305,4124.83
1783607400,4124.855,4126.77,4120.66,4124.385
1783608300,4124.495,4128.08,4118.255,4127.84
1783609200,4127.915,4130.995,4124.885,4125.21
1783610100,4125.225,4130.72,4125.035,4127.955
1783611000,4128.045,4131.405,4126.36,4130.165
1783611900,4130.18,4132.84,4126.455,4126.885
1783612800,4126.885,4131.315,4125.785,4130.275
1783613700,4130.3,4133.265,4128.925,4132.765
1783614600,4132.63,4138.035,4131.775,4133.34
1783615500,4133.335,4134.505,4128.135,4128.155
1783616400,4128.115,4128.995,4125.845,4127.62
1783617300,4127.65,4132.085,4125.095,4131.715
1783618200,4131.765,4134.465,4129.38,4132.36
1783619100,4132.355,4138.06,4132.145,4136.24
1783620000,4136.225,4136.48,4127.495,4128.825
1783620900,4128.83,4128.88,4123.19,4124.06
1783621800,4124.085,4125.49,4121.53,4125.46
1783622700,4125.455,4125.6,4122.47,4124.59
1783623600,4124.58,4127.06,4123.06,4124.47
1783624500,4124.45,4125.64,4120.795,4121.02
1783625400,4121.005,4122.77,4118.91,4120.36
1783626300,4120.315,4123.685,4120.145,4122.56
1783627200,4122.44,4124.24,4120.82,4121.48
1783628100,4121.485,4122.79,4120.7,4121.24
1783629000,4121.205,4125.745,4120.89,4124.575
1783629900,4124.57,4124.655,4123.18,4123.79
1783634400,4125.25,4127.815,4122.395,4123.76
1783635300,4123.775,4124.91,4122.635,4123.295
1783636200,4123.315,4124.84,4122.43,4123.765
1783637100,4123.75,4124.34,4121.65,4121.9
1783638000,4121.94,4124.58,4121.35,4123.91
1783638900,4123.92,4125.24,4121.42,4122.225
1783639800,4122.28,4123.07,4121.065,4122.87
1783640700,4122.915,4124.685,4121.725,4123.535
1783641600,4123.54,4125.835,4119.88,4122.285
1783642500,4122.3,4123.78,4117.195,4119.615
1783643400,4119.665,4124.1,4114.545,4123.235
1783644300,4123.195,4128.47,4121.445,4126.51
1783645200,4126.565,4131.26,4119.065,4125.19
1783646100,4125.16,4127.64,4120.385,4121.7
1783647000,4121.685,4123.635,4109.075,4111.79
1783647900,4111.78,4121.47,4108.72,4116.895
1783648800,4116.995,4128.995,4116.12,4124.89
1783649700,4124.94,4128.07,4121.9,4125.99
1783650600,4126.015,4128.685,4122.055,4125.83
1783651500,4125.805,4129.105,4123.49,4127.77
1783652400,4127.76,4134.92,4125.985,4126.6
1783653300,4126.58,4128.55,4120.71,4125.35
1783654200,4125.3,4127.875,4121.245,4121.625
1783655100,4121.62,4122.36,4119.55,4120.355
1783656000,4120.375,4121.15,4116.865,4121.03
1783656900,4121.01,4121.285,4112.265,4117.79
1783657800,4117.74,4119.85,4116.87,4119.34
1783658700,4119.335,4119.335,4115.08,4115.32
1783659600,4115.315,4116.335,4112.965,4114.125
1783660500,4114.115,4117.285,4113,4114.365
1783661400,4114.375,4115.59,4109.305,4114.18
1783662300,4114.075,4117.235,4108.39,4116.89
1783663200,4116.845,4119.405,4114.88,4115.24
1783664100,4115.28,4120.19,4113.935,4114.595
1783665000,4114.59,4116.21,4111.16,4111.565
1783665900,4111.575,4114.57,4111.345,4111.785
1783666800,4111.68,4113.78,4108.98,4111.6
1783667700,4111.605,4115.52,4108.8,4112.55
1783668600,4112.56,4114.675,4105.425,4106.895
1783669500,4106.945,4110.125,4104.44,4109.07
1783670400,4108.985,4109.65,4104.085,4107.36
1783671300,4107.445,4109.06,4103.305,4104.47
1783672200,4104.485,4105.765,4099.525,4101.805
1783673100,4101.69,4101.895,4094.86,4098.03
1783674000,4098.02,4100.915,4094.535,4100.915
1783674900,4100.83,4103.61,4099.99,4102.775
1783675800,4102.76,4104.15,4098.585,4102.99
1783676700,4103.03,4105.625,4102.42,4104.5
1783677600,4104.525,4108.6,4104.28,4106.405
1783678500,4106.48,4112.815,4106.335,4109.505
1783679400,4109.51,4110.62,4106.255,4109.195
1783680300,4109.16,4109.195,4104.49,4104.67
1783681200,4104.595,4108.2,4104.485,4106.45
1783682100,4106.46,4108.205,4100.19,4100.26
1783683000,4100.245,4107.615,4096.155,4106.84
1783683900,4106.775,4108.045,4102.195,4102.415
1783684800,4102.465,4117.585,4101.11,4115.05
1783685700,4115.065,4116.465,4103.46,4106.15
1783686600,4106.19,4107.115,4097.63,4098.455
1783687500,4098.405,4105.155,4097.92,4100.765
1783688400,4100.865,4106.42,4098.865,4104.395
1783689300,4104.465,4106.765,4085.855,4087.6
1783690200,4087.59,4102.66,4087.185,4098.605
1783691100,4098.62,4105.62,4097.475,4099.995
1783692000,4099.99,4103.635,4097.68,4100.29
1783692900,4100.3,4109.145,4097.63,4105.445
1783693800,4105.46,4107.895,4072.8,4099.235
1783694700,4099.22,4107.61,4091.675,4092.94
1783695600,4092.945,4101.035,4091.46,4097.635
1783696500,4097.685,4107.795,4097.56,4102.265
1783697400,4102.28,4106.99,4101.515,4106.38
1783698300,4106.41,4113.595,4105.85,4113.115
1783699200,4113.215,4114.965,4108.1,4110.235
1783700100,4110.255,4114.63,4107.355,4114.56
1783701000,4114.54,4115.51,4108.995,4109.1
1783701900,4109.15,4109.775,4104.48,4104.525
1783702800,4104.52,4105.61,4102.47,4104.01
1783703700,4104.045,4106.965,4103.86,4105.7
1783704600,4105.715,4107.035,4103.36,4103.965
1783705500,4103.97,4105.42,4100.58,4100.785
1783706400,4100.815,4105.215,4100.075,4104.805
1783707300,4104.855,4105.58,4102.26,4103.06
1783708200,4103.085,4103.86,4098.79,4099.19
1783709100,4099.15,4101.83,4098.21,4101.375
1783710000,4101.415,4102.685,4097.925,4101.8
1783710900,4101.805,4103.5,4101.425,4101.925
1783711800,4101.9,4103.765,4100.62,4102.7
1783712700,4102.69,4109.155,4102.5,4108.465
1783713600,4108.47,4115.19,4108.4,4112.28
1783714500,4112.2,4112.865,4110.725,4111.475
1783715400,4111.295,4112.635,4110.515,4111.935
1783716300,4111.98,4121.375,4111.695,4120.67
1783893600,4090.98,4094.82,4080.74,4081.59
1783894500,4081.57,4088.2,4079.975,4084.7
1783895400,4084.67,4086.755,4078.1,4078.81
1783896300,4078.795,4081.095,4069.68,4076.745
1783897200,4076.795,4076.83,4068.61,4070.38
1783898100,4070.18,4075.34,4068.81,4075.01
1783899000,4074.985,4079.485,4071.905,4077.83
1783899900,4077.825,4084.885,4075.75,4084.7
1783900800,4084.72,4091.295,4080.78,4087.04
1783901700,4087.055,4088.11,4074.525,4074.895
1783902600,4074.845,4075.8,4061.115,4073.14
1783903500,4073.165,4077.695,4068.655,4074.105
1783904400,4074.36,4081.17,4065.74,4079.685
1783905300,4079.69,4082.16,4071.3,4080.095
1783906200,4080.115,4089.905,4077.81,4084.785
1783907100,4084.82,4088.195,4067.71,4072.59
1783908000,4072.74,4075.315,4070.065,4072.33
1783908900,4072.19,4074.485,4066.8,4067.51
1783909800,4067.505,4077.405,4064.695,4072.82
1783910700,4072.825,4073.075,4068.42,4068.735
1783911600,4068.57,4069.545,4053.27,4058.395
1783912500,4058.335,4062.58,4058.11,4061.985
1783913400,4061.935,4062.56,4057.115,4057.97
1783914300,4058.01,4061.375,4057.725,4060.66
1783915200,4060.69,4060.69,4052.53,4054.82
1783916100,4054.83,4058.115,4050.465,4055.64
1783917000,4055.615,4057.785,4053.28,4054.38
1783917900,4054.385,4059.305,4052.69,4058.95
1783918800,4058.935,4073.27,4054.985,4069.72
1783919700,4069.7,4069.83,4057.655,4058.445
1783920600,4058.365,4065.805,4052.17,4063.715
1783921500,4063.725,4064.365,4052.815,4053.76
1783922400,4053.765,4056.36,4044.06,4050.9
1783923300,4050.93,4061.495,4050.805,4061.2
1783924200,4061.335,4063.72,4058.69,4060.32
1783925100,4060.35,4060.605,4052.195,4055.655
1783926000,4055.66,4061.28,4049.045,4055.645
1783926900,4055.675,4059.485,4055.675,4058.955
1783927800,4058.815,4062.97,4056.315,4057.465
1783928700,4057.515,4065.225,4056.2,4065.055
1783929600,4065.04,4075.12,4063.29,4073.975
1783930500,4074.01,4080.845,4073.595,4074.085
1783931400,4074.07,4076.46,4071.82,4075.745
1783932300,4075.75,4078.595,4072.22,4074.585
1783933200,4074.555,4076.325,4072.815,4074.66
1783934100,4074.63,4076.715,4071.36,4072.61
1783935000,4072.605,4073.885,4069.515,4072.715
1783935900,4072.79,4073.85,4068.18,4068.43
1783936800,4068.26,4070.705,4066.84,4067.78
1783937700,4067.715,4069.47,4064.48,4065.27
1783938600,4065.275,4068.34,4046.43,4052.22
1783939500,4051.975,4061.72,4048.07,4060.815
1783940400,4060.835,4068.14,4058.175,4064.195
1783941300,4064.17,4065.345,4058.365,4062.98
1783942200,4062.84,4068.63,4062.255,4065.37
1783943100,4065.515,4065.955,4055.08,4056.525
1783944000,4056.55,4060.525,4053.62,4056.555
1783944900,4056.44,4063.665,4055.265,4059.135
1783945800,4059.13,4064.14,4058.81,4062.91
1783946700,4062.98,4067.6,4062.98,4067.56
1783947600,4067.61,4067.8,4059.37,4062.06
1783948500,4062.045,4066.17,4058.705,4062.37
1783949400,4062.33,4064.13,4051.555,4054.95
1783950300,4054.945,4058.515,4042.005,4043.425
1783951200,4043.39,4047.025,4029.805,4036.075
1783952100,4036.015,4037.44,4002.875,4016.915
1783953000,4016.86,4017.2,4000.23,4005.465
1783953900,4005.49,4015.465,4001.78,4015.415
1783954800,4015.4,4017.775,4011.04,4014.865
1783955700,4014.785,4020.355,4013.085,4016.61
1783956600,4016.665,4017.795,4012.44,4013.495
1783957500,4013.47,4016.19,4010.37,4016.09
1783958400,4016.155,4018.115,4012.665,4014.105
1783959300,4014.075,4014.19,4000.58,4004.03
1783960200,4004.04,4004.95,3990.91,4000.84
1783961100,4000.835,4002.87,3986.58,3993.5
1783962000,3993.655,3999.07,3992.245,3997.685
1783962900,3997.75,4002.025,3996.805,3999.065
1783963800,3999.105,4001.01,3996.415,3997.045
1783964700,3997.07,3999.545,3992.055,3993.27
1783965600,3993.335,3995.16,3990.065,3993.9
1783966500,3993.895,3996.915,3986.92,3995.31
1783967400,3995.295,4000.825,3994.215,4000.2
1783968300,4000.22,4005.215,3998.405,4001.51
1783969200,4001.585,4004.615,3997.9,3998.13
1783970100,3998.2,4001.03,3996.925,3998.33
1783971000,3998.255,4001.085,3993.62,3999.29
1783971900,3999.25,4002.465,3996.975,4002.07
1783972800,4002.065,4006.245,3998.6,3998.83
1783973700,3998.855,4000.45,3996.59,4000.04
1783974600,4000.065,4000.585,3997.42,4000.21
1783975500,4000.105,4002.39,3998.16,4001.185
1783980000,4001.64,4004.67,4001.63,4004.1
1783980900,4004.095,4005.925,4004.095,4004.555
1783981800,4004.51,4005.715,4003.03,4004.05
1783982700,4004.03,4005.415,4000.9,4001.075
1783983600,4001.12,4003.18,3999.625,4000.335
1783984500,4000.295,4000.65,3997.085,3997.565
1783985400,3997.43,3997.54,3993.665,3995.32
1783986300,3995.32,4002.19,3992.855,4001.26
1783987200,4001.355,4004.93,3983.545,3995.715
1783988100,3995.725,3997.24,3985.835,3995.425
1783989000,3995.46,4007.145,3994.265,4002.825
1783989900,4002.835,4007.41,4000.565,4004.285
1783990800,4004.32,4004.59,3992.1,3995.36
1783991700,3995.38,4005.02,3995.15,3997.845
1783992600,3997.785,4004.285,3992.83,4002.15
1783993500,4002.145,4012.385,3998.845,4010.58
1783994400,4010.6,4018.04,4006.15,4016.8
1783995300,4016.83,4019.235,4013.94,4018.045
1783996200,4018.04,4019.135,4010.71,4011.125
1783997100,4011.12,4014.09,4009.16,4012.515
1783998000,4012.5,4016.935,4012.19,4014.355
1783998900,4014.38,4019.055,4011.09,4018.16
1783999800,4018.155,4019.25,4013.86,4015.335
1784000700,4015.33,4018.23,4014.685,4017.13
1784001600,4017.195,4018.935,4013.57,4015.79
1784002500,4015.84,4017.5,4013.98,4015.8
1784003400,4015.75,4023.575,4015.75,4020.765
1784004300,4020.715,4021.57,4016.145,4020.26
1784005200,4020.275,4023.98,4019.635,4023.235
1784006100,4023.22,4024.12,4020.2,4022.845
1784007000,4022.85,4034.25,4022.465,4032.065
1784007900,4032.075,4032.66,4029.085,4031.42
1784008800,4031.475,4033.35,4028.75,4031.15
1784009700,4031.17,4031.34,4022.995,4023.105
1784010600,4023.12,4026.46,4021.75,4025.215
1784011500,4025.22,4026.975,4023.045,4024.06
1784012400,4024.07,4029.095,4020.83,4024.825
1784013300,4024.815,4029.965,4024.54,4026.445
1784014200,4026.475,4029.695,4023.11,4023.83
1784015100,4023.88,4026.305,4020.3,4020.83
1784016000,4020.89,4022.63,4014.515,4017.43
1784016900,4017.435,4023.285,4017.345,4021.875
1784017800,4021.835,4024.03,4018.86,4019.365
1784018700,4019.35,4021.025,4016.02,4016.065
1784019600,4016.075,4024.6,4013.925,4020.765
1784020500,4020.86,4021.94,4015.18,4015.915
1784021400,4015.9,4018.185,4013.965,4017.14
1784022300,4017.13,4023.98,4016.425,4021.745
1784023200,4021.66,4022.23,4016.91,4018.305
1784024100,4018.285,4020.1,4015.68,4017.9
1784025000,4017.865,4020.325,4015.175,4019.23
1784025900,4019.215,4023.015,4018.17,4021.875
1784026800,4021.855,4024.22,4015.485,4023.085
1784027700,4023.005,4028.45,4020.785,4025.025
1784028600,4025.005,4030.43,4024.525,4028.06
1784029500,4028.08,4031.915,4025.82,4031.185
1784030400,4031.11,4035.99,4025.295,4026.085
1784031300,4026.08,4031.035,4023.33,4030.35
1784032200,4030.18,4104.05,4029.375,4093.12
1784033100,4093.19,4095.255,4068.985,4076.225
1784034000,4076.335,4083.7,4071,4075.15
1784034900,4075.1,4086.485,4072.27,4081.665
1784035800,4081.785,4088.795,4075.825,4087.52
1784036700,4087.515,4087.55,4074.325,4076.63
1784037600,4076.68,4085.23,4072.67,4082.315
1784038500,4082.305,4085.33,4070.71,4077.1
1784039400,4077.02,4090.655,4073.315,4080.1
1784040300,4080.09,4087.595,4077.615,4085.16
1784041200,4085.21,4100.685,4078.815,4090.125
1784042100,4090.095,4091.14,4082.52,4085.08
1784043000,4085.07,4087.05,4066.845,4074.165
1784043900,4074.135,4076.555,4064.725,4066.415
1784044800,4066.4,4067.31,4057.865,4063.13
1784045700,4063.09,4065.325,4057.895,4059.42
1784046600,4059.455,4062.885,4057.815,4060.89
1784047500,4060.885,4062.31,4057.81,4061.625
1784048400,4061.605,4064.81,4055.48,4056.7
1784049300,4056.69,4064.12,4054.57,4062.87
1784050200,4062.905,4065.17,4059.625,4059.88
1784051100,4059.885,4063.925,4058.445,4062.885
1784052000,4062.68,4062.93,4059.745,4061.695
1784052900,4061.69,4063.195,4056.685,4058.535
1784053800,4058.51,4059.68,4042.885,4046.72
1784054700,4046.715,4054.8,4044.895,4054.35
1784055600,4054.355,4057.395,4052.385,4056.62
1784056500,4056.6,4056.96,4051.415,4051.695
1784057400,4051.7,4052.96,4047.835,4052.53
1784058300,4052.54,4056.975,4051.735,4055.84
1784059200,4055.83,4056.575,4053.815,4053.82
1784060100,4053.815,4054.645,4052.3,4052.99
1784061000,4053.07,4053.525,4049.79,4050.605
1784061900,4050.59,4053.22,4049.31,4052.775
1784066400,4053.215,4053.24,4049.125,4050.8
1784067300,4050.85,4052.15,4049.255,4051.805
1784068200,4051.795,4052.845,4049.065,4050.64
1784069100,4050.625,4050.805,4048.62,4049.05
1784070000,4049.11,4050.3,4047.06,4047.66
1784070900,4047.68,4054.125,4046.925,4053.83
1784071800,4053.85,4056.215,4051.42,4054.795
1784072700,4054.79,4055.165,4052.025,4053.035
1784073600,4052.935,4056.13,4051.05,4051.51
1784074500,4051.46,4058.315,4051.285,4058.315
1784075400,4058.33,4058.56,4052.33,4054.705
1784076300,4054.8,4060.845,4054.33,4059.295
1784077200,4059.285,4062.125,4055.025,4055.82
1784078100,4055.77,4057.495,4052.775,4054.455
1784079000,4054.41,4054.675,4036.76,4039.095
1784079900,4039.18,4042.74,4035.54,4037.43
1784080800,4037.25,4042.305,4034.2,4036.95
1784081700,4036.96,4037.205,4029.38,4033.34
1784082600,4033.29,4041.89,4032.83,4041.645
1784083500,4041.655,4041.965,4034.67,4035.335
1784084400,4035.285,4040.455,4032.91,4034.07
1784085300,4034.09,4035.28,4030.275,4031.01
1784086200,4031,4035.84,4028.1,4029.51
1784087100,4029.46,4033.73,4029.41,4031.4
1784088000,4031.45,4033.345,4030.145,4031.78
1784088900,4031.765,4035.315,4031.135,4033.845
1784089800,4033.83,4035.25,4028.325,4030.35
1784090700,4030.4,4034.555,4030.4,4033.245
1784091600,4033.32,4036.28,4025.105,4026.365
1784092500,4026.275,4028.745,4024.865,4025.285
1784093400,4025.25,4037.16,4022.245,4029.785
1784094300,4029.855,4035.1,4027.48,4034.84
1784095200,4034.735,4035.63,4027.255,4027.68
1784096100,4027.665,4028.76,4021.465,4026.595
1784097000,4026.56,4033.335,4022.89,4032.73
1784097900,4032.72,4033.9,4029.74,4032.1
1784098800,4032.155,4034.485,4028.22,4029.54
1784099700,4029.61,4030.115,4020.165,4024.13
1784100600,4024.16,4027.2,4019.71,4022.975
1784101500,4022.96,4026.92,4021.535,4024.615
1784102400,4024.735,4026.13,4017.475,4018.13
1784103300,4018.14,4026.92,4018.1,4026.765
1784104200,4026.795,4029.47,4024.78,4028.665
1784105100,4028.715,4033.29,4027.77,4031.35
1784106000,4031.385,4034.475,4029.59,4030.36
1784106900,4030.415,4033.07,4027.115,4027.54
1784107800,4027.455,4029.75,4025.605,4027.32
1784108700,4027.325,4030.49,4026.25,4030.31
1784109600,4030.405,4036.14,4028.855,4033.75
1784110500,4033.74,4035.725,4026.61,4028.97
1784111400,4028.915,4034.14,4028.43,4031.24
1784112300,4031.225,4031.395,4027.18,4028.27
1784113200,4028.26,4033.08,4028.01,4030.425
1784114100,4030.475,4031.39,4027.77,4030.82
1784115000,4030.835,4039.535,4029.405,4037.635
1784115900,4037.725,4040.25,4035.66,4038.435
1784116800,4038.45,4042.725,4035.955,4038.065
1784117700,4038.1,4040.95,4037.645,4039.625
1784118600,4039.6,4066.295,4039.425,4063.045
1784119500,4063.06,4071.595,4060.975,4067.85
1784120400,4068.045,4074.175,4061.705,4061.705
1784121300,4061.67,4066.59,4054.105,4055.715
1784122200,4055.725,4063.225,4055.54,4061.35
1784123100,4061.25,4066.44,4054.995,4061.69
1784124000,4061.855,4065.685,4060.045,4064.325
1784124900,4064.435,4066.07,4055.585,4058.595
1784125800,4058.61,4064.09,4057.045,4057.385
1784126700,4057.43,4061.06,4053.325,4060.61
1784127600,4060.605,4063.01,4043.34,4044.23
1784128500,4044.235,4049.87,4039.655,4049.11
1784129400,4049.095,4050.665,4044.915,4049.78
1784130300,4049.79,4050.99,4046.49,4046.985
1784131200,4047.03,4048.02,4037.405,4038.375
1784132100,4038.36,4040.87,4033.055,4034.73
1784133000,4034.715,4037.12,4026.945,4028.75
1784133900,4028.745,4038.14,4027.63,4033.83
1784134800,4033.82,4039.315,4033.11,4036.055
1784135700,4035.88,4048.28,4033.335,4047.645
1784136600,4047.595,4063.08,4047.135,4062.43
1784137500,4062.37,4066.3,4060.385,4062.36
1784138400,4062.41,4070.52,4061.86,4068.04
1784139300,4068.045,4075.42,4066.815,4074.305
1784140200,4074.395,4081.52,4067.805,4067.815
1784141100,4067.84,4068.69,4058.1,4059.29
1784142000,4059.265,4063.055,4057.375,4061.15
1784142900,4061.065,4061.565,4052.865,4056.15
1784143800,4056.26,4057.645,4048.1,4051.19
1784144700,4051.175,4057.355,4050.62,4057.12
1784145600,4057.03,4058.57,4055.255,4057.55
1784146500,4057.635,4062.305,4057.415,4061.475
1784147400,4061.545,4063.225,4060.43,4061.8
1784148300,4061.755,4063.035,4059.96,4060.695
1784152800,4060.64,4064.71,4060.565,4063.435
1784153700,4063.39,4064.2,4061.39,4062.195
1784154600,4062.2,4062.365,4059.135,4060.04
1784155500,4060.03,4061.485,4058.235,4059.68
1784156400,4059.57,4062.075,4058.995,4060.39
1784157300,4060.375,4060.455,4057.185,4057.905
1784158200,4057.915,4059.625,4055.825,4058.005
1784159100,4057.99,4061.1,4056.305,4058.02
1784160000,4058.035,4059.595,4054.845,4056.46
1784160900,4056.38,4060.47,4055.105,4058.545
1784161800,4058.64,4061.21,4054.045,4055.34
1784162700,4055.28,4061.05,4043.745,4044.605
1784163600,4044.595,4050.735,4041.11,4045.495
1784164500,4045.52,4045.62,4034.075,4037.055
1784165400,4037.065,4046.195,4036.775,4042.245
1784166300,4042.235,4044,4037.385,4039.14
1784167200,4039.145,4040.21,4031.39,4032.72
1784168100,4032.505,4035.145,4028.78,4034.7
1784169000,4034.695,4035.915,4024.27,4027.805
1784169900,4027.755,4032.715,4024.78,4031.525
1784170800,4031.455,4033.24,4029.295,4030.055
1784171700,4030.055,4034.155,4027.8,4034.08
1784172600,4034.03,4036.415,4032.475,4035.59
1784173500,4035.575,4037.075,4034.125,4036.385
1784174400,4036.435,4038.045,4032.05,4037.025
1784175300,4037.04,4037.045,4032,4034.08
1784176200,4034.13,4035.58,4032.075,4032.71
1784177100,4032.72,4035.365,4032.34,4033.305
1784178000,4033.305,4034.13,4029.485,4030.925
1784178900,4030.95,4033.17,4026.885,4027.855
1784179800,4027.875,4033.165,4025.47,4032.39
1784180700,4032.4,4032.87,4025.46,4027.445
1784181600,4027.375,4036.62,4027.11,4032.28
1784182500,4032.235,4033.095,4028.085,4030.495
1784183400,4030.48,4031.005,4023.21,4027.23
1784184300,4027.245,4031.535,4026.555,4030.705
1784185200,4030.7,4030.855,4025.71,4026.285
1784186100,4026.295,4027.14,4023.925,4024.69
1784187000,4024.63,4028.47,4023.03,4026.205
1784187900,4026.235,4031.99,4026.03,4030.805
1784188800,4030.745,4034.31,4025.56,4025.94
1784189700,4025.96,4033.86,4025.43,4032.46
1784190600,4032.435,4035.655,4032.07,4033.72
1784191500,4033.715,4036.645,4033.175,4035.29
1784192400,4035.295,4037.485,4035.27,4036.95
1784193300,4036.995,4037.98,4030.955,4033.31
1784194200,4033.29,4035.165,4030.55,4034.43
1784195100,4034.44,4036.305,4031.65,4031.755
1784196000,4031.695,4032.96,4029.665,4031.925
1784196900,4031.945,4034.805,4031.57,4033.295
1784197800,4033.27,4034.645,4031.54,4033.18
1784198700,4033.175,4033.3,4028.65,4029.565
1784199600,4029.645,4030.25,4026.555,4028.195
1784200500,4028.19,4028.19,4021.375,4024.61
1784201400,4024.57,4036.14,4023.73,4034.88
1784202300,4034.885,4042.43,4027.335,4038.465
1784203200,4038.45,4043.36,4027.72,4031.89
1784204100,4031.87,4032.36,4012.915,4025.175
1784205000,4025.125,4029.845,4000.655,4002.96
1784205900,4002.975,4008.985,3990.58,3992.54
1784206800,3992.55,3997.055,3973.8,3992.455
1784207700,3992.465,4006.315,3991.37,4005.64
1784208600,4005.66,4008.485,3981.915,3986.395
1784209500,3986.43,3997.215,3986.055,3990.265
1784210400,3990.23,3997.485,3987.19,3989.125
1784211300,3989.17,4000.66,3987.705,3999.335
1784212200,3999.15,4004.975,3995.66,4004.92
1784213100,4005,4006.815,3992.63,3997.92
1784214000,3997.97,3998.79,3989.47,3992.935
1784214900,3992.88,4017.03,3992.765,4011.555
1784215800,4011.545,4016.475,4007.705,4010.43
1784216700,4010.445,4013.245,4005.595,4007.125
1784217600,4007.17,4007.775,3989.79,3989.79
1784218500,3989.81,3991.89,3982.455,3987.635
1784219400,3987.64,3992.73,3987.075,3992.165
1784220300,3992.145,3997.04,3989.38,3992.05
1784221200,3992.085,3992.99,3984.565,3985.83
1784222100,3985.85,3988.87,3982.87,3987.84
1784223000,3987.86,3988.835,3980.095,3981.79
1784223900,3981.83,3987.69,3981.18,3984.71
1784224800,3984.74,3989.435,3983.675,3985.33
1784225700,3985.295,3990.51,3984.46,3986.5
1784226600,3986.555,3986.555,3976.69,3983.17
1784227500,3983.155,3985.005,3979.54,3980.36
1784228400,3980.4,3986.13,3979.125,3980.575
1784229300,3980.58,3984.16,3978.775,3979.05
1784230200,3979.045,3979.73,3969.345,3975.92
1784231100,3975.885,3982.705,3973.165,3980.085
1784232000,3980.2,3980.27,3974.51,3975.2
1784232900,3975.155,3975.475,3971.905,3975.01
1784233800,3975.02,3976.495,3973.555,3974.56
1784234700,3974.565,3976.81,3974.25,3976.58
1784239200,3979.265,3979.325,3976.02,3976.41
1784240100,3976.475,3977.765,3974.875,3976.63
1784241000,3976.61,3977.105,3973.655,3973.725
1784241900,3973.71,3978.585,3973.365,3978.445
1784242800,3978.455,3980.425,3975.25,3980.21
1784243700,3980.215,3980.845,3977.9,3978.69
1784244600,3978.71,3982.085,3975.71,3981.565
1784245500,3981.62,3986.585,3976.78,3986.105
1784246400,3986.135,3987.51,3983.29,3983.98
1784247300,3984.01,3990.98,3983.88,3984.995
1784248200,3984.985,3985.29,3980.61,3982.245
1784249100,3982.23,3992.06,3981.685,3992
1784250000,3991.975,3995.34,3987.315,3992.245
1784250900,3992.255,3996.3,3988.13,3991.265
1784251800,3991.26,3995.54,3988.885,3991.325
1784252700,3991.335,3992.91,3979.385,3983.44
1784253600,3983.475,3987.52,3980.005,3980.945
1784254500,3980.95,3984.635,3980.405,3983.345
1784255400,3983.28,3984.37,3970.74,3975.08
1784256300,3975.115,3980.235,3974.51,3979.19
1784257200,3979.2,3992.91,3979.025,3988.915
1784258100,3988.92,4008.795,3988.77,4001.18
1784259000,4001.23,4001.645,3995.95,3997.59
1784259900,3997.625,3998.69,3990.695,3991.435
1784260800,3991.415,3991.765,3987.235,3988.845
1784261700,3988.925,3990.35,3985.24,3986.475
1784262600,3986.465,3988.425,3980.245,3982.02
1784263500,3982.035,3984.695,3980.3,3981.97
1784264400,3981.965,3983.005,3977.24,3979.72
1784265300,3979.525,3981.79,3975.295,3979.985
1784266200,3979.755,3990.655,3978.47,3986.96
1784267100,3986.995,3991.54,3981.86,3985.2
1784268000,3985.21,4000.955,3985.21,3999.75
1784268900,3999.82,4006.16,3998.035,4003.905
1784269800,4003.925,4007.295,3995.76,3996.395
1784270700,3996.4,4001.665,3996.185,3999.475
1784271600,3999.43,4002.76,3993.385,3996.63
1784272500,3996.595,3999.43,3994.155,3996.48
1784273400,3996.475,3998.79,3994.175,3998.79
1784274300,3998.775,3998.855,3992.69,3992.775
1784275200,3992.81,3999.985,3991.45,3993.23
1784276100,3993.215,3995.135,3988.21,3992.47
1784277000,3992.465,3993.49,3987.945,3993.38
1784277900,3993.39,3999.505,3991.835,3994.265
1784278800,3994.255,3998.745,3992.93,3998.035
1784279700,3998.05,4002.455,3995.76,3999.035
1784280600,3999.045,3999.68,3995.235,3995.885
1784281500,3995.89,3998.775,3994.835,3998.055
1784282400,3998.06,3998.735,3994.945,3997.38
1784283300,3997.375,3999.23,3994.49,3996.3
1784284200,3996.265,3997.695,3994.12,3996.565
1784285100,3996.585,3997.385,3990.595,3990.995
1784286000,3990.99,3994.455,3990.43,3991.77
1784286900,3991.78,3996.35,3990.12,3995.77
1784287800,3995.775,3996.63,3991.505,3992.145
1784288700,3992.195,3998.805,3991.53,3994.225
1784289600,3994.165,3995.71,3988.51,3990.11
1784290500,3990.185,3992.42,3984.45,3987.565
1784291400,3987.575,3988.47,3965.61,3969.715
1784292300,3969.635,3973.28,3964.155,3966.32
1784293200,3966.34,3975.93,3959.8,3970.235
1784294100,3970.22,3975.245,3967.315,3968.465
1784295000,3968.47,4003.745,3963.72,3985.07
1784295900,3985.015,3997.605,3981.16,3997.37
1784296800,3997.3,4000.935,3990.19,3994.8
1784297700,3994.845,4004.605,3993.785,3998.62
1784298600,3998.675,3999.855,3992.29,3997.885
1784299500,3997.895,4001.55,3992.94,4001.365
1784300400,4001.255,4014.205,3997.74,4006.17
1784301300,4006.185,4013.515,4004.605,4013.515
1784302200,4013.57,4016.32,4009.335,4015.34
1784303100,4015.335,4021.345,4013.725,4019.2
1784304000,4019.36,4020.495,4011.035,4017.95
1784304900,4018.035,4023.835,4016.805,4018.695
1784305800,4018.7,4019.32,4012.83,4017.52
1784306700,4017.535,4020.61,4014.65,4014.98
1784307600,4015.09,4019.27,4013.345,4013.44
1784308500,4013.37,4015.935,4012.585,4013.96
1784309400,4013.97,4014.755,4009.855,4011.08
1784310300,4011.03,4013.37,4008.32,4010.14
1784311200,4010.145,4013.02,4007.805,4010.49
1784312100,4010.465,4016.26,4009.02,4015.465
1784313000,4015.445,4016.22,4007.275,4008.275
1784313900,4008.245,4012.365,4006.68,4011.385
1784314800,4011.305,4011.59,4004.475,4005.965
1784315700,4005.905,4006.815,4002.42,4005.455
1784316600,4005.53,4010.195,4005.1,4010.065
1784317500,4010.08,4016.605,4009.415,4015.475
1784318400,4015.585,4015.965,4012.045,4012.21
1784319300,4012.2,4012.665,4008.935,4011.09
1784320200,4011.1,4013.86,4008.7,4013.62
1784321100,4013.61,4019.04,4013.3,4017.315
1784498400,3995.57,4002.31,3994.88,3996.52
1784499300,3996.51,4000.42,3994.805,3995.18
1784500200,3995.14,3999.38,3993.485,3996.78
1784501100,3996.755,3998.415,3994.65,3994.725
1784502000,3994.8,3995.555,3990.73,3991.08
1784502900,3991.09,3994.205,3990.645,3993.3
1784503800,3993.42,3994.75,3989.905,3992.61
1784504700,3992.57,3996.2,3989.5,3995.515
1784505600,3995.5,3998.96,3982.63,3996.17
1784506500,3996.13,4005.575,3993.67,4003.98
1784507400,4003.985,4007.465,3998.41,3998.755
1784508300,3998.765,4010.325,3998.59,4008.695
1784509200,4008.73,4021.1,4005.405,4010.3
1784510100,4010.2,4010.49,3999.835,4003.34
1784511000,4003.36,4005.755,3995.82,3997.25
1784511900,3997.275,4004.455,3997.13,4002.215
1784512800,4002.205,4009.975,4001.38,4006.33
1784513700,4006.325,4008.955,4004.105,4007.02
1784514600,4007.01,4016.29,4006.04,4014.9
1784515500,4014.895,4028.94,4014,4022.015
1784516400,4021.965,4024.65,4018.65,4024.295
1784517300,4024.28,4026.915,4021.705,4022.4
1784518200,4022.435,4028.04,4018.765,4027.26
1784519100,4027.285,4027.97,4022.905,4024.175
1784520000,4024.165,4026.845,4021.42,4021.57
1784520900,4021.55,4025.685,4021.45,4025.425
1784521800,4025.42,4025.595,4022.16,4023.105
1784522700,4023.09,4023.09,4018.55,4018.935
1784523600,4019.04,4021.295,4011.875,4013.945
1784524500,4013.955,4014.995,4010.11,4011.005
1784525400,4011.01,4014.685,4008.055,4010.035
1784526300,4010.02,4010.945,4005.52,4008.72
1784527200,4008.715,4011.855,4006.85,4007.485
1784528100,4007.575,4009.655,4004.065,4004.955
1784529000,4004.96,4006.56,4002.95,4004.865
1784529900,4004.85,4007.74,4003.24,4003.775
1784530800,4003.785,4006.93,4002.185,4004.465
1784531700,4004.47,4008.78,4002.445,4006.765
1784532600,4006.755,4021.11,4006.635,4021.06
1784533500,4021.065,4021.895,4015.875,4017.34
1784534400,4017.26,4025.59,4017.145,4024.125
1784535300,4024.17,4030.875,4021.875,4021.95
1784536200,4021.94,4025.065,4018.91,4021.905
1784537100,4022.095,4023.065,4017.51,4019.03
1784538000,4019.005,4021.245,4015.235,4019.52
1784538900,4019.515,4022.305,4015.65,4016.51
1784539800,4016.355,4021.07,4014.845,4019.165
1784540700,4019.175,4023.34,4017.59,4021.315
1784541600,4021.34,4021.785,4018.31,4020.82
1784542500,4020.79,4023.385,4018.825,4021.98
1784543400,4021.965,4024.455,4021.28,4022.28
1784544300,4022.33,4025.725,4020.995,4024.225
1784545200,4024.355,4027.37,4019.855,4022.135
1784546100,4022.245,4024.025,4019.97,4022.33
1784547000,4022.32,4040.815,4021.575,4032.625
1784547900,4032.615,4032.615,4024.905,4025.315
1784548800,4025.325,4025.325,4011.58,4012.865
1784549700,4012.85,4015.065,4006.795,4013.08
1784550600,4013.045,4014.875,4006.505,4010.075
1784551500,4010.06,4015.61,4008.085,4008.165
1784552400,4008.18,4013.98,4007.94,4008.74
1784553300,4008.75,4012.785,4007.02,4008.79
1784554200,4008.86,4017.48,4008.33,4013.13
1784555100,4013.14,4013.53,4005.77,4005.825
1784556000,4005.795,4008.13,3998.42,3998.875
1784556900,3998.95,4006.95,3998.33,4006.89
1784557800,4006.9,4010.99,4006.185,4007.345
1784558700,4007.385,4013.88,4005.185,4006.3
1784559600,4006.335,4019.63,4004.63,4014.23
1784560500,4014.28,4016.635,4011.185,4016.43
1784561400,4016.48,4016.93,4010.26,4013.035
1784562300,4013.02,4016.525,4011.79,4011.855
1784563200,4011.835,4018.385,4011.225,4013.81
1784564100,4013.81,4014.435,4010.75,4012.59
1784565000,4012.585,4012.76,4001.58,4009.73
1784565900,4009.705,4010.63,4006.815,4009.775
1784566800,4009.77,4012.395,4009.605,4010.175
1784567700,4010.18,4013.095,4009.015,4012.19
1784568600,4012.335,4013.09,4007.78,4007.995
1784569500,4007.99,4007.995,4003.885,4005.38
1784570400,4005.415,4010.9,4005.385,4008.82
1784571300,4008.845,4011.87,4003.405,4006.775
1784572200,4006.8,4007.46,4004.31,4006.315
1784573100,4006.345,4008.815,4005.435,4007.34
1784574000,4007.35,4008.11,4004.39,4004.67
1784574900,4004.66,4013.01,4004.305,4013.01
1784575800,4012.965,4018.035,4005.26,4005.795
1784576700,4005.8,4010.225,4005.465,4006.995
1784577600,4007.005,4009.55,4005.87,4007.82
1784578500,4007.815,4009.31,4007.27,4008.405
1784579400,4008.385,4009.485,4007.41,4008.9
1784580300,4008.88,4008.955,4007.07,4007.585
1784584800,4008.105,4008.125,4005.65,4007.225
1784585700,4007.175,4011.025,4005.255,4010.055
1784586600,4010.04,4010.06,4002.815,4004.135
1784587500,4004.14,4008.515,3999.915,4000.555
1784588400,4000.67,4010.01,4000.305,4003.26
1784589300,4003.24,4007.49,4003.24,4003.665
1784590200,4003.63,4008.695,4003.445,4007.88
1784591100,4007.89,4010.85,4004.495,4010.055
1784592000,4010.06,4012.855,4003.565,4010.47
1784592900,4010.48,4018.685,4007.72,4015.045
1784593800,4015.005,4023.875,4014.08,4022.63
1784594700,4022.605,4027.225,4022.135,4024.8
1784595600,4024.81,4030.27,4018.46,4029.12
1784596500,4029.145,4036.16,4026.12,4028.195
1784597400,4028.21,4031.075,4023.17,4024.545
1784598300,4024.53,4028.39,4021.47,4023.34
1784599200,4023.345,4026.78,4022.145,4024.515
1784600100,4024.48,4030,4022.055,4028.78
1784601000,4028.735,4045.365,4027.935,4035.765
1784601900,4035.77,4038.495,4031.11,4038.145
1784602800,4038.135,4042.435,4037.655,4038
1784603700,4037.99,4051.515,4036.75,4047.62
1784604600,4047.65,4049.755,4041.975,4041.975
1784605500,4041.96,4047.56,4041.895,4046.96
1784606400,4046.995,4051.92,4045.68,4045.975
1784607300,4045.985,4046.97,4043.725,4044.77
1784608200,4044.79,4047.69,4044.34,4047.3
1784609100,4047.26,4049.875,4045.545,4049.67
1784610000,4049.68,4051.855,4046.375,4051.615
1784610900,4051.55,4056.525,4048,4054.43
1784611800,4054.45,4066.63,4054.45,4066.17
1784612700,4066.26,4068.095,4061.31,4061.6
1784613600,4061.61,4072.535,4061.395,4071.51
1784614500,4071.525,4074.595,4068.425,4072.605
1784615400,4072.665,4080.83,4071.86,4077.095
1784616300,4077.085,4084.305,4077.085,4078.605
1784617200,4078.65,4080.285,4071.725,4072.11
1784618100,4072.145,4073.57,4068.34,4069.52
1784619000,4069.51,4075.525,4067.62,4071.4
1784619900,4071.405,4072.71,4069.83,4071.255
1784620800,4071.195,4072.52,4065.675,4067.975
1784621700,4067.97,4068.77,4062.985,4063.645
1784622600,4063.55,4065.175,4060.98,4062.275
1784623500,4062.325,4063.58,4059.175,4062.875
1784624400,4062.92,4066.725,4062.92,4065.23
1784625300,4065.255,4068.555,4062.5,4062.75
1784626200,4062.755,4065.695,4061,4062.52
1784627100,4062.545,4069.745,4062.28,4065.975
1784628000,4065.945,4068.65,4060.975,4066.47
1784628900,4066.38,4069.39,4064.825,4066.86
1784629800,4066.905,4070.235,4066.725,4067.185
1784630700,4067.18,4068.765,4062.575,4063.06
1784631600,4063.055,4063.75,4055.46,4058.65
1784632500,4058.56,4059.86,4056.29,4058.16
1784633400,4058.215,4061.3,4055.65,4056.18
1784634300,4056.135,4058.49,4054.52,4056.175
1784635200,4056.2,4061.125,4055.77,4059.53
1784636100,4059.525,4065.725,4055.765,4061.625
1784637000,4061.74,4063.81,4051.255,4054.085
1784637900,4054.08,4062.245,4053.015,4054
1784638800,4053.9,4060.685,4053.87,4059.92
1784639700,4059.915,4061.795,4050.455,4051.015
1784640600,4050.995,4057.545,4044.725,4046.725
1784641500,4046.7,4053.64,4044.735,4053.245
1784642400,4053.2,4065.945,4051.61,4065.89
1784643300,4065.87,4069.485,4061.055,4069.42
1784644200,4069.43,4074.08,4062.245,4067.51
1784645100,4067.56,4070.825,4066.305,4068.64
1784646000,4068.49,4073.965,4065.74,4073.315
1784646900,4073.325,4079.15,4073.315,4076.875
1784647800,4076.705,4083.405,4075.49,4075.92
1784648700,4075.945,4078.365,4072.22,4074.255
1784649600,4074.265,4079.265,4073.67,4078.46
1784650500,4078.505,4078.58,4074.055,4075.68
1784651400,4075.7,4076.385,4071.28,4072.1
1784652300,4071.99,4073.295,4069.945,4071.555
1784653200,4071.55,4072.52,4069.275,4070.595
1784654100,4070.585,4072.855,4068.97,4072.31
1784655000,4072.15,4072.295,4066.86,4068.25
1784655900,4068.245,4068.75,4066.83,4068.75
1784656800,4068.81,4072.36,4067.79,4071.555
1784657700,4071.575,4087.135,4071.28,4083.78
1784658600,4083.815,4085.6,4081.305,4082.295
1784659500,4082.32,4083.465,4079.29,4082.23
1784660400,4082.25,4085.815,4080.085,4080.87
1784661300,4080.895,4085.375,4080.895,4084.07
1784662200,4084.085,4085.175,4082.01,4083.465
1784663100,4083.495,4085.47,4082.965,4084.485
1784664000,4084.435,4086.455,4083.385,4084.485
1784664900,4084.475,4084.565,4081.6,4082.81
1784665800,4082.825,4085.455,4080.565,4081.13
1784666700,4081.09,4081.12,4076.915,4077.325
1784671200,4078.675,4079.805,4077.165,4079.03
1784672100,4079.04,4083.29,4078.25,4082.875
1784673000,4082.91,4085.32,4082.795,4084.235
1784673900,4084.21,4084.61,4078.36,4080.59
1784674800,4080.595,4082.12,4079.685,4081.31
1784675700,4081.285,4082.57,4080.905,4081.22
1784676600,4081.235,4082.315,4079.18,4080.55
1784677500,4080.58,4083.135,4079.315,4080.71
1784678400,4080.68,4092.85,4076.755,4092.3
1784679300,4092.34,4098.795,4092.335,4098.245
1784680200,4098.23,4102.575,4089.565,4092.91
1784681100,4092.845,4099.725,4091.53,4097.58
1784682000,4097.67,4121.505,4096.78,4121.435
1784682900,4121.48,4121.855,4111.765,4115.63
1784683800,4115.64,4123.05,4113.055,4121.75
1784684700,4121.995,4123.72,4117.35,4122.265
1784685600,4122.16,4123.505,4118.81,4122.07
1784686500,4122.065,4126.11,4119.98,4124.3
1784687400,4124.29,4130.545,4122.385,4128.28
1784688300,4128.225,4131.015,4126.375,4130.66
1784689200,4130.69,4140.8,4129.32,4137.375
1784690100,4137.38,4141.715,4136.875,4138.295
1784691000,4138.305,4138.32,4132.475,4133.57
1784691900,4133.575,4134.42,4130.23,4130.875
1784692800,4130.785,4131.23,4126.355,4126.995
1784693700,4126.98,4129.73,4126.98,4128.855
1784694600,4128.85,4129.145,4124.725,4127.365
1784695500,4127.435,4127.645,4125.185,4126.995
1784696400,4127.01,4130.065,4125.88,4128.67
1784697300,4128.62,4128.805,4123.21,4123.74
1784698200,4123.79,4134.12,4123.08,4132.61
1784699100,4132.615,4133.37,4128.1,4131.26
1784700000,4131.235,4135.415,4129.555,4129.99
1784700900,4129.965,4132.1,4114.08,4117.72
1784701800,4117.73,4120.53,4114.715,4119.015
1784702700,4118.985,4120.815,4113.475,4116.58
1784703600,4116.565,4117.34,4111.86,4116.57
1784704500,4116.52,4122.53,4116.065,4119.615
1784705400,4119.625,4123.065,4111.15,4112.375
1784706300,4112.38,4114.465,4109.395,4110.78
1784707200,4110.785,4116.085,4110.635,4114.63
1784708100,4114.62,4117.91,4113.42,4117.525
1784709000,4117.5,4119.14,4114.18,4114.605
1784709900,4114.66,4120.21,4113.41,4118.28
1784710800,4118.305,4122.255,4117.825,4121.705
1784711700,4121.78,4122.325,4117.84,4118.72
1784712600,4118.805,4121.755,4114.37,4116.125
1784713500,4116.115,4117.955,4113.32,4115
1784714400,4115.025,4120.105,4114.8,4117.525
1784715300,4117.56,4121.89,4116.445,4119.345
1784716200,4119.35,4119.945,4115.955,4117.155
1784717100,4117.135,4120.335,4116.205,4117.59
1784718000,4117.555,4120.985,4115.25,4119.225
1784718900,4119.23,4123.1,4117.535,4118.795
1784719800,4118.785,4120.73,4112.605,4115.26
1784720700,4115.28,4123.17,4114.85,4122.695
1784721600,4122.705,4127.475,4121.895,4127.36
1784722500,4127.405,4133.17,4124.89,4132.62
1784723400,4132.635,4134.46,4124.755,4127.435
1784724300,4127.425,4127.72,4106.72,4113.16
1784725200,4113.155,4126.06,4112.93,4125.88
1784726100,4125.885,4135.09,4125.09,4131.815
1784727000,4131.865,4147.03,4131.865,4142.7
1784727900,4142.695,4155.87,4142.62,4154.525
1784728800,4154.52,4163.54,4153.295,4156.625
1784729700,4156.595,4156.615,4144.48,4146.505
1784730600,4146.52,4152.98,4146.335,4150.98
1784731500,4150.975,4152.945,4144.165,4148.58
1784732400,4148.6,4158.615,4148.59,4157.595
1784733300,4157.6,4161.585,4153.405,4157.25
1784734200,4157.245,4161.015,4155.62,4160.035
1784735100,4160.06,4166.13,4158.61,4159.475
1784736000,4159.475,4159.605,4153.265,4154.525
1784736900,4154.55,4155.74,4147.92,4149.185
1784737800,4149.19,4151.455,4144.55,4146.98
1784738700,4146.99,4149,4144.6,4146.84
1784739600,4146.83,4147.93,4143.23,4145.465
1784740500,4145.385,4147.27,4142.77,4146.12
1784741400,4146.1,4147.635,4138.44,4140.735
1784742300,4140.74,4143.905,4140.63,4142.47
1784743200,4142.475,4142.885,4136.92,4138.135
1784744100,4138.14,4139.85,4134.84,4135.295
1784745000,4135.27,4136.4,4132.125,4136.05
1784745900,4136.04,4138.96,4135.42,4136.125
1784746800,4136.115,4137.29,4133.1,4134.15
1784747700,4134.185,4135.595,4131.805,4134.48
1784748600,4134.495,4136.31,4132.73,4133.99
1784749500,4134,4135.355,4129.02,4131.905
1784750400,4131.875,4135.665,4130.485,4134.56
1784751300,4134.555,4137.92,4134.125,4136.725
1784752200,4136.73,4137.65,4130.92,4131.02
1784753100,4130.96,4131.245,4128.42,4129.76
1784757600,4119.635,4126.24,4119.59,4124.355
1784758500,4124.375,4129.355,4120.88,4129.01
1784759400,4128.96,4130.195,4119.965,4121.79
1784760300,4121.77,4126.705,4120.64,4121.525
1784761200,4121.625,4124.84,4116.73,4123.85
1784762100,4123.865,4124.175,4119.29,4120.11
1784763000,4120.12,4124.69,4119.275,4123.805
1784763900,4123.755,4134.4,4123.045,4133.495
1784764800,4133.505,4134.41,4126.17,4126.81
1784765700,4126.815,4134.67,4126.655,4129.315
1784766600,4129.315,4132.495,4127.23,4127.935
1784767500,4127.925,4133.255,4125.2,4132.15
1784768400,4131.855,4139.445,4129.785,4134.685
1784769300,4134.675,4141.275,4133.745,4137.71
1784770200,4137.755,4139.59,4121.695,4121.75
1784771100,4121.735,4123.905,4114.425,4118.11
1784772000,4118.035,4119.065,4112.315,4117.9
1784772900,4117.92,4118.36,4113.425,4116.37
1784773800,4116.345,4122.42,4114.115,4122.405
1784774700,4122.31,4129.025,4121.365,4128.14
1784775600,4128.15,4129.295,4124.32,4127.265
1784776500,4127.355,4133.25,4126.755,4130.67
1784777400,4130.655,4131.165,4125.89,4128.765
1784778300,4128.78,4128.815,4124.34,4124.87
1784779200,4124.855,4127.83,4122.605,4127.82
1784780100,4127.87,4130.07,4125.265,4130.015
1784781000,4130.025,4130.54,4123.13,4123.35
1784781900,4123.255,4124.37,4120.07,4121.265
1784782800,4121.26,4125.205,4119.645,4124.48
1784783700,4124.435,4125.67,4119.93,4125.655
1784784600,4125.625,4128.71,4123.495,4127.885
1784785500,4127.835,4130.625,4120.755,4124.165
1784786400,4124.16,4128.37,4121.27,4123.365
1784787300,4123.3,4127.89,4121.405,4122.235
1784788200,4122.23,4124.04,4117.06,4120.215
1784789100,4120.195,4122.515,4117.89,4118.67
1784790000,4118.69,4119.525,4102.015,4106.71
1784790900,4106.69,4112.215,4105.75,4108.64
1784791800,4108.705,4109.04,4091.345,4095.795
1784792700,4095.88,4097.03,4090.055,4095.47
1784793600,4095.42,4097.855,4090.275,4091.65
1784794500,4091.72,4092.56,4088.56,4092.07
1784795400,4092.005,4093.865,4088.74,4092.545
1784796300,4092.515,4094.985,4087.11,4093.52
1784797200,4093.54,4099.63,4092.77,4095.055
1784798100,4095.01,4097.255,4089.47,4091.695
1784799000,4091.685,4093.345,4088.705,4091.905
1784799900,4091.925,4094.445,4088.465,4089.96
1784800800,4089.955,4091.85,4088.09,4090.975
1784801700,4090.945,4092.675,4086.185,4089.935
1784802600,4089.915,4092.98,4086.665,4089.57
1784803500,4089.575,4095.46,4087.41,4093.405
1784804400,4093.375,4094.07,4087.185,4087.93
1784805300,4087.865,4089.5,4081.255,4084.555
1784806200,4084.34,4084.34,4073.2,4078.785
1784807100,4078.775,4089.255,4077.94,4085.765
1784808000,4085.645,4086.045,4081.27,4081.685
1784808900,4081.62,4083.365,4070.395,4075.47
1784809800,4075.46,4075.46,4064.27,4069.145
1784810700,4069.16,4069.425,4061.2,4061.85
1784811600,4061.815,4063.665,4040.595,4041.14
1784812500,4041.145,4059.225,4040.76,4058.84
1784813400,4058.745,4067.415,4055.62,4056.27
1784814300,4056.29,4059.22,4042.815,4043.45
1784815200,4043.52,4051.385,4040.185,4047.97
1784816100,4047.93,4057.07,4042.35,4056.48
1784817000,4056.585,4060.56,4051.615,4057.095
1784817900,4057.055,4061.8,4056.2,4057.98
1784818800,4058.165,4059.64,4049.625,4051.52
1784819700,4051.345,4056.875,4045.57,4046.97
1784820600,4046.96,4053.435,4042.41,4048.31
1784821500,4048.295,4051.14,4046.83,4048.815
1784822400,4048.89,4051.185,4047.475,4050.275
1784823300,4050.25,4051.8,4045.96,4050.14
1784824200,4050.19,4051.36,4047.115,4050.02
1784825100,4050.015,4051.83,4048.135,4051.535
1784826000,4051.535,4054.58,4046.985,4047.345
1784826900,4047.465,4050.7,4046.25,4047.325
1784827800,4047.305,4049.285,4042.04,4043.065
1784828700,4043.06,4044.54,4041.7,4041.88
1784829600,4041.94,4044.345,4040.76,4042.04
1784830500,4042.045,4045.21,4040.745,4044.575
1784831400,4044.53,4048.395,4044.465,4046.6
1784832300,4046.6,4048.445,4044.655,4046.175
1784833200,4046.145,4048.755,4043.115,4043.38
1784834100,4043.385,4049.345,4043.195,4048.365
1784835000,4048.375,4051.14,4045.895,4045.945
1784835900,4045.965,4051.13,4044.995,4049.935
1784836800,4049.945,4051.44,4048.365,4049.625
1784837700,4049.62,4050.785,4047.495,4050.355
1784838600,4050.36,4050.765,4048.97,4050.03
1784839500,4050.025,4050.125,4047.565,4049.78
1784844000,4048.875,4050.625,4048.645,4049.12
1784844900,4049.175,4050.485,4049.175,4049.965
1784845800,4049.985,4050.635,4048.995,4049.615
1784846700,4049.575,4050.655,4048.665,4049.785
1784847600,4049.78,4050.035,4047.505,4048.57
1784848500,4048.59,4050.205,4047.155,4049.245
1784849400,4049.16,4050.825,4047.065,4048.355
1784850300,4048.37,4049.91,4046.71,4047.29
1784851200,4047.33,4050.16,4041.4,4041.71
1784852100,4041.73,4047.995,4041.375,4046.815
1784853000,4046.855,4050.43,4045.025,4049.31
1784853900,4049.305,4051.01,4048.56,4049.88
1784854800,4049.89,4050.39,4039.97,4042.685
1784855700,4042.7,4046.24,4041.645,4042.915
1784856600,4042.88,4050.37,4041.725,4049.965
1784857500,4049.955,4050.17,4041.49,4043.68
1784858400,4043.64,4046.075,4041.185,4045.885
1784859300,4045.88,4048.59,4042.665,4046.59
1784860200,4046.585,4048.215,4041.285,4041.74
1784861100,4041.745,4041.955,4023.07,4024.54
1784862000,4024.535,4032.55,4023.04,4031.935
1784862900,4031.925,4033.84,4028.295,4030.47
1784863800,4030.465,4033.405,4030.465,4031.57
1784864700,4031.585,4032.28,4028.475,4029.54
1784865600,4029.52,4030.42,4027.195,4028.365
1784866500,4028.37,4030.54,4027.715,4029.885
1784867400,4029.925,4030.495,4026.02,4026.96
1784868300,4026.975,4028.935,4025.72,4027.12
1784869200,4027.13,4032.335,4025.43,4027.7
1784870100,4027.545,4029.98,4022.495,4026.33
1784871000,4026.31,4031.645,4024.085,4025.065
1784871900,4025.055,4029.36,4022.06,4023.135
1784872800,4023.195,4031.505,4023.055,4030.975
1784873700,4030.99,4039.185,4029.29,4036.72
1784874600,4036.73,4037.28,4033.445,4033.965
1784875500,4033.95,4038.985,4031.79,4035.845
1784876400,4035.855,4047.49,4035.245,4045.535
1784877300,4045.455,4051.06,4044.125,4048.945
1784878200,4048.955,4053.84,4045.905,4048.46
1784879100,4048.49,4049.875,4045.98,4048.415
1784880000,4048.435,4049.265,4045.395,4047.02
1784880900,4046.99,4052.78,4045.28,4052.775
1784881800,4052.735,4055.665,4049.005,4054.665
1784882700,4054.615,4058.775,4052.33,4057.65
1784883600,4057.645,4060.74,4053.36,4054.31
1784884500,4054.28,4056.815,4052.59,4053.125
1784885400,4053.1,4056.405,4051.84,4055.82
1784886300,4055.85,4059.975,4054.79,4059.885
1784887200,4059.935,4061.605,4057.84,4058.23
1784888100,4058.275,4063.825,4057.635,4062.18
1784889000,4062.165,4064.025,4058.285,4058.44
1784889900,4058.47,4060.355,4057.165,4060.205
1784890800,4060.2,4063.495,4058.64,4061.305
1784891700,4061.415,4062.17,4059.28,4059.28
1784892600,4059.18,4060.61,4055.41,4055.425
1784893500,4055.435,4061.77,4051.49,4057.795
1784894400,4057.81,4058.66,4052.47,4056.71
1784895300,4056.68,4060.285,4055,4059.855
1784896200,4059.835,4059.84,4052.12,4055.28
1784897100,4055.29,4056.49,4051.815,4056.095
1784898000,4056.07,4058.54,4044.92,4048.3
1784898900,4048.23,4049.475,4044.81,4046.525
1784899800,4046.515,4056.96,4044.835,4052.3
1784900700,4051.805,4068.68,4048.555,4067.865
1784901600,4067.86,4069.98,4057.43,4059.075
1784902500,4059.09,4069.53,4056.115,4066.26
1784903400,4066.245,4068.185,4059.355,4060.52
1784904300,4060.525,4066.58,4058.64,4063.35
1784905200,4063.4,4076.77,4061.955,4074.795
1784906100,4074.745,4082.16,4071.96,4075.245
1784907000,4075.26,4079.775,4071.61,4072.24
1784907900,4072.265,4078.075,4070.93,4077.535
1784908800,4077.575,4077.61,4074.485,4074.925
1784909700,4074.975,4078.245,4073.56,4073.74
1784910600,4073.73,4074.095,4066.855,4067.85
1784911500,4067.84,4067.905,4064.285,4067.175
1784912400,4067.18,4068.515,4062.985,4064.215
1784913300,4064.22,4069.94,4063.645,4068.455
1784914200,4068.365,4069.96,4066.23,4066.605
1784915100,4066.54,4067.455,4063.16,4063.505
1784916000,4063.555,4064.615,4061.375,4061.73
1784916900,4061.72,4063.11,4054.985,4055.46
1784917800,4055.52,4057.14,4051.255,4052.275
1784918700,4052.28,4056.105,4051.945,4054.47
1784919600,4054.52,4056.385,4052.245,4052.37
1784920500,4052.385,4052.48,4049.38,4051.625
1784921400,4051.6,4058.01,4051.415,4056.975
1784922300,4057,4057.52,4052.865,4053.895
1784923200,4053.875,4055.35,4052.34,4052.64
1784924100,4052.66,4054.835,4052.155,4053.775
1784925000,4053.755,4056.225,4051.665,4055.55
1784925900,4055.45,4056.465,4052.28,4052.845
1785103200,4090.16,4091.89,4086.54,4088.16
1785104100,4088.295,4090.28,4084.03,4086.85
1785105000,4086.675,4093.17,4085.83,4091.365
1785105900,4091.305,4093.84,4088.955,4089.575
1785106800,4089.795,4091.435,4084.53,4084.895
1785107700,4084.985,4086.485,4083.8,4084.905
1785108600,4084.865,4089.55,4084.69,4089.195
1785109500,4089.205,4096.515,4088.415,4094.11
1785110400,4094.105,4116.185,4093.88,4115.58
1785111300,4115.57,4115.57,4090.64,4094.74
1785112200,4094.715,4102.645,4093.755,4100.085
1785113100,4100.075,4109.37,4099.075,4100.815
1785114000,4100.83,4112.48,4100.71,4107.365
1785114900,4107.38,4109.23,4097.13,4100.2
1785115800,4100.22,4104.23,4098.015,4102.88
1785116700,4102.855,4110.265,4102.855,4110.255
1785117600,4110.3,4111.105,4103.455,4105.72
1785118500,4105.695,4106.08,4102.065,4103.305
1785119400,4103.3,4103.3,4095.63,4096.61
1785120300,4096.545,4097.76,4093.75,4093.765
1785121200,4093.68,4095.955,4089.32,4092
1785122100,4092.08,4093.675,4085.435,4085.685
1785123000,4085.555,4091.03,4085.23,4089.685
1785123900,4089.735,4091.315,4088.725,4091.045
1785124800,4091.055,4092.925,4088.785,4090.135
1785125700,4090.14,4090.545,4087.08,4089.15
1785126600,4089.115,4092.53,4089.115,4090.585
1785127500,4090.55,4091.375,4089.32,4090.39
1785128400,4090.395,4094.99,4088.665,4094.95
1785129300,4094.935,4094.935,4086.22,4087.235
1785130200,4087.1,4090.395,4085.805,4088.305
1785131100,4088.37,4093.84,4084.49,4093.365
1785132000,4093.33,4096.505,4091.81,4094.555
1785132900,4094.505,4096.545,4091.36,4096.285
1785133800,4096.24,4099.365,4094.38,4098.76
1785134700,4098.7,4099.22,4095.21,4096.02
1785135600,4095.98,4102.13,4095.98,4102.105
1785136500,4102.115,4106.24,4099.96,4103.24
1785137400,4103.27,4103.85,4096.03,4097.445
1785138300,4097.44,4099.41,4088.635,4088.885
1785139200,4088.98,4093.21,4087.24,4091.405
1785140100,4091.395,4092.68,4089.155,4090.93
1785141000,4090.925,4093.075,4087.435,4091.49
1785141900,4091.47,4096.985,4090.99,4095.28
1785142800,4095.215,4098.485,4093.145,4094.135
1785143700,4094.165,4096.025,4091.26,4091.71
1785144600,4091.675,4094.94,4090.575,4094.275
1785145500,4094.275,4100.38,4093.8,4096.14
1785146400,4096.12,4096.42,4086.62,4091.08
1785147300,4091.06,4094.015,4089.37,4093.09
1785148200,4093.085,4101.885,4093.085,4100.355
1785149100,4100.375,4102.45,4098.94,4099.625
1785150000,4099.66,4104.205,4097.08,4101.955
1785150900,4101.995,4103.385,4096.94,4097.115
1785151800,4097.265,4100.105,4094.665,4095.68
1785152700,4095.7,4097.415,4093.695,4094.015
1785153600,4094.03,4097.845,4086.505,4087.825
1785154500,4087.83,4089.195,4081.835,4086.795
1785155400,4086.725,4088.73,4083.25,4086.77
1785156300,4086.74,4089.18,4081.73,4083.82
1785157200,4083.875,4088.895,4080.965,4085.025
1785158100,4085.005,4087.255,4076.035,4076.275
1785159000,4076.32,4089.36,4075.695,4086.91
1785159900,4087.05,4089.59,4070.495,4074.445
1785160800,4074.48,4079.23,4071.31,4077.075
1785161700,4077.115,4078.735,4067.27,4068.345
1785162600,4068.335,4070.71,4065.415,4068.915
1785163500,4068.91,4077.63,4068.91,4076.335
1785164400,4076.315,4076.655,4071.915,4076.07
1785165300,4076.005,4079.495,4074.675,4076.66
1785166200,4076.69,4078.135,4072.825,4076.16
1785167100,4076.13,4080.05,4074.8,4078.62
1785168000,4078.625,4085.005,4077.965,4081.55
1785168900,4081.565,4088.895,4079.84,4085.235
1785169800,4085.26,4094.105,4085.155,4088.24
1785170700,4088.245,4088.65,4080.915,4082.56
1785171600,4082.565,4082.565,4070.785,4073.78
1785172500,4073.775,4076.995,4072.47,4074.855
1785173400,4074.865,4076.075,4072.34,4074.7
1785174300,4074.705,4077.28,4073.445,4076.505
1785175200,4076.51,4079.31,4076.145,4076.79
1785176100,4076.775,4077.14,4074.3,4076.945
1785177000,4076.955,4079.58,4073,4076.34
1785177900,4076.33,4079.53,4075.065,4078.005
1785178800,4078.04,4081.895,4076.22,4080.435
1785179700,4080.44,4088.815,4079.505,4085.765
1785180600,4085.77,4087.3,4083.875,4086.945
1785181500,4086.94,4089.485,4082.505,4083.5
1785182400,4083.535,4084.21,4081.56,4082.23
1785183300,4082.225,4082.28,4078.3,4078.755
1785184200,4078.79,4079.225,4075.825,4077.185
1785185100,4077.16,4077.395,4075.325,4076.425
1785189600,4080.685,4081.415,4076.6,4077.62
1785190500,4077.32,4077.32,4071.16,4072.545
1785191400,4072.585,4075.155,4072.445,4075.03
1785192300,4075.08,4075.08,4073.725,4074.32
1785193200,4074.22,4075.14,4071.96,4074.195
1785194100,4074.2,4074.715,4072.2,4073.32
1785195000,4073.27,4073.755,4071.73,4072.17
1785195900,4072.21,4073.455,4070.035,4073.385
1785196800,4073.365,4074.26,4062.11,4067.08
1785197700,4067.07,4067.495,4059.245,4062.08
1785198600,4062.145,4066.405,4060.675,4065.67
1785199500,4065.65,4065.73,4057.665,4058.245
1785200400,4058.23,4060.43,4053.975,4058.185
1785201300,4058.17,4059.215,4046.57,4047.57
1785202200,4047.535,4050.58,4043.46,4048.985
1785203100,4049.015,4049.04,4042.77,4045.23
1785204000,4045.245,4047.745,4042.555,4046.54
1785204900,4046.3,4049.215,4045.41,4046.26
1785205800,4046.235,4048.095,4041.645,4044.425
1785206700,4044.4,4045.715,4040.935,4042.115
1785207600,4042.11,4047.465,4040.455,4045.96
1785208500,4045.965,4049.48,4045.425,4047.83
1785209400,4047.825,4051.24,4047.41,4048.52
1785210300,4048.525,4050.855,4048.135,4049.615
1785211200,4049.605,4049.7,4043.53,4044.195
1785212100,4044.15,4047.99,4043.715,4045.725
1785213000,4045.735,4047.915,4043.995,4047.745
1785213900,4047.75,4048.06,4041.395,4042.305
1785214800,4042.3,4044.03,4040.045,4042.575
1785215700,4042.57,4043.865,4041.055,4043.195
1785216600,4043.2,4045.695,4034.795,4041.8
1785217500,4041.805,4046.625,4039.66,4045.2
1785218400,4045.195,4047.9,4043.015,4044.34
1785219300,4044.345,4049.055,4044.105,4047.87
1785220200,4047.885,4052.405,4047,4049.89
1785221100,4049.865,4051.54,4047.985,4048.425
1785222000,4048.395,4051.3,4047.58,4048.97
1785222900,4048.985,4052.425,4048.715,4050.275
1785223800,4050.355,4051.175,4048.5,4049.42
1785224700,4049.415,4049.94,4046.235,4047.395
1785225600,4047.355,4055.21,4043.15,4044.355
1785226500,4044.36,4051.225,4044.25,4049.54
1785227400,4049.58,4049.86,4041.95,4043.1
1785228300,4043.095,4046.195,4041.72,4045.56
1785229200,4045.46,4045.955,4040.83,4041.105
1785230100,4041.12,4044.13,4039.155,4040.415
1785231000,4040.425,4040.44,4029.8,4033.475
1785231900,4033.45,4034.375,4019.575,4023.42
1785232800,4023.49,4027.055,4020.64,4024.375
1785233700,4024.12,4026.06,4017.115,4017.705
1785234600,4017.685,4023.76,4017.29,4022.61
1785235500,4022.66,4028.63,4022.315,4026.67
1785236400,4026.66,4028.96,4023.275,4024.075
1785237300,4024.03,4032.555,4023.975,4027.585
1785238200,4027.61,4031.625,4026.54,4027.135
1785239100,4027.155,4028.36,4024.03,4028.19
1785240000,4028.195,4028.905,4022.965,4027.91
1785240900,4027.9,4034.935,4026.19,4034.585
1785241800,4034.65,4035,4026.005,4033.645
1785242700,4033.71,4038.22,4028.35,4029.69
1785243600,4029.74,4035.725,4029.615,4032.945
1785244500,4032.97,4036.04,4028.56,4029.07
1785245400,4028.99,4032.91,4020.33,4025.325
1785246300,4025.33,4029.135,4021.75,4022.11
1785247200,4022.16,4033.6,4021.95,4025.93
1785248100,4025.965,4026.855,4011.765,4022.465
1785249000,4022.455,4025.27,4019.035,4022.94
1785249900,4022.935,4029.6,4021.415,4024.375
1785250800,4024.43,4036.5,4022.16,4033.735
1785251700,4033.73,4040.87,4031.78,4035.405
1785252600,4035.44,4042.02,4032.36,4041.415
1785253500,4041.365,4047.195,4041.175,4046.13
1785254400,4046.145,4046.68,4042.185,4044.725
1785255300,4044.735,4045.88,4042.115,4042.285
1785256200,4042.305,4043.885,4040.49,4040.72
1785257100,4040.61,4041.235,4036.715,4037.605
1785258000,4037.69,4041.16,4035.575,4037.105
1785258900,4037.115,4041.73,4035.36,4037.835
1785259800,4037.845,4037.93,4027.765,4028.425
1785260700,4028.38,4029.695,4025.755,4027.935
1785261600,4027.985,4030.58,4027.145,4028.385
1785262500,4028.435,4030.155,4026.025,4027.215
1785263400,4027.18,4027.65,4023.115,4024.345
1785264300,4024.355,4026.18,4021.715,4023.15
1785265200,4023.19,4025.935,4022.53,4024.195
1785266100,4024.185,4025.315,4021.935,4023.45
1785267000,4023.49,4027.89,4023.12,4026.315
1785267900,4026.32,4028.07,4025.48,4026.465
1785268800,4026.455,4026.56,4022.6,4023.7
1785269700,4023.68,4027.845,4023.645,4027.41
1785270600,4027.42,4030.33,4027.41,4029.97
1785271500,4030.005,4030.555,4026.565,4028.67
1785276000,4026.565,4028.165,4024.525,4024.535
1785276900,4024.685,4025.295,4017.415,4021
1785277800,4021.025,4021.265,4013.975,4018.545
1785278700,4018.48,4019.815,4015.365,4018.44
1785279600,4018.45,4023.24,4016.465,4022.165
1785280500,4022.15,4022.245,4015.21,4018.72
1785281400,4018.775,4023.52,4017.475,4022.82
1785282300,4022.84,4026.345,4019.085,4024.945
1785283200,4024.99,4026.265,4017.57,4020.755
1785284100,4020.685,4029.815,4020.64,4022.625
1785285000,4022.62,4027.995,4021.485,4026.085
1785285900,4025.955,4026.105,4020.57,4022.08
1785286800,4022.075,4022.075,4010.41,4013.37
1785287700,4013.345,4020.46,4011.78,4018.635
1785288600,4018.62,4030.675,4015.18,4027.715
1785289500,4027.765,4028.61,4022.105,4026.16
1785290400,4026.165,4029.32,4023.265,4028.325
1785291300,4028.36,4035.51,4026.545,4033.17
1785292200,4033.105,4038.08,4030.665,4035.05
1785293100,4034.945,4035.35,4029.245,4029.435
1785294000,4029.42,4032.84,4027.415,4027.86
1785294900,4027.885,4028.96,4025.755,4027.26
1785295800,4027.25,4029.69,4024.765,4026.22
1785296700,4026.21,4027.05,4023.25,4023.73
1785297600,4023.74,4025.09,4021.52,4021.91
1785298500,4021.935,4025.635,4020.655,4023.71
1785299400,4023.665,4027.44,4023.585,4027.25
1785300300,4027.265,4027.845,4023.62,4027.4
1785301200,4027.425,4031.835,4026.735,4030.655
1785302100,4030.62,4031.46,4027.155,4030.6
1785303000,4030.545,4039.825,4029.855,4039.225
1785303900,4039.235,4040.15,4031.655,4033.135
1785304800,4033.14,4038.345,4033.08,4037.465
1785305700,4037.435,4043.225,4035.91,4041.065
1785306600,4041.08,4044.845,4040.86,4042.83
1785307500,4042.825,4043.035,4039.705,4041.25
1785308400,4041.2,4046.67,4041.2,4045.51
1785309300,4045.505,4047.88,4044.205,4046.11
1785310200,4046.075,4047.515,4044.705,4045.92
1785311100,4045.91,4046.945,4042.72,4043.825
1785312000,4043.82,4044.555,4039.105,4039.105
1785312900,4039.115,4042.155,4035.67,4037.235
1785313800,4037.25,4039.35,4035.8,4038.415
1785314700,4038.465,4040.225,4037.125,4037.64
1785315600,4037.73,4038.38,4035.58,4036.4
1785316500,4036.335,4037.85,4033.55,4033.915
1785317400,4033.9,4035.04,4031.36,4034.48
1785318300,4034.435,4036.46,4031.95,4032.695
1785319200,4032.68,4034.245,4030.93,4032.01
1785320100,4031.99,4033.43,4030.2,4033.21
1785321000,4033.165,4034.57,4026.355,4027.44
1785321900,4027.435,4028.665,4026.065,4027.535
1785322800,4027.555,4029.74,4025.105,4029.725
1785323700,4029.86,4033.59,4028.42,4032.935
1785324600,4032.95,4033.135,4030.15,4030.99
1785325500,4031,4036.195,4030.62,4032.845
1785326400,4032.85,4033.5,4026.105,4027.22
1785327300,4027.225,4027.71,4012.7,4013.29
1785328200,4013.175,4022.68,4009.39,4021.15
1785329100,4021.105,4023.815,4019.035,4022.65
1785330000,4022.82,4026.565,4015.22,4015.78
1785330900,4015.775,4023.24,4013.68,4014.725
1785331800,4014.735,4018.12,4010.265,4013.64
1785332700,4013.62,4015.99,4002.6,4007.445
1785333600,4007.455,4008.845,3996.055,3999.46
1785334500,3999.415,4010.215,3999.04,4005.665
1785335400,4005.675,4009.42,3999.09,4001.275
1785336300,4001.195,4005.855,3998.44,4004.875
1785337200,4004.93,4009.8,4003.4,4006.93
1785338100,4006.975,4011.365,4003.815,4010.72
1785339000,4010.795,4013.68,4007.26,4010.69
1785339900,4010.645,4013.815,4008.36,4009.975
1785340800,4010.015,4015.73,4007.63,4009.525
1785341700,4009.485,4017.59,4007.84,4016.595
1785342600,4016.585,4019.145,4015.065,4017.1
1785343500,4017.055,4032.915,4015.285,4027.46
1785344400,4027.455,4050.745,4027.405,4042.205
1785345300,4042.22,4050.63,4037.375,4039.245
1785346200,4039.24,4047.475,4036.335,4045.84
1785347100,4045.885,4048.155,4041.41,4044.285
1785348000,4044.29,4086.225,4042.775,4081.105
1785348900,4081.115,4083.96,4064.01,4067.93
1785349800,4067.92,4086.99,4052.175,4083.39
1785350700,4083.47,4110.12,4082.05,4106.75
1785351600,4106.74,4116.415,4090.125,4099.63
1785352500,4099.65,4104.72,4080.93,4084.265
1785353400,4084.195,4088.69,4065.415,4069.42
1785354300,4069.385,4072.14,4044.375,4044.74
1785355200,4044.74,4056.185,4042.955,4052.14
1785356100,4052.17,4057.54,4043.95,4055.895
1785357000,4055.835,4069.475,4054.185,4067.285
1785357900,4067.265,4070.195,4063.555,4066.34
1785362400,4074.84,4077.825,4064.505,4076.295
1785363300,4076.27,4077.575,4072.605,4075
1785364200,4074.985,4081.45,4072.96,4081.41
1785365100,4081.5,4090.65,4079.885,4088.58
1785366000,4088.61,4100.485,4088.375,4091.7
1785366900,4091.76,4094.86,4090.505,4093.59
1785367800,4093.595,4094.58,4089.235,4090.19
1785368700,4090.21,4093.01,4084.4,4084.59
1785369600,4084.625,4086.735,4079.18,4081.465
1785370500,4081.585,4083.735,4073.02,4075.355
1785371400,4075.385,4077,4065.065,4066.225
1785372300,4066.21,4073.025,4064.96,4072.27
1785373200,4072.285,4092.955,4070.36,4075.52
1785374100,4075.485,4084.85,4073.4,4081.27
1785375000,4081.3,4089.89,4080.74,4086.785
1785375900,4086.855,4091.155,4084.005,4084.59
1785376800,4084.46,4090.45,4082.335,4082.535
1785377700,4082.55,4083.78,4080.075,4082.725
1785378600,4082.715,4082.82,4073.7,4076.86
1785379500,4076.875,4077.005,4063.435,4063.71
1785380400,4063.705,4070.345,4060.495,4063.125
1785381300,4063.12,4064.175,4052.74,4054.01
1785382200,4054.02,4056.12,4050.81,4052.505
1785383100,4052.5,4059.865,4052.32,4058.88
1785384000,4058.94,4060.385,4053,4053.45
1785384900,4053.425,4055.475,4051.135,4054.105
1785385800,4054.125,4054.125,4047.775,4048.88
1785386700,4048.845,4052.045,4044.34,4046.045
1785387600,4046.05,4046.205,4041.83,4045.895
1785388500,4045.9,4047.385,4037.6,4047.005
1785389400,4046.955,4051.445,4028.69,4033.325
1785390300,4033.32,4038.57,4030.05,4033.82
1785391200,4033.725,4039.505,4031.39,4032.435
1785392100,4032.425,4039.545,4029.4,4033.215
1785393000,4033.265,4038.285,4031.015,4035.745
1785393900,4035.76,4040.63,4034.19,4036.54
1785394800,4036.57,4047.97,4035.41,4046.91
1785395700,4046.92,4051.43,4043.015,4045.965
1785396600,4045.975,4047.365,4036.065,4045.88
1785397500,4045.875,4046.58,4038.155,4038.935
1785398400,4038.825,4056.32,4036.81,4053.31
1785399300,4053.295,4068.525,4052.27,4064.54
1785400200,4064.48,4073.01,4063.055,4065.905
1785401100,4065.9,4070.97,4059.475,4061.49
1785402000,4061.485,4068.995,4060.305,4066.025
1785402900,4066.05,4072.505,4064.54,4067.53
1785403800,4067.525,4069.34,4060.515,4065.635
1785404700,4065.67,4073.155,4062.34,4063.405
1785405600,4063.495,4074.855,4063.065,4068.43
1785406500,4068.425,4077.74,4067.82,4076.52
1785407400,4076.4,4082.785,4075.165,4081.275
1785408300,4081.31,4083.23,4078.085,4078.155
1785409200,4078.105,4082.945,4077.7,4079.695
1785410100,4079.69,4081.94,4076.645,4077.89
1785411000,4078.1,4079.585,4076.23,4077.595
1785411900,4077.61,4080.845,4075.77,4077.815
1785412800,4077.79,4082.555,4074.78,4078.855
1785413700,4078.88,4081.45,4071.75,4076.81
1785414600,4076.865,4086.785,4071.82,4077.245
1785415500,4077.225,4079.41,4067.285,4069.03
1785416400,4069.04,4076.785,4065.315,4076.73
1785417300,4076.735,4084.08,4072.165,4080.01
1785418200,4079.995,4098.765,4074.96,4088.875
1785419100,4088.895,4112.825,4085.63,4112.34
1785420000,4112.415,4120.495,4094.11,4098.325
1785420900,4098.29,4100.295,4087.195,4096.315
1785421800,4096.33,4111.325,4094.9,4110.725
1785422700,4110.68,4113.255,4096.64,4100.01
1785423600,4100.075,4100.27,4083.27,4085.735
1785424500,4085.645,4097.315,4084.99,4096.11
1785425400,4096.105,4106.975,4092.61,4105.555
1785426300,4105.57,4110.23,4103.605,4108.25
1785427200,4108.2,4115.97,4107.86,4114.195
1785428100,4114.095,4119.285,4113.595,4116
1785429000,4115.995,4116.42,4108.305,4108.535
1785429900,4108.53,4110.785,4106.645,4110.78
1785430800,4110.75,4111.325,4104.855,4104.945
1785431700,4104.93,4108.28,4098.505,4101.65
1785432600,4101.64,4108.235,4100.055,4106.08
1785433500,4106.145,4108.57,4101.25,4102.765
1785434400,4102.75,4106.89,4102.75,4106.525
1785435300,4106.505,4106.8,4100.75,4103.49
1785436200,4103.45,4107.855,4102.965,4104.81
1785437100,4104.82,4105.175,4098.785,4099.74
1785438000,4099.745,4105.645,4098.77,4104.64
1785438900,4104.62,4114.915,4102.96,4112.915
1785439800,4112.94,4115.375,4111.505,4112.3
1785440700,4112.285,4113.245,4109.33,4112.065
1785441600,4112.2,4117.515,4110.045,4113.96
1785442500,4113.985,4114.99,4111.71,4111.935
1785443400,4111.935,4112.64,4102.41,4102.87
1785444300,4102.905,4103.885,4099.235,4103.27
1785448800,4103.36,4107.97,4102.63,4107.01
1785449700,4106.99,4108.715,4106.65,4107.905
1785450600,4107.855,4110.69,4107.155,4110.405
1785451500,4110.53,4111.455,4109.2,4109.385
1785452400,4109.335,4112.01,4106.595,4107.46
1785453300,4107.415,4107.575,4104.06,4104.41
1785454200,4104.405,4107.59,4102.345,4106.055
1785455100,4106.115,4110.145,4105.535,4105.985
1785456000,4106.065,4107.225,4100.805,4101.405
1785456900,4101.365,4103.725,4096.24,4096.58
1785457800,4096.53,4097.605,4090.585,4093.165
1785458700,4093.12,4096.15,4090.745,4094.855
1785459600,4094.835,4101.71,4088.705,4088.94
1785460500,4088.965,4095.045,4086.63,4092.03
1785461400,4092.095,4092.145,4083.965,4085.71
1785462300,4085.65,4089.46,4082.15,4084.325
1785463200,4084.39,4090.405,4081.78,4085.575
1785464100,4085.58,4085.58,4081.57,4082.21
1785465000,4082.13,4084.375,4075.355,4075.375
1785465900,4075.37,4078.575,4074.27,4076.275
1785466800,4076.07,4076.52,4072.145,4073.585
1785467700,4073.585,4076.305,4072.42,4075.48
1785468600,4075.5,4079.65,4075.2,4076.47
1785469500,4076.43,4077.545,4074.305,4075.14
1785470400,4075.07,4077.14,4073.32,4076.94
1785471300,4076.925,4080.105,4074.59,4080.075
1785472200,4080.09,4081.535,4079.29,4079.345
1785473100,4079.265,4080.215,4074.79,4080.16
1785474000,4080.17,4083.315,4079.75,4079.91
1785474900,4079.975,4083.04,4079.54,4080.975
1785475800,4080.955,4081.835,4075.9,4076.445
1785476700,4076.44,4076.46,4073.44,4074.43
1785477600,4074.45,4082.895,4072.785,4082.445
1785478500,4082.44,4087.665,4081.18,4084.965
1785479400,4084.97,4085.09,4077.275,4078.245
1785480300,4078.24,4081.755,4076.57,4077.765
1785481200,4077.735,4079.3,4075.445,4077.525
1785482100,4077.52,4079.315,4072.13,4072.725
1785483000,4072.8,4073.925,4068.16,4072.255
1785483900,4072.365,4074.415,4067.62,4067.81
1785484800,4067.795,4067.89,4061.245,4062.255
1785485700,4062.25,4067.39,4057.98,4058.615
1785486600,4058.605,4061.645,4054.175,4059.445
1785487500,4059.44,4064.6,4057.95,4060.98
1785488400,4060.895,4064.115,4055.04,4056.955
1785489300,4056.865,4057.625,4051.53,4052.565
1785490200,4052.57,4054.85,4050.315,4053.305
1785491100,4053.285,4057.355,4052.375,4055.25
1785492000,4055.185,4058.435,4053.37,4055.875
1785492900,4055.91,4056.03,4052.015,4053.315
1785493800,4053.265,4056.565,4052.94,4054.76
1785494700,4054.755,4057.115,4053.725,4054.565
1785495600,4054.58,4059.515,4052.17,4057.095
1785496500,4057.175,4061.15,4054.28,4058.97
1785497400,4058.98,4058.98,4050.69,4052.225
1785498300,4052.155,4055.525,4051.345,4053.84
1785499200,4053.83,4059.475,4052.56,4059.32
1785500100,4059.325,4059.495,4047.16,4047.415
1785501000,4047.38,4051.705,4042.745,4044.75
1785501900,4044.705,4046.515,4040.575,4040.765
1785502800,4040.75,4042.84,4034.805,4036.405
1785503700,4036.435,4047.035,4035.695,4042.665
1785504600,4042.58,4043.885,4022.545,4025.155
1785505500,4025.205,4032.405,4022.13,4025.51
1785506400,4025.41,4032.57,4020.975,4032.25
1785507300,4032.21,4040.28,4029.925,4038.925
1785508200,4038.905,4043.21,4036.765,4041.48
1785509100,4041.52,4050.435,4041.075,4049.315
1785510000,4049.345,4050.9,4042.81,4046.96
1785510900,4046.955,4052.695,4040.24,4041.295
1785511800,4041.295,4043.675,4036.82,4042.32
1785512700,4042.35,4046.825,4039.89,4045.58
1785513600,4045.585,4046.98,4041.34,4046.395
1785514500,4046.415,4048.52,4043.18,4047.55
1785515400,4047.56,4049.995,4041.3,4042.615
1785516300,4042.68,4045.27,4042.265,4043.415
1785517200,4043.41,4046.45,4041.6,4045.615
1785518100,4045.62,4053.485,4044.895,4050.525
1785519000,4050.755,4053.325,4047.755,4051.98
1785519900,4051.995,4054.805,4050.365,4053.66
1785520800,4053.665,4055.245,4047.18,4048.23
1785521700,4048.24,4051.81,4047.725,4051.145
1785522600,4051.115,4051.765,4048.085,4049.545
1785523500,4049.525,4051.68,4048.25,4050.82
1785524400,4050.785,4052.98,4046.955,4048.09
1785525300,4048.095,4050.645,4047.195,4050.61
1785526200,4050.585,4054.77,4049.035,4054.19
1785527100,4054.185,4055.665,4050.195,4050.935
1785528000,4050.915,4051.88,4045.285,4047.995
1785528900,4048.01,4049.05,4046.45,4048.205
1785529800,4048.045,4053.105,4047.35,4051.315
1785530700,4051.335,4052.55,4043.04,4045.165
1785708000,4075.055,4078.785,4071.54,4076.56
1785708900,4076.565,4077.31,4063.965,4066.03
1785709800,4066.045,4068.555,4064.165,4066.86
1785710700,4066.805,4067.215,4063.515,4063.755
1785711600,4063.705,4067.275,4063.3,4066.585
1785712500,4066.575,4072.77,4066.25,4072.19
1785713400,4072.2,4072.5,4068.04,4069.795
1785714300,4069.775,4075.09,4068.34,4075.065
1785715200,4075.07,4079.185,4070.085,4072.105
1785716100,4072,4073.015,4061.48,4064.435
1785717000,4064.445,4070.125,4057.02,4058.31
1785717900,4058.29,4060.87,4055.88,4057.35
1785718800,4057.355,4063.7,4051.465,4052.34
1785719700,4052.38,4055.33,4047.345,4052.86
1785720600,4052.875,4057.245,4047.49,4051.325
1785721500,4051.37,4057.485,4050.145,4056.77
1785722400,4056.775,4061.04,4053.315,4055.785
1785723300,4055.735,4060.86,4052.11,4058.23
1785724200,4058.305,4060.875,4052.46,4059.695
1785725100,4059.7,4067.275,4058.57,4062.605
1785726000,4062.51,4065.595,4061.03,4064.425
1785726900,4064.385,4068.1,4061.63,4063.925
1785727800,4063.97,4064.98,4060.785,4060.815
1785728700,4060.82,4066.96,4059.5,4065.115
1785729600,4065.145,4068.375,4064.365,4066.68
1785730500,4066.69,4071.16,4066.165,4068.295
1785731400,4068.295,4071.375,4068.295,4070.68
1785732300,4070.645,4072.055,4064,4064.045
1785733200,4063.99,4065.31,4056.85,4057.675
1785734100,4057.65,4062.815,4054.17,4060.5
1785735000,4060.35,4064.865,4055.26,4063.53
1785735900,4063.575,4070.045,4058.875,4069.035
1785736800,4069.03,4071.275,4066.115,4066.175
1785737700,4066.16,4072.185,4065.55,4068.605
1785738600,4068.62,4068.95,4060.51,4065.575
1785739500,4065.425,4067.005,4062.83,4063.94
1785740400,4063.95,4065.305,4059.665,4061.595
1785741300,4061.515,4062.305,4052.19,4058.17
1785742200,4058.195,4061.29,4056.685,4059.77
1785743100,4059.775,4063.425,4058.52,4061.155
1785744000,4061.1,4062.26,4058.485,4061.96
1785744900,4061.955,4062.595,4054.335,4056.24
1785745800,4056.235,4060.81,4054.895,4058.46
1785746700,4058.485,4061.155,4057.67,4059.42
1785747600,4059.43,4062.21,4057.305,4061.65
1785748500,4061.565,4061.645,4052.25,4052.62
1785749400,4052.645,4054.835,4046.685,4053.57
1785750300,4053.565,4058.28,4053.42,4055.355
1785751200,4055.375,4057.07,4053.2,4056.295
1785752100,4056.265,4057.13,4051.91,4053.495
1785753000,4053.535,4053.76,4048.73,4049.29
1785753900,4049.305,4050.79,4045.84,4049.495
1785754800,4049.485,4052.925,4047.58,4049.875
1785755700,4049.8,4050.09,4045.57,4048.505
1785756600,4048.485,4055.085,4048.015,4053.56
1785757500,4053.545,4063.245,4052.72,4062.505
1785758400,4062.465,4064.74,4054.75,4056.02
1785759300,4056.06,4056.565,4048.725,4050.985
1785760200,4051.025,4053.005,4042.34,4045.165
1785761100,4045.16,4049.07,4043.445,4047.85
1785762000,4047.865,4053.855,4038.945,4038.99
1785762900,4039.005,4040.66,4031.63,4034.35
1785763800,4034.26,4035.715,4019.24,4032.165
1785764700,4032.195,4035.525,4028.465,4032.35
1785765600,4031.91,4036.165,4026.75,4033.44
1785766500,4033.33,4036.12,4029.915,4032.685
1785767400,4032.61,4038.22,4032.1,4036.485
1785768300,4036.645,4039.16,4033.79,4036.375
1785769200,4036.475,4037.245,4030.54,4033.435
1785770100,4033.395,4038.52,4030.73,4032.805
1785771000,4032.81,4039.025,4031.1,4036.905
1785771900,4037.06,4041.03,4035.46,4036.135
1785772800,4036.14,4037.735,4034.805,4036.635
1785773700,4036.63,4038.73,4034.965,4037.075
1785774600,4036.975,4039.335,4035.66,4038.725
1785775500,4038.82,4038.885,4035.75,4037.03
1785776400,4037.06,4037.71,4033.365,4034.435
1785777300,4034.43,4037.8,4033.99,4034.42
1785778200,4034.53,4037.005,4034.16,4036.09
1785779100,4036.11,4036.47,4030.27,4030.57
1785780000,4030.62,4038.695,4029.675,4035.14
1785780900,4035.185,4039.025,4035.06,4038.005
1785781800,4037.95,4041.61,4036.655,4041.55
1785782700,4041.495,4045.12,4040.645,4043.535
1785783600,4043.53,4049.57,4043.485,4046.345
1785784500,4046.345,4054.38,4046.345,4053.025
1785785400,4053.07,4055.815,4052.08,4054.11
1785786300,4054.145,4055.7,4051.72,4052.08
1785787200,4052.145,4053.06,4050.325,4052.745
1785788100,4052.755,4055.995,4051.635,4054.495
1785789000,4054.555,4058.215,4054.09,4056.37
1785789900,4056.315,4057.295,4054.54,4055.33
1785794400,4052.12,4052.24,4049.04,4051.305
1785795300,4051.315,4052.805,4050.725,4052.285
1785796200,4052.28,4053.58,4051.73,4052.82
1785797100,4052.815,4053.52,4051.22,4052.765
1785798000,4052.725,4055.22,4050.22,4051.53
1785798900,4051.505,4054.75,4050.72,4051.805
1785799800,4051.815,4052.9,4051.205,4052.475
1785800700,4052.435,4054.19,4051.38,4053.96
1785801600,4053.93,4069.465,4053.06,4063.715
1785802500,4063.59,4064.545,4058.17,4059.145
1785803400,4059.17,4060.835,4055.705,4056.62
1785804300,4056.645,4058.08,4048.64,4049.425
1785805200,4049.345,4050.85,4042.72,4047.025
1785806100,4047.045,4052.65,4047.045,4049.36
1785807000,4049.395,4060.375,4048.575,4059.36
1785807900,4059.375,4061.97,4056.715,4058.82
1785808800,4058.825,4061.3,4055.74,4058.365
1785809700,4058.41,4059.96,4055.88,4056.88
1785810600,4056.925,4065.235,4055.62,4061.885
1785811500,4061.865,4062.475,4058.195,4059.08
1785812400,4059,4060.8,4056.54,4058.11
1785813300,4058.15,4061.855,4057.715,4057.815
1785814200,4057.81,4058.89,4052.705,4052.94
1785815100,4052.91,4055.63,4052.25,4052.56
1785816000,4052.61,4056.97,4051.25,4056.935
1785816900,4057,4061.76,4056.055,4061.52
1785817800,4061.57,4064.37,4060.655,4062.815
1785818700,4062.82,4066.425,4062.62,4063.765
1785819600,4063.785,4064.825,4057.2,4058.075
1785820500,4058.035,4064.04,4057.48,4063.36
1785821400,4063.315,4067.835,4059.29,4062.955
1785822300,4063.005,4064.495,4058.775,4061.975
1785823200,4061.96,4066.215,4061.875,4064.34
1785824100,4064.215,4065.03,4059.55,4059.89
1785825000,4059.895,4060.195,4055.7,4060.16
1785825900,4060.18,4063.85,4058.855,4063.515
1785826800,4063.58,4065.895,4060.845,4061.07
1785827700,4061.055,4065.62,4060.94,4063.015
1785828600,4063.03,4066.79,4061.505,4062.855
1785829500,4062.86,4066.21,4062.27,4065.535
1785830400,4065.635,4072.97,4064.58,4068.165
1785831300,4068.15,4068.755,4060.44,4063.505
1785832200,4063.44,4064.59,4058.47,4059.45
1785833100,4059.39,4059.66,4054.455,4055.19
1785834000,4055.16,4055.505,4048.67,4050.835
1785834900,4050.79,4052.23,4048.74,4050.44
1785835800,4050.475,4051.395,4046.255,4050.51
1785836700,4050.46,4051.095,4047.52,4049.93
1785837600,4049.935,4049.95,4047.025,4049.145
1785838500,4049.13,4050.07,4045.62,4049.13
1785839400,4049.185,4054.25,4046.645,4052.8
1785840300,4052.765,4060.84,4052.475,4053.99
1785841200,4053.995,4058.93,4052.44,4056.89
1785842100,4056.9,4061.07,4055.565,4060.97
1785843000,4060.985,4070.405,4059.92,4069.715
1785843900,4069.675,4084.345,4067.17,4074.995
1785844800,4075.055,4076.03,4061.115,4062.185
1785845700,4062.22,4070.32,4061.165,4068.235
1785846600,4068.215,4084.56,4068.215,4078.015
1785847500,4078.115,4079.3,4069.565,4070.945
1785848400,4070.925,4071.76,4061.23,4064.015
1785849300,4063.915,4091.44,4062.5,4078.65
1785850200,4078.58,4091.83,4076.045,4083.305
1785851100,4083.29,4093.88,4081.945,4083.955
1785852000,4083.995,4091.495,4083.18,4090.265
1785852900,4090.255,4092.075,4080.75,4083.85
1785853800,4083.835,4086.785,4074.55,4079.76
1785854700,4079.75,4084.905,4077.79,4083.64
1785855600,4083.645,4085.695,4079.835,4084.145
1785856500,4084.23,4084.47,4074.735,4078.52
1785857400,4078.465,4087.36,4076.605,4084.01
1785858300,4083.96,4088.885,4082.765,4087.35
1785859200,4087.44,4088.565,4084.44,4085.155
1785860100,4085.145,4089.95,4083.195,4087.665
1785861000,4087.73,4089.425,4084.985,4089.13
1785861900,4089.12,4093.685,4088.78,4093.41
1785862800,4093.36,4106.475,4092.59,4100.105
1785863700,4100.145,4101.31,4094.32,4094.8
1785864600,4094.795,4096.27,4091.765,4095.575
1785865500,4095.495,4096.495,4086.205,4086.21
1785866400,4086.18,4089.06,4084.995,4088.795
1785867300,4088.655,4088.945,4084.53,4084.725
1785868200,4084.765,4085.905,4076.295,4076.66
1785869100,4076.65,4081.305,4075.285,4079.945
1785870000,4079.995,4084.345,4078.86,4081.76
1785870900,4081.75,4084.86,4079.465,4080.33
1785871800,4080.315,4082.58,4078.98,4081.53
1785872700,4081.49,4082.365,4076.39,4078.615
1785873600,4078.61,4080.295,4078.225,4079.05
1785874500,4078.985,4078.985,4074.69,4075.625
1785875400,4075.6,4078.645,4075.44,4077.72
1785876300,4077.7,4078.33,4076.205,4077.055
1785880800,4078.39,4078.755,4076.57,4077.035
1785881700,4076.87,4080.07,4075.755,4079.875
1785882600,4079.965,4085.87,4079.36,4084.11
1785883500,4084.105,4084.61,4075.735,4075.805
1785884400,4075.89,4077.205,4068.64,4073.73
1785885300,4073.755,4074.95,4065.33,4067.23
1785886200,4067.235,4070.27,4066.095,4069.425
1785887100,4069.485,4073.77,4069.245,4072.605
1785888000,4072.6,4074.305,4070.505,4071.885
1785888900,4071.885,4078.95,4071.495,4078.605
1785889800,4078.61,4083.18,4078.16,4078.265
1785890700,4078.33,4083.63,4077.845,4082.55
1785891600,4082.57,4087.105,4077.725,4085.895
1785892500,4085.91,4088.635,4082.785,4084.555
1785893400,4084.605,4093.22,4080.33,4093.04
1785894300,4093.115,4102.58,4092.74,4101.43
1785895200,4101.44,4102.865,4096.52,4100.085
1785896100,4100.14,4108.66,4095.42,4103.51
1785897000,4103.725,4128.965,4101.53,4128.44
1785897900,4128.445,4135.435,4124.65,4129.195
1785898800,4129.2,4136.24,4126.92,4136.04
1785899700,4136.09,4136.69,4129.89,4130.565
1785900600,4130.56,4130.935,4127.51,4128.745
1785901500,4128.75,4130.365,4127.545,4128.33
1785902400,4128.335,4141.505,4128.26,4138.495
1785903300,4138.515,4141.17,4137.895,4138.585
1785904200,4138.735,4138.775,4133.4,4134.645
1785905100,4134.625,4136.195,4132.355,4135.595
1785906000,4135.575,4138.17,4134.885,4137.265
1785906900,4137.235,4142.215,4135.41,4139.63
1785907800,4139.71,4159.405,4139.71,4157.385
1785908700,4157.365,4173.1,4157.02,4161.545
1785909600,4161.535,4174.45,4160.3,4173.3
1785910500,4173.32,4173.49,4161.31,4168.85
1785911400,4168.845,4178.565,4167.145,4175.85
1785912300,4175.845,4178.49,4172.42,4177.565
1785913200,4177.645,4179.555,4166.335,4166.41
1785914100,4166.415,4169.365,4163.09,4164.3
1785915000,4164.345,4166.88,4162.225,4166.765
1785915900,4166.77,4172.13,4164.29,4170.81
1785916800,4170.8,4172.68,4164.99,4165.595
1785917700,4165.62,4168.245,4162.18,4164.46
1785918600,4164.47,4167.24,4161.495,4166.205
1785919500,4166.225,4166.34,4159.045,4160.515
1785920400,4160.64,4167.17,4160.51,4162.955
1785921300,4162.935,4162.955,4155.275,4157.69
1785922200,4157.75,4159.2,4154.445,4158.28
1785923100,4158.275,4159.26,4153.145,4157.98
1785924000,4157.97,4158.01,4150.42,4151.19
1785924900,4151.225,4158.645,4150.28,4156.85
1785925800,4156.865,4157.895,4153.875,4155.155
1785926700,4155.225,4161.495,4154.05,4161.42
1785927600,4161.455,4171.045,4160.85,4170.995
1785928500,4170.985,4180.82,4169.48,4176.07
1785929400,4176.08,4188.59,4174.155,4184.785
1785930300,4184.815,4192.625,4182.995,4188.93
1785931200,4188.945,4199.945,4188.91,4197.675
1785932100,4197.73,4213.54,4197.675,4205.335
1785933000,4205.4,4209.035,4192.82,4194.64
1785933900,4194.655,4195.7,4183.305,4183.985
1785934800,4183.965,4197.27,4183.795,4188.075
1785935700,4188.05,4198.245,4185.77,4197.125
1785936600,4197.15,4204.76,4192.67,4197.53
1785937500,4197.545,4206.845,4189.59,4206.17
1785938400,4206.11,4234.915,4203.67,4229.655
1785939300,4229.65,4240.58,4226.68,4236.865
1785940200,4236.88,4243.705,4228.805,4243.34
1785941100,4243.43,4247.64,4233.345,4244.26
1785942000,4244.3,4261.06,4242.795,4258.195
1785942900,4258.145,4265.29,4250.275,4257.715
1785943800,4257.695,4259.835,4252.58,4255.96
1785944700,4255.94,4255.97,4232.375,4233.025
1785945600,4233.03,4236.455,4224.89,4234.48
1785946500,4234.445,4241.755,4232.84,4241.34
1785947400,4241.395,4247.075,4239.13,4244.745
1785948300,4244.785,4247.48,4238.445,4242.26
1785949200,4242.33,4244.495,4239.32,4242.15
1785950100,4242.08,4246.68,4237,4244.915
1785951000,4244.92,4250.99,4241.03,4248.355
1785951900,4248.315,4252.555,4247.575,4250.36
1785952800,4249.95,4257.615,4249.26,4253.265
1785953700,4253.275,4268.09,4253.035,4263
1785954600,4263.02,4263.86,4254.66,4259.455
1785955500,4259.46,4263.71,4258.175,4260.985
1785956400,4261,4262.27,4256.235,4258.21
1785957300,4258.245,4258.38,4250.58,4252.975
1785958200,4253.085,4254.265,4248.455,4253.25
1785959100,4253.105,4253.62,4246.405,4247.13
1785960000,4247.08,4249.695,4246.79,4249.23
1785960900,4249.35,4249.76,4245.55,4246.305
1785961800,4246.26,4249.6,4245.23,4245.545
1785962700,4245.48,4247.335,4243.06,4247.275
1785967200,4249.5,4249.715,4245.825,4247.795
1785968100,4247.79,4248.965,4246.99,4248.05
1785969000,4247.955,4250.37,4247.635,4248.345
1785969900,4248.325,4250.385,4247.82,4250.045
1785970800,4250.055,4258.37,4249.12,4256.31
1785971700,4256.26,4264.3,4256.075,4263.62
1785972600,4263.64,4282.05,4261.305,4280.73
1785973500,4280.705,4280.915,4272.155,4278.305
1785974400,4278.315,4278.315,4264.64,4270.915
1785975300,4270.995,4284.755,4270.995,4274.185
1785976200,4274.15,4291.02,4273.98,4286.375
1785977100,4286.395,4300.39,4286.22,4294.985
1785978000,4294.99,4302.74,4280.365,4284.915
1785978900,4284.92,4288.045,4272.98,4276.2
1785979800,4276.21,4297.39,4275.84,4287.68
1785980700,4287.635,4297.415,4282.945,4286.64
1785981600,4286.405,4304.31,4283.515,4295.205
1785982500,4295.22,4300.23,4291.915,4292.285
1785983400,4292.275,4292.49,4281.12,4285.91
1785984300,4285.92,4287.33,4274.93,4278.71
1785985200,4278.735,4280.95,4273.92,4274.05
1785986100,4274.035,4274.035,4260.92,4266.26
1785987000,4266.245,4267.01,4261.575,4262.9
1785987900,4262.905,4265.86,4260.48,4265.795
1785988800,4265.78,4267.27,4262.3,4263.425
1785989700,4263.44,4263.905,4253.045,4255.51
1785990600,4255.5,4261.3,4255.445,4259.25
1785991500,4259.285,4263.065,4258.265,4262.265
1785992400,4262.1,4265.44,4256.56,4259.58
1785993300,4259.605,4259.635,4253.215,4254.03
1785994200,4254.08,4266.09,4247.24,4263.745
1785995100,4263.725,4268.675,4262.21,4267.345
1785996000,4267.325,4268.64,4256.76,4260.48
1785996900,4260.485,4261.37,4254.745,4257.66
1785997800,4257.605,4258.095,4249.39,4256.85
1785998700,4256.805,4258.335,4251.18,4256.225
1785999600,4256.22,4263.89,4253.335,4263.34
1786000500,4263.375,4265.47,4258.385,4261.93
1786001400,4261.925,4262.085,4254.79,4255.025
1786002300,4255.085,4262.97,4252.6,4262.79
1786003200,4262.96,4269.49,4260.345,4269.025
1786004100,4269,4270.605,4263.73,4267.965
1786005000,4267.975,4275.08,4266.69,4273.37
1786005900,4273.415,4278.915,4270.615,4278.33
1786006800,4278.405,4283.745,4276.09,4279.96
1786007700,4280.11,4284.885,4278.665,4283.5
1786008600,4283.465,4284.385,4271.905,4271.935
1786009500,4272.005,4276.315,4271.27,4273.16
1786010400,4273.11,4273.7,4268.63,4269.655
1786011300,4269.63,4271.05,4267.3,4269.39
1786012200,4269.485,4269.885,4264.545,4265.475
1786013100,4265.525,4271.635,4264.82,4270.915
1786014000,4270.91,4273.405,4266.68,4269.125
1786014900,4269.19,4271.635,4260.355,4264.39
1786015800,4264.415,4267.09,4259.935,4260.74
1786016700,4260.76,4263.775,4254.26,4263.3
1786017600,4263.305,4265.755,4255.675,4256.405
1786018500,4256.42,4263.11,4253.315,4261.62
1786019400,4261.97,4271.115,4258.245,4266.985
1786020300,4267.055,4267.625,4249.145,4250.27
1786021200,4250.235,4255.93,4230.46,4238.605
1786022100,4238.555,4248.325,4236.01,4247.835
1786023000,4247.855,4274.29,4245.905,4270.16
1786023900,4270.13,4270.325,4262.43,4267.025
1786024800,4267.025,4275.44,4264.12,4268.26
1786025700,4268.27,4269.01,4260.255,4265.35
1786026600,4265.355,4274.945,4265.355,4273.635
1786027500,4273.63,4275.37,4262.78,4273.055
1786028400,4273.065,4274.39,4261.975,4263.885
1786029300,4263.965,4263.965,4250.725,4254.995
1786030200,4255.025,4255.73,4246.07,4251.595
1786031100,4251.645,4251.8,4229.505,4233.82
1786032000,4233.815,4243.18,4230.84,4232.97
1786032900,4232.945,4233.03,4223.505,4230.23
1786033800,4230.185,4236.225,4230.15,4233.71
1786034700,4233.715,4242.615,4231.9,4241.525
1786035600,4241.51,4244.615,4239.54,4240.945
1786036500,4240.98,4242.745,4238.545,4241.76
1786037400,4241.785,4243.58,4238.605,4242.04
1786038300,4242.095,4248.2,4240.455,4247.27
1786039200,4247.345,4249.165,4244.18,4246.92
1786040100,4246.975,4249.74,4246.195,4246.84
1786041000,4246.785,4247.93,4240.755,4241.855
1786041900,4241.86,4245.745,4240.815,4243.535
1786042800,4243.56,4251.385,4243.1,4247.57
1786043700,4247.47,4248.6,4235.245,4237.465
1786044600,4237.48,4239.79,4233.12,4234.77
1786045500,4234.76,4250.845,4234.76,4248.95
1786046400,4248.81,4250.215,4242.835,4244.555
1786047300,4244.55,4245.61,4240.005,4241.9
1786048200,4241.935,4242.5,4235.105,4235.365
1786049100,4235.155,4242.065,4234.78,4240.75
1786053600,4236.61,4239.195,4236.605,4239.195
1786054500,4239.2,4243.5,4239.12,4242.39
1786055400,4242.395,4243.445,4239.03,4239.37
1786056300,4239.36,4242.885,4238.885,4240.83
1786057200,4240.555,4245.785,4240.36,4245.37
1786058100,4245.34,4246.265,4243.19,4245.405
1786059000,4245.415,4248.84,4244.95,4246.725
1786059900,4246.735,4253.245,4245.88,4252.425
1786060800,4252.42,4253.015,4243.525,4245
1786061700,4244.98,4246.35,4239.255,4244.025
1786062600,4244.02,4244.03,4230.395,4234.89
1786063500,4234.87,4237.06,4229.875,4232.9
1786064400,4232.925,4246.87,4231.59,4244.34
1786065300,4244.405,4250.32,4240.245,4243.48
1786066200,4243.485,4258.905,4239.335,4256.905
1786067100,4256.9,4259.365,4251.965,4256.97
1786068000,4256.955,4261.785,4256.245,4258.8
1786068900,4258.79,4261.355,4257.56,4260.92
1786069800,4261,4261.73,4249.805,4249.805
1786070700,4249.81,4256.185,4247.21,4250.36
1786071600,4250.39,4259.505,4249.57,4254.82
1786072500,4254.75,4258.885,4251.935,4258.775
1786073400,4258.765,4261.4,4257.725,4260.8
1786074300,4260.785,4266.545,4259.285,4266.265
1786075200,4266.245,4269.215,4262.24,4266.125
1786076100,4266.12,4268.455,4261.945,4265.11
1786077000,4264.99,4268.635,4260.81,4264.055
1786077900,4264.09,4267.385,4262.385,4265.045
1786078800,4264.995,4271.55,4262.1,4269.31
1786079700,4269.28,4270.78,4264.795,4266.76
1786080600,4266.8,4277.545,4266.09,4271.56
1786081500,4271.545,4280.635,4271.545,4278.815
1786082400,4278.875,4291.52,4278.535,4286.775
1786083300,4286.755,4291.49,4283.26,4283.435
1786084200,4283.445,4294.93,4280.24,4292.2
1786085100,4292.205,4298.945,4288.915,4297.275
1786086000,4297.3,4298.095,4290.365,4291.31
1786086900,4291.325,4292.84,4284.72,4285.475
1786087800,4285.47,4288.88,4283.92,4285.295
1786088700,4285.245,4291.325,4282.99,4290.18
1786089600,4290.17,4300.605,4289.13,4299.805
1786090500,4299.81,4300.805,4293.435,4295.12
1786091400,4295.155,4316.735,4294.14,4309.25
1786092300,4309.36,4311.67,4303.34,4306.245
1786093200,4306.25,4307.455,4304.655,4306.065
1786094100,4306.055,4311.1,4304.855,4306.96
1786095000,4307.005,4318.48,4302.29,4317.525
1786095900,4317.605,4320.865,4314.425,4316.08
1786096800,4316.075,4319.385,4308.09,4308.29
1786097700,4308.28,4314.48,4308.205,4313.785
1786098600,4313.815,4318.315,4313.2,4316.875
1786099500,4316.885,4320.695,4316.46,4316.97
1786100400,4316.965,4326.405,4316.9,4320.39
1786101300,4320.385,4327.405,4317.29,4325.07
1786102200,4325.14,4327.745,4320.825,4322.885
1786103100,4322.805,4327.025,4320.87,4321.245
1786104000,4321.24,4325.55,4314.975,4315.16
1786104900,4315.14,4317.44,4301.015,4309.88
1786105800,4309.94,4370.8,4309.905,4367.055
1786106700,4367.1,4371.84,4355.655,4361.425
1786107600,4361.415,4364.365,4346.125,4347.99
1786108500,4348.005,4358.115,4338.98,4356.4
1786109400,4356.395,4368.01,4350.8,4358.55
1786110300,4358.545,4360.035,4342.37,4348.255
1786111200,4348.265,4349.065,4327.455,4334.595
1786112100,4334.6,4353.025,4330.515,4348.865
1786113000,4348.875,4350.68,4342.22,4344.185
1786113900,4344.235,4349.015,4340.335,4341.605
1786114800,4341.615,4356.08,4340.385,4355.53
1786115700,4355.53,4358.545,4351.22,4351.495
1786116600,4351.51,4353.985,4347.235,4349.6
1786117500,4349.64,4351.865,4339.895,4341.13
1786118400,4341.185,4349.72,4338.735,4347.46
1786119300,4347.45,4349.745,4334.42,4337.655
1786120200,4337.645,4342.13,4332.74,4338.735
1786121100,4338.73,4342.31,4329.28,4329.305
1786122000,4329.3,4338.585,4327.865,4335.75
1786122900,4335.675,4342.255,4333.905,4339.735
1786123800,4339.71,4340.205,4329.845,4336.275
1786124700,4336.27,4343.15,4335.035,4340.275
1786125600,4340.325,4343.03,4334.905,4335.06
1786126500,4335.08,4338.035,4332.255,4334.535
1786127400,4334.565,4339.08,4333.43,4334.355
1786128300,4334.315,4337.6,4333.22,4335.695
1786129200,4335.7,4345.795,4335.565,4343.57
1786130100,4343.585,4350.41,4342.995,4348.63
1786131000,4348.6,4348.875,4344.355,4347.96
1786131900,4347.95,4349.535,4340.09,4344.08
1786132800,4344.12,4345.38,4338.14,4342.54
1786133700,4342.525,4343.035,4337.21,4337.855
1786134600,4337.82,4342.38,4336.015,4341.525
1786135500,4341.39,4343.46,4339.085,4341.935
1786312800,4340.28,4346.235,4334.605,4343.645
1786313700,4343.6,4344.755,4338.425,4343.76
1786314600,4343.765,4345.265,4340.085,4340.33
1786315500,4340.315,4344.11,4340.06,4341.59
1786316400,4341.605,4347.68,4341.15,4346.45
1786317300,4346.465,4349.11,4344.12,4346.385
1786318200,4346.31,4347.375,4340.175,4342.35
1786319100,4342.365,4343.55,4332.32,4333.115
1786320000,4333.075,4347.215,4332.81,4344.4
1786320900,4344.51,4345.955,4337.36,4337.78
1786321800,4337.7,4339.43,4333.74,4334.47
1786322700,4334.5,4337.515,4330.84,4332.21
1786323600,4332.27,4340.655,4322.055,4322.975
1786324500,4322.965,4328.3,4316.47,4316.515
1786325400,4316.48,4321.24,4313.43,4317.465
1786326300,4317.455,4324.27,4316.1,4322.67
1786327200,4322.695,4325.935,4318.79,4324.68
1786328100,4324.685,4332.405,4323.595,4330.94
1786329000,4330.93,4332.345,4323.28,4326.51
1786329900,4326.58,4327.325,4318.81,4319.735
1786330800,4319.72,4321.395,4317.805,4320.165
1786331700,4320.18,4328.445,4319.695,4327.355
1786332600,4327.34,4330.025,4324.9,4325.28
1786333500,4325.23,4328.04,4324.2,4326.735
1786334400,4326.79,4332.86,4323.21,4332.45
1786335300,4332.49,4337.745,4330.895,4334.875
1786336200,4334.825,4336.325,4329.99,4332.41
1786337100,4332.405,4339.64,4332.145,4339.535
1786338000,4339.475,4339.85,4333.485,4335.07
1786338900,4335.095,4336.53,4332.88,4333.97
1786339800,4333.925,4344.425,4331.74,4343.73
1786340700,4343.725,4352.41,4340.75,4347.405
1786341600,4347.475,4350.295,4341.97,4347.34
1786342500,4347.31,4349.81,4342.705,4348.43
1786343400,4348.42,4356.1,4346.12,4355.37
1786344300,4355.375,4359.935,4355.185,4358.31
1786345200,4358.22,4358.965,4350.23,4351.29
1786346100,4351.295,4359.03,4350.645,4355.145
1786347000,4355.095,4360.1,4352.61,4359.475
1786347900,4359.46,4362.06,4354.775,4355.46
1786348800,4355.445,4356.465,4351.645,4354.635
1786349700,4354.7,4356.44,4352.37,4355.715
1786350600,4355.675,4356.76,4345.8,4346.315
1786351500,4346.31,4349.13,4343.905,4346.65
1786352400,4346.715,4350.07,4345.75,4349.835
1786353300,4349.845,4349.92,4344.8,4346.985
1786354200,4346.945,4346.945,4340.395,4344.275
1786355100,4344.16,4345.44,4340.915,4341.29
1786356000,4341.34,4341.635,4339.295,4340.735
1786356900,4340.715,4344.275,4339.41,4343.66
1786357800,4343.665,4344.18,4337.805,4337.94
1786358700,4337.91,4340.68,4335.45,4335.75
1786359600,4335.78,4336.825,4329.43,4331.655
1786360500,4331.45,4336.45,4329.045,4334.7
1786361400,4334.69,4339.535,4334.595,4337.4
1786362300,4337.45,4338.02,4332.12,4335.12
1786363200,4335.095,4337.635,4331.215,4331.925
1786364100,4331.98,4332.735,4324.125,4327.82
1786365000,4327.745,4332.71,4326.43,4329.22
1786365900,4329.225,4335.68,4328.815,4332.625
1786366800,4332.66,4337.935,4326.045,4337.345
1786367700,4337.355,4337.715,4329.08,4335.115
1786368600,4335.19,4340.165,4330.105,4331.035
1786369500,4331.04,4332.08,4316.675,4317.985
1786370400,4317.98,4331.13,4317.965,4330.195
1786371300,4330.205,4348.185,4328.565,4345.62
1786372200,4345.645,4352.04,4344.725,4349.48
1786373100,4349.49,4350.715,4342.655,4345.435
1786374000,4345.6,4352.09,4343.325,4346.985
1786374900,4346.97,4352.435,4345.905,4349.245
1786375800,4349.26,4351.945,4347.895,4350.315
1786376700,4350.295,4359.545,4348.645,4358.51
1786377600,4358.53,4364.8,4356.835,4361.425
1786378500,4361.44,4364.59,4360.93,4362.695
1786379400,4362.7,4363.005,4349.19,4351.785
1786380300,4351.835,4357.025,4351.705,4356.845
1786381200,4356.855,4358.28,4351.75,4357.115
1786382100,4356.99,4361.27,4356.455,4361.14
1786383000,4361.085,4365.315,4359.565,4360.38
1786383900,4360.375,4361.3,4357.655,4360.23
1786384800,4360.3,4365.315,4359.84,4363.195
1786385700,4363.22,4367.22,4361.505,4365.9
1786386600,4365.935,4383.05,4365.17,4379.72
1786387500,4379.745,4379.875,4373.46,4378.49
1786388400,4378.495,4382.96,4378.495,4382.115
1786389300,4382.12,4391.665,4381.37,4390.81
1786390200,4390.845,4394.115,4384.42,4388.265
1786391100,4388.275,4395.385,4387.36,4388.555
1786392000,4388.55,4390.75,4386.005,4389.275
1786392900,4389.31,4392.06,4386.63,4391.09
1786393800,4391.1,4392.135,4389.95,4389.95
1786394700,4389.92,4390.77,4388.765,4390.235
1786399200,4389.775,4392.95,4389.34,4391.37
1786400100,4391.35,4393.58,4390.925,4392.09
1786401000,4392.14,4396.225,4392.085,4395.36
1786401900,4395.355,4401.065,4395.3,4399.895
1786402800,4399.935,4402.25,4395.77,4397.46
1786403700,4397.425,4397.485,4394.7,4395.47
1786404600,4395.465,4398.97,4395.305,4398.79
1786405500,4398.775,4402.715,4396.465,4402.355
1786406400,4402.41,4409.125,4396.44,4405.695
1786407300,4405.67,4416.36,4404.735,4414.08
1786408200,4414.1,4414.285,4407.615,4414.265
1786409100,4414.28,4419.335,4408.435,4409.495
1786410000,4409.49,4415.435,4393.78,4414.77
1786410900,4414.78,4420.38,4412.845,4419.425
1786411800,4419.43,4422.365,4415.185,4415.305
1786412700,4415.425,4434.265,4414.7,4429.815
1786413600,4429.705,4434.59,4421.79,4433.995
1786414500,4434.02,4435.245,4426.205,4428.63
1786415400,4428.635,4429.305,4414.02,4418.615
1786416300,4418.63,4419.2,4408.09,4410.975
1786417200,4410.96,4415.46,4409.835,4413.57
1786418100,4413.61,4420.86,4413.005,4420.48
1786419000,4420.38,4421.675,4415.7,4416.135
1786419900,4416.13,4419,4414.225,4416.9
1786420800,4416.895,4419.685,4412.19,4414.03
1786421700,4414.045,4415.865,4409.975,4415.39
1786422600,4415.385,4420.5,4408.345,4410.22
1786423500,4410.225,4411.595,4403.49,4409.005
1786424400,4408.995,4409.15,4399.345,4402.26
1786425300,4402.16,4402.265,4390.875,4392.42
1786426200,4392.05,4392.235,4372.695,4377.28
1786427100,4377.295,4378.34,4367.52,4375.47
1786428000,4375.47,4382.7,4371.83,4372.885
1786428900,4372.875,4376.235,4362.09,4363.58
1786429800,4363.59,4369.45,4359.865,4363.67
1786430700,4363.815,4367.68,4359.675,4366.315
1786431600,4366.335,4367.97,4361.29,4363.28
1786432500,4363.275,4366.015,4357.51,4363.045
1786433400,4363.115,4364.89,4356.845,4358.725
1786434300,4358.825,4361.635,4356.7,4357.655
1786435200,4357.635,4366.755,4357,4365.175
1786436100,4365.18,4369.91,4359.14,4369.38
1786437000,4369.265,4376.075,4368.89,4374.91
1786437900,4374.935,4376.765,4369.27,4369.29
1786438800,4369.245,4373.175,4367.675,4372.61
1786439700,4372.62,4375.655,4370.795,4372.045
1786440600,4372.02,4375.16,4370.17,4370.58
1786441500,4370.585,4374.845,4370.51,4372.505
1786442400,4372.57,4376.18,4371.37,4373.265
1786443300,4373.38,4381.955,4372.425,4378.46
1786444200,4378.425,4381.05,4377.025,4377.835
1786445100,4377.81,4382.77,4377.72,4382.56
1786446000,4382.485,4393.11,4380.565,4391.62
1786446900,4391.725,4392.56,4385.29,4387.48
1786447800,4387.51,4388.27,4383.19,4386.24
1786448700,4386.215,4390.055,4384.995,4387.8
1786449600,4387.8,4397.63,4383.875,4397.025
1786450500,4397.07,4399.8,4387.645,4391.36
1786451400,4391.425,4398.73,4388.905,4398.725
1786452300,4398.74,4400.185,4392.19,4392.53
1786453200,4392.52,4400.98,4391.965,4393.84
1786454100,4393.835,4400.875,4389.63,4397.91
1786455000,4397.92,4401.84,4388.99,4399.78
1786455900,4399.915,4404.29,4384.645,4389.5
1786456800,4389.35,4390.11,4381.29,4387.005
1786457700,4386.985,4390.265,4381.645,4384
1786458600,4384.055,4395.32,4384.055,4393.5
1786459500,4393.525,4397.99,4391.87,4394.125
1786460400,4394.175,4398.83,4389.285,4392.365
1786461300,4392.37,4392.37,4382.02,4386.87
1786462200,4386.895,4387.1,4369.15,4375.925
1786463100,4375.915,4383.95,4375.035,4383.905
1786464000,4383.92,4384.95,4378.765,4379.535
1786464900,4379.64,4383.49,4378.52,4383.105
1786465800,4383.1,4385.9,4379.335,4384.81
1786466700,4384.815,4385.62,4381.115,4383.46
1786467600,4383.5,4385.765,4381.165,4381.165
1786468500,4381.245,4384.51,4379.035,4381.485
1786469400,4381.565,4382.095,4374.39,4376.32
1786470300,4376.285,4377.72,4368.935,4369.19
1786471200,4369.225,4369.405,4360.295,4363.825
1786472100,4363.765,4367.39,4360.495,4361.415
1786473000,4361.4,4371.785,4361.225,4371.09
1786473900,4371.1,4372.69,4370.115,4371.59
1786474800,4371.655,4372.29,4363.5,4363.945
1786475700,4363.95,4370.995,4361.265,4370.465
1786476600,4370.47,4374.28,4366.48,4367.645
1786477500,4367.685,4373.41,4366.325,4370.745
1786478400,4370.78,4371.225,4368.56,4370.42
1786479300,4370.445,4371.115,4367.75,4370.2
1786480200,4370.27,4370.47,4367.48,4367.525
1786481100,4367.47,4368.925,4367.18,4368.245
1786485600,4372.355,4375.49,4372.115,4373.995
1786486500,4374.035,4377.215,4373.46,4376.72
1786487400,4376.71,4378.145,4374.88,4376.35
1786488300,4376.38,4378.52,4367.28,4369.2
1786489200,4369.19,4369.895,4362.655,4366.58
1786490100,4366.425,4374.77,4365.265,4373.06
1786491000,4373.01,4373.055,4366.76,4367.975
1786491900,4367.995,4372.075,4367.995,4371.645
1786492800,4371.65,4379.495,4366.54,4378.17
1786493700,4378.105,4381.205,4374.25,4380.675
1786494600,4380.66,4383.8,4379.32,4382.955
1786495500,4382.94,4383.28,4377.595,4380.5
1786496400,4380.585,4390.775,4378.445,4390.405
1786497300,4390.54,4394.165,4386.73,4390.65
1786498200,4390.63,4393.315,4385.225,4393.15
1786499100,4393.18,4397.42,4391.22,4396.5
1786500000,4396.505,4404.7,4394.21,4401.84
1786500900,4401.825,4403.82,4399.54,4402.105
1786501800,4402.11,4408.315,4397.655,4405.46
1786502700,4405.45,4414.5,4405.235,4411.32
1786503600,4411.355,4416.25,4408.585,4410.895
1786504500,4410.85,4410.9,4404.53,4407.41
1786505400,4407.34,4408.675,4401.285,4401.375
1786506300,4401.38,4403.955,4401.065,4402.36
1786507200,4402.365,4403.425,4396.7,4397.54
1786508100,4397.53,4399.53,4395.61,4399.175
1786509000,4399.18,4400.295,4395.44,4400.26
1786509900,4400.27,4402.44,4399.25,4401.175
1786510800,4401.125,4404.88,4400.32,4401.03
1786511700,4401.02,4401.085,4392.58,4392.79
1786512600,4392.555,4397.21,4388.095,4388.105
1786513500,4388.09,4394.16,4384.02,4391.025
1786514400,4391.01,4393.1,4385.235,4387.26
1786515300,4387.235,4390.585,4385.85,4389.875
1786516200,4389.865,4397.485,4388.54,4394.67
1786517100,4394.68,4406.445,4394.675,4403.545
1786518000,4403.535,4406.165,4400.985,4401.585
1786518900,4401.61,4402.895,4398.345,4402.555
1786519800,4402.535,4408.54,4401.555,4407.85
1786520700,4407.845,4410.145,4404.87,4406.355
1786521600,4406.355,4410.545,4405.995,4408.675
1786522500,4408.605,4409.525,4405.745,4407.115
1786523400,4407.105,4407.675,4404.56,4406.24
1786524300,4406.23,4406.235,4401.8,4401.895
1786525200,4401.95,4413.215,4401.925,4413.045
1786526100,4413.13,4424.46,4412.58,4413.315
1786527000,4413.215,4417.24,4412.06,4413.795
1786527900,4413.86,4416.785,4410.945,4416.055
1786528800,4416.09,4419.36,4414.68,4417.905
1786529700,4417.975,4421.025,4417.5,4419.795
1786530600,4419.63,4420.035,4412.89,4414.835
1786531500,4414.745,4415.8,4407.575,4412.88
1786532400,4412.885,4415.415,4407.995,4408.1
1786533300,4408.15,4416.805,4408.085,4415.105
1786534200,4415.06,4415.925,4410.305,4413.305
1786535100,4413.285,4415.635,4412.73,4412.935
1786536000,4412.955,4413.235,4406.485,4408.87
1786536900,4408.745,4427.625,4404.855,4427.49
1786537800,4427.57,4438.305,4382.485,4428.425
1786538700,4428.405,4438.115,4416.75,4437.37
1786539600,4437.37,4441.315,4420.835,4421.95
1786540500,4422.015,4429.1,4414.595,4418.575
1786541400,4418.585,4421.08,4408.65,4416.57
1786542300,4416.565,4434.035,4415.465,4427.53
1786543200,4427.535,4434.87,4421.08,4431.84
1786544100,4431.835,4439.75,4429.975,4431.63
1786545000,4431.64,4436.255,4416.545,4425.13
1786545900,4425.16,4432.525,4416.62,4422.16
1786546800,4422.245,4430.14,4415.045,4426.645
1786547700,4426.67,4428.17,4419.76,4421.69
1786548600,4421.71,4425.565,4416.945,4418.185
1786549500,4418.18,4422.52,4411.145,4421.17
1786550400,4421.145,4425.85,4416.84,4423.56
1786551300,4423.54,4426.57,4422.44,4423.25
1786552200,4423.23,4423.92,4409.435,4411.08
1786553100,4411.07,4411.43,4396.575,4401.68
1786554000,4401.685,4407.705,4400.05,4403.815
1786554900,4403.82,4409.885,4402.14,4406.655
1786555800,4406.72,4411.575,4401.435,4402.05
1786556700,4402.055,4405.68,4399.135,4399.62
1786557600,4399.625,4406.77,4396.575,4405.92
1786558500,4405.99,4411.33,4404.73,4408.655
1786559400,4408.64,4413.84,4408.06,4413.775
1786560300,4413.745,4418.005,4412.905,4413.165
1786561200,4413.185,4418.475,4412.97,4416.49
1786562100,4416.45,4418.115,4415.79,4416.865
1786563000,4416.895,4416.925,4411.435,4413.335
1786563900,4413.285,4414.23,4408.335,4414.08
1786564800,4413.99,4414.37,4408.83,4409.08
1786565700,4409.095,4410.02,4406.725,4407.925
1786566600,4407.885,4408.895,4406.88,4408.05
1786567500,4408.13,4409.035,4406.755,4408.525
1786572000,4405.785,4405.8,4402.565,4403.27
1786572900,4403.235,4403.29,4398.43,4399.485
1786573800,4399.48,4402.01,4398.865,4400.11
1786574700,4400.29,4403.135,4399.885,4401.835
1786575600,4401.925,4406.105,4401.875,4405.74
1786576500,4405.755,4410.03,4405.705,4408.425
1786577400,4408.46,4410.54,4407.285,4408.655
1786578300,4408.745,4414.62,4408.03,4414.515
1786579200,4414.565,4422.37,4413.06,4419.26
1786580100,4419.395,4437.545,4419.36,4428.43
1786581000,4428.37,4449.83,4424.6,4440.225
1786581900,4440.205,4440.335,4424.175,4427.76
1786582800,4427.71,4435.44,4422.835,4430.035
1786583700,4430.075,4435.35,4419.105,4419.425
1786584600,4419.395,4430.34,4417.865,4419.335
1786585500,4419.28,4419.28,4406.33,4408.55
1786586400,4408.5,4414.245,4405.56,4410.875
1786587300,4410.86,4412.62,4405.87,4406.68
1786588200,4406.58,4410.285,4399.135,4410.285
1786589100,4410.29,4410.74,4405.56,4407.215
1786590000,4407.145,4412.29,4404.04,4407.11
1786590900,4407.095,4410.275,4405.51,4409.26
1786591800,4409.34,4410.56,4405.525,4406.015
1786592700,4406,4407.68,4398.78,4400.3
1786593600,4400.235,4400.525,4391.615,4394.59
1786594500,4394.595,4399.265,4392.56,4398.23
1786595400,4398.275,4399.59,4395.2,4395.945
1786596300,4395.9,4398.95,4395.325,4397.825
1786597200,4397.85,4404.735,4393.075,4404.61
1786598100,4404.63,4407.31,4400.795,4406.31
1786599000,4406.48,4407.12,4386.39,4387.745
1786599900,4387.67,4389.515,4380.63,4383.06
1786600800,4383.12,4385.68,4375.1,4375.97
1786601700,4375.975,4378.855,4374.28,4376.12
1786602600,4375.955,4378.64,4369.035,4374.3
1786603500,4374.285,4381.69,4374.18,4381.06
1786604400,4380.955,4381.84,4375.095,4376.965
1786605300,4377.03,4377.805,4373.77,4376.59
1786606200,4376.575,4378.79,4372.24,4378.66
1786607100,4378.655,4378.87,4369.405,4369.93
1786608000,4369.935,4370.715,4364.17,4366.165
1786608900,4366.075,4373.665,4365.005,4372.915
1786609800,4372.925,4375.895,4372.07,4373.735
1786610700,4373.755,4379.355,4373.515,4376.025
1786611600,4375.995,4378.48,4372.605,4376.965
1786612500,4376.935,4382.315,4376.34,4379.88
1786613400,4379.865,4381.755,4378.8,4380.045
1786614300,4379.96,4384.92,4378.505,4384.635
1786615200,4384.66,4385.43,4381.51,4381.63
1786616100,4381.64,4387.67,4381.64,4387.195
1786617000,4387.135,4390.61,4384.57,4390.555
1786617900,4390.585,4393.86,4388.25,4392.245
1786618800,4392.215,4394.49,4388.47,4394.38
1786619700,4394.395,4396.715,4388.14,4388.165
1786620600,4388.255,4390.02,4383.83,4384.07
1786621500,4383.975,4388.24,4382.99,4387.865
1786622400,4387.8,4391.775,4385.81,4389.16
1786623300,4389.19,4392.99,4384.165,4391.145
1786624200,4391.135,4401.47,4380.88,4392.085
1786625100,4392.14,4401.9,4391.69,4401.82
1786626000,4401.745,4402.215,4391.12,4394.07
1786626900,4394.085,4395.445,4383.98,4385.185
1786627800,4385.22,4389.92,4375.43,4379.425
1786628700,4379.435,4383.06,4370.84,4373.045
1786629600,4373.055,4378.965,4366.76,4371.035
1786630500,4371.06,4378.21,4367.765,4367.875
1786631400,4367.795,4381.89,4357.395,4381.29
1786632300,4381.365,4387.19,4381.105,4383.705
1786633200,4383.725,4385.73,4368.415,4369.835
1786634100,4369.77,4374.135,4363.695,4365.385
1786635000,4365.39,4371.625,4357.755,4368.425
1786635900,4368.455,4370.885,4363.38,4365.145
1786636800,4365.13,4367.515,4354.13,4355.27
1786637700,4355.33,4362.89,4351.355,4362.59
1786638600,4362.575,4367.245,4362.57,4365.74
1786639500,4365.77,4368.5,4364.125,4367
1786640400,4367.055,4373.435,4365.05,4371.535
1786641300,4371.595,4371.935,4362.48,4363.23
1786642200,4363.255,4364.485,4355.81,4357.315
1786643100,4357.345,4360.18,4355.835,4356.06
1786644000,4356.05,4362.875,4355.925,4361.985
1786644900,4361.99,4363.73,4354.935,4357.67
1786645800,4357.63,4360.635,4356.435,4358.04
1786646700,4358.035,4358.37,4354.75,4357.045
1786647600,4357.125,4358.97,4346.24,4346.8
1786648500,4346.785,4351.79,4343.65,4351.745
1786649400,4351.685,4354.31,4349.76,4351.445
1786650300,4351.465,4351.545,4347.685,4350.255
1786651200,4350.235,4350.7,4346.985,4350.45
1786652100,4350.495,4352.28,4349.34,4351.775
1786653000,4351.77,4351.895,4348.13,4349.64
1786653900,4349.535,4351.27,4348.78,4351.27
1786658400,4353.405,4357.09,4353.09,4354.325
1786659300,4354.35,4358.005,4353.015,4357.37
1786660200,4357.335,4362.945,4355.965,4360.54
1786661100,4360.545,4361.26,4353.415,4354.91
1786662000,4354.92,4360.765,4349.315,4360.755
1786662900,4360.75,4363.22,4356.985,4363.185
1786663800,4363.17,4363.69,4358.715,4360.465
1786664700,4360.545,4364.45,4356.475,4356.475
1786665600,4356.46,4362.045,4350.595,4352.22
1786666500,4352.315,4352.33,4339.48,4339.515
1786667400,4339.515,4347.005,4334.61,4339.86
1786668300,4339.835,4342.93,4329.42,4341.095
1786669200,4341.085,4341.325,4322.14,4324.275
1786670100,4324.34,4326.11,4315.01,4319.715
1786671000,4319.81,4321.63,4313,4319.72
1786671900,4319.7,4323.43,4312.22,4318.255
1786672800,4318.26,4322.94,4311.27,4312.54
1786673700,4312.545,4318.415,4312.52,4313.135
1786674600,4313.07,4322.635,4311.645,4321.25
1786675500,4321.175,4322.08,4312.93,4315.84
1786676400,4315.76,4323.88,4313.835,4320.17
1786677300,4320.22,4326.295,4319.915,4325.825
1786678200,4325.775,4328.465,4325.125,4325.76
1786679100,4325.77,4326.92,4323.61,4323.66
1786680000,4323.67,4327.44,4322.855,4326.095
1786680900,4326.08,4328.225,4325.21,4325.27
1786681800,4325.295,4326.625,4323.48,4325.355
1786682700,4325.295,4327.02,4323.89,4327.015
1786683600,4327.055,4327.135,4319.47,4320.37
1786684500,4320.375,4320.6,4317.215,4318.48
1786685400,4318.405,4325.03,4311.04,4317.82
1786686300,4317.875,4333.67,4317.595,4333.67
1786687200,4333.62,4336.82,4329.63,4332.57
1786688100,4332.55,4333.685,4328.365,4329.26
1786689000,4329.27,4333.225,4328.05,4333.225
1786689900,4333.235,4335.95,4332.78,4335.785
1786690800,4335.76,4337.51,4331.245,4331.31
1786691700,4331.39,4336.66,4329.81,4332.04
1786692600,4332.06,4340.31,4331.61,4339.835
1786693500,4339.72,4345.385,4339.435,4343.83
1786694400,4343.855,4348.13,4341.935,4347.8
1786695300,4347.76,4349.345,4343.57,4345.735
1786696200,4345.785,4349.375,4343.64,4343.77
1786697100,4343.785,4349.845,4342.88,4348.605
1786698000,4348.555,4350.985,4346.14,4350.845
1786698900,4350.91,4354.3,4348.855,4351.77
1786699800,4351.8,4354.54,4350.065,4353.545
1786700700,4353.55,4357.525,4352.755,4357.17
1786701600,4357.175,4358.76,4354.065,4354.575
1786702500,4354.67,4355.415,4350.16,4351.395
1786703400,4351.55,4352.035,4348.31,4352.025
1786704300,4351.98,4353.675,4348.095,4349.425
1786705200,4349.47,4351.735,4348.63,4350.64
1786706100,4350.65,4357.105,4350.65,4356.755
1786707000,4356.76,4363.52,4356.505,4362.44
1786707900,4362.445,4369.46,4361.095,4369.195
1786708800,4369.19,4376.83,4365.79,4371.85
1786709700,4371.915,4380.745,4369.76,4379.9
1786710600,4379.87,4386.965,4372.16,4372.91
1786711500,4373,4377.885,4370.96,4373.725
1786712400,4373.785,4381.02,4370.32,4375.07
1786713300,4375.085,4386.66,4375.085,4384.68
1786714200,4384.745,4397.06,4383.83,4393.895
1786715100,4393.88,4394.735,4382.99,4384.68
1786716000,4384.62,4393.215,4384.275,4390.585
1786716900,4390.565,4394.745,4385.25,4390.72
1786717800,4390.705,4391.665,4381.585,4384.395
1786718700,4384.41,4384.645,4378.885,4381.445
1786719600,4381.47,4394.205,4381.15,4392.17
1786720500,4392.175,4393.92,4379.075,4384.95
1786721400,4384.955,4390.035,4384.04,4389.615
1786722300,4389.62,4394.785,4389.435,4391.695
1786723200,4391.7,4396.845,4388.88,4389.79
1786724100,4389.77,4393.075,4387.025,4387.635
1786725000,4387.61,4389.12,4380.415,4385.92
1786725900,4385.93,4387.57,4384.91,4386.015
1786726800,4386.105,4386.53,4380.415,4382.39
1786727700,4382.4,4384.81,4379.365,4379.54
1786728600,4379.41,4382.835,4377.19,4377.825
1786729500,4377.81,4379.16,4376.47,4378.59
1786730400,4378.585,4381.8,4376.585,4377.46
1786731300,4377.44,4380.56,4377.09,4379.42
1786732200,4379.48,4382.84,4376.37,4376.54
1786733100,4376.565,4377.01,4371.005,4373.6
1786734000,4373.525,4377.285,4372.115,4376.035
1786734900,4375.985,4377.98,4374.655,4377.395
1786735800,4377.365,4378.31,4375.685,4375.685
1786736700,4375.7,4379.99,4373.55,4376.23
1786737600,4376.22,4376.22,4371.495,4372.81
1786738500,4372.845,4374.97,4372.54,4374.86
1786739400,4374.8,4377.005,4373.815,4375.72
1786740300,4375.67,4376.875,4375.005,4376.82
1786917600,4372.68,4378.94,4372.31,4375.865
1786918500,4375.83,4376.11,4372.795,4374.655
1786919400,4374.68,4379.185,4374.68,4378.055
1786920300,4378.045,4386.86,4377.945,4386.04
1786921200,4386,4386.345,4379.59,4379.865
1786922100,4379.835,4381.045,4372.685,4374.87
1786923000,4374.92,4375.425,4367.29,4368.445
1786923900,4368.44,4373.955,4368.32,4370.235
1786924800,4370.315,4379.6,4368.1,4378.92
1786925700,4378.91,4391.08,4378.6,4389.89
1786926600,4389.87,4397.84,4387.61,4396.1
1786927500,4396.07,4402.015,4394.55,4401.005
1786928400,4400.995,4411.915,4399.135,4409.215
1786929300,4409.22,4416.55,4406.165,4407.265
1786930200,4407.32,4408.18,4397.52,4403.535
1786931100,4403.52,4403.925,4392.055,4395.755
1786932000,4395.75,4398.315,4392.63,4394.42
1786932900,4394.405,4397.7,4389.87,4395.48
1786933800,4395.525,4398.225,4389.755,4393.05
1786934700,4393.04,4393.545,4388.455,4393.255
1786935600,4393.25,4394.885,4388.7,4390.405
1786936500,4390.49,4393.7,4388.285,4393.08
1786937400,4393.125,4397.215,4391.15,4395.195
1786938300,4395.185,4397.69,4392.955,4397.045
1786939200,4397.035,4399.635,4396.43,4398.445
1786940100,4398.495,4398.945,4390.235,4391.045
1786941000,4391.055,4396.7,4389.015,4395.695
1786941900,4395.815,4397.935,4389.885,4390.86
1786942800,4390.78,4393.355,4386.98,4387.7
1786943700,4387.7,4399.53,4386.94,4399.485
1786944600,4399.455,4401.475,4392.125,4395.665
1786945500,4395.715,4397.62,4392.345,4394.86
1786946400,4394.855,4398.3,4392.935,4396.985
1786947300,4396.985,4400.22,4392.815,4398.555
1786948200,4398.48,4398.785,4393.66,4396.31
1786949100,4396.315,4404.71,4396.315,4403.17
1786950000,4403.085,4404.14,4396.08,4396.45
1786950900,4396.49,4405.295,4396.215,4405.055
1786951800,4405.12,4411.32,4404.66,4409.34
1786952700,4409.39,4410.01,4403.5,4405.19
1786953600,4405.195,4405.195,4397.575,4403
1786954500,4402.965,4403.975,4400.575,4401.88
1786955400,4401.915,4402.255,4396.125,4396.465
1786956300,4396.45,4397.065,4392.69,4395.18
1786957200,4395.19,4400.625,4393.43,4399.155
1786958100,4399.19,4399.96,4395.71,4396.99
1786959000,4397.005,4397.62,4393.535,4394.215
1786959900,4394.23,4395.925,4392.55,4395.62
1786960800,4395.655,4396.46,4393.255,4396.02
1786961700,4395.97,4405.6,4392.03,4405.145
1786962600,4405.06,4405.97,4395.355,4398.27
1786963500,4398.285,4399.675,4396.4,4399.08
1786964400,4399.115,4404.14,4397.97,4399.78
1786965300,4399.875,4404.7,4397.14,4403.53
1786966200,4403.65,4404.98,4399.115,4399.54
1786967100,4399.555,4400.7,4395.46,4396.75
1786968000,4396.755,4397.65,4391.7,4393.92
1786968900,4394,4398.82,4381.995,4385.985
1786969800,4385.755,4390.47,4378.45,4378.45
1786970700,4378.455,4386.555,4377.355,4384.935
1786971600,4385.015,4389.645,4381.94,4386.425
1786972500,4386.49,4389.03,4382.38,4386.28
1786973400,4386.27,4392.105,4384.88,4385.79
1786974300,4385.81,4416.31,4384.68,4408.645
1786975200,4408.695,4412.845,4403.805,4412.36
1786976100,4412.355,4427.6,4411.905,4418.2
1786977000,4418.235,4424.71,4416.545,4417.415
1786977900,4417.49,4421.16,4413.97,4417.48
1786978800,4417.485,4422.39,4415.335,4421.29
1786979700,4421.295,4426.08,4419.59,4425.635
1786980600,4425.7,4426.595,4419.01,4419.44
1786981500,4419.405,4427.85,4417.835,4427.615
1786982400,4427.63,4428.89,4423.985,4426.045
1786983300,4426.085,4427.75,4423.05,4424.9
1786984200,4424.95,4427.13,4422.78,4424.705
1786985100,4424.685,4425.665,4422.675,4424.245
1786986000,4424.255,4426.23,4421.245,4422.915
1786986900,4422.95,4423.26,4413.45,4416.76
1786987800,4416.62,4418.955,4411.205,4417.58
1786988700,4417.585,4420.625,4413.325,4413.765
1786989600,4413.765,4414.555,4410.2,4413.755
1786990500,4413.825,4416.255,4404.895,4406.39
1786991400,4406.405,4407.06,4398.205,4401.51
1786992300,4401.49,4407.67,4400.265,4406.77
1786993200,4406.68,4408.675,4400.405,4408.675
1786994100,4408.785,4417.525,4408.77,4414.565
1786995000,4414.545,4420.54,4414.215,4419.445
1786995900,4419.43,4421.055,4416.655,4419.965
1786996800,4419.935,4421.47,4416.665,4417.885
1786997700,4417.9,4418.145,4414.92,4415.11
1786998600,4415.095,4416.005,4414.61,4415.47
1786999500,4415.45,4416.72,4415.13,4416.68
1787004000,4416.205,4416.945,4414.835,4416.73
1787004900,4416.715,4417.28,4412,4412.5
1787005800,4412.42,4415.69,4411.665,4414.645
1787006700,4414.625,4416.355,4410.49,4411.87
1787007600,4411.92,4415.055,4409.89,4414.88
1787008500,4415,4421.87,4414.975,4420.38
1787009400,4420.315,4422.89,4420.065,4422.73
1787010300,4422.665,4426.305,4421.7,4426.12
1787011200,4426.095,4430.14,4419.06,4421.89
1787012100,4421.93,4431.585,4420.995,4431.15
1787013000,4431.185,4433.725,4428.285,4429.58
1787013900,4429.735,4434.88,4428.46,4434.435
1787014800,4434.455,4436.23,4428.59,4429.21
1787015700,4429.205,4430.935,4420.285,4425.025
1787016600,4425.08,4426.305,4411.705,4411.705
1787017500,4411.74,4412.175,4404.32,4408.185
1787018400,4408.01,4408.39,4398.48,4401.115
1787019300,4401.015,4405.51,4400.215,4402.35
1787020200,4402.4,4402.755,4394.175,4394.985
1787021100,4394.995,4400.715,4394.335,4399.985
1787022000,4400,4404.175,4398.865,4401.5
1787022900,4401.525,4402.115,4394.48,4397.27
1787023800,4397.275,4397.355,4394.565,4394.92
1787024700,4394.87,4395.175,4390.63,4391.965
1787025600,4391.98,4392.975,4389.91,4392.385
1787026500,4392.43,4393.76,4390.8,4392.51
1787027400,4392.505,4394.53,4389.02,4393.65
1787028300,4393.61,4395.58,4392.33,4393.69
1787029200,4393.66,4394.235,4391.095,4391.43
1787030100,4391.46,4396.08,4391.235,4391.475
1787031000,4391.455,4394.285,4386.185,4393.75
1787031900,4393.765,4397.66,4393.115,4394.465
1787032800,4394.43,4395.42,4387.755,4395.395
1787033700,4395.39,4400,4393.72,4399.65
1787034600,4399.665,4400.395,4395.3,4397.23
1787035500,4397.295,4399.465,4397.295,4398.93
1787036400,4398.92,4400.95,4396.85,4397.6
1787037300,4397.585,4403.55,4397.48,4403.255
1787038200,4403.26,4403.735,4396.395,4401.56
1787039100,4401.66,4402.85,4395.495,4395.71
1787040000,4395.825,4396.33,4388.125,4392.755
1787040900,4392.755,4393.605,4386.91,4389.625
1787041800,4389.635,4398.775,4389.415,4396.59
1787042700,4396.595,4396.935,4391.545,4393.44
1787043600,4393.385,4394.01,4391.215,4392.83
1787044500,4392.78,4392.88,4388.69,4389.37
1787045400,4389.305,4395.08,4387.28,4388.44
1787046300,4388.405,4394.97,4387.03,4393.32
1787047200,4393.375,4395.835,4392.265,4394.665
1787048100,4394.62,4396.33,4389.8,4392.025
1787049000,4392.02,4398.72,4391.685,4398.655
1787049900,4398.67,4399.68,4396.43,4397.63
1787050800,4397.705,4399.055,4392.06,4393.65
1787051700,4393.64,4394.76,4389.71,4390.145
1787052600,4390.135,4392.58,4388.675,4391.04
1787053500,4390.99,4396.885,4389.915,4396.07
1787054400,4396.21,4397.14,4389.67,4393.305
1787055300,4393.335,4400.85,4391.645,4395.305
1787056200,4395.355,4398.035,4391.07,4392.28
1787057100,4392.29,4397.02,4390.83,4394.225
1787058000,4394.23,4397.49,4388.385,4395.895
1787058900,4395.865,4396.195,4388.315,4389.035
1787059800,4389.025,4406.9,4376.195,4401.165
1787060700,4401.18,4402.27,4389.535,4394.695
1787061600,4394.705,4406.48,4391.285,4393.29
1787062500,4393.35,4405.1,4392.38,4394.225
1787063400,4394.22,4396.395,4377.865,4379.785
1787064300,4379.815,4389.03,4363.775,4366.685
1787065200,4366.725,4377.795,4358.56,4360.11
1787066100,4360.09,4365.34,4351.765,4355.105
1787067000,4355.09,4362.49,4354.655,4358.82
1787067900,4358.96,4366.765,4358.96,4364.925
1787068800,4364.92,4371.73,4364.92,4367.78
1787069700,4367.755,4369.76,4363.58,4364.205
1787070600,4364.275,4368.705,4363.125,4367.565
1787071500,4367.57,4368.895,4363.16,4363.83
1787072400,4363.805,4367.26,4363.68,4367.06
1787073300,4367.095,4368.355,4363.21,4365.405
1787074200,4365.405,4366.345,4358.705,4358.705
1787075100,4358.735,4360.53,4356.85,4357.725
1787076000,4357.755,4358.21,4352.705,4357.885
1787076900,4357.905,4361.12,4355.775,4360.35
1787077800,4360.37,4360.715,4353.585,4354.34
1787078700,4354.335,4356.12,4352.905,4354.43
1787079600,4354.43,4358.59,4354.15,4357.1
1787080500,4357.065,4358.76,4352.54,4354.865
1787081400,4354.97,4357.84,4349.725,4349.985
1787082300,4349.99,4353.455,4338.395,4345.785
1787083200,4345.705,4346.665,4340.825,4342.02
1787084100,4342.015,4342.35,4333.585,4337.93
1787085000,4337.975,4339.765,4331.69,4332.335
1787085900,4332.345,4335.435,4329.265,4334.575
1787090400,4341.965,4343.83,4340.385,4341.065
1787091300,4341.375,4342.395,4333.935,4336.35
1787092200,4336.38,4336.595,4332.77,4334.025
1787093100,4334.015,4335.705,4333.195,4333.83
1787094000,4334.045,4338.45,4332.675,4334.12
1787094900,4334.08,4337.51,4330.085,4330.555
1787095800,4330.535,4332.765,4327.27,4329.885
1787096700,4329.99,4334.415,4329.6,4333.105
1787097600,4333.14,4345.055,4331.635,4343.13
1787098500,4343.125,4346.495,4339.115,4343.065
1787099400,4343.075,4347.42,4339.745,4343.875
1787100300,4343.795,4345.025,4337.11,4338.155
1787101200,4338.015,4344.155,4324.68,4344.015
1787102100,4344,4346.415,4333.145,4342.28
1787103000,4342.38,4357.765,4342.31,4355.635
1787103900,4355.655,4356.855,4350.675,4356.63
1787104800,4356.72,4357.365,4351.805,4353.69
1787105700,4353.775,4362.165,4352.605,4359.735
1787106600,4359.725,4360.32,4354.36,4355.395
1787107500,4355.405,4357.365,4351.545,4355.085
1787108400,4355.055,4356.325,4352.04,4354.625
1787109300,4354.77,4358.015,4351.96,4357.15
1787110200,4357.175,4360.51,4356.035,4358.715
1787111100,4358.685,4359.02,4354.82,4355.06
1787112000,4355.15,4356.29,4353.235,4354.795
1787112900,4354.785,4355.09,4350.185,4351.28
1787113800,4351.32,4352.19,4345.125,4346.67
1787114700,4346.645,4348.575,4344.005,4348.555
1787115600,4348.53,4350.865,4338.885,4339.02
1787116500,4339.025,4345.44,4336.795,4345.365
1787117400,4345.5,4345.56,4336.845,4342.365
1787118300,4342.335,4342.36,4335.175,4335.695
1787119200,4335.635,4341.96,4335.415,4337.5
1787120100,4337.36,4348.47,4337.01,4343.365
1787121000,4343.3,4345.735,4337.28,4342
1787121900,4341.995,4349.465,4340.87,4349.15
1787122800,4349.095,4353.57,4347.54,4350.605
1787123700,4350.585,4357.155,4347.54,4356.905
1787124600,4356.91,4363.34,4352.845,4354.505
1787125500,4354.465,4357.805,4354.29,4354.905
1787126400,4354.805,4362.985,4351.105,4361.725
1787127300,4361.72,4362.585,4357.42,4361.085
1787128200,4361.1,4363.11,4356.475,4362.66
1787129100,4362.69,4363.2,4354.875,4355.735
1787130000,4355.66,4359.995,4355.11,4356.46
1787130900,4356.465,4357.5,4353.45,4356.645
1787131800,4356.615,4361.135,4355.435,4358.865
1787132700,4358.81,4362.095,4358.125,4362.025
1787133600,4362.045,4364.235,4359.755,4363.795
1787134500,4363.85,4369.2,4363.54,4368.785
1787135400,4368.86,4369.585,4365.9,4368.09
1787136300,4368.155,4369.515,4366.33,4367.41
1787137200,4367.435,4374.19,4367.435,4373.445
1787138100,4373.455,4374.12,4368.955,4371.035
1787139000,4371.04,4371.765,4363.305,4363.79
1787139900,4363.78,4367.795,4363.565,4364.655
1787140800,4364.65,4370.83,4362.115,4368.4
1787141700,4368.575,4373.6,4366.12,4369.385
1787142600,4369.39,4420.61,4368.745,4417.685
1787143500,4417.775,4442.47,4411.51,4438.87
1787144400,4438.875,4460.885,4424.285,4456.15
1787145300,4456.155,4464.25,4454.85,4458.17
1787146200,4458.14,4466.29,4442.33,4460.71
1787147100,4460.7,4463.34,4445.13,4459.6
1787148000,4459.59,4475.62,4455.22,4473.995
1787148900,4474.005,4488.08,4470.34,4486.065
1787149800,4486.1,4498.73,4483.92,4489.585
1787150700,4489.58,4489.685,4478.155,4488.245
1787151600,4488.215,4488.49,4479.895,4485.48
1787152500,4485.565,4488.09,4478.355,4483.94
1787153400,4483.875,4492.525,4480.36,4490.29
1787154300,4490.285,4494.465,4488.695,4493.87
1787155200,4493.9,4499.175,4491.2,4497.8
1787156100,4497.785,4499.425,4490.655,4491.2
1787157000,4491.265,4496.535,4490.72,4495.16
1787157900,4495.09,4497.98,4493.295,4493.395
1787158800,4493.52,4499.1,4489.055,4492.57
1787159700,4492.675,4492.865,4486.24,4488.03
1787160600,4488.045,4491.695,4484.44,4488.745
1787161500,4488.725,4489.575,4484.425,4486.965
1787162400,4486.96,4496.745,4485.625,4488
1787163300,4487.995,4488,4472.915,4475.555
1787164200,4475.605,4491.82,4472.18,4490.64
1787165100,4490.65,4497.215,4489.58,4495.185
1787166000,4495.15,4505.735,4494.49,4503.225
1787166900,4503.215,4507.78,4502.635,4507.09
1787167800,4507.08,4510.855,4502.185,4507.12
1787168700,4507.045,4512.27,4505.32,4511.31
1787169600,4511.265,4512.08,4505.165,4506.8
1787170500,4506.805,4522.19,4506.405,4518.58
1787171400,4518.5,4523.755,4518.065,4519.54
1787172300,4519.62,4524.34,4519.58,4523.05
1787176800,4521.405,4523.72,4518.995,4519.995
1787177700,4519.99,4521.615,4519.1,4520.86
1787178600,4520.895,4522.045,4517.655,4518.54
1787179500,4518.49,4521.895,4516.415,4518.915
1787180400,4518.98,4523.86,4517.485,4519.465
1787181300,4519.46,4520.155,4515.345,4517.685
1787182200,4517.705,4518.2,4513.68,4514.46
1787183100,4514.54,4517.555,4511.36,4511.74
1787184000,4511.69,4518.84,4510.3,4516.26
1787184900,4516.295,4521.44,4508.505,4510.445
1787185800,4510.425,4513.395,4503.835,4505.93
1787186700,4505.925,4510.4,4504.02,4504.68
1787187600,4504.705,4510.22,4491.765,4493.26
1787188500,4493.255,4503.555,4493.185,4500.475
1787189400,4500.485,4501.33,4493.385,4493.875
1787190300,4493.8,4495.575,4484.48,4489.88
1787191200,4489.89,4499.76,4488.68,4497.87
1787192100,4497.795,4497.91,4489.465,4493.075
1787193000,4493.09,4494.66,4490.255,4490.655
1787193900,4490.66,4494.96,4488.86,4490.825
1787194800,4490.83,4497,4488.05,4492.775
1787195700,4492.74,4496.65,4490.555,4493.57
1787196600,4493.565,4498.75,4492.325,4498.005
1787197500,4497.925,4501.255,4496.82,4498.925
1787198400,4498.95,4499.345,4495.065,4496.635
1787199300,4496.645,4497.375,4489.825,4489.965
1787200200,4489.995,4490.965,4486.395,4487.37
1787201100,4487.385,4491.63,4487.165,4488.63
1787202000,4488.64,4494.135,4484.19,4485.645
1787202900,4485.655,4487.13,4482.94,4483.395
1787203800,4483.38,4486.195,4478.155,4480.8
1787204700,4480.775,4483.38,4478.075,4481.425
1787205600,4481.35,4493.53,4480.17,4492.97
1787206500,4492.975,4496.065,4491.845,4494.17
1787207400,4494.165,4495.475,4491.96,4492.575
1787208300,4492.59,4495.41,4491.34,4493.935
1787209200,4493.89,4494.01,4487.31,4488
1787210100,4487.96,4490.585,4483.765,4484.17
1787211000,4484.185,4493.645,4483.645,4491.385
1787211900,4491.38,4494.145,4488.36,4491.105
1787212800,4491.105,4495.415,4490.835,4494.495
1787213700,4494.5,4498.78,4490.16,4491.56
1787214600,4491.555,4495.475,4487.34,4490.67
1787215500,4490.665,4492.245,4487.695,4489.35
1787216400,4489.39,4494.295,4488.465,4492.425
1787217300,4492.375,4493.995,4488.245,4490.05
1787218200,4490.1,4490.715,4484.7,4489.335
1787219100,4489.235,4489.235,4482.005,4482.735
1787220000,4482.75,4491.46,4480.865,4490.635
1787220900,4490.71,4494.375,4486.495,4494.025
1787221800,4493.985,4495.145,4490.07,4491.27
1787222700,4491.28,4491.37,4487.54,4490.18
1787223600,4490.21,4491.34,4482.795,4485.23
1787224500,4485.175,4489.9,4481.315,4484.315
1787225400,4484.36,4486.985,4474.345,4474.965
1787226300,4474.985,4475.785,4465.57,4467.175
1787227200,4467.18,4467.43,4450.745,4462.64
1787228100,4462.635,4467.945,4457.065,4459.86
1787229000,4460.375,4467.32,4451.205,4466.825
1787229900,4466.8,4477.1,4464.17,4474.855
1787230800,4474.875,4484.62,4471.89,4472.83
1787231700,4472.82,4476.755,4470.285,4471.87
1787232600,4471.91,4488.02,4469.35,4486.59
1787233500,4486.605,4489.335,4479.405,4481.715
1787234400,4481.705,4490.715,4480.87,4485.12
1787235300,4485.11,4494.055,4481.79,4491.8
1787236200,4491.81,4501.2,4491.81,4499.245
1787237100,4499.165,4516.315,4498.695,4516.06
1787238000,4516.145,4537.405,4515.135,4535.135
1787238900,4535.11,4541.045,4523.63,4532.5
1787239800,4532.48,4533.89,4508.76,4511.645
1787240700,4511.635,4524.29,4510.955,4521.735
1787241600,4521.755,4524.885,4510.505,4511.34
1787242500,4511.35,4513.275,4505.49,4509.42
1787243400,4509.425,4512.805,4502.825,4509.395
1787244300,4509.395,4513.75,4507.53,4510.07
1787245200,4510.1,4514.125,4507.79,4509.465
1787246100,4509.455,4516.71,4507.895,4513.05
1787247000,4513.06,4518.77,4510.965,4518.29
1787247900,4518.275,4520.485,4517.155,4520.025
1787248800,4520.06,4522.615,4509.345,4510.85
1787249700,4510.835,4520.295,4508.395,4519.075
1787250600,4518.885,4523.5,4518.6,4520.195
1787251500,4520.2,4525.365,4517.99,4522.08
1787252400,4522.065,4528.13,4518.19,4527.66
1787253300,4527.65,4529.445,4522.78,4522.885
1787254200,4522.875,4529.73,4522.1,4526.225
1787255100,4526.23,4532.235,4525.02,4528.745
1787256000,4528.755,4529.205,4522.49,4522.64
1787256900,4522.645,4522.895,4520.455,4520.97
1787257800,4521.025,4521.16,4516.835,4518.27
1787258700,4518.32,4521.37,4518.055,4518.955
1787263200,4519.545,4520.8,4517.04,4518.51
1787264100,4518.505,4520.945,4517.98,4519.73
1787265000,4519.74,4523.71,4518.38,4522.815
1787265900,4522.78,4524.42,4519.665,4524.225
1787266800,4524.215,4533.05,4523.52,4531.88
1787267700,4531.875,4532.22,4522.585,4527.14
1787268600,4527.27,4528.79,4520.99,4524.605
1787269500,4524.565,4528.25,4523.2,4526.405
1787270400,4526.39,4527.555,4517.5,4518.69
1787271300,4518.655,4520.72,4513.79,4514.785
1787272200,4514.74,4517.125,4510.835,4513.835
1787273100,4513.675,4514.14,4509.8,4510.765
1787274000,4510.755,4521.245,4508.995,4520.885
1787274900,4520.79,4530.76,4520.325,4529.33
1787275800,4529.39,4544.01,4523.78,4526.195
1787276700,4526.215,4533.695,4525.565,4530.785
1787277600,4530.82,4531.4,4518.505,4521.205
1787278500,4521.24,4529.59,4520.365,4527.305
1787279400,4527.335,4538.295,4525.345,4538.29
1787280300,4538.29,4542.96,4532.47,4533.9
1787281200,4533.845,4538.81,4531.9,4532.695
1787282100,4532.735,4534.865,4529.65,4529.74
1787283000,4529.775,4535.98,4526.795,4529.315
1787283900,4529.305,4535.83,4528.39,4535.57
1787284800,4535.61,4541.9,4535.515,4540.14
1787285700,4540.145,4547.475,4537.64,4546.91
1787286600,4546.89,4548.215,4540.76,4541.83
1787287500,4541.78,4542.515,4540.205,4540.7
1787288400,4540.75,4540.845,4534.885,4537.395
1787289300,4537.39,4538.865,4530.66,4530.66
1787290200,4530.435,4543.735,4529.115,4543.385
1787291100,4543.365,4556.46,4541.795,4553.735
1787292000,4553.82,4555.325,4545.6,4549.065
1787292900,4548.97,4558.33,4548.97,4555.455
1787293800,4555.425,4565.88,4554.57,4562.595
1787294700,4562.615,4567.785,4560.915,4560.955
1787295600,4560.95,4566.135,4558.565,4561.625
1787296500,4561.66,4567.965,4559.935,4561.875
1787297400,4561.62,4566.355,4560.18,4564.405
1787298300,4564.44,4568.13,4560.93,4564.42
1787299200,4564.535,4568.055,4559.155,4565.635
1787300100,4565.615,4581.895,4564.015,4579.39
1787301000,4579.45,4584.39,4576.61,4582.645
1787301900,4582.635,4585.13,4580.51,4584.255
1787302800,4584.285,4600.795,4582.315,4599.275
1787303700,4599.395,4602.27,4581.365,4582.29
1787304600,4582.435,4586.86,4580.925,4583.29
1787305500,4583.25,4585.55,4580.545,4582.725
1787306400,4582.62,4589.1,4577.93,4578.795
1787307300,4578.83,4589.405,4578.445,4588.615
1787308200,4588.66,4594.22,4585.73,4593.3
1787309100,4593.34,4593.795,4587.895,4588.57
1787310000,4588.64,4595.545,4587.255,4590.65
1787310900,4590.7,4600.93,4590.65,4598.63
1787311800,4598.625,4604.61,4593.485,4597.205
1787312700,4597.23,4600.71,4595.74,4597.045
1787313600,4597.125,4601.655,4589.285,4592.96
1787314500,4592.95,4596.01,4582.115,4584.875
1787315400,4584.88,4584.88,4563.57,4573.62
1787316300,4573.655,4581.135,4573.22,4578.08
1787317200,4578.025,4587.105,4575.885,4585.325
1787318100,4585.305,4587.815,4579.27,4584.12
1787319000,4584.07,4591.03,4573.4,4587.915
1787319900,4587.815,4593.135,4576.93,4581.095
1787320800,4581.02,4590.79,4579.845,4589.86
1787321700,4589.915,4603.17,4586.575,4603.085
1787322600,4603.1,4603.625,4580.595,4582.675
1787323500,4582.665,4595.45,4580.745,4591.57
1787324400,4591.575,4598.235,4587.28,4595.17
1787325300,4595.175,4607.64,4595.11,4602.955
1787326200,4603.015,4610.665,4599.625,4609.66
1787327100,4609.755,4615.45,4607.21,4614.625
1787328000,4614.645,4617.83,4609.11,4614.565
1787328900,4614.58,4620.895,4610.715,4614.03
1787329800,4614.04,4622.025,4612.32,4621.455
1787330700,4621.47,4629.165,4621.08,4628.88
1787331600,4628.92,4632.145,4621.815,4623.295
1787332500,4623.275,4626.035,4615.32,4622.1
1787333400,4622.105,4624.825,4618.745,4619.465
1787334300,4619.475,4622.66,4616.965,4620.67
1787335200,4620.68,4627.845,4620.4,4624.185
1787336100,4624.165,4627.775,4624.16,4625.16
1787337000,4625.235,4625.235,4619.555,4621.03
1787337900,4621.02,4626.23,4620.945,4624.515
1787338800,4624.555,4625.66,4618.545,4622.85
1787339700,4622.85,4623.475,4617.94,4618.13
1787340600,4618.19,4619.87,4615.755,4618.24
1787341500,4618.305,4623.79,4615.645,4617.03
1787342400,4617.06,4617.815,4615.115,4616.945
1787343300,4616.995,4617.785,4610.305,4610.95
1787344200,4611.005,4612.04,4607.61,4608.17
1787345100,4608.14,4608.925,4602.67,4602.99
1787522400,4609.655,4620.65,4608.82,4617.595
1787523300,4617.865,4621.245,4613.09,4614.21
1787524200,4614.19,4617.185,4607,4610.95
1787525100,4611.02,4611.07,4606.13,4606.21
1787526000,4606.255,4609.565,4604.75,4607.65
1787526900,4607.81,4616.28,4606.93,4615.4
1787527800,4615.395,4619.41,4607.7,4608.575
1787528700,4608.585,4624.695,4608.425,4624.085
1787529600,4624.08,4640.935,4620.1,4637.35
1787530500,4637.29,4640.475,4594.515,4605.105
1787531400,4605.08,4609.185,4601.19,4607.185
1787532300,4607.18,4623.58,4604.15,4621.905
1787533200,4621.85,4635.275,4618.935,4622.135
1787534100,4622.19,4625.99,4611.305,4614.76
1787535000,4614.765,4621.38,4608.155,4618.25
1787535900,4618.255,4637.745,4615.03,4632.245
1787536800,4632.23,4652.29,4627.745,4650.41
1787537700,4650.435,4655.84,4649.33,4655.58
1787538600,4655.635,4657,4637.515,4637.685
1787539500,4637.615,4645.21,4627.73,4643.79
1787540400,4643.84,4644.195,4633.6,4637.33
1787541300,4637.315,4648.84,4635.49,4643.95
1787542200,4643.955,4650.25,4642.69,4642.91
1787543100,4642.86,4645.015,4640.07,4641.835
1787544000,4641.82,4642.82,4632.71,4638.7
1787544900,4638.715,4642.075,4634.755,4640.585
1787545800,4640.59,4640.895,4633.075,4638.27
1787546700,4638.29,4640.68,4635.925,4638.93
1787547600,4638.94,4643.655,4638.72,4643.5
1787548500,4643.505,4646.67,4636.14,4636.15
1787549400,4635.99,4639.745,4630.015,4633.44
1787550300,4633.425,4643.445,4630.305,4640.94
1787551200,4640.91,4652.705,4639.465,4652.135
1787552100,4652.155,4660.125,4640.905,4642.785
1787553000,4642.835,4653.78,4642.04,4643.23
1787553900,4643.24,4653.96,4643.015,4649.97
1787554800,4650.005,4654.815,4644.375,4648.595
1787555700,4648.565,4650.355,4642.44,4642.92
1787556600,4642.925,4648.22,4634.92,4634.92
1787557500,4635.035,4643.85,4630.335,4641.615
1787558400,4641.605,4646.685,4635.91,4637.675
1787559300,4637.585,4639.775,4629.48,4629.48
1787560200,4629.45,4646.3,4628.895,4645.49
1787561100,4645.51,4646.275,4636.085,4638.19
1787562000,4638.135,4644.875,4637.4,4642.005
1787562900,4641.975,4642.185,4635.01,4636.08
1787563800,4636.095,4640.9,4632.895,4639.235
1787564700,4639.125,4646.095,4638.98,4645.93
1787565600,4645.895,4650.21,4645.49,4648.175
1787566500,4648.195,4648.475,4642.545,4643.19
1787567400,4643.125,4649.27,4642.735,4644.54
1787568300,4644.53,4647.335,4641.97,4643.285
1787569200,4643.26,4647.045,4639.165,4642.505
1787570100,4642.475,4647.79,4640.37,4646.495
1787571000,4646.625,4670.46,4643.625,4658.96
1787571900,4658.985,4661.68,4648.38,4657.905
1787572800,4657.9,4660.14,4650.18,4657.28
1787573700,4657.26,4662.975,4651.535,4662.07
1787574600,4662.075,4668.82,4645.625,4657.54
1787575500,4657.555,4667.515,4654.66,4662.83
1787576400,4662.815,4678.025,4661.755,4677.17
1787577300,4677.185,4677.93,4667.865,4672.305
1787578200,4672.325,4681.02,4658.51,4658.87
1787579100,4658.835,4677.985,4656.245,4664.835
1787580000,4664.79,4672.145,4660.035,4665.825
1787580900,4665.815,4674.98,4655.395,4671.665
1787581800,4671.67,4678.725,4669.485,4671.905
1787582700,4671.925,4676.04,4657.065,4670.355
1787583600,4670.375,4676.71,4665.44,4673.06
1787584500,4673.055,4679.79,4668.315,4675.99
1787585400,4675.935,4677.355,4659.785,4660.81
1787586300,4660.805,4663.315,4640.135,4649.335
1787587200,4649.42,4662,4646.705,4657.655
1787588100,4657.6,4660.575,4656,4658.97
1787589000,4658.955,4662.23,4658.425,4659.615
1787589900,4659.605,4660.02,4641.845,4645.105
1787590800,4645.095,4655.475,4641.79,4651.87
1787591700,4651.875,4654.365,4630.035,4638.73
1787592600,4638.71,4643.225,4635.745,4638.915
1787593500,4638.885,4639.32,4632.685,4636.765
1787594400,4636.785,4640.975,4625.225,4632.02
1787595300,4632.035,4642.265,4627.425,4640.4
1787596200,4640.38,4641.845,4625.225,4635.165
1787597100,4635.135,4637.76,4631.56,4636.555
1787598000,4636.515,4640.82,4636.03,4636.32
1787598900,4636.315,4645,4635.955,4641.445
1787599800,4641.485,4651.075,4640.315,4650.095
1787600700,4650.06,4656.145,4650.055,4651.95
1787601600,4651.845,4655.255,4650.275,4650.465
1787602500,4650.45,4653.685,4648.895,4649.235
1787603400,4649.23,4649.985,4647.295,4647.8
1787604300,4647.825,4652.665,4647.27,4651.24
1787608800,4655.495,4660.735,4655.205,4658.71
1787609700,4658.72,4659.615,4656.86,4657.805
1787610600,4657.795,4661.655,4657.22,4661.62
1787611500,4661.495,4668.525,4660.98,4667.735
1787612400,4667.705,4672.36,4666.86,4672.16
1787613300,4672.155,4677.325,4669.275,4669.35
1787614200,4669.345,4677.025,4667.74,4676.49
1787615100,4676.485,4682.785,4675.085,4679.93
1787616000,4679.92,4691.845,4675.445,4690.535
1787616900,4690.535,4691.335,4676.67,4682.49
1787617800,4682.48,4697.105,4681.895,4693.75
1787618700,4693.765,4694.88,4684.17,4684.645
1787619600,4684.615,4687.125,4670.885,4678.41
1787620500,4678.42,4680.29,4664.19,4669.535
1787621400,4669.54,4674.705,4666.825,4670.79
1787622300,4670.795,4675.655,4656.775,4658.21
1787623200,4658.2,4661.66,4638.63,4642.02
1787624100,4642,4657.09,4641.09,4656.57
1787625000,4656.565,4656.86,4631.11,4631.17
1787625900,4631.07,4637.61,4617.28,4629.53
1787626800,4629.525,4638.305,4622.425,4633.78
1787627700,4633.77,4638.46,4632.145,4637.86
1787628600,4637.865,4641.35,4633.985,4634.365
1787629500,4634.37,4636.06,4631.58,4633.68
1787630400,4633.655,4637.805,4630.925,4637.125
1787631300,4637.13,4637.365,4628.965,4630.89
1787632200,4630.925,4632.78,4623.76,4625.99
1787633100,4626.075,4629.035,4624.31,4626.03
1787634000,4626.025,4639.14,4624.115,4637.98
1787634900,4637.89,4647.97,4637.875,4646.53
1787635800,4646.57,4647.09,4637.995,4639.07
1787636700,4639.11,4646.03,4635.875,4643.075
1787637600,4643.085,4650.49,4641.27,4649.6
1787638500,4649.595,4653.375,4645.47,4650.105
1787639400,4650.075,4653.43,4647.92,4647.92
1787640300,4647.905,4649.25,4637.08,4638.3
1787641200,4638.305,4642.03,4636.525,4639.89
1787642100,4639.895,4643.8,4634.18,4634.54
1787643000,4634.545,4640.06,4633.895,4639.59
1787643900,4639.605,4640.575,4629.865,4630.19
1787644800,4630.195,4631.335,4620.09,4626.685
1787645700,4626.65,4645.485,4625.91,4633.12
1787646600,4633.075,4635.51,4625.775,4632.3
1787647500,4632.26,4633.95,4625.27,4630.48
1787648400,4630.46,4633.54,4625.005,4630.595
1787649300,4630.605,4633.65,4625.79,4626.66
1787650200,4626.635,4639.825,4624.29,4637.255
1787651100,4637.27,4642.585,4635.905,4636.395
1787652000,4636.455,4638.635,4633.175,4635.3
1787652900,4635.32,4639.01,4633.195,4633.8
1787653800,4633.805,4640.895,4632.82,4637.735
1787654700,4637.75,4642.405,4637.055,4639.29
1787655600,4639.295,4643.43,4636.48,4642.83
1787656500,4642.84,4645.07,4639.035,4641.605
1787657400,4641.565,4645.305,4640.385,4640.605
1787658300,4640.6,4647.33,4640.6,4642.405
1787659200,4642.6,4642.705,4634.955,4639.27
1787660100,4639.285,4639.455,4632.085,4637.525
1787661000,4637.53,4640.715,4630.25,4638.575
1787661900,4638.69,4644.235,4637.325,4640.77
1787662800,4640.76,4641.26,4622.955,4623.35
1787663700,4623.335,4628.255,4608.99,4609.73
1787664600,4609.615,4623.62,4609.295,4612.845
1787665500,4612.91,4617.81,4605.29,4616.875
1787666400,4616.88,4626.64,4613.575,4623.08
1787667300,4623.075,4628.54,4618.505,4623.9
1787668200,4623.89,4638.2,4613.23,4637.325
1787669100,4637.29,4640.23,4632.6,4635.575
1787670000,4635.72,4637.345,4630.575,4633.305
1787670900,4633.29,4644.835,4629.495,4639.845
1787671800,4639.825,4659.485,4639.815,4656.22
1787672700,4656.225,4657.355,4648.975,4652.77
1787673600,4652.965,4653.38,4642.875,4644.87
1787674500,4644.805,4647.385,4638.025,4640.76
1787675400,4640.75,4645.395,4637.155,4644.055
1787676300,4644.08,4646.62,4640.47,4643.62
1787677200,4643.625,4643.9,4634.305,4638.055
1787678100,4638.06,4645.175,4634.5,4637.21
1787679000,4637.215,4644.755,4636.43,4643.05
1787679900,4643.045,4648.57,4642.815,4648.515
1787680800,4648.52,4650.4,4644.45,4647.22
1787681700,4647.225,4650.585,4646.375,4649.98
1787682600,4650.005,4650.57,4645.96,4649.32
1787683500,4649.33,4655.085,4649.275,4654.595
1787684400,4654.635,4663.31,4653.405,4662.16
1787685300,4662.225,4668.25,4660.045,4661.045
1787686200,4660.99,4664.765,4657.92,4662.33
1787687100,4662.235,4667.68,4660.495,4667.035
1787688000,4667,4669.115,4663.02,4665.865
1787688900,4665.895,4667.815,4662.075,4662.565
1787689800,4662.55,4664.345,4660.325,4661.545
1787690700,4661.575,4662.275,4657.75,4659.055
1787695200,4661.445,4664.95,4660.155,4664.715
1787696100,4664.76,4667.185,4664.57,4666.895
1787697000,4666.945,4670.925,4666.81,4669.965
1787697900,4669.95,4673.765,4669.795,4672.67
1787698800,4672.605,4673.57,4667.15,4668.11
1787699700,4668.05,4668.12,4660.06,4661.045
1787700600,4661.06,4661.395,4655.65,4656.17
1787701500,4656.165,4658.81,4653.31,4654.945
1787702400,4654.955,4657.955,4650.84,4651.325
1787703300,4651.32,4655.115,4642.905,4646.865
1787704200,4646.965,4650.315,4636.26,4636.98
1787705100,4636.945,4639.17,4634.505,4637.705
1787706000,4637.72,4647.96,4629.615,4644.315
1787706900,4644.32,4650.52,4643.415,4643.575
1787707800,4643.57,4647.175,4639.065,4644.885
1787708700,4644.815,4661.005,4643.035,4656.98
1787709600,4656.95,4661.76,4654.9,4660.15
1787710500,4660.19,4661.825,4656.135,4659.04
1787711400,4658.82,4670.83,4657.695,4667.25
1787712300,4667.01,4669.08,4657.945,4658.42
1787713200,4658.415,4658.825,4647.27,4648.415
1787714100,4648.41,4650.915,4646.095,4650.35
1787715000,4650.3,4651.535,4645.445,4645.47
1787715900,4645.535,4645.64,4642.76,4642.885
1787716800,4642.875,4644.64,4641.845,4642.685
1787717700,4642.775,4643.52,4641.305,4642.405
1787718600,4642.41,4643.49,4639.995,4641.045
1787719500,4641.02,4642.03,4638.99,4640.715
1787720400,4640.765,4646.085,4640.235,4643.515
1787721300,4643.495,4645.565,4641.6,4643.575
1787722200,4643.55,4649.61,4638.145,4638.19
1787723100,4638.205,4640.79,4635.7,4639.905
1787724000,4639.875,4641.64,4636.22,4637.65
1787724900,4637.725,4638.04,4624.71,4626.835
1787725800,4626.955,4634.315,4625.81,4633.485
1787726700,4633.47,4637.015,4630.67,4634.365
1787727600,4634.375,4639.395,4633.18,4636.565
1787728500,4636.555,4637.935,4630.875,4631.495
1787729400,4631.465,4636.51,4629.08,4631.935
1787730300,4631.92,4635.04,4626.675,4629.16
1787731200,4629.08,4630.465,4625.795,4625.855
1787732100,4625.805,4629.84,4622.36,4629.84
1787733000,4629.85,4630.825,4625.165,4629.59
1787733900,4629.575,4630.065,4626.245,4628.49
1787734800,4628.6,4631.085,4624.075,4625.1
1787735700,4625.175,4625.4,4616.415,4616.875
1787736600,4616.88,4622.46,4616.81,4622.13
1787737500,4622.125,4625.69,4622.015,4623.225
1787738400,4623.22,4624.17,4617.735,4619.08
1787739300,4619.06,4620.505,4613.225,4615.225
1787740200,4615.28,4624.235,4614.675,4622.35
1787741100,4622.325,4624.125,4618.875,4620.225
1787742000,4620.245,4621.945,4616.66,4618.525
1787742900,4618.535,4623.14,4616.51,4620.84
1787743800,4620.86,4623.035,4617.36,4619.25
1787744700,4619.24,4625.31,4617.01,4624.75
1787745600,4624.735,4629.89,4623.705,4625.555
1787746500,4625.615,4630.62,4624.595,4630.62
1787747400,4630.645,4633.325,4612.46,4622.64
1787748300,4622.595,4626.305,4610.97,4614.465
1787749200,4614.52,4621.45,4608.425,4611.255
1787750100,4611.365,4614.205,4598.1,4611.265
1787751000,4611.3,4623.105,4610.27,4619.855
1787751900,4619.86,4632.025,4618.405,4631.695
1787752800,4631.72,4633.69,4619.42,4620.3
1787753700,4620.295,4626.83,4616.385,4616.73
1787754600,4616.6,4623.14,4612.825,4622.16
1787755500,4622.28,4623.03,4602.975,4603.125
1787756400,4603.15,4605.52,4588.125,4589.235
1787757300,4589.16,4598.23,4583.065,4594.875
1787758200,4594.93,4604.965,4594.565,4604.965
1787759100,4604.97,4609.345,4596.115,4596.21
1787760000,4596.24,4601.595,4590.585,4600.34
1787760900,4600.365,4601.02,4594.165,4594.935
1787761800,4595.005,4596.4,4585.615,4588.37
1787762700,4588.375,4596.885,4588.245,4591.64
1787763600,4591.685,4596.19,4590.84,4594.915
1787764500,4594.9,4599.07,4593.62,4597.84
1787765400,4597.93,4602.405,4595.85,4597.255
1787766300,4597.285,4599.345,4594.285,4597.83
1787767200,4597.815,4604.735,4596.71,4600.175
1787768100,4600.19,4600.49,4592.91,4594.95
1787769000,4594.845,4597.64,4592.645,4596.945
1787769900,4596.965,4597.91,4593.445,4593.875
1787770800,4593.93,4595.815,4591.23,4594.615
1787771700,4594.62,4599.185,4591.48,4598.65
1787772600,4598.715,4601.735,4594.54,4595.85
1787773500,4595.895,4596.59,4592.475,4594.455
1787774400,4594.385,4596.825,4591.705,4591.81
1787775300,4591.825,4592.11,4584.19,4591.36
1787776200,4591.37,4593.525,4590.385,4591.995
1787777100,4591.975,4594.725,4591.435,4594.725
1787781600,4603.39,4605.34,4601.955,4602.545
1787782500,4602.56,4613.41,4602.405,4610.92
1787783400,4610.95,4611.635,4608.715,4610.87
1787784300,4610.86,4612.605,4606.975,4609.46
1787785200,4609.5,4615.81,4607.01,4615.66
1787786100,4615.585,4622.385,4614.55,4620.2
1787787000,4620.175,4624.94,4618.315,4622.74
1787787900,4622.67,4625.14,4620.88,4623.7
1787788800,4623.865,4627.05,4616.37,4618.25
1787789700,4618.29,4621.54,4613.325,4619.115
1787790600,4618.88,4618.88,4605.3,4606.23
1787791500,4606.23,4611.14,4600.735,4605.2
1787792400,4605.25,4625.075,4602.46,4624.825
1787793300,4624.835,4625.22,4616.93,4618.455
1787794200,4618.45,4631.38,4617.79,4624.12
1787795100,4624.095,4640.91,4623.86,4640.015
1787796000,4640.03,4643.21,4638.32,4640.585
1787796900,4640.645,4640.765,4632.905,4633.185
1787797800,4633.07,4633.83,4623.675,4627.36
1787798700,4627.43,4631.545,4624.4,4629.85
1787799600,4629.78,4635.245,4628.44,4634.38
1787800500,4634.395,4638.77,4632.985,4635.525
1787801400,4635.515,4635.785,4628.89,4629.365
1787802300,4629.375,4629.78,4624.48,4625.63
1787803200,4625.68,4627.4,4624.54,4625.525
1787804100,4625.535,4627.055,4620.645,4620.66
1787805000,4620.75,4620.985,4617.28,4619.33
1787805900,4619.31,4620.88,4617.775,4618.945
1787806800,4618.985,4621.585,4616.36,4620.15
1787807700,4620.1,4621.75,4617.065,4617.235
1787808600,4617.165,4619.95,4604.955,4605.46
1787809500,4605.445,4609.86,4600.935,4607.24
1787810400,4607.23,4607.775,4599.795,4606.19
1787811300,4606.195,4610.62,4604.07,4610.485
1787812200,4610.475,4612,4604.825,4607.625
1787813100,4607.55,4609.76,4597.915,4600.32
1787814000,4600.265,4605.955,4598.57,4603.95
1787814900,4603.975,4603.975,4593.705,4599.48
1787815800,4599.49,4601.515,4595.11,4597.88
1787816700,4597.92,4602.705,4595.78,4600.39
1787817600,4600.385,4606.96,4599.855,4603.41
1787818500,4603.415,4606.295,4600.18,4601.075
1787819400,4601.085,4601.975,4594.765,4596.2
1787820300,4596.19,4602.39,4595.815,4599.105
1787821200,4599.105,4600.9,4593.8,4596.23
1787822100,4596.22,4599.445,4593.81,4597.875
1787823000,4597.87,4599.36,4577.975,4582.575
1787823900,4582.585,4586.06,4579.175,4580.505
1787824800,4580.53,4582.115,4569.29,4581.69
1787825700,4581.68,4583.76,4577.7,4580.5
1787826600,4580.455,4586.185,4576.23,4585.725
1787827500,4585.76,4590.585,4585.66,4590.14
1787828400,4590.12,4592.645,4587.32,4592.59
1787829300,4592.595,4596.99,4591.15,4594.565
1787830200,4594.645,4599.785,4593.905,4597.67
1787831100,4597.655,4600.39,4594.555,4598.34
1787832000,4598.385,4601.225,4592.68,4592.85
1787832900,4592.86,4600.785,4591.8,4595.475
1787833800,4595.495,4596.775,4587.17,4587.6
1787834700,4587.645,4588.15,4580.54,4585.925
1787835600,4585.985,4591.06,4579.83,4585.475
1787836500,4585.465,4593.475,4583.11,4590.195
1787837400,4590.155,4593.1,4572.29,4578.82
1787838300,4578.785,4582.94,4564.27,4572.515
1787839200,4572.595,4579.425,4568.485,4573.88
1787840100,4573.885,4584.265,4573.71,4581.455
1787841000,4581.445,4597.53,4581.26,4595.285
1787841900,4595.28,4598.185,4588.12,4591.39
1787842800,4591.32,4595.585,4591.22,4592.575
1787843700,4592.565,4598.14,4588.94,4593.045
1787844600,4593.05,4605.84,4592.19,4601.205
1787845500,4601.2,4611.305,4600.2,4610.505
1787846400,4610.535,4613.015,4604.47,4604.48
1787847300,4604.54,4608.63,4602.525,4607.62
1787848200,4607.635,4612.865,4606.025,4611.55
1787849100,4611.54,4616.695,4610.185,4615
1787850000,4615.12,4616.55,4608.65,4610.31
1787850900,4610.285,4612.115,4608.35,4610.39
1787851800,4610.38,4614.48,4608.425,4611.05
1787852700,4611.015,4611.77,4605.21,4606.54
1787853600,4606.645,4608.025,4602.175,4605.56
1787854500,4605.48,4607.975,4601.48,4601.675
1787855400,4601.57,4605.185,4600.97,4604.645
1787856300,4604.625,4611.22,4604.34,4610.345
1787857200,4610.39,4618.02,4610.39,4615.59
1787858100,4615.605,4616.11,4604.215,4605.87
1787859000,4605.84,4610.3,4604.855,4609.935
1787859900,4609.94,4612.92,4605.295,4609.505
1787860800,4609.38,4609.78,4603.755,4604.935
1787861700,4604.93,4605.56,4602.805,4603.86
1787862600,4603.865,4604.55,4602.1,4603.91
1787863500,4603.905,4604.89,4600.115,4602.145
1787868000,4601.95,4605.44,4601.02,4604.855
1787868900,4604.85,4608.46,4604.48,4607.635
1787869800,4607.64,4610.155,4606.765,4607.9
1787870700,4607.905,4610.78,4606.735,4610.705
1787871600,4610.695,4611.46,4602.975,4603.05
1787872500,4603.03,4603.91,4600.125,4601.08
1787873400,4601.1,4602.565,4598.645,4599.75
1787874300,4599.77,4599.885,4594.335,4594.59
1787875200,4594.54,4602.66,4593.32,4600.685
1787876100,4600.68,4600.88,4590.68,4593.92
1787877000,4593.97,4594.3,4587.945,4591.2
1787877900,4591.185,4591.32,4585.845,4588.875
1787878800,4588.92,4602.32,4586.485,4594.125
1787879700,4594.195,4598.135,4583.975,4585.97
1787880600,4586,4589.265,4578.42,4582.26
1787881500,4582.28,4583.395,4575.505,4575.985
1787882400,4576.015,4582.885,4575.055,4581.615
1787883300,4581.59,4585.05,4578.845,4583.645
1787884200,4583.64,4589.84,4583.265,4585.21
1787885100,4585.28,4587.48,4582.46,4586.545
1787886000,4586.555,4588.52,4582.775,4584.275
1787886900,4584.28,4590.22,4584.28,4588.08
1787887800,4588.12,4588.38,4581.2,4582.135
1787888700,4582.17,4582.325,4578.75,4580.005
1787889600,4580,4580.585,4578.05,4579.585
1787890500,4579.535,4585.52,4578.89,4584.85
1787891400,4584.855,4584.855,4578.26,4580.005
1787892300,4580.01,4585.39,4578.415,4584.465
1787893200,4584.495,4585.425,4578.495,4580.04
1787894100,4580.035,4586.405,4579.19,4584.17
1787895000,4584.14,4584.21,4571.86,4572.825
1787895900,4572.875,4577.605,4571.66,4573.555
1787896800,4573.57,4583.645,4572.62,4581.975
1787897700,4582.005,4585.755,4580.735,4585.195
1787898600,4585.19,4588.7,4582.96,4588.475
1787899500,4588.53,4613.22,4588.345,4612.605
1787900400,4612.55,4613.435,4596.77,4600.88
1787901300,4600.89,4610.24,4599.4,4607.545
1787902200,4607.55,4614.375,4607.17,4609.185
1787903100,4609.2,4613.535,4607.445,4611.835
1787904000,4611.75,4614.59,4609.96,4611.805
1787904900,4611.81,4612.405,4608.015,4609.155
1787905800,4609.145,4611.525,4603.265,4603.56
1787906700,4603.475,4606.235,4601.065,4602.88
1787907600,4602.84,4604.445,4600.865,4601.74
1787908500,4601.745,4604.18,4600.38,4601.77
1787909400,4601.785,4605.085,4601,4604.1
1787910300,4604.125,4607.425,4603.05,4605.205
1787911200,4605.29,4609.075,4603.44,4608.69
1787912100,4608.725,4609.96,4601.96,4605.45
1787913000,4605.49,4608.07,4601.975,4603.005
1787913900,4602.93,4603.425,4597.64,4600.295
1787914800,4600.31,4601.455,4595.085,4598.895
1787915700,4598.89,4601.38,4597.725,4598.985
1787916600,4598.95,4600.975,4591.44,4594.81
1787917500,4594.845,4596.175,4591.68,4593.565
1787918400,4593.585,4597.205,4590.955,4594.53
1787919300,4594.545,4603.775,4592.515,4601.43
1787920200,4601.435,4602.245,4589.13,4591.99
1787921100,4592.02,4602.85,4590.345,4601.74
1787922000,4601.82,4605.48,4596.26,4599.06
1787922900,4599.155,4604.515,4593.845,4604.005
1787923800,4604,4607.955,4598.95,4604.815
1787924700,4604.89,4627.4,4604.605,4604.605
1787925600,4603.8,4631.98,4543.8,4546.21
1787926500,4546.255,4568.62,4530.02,4552.215
1787927400,4552.23,4577.175,4551.97,4561.215
1787928300,4561.11,4580.83,4550.64,4576.765
1787929200,4576.76,4582.9,4556.965,4559.25
1787930100,4559.225,4569.415,4551.55,4566.795
1787931000,4566.87,4567.665,4534.365,4539.37
1787931900,4539.365,4546.125,4524.125,4524.61
1787932800,4524.595,4529.625,4497.47,4497.995
1787933700,4497.95,4503.8,4464.415,4481.285
1787934600,4481.28,4487.685,4466.13,4469.32
1787935500,4469.315,4485.115,4469.3,4479.545
1787936400,4479.53,4482.985,4471.335,4480.84
1787937300,4480.845,4486.84,4475.085,4478.125
1787938200,4478.17,4481.825,4460.63,4467.43
1787939100,4467.44,4475.93,4466.575,4469.43
1787940000,4469.435,4471.7,4459.685,4461.395
1787940900,4461.44,4463.56,4452.605,4456.21
1787941800,4456.165,4458.755,4445.455,4451.335
1787942700,4451.345,4458.405,4448.485,4456.95
1787943600,4456.985,4462.885,4453.085,4457.19
1787944500,4457.155,4463.69,4455.295,4462.155
1787945400,4462.165,4467.185,4461.045,4465.12
1787946300,4465.15,4465.15,4453.035,4458.545
1787947200,4458.535,4462.755,4455.46,4457.9
1787948100,4457.92,4460.69,4453.88,4458.175
1787949000,4458.265,4458.45,4453.91,4457.195
1787949900,4457.185,4460.12,4453.135,4454.99
1788127200,4445.72,4459.72,4445.545,4458.945
1788128100,4458.95,4466.18,4455.905,4459.735
1788129000,4459.815,4462.57,4452.925,4457.9
1788129900,4457.865,4462.52,4456.995,4461.43
1788130800,4461.425,4466.95,4459.675,4460.575
1788131700,4460.625,4465.19,4455.255,4457.71
1788132600,4457.69,4458.075,4446.645,4447.625
1788133500,4447.665,4460.62,4435.825,4458.495
1788134400,4458.51,4463.57,4453.325,4462.13
1788135300,4462.08,4465.265,4452.425,4456.905
1788136200,4456.895,4472.165,4456.855,4465.405
1788137100,4465.365,4469.07,4456.23,4456.305
1788138000,4456.31,4463.295,4435.96,4443.735
1788138900,4443.705,4454.615,4442.23,4443.925
1788139800,4443.91,4453.935,4436.575,4450.96
1788140700,4450.97,4452.775,4436.245,4440.26
1788141600,4440.265,4441.505,4418.215,4424.46
1788142500,4424.46,4428.18,4418.79,4422.995
1788143400,4423.03,4426.505,4402.025,4403.305
1788144300,4403.315,4422.99,4396.525,4422.985
1788145200,4422.91,4428.23,4421.82,4428.175
1788146100,4428.21,4434.05,4426.42,4427.835
1788147000,4427.8,4427.8,4419.955,4422.97
1788147900,4422.95,4427.1,4421.66,4422.695
1788148800,4422.82,4423.08,4417.08,4421.255
1788149700,4421.22,4421.59,4415.895,4415.95
1788150600,4415.945,4421.955,4413,4420.28
1788151500,4420.29,4425.06,4418.75,4424.635
1788152400,4424.615,4426.995,4419.37,4422.735
1788153300,4422.76,4440.895,4422.045,4440.41
1788154200,4440.4,4442.3,4430.695,4437.77
1788155100,4437.805,4443.98,4434.21,4443.07
1788156000,4443.015,4443.265,4429.35,4432.295
1788156900,4432.195,4439.065,4431.37,4435.96
1788157800,4435.93,4441.21,4431.445,4439.635
1788158700,4439.67,4442.64,4436.68,4439.47
1788159600,4439.44,4441.91,4435.735,4436.205
1788160500,4436.155,4448.32,4435.23,4444.02
1788161400,4444.03,4447.225,4441.27,4446.625
1788162300,4446.615,4447.785,4440.935,4443.25
1788163200,4443.275,4449.53,4437.045,4438.775
1788164100,4438.765,4441.465,4436.08,4440.165
1788165000,4440.16,4440.275,4434.44,4435.445
1788165900,4435.435,4437.01,4433.815,4435.645
1788166800,4435.69,4443,4435.605,4442.915
1788167700,4442.975,4444.26,4437.955,4439.23
1788168600,4439.22,4444.745,4439.085,4443.015
1788169500,4443.02,4445.54,4440.895,4445.38
1788170400,4445.41,4453.73,4444.88,4451.6
1788171300,4451.555,4452.16,4446.425,4448.425
1788172200,4448.405,4451.635,4447.575,4450.94
1788173100,4450.9,4455.615,4449.38,4453.93
1788174000,4453.91,4457.605,4453.235,4453.73
1788174900,4453.735,4464.23,4452.655,4463.365
1788175800,4463.36,4464.09,4453.585,4454.865
1788176700,4454.76,4456.35,4452.65,4455.46
1788177600,4455.425,4460.935,4450.815,4457.305
1788178500,4457.415,4458.775,4447.335,4447.705
1788179400,4447.59,4449.99,4439.06,4440.535
1788180300,4440.53,4441.7,4435.44,4435.8
1788181200,4435.81,4446.765,4433.895,4446.06
1788182100,4446.025,4448.255,4439.27,4446.105
1788183000,4446.025,4447.44,4432.19,4433.87
1788183900,4433.795,4433.83,4415.75,4418.7
1788184800,4418.69,4428.03,4416.27,4427.6
1788185700,4427.56,4431.29,4416.555,4420.34
1788186600,4420.305,4436.96,4419.395,4432.935
1788187500,4432.92,4436.295,4426.235,4431.815
1788188400,4431.795,4437.765,4428.41,4435.405
1788189300,4435.42,4438.005,4429.175,4432.945
1788190200,4432.885,4434.505,4426.425,4427.41
1788191100,4427.465,4433.725,4424.735,4426.435
1788192000,4426.48,4437.47,4423.94,4434.835
1788192900,4434.83,4438.73,4433.45,4438.445
1788193800,4438.41,4440.4,4431.5,4435.85
1788194700,4435.83,4437.705,4432.28,4433.365
1788195600,4433.36,4435.405,4430.885,4433.745
1788196500,4433.74,4437.28,4428.85,4430.67
1788197400,4430.455,4436.955,4429.825,4436.68
1788198300,4436.39,4440.15,4435.79,4436.64
1788199200,4436.645,4436.88,4430.565,4433.925
1788200100,4433.855,4434.695,4429.695,4429.83
1788201000,4429.84,4430.36,4426.3,4429.425
1788201900,4429.455,4434.8,4429.21,4431.065
1788202800,4431.06,4435.475,4429.2,4433.825
1788203700,4433.795,4442.485,4433.055,4440.54
1788204600,4440.505,4445.44,4439.145,4443.07
1788205500,4443.02,4453.76,4441.575,4453.415
1788206400,4453.46,4455.925,4449.79,4450.075
1788207300,4450.065,4450.4,4446.965,4447.415
1788208200,4447.305,4449.335,4446.845,4448.255
1788209100,4448.22,4449.24,4446.62,4449.24
1788213600,4454.255,4455.88,4451.845,4451.935
1788214500,4451.93,4452.295,4447.93,4449.935
1788215400,4449.905,4451.34,4447.345,4447.88
1788216300,4447.93,4448.335,4445.65,4447.125
1788217200,4447.165,4447.335,4443.92,4444.145
1788218100,4444.155,4444.435,4441.85,4443.42
1788219000,4443.41,4448.08,4443.26,4445.74
1788219900,4445.72,4452.545,4445.625,4452.35
1788220800,4452.395,4458.09,4446.48,4455.28
1788221700,4455.275,4461.7,4452.775,4460.345
1788222600,4460.45,4461.255,4452.175,4453.405
1788223500,4453.375,4461.57,4451.025,4453.745
1788224400,4453.81,4457.015,4445.61,4446.575
1788225300,4446.595,4447.9,4438.03,4439.86
1788226200,4439.845,4445.885,4436.505,4445.805
1788227100,4445.77,4446.775,4439.55,4444.51
1788228000,4444.485,4449.395,4442.01,4445.075
1788228900,4445.045,4448.5,4440.335,4440.785
1788229800,4440.77,4441.16,4431.66,4431.92
1788230700,4431.77,4443.19,4427.695,4443.05
1788231600,4443.04,4444.175,4438.615,4440.01
1788232500,4439.99,4440.54,4431.92,4434.185
1788233400,4434.195,4438.915,4433.45,4438.705
1788234300,4438.7,4443.425,4436.69,4436.79
1788235200,4436.795,4437.81,4430.34,4431.32
1788236100,4431.325,4433.87,4429.68,4429.74
1788237000,4429.755,4430.685,4426.78,4427.985
1788237900,4428.015,4429.75,4425.555,4426.815
1788238800,4426.82,4432.745,4426.355,4429.56
1788239700,4429.565,4430.78,4425.47,4427
1788240600,4426.945,4443.685,4423.705,4442.83
1788241500,4442.875,4446.105,4440.06,4440.28
1788242400,4440.13,4440.63,4431.83,4433.085
1788243300,4433.105,4435.26,4427.8,4429.175
1788244200,4429.155,4435.345,4428.58,4435.045
1788245100,4435.11,4435.42,4428.38,4429.76
1788246000,4429.755,4435.095,4429.565,4433.325
1788246900,4433.31,4433.8,4426.06,4426.28
1788247800,4426.21,4428.425,4412.205,4418.33
1788248700,4418.36,4423.385,4417.085,4420.19
1788249600,4420.145,4420.145,4389.54,4405.72
1788250500,4405.675,4406.045,4381.85,4383.185
1788251400,4383.085,4384,4370.08,4375.875
1788252300,4375.88,4378.745,4369.365,4370.905
1788253200,4370.84,4376.195,4366.55,4376.12
1788254100,4376.13,4378.26,4370.575,4373.015
1788255000,4373.005,4373.16,4365.645,4371.655
1788255900,4371.605,4373.75,4364.545,4364.795
1788256800,4364.785,4381.94,4364.41,4378.42
1788257700,4378.45,4385.765,4378.315,4384.99
1788258600,4384.985,4386.1,4381.55,4381.575
1788259500,4381.65,4381.825,4375.245,4378.255
1788260400,4378.215,4383.225,4376,4377.375
1788261300,4377.38,4382.03,4375.01,4380.545
1788262200,4380.44,4384.92,4378.39,4384.19
1788263100,4384.275,4387.385,4371.97,4374.64
1788264000,4374.525,4374.77,4367.115,4371.135
1788264900,4371.08,4376.265,4366.07,4368.62
1788265800,4368.545,4369.13,4352.015,4365.025
1788266700,4364.97,4369.82,4356.22,4356.29
1788267600,4356.3,4357.75,4326.27,4329.63
1788268500,4329.715,4344.805,4326.545,4343.495
1788269400,4343.39,4362.39,4341.33,4361.88
1788270300,4361.8,4367.575,4354.275,4365.28
1788271200,4365.49,4370.9,4353.31,4370.37
1788272100,4370.365,4375.695,4365.795,4365.845
1788273000,4365.865,4373.335,4364.31,4367.175
1788273900,4367.085,4370.41,4356.785,4360.44
1788274800,4360.505,4363.18,4355.23,4357.375
1788275700,4357.385,4366.035,4356.335,4365.915
1788276600,4365.825,4370.955,4361.66,4370.835
1788277500,4370.815,4373.955,4368.64,4372.955
1788278400,4372.99,4374.79,4362.47,4362.485
1788279300,4362.435,4365.655,4352.62,4352.87
1788280200,4352.675,4357.82,4347.09,4354.88
1788281100,4354.87,4359.18,4351.07,4351.42
1788282000,4351.47,4352.05,4344.435,4346.54
1788282900,4346.555,4350.23,4342.845,4350.01
1788283800,4349.935,4352.045,4342.83,4344.06
1788284700,4344.04,4344.64,4341.09,4343.025
1788285600,4343.06,4344.625,4334.515,4336.54
1788286500,4336.535,4341.83,4335.655,4337.645
1788287400,4337.59,4337.745,4328.51,4329.775
1788288300,4329.785,4334.4,4328.305,4331.85
1788289200,4331.81,4337.48,4329.265,4337.47
1788290100,4337.46,4337.78,4333.455,4334.655
1788291000,4334.665,4334.935,4322.745,4326.57
1788291900,4326.6,4330.59,4323.67,4327.125
1788292800,4327.145,4330.875,4323.74,4325.78
1788293700,4325.84,4329.12,4325.005,4326.13
1788294600,4326.09,4330.755,4325.35,4327.75
1788295500,4327.7,4330.015,4326.92,4328.405
1788300000,4331.385,4331.59,4328.59,4329.36
1788300900,4329.26,4329.47,4327.305,4327.96
1788301800,4327.91,4329.815,4326.385,4328.23
1788302700,4328.26,4331.255,4327.525,4329.32
1788303600,4329.28,4332.66,4327.135,4330.835
1788304500,4330.785,4331.83,4325.92,4331.105
1788305400,4331.125,4335.9,4331,4333.935
1788306300,4333.935,4334.01,4322.945,4324.465
1788307200,4324.455,4330.55,4315.8,4328.355
1788308100,4328.345,4334.59,4322.71,4325.955
1788309000,4325.97,4331.8,4320.35,4330.16
1788309900,4330.135,4331.48,4314.63,4315.905
1788310800,4315.815,4322.905,4304.585,4317.58
1788311700,4317.605,4326.815,4315.265,4317.4
1788312600,4317.425,4318.655,4305.22,4309.385
1788313500,4309.32,4310.005,4288.44,4291.11
1788314400,4291.12,4302.1,4287.27,4296.33
1788315300,4296.45,4306.66,4296.205,4304.65
1788316200,4304.805,4314.855,4299.63,4309.195
1788317100,4309.19,4311.21,4300.365,4303.055
1788318000,4302.95,4304.455,4296.87,4300.95
1788318900,4300.935,4302.685,4289.5,4293.82
1788319800,4293.845,4293.995,4282.625,4288.795
1788320700,4288.74,4304.04,4288.665,4303.45
1788321600,4303.44,4306.915,4302.265,4304.42
1788322500,4304.405,4305.87,4301.32,4302.985
1788323400,4303.105,4308.06,4302.72,4304.92
1788324300,4304.925,4307.765,4303.895,4307.465
1788325200,4307.415,4310.25,4303.72,4310.12
1788326100,4310.085,4314.08,4306.93,4313.22
1788327000,4313.21,4325.15,4313.205,4323.31
1788327900,4323.32,4326.645,4319.495,4320.12
1788328800,4320.16,4329.325,4317.66,4326.69
1788329700,4326.675,4328.61,4320.91,4322.875
1788330600,4322.805,4326.475,4316.965,4324.31
1788331500,4324.315,4325.03,4314.525,4321.875
1788332400,4321.84,4331.15,4319.285,4326.81
1788333300,4326.795,4329.355,4324.97,4326.88
1788334200,4326.84,4331.405,4321.955,4322.63
1788335100,4322.67,4325.125,4320.47,4323.17
1788336000,4323.2,4331.645,4322.115,4325.575
1788336900,4325.56,4327.825,4322.725,4323.325
1788337800,4323.275,4326.95,4319.67,4322.135
1788338700,4322.14,4322.725,4312.685,4313.07
1788339600,4313.045,4322.54,4312.455,4313.905
1788340500,4313.925,4315.385,4304.87,4309.085
1788341400,4309.09,4311.915,4307.31,4310.185
1788342300,4310.165,4311.415,4308.07,4308.645
1788343200,4308.68,4309.785,4301.745,4306.805
1788344100,4306.83,4312.355,4306.08,4310
1788345000,4310.125,4310.75,4307.275,4309.53
1788345900,4309.465,4310.53,4305.285,4309.395
1788346800,4309.35,4324.675,4307.705,4322.815
1788347700,4322.825,4323.305,4315.615,4321.99
1788348600,4321.965,4333.025,4321.815,4324.65
1788349500,4324.755,4333.1,4323.51,4332.495
1788350400,4332.5,4336.46,4329.18,4333.175
1788351300,4333.125,4344.385,4330.02,4336.48
1788352200,4336.475,4337.88,4327.495,4334.46
1788353100,4334.465,4339.43,4330.6,4331.525
1788354000,4331.61,4344.625,4330.85,4339.475
1788354900,4339.69,4358.655,4336.735,4358.4
1788355800,4358.365,4379.47,4357.105,4378.125
1788356700,4378.085,4385.515,4367.755,4385.12
1788357600,4385.105,4397.75,4378.92,4387.87
1788358500,4387.86,4397.31,4384.92,4387.67
1788359400,4387.7,4388.255,4381.325,4385.545
1788360300,4385.525,4386.85,4374.41,4377.04
1788361200,4377.065,4381.045,4372.65,4372.815
1788362100,4372.76,4373.02,4365.64,4372.67
1788363000,4372.68,4375.3,4366.09,4366.35
1788363900,4366.28,4373.99,4364.64,4373.195
1788364800,4373.18,4374.91,4368.92,4372.455
1788365700,4372.445,4372.53,4367.7,4368.665
1788366600,4368.62,4370.58,4364.52,4365.02
1788367500,4365.01,4370.745,4364.645,4368.4
1788368400,4368.405,4371.245,4367.625,4368.995
1788369300,4368.95,4370.01,4364.735,4369.95
1788370200,4369.955,4377.745,4366.635,4376.605
1788371100,4376.595,4380.855,4375.465,4377.08
1788372000,4377.075,4377.68,4370.265,4370.35
1788372900,4370.365,4379.85,4369.32,4373.24
1788373800,4373.23,4378.25,4372.645,4373.165
1788374700,4373.085,4375.93,4372.71,4374.265
1788375600,4374.24,4380.475,4371.83,4379.28
1788376500,4379.25,4383.18,4378.34,4381.25
1788377400,4381.365,4388.785,4381.25,4388.17
1788378300,4388.13,4391.365,4384.985,4391.205
1788379200,4391.23,4391.67,4385.965,4386.11
1788380100,4386.19,4387.775,4384.055,4386.295
1788381000,4386.29,4389.86,4385.74,4387.83
1788381900,4387.88,4390.665,4387.285,4388.22
1788386400,4391.29,4391.835,4389.985,4390.035
1788387300,4390.04,4390.94,4387.95,4389.945
1788388200,4389.95,4390.005,4384.975,4385.315
1788389100,4385.32,4385.46,4383.535,4384.75
1788390000,4384.755,4386.845,4383.965,4384.11
1788390900,4384.14,4384.3,4382.015,4382.35
1788391800,4382.275,4385.58,4381.25,4385.45
1788392700,4385.435,4388.94,4384.6,4385.73
1788393600,4385.735,4392.785,4384.61,4390.33
1788394500,4390.27,4390.405,4385.28,4387.245
1788395400,4387.225,4389.96,4382.505,4387.785
1788396300,4387.905,4397.985,4385.835,4395.585
1788397200,4395.645,4409.475,4387.365,4401.49
1788398100,4401.4,4403.815,4394.08,4401.765
1788399000,4401.705,4409.54,4400.495,4401.075
1788399900,4401.02,4412.625,4400.47,4410.565
1788400800,4410.53,4415.59,4409.22,4411.235
1788401700,4411.24,4413.455,4406.795,4411.65
1788402600,4411.655,4418.105,4409.6,4413.755
1788403500,4413.725,4420.565,4411.655,4420.425
1788404400,4420.415,4430.21,4419.4,4428.88
1788405300,4428.92,4431.375,4424.695,4429.54
1788406200,4429.52,4432.245,4426.61,4426.61
1788407100,4426.655,4432.685,4425.39,4431.485
1788408000,4431.455,4435.905,4425.665,4431.315
1788408900,4431.275,4436.96,4430.07,4436.595
1788409800,4436.625,4438.665,4435.595,4438.14
1788410700,4438.145,4438.725,4434.03,4437.405
1788411600,4437.4,4440.355,4428.91,4429.725
1788412500,4429.69,4430.92,4422.76,4425.18
1788413400,4425.2,4432.76,4422.585,4432.295
1788414300,4432.315,4439.4,4428.53,4431.155
1788415200,4431.185,4436.38,4425.745,4427.065
1788416100,4427.095,4430.855,4417.575,4421.615
1788417000,4421.565,4426.22,4420.435,4425.65
1788417900,4425.6,4428.98,4420.59,4420.59
1788418800,4420.61,4431.635,4419.165,4422.175
1788419700,4422.22,4430.365,4421.8,4426.59
1788420600,4426.515,4430.86,4423.72,4426.825
1788421500,4426.755,4431.085,4424.44,4428.91
1788422400,4428.86,4443.715,4428.135,4431.405
1788423300,4431.41,4439.585,4430.735,4438.32
1788424200,4438.33,4439.715,4431.5,4434.46
1788425100,4434.475,4440.14,4434.055,4434.97
1788426000,4435.025,4442.04,4434.245,4438.07
1788426900,4438.025,4438.39,4432.17,4435.265
1788427800,4435.225,4438.04,4429.645,4430.115
1788428700,4430.045,4430.575,4425.595,4427.62
1788429600,4427.66,4429.965,4423.105,4424.535
1788430500,4424.56,4425.71,4419.09,4422.66
1788431400,4422.665,4426.4,4420.235,4425.785
1788432300,4425.69,4428.64,4424.115,4427.345
1788433200,4427.38,4432.83,4425.12,4432.715
1788434100,4432.67,4438.135,4430.36,4434.465
1788435000,4434.495,4439.32,4426.615,4438.73
1788435900,4438.74,4445.745,4436.67,4444.28
1788436800,4444.25,4450.26,4441.155,4443.895
1788437700,4443.865,4449.355,4437.855,4446.75
1788438600,4446.735,4478.825,4446.735,4468.17
1788439500,4468.075,4495.23,4465.54,4493.535
1788440400,4493.585,4496.01,4484.795,4485.77
1788441300,4485.785,4488.045,4476.965,4480.23
1788442200,4480.27,4482.445,4468.085,4470.185
1788443100,4470.07,4471.16,4456.925,4470.785
1788444000,4470.78,4473.02,4458.385,4469.39
1788444900,4469.385,4481.015,4469.32,4477.43
1788445800,4477.435,4479.81,4466.025,4473.085
1788446700,4473.07,4485.425,4470.71,4485.365
1788447600,4485.37,4504.415,4484.28,4503.67
1788448500,4503.675,4510.93,4501.685,4506.51
1788449400,4506.51,4509.75,4494.9,4494.98
1788450300,4495.05,4495.635,4486.18,4493.345
1788451200,4493.335,4495.445,4487.77,4494.02
1788452100,4494.015,4494.885,4490.735,4493.48
1788453000,4493.56,4495.57,4486.925,4487.93
1788453900,4487.815,4491.135,4485.53,4486.28
1788454800,4486.36,4488.825,4483.355,4487.985
1788455700,4488,4493.8,4485.28,4492.955
1788456600,4492.96,4494.17,4490.93,4492.03
1788457500,4492.035,4494.745,4486.56,4486.695
1788458400,4486.705,4489.835,4484.005,4484.015
1788459300,4484.04,4488.105,4479.91,4480.005
1788460200,4480.05,4482.955,4476.01,4481.575
1788461100,4481.51,4482.835,4474.02,4475.19
1788462000,4475.175,4477.08,4472.93,4474.385
1788462900,4474.39,4476.68,4472.65,4475.835
1788463800,4475.815,4478.895,4474.005,4477.57
1788464700,4477.55,4480.805,4473.235,4475.29
1788465600,4475.235,4475.74,4471.55,4471.935
1788466500,4471.885,4472.58,4470.55,4471.77
1788467400,4471.78,4472.93,4471.095,4472.475
1788468300,4472.47,4474.175,4471.815,4472.965
1788472800,4476.075,4478.48,4474.435,4478.285
1788473700,4478.26,4478.99,4474.275,4475.135
1788474600,4475.125,4476.615,4472.695,4474.16
1788475500,4474.155,4475.98,4471.515,4474.645
1788476400,4474.545,4477.78,4472.42,4474.405
1788477300,4474.4,4475.25,4471.79,4473.985
1788478200,4474.035,4478.455,4473.685,4477.41
1788479100,4477.345,4480.4,4475,4480.16
1788480000,4480.06,4483.455,4478.29,4480.965
1788480900,4480.97,4481.1,4474.305,4474.72
1788481800,4474.75,4482.42,4472.91,4482.385
1788482700,4482.405,4487.475,4480.74,4486.4
1788483600,4486.51,4487.545,4474.495,4475.035
1788484500,4475.045,4479.19,4468.03,4471.075
1788485400,4471,4477.02,4468.3,4474.03
1788486300,4474.085,4480.635,4467.125,4478.925
1788487200,4479.075,4482.605,4477.255,4479.475
1788488100,4479.425,4480.515,4471.68,4474.1
1788489000,4474.11,4477.415,4470.46,4470.97
1788489900,4470.955,4480.985,4470.43,4477.47
1788490800,4477.495,4478.73,4470.455,4473.655
1788491700,4473.645,4474.82,4471.505,4472.58
1788492600,4472.59,4475.44,4469.22,4469.4
1788493500,4469.345,4470.235,4467.185,4467.185
1788494400,4467.145,4470.25,4465.49,4469.555
1788495300,4469.545,4472.54,4468.485,4471.85
1788496200,4471.83,4475.125,4471.8,4473.825
1788497100,4473.85,4475.06,4472.87,4473.825
1788498000,4473.785,4474.65,4467.485,4469.63
1788498900,4469.505,4475.34,4467.625,4467.765
1788499800,4467.77,4477.695,4466.91,4471.205
1788500700,4471.115,4473.03,4467.36,4472.205
1788501600,4472.21,4473.5,4466.74,4469.04
1788502500,4469.065,4471.905,4466.885,4468.995
1788503400,4468.945,4470.02,4463.175,4464.26
1788504300,4464.205,4464.495,4460.155,4462.935
1788505200,4462.915,4471.515,4461.51,4467.755
1788506100,4467.745,4472.84,4466.605,4472.685
1788507000,4472.71,4486.335,4472.71,4485.765
1788507900,4485.755,4490.895,4481.415,4483.425
1788508800,4483.43,4486.54,4479.43,4482.045
1788509700,4481.995,4484.135,4479.6,4481.24
1788510600,4481.255,4482.64,4477.525,4477.605
1788511500,4477.54,4479.94,4474.49,4477.97
1788512400,4477.95,4479.315,4469.145,4470.17
1788513300,4470.155,4470.78,4464,4466.77
1788514200,4466.79,4470.32,4464.635,4467.515
1788515100,4467.545,4469.835,4465.65,4465.69
1788516000,4465.665,4473.28,4465.53,4472.885
1788516900,4472.65,4473.71,4468.2,4471.38
1788517800,4471.375,4475.38,4470.11,4473.62
1788518700,4473.67,4476.45,4472.82,4472.955
1788519600,4473.035,4473.515,4469.56,4470.38
1788520500,4470.395,4470.935,4465.47,4465.68
1788521400,4465.72,4470.445,4465.325,4468.265
1788522300,4468.235,4470.755,4465.145,4467.145
1788523200,4467.17,4470.46,4464.655,4464.855
1788524100,4464.845,4476.665,4464.475,4472.23
1788525000,4472.16,4475.105,4376.18,4393.91
1788525900,4393.895,4410.035,4380.205,4393.77
1788526800,4393.735,4394.925,4365.57,4394.365
1788527700,4394.345,4414.765,4391.535,4412.71
1788528600,4412.725,4424.135,4405.265,4423.875
1788529500,4423.83,4434.93,4413.285,4413.285
1788530400,4413.27,4435.11,4412.06,4433.965
1788531300,4433.97,4437.445,4426.65,4429.23
1788532200,4429.24,4442.26,4425.53,4429.01
1788533100,4429.04,4432.165,4417.34,4427.605
1788534000,4427.67,4443.66,4422.825,4443.385
1788534900,4443.38,4449,4439.59,4439.885
1788535800,4439.905,4446.745,4436.605,4442.94
1788536700,4443.04,4446.185,4435.83,4436.655
1788537600,4436.605,4440.465,4432.31,4438.955
1788538500,4438.91,4443.615,4433.315,4434.31
1788539400,4434.185,4439.92,4433.445,4438.22
1788540300,4438.38,4440.615,4434.745,4436.37
1788541200,4436.335,4436.61,4430.2,4433.86
1788542100,4433.875,4440.55,4427.515,4428.685
1788543000,4428.615,4429.815,4416.265,4417.27
1788543900,4417.185,4421.395,4415.645,4416.58
1788544800,4416.615,4419.795,4411.97,4419.63
1788545700,4419.725,4426.75,4419.21,4424.725
1788546600,4424.855,4425.755,4421.36,4423.075
1788547500,4423.085,4425.975,4422.12,4424.035
1788548400,4424.06,4430.075,4422.615,4429.205
1788549300,4429.215,4435.975,4426.905,4435.71
1788550200,4435.715,4438.565,4434.245,4437.08
1788551100,4437.095,4437.545,4432.875,4434.925
1788552000,4434.915,4435.245,4430.97,4431.755
1788552900,4431.705,4431.895,4429.435,4430.085
1788553800,4430.08,4430.915,4429.01,4430.47
1788554700,4430.535,4431.595,4428.69,4429.825
1788732000,4422.495,4429.205,4422.165,4429.13
1788732900,4429.08,4430.395,4426.99,4428.925
1788733800,4428.9,4431.345,4427.705,4430.77
1788734700,4430.8,4435.255,4429.235,4429.39
1788735600,4429.38,4431.29,4429.175,4429.845
1788736500,4429.835,4430.08,4425.195,4426.97
1788737400,4426.74,4430.62,4425.195,4428.99
1788738300,4429.015,4434.06,4421.165,4423.435
1788739200,4423.535,4427.58,4421.195,4424.995
1788740100,4424.99,4428.93,4422.365,4422.39
1788741000,4422.365,4425.265,4418.555,4424.17
1788741900,4424.165,4429.605,4410.1,4412.78
1788742800,4412.75,4416.055,4395.67,4400.075
1788743700,4400.09,4403.855,4389.585,4403.615
1788744600,4403.77,4413.4,4403.29,4410.32
1788745500,4410.36,4416.87,4408.88,4409.215
1788746400,4409.23,4410.665,4403.085,4404.035
1788747300,4404.055,4409.47,4403.59,4407.78
1788748200,4408.005,4418.685,4406.965,4414.925
1788749100,4414.945,4419.02,4407.34,4408.91
1788750000,4408.995,4410.705,4405.595,4407.975
1788750900,4407.89,4410.335,4404.73,4408.89
1788751800,4408.805,4409.01,4401.84,4402.035
1788752700,4401.94,4405.145,4401.26,4404.285
1788753600,4404.27,4407.455,4401.58,4406.83
1788754500,4406.87,4406.9,4400.385,4402.42
1788755400,4402.39,4402.755,4394.58,4396.85
1788756300,4396.65,4399.125,4395.62,4398.145
1788757200,4398.165,4404.325,4397.735,4402.675
1788758100,4402.69,4411.79,4402.12,4411.145
1788759000,4411.155,4413.315,4401.605,4404.395
1788759900,4404.37,4406.655,4393.25,4394.225
1788760800,4394.255,4394.89,4385.33,4392.12
1788761700,4392.105,4398.385,4390.22,4394.54
1788762600,4394.545,4399.865,4394.025,4396.31
1788763500,4396.325,4399.29,4391.35,4392.91
1788764400,4392.945,4401.94,4391.855,4401.505
1788765300,4401.535,4402.19,4394.65,4395.405
1788766200,4395.42,4399.21,4392.445,4396.08
1788767100,4395.99,4406.83,4395.09,4406.45
1788768000,4406.35,4417.81,4405.275,4417.325
1788768900,4417.34,4423.63,4416.375,4419.855
1788769800,4419.86,4423.885,4413.49,4414.75
1788770700,4414.735,4415.26,4409.685,4411.005
1788771600,4411.055,4413.885,4410.905,4411.245
1788772500,4411.195,4411.975,4405.54,4405.745
1788773400,4405.855,4410.24,4403.695,4409.655
1788774300,4409.63,4410.39,4404.8,4405.745
1788775200,4405.645,4406.355,4402.435,4403.105
1788776100,4403.005,4404.785,4395.96,4396.03
1788777000,4395.98,4399.385,4391.975,4398.615
1788777900,4398.67,4398.845,4388.11,4391.695
1788778800,4391.68,4394.505,4389.175,4393.8
1788779700,4393.805,4394.975,4387.57,4389.76
1788780600,4389.69,4390.155,4381.24,4386.78
1788781500,4386.785,4392.185,4385.15,4385.33
1788782400,4385.335,4393.12,4385.335,4390.86
1788783300,4390.88,4395.37,4390.415,4395.36
1788784200,4395.31,4397.725,4392.865,4397.15
1788785100,4397.1,4398.17,4394.235,4396.845
1788786000,4396.745,4404.765,4395.47,4404.265
1788786900,4404.275,4405.085,4401.535,4403.9
1788787800,4403.845,4407.56,4401.775,4403.325
1788788700,4403.345,4407.85,4401.215,4402.43
1788789600,4402.445,4408.965,4401.16,4407.195
1788790500,4407.235,4409.19,4405.15,4407.035
1788791400,4407.03,4412.19,4404.735,4411.945
1788792300,4411.91,4419.655,4410.8,4416.035
1788793200,4416.045,4416.705,4409.33,4414.975
1788794100,4414.945,4415.115,4411.74,4412.99
1788795000,4412.94,4414.115,4408.905,4411.895
1788795900,4411.9,4415.135,4411.25,4414.53
1788796800,4414.515,4417.4,4412.945,4415.495
1788797700,4415.49,4416.04,4412.78,4413.77
1788798600,4413.765,4414.265,4411.965,4414.16
1788799500,4414.22,4414.575,4413.01,4414.575
1788800400,4414.57,4415.185,4412.01,4412.15
1788801300,4412.16,4413.79,4412.15,4412.365
1788802200,4412.35,4412.725,4410.01,4410.92
1788803100,4410.87,4410.885,4407.125,4407.175
1788804000,4407.18,4409.185,4404.49,4405.055
1788804900,4404.95,4406.375,4403.13,4406.065
1788818400,4412.87,4413.605,4411.855,4412.735
1788819300,4412.75,4413.46,4409.65,4409.705
1788820200,4409.695,4410.04,4407.92,4408.25
1788821100,4408.225,4408.52,4406.295,4407.645
1788822000,4407.265,4412.34,4407.245,4411.06
1788822900,4411.065,4412.765,4408.82,4410.825
1788823800,4410.775,4428.01,4410.775,4427.24
1788824700,4427.295,4428.17,4420.09,4423.085
1788825600,4423.145,4424.545,4415.215,4417.31
1788826500,4417.41,4430.325,4416.115,4421.6
1788827400,4421.585,4426.44,4418.83,4421.6
1788828300,4421.62,4427.615,4415.26,4426.255
1788829200,4426.24,4431.47,4417.19,4428.76
1788830100,4428.875,4436.335,4427.08,4434.46
1788831000,4434.505,4437.11,4430.8,4433.605
1788831900,4433.71,4440.81,4433.71,4437.245
1788832800,4437.33,4438.785,4426.22,4428.325
1788833700,4428.3,4429.825,4424.625,4425.115
1788834600,4425.11,4427.055,4421.525,4426.81
1788835500,4426.865,4428.23,4421.295,4424.41
1788836400,4424.405,4431.915,4422.75,4429.745
1788837300,4429.73,4440.235,4428.77,4432.275
1788838200,4432.245,4435.06,4430.72,4432.845
1788839100,4432.87,4438.96,4432.64,4437.875
1788840000,4437.965,4442.98,4437.965,4439.295
1788840900,4439.305,4440.63,4431.695,4432.765
1788841800,4432.8,4436.74,4432.365,4436.645
1788842700,4436.595,4439.975,4434.145,4436
1788843600,4435.985,4437.77,4427.205,4427.415
1788844500,4427.4,4431.63,4420.3,4420.685
1788845400,4420.71,4427.12,4418.13,4426.005
1788846300,4426.06,4429.05,4417.595,4419.675
1788847200,4419.595,4420.365,4408.65,4411.765
1788848100,4411.74,4411.74,4399.265,4400.325
1788849000,4400.33,4408.955,4398.325,4407.48
1788849900,4407.49,4409.395,4403.33,4403.71
1788850800,4403.705,4409.465,4402.435,4402.89
1788851700,4403,4404.315,4400.28,4401.71
1788852600,4401.7,4405.43,4391.375,4395.66
1788853500,4395.64,4397.465,4390.19,4392.58
1788854400,4392.575,4396.075,4388.01,4390.665
1788855300,4390.675,4396.54,4389.675,4394.84
1788856200,4394.845,4398.67,4391.9,4392.855
1788857100,4392.85,4398.43,4391.07,4394.19
1788858000,4394.185,4398.195,4391.395,4397.605
1788858900,4397.595,4399.525,4392.43,4393.105
1788859800,4393.05,4403.9,4390.9,4401.48
1788860700,4401.485,4405.725,4401.12,4403.04
1788861600,4403.035,4403.055,4393.69,4396.405
1788862500,4396.34,4407.015,4395.965,4399.53
1788863400,4399.525,4399.645,4394.025,4397.095
1788864300,4397.09,4400.505,4395.295,4395.3
1788865200,4395.295,4399.76,4391.165,4395.19
1788866100,4395.16,4403.03,4395.09,4402.08
1788867000,4402.075,4408.005,4400.595,4403.64
1788867900,4403.7,4406.785,4397.8,4406.485
1788868800,4406.43,4406.8,4390.645,4391.955
1788869700,4391.96,4401.955,4385.475,4401.955
1788870600,4401.925,4408.33,4395.365,4396.68
1788871500,4396.715,4411.9,4395.85,4411.73
1788872400,4411.735,4413.235,4402.57,4408.55
1788873300,4408.535,4410.86,4399.08,4400.35
1788874200,4400.345,4405.86,4390.49,4396.89
1788875100,4396.865,4407.505,4394.565,4395.655
1788876000,4395.635,4402.825,4391.545,4394.405
1788876900,4394.355,4403.715,4394.065,4396.68
1788877800,4396.745,4400.77,4392.785,4397.505
1788878700,4397.525,4399.19,4389.295,4398.845
1788879600,4398.85,4408.3,4397.65,4404.785
1788880500,4404.795,4409.31,4396.435,4398.985
1788881400,4399.02,4404.175,4397.365,4400.265
1788882300,4400.27,4400.595,4394.74,4394.765
1788883200,4394.77,4395.21,4380.655,4386.62
1788884100,4386.59,4395.65,4383.83,4394.075
1788885000,4394.11,4396.735,4392.975,4394.215
1788885900,4394.175,4398.56,4390.355,4393.72
1788886800,4393.76,4403.725,4393.75,4395.565
1788887700,4395.605,4397.485,4392.055,4394.045
1788888600,4394.105,4395.2,4385.575,4385.59
1788889500,4385.58,4390.57,4385.415,4390.155
1788890400,4390.15,4390.485,4384.185,4387.725
1788891300,4387.73,4387.86,4384.485,4385.66
1788892200,4385.775,4385.865,4381.595,4385.68
1788893100,4385.665,4386.725,4358.34,4375.74
1788894000,4375.695,4377.46,4369.415,4370.545
1788894900,4370.545,4373.135,4366.37,4368.66
1788895800,4368.675,4369.82,4361.505,4368.825
1788896700,4368.83,4368.96,4356.8,4359.505
1788897600,4359.485,4364.465,4356.11,4360.335
1788898500,4360.295,4361.505,4355.73,4357.025
1788899400,4357.035,4358.97,4356.44,4358.1
1788900300,4358.13,4358.24,4345.06,4355.705
1788904800,4357.66,4357.92,4353.075,4356.315
1788905700,4356.355,4357.79,4353.47,4354.755
1788906600,4354.785,4356.315,4350.74,4352.125
1788907500,4352.22,4354.525,4351.045,4354.335
1788908400,4354.32,4355.185,4352.1,4352.585
1788909300,4352.575,4357.82,4352.045,4357.655
1788910200,4357.58,4360.035,4356.82,4358.615
1788911100,4358.59,4358.72,4349.28,4350.1
1788912000,4350.15,4353.095,4344.565,4349.765
1788912900,4349.77,4350.245,4341.255,4347.13
1788913800,4347.155,4355.18,4343.85,4355.06
1788914700,4355.035,4365.59,4353.015,4364.77
1788915600,4364.795,4368.73,4354.22,4368.445
1788916500,4368.45,4373.245,4362.9,4371.835
1788917400,4371.785,4378.07,4370.845,4376.51
1788918300,4376.49,4378.34,4370.88,4373.82
1788919200,4373.92,4375.895,4370.71,4373.615
1788920100,4373.705,4377.205,4371.805,4373.1
1788921000,4373.095,4374.555,4367.35,4374.35
1788921900,4374.26,4384.58,4373.11,4382.375
1788922800,4382.295,4382.925,4378.35,4379.14
1788923700,4379.135,4379.47,4375.615,4378.11
1788924600,4378.12,4380.225,4375.465,4378.825
1788925500,4378.85,4379.38,4375.24,4375.26
1788926400,4375.245,4376.19,4370.78,4373.46
1788927300,4373.505,4380.75,4372.47,4380.225
1788928200,4380.21,4380.215,4376.475,4378.135
1788929100,4378.14,4382.615,4377.71,4381.64
1788930000,4381.73,4387.93,4380.38,4387.74
1788930900,4387.725,4388.715,4383.36,4385.235
1788931800,4385.21,4395.65,4384.305,4395.575
1788932700,4395.57,4401.08,4392.61,4398.84
1788933600,4398.885,4405.44,4398.35,4401.395
1788934500,4401.38,4403.375,4395.36,4398.26
1788935400,4398.545,4406.185,4397.19,4400.42
1788936300,4400.52,4401.68,4398.87,4400.66
1788937200,4400.665,4407.845,4399.38,4406.625
1788938100,4406.455,4408.92,4403.11,4407.805
1788939000,4407.8,4410.64,4406.515,4410.395
1788939900,4410.405,4413.01,4408.4,4409.28
1788940800,4409.32,4411.98,4403.8,4403.84
1788941700,4403.855,4404.935,4399.505,4399.78
1788942600,4399.755,4403.645,4399.07,4399.94
1788943500,4399.935,4403.315,4399.085,4400.695
1788944400,4400.765,4402.325,4398.025,4398.59
1788945300,4398.545,4400.25,4397.045,4398.475
1788946200,4398.53,4398.875,4395.38,4396.305
1788947100,4396.255,4396.255,4388.795,4390.86
1788948000,4390.855,4393.525,4386.335,4391.095
1788948900,4391.135,4396.155,4389.285,4394.405
1788949800,4394.37,4399.32,4393.65,4394.905
1788950700,4394.85,4403.205,4394.64,4399.665
1788951600,4399.65,4404.61,4399.65,4403.56
1788952500,4403.57,4409.085,4401.41,4408.36
1788953400,4408.32,4408.495,4403.585,4405.595
1788954300,4405.625,4415.365,4403.44,4407.48
1788955200,4407.5,4409.44,4399.295,4399.49
1788956100,4399.52,4400.425,4393.795,4393.94
1788957000,4393.945,4397.69,4391,4395.525
1788957900,4395.535,4402.31,4395.495,4400.19
1788958800,4400.18,4413.66,4398.655,4413.415
1788959700,4413.425,4430.425,4410.965,4429.535
1788960600,4429.5,4434.175,4413.04,4417.31
1788961500,4417.315,4423.79,4410.9,4415.25
1788962400,4415.12,4428.845,4414.385,4423.56
1788963300,4423.57,4426.105,4409.935,4426.005
1788964200,4426.01,4427.055,4418.66,4418.9
1788965100,4418.895,4423.535,4414.965,4418.855
1788966000,4418.79,4432.385,4380.39,4389.945
1788966900,4390.05,4395.445,4375.155,4394.635
1788967800,4394.685,4407.15,4392.56,4403.095
1788968700,4403.15,4407.25,4398.075,4398.52
1788969600,4398.53,4403.095,4394.925,4397.92
1788970500,4397.91,4402.585,4391.54,4401.7
1788971400,4401.675,4407.825,4399,4407.36
1788972300,4407.355,4410.425,4405.615,4409.385
1788973200,4409.5,4420.56,4408.835,4416.555
1788974100,4416.565,4420.56,4414.43,4414.875
1788975000,4414.93,4417.235,4411.815,4413.585
1788975900,4413.605,4416.955,4413.305,4416.115
1788976800,4416.18,4421.65,4415.825,4420.42
1788977700,4420.405,4420.89,4416.78,4418.05
1788978600,4418.075,4418.45,4409.6,4409.925
1788979500,4409.955,4410.19,4401.775,4403.2
1788980400,4403.26,4404.24,4396.98,4400.3
1788981300,4400.315,4404.945,4398.65,4399.615
1788982200,4399.64,4400.945,4395.725,4400.04
1788983100,4400.045,4401.675,4396.39,4399.24
1788984000,4399.215,4399.445,4396.47,4397.41
1788984900,4397.4,4397.65,4393.59,4394.92
1788985800,4394.925,4400.955,4394.895,4400.265
1788986700,4400.225,4402.115,4399.4,4402.115
1788991200,4405.28,4406.105,4402.57,4402.905
1788992100,4402.9,4404.38,4400.405,4402.5
1788993000,4402.46,4403.99,4400.05,4401.505
1788993900,4401.535,4401.765,4397.755,4399.765
1788994800,4399.58,4403.245,4398.425,4400.71
1788995700,4400.635,4402.51,4395.955,4397.895
1788996600,4397.73,4399.375,4393.435,4394.43
1788997500,4394.47,4395.37,4393.28,4394.275
1788998400,4394.315,4397.17,4389.735,4395.035
1788999300,4395.085,4398.525,4392.305,4392.93
1789000200,4392.985,4401.64,4391.535,4401.03
1789001100,4401.075,4404.87,4397.935,4401.15
1789002000,4401.05,4419.24,4400.185,4412.935
1789002900,4412.94,4416.66,4410.44,4410.595
1789003800,4410.65,4411.17,4405.415,4410.285
1789004700,4410.265,4414.645,4408.055,4412.425
1789005600,4412.43,4418.92,4411.76,4414.095
1789006500,4414.3,4417.715,4408.235,4417.125
1789007400,4417.115,4420.88,4411.28,4418.19
1789008300,4418.245,4421.01,4416.3,4419.565
1789009200,4419.58,4421.17,4411.89,4412.87
1789010100,4412.86,4415.125,4409.485,4410.18
1789011000,4410.19,4412.845,4407.33,4408.11
1789011900,4408.1,4410.09,4406.905,4409.255
1789012800,4409.31,4415.65,4409.26,4414.15
1789013700,4414.105,4415.625,4410.84,4411.715
1789014600,4411.745,4413.735,4405.73,4406.72
1789015500,4406.71,4411.825,4406.455,4408.675
1789016400,4408.725,4418.95,4408.345,4418.93
1789017300,4418.94,4420.745,4417.02,4420.665
1789018200,4420.63,4429.575,4417.53,4428.085
1789019100,4428.095,4431.2,4423.695,4431.17
1789020000,4431.125,4435.045,4416.095,4416.565
1789020900,4416.57,4417.73,4410.995,4417.645
1789021800,4417.63,4427.105,4413.325,4426.97
1789022700,4426.98,4428.945,4423.605,4425.225
1789023600,4425.205,4425.435,4413.24,4413.455
1789024500,4413.46,4415.235,4408.175,4408.565
1789025400,4408.69,4410.92,4404.225,4409.83
1789026300,4409.77,4415.445,4409.09,4411.86
1789027200,4411.805,4412.855,4404.745,4405.915
1789028100,4405.925,4407.89,4404.13,4405.945
1789029000,4405.955,4406.245,4394.97,4396.07
1789029900,4396.12,4398.525,4392.58,4395.045
1789030800,4395.015,4396.785,4389.825,4395.265
1789031700,4395.27,4397.025,4391.865,4392.97
1789032600,4392.975,4393.185,4388.405,4393.165
1789033500,4393.16,4395.965,4392.595,4394.08
1789034400,4394.035,4400.115,4389.76,4395.355
1789035300,4395.35,4400.245,4393.765,4394.22
1789036200,4394.28,4394.82,4378.07,4383.875
1789037100,4383.84,4388.3,4375.24,4379
1789038000,4379,4384.62,4375.43,4383.65
1789038900,4383.645,4388.87,4380.08,4385.97
1789039800,4385.895,4391.025,4384.465,4384.61
1789040700,4384.57,4385.395,4374.1,4374.57
1789041600,4374.565,4378.055,4369.955,4375.595
1789042500,4375.585,4377.395,4362.125,4364.47
1789043400,4364.37,4373.945,4324.17,4341.03
1789044300,4341.02,4355.205,4336.49,4340.2
1789045200,4340.215,4355.415,4339.33,4344.08
1789046100,4344.01,4357.99,4341.54,4357.99
1789047000,4357.825,4373.415,4352.39,4364.745
1789047900,4364.72,4376.045,4362.54,4365.985
1789048800,4365.94,4375.13,4359.26,4359.445
1789049700,4359.355,4376.45,4354.03,4363.58
1789050600,4363.555,4370.35,4356.39,4356.455
1789051500,4356.46,4361.915,4354.095,4358.15
1789052400,4358.155,4361.49,4352.735,4359.725
1789053300,4359.735,4367.7,4358.63,4365.49
1789054200,4365.53,4372.14,4362.37,4365.975
1789055100,4366.01,4370.205,4360.875,4365.84
1789056000,4365.83,4370.16,4354.075,4359.145
1789056900,4359.095,4363.785,4355.335,4363.03
1789057800,4363.025,4365.585,4355.765,4356.6
1789058700,4356.64,4364.395,4356.355,4364.14
1789059600,4364.24,4367.83,4359.675,4362.61
1789060500,4362.59,4366.975,4361.345,4365.96
1789061400,4365.98,4366.485,4355.475,4359.6
1789062300,4359.61,4360.395,4351.28,4352.705
1789063200,4352.76,4356.175,4340.5,4341.025
1789064100,4341.015,4346.465,4337.56,4339.13
1789065000,4339.12,4339.155,4331.9,4333.9
1789065900,4333.74,4338.795,4330.03,4333.115
1789066800,4333.09,4333.09,4313.85,4322.53
1789067700,4322.545,4331.04,4319.545,4327.33
1789068600,4327.34,4329.645,4323.525,4324.49
1789069500,4324.5,4326.2,4320.245,4324.515
1789070400,4324.535,4324.535,4319.995,4323.135
1789071300,4323.13,4323.25,4316.48,4318.59
1789072200,4318.62,4318.78,4315.955,4318.115
1789073100,4318.09,4319.085,4314.645,4317.025
1789077600,4322.94,4324.065,4321.17,4321.54
1789078500,4321.55,4322.24,4319.1,4319.92
1789079400,4319.925,4320.63,4313.765,4316.27
1789080300,4316.275,4319.36,4315.315,4318.62
1789081200,4318.535,4320.145,4316.625,4319.85
1789082100,4319.885,4320.665,4317.915,4318.47
1789083000,4318.5,4320.64,4314.585,4316.44
1789083900,4316.445,4318.285,4311.345,4315.38
1789084800,4315.385,4323.975,4312.73,4319.4
1789085700,4319.355,4324.405,4317.205,4324.095
1789086600,4324.09,4327.89,4319.88,4327.805
1789087500,4327.77,4334.045,4327.015,4332.32
1789088400,4332.31,4340.6,4328.225,4333.27
1789089300,4333.19,4337.485,4320.89,4328.145
1789090200,4328.23,4335.07,4322.61,4326.87
1789091100,4326.875,4330.3,4324.16,4329.53
1789092000,4329.505,4333.535,4327.91,4330.87
1789092900,4330.85,4334.515,4323.565,4325.165
1789093800,4325.16,4326.55,4316.845,4318.805
1789094700,4318.8,4326.91,4315.945,4322.755
1789095600,4322.7,4326.495,4314.555,4319.775
1789096500,4319.78,4321.78,4304.155,4309.475
1789097400,4309.355,4312.75,4306.595,4308.41
1789098300,4308.475,4308.58,4300.795,4304.19
1789099200,4304.185,4324.995,4302.14,4321.575
1789100100,4321.695,4329.35,4319.525,4328.625
1789101000,4328.655,4333.055,4325.585,4330.545
1789101900,4330.78,4335.31,4329.22,4331.755
1789102800,4331.76,4338.19,4328.32,4338.12
1789103700,4338.04,4339.405,4333.545,4334.66
1789104600,4334.69,4343.105,4333.845,4343.045
1789105500,4342.985,4352.03,4339.91,4346.17
1789106400,4346.22,4361.15,4345.775,4359.265
1789107300,4359.26,4360.535,4351.245,4351.56
1789108200,4351.555,4354.14,4347.055,4350.805
1789109100,4350.775,4355.46,4349.49,4353.215
1789110000,4353.21,4356.24,4349.905,4351.84
1789110900,4351.865,4352.445,4346.18,4346.455
1789111800,4346.46,4347.825,4343.245,4345.185
1789112700,4345.175,4345.25,4340.64,4345.005
1789113600,4345.075,4349.475,4342.1,4347.465
1789114500,4347.41,4357.635,4343.645,4351.49
1789115400,4351.48,4356.825,4351.095,4352.61
1789116300,4352.655,4355.52,4345.55,4347.01
1789117200,4347.055,4354.035,4342.485,4342.485
1789118100,4342.49,4346.37,4341.625,4343.765
1789119000,4343.77,4345.345,4340.925,4343.5
1789119900,4343.48,4347.705,4342.495,4346.275
1789120800,4346.375,4349.855,4341.345,4346.08
1789121700,4346.085,4349.975,4345.82,4349.355
1789122600,4349.39,4349.775,4343.795,4345.2
1789123500,4345.305,4345.485,4336.8,4337.63
1789124400,4337.555,4342.715,4334.77,4338.04
1789125300,4338.025,4341.665,4336.105,4336.55
1789126200,4336.56,4337.505,4330.285,4334.92
1789127100,4334.925,4336.325,4330.935,4333.51
1789128000,4333.52,4335.02,4324.845,4328.11
1789128900,4328.12,4343.5,4327.42,4341.31
1789129800,4341.345,4362.87,4292.11,4354.09
1789130700,4354.14,4390.26,4352.635,4388.555
1789131600,4388.45,4394.515,4380.54,4389.455
1789132500,4389.505,4398.695,4380.605,4390.105
1789133400,4390.355,4400.475,4381.72,4394.86
1789134300,4395.14,4402.555,4387.155,4401.595
1789135200,4401.59,4402.63,4381.72,4383.295
1789136100,4383.275,4385.45,4374.325,4375.24
1789137000,4375.245,4375.745,4364.8,4371.48
1789137900,4371.545,4384.42,4370.435,4370.915
1789138800,4370.715,4372.915,4359.32,4362.63
1789139700,4362.64,4372.535,4361.615,4370.5
1789140600,4370.355,4377.245,4369.04,4372.78
1789141500,4372.77,4373.8,4365.19,4367.055
1789142400,4367.025,4372.775,4361.035,4361.35
1789143300,4361.325,4364.175,4352.045,4354.955
1789144200,4354.965,4365.915,4353.45,4363.475
1789145100,4363.52,4365.035,4360.24,4361.615
1789146000,4361.61,4368.95,4360.795,4365.705
1789146900,4365.8,4369.755,4363.42,4366.835
1789147800,4366.815,4370.43,4359.945,4362.05
1789148700,4362.02,4363.79,4357.98,4358.285
1789149600,4358.335,4360.125,4345.395,4347.005
1789150500,4347.01,4353.1,4344.195,4350.7
1789151400,4350.65,4351.645,4345.87,4347.245
1789152300,4347.205,4347.515,4344.325,4347.005
1789153200,4347.03,4352.07,4344.485,4352.07
1789154100,4351.87,4353.905,4347.37,4347.475
1789155000,4347.585,4348.525,4345.205,4346.275
1789155900,4346.24,4349.595,4342.745,4348.75
1789156800,4348.715,4351.51,4348.15,4348.455
1789157700,4348.355,4350.5,4346.345,4348.905
1789158600,4348.89,4349.225,4345.905,4346.575
1789159500,4346.615,4349.83,4345.605,4349.42
1789336800,4338.79,4342.305,4330.075,4330.97
1789337700,4330.98,4336.515,4328.405,4336.315
1789338600,4336.21,4338.38,4333.8,4337.285
1789339500,4337.265,4340.225,4335.515,4338.1
1789340400,4338.125,4342.615,4338.025,4339.68
1789341300,4339.685,4340.785,4335.905,4339.52
1789342200,4339.495,4342.375,4337.99,4338.13
1789343100,4338.1,4338.43,4332.075,4333.03
1789344000,4333.025,4347.71,4329.85,4342.83
1789344900,4342.82,4345.2,4333.175,4338.085
1789345800,4338.17,4340.93,4332.345,4338.475
1789346700,4338.48,4343.635,4337.355,4338.73
1789347600,4338.685,4344.795,4329.695,4331.775
1789348500,4331.73,4338.025,4326.345,4335.755
1789349400,4335.83,4346.8,4328.47,4342.625
1789350300,4342.62,4355.4,4342.595,4353.355
1789351200,4353.335,4354.975,4348.405,4349.485
1789352100,4349.46,4354.255,4348.35,4352.33
1789353000,4352.34,4355.405,4343.26,4345.67
1789353900,4345.62,4348.08,4330.375,4331.085
1789354800,4330.995,4336.33,4327.705,4333.675
1789355700,4333.69,4336.625,4332.175,4335.08
1789356600,4335.09,4335.45,4327.335,4329.45
1789357500,4329.44,4333.81,4328.835,4330.705
1789358400,4330.69,4331.99,4329.28,4329.32
1789359300,4329.33,4331.8,4328.92,4331.66
1789360200,4331.65,4331.805,4323.54,4323.57
1789361100,4323.565,4331.83,4322.17,4329.755
1789362000,4329.76,4332.855,4326.75,4330.945
1789362900,4331.025,4332.335,4326.41,4326.59
1789363800,4326.58,4337.245,4325.5,4331.025
1789364700,4331.25,4337.52,4323.42,4337.4
1789365600,4337.395,4338.765,4326.96,4329.99
1789366500,4329.97,4332.645,4326.955,4330.135
1789367400,4330.125,4332.445,4325.32,4327.415
1789368300,4327.46,4329.815,4320.69,4322.32
1789369200,4322.29,4324.39,4317.715,4324.1
1789370100,4324.155,4324.395,4316.47,4317.045
1789371000,4317.035,4319.76,4315.825,4319.405
1789371900,4319.42,4322.24,4307.995,4311.055
1789372800,4311.06,4318.36,4310.97,4313.37
1789373700,4313.395,4314.52,4310.345,4310.755
1789374600,4310.69,4316.27,4309.74,4312.065
1789375500,4312.005,4313.535,4303.45,4306.695
1789376400,4306.69,4311.93,4305.15,4306.075
1789377300,4306.065,4306.26,4280.63,4288.16
1789378200,4288.075,4289.87,4279.32,4281.65
1789379100,4281.645,4288.525,4278.3,4285.63
1789380000,4285.615,4289.62,4278.315,4288.395
1789380900,4288.385,4292.835,4286,4291.17
1789381800,4291.195,4295.085,4289.305,4294.075
1789382700,4294.105,4296.64,4290.1,4294.685
1789383600,4294.69,4297.09,4291.175,4292.235
1789384500,4292.275,4297.02,4291.22,4296.215
1789385400,4296.08,4296.905,4292.205,4292.44
1789386300,4292.42,4293.995,4284.39,4287.17
1789387200,4287.175,4296.94,4285.3,4294.885
1789388100,4294.955,4297.665,4283.435,4286.14
1789389000,4286.21,4289.8,4273.405,4283.805
1789389900,4283.78,4283.78,4266.005,4271.27
1789390800,4271.26,4272.885,4253.635,4266.525
1789391700,4266.48,4277.975,4263.985,4273.705
1789392600,4273.785,4278.6,4266.855,4274.99
1789393500,4274.98,4281.38,4269.82,4272.735
1789394400,4272.685,4282.09,4265.135,4281.71
1789395300,4281.7,4283.01,4264.125,4270.205
1789396200,4270.305,4277.295,4266.8,4276.985
1789397100,4277.01,4279.6,4273.94,4279.57
1789398000,4279.65,4286.645,4272.57,4277.09
1789398900,4277.005,4284.865,4272.565,4283.675
1789399800,4283.58,4298.435,4282.88,4294.145
1789400700,4294.25,4294.98,4286.475,4288.25
1789401600,4288.295,4297.73,4286.425,4294.345
1789402500,4294.355,4305.355,4294.355,4300.025
1789403400,4300.015,4308.045,4299.495,4306.14
1789404300,4306.135,4317.83,4304.785,4315.715
1789405200,4315.755,4316.44,4311.055,4311.055
1789406100,4311.06,4314.16,4309.215,4311.83
1789407000,4311.85,4313.665,4307.815,4310.07
1789407900,4310.035,4313.96,4308.61,4311.06
1789408800,4311.045,4315.79,4308.23,4312.615
1789409700,4312.665,4312.73,4306.41,4309.835
1789410600,4309.79,4313.33,4308.705,4309.445
1789411500,4309.365,4309.86,4304.865,4307.385
1789412400,4307.41,4307.885,4302.91,4306.11
1789413300,4306.065,4306.065,4295.965,4296.375
1789414200,4296.39,4297.445,4290.635,4292.04
1789415100,4292.03,4292.07,4282.885,4283.72
1789416000,4283.715,4288.7,4282.425,4287.985
1789416900,4287.995,4298.305,4287.995,4296.745
1789417800,4296.78,4299.79,4294.55,4294.855
1789418700,4294.915,4299.63,4294.885,4299.52
1789423200,4299.31,4300.19,4296.67,4297.135
1789424100,4297.085,4298.38,4292.99,4295.785
1789425000,4295.79,4298.71,4293.58,4295.69
1789425900,4295.61,4298.34,4293.21,4295.54
1789426800,4295.51,4297.53,4291.11,4292.26
1789427700,4292.285,4292.48,4287.065,4290.165
1789428600,4290.2,4291.845,4288,4289.49
1789429500,4289.51,4289.6,4287.36,4288.375
1789430400,4288.36,4289.225,4283.725,4286.98
1789431300,4286.985,4289.925,4283.845,4288.385
1789432200,4288.385,4293.305,4283.37,4292.8
1789433100,4292.81,4296.825,4291.99,4293.285
1789434000,4293.23,4300.115,4287.915,4299.875
1789434900,4299.84,4306.115,4299.265,4301.885
1789435800,4301.985,4306.535,4295.39,4298.855
1789436700,4298.83,4305.06,4294.33,4304.565
1789437600,4304.635,4311.785,4304.635,4307.435
1789438500,4307.43,4310.255,4305.445,4310.255
1789439400,4310.26,4317.475,4307.235,4311.595
1789440300,4311.54,4317.63,4311.27,4314.315
1789441200,4314.29,4314.69,4310.035,4311.04
1789442100,4311.075,4314.56,4309.905,4310.855
1789443000,4310.84,4313.67,4308.335,4308.79
1789443900,4308.77,4310.17,4303.39,4303.59
1789444800,4303.525,4309.75,4302.59,4307.405
1789445700,4307.41,4308.645,4302.755,4303.8
1789446600,4303.815,4306.355,4300.85,4305.155
1789447500,4305.1,4307.99,4304.255,4304.925
1789448400,4304.975,4307.775,4300.585,4301.755
1789449300,4301.78,4302.095,4296.495,4297.415
1789450200,4297.125,4300.295,4289.255,4296.39
1789451100,4296.445,4300.045,4290.94,4291.205
1789452000,4291.14,4294.655,4286.095,4290
1789452900,4289.96,4292.615,4287.2,4289.56
1789453800,4289.565,4291.375,4286.115,4290.88
1789454700,4290.785,4294.52,4290.525,4292.85
