time,open,high,low,close
1785103380,4090.16,4091.89,4089.02,4089.945
1785103560,4090.43,4091.665,4089.41,4089.915
1785103740,4089.96,4090.585,4087.655,4087.655
1785103920,4087.715,4088.785,4086.54,4088.16
1785104100,4088.295,4088.3,4084.03,4086.025
1785104280,4085.855,4088.4,4084.74,4088.09
1785104460,4088.04,4090.28,4087.29,4087.845
1785104640,4087.795,4088.66,4085.93,4086.39
1785104820,4086.395,4087.28,4085.425,4086.85
1785105000,4086.675,4091.815,4085.83,4091.705
1785105180,4091.735,4093.17,4091.11,4092.855
1785105360,4092.905,4092.94,4089.89,4090.32
1785105540,4090.265,4092.88,4090.06,4091.675
1785105720,4091.6,4092.185,4090.3,4091.365
1785105900,4091.305,4092.9,4090.585,4091.98
1785106080,4091.965,4093.84,4089.76,4091.695
1785106260,4091.625,4092.1,4090.555,4091.295
1785106440,4091.345,4092,4088.955,4090.53
1785106620,4090.525,4091.4,4089.39,4089.575
1785106800,4089.795,4091.435,4087.645,4087.995
1785106980,4087.97,4088.545,4087.105,4088.235
1785107160,4088.16,4088.525,4087.005,4087.695
1785107340,4087.745,4087.855,4085.34,4085.78
1785107520,4085.84,4086.66,4084.53,4084.895
1785107700,4084.985,4086.485,4084.525,4085.585
1785107880,4085.58,4085.84,4084.785,4085.015
1785108060,4085.01,4086.355,4083.8,4084.345
1785108240,4084.275,4085.555,4083.82,4084.405
1785108420,4084.395,4085.67,4084.365,4084.905
1785108600,4084.865,4085.9,4084.69,4085.72
1785108780,4085.5,4087.185,4085.5,4087.08
1785108960,4087.07,4087.93,4086.695,4087.07
1785109140,4087.075,4088.345,4086.245,4088.295
1785109320,4088.3,4089.55,4088.28,4089.195
1785109500,4089.205,4094.66,4088.415,4093.42
1785109680,4093.445,4095.385,4092.4,4095.065
1785109860,4095.115,4096.365,4093.38,4093.425
1785110040,4093.45,4094.47,4093.205,4093.26
1785110220,4093.25,4096.515,4092.8,4094.11
1785110400,4094.105,4104.36,4093.88,4103.17
1785110580,4103.145,4105.06,4100.855,4101.555
1785110760,4101.55,4102.32,4099.655,4100.755
1785110940,4100.75,4114.15,4100.4,4113.79
1785111120,4113.76,4116.185,4113.65,4115.58
1785111300,4115.57,4115.57,4110.18,4112.15
1785111480,4112.155,4112.31,4104.755,4104.755
1785111660,4104.765,4106.335,4102.525,4102.94
1785111840,4102.945,4103.66,4093.89,4097.22
1785112020,4097.1,4097.145,4090.64,4094.74
1785112200,4094.715,4097.855,4093.755,4096.385
1785112380,4096.55,4102.215,4095.115,4102.09
1785112560,4102.02,4102.645,4099.49,4102.415
1785112740,4102.41,4102.465,4098.635,4100.105
1785112920,4100.145,4102.45,4099.58,4100.085
1785113100,4100.075,4105.42,4099.97,4104.69
1785113280,4104.7,4109.295,4104.085,4109.295
1785113460,4109.305,4109.37,4105.56,4106.25
1785113640,4106.245,4106.64,4103.66,4104.58
1785113820,4104.59,4105.165,4099.075,4100.815
1785114000,4100.83,4111.945,4100.71,4107.55
1785114180,4107.565,4111.22,4104.54,4110.37
1785114360,4110.34,4112.48,4106.135,4106.87
1785114540,4106.875,4110.115,4105.855,4110.08
1785114720,4110.09,4110.09,4106.305,4107.365
1785114900,4107.38,4109.23,4104.565,4105.94
1785115080,4105.965,4106.285,4101.505,4101.595
1785115260,4101.605,4103.4,4100.09,4100.77
1785115440,4100.69,4101.98,4097.13,4097.605
1785115620,4097.63,4100.505,4097.475,4100.2
1785115800,4100.22,4103.99,4099.84,4102.635
1785115980,4102.72,4102.72,4098.39,4098.39
1785116160,4098.38,4102.645,4098.015,4102.51
1785116340,4102.58,4104.23,4102.38,4103.165
1785116520,4103.155,4103.73,4102.115,4102.88
1785116700,4102.855,4107.235,4102.855,4105.85
1785116880,4105.79,4106.42,4103.475,4103.52
1785117060,4103.525,4106.945,4102.995,4106.66
1785117240,4106.74,4108.575,4106.26,4107.06
1785117420,4107.065,4110.265,4106.69,4110.255
1785117600,4110.3,4111.105,4106.015,4106.015
1785117780,4105.925,4107.6,4105.14,4107.205
1785117960,4107.16,4107.31,4104.02,4104.815
1785118140,4104.82,4106.235,4103.455,4105.45
1785118320,4105.485,4105.865,4104.265,4105.72
1785118500,4105.695,4106.08,4103.705,4103.72
1785118680,4103.795,4105.44,4103.215,4104.14
1785118860,4104.2,4104.745,4102.28,4102.365
1785119040,4102.245,4105.77,4102.065,4104.415
1785119220,4104.44,4104.865,4102.97,4103.305
1785119400,4103.3,4103.3,4099.65,4101
1785119580,4100.955,4101.215,4099.355,4099.8
1785119760,4100.035,4101.36,4098.005,4098.275
1785119940,4098.215,4098.69,4097.275,4097.445
1785120120,4097.555,4098.125,4095.63,4096.61
1785120300,4096.545,4097.76,4095.145,4095.715
1785120480,4095.62,4095.82,4094.4,4094.525
1785120660,4094.55,4096.95,4094.27,4096.75
1785120840,4096.65,4096.84,4095.115,4095.285
1785121020,4095.295,4096.165,4093.75,4093.765
1785121200,4093.68,4095.955,4093.385,4094.015
1785121380,4094.09,4094.34,4091.075,4091.45
1785121560,4091.475,4093.355,4091.275,4093.065
1785121740,4093.07,4093.385,4089.32,4091.765
1785121920,4091.72,4092.325,4090.905,4092
1785122100,4092.08,4093.46,4091.3,4093.26
1785122280,4093.24,4093.675,4090.89,4091.655
1785122460,4091.63,4091.77,4089.385,4090.195
1785122640,4090.185,4090.65,4086.14,4087.8
1785122820,4087.845,4088.14,4085.435,4085.685
1785123000,4085.555,4088.285,4085.23,4088.09
1785123180,4088.1,4090.695,4087.94,4088.835
1785123360,4088.825,4089.525,4088.07,4089.38
1785123540,4089.37,4090.58,4088.94,4090.175
1785123720,4090.205,4091.03,4089.685,4089.685
1785123900,4089.735,4090.1,4088.725,4089.015
1785124080,4089.01,4089.94,4088.815,4089.82
1785124260,4089.765,4090.74,4089.545,4090.655
1785124440,4090.66,4090.685,4089.195,4089.89
1785124620,4089.87,4091.315,4089.76,4091.045
1785124800,4091.055,4092.925,4090.875,4091.725
1785124980,4091.73,4092.195,4090.69,4091.27
1785125160,4091.145,4091.76,4090.455,4090.965
1785125340,4090.915,4091.135,4088.87,4088.925
1785125520,4088.865,4090.66,4088.785,4090.135
1785125700,4090.14,4090.545,4087.335,4087.485
1785125880,4087.39,4088.37,4087.08,4087.94
1785126060,4087.92,4089.93,4087.835,4088.84
1785126240,4088.78,4089.25,4088.16,4088.845
1785126420,4088.93,4089.165,4087.36,4089.15
1785126600,4089.115,4091.17,4089.115,4090.5
1785126780,4090.505,4091.89,4090.255,4091.845
1785126960,4091.84,4092.53,4091.585,4091.59
1785127140,4091.575,4092.085,4090.865,4091.595
1785127320,4091.605,4092.45,4090.315,4090.585
1785127500,4090.55,4090.89,4090.08,4090.785
1785127680,4090.64,4091.375,4089.865,4089.88
1785127860,4089.9,4090.05,4089.32,4089.69
1785128040,4089.67,4090.985,4089.35,4090.455
1785128220,4090.475,4090.615,4089.635,4090.39
1785128400,4090.395,4091,4088.665,4089.99
1785128580,4089.995,4092.615,4089.74,4089.825
1785128760,4089.82,4094.535,4089.745,4093.33
1785128940,4093.315,4094.305,4092.96,4092.96
1785129120,4092.95,4094.99,4092.52,4094.95
1785129300,4094.935,4094.935,4091.85,4092.83
1785129480,4092.945,4093.195,4090.98,4091.37
1785129660,4091.34,4091.34,4088.83,4089.145
1785129840,4089.13,4089.415,4086.26,4086.45
1785130020,4086.39,4088.21,4086.22,4087.235
1785130200,4087.1,4090.395,4086.91,4089.04
1785130380,4089.03,4089.125,4085.805,4086.805
1785130560,4086.8,4089.67,4086.795,4088.755
1785130740,4088.735,4090.095,4087.425,4087.745
1785130920,4087.75,4088.98,4086.835,4088.305
1785131100,4088.37,4088.47,4084.49,4085.855
1785131280,4085.87,4087.745,4085.29,4086.62
1785131460,4086.615,4088.225,4084.935,4087.45
1785131640,4087.44,4089.545,4087.44,4089.01
1785131820,4088.965,4093.84,4088.745,4093.365
1785132000,4093.33,4094.81,4092.155,4092.87
1785132180,4092.865,4093.98,4091.81,4093.505
1785132360,4093.52,4094.91,4093.315,4093.505
1785132540,4093.55,4096.085,4092.875,4095.765
1785132720,4095.775,4096.505,4093.145,4094.555
1785132900,4094.505,4095.56,4093.74,4094.825
1785133080,4094.805,4095.36,4091.64,4092.46
1785133260,4092.465,4094.01,4091.36,4093.82
1785133440,4093.865,4096.315,4093.48,4095.995
1785133620,4095.975,4096.545,4094.4,4096.285
1785133800,4096.24,4096.755,4094.38,4094.975
1785133980,4095,4097.815,4094.49,4097.615
1785134160,4097.62,4098.54,4097.145,4097.84
1785134340,4097.87,4099.365,4096.9,4096.9
1785134520,4096.76,4099.285,4096.42,4098.76
1785134700,4098.7,4099.22,4097.36,4098.48
1785134880,4098.55,4098.885,4095.645,4095.8
1785135060,4095.82,4097.77,4095.21,4097.5
1785135240,4097.54,4097.545,4095.715,4096.3
1785135420,4096.355,4097.59,4095.98,4096.02
1785135600,4095.98,4100.86,4095.98,4100.255
1785135780,4100.3,4100.905,4098.115,4100.04
1785135960,4100.005,4100.005,4096.44,4097.865
1785136140,4097.85,4099.33,4097.11,4098.775
1785136320,4098.815,4102.13,4098.645,4102.105
1785136500,4102.115,4103.21,4099.96,4101.915
1785136680,4101.98,4104.245,4101.74,4103.885
1785136860,4103.925,4105.785,4103.82,4104.23
1785137040,4104.225,4106.24,4103.98,4104.26
1785137220,4104.335,4104.47,4103.055,4103.24
1785137400,4103.27,4103.45,4101.455,4101.73
1785137580,4101.735,4103.85,4101.72,4102.545
1785137760,4102.555,4102.75,4098.85,4099.24
1785137940,4099.225,4100.025,4097.975,4098.395
1785138120,4098.305,4098.555,4096.03,4097.445
1785138300,4097.44,4099.41,4096.88,4097.595
1785138480,4097.6,4098.17,4095.38,4095.58
1785138660,4095.565,4096.525,4095.01,4095.66
1785138840,4095.68,4095.68,4093.49,4093.93
1785139020,4093.895,4094.44,4088.635,4088.885
1785139200,4088.98,4093.21,4088.915,4090.595
1785139380,4090.605,4090.605,4087.24,4089.14
1785139560,4088.985,4092.61,4088.495,4091.24
1785139740,4091.295,4091.51,4090.02,4091.15
1785139920,4091.155,4092.155,4090.51,4091.405
1785140100,4091.395,4092,4090.34,4090.975
1785140280,4090.955,4091.755,4089.465,4089.59
1785140460,4089.58,4091.615,4089.155,4091.44
1785140640,4091.435,4092.6,4090.875,4092.13
1785140820,4092.125,4092.68,4090.9,4090.93
1785141000,4090.925,4091.25,4089.335,4089.34
1785141180,4089.375,4090.275,4087.435,4088.165
1785141360,4088.17,4090.455,4088.17,4090.335
1785141540,4090.32,4092.19,4089.745,4092.19
1785141720,4092.27,4093.075,4091.13,4091.49
1785141900,4091.47,4093.435,4090.99,4093.175
1785142080,4093.195,4093.67,4092.78,4092.98
1785142260,4092.92,4094.03,4091.375,4093.735
1785142440,4093.61,4095.585,4093.61,4095.115
1785142620,4095.135,4096.985,4094.995,4095.28
1785142800,4095.215,4095.57,4094.295,4094.805
1785142980,4094.785,4096.685,4094.635,4096.32
1785143160,4096.18,4098.485,4095.225,4095.795
1785143340,4095.84,4096.345,4093.91,4095.155
1785143520,4095.215,4095.785,4093.145,4094.135
1785143700,4094.165,4094.845,4093.55,4094.235
1785143880,4094.2,4094.275,4092.925,4093.57
1785144060,4093.56,4095.12,4093.345,4093.595
1785144240,4093.61,4096.025,4092.55,4094.825
1785144420,4094.815,4094.92,4091.26,4091.71
1785144600,4091.675,4093.71,4090.575,4092.54
1785144780,4092.555,4093.56,4091.05,4093.52
1785144960,4093.51,4093.825,4091.485,4091.76
1785145140,4091.78,4092.77,4091.44,4092.47
1785145320,4092.5,4094.94,4092.365,4094.275
1785145500,4094.275,4096.135,4093.8,4096
1785145680,4096.005,4098.92,4095.8,4098.865
1785145860,4098.9,4099.325,4096.245,4097.155
1785146040,4097.15,4100.38,4097.1,4099.21
1785146220,4099.3,4099.59,4096.07,4096.14
1785146400,4096.12,4096.42,4094.22,4095.645
1785146580,4095.705,4096.265,4093.82,4094.355
1785146760,4094.36,4094.46,4093.2,4093.535
1785146940,4093.55,4094.44,4086.64,4086.735
1785147120,4086.75,4091.73,4086.62,4091.08
1785147300,4091.06,4092.45,4089.37,4091.095
1785147480,4091.075,4092.015,4090.27,4091.12
1785147660,4091.17,4094.015,4090.84,4092.855
1785147840,4092.82,4093.88,4092.415,4093.255
1785148020,4093.3,4094.01,4092.69,4093.09
1785148200,4093.085,4095.76,4093.085,4094.97
1785148380,4094.965,4096.15,4094.22,4095.94
1785148560,4095.935,4097.595,4095.415,4097.37
1785148740,4097.47,4099.32,4097.47,4099.06
1785148920,4099.055,4101.885,4098.94,4100.355
1785149100,4100.375,4101.725,4099.9,4101.425
1785149280,4101.475,4102.45,4101.245,4101.795
1785149460,4101.805,4101.905,4100.115,4100.115
1785149640,4100.12,4102.315,4099.705,4100.27
1785149820,4100.275,4100.78,4098.94,4099.625
1785150000,4099.66,4101.13,4097.57,4097.715
1785150180,4097.705,4098.555,4097.08,4098.48
1785150360,4098.5,4103.105,4097.78,4103.08
1785150540,4102.93,4104.11,4102.45,4103.535
1785150720,4103.52,4104.205,4101.78,4101.955
1785150900,4101.995,4103.38,4101.295,4103.38
1785151080,4103.385,4103.385,4099.9,4100.87
1785151260,4100.875,4101.625,4100.015,4100.65
1785151440,4100.645,4100.875,4099.6,4099.6
1785151620,4099.595,4101.49,4096.94,4097.115
1785151800,4097.265,4100.105,4096.705,4098.215
1785151980,4098.17,4098.82,4096.255,4098.315
1785152160,4098.31,4099.405,4097.69,4098.04
1785152340,4098.065,4098.18,4096.5,4098.18
1785152520,4098.14,4098.56,4094.665,4095.68
1785152700,4095.7,4097.375,4094.13,4095.875
1785152880,4095.885,4097.415,4094.815,4097.225
1785153060,4097.115,4097.16,4094.1,4094.335
1785153240,4094.26,4095.02,4094.105,4094.55
1785153420,4094.57,4095.21,4093.695,4094.015
1785153600,4094.03,4097.845,4094.005,4097.755
1785153780,4097.735,4097.735,4094.44,4094.88
1785153960,4094.895,4095.815,4094.095,4094.575
1785154140,4094.545,4095.075,4089.485,4091.675
1785154320,4091.75,4092.115,4086.505,4087.825
1785154500,4087.83,4089.195,4086.525,4088.22
1785154680,4088.25,4088.31,4082.12,4084.035
1785154860,4084.025,4085.35,4081.835,4084.74
1785155040,4084.8,4087.415,4082.445,4087.2
1785155220,4087.225,4088.905,4086.67,4086.795
1785155400,4086.725,4088.73,4083.63,4084.49
1785155580,4084.475,4087.745,4083.25,4086.34
1785155760,4086.345,4087.765,4084.99,4087.765
1785155940,4087.78,4088.14,4085.08,4085.76
1785156120,4085.715,4087.595,4084.55,4086.77
1785156300,4086.74,4089.18,4083.55,4085.665
1785156480,4085.675,4086.555,4082.03,4083.75
1785156660,4083.715,4086.075,4081.93,4084.495
1785156840,4084.485,4084.485,4081.73,4083.945
1785157020,4083.88,4086.69,4082.02,4083.82
1785157200,4083.875,4088.895,4083.46,4088.12
1785157380,4088.165,4088.565,4082.92,4084.96
1785157560,4085.025,4086,4082.25,4084.485
1785157740,4084.49,4084.82,4080.965,4084.45
1785157920,4084.515,4087.93,4084.425,4085.025
1785158100,4085.005,4087.255,4082.12,4082.385
1785158280,4082.39,4084.345,4081.77,4082.26
1785158460,4082.22,4085.34,4081.675,4084.865
1785158640,4084.91,4085.57,4083.53,4084.08
1785158820,4084.085,4085.1,4076.035,4076.275
1785159000,4076.32,4082.17,4075.695,4077.395
1785159180,4077.41,4082.45,4077.345,4081.445
1785159360,4081.465,4085.69,4080.52,4085.69
1785159540,4085.7,4088.415,4084.095,4088.35
1785159720,4088.31,4089.36,4084.825,4086.91
1785159900,4087.05,4088.77,4085.01,4087.77
1785160080,4087.75,4089.59,4086.95,4087.57
1785160260,4087.6,4088.81,4085.055,4086.31
1785160440,4086.34,4086.48,4073.95,4075.63
1785160620,4075.62,4077.08,4070.495,4074.445
1785160800,4074.48,4079.23,4071.31,4079.085
1785160980,4079.11,4079.11,4073.92,4075.39
1785161160,4075.4,4076.93,4073.2,4076.15
1785161340,4076.145,4078.065,4072.585,4074.985
1785161520,4074.965,4077.155,4073.47,4077.075
1785161700,4077.115,4078.53,4074.93,4077.98
1785161880,4077.955,4078.735,4073.195,4073.195
1785162060,4073.185,4076.045,4072.785,4073.18
1785162240,4073.13,4074.365,4071.55,4073.49
1785162420,4073.56,4073.675,4067.27,4068.345
1785162600,4068.335,4069.78,4066.785,4069.165
1785162780,4069.17,4070.315,4066.5,4070.315
1785162960,4070.365,4070.71,4066.185,4069.535
1785163140,4069.545,4070.295,4065.485,4066.77
1785163320,4066.74,4069.56,4065.415,4068.915
1785163500,4068.91,4073.27,4068.91,4072.08
1785163680,4072.075,4073.38,4069.9,4070.265
1785163860,4070.27,4074.38,4070.18,4073.04
1785164040,4073.055,4074.755,4071.64,4073.99
1785164220,4074.04,4077.63,4073.27,4076.335
1785164400,4076.315,4076.485,4072.445,4072.86
1785164580,4072.865,4075.685,4072.76,4074.525
1785164760,4074.5,4075.015,4073.15,4074.735
1785164940,4074.76,4075.18,4072.44,4073.37
1785165120,4073.295,4076.655,4071.915,4076.07
1785165300,4076.005,4079.015,4075.815,4077.44
1785165480,4077.385,4078.39,4075.635,4078.115
1785165660,4078.155,4079.495,4075.75,4075.925
1785165840,4075.915,4076.125,4074.675,4075.79
1785166020,4075.805,4077.07,4075.26,4076.66
1785166200,4076.69,4078.135,4073.775,4073.895
1785166380,4073.855,4074.445,4072.97,4073.955
1785166560,4073.96,4075.105,4072.825,4074.19
1785166740,4074.275,4075.765,4073.46,4075.59
1785166920,4075.635,4076.81,4074.585,4076.16
1785167100,4076.13,4076.945,4074.8,4075.645
1785167280,4075.64,4077.915,4075.415,4077.675
1785167460,4077.7,4079.38,4077.37,4079.365
1785167640,4079.37,4080.05,4077.66,4078.67
1785167820,4078.715,4079.675,4078.375,4078.62
1785168000,4078.625,4079.58,4077.965,4078.515
1785168180,4078.495,4080.04,4078.325,4078.605
1785168360,4078.595,4084,4078.255,4083.815
1785168540,4083.675,4085.005,4082.57,4082.6
1785168720,4082.57,4083.38,4080.895,4081.55
1785168900,4081.565,4082.025,4080.11,4080.39
1785169080,4080.385,4083.07,4079.84,4082.445
1785169260,4082.455,4082.805,4081,4081.895
1785169440,4081.89,4088.895,4080.805,4084.715
1785169620,4084.685,4087.845,4083.635,4085.235
1785169800,4085.26,4093.195,4085.155,4090.375
1785169980,4090.295,4092.275,4089,4091.415
1785170160,4091.46,4094.105,4091.115,4092.735
1785170340,4092.755,4092.755,4089.175,4089.33
1785170520,4089.32,4089.53,4087.365,4088.24
1785170700,4088.245,4088.65,4085.42,4085.465
1785170880,4085.485,4086.12,4082.595,4082.63
1785171060,4082.555,4083.67,4081.275,4081.805
1785171240,4081.745,4082.405,4080.915,4082.085
1785171420,4082.09,4082.66,4081.52,4082.56
1785171600,4082.565,4082.565,4077.135,4077.64
1785171780,4077.665,4077.675,4075.405,4076.125
1785171960,4076.135,4076.145,4073.515,4074.775
1785172140,4074.78,4076.26,4070.935,4071.32
1785172320,4071.255,4075.355,4070.785,4073.78
1785172500,4073.775,4075.72,4072.47,4074.37
1785172680,4074.345,4076.31,4073.06,4075.955
1785172860,4075.945,4076.315,4074.195,4074.38
1785173040,4074.385,4075.33,4073.295,4074.87
1785173220,4074.855,4076.995,4074.475,4074.855
1785173400,4074.865,4075.935,4073.95,4075.74
1785173580,4075.77,4076.075,4072.34,4073.515
1785173760,4073.53,4074.98,4073.475,4074.205
1785173940,4074.19,4074.75,4072.91,4074.585
1785174120,4074.58,4075.05,4073.7,4074.7
1785174300,4074.705,4075.515,4073.445,4074.31
1785174480,4074.355,4076.08,4074.355,4075.685
1785174660,4075.715,4077.28,4075.08,4075.32
1785174840,4075.3,4076.755,4075.3,4076.64
1785175020,4076.685,4077.005,4076.22,4076.505
1785175200,4076.51,4077.795,4076.145,4077.085
1785175380,4077.11,4079.31,4077.05,4078.7
1785175560,4078.685,4078.98,4077.89,4078.64
1785175740,4078.615,4078.87,4077.205,4077.235
1785175920,4077.24,4077.69,4076.415,4076.79
1785176100,4076.775,4076.945,4074.3,4075.49
1785176280,4075.485,4076.05,4074.66,4074.8
1785176460,4074.795,4075.615,4074.48,4074.805
1785176640,4074.815,4077.14,4074.76,4076.385
1785176820,4076.44,4077.01,4076.025,4076.945
1785177000,4076.955,4077.385,4076.505,4076.72
1785177180,4076.68,4076.87,4074.58,4075.04
1785177360,4075.035,4075.105,4074.25,4074.25
1785177540,4074.24,4079.58,4073,4078.01
1785177720,4078.025,4078.94,4076.195,4076.34
1785177900,4076.33,4076.835,4075.25,4076.045
1785178080,4076.04,4076.205,4075.065,4075.92
1785178260,4075.965,4078.745,4075.38,4078.445
1785178440,4078.355,4079.53,4077.72,4079.245
1785178620,4079.26,4079.345,4077.435,4078.005
1785178800,4078.04,4078.87,4077.095,4078.265
1785178980,4078.385,4078.815,4076.22,4076.66
1785179160,4076.655,4079.705,4076.62,4079.355
1785179340,4079.35,4081.26,4079.285,4081.255
1785179520,4081.22,4081.895,4080.095,4080.435
1785179700,4080.44,4080.72,4079.505,4080.36
1785179880,4080.32,4088.815,4080.235,4088.07
1785180060,4088.06,4088.06,4084.575,4084.615
1785180240,4084.605,4085.655,4083.91,4084.05
1785180420,4084.055,4085.975,4083.47,4085.765
1785180600,4085.77,4086.595,4083.875,4084.845
1785180780,4084.83,4086.305,4084.415,4086.305
1785180960,4086.285,4087.02,4085.515,4086.03
1785181140,4086.035,4087.3,4085.735,4085.95
1785181320,4085.96,4087.275,4085.33,4086.945
1785181500,4086.94,4087.685,4086.21,4087.24
1785181680,4087.235,4089.485,4087.085,4087.715
1785181860,4087.68,4087.68,4086.035,4086.78
1785182040,4086.765,4087.945,4085.92,4086.085
1785182220,4086.105,4086.255,4082.505,4083.5
1785182400,4083.535,4084.21,4082.525,4083.31
1785182580,4083.3,4083.41,4081.89,4082.255
1785182760,4082.275,4082.3,4081.56,4081.895
1785182940,4081.915,4082.795,4081.69,4081.91
1785183120,4081.96,4082.365,4081.705,4082.23
1785183300,4082.225,4082.28,4080.57,4080.67
1785183480,4080.63,4081.165,4079.685,4080.45
1785183660,4080.445,4080.52,4078.965,4079.785
1785183840,4079.815,4081.36,4079.59,4079.745
1785184020,4079.77,4080.085,4078.3,4078.755
1785184200,4078.79,4079.225,4077.775,4078.09
1785184380,4078.08,4078.355,4076.825,4077.87
1785184560,4077.905,4078.175,4075.825,4076.575
1785184740,4076.515,4077.395,4076.455,4077.3
1785184920,4077.305,4077.575,4076.77,4077.185
1785185100,4077.16,4077.375,4076.14,4076.225
1785185280,4076.235,4077.175,4076.09,4077.065
1785185460,4077.055,4077.16,4075.325,4076.285
1785185640,4076.105,4077.395,4076.075,4077.025
1785185820,4076.97,4077.28,4076.38,4076.425
1785189780,4080.685,4081.415,4080.06,4080.06
1785189960,4080.05,4080.52,4078.885,4079.33
1785190140,4079.345,4079.71,4076.82,4077.42
1785190320,4077.445,4077.905,4076.6,4077.62
1785190500,4077.32,4077.32,4076.145,4076.925
1785190680,4076.895,4077.245,4076.1,4076.305
1785190860,4076.3,4076.345,4072.855,4073.305
1785191040,4073.255,4073.265,4071.16,4071.695
1785191220,4071.685,4073.405,4071.485,4072.545
1785191400,4072.585,4074.445,4072.445,4074
1785191580,4074.005,4075.13,4073.425,4075
1785191760,4074.965,4075.155,4074.02,4074.755
1785191940,4074.75,4075.075,4074.095,4075.055
1785192120,4075.005,4075.15,4074.3,4075.03
1785192300,4075.08,4075.08,4073.735,4074.38
1785192480,4074.39,4074.765,4073.75,4074.26
1785192660,4074.215,4074.55,4073.725,4074.09
1785192840,4074.085,4074.855,4073.925,4074.53
1785193020,4074.535,4074.915,4073.99,4074.32
1785193200,4074.22,4074.22,4072.495,4072.785
1785193380,4072.825,4074.255,4071.96,4074.135
1785193560,4074.15,4074.73,4073.83,4074.42
1785193740,4074.425,4074.665,4073.465,4073.84
1785193920,4073.845,4075.14,4073.84,4074.195
1785194100,4074.2,4074.715,4073.52,4074.58
1785194280,4074.63,4074.66,4072.945,4072.955
1785194460,4073.005,4073.715,4073.005,4073.71
1785194640,4073.7,4073.89,4072.425,4072.69
1785194820,4072.685,4073.445,4072.2,4073.32
1785195000,4073.27,4073.27,4072.625,4073.01
1785195180,4073.015,4073.755,4072.68,4073.08
1785195360,4073.07,4073.69,4072.5,4073.63
1785195540,4073.625,4073.66,4072.52,4072.71
1785195720,4072.67,4072.805,4071.73,4072.17
1785195900,4072.21,4072.7,4070.545,4070.555
1785196080,4070.64,4071.52,4070.035,4071.185
1785196260,4071.18,4073.01,4071.18,4072.505
1785196440,4072.525,4072.835,4071.575,4072.34
1785196620,4072.33,4073.455,4072.3,4073.385
1785196800,4073.365,4074.26,4070.795,4070.845
1785196980,4070.8,4070.895,4062.575,4063.31
1785197160,4063.325,4067.26,4062.11,4065.545
1785197340,4065.51,4067.51,4064.915,4066.195
1785197520,4066.25,4067.85,4065.85,4067.08
1785197700,4067.07,4067.495,4062.49,4065.165
1785197880,4065.18,4066.195,4064.13,4065.925
1785198060,4065.89,4066.485,4060.905,4061.735
1785198240,4061.725,4062.265,4059.245,4060.035
1785198420,4060.04,4063.445,4059.995,4062.08
1785198600,4062.145,4063.285,4060.675,4060.855
1785198780,4060.89,4065.105,4060.745,4064.2
1785198960,4064.19,4065.095,4063.48,4064.105
1785199140,4064.1,4064.925,4062.31,4064.16
1785199320,4064.175,4066.405,4063.545,4065.67
1785199500,4065.65,4065.73,4061.205,4061.765
1785199680,4061.77,4062.235,4058.735,4059.185
1785199860,4059.16,4060.015,4058.13,4058.965
1785200040,4058.985,4061.71,4058.625,4059.785
1785200220,4059.815,4060.955,4057.665,4058.245
1785200400,4058.23,4059.025,4053.975,4056.125
1785200580,4056.03,4060.43,4055.26,4056.605
1785200760,4056.6,4058.555,4054.71,4055.53
1785200940,4055.55,4057.825,4054.565,4057.82
1785201120,4057.795,4058.56,4055.125,4058.185
1785201300,4058.17,4059.215,4055.845,4056.77
1785201480,4056.78,4057.57,4052.145,4052.205
1785201660,4052.19,4052.37,4049.74,4051.405
1785201840,4051.4,4051.525,4046.57,4047.98
1785202020,4047.97,4049.655,4046.89,4047.57
1785202200,4047.535,4050.345,4047.13,4047.555
1785202380,4047.53,4048.21,4043.46,4047.92
1785202560,4047.925,4050.58,4047.68,4048.465
1785202740,4048.45,4049.69,4047.975,4049.065
1785202920,4049.04,4049.725,4047.025,4048.985
1785203100,4049.015,4049.04,4046.19,4047.04
1785203280,4047.01,4047.525,4045.5,4046.48
1785203460,4046.5,4046.615,4042.77,4044.48
1785203640,4044.5,4045.31,4043.77,4044.345
1785203820,4044.335,4045.43,4044.075,4045.23
1785204000,4045.245,4046.14,4043.12,4043.305
1785204180,4043.3,4044.425,4042.56,4043.015
1785204360,4043.02,4045.315,4042.555,4045.09
1785204540,4045.125,4047.745,4044.69,4047.295
1785204720,4047.305,4047.675,4045.86,4046.54
1785204900,4046.3,4047.995,4045.41,4047.995
1785205080,4048.02,4049.15,4047.5,4048.87
1785205260,4048.76,4049.215,4047.97,4048.495
1785205440,4048.545,4048.675,4046.84,4047.465
1785205620,4047.375,4047.375,4045.64,4046.26
1785205800,4046.235,4048.095,4045.38,4046.835
1785205980,4046.85,4047.125,4046.05,4046.945
1785206160,4046.845,4047.23,4044.93,4045.79
1785206340,4045.775,4046.125,4042.615,4042.92
1785206520,4042.91,4044.555,4041.645,4044.425
1785206700,4044.4,4045.405,4043.535,4043.965
1785206880,4043.94,4045.715,4042.815,4044.75
1785207060,4044.68,4045.23,4043,4044.625
1785207240,4044.66,4045.45,4040.935,4041.905
1785207420,4041.78,4043.49,4041.045,4042.115
1785207600,4042.11,4042.655,4040.855,4041.65
1785207780,4041.705,4044.645,4040.455,4044.6
1785207960,4044.645,4045.685,4044.36,4045.575
1785208140,4045.5,4046.795,4045.33,4046.795
1785208320,4046.745,4047.465,4045.92,4045.96
1785208500,4045.965,4047.885,4045.425,4047.75
1785208680,4047.76,4049.48,4047.335,4048.615
1785208860,4048.61,4049.46,4047.175,4048.82
1785209040,4048.715,4049.235,4047.485,4047.515
1785209220,4047.525,4048.525,4046.66,4047.83
1785209400,4047.825,4049.785,4047.45,4049.545
1785209580,4049.635,4051.24,4048.76,4048.98
1785209760,4048.84,4050.005,4048.28,4049.87
1785209940,4049.875,4050.135,4048.095,4048.095
1785210120,4048.085,4048.685,4047.41,4048.52
1785210300,4048.525,4049.065,4048.135,4048.895
1785210480,4048.81,4050.855,4048.55,4048.8
1785210660,4048.825,4050.815,4048.535,4050.53
1785210840,4050.525,4050.6,4048.695,4050.165
1785211020,4050.18,4050.2,4048.2,4049.615
1785211200,4049.605,4049.7,4048.325,4049.125
1785211380,4049.13,4049.695,4046.97,4047.32
1785211560,4047.33,4047.33,4045.655,4046.375
1785211740,4046.38,4047.02,4045.705,4045.735
1785211920,4045.73,4045.805,4043.53,4044.195
1785212100,4044.15,4047,4043.715,4046.915
1785212280,4046.9,4047.78,4046.19,4047.06
1785212460,4047.055,4047.99,4046.65,4047.76
1785212640,4047.705,4047.705,4046.115,4046.805
1785212820,4046.815,4047.23,4045.68,4045.725
1785213000,4045.735,4046.045,4043.995,4044.605
1785213180,4044.61,4047.17,4044.38,4046.92
1785213360,4046.91,4047.11,4045.755,4046.5
1785213540,4046.455,4046.735,4045.135,4046.475
1785213720,4046.46,4047.915,4046.46,4047.745
1785213900,4047.75,4048.06,4046.405,4046.435
1785214080,4046.43,4047.175,4042.765,4044.345
1785214260,4044.335,4044.555,4043.035,4044.04
1785214440,4044.05,4044.56,4042.45,4042.725
1785214620,4042.715,4043.035,4041.395,4042.305
1785214800,4042.3,4042.345,4040.045,4041.625
1785214980,4041.62,4042.98,4040.42,4042.565
1785215160,4042.505,4042.9,4041.38,4041.615
1785215340,4041.61,4044.03,4040.875,4042.04
1785215520,4042.03,4042.94,4041.56,4042.575
1785215700,4042.57,4043.48,4042.26,4042.765
1785215880,4042.76,4043.865,4042.075,4043.345
1785216060,4043.305,4043.71,4042.145,4042.715
1785216240,4042.71,4043.54,4041.055,4041.86
1785216420,4041.865,4043.445,4041.35,4043.195
1785216600,4043.2,4045.695,4038.34,4038.88
1785216780,4038.975,4039.84,4035.94,4037.67
1785216960,4037.665,4037.995,4034.795,4036.76
1785217140,4036.755,4038.825,4036.005,4038.355
1785217320,4038.24,4041.86,4037.895,4041.8
1785217500,4041.805,4043.9,4039.66,4040.525
1785217680,4040.555,4042.67,4040.515,4042.335
1785217860,4042.295,4043.56,4041.87,4043.12
1785218040,4043.17,4044.705,4043.12,4044.115
1785218220,4044.125,4046.625,4044.045,4045.2
1785218400,4045.195,4047.365,4044.725,4046.565
1785218580,4046.52,4047.9,4045.715,4046.315
1785218760,4046.315,4046.955,4044.16,4045.425
1785218940,4045.41,4045.5,4043.015,4044.875
1785219120,4044.865,4046.115,4043.78,4044.34
1785219300,4044.345,4047.315,4044.105,4045.505
1785219480,4045.415,4047.3,4044.35,4046.59
1785219660,4046.61,4047.595,4045.095,4045.145
1785219840,4045.165,4047.53,4044.205,4046.795
1785220020,4046.765,4049.055,4046.53,4047.87
1785220200,4047.885,4049.795,4047,4049.28
1785220380,4049.295,4049.7,4048.375,4049.08
1785220560,4049.005,4050.09,4048.285,4049.19
1785220740,4049.185,4052.14,4049.185,4051.03
1785220920,4050.93,4052.405,4049.83,4049.89
1785221100,4049.865,4049.97,4047.985,4048.27
1785221280,4048.33,4050.98,4048.215,4050.11
1785221460,4050.035,4050.995,4049.285,4050.735
1785221640,4050.65,4051.54,4049.205,4049.205
1785221820,4049.19,4049.66,4048.225,4048.425
1785222000,4048.395,4050.375,4047.58,4049.835
1785222180,4049.83,4050.005,4047.61,4048.45
1785222360,4048.455,4049.82,4047.615,4049.69
1785222540,4049.625,4051.135,4049.025,4051.04
1785222720,4050.99,4051.3,4048.9,4048.97
1785222900,4048.985,4050.705,4048.715,4050.68
1785223080,4050.785,4052.35,4050.58,4051.35
1785223260,4051.385,4052.425,4051.185,4051.365
1785223440,4051.36,4052.04,4049.34,4051.5
1785223620,4051.485,4052.215,4050.275,4050.275
1785223800,4050.355,4051.175,4049.76,4050.18
1785223980,4050.22,4050.555,4048.79,4049.58
1785224160,4049.68,4050.9,4048.5,4049.945
1785224340,4049.965,4051.01,4048.725,4049.325
1785224520,4049.32,4050.27,4048.8,4049.42
1785224700,4049.415,4049.72,4047.14,4048.045
1785224880,4048.04,4049.84,4047.095,4049.025
1785225060,4049.035,4049.94,4047.525,4048.77
1785225240,4048.72,4049.57,4048.045,4048.575
1785225420,4048.55,4048.655,4046.235,4047.395
1785225600,4047.355,4052.805,4046.345,4052.22
1785225780,4052.175,4052.175,4050.015,4050.63
1785225960,4050.635,4055.21,4050.59,4050.7
1785226140,4050.685,4050.89,4044.13,4044.195
1785226320,4044.175,4045.655,4043.15,4044.355
1785226500,4044.36,4049.465,4044.25,4047.49
1785226680,4047.5,4050.365,4047.215,4048.68
1785226860,4048.77,4050.97,4048.02,4050.675
1785227040,4050.7,4051.225,4048.835,4049.23
1785227220,4049.21,4050.07,4048.635,4049.54
1785227400,4049.58,4049.86,4045.725,4045.805
1785227580,4045.8,4046.27,4044.585,4045.76
1785227760,4045.72,4046.545,4044.615,4046.395
1785227940,4046.38,4046.38,4042.435,4044.045
1785228120,4044.155,4045,4041.95,4043.1
1785228300,4043.095,4044.725,4043.075,4043.94
1785228480,4043.875,4046.195,4043.745,4045.555
1785228660,4045.565,4045.565,4042.22,4043.105
1785228840,4043.09,4043.575,4041.72,4043.25
1785229020,4043.265,4045.58,4042.835,4045.56
1785229200,4045.46,4045.955,4044.445,4044.735
1785229380,4044.635,4044.86,4041.935,4042.335
1785229560,4042.265,4042.95,4041.435,4041.47
1785229740,4041.45,4042.86,4041.285,4042.29
1785229920,4042.31,4043.255,4040.83,4041.105
1785230100,4041.12,4043.89,4041.12,4043.1
1785230280,4043.085,4044.13,4042.54,4043.66
1785230460,4043.655,4043.795,4042.46,4042.955
1785230640,4042.93,4043.11,4041.825,4042.245
1785230820,4042.15,4042.495,4039.155,4040.415
1785231000,4040.425,4040.44,4036.08,4038.57
1785231180,4038.575,4038.795,4029.8,4032.86
1785231360,4032.78,4034.61,4030.76,4032.44
1785231540,4032.445,4033.695,4031.79,4033.58
1785231720,4033.585,4034.345,4032.35,4033.475
1785231900,4033.45,4034.375,4031.985,4032.12
1785232080,4032.115,4032.17,4029.39,4029.625
1785232260,4029.68,4030.87,4028.385,4030.205
1785232440,4030.22,4030.86,4028.805,4029.13
1785232620,4029.14,4029.14,4019.575,4023.42
1785232800,4023.49,4025.38,4021.57,4024.89
1785232980,4024.93,4025.335,4023.34,4024.055
1785233160,4024.05,4027.055,4023.445,4023.45
1785233340,4023.445,4024.58,4020.64,4021.68
1785233520,4021.66,4024.535,4021.58,4024.375
1785233700,4024.12,4026.06,4023.185,4025.415
1785233880,4025.42,4025.56,4020.225,4020.9
1785234060,4020.905,4020.945,4017.74,4018.925
1785234240,4018.94,4020.31,4017.115,4017.795
1785234420,4017.845,4020.445,4017.545,4017.705
1785234600,4017.685,4023.76,4017.29,4023.165
1785234780,4023.15,4023.42,4019.865,4022.19
1785234960,4022.23,4023.38,4021.11,4022.475
1785235140,4022.47,4023.385,4020.68,4021.49
1785235320,4021.485,4022.885,4021.11,4022.61
1785235500,4022.66,4026.025,4022.315,4025.115
1785235680,4025.12,4026.325,4023.77,4024.29
1785235860,4024.28,4027.88,4024.215,4027.835
1785236040,4027.82,4028.6,4027.625,4028.32
1785236220,4028.315,4028.63,4026.085,4026.67
1785236400,4026.66,4028.96,4026.48,4027.675
1785236580,4027.6,4027.71,4025.335,4026.065
1785236760,4026.075,4028.69,4025.315,4028.44
1785236940,4028.405,4028.73,4026.865,4026.96
1785237120,4026.915,4027.155,4023.275,4024.075
1785237300,4024.03,4030.56,4023.975,4028.695
1785237480,4028.705,4032.555,4028.67,4029.775
1785237660,4029.755,4030.915,4028.685,4030.3
1785237840,4030.33,4030.725,4027.645,4028.43
1785238020,4028.39,4028.415,4026.565,4027.585
1785238200,4027.61,4028.925,4026.765,4026.885
1785238380,4026.865,4028.59,4026.54,4027.98
1785238560,4027.96,4031.625,4027.895,4030.53
1785238740,4030.305,4030.36,4028.645,4029.185
1785238920,4029.17,4029.545,4026.615,4027.135
1785239100,4027.155,4028.065,4025.725,4026.045
1785239280,4026.04,4028.01,4024.285,4024.645
1785239460,4024.71,4025.255,4024.03,4024.245
1785239640,4024.26,4027.445,4024.155,4026.895
1785239820,4026.89,4028.36,4025.305,4028.19
1785240000,4028.195,4028.755,4023.91,4025.795
1785240180,4025.705,4028.155,4024.995,4027.73
1785240360,4027.72,4028.905,4026.43,4026.63
1785240540,4026.605,4026.95,4022.965,4024.685
1785240720,4024.66,4028.145,4024.375,4027.91
1785240900,4027.9,4028.085,4026.19,4027.415
1785241080,4027.435,4031.585,4027.135,4030.925
1785241260,4030.93,4034.335,4030.605,4034.16
1785241440,4034.155,4034.415,4031.295,4032.535
1785241620,4032.54,4034.935,4032.495,4034.585
1785241800,4034.65,4035,4028.035,4028.915
1785241980,4028.93,4030.21,4026.005,4027.815
1785242160,4027.8,4030.375,4026.62,4029.385
1785242340,4029.395,4033.26,4027.79,4032.525
1785242520,4032.5,4034.88,4032.345,4033.645
1785242700,4033.71,4036.65,4033.485,4036.28
1785242880,4036.27,4038.22,4033.4,4033.73
1785243060,4033.75,4034.88,4031.585,4031.725
1785243240,4031.705,4033.065,4031.065,4031.07
1785243420,4031.05,4031.69,4028.35,4029.69
1785243600,4029.74,4033.615,4029.615,4033.055
1785243780,4032.975,4034.465,4030.885,4031.685
1785243960,4031.67,4035.725,4031.275,4033.55
1785244140,4033.6,4034.04,4032.03,4033.415
1785244320,4033.34,4033.835,4032.12,4032.945
1785244500,4032.97,4033.125,4029.865,4030.67
1785244680,4030.675,4033.84,4029.65,4033.555
1785244860,4033.505,4035.965,4032.95,4034.045
1785245040,4034.035,4036.04,4032.395,4032.805
1785245220,4032.735,4032.8,4028.56,4029.07
1785245400,4028.99,4032.91,4027.265,4029.93
1785245580,4029.91,4032.715,4028.295,4030.145
1785245760,4029.97,4030.12,4022.675,4022.965
1785245940,4022.91,4023.76,4020.33,4023.095
1785246120,4023.11,4025.615,4020.935,4025.325
1785246300,4025.33,4025.72,4022.255,4022.935
1785246480,4022.9,4027.125,4022.09,4025.105
1785246660,4025.07,4029.135,4024.55,4026.9
1785246840,4026.86,4028.135,4023.365,4024.695
1785247020,4024.67,4024.985,4021.75,4022.11
1785247200,4022.16,4027.395,4021.95,4024.565
1785247380,4024.52,4031.29,4023.705,4029.54
1785247560,4029.53,4031.04,4027.365,4029.925
1785247740,4029.92,4030.915,4028.6,4030.735
1785247920,4030.73,4033.6,4025.24,4025.93
1785248100,4025.965,4026.855,4022.62,4022.865
1785248280,4022.915,4023.34,4018.615,4019.02
1785248460,4019.065,4019.15,4011.765,4017.82
1785248640,4017.81,4019.625,4016.625,4018.045
1785248820,4018.025,4022.755,4017.06,4022.465
1785249000,4022.455,4025.27,4020.985,4024.965
1785249180,4024.975,4025.05,4019.495,4022.165
1785249360,4022.15,4023.745,4020.54,4021.555
1785249540,4021.485,4022.2,4019.035,4022.075
1785249720,4022.065,4024.105,4020.235,4022.94
1785249900,4022.935,4024.98,4021.415,4024.92
1785250080,4024.945,4029.205,4024.095,4027.56
1785250260,4027.63,4029.285,4026.03,4028.165
1785250440,4028.1,4029.6,4026.26,4027.04
1785250620,4027.015,4027.045,4024.365,4024.375
1785250800,4024.43,4030.08,4024.43,4025.97
1785250980,4025.98,4026.24,4022.94,4023.78
1785251160,4023.765,4025.76,4022.16,4025.35
1785251340,4025.355,4034.87,4025.04,4028.57
1785251520,4028.59,4036.5,4028.465,4033.735
1785251700,4033.73,4035.585,4031.78,4034.35
1785251880,4034.335,4040.87,4033.91,4039.54
1785252060,4039.6,4040.35,4035.54,4035.825
1785252240,4035.89,4040.425,4035.355,4039.27
1785252420,4039.22,4039.78,4035.075,4035.405
1785252600,4035.44,4036.435,4032.36,4033.665
1785252780,4033.675,4036.62,4032.8,4034.275
1785252960,4034.295,4038.52,4034.145,4036.675
1785253140,4036.66,4039.485,4035.86,4039.335
1785253320,4039.34,4042.02,4038.44,4041.415
1785253500,4041.365,4044.955,4041.175,4043.985
1785253680,4043.91,4044.425,4042.315,4043.335
1785253860,4043.33,4046.225,4041.86,4045.595
1785254040,4045.62,4046.975,4044.87,4045.635
1785254220,4045.585,4047.195,4045.17,4046.13
1785254400,4046.145,4046.68,4044.21,4044.52
1785254580,4044.525,4044.935,4042.31,4042.85
1785254760,4042.825,4044.37,4042.525,4044.245
1785254940,4044.195,4045.48,4042.185,4045.4
1785255120,4045.435,4045.935,4044.22,4044.725
1785255300,4044.735,4045.575,4043.74,4043.955
1785255480,4043.94,4045.63,4043.475,4045.085
1785255660,4045.145,4045.88,4044.12,4044.28
1785255840,4044.33,4045.02,4042.885,4043.125
1785256020,4043.15,4043.745,4042.115,4042.285
1785256200,4042.305,4043.85,4041.04,4043.545
1785256380,4043.615,4043.885,4042.835,4043.605
1785256560,4043.615,4043.83,4041.49,4042.905
1785256740,4042.91,4043.375,4041.075,4041.455
1785256920,4041.5,4042.315,4040.49,4040.72
1785257100,4040.61,4041.235,4037.785,4039.2
1785257280,4039.21,4039.43,4037.63,4037.685
1785257460,4037.68,4038.45,4037.205,4037.85
1785257640,4037.855,4038.54,4036.775,4036.895
1785257820,4036.9,4037.955,4036.715,4037.605
1785258000,4037.69,4039.225,4037.39,4037.885
1785258180,4037.9,4041.16,4037.57,4040.595
1785258360,4040.525,4040.805,4038.225,4038.975
1785258540,4038.92,4039.575,4037.185,4037.62
1785258720,4037.65,4037.895,4035.575,4037.105
1785258900,4037.115,4037.165,4035.68,4036.085
1785259080,4036.135,4041.73,4035.36,4040.93
1785259260,4040.935,4041.495,4036.28,4036.965
1785259440,4036.955,4038.105,4035.985,4038.03
1785259620,4038.035,4039.78,4037.34,4037.835
1785259800,4037.845,4037.93,4034.48,4034.56
1785259980,4034.555,4035.72,4033.89,4033.98
1785260160,4033.97,4033.98,4032,4032.345
1785260340,4032.385,4032.62,4030.125,4030.255
1785260520,4030.275,4030.465,4027.765,4028.425
1785260700,4028.38,4029.415,4025.755,4026.595
1785260880,4026.55,4029.695,4026.475,4028.205
1785261060,4028.15,4028.635,4027.24,4027.84
1785261240,4027.81,4028.17,4025.96,4027.77
1785261420,4027.76,4028.3,4027.085,4027.935
1785261600,4027.985,4029.12,4027.145,4028.37
1785261780,4028.335,4030.58,4027.91,4030.15
1785261960,4030.155,4030.485,4029.52,4029.71
1785262140,4029.715,4030.215,4027.94,4028.165
1785262320,4028.18,4029.755,4027.98,4028.385
1785262500,4028.435,4030.155,4028.01,4028.88
1785262680,4028.86,4029.36,4028.505,4028.935
1785262860,4028.945,4029.095,4026.79,4027.04
1785263040,4027.015,4027.47,4026.485,4026.495
1785263220,4026.5,4027.695,4026.025,4027.215
1785263400,4027.18,4027.65,4024.84,4025.09
1785263580,4025.025,4025.555,4023.49,4024.555
1785263760,4024.57,4024.855,4023.565,4024.165
1785263940,4024.125,4024.485,4023.115,4023.84
1785264120,4023.83,4025.185,4023.33,4024.345
1785264300,4024.355,4026.18,4023.465,4024.645
1785264480,4024.65,4024.85,4023.585,4024.255
1785264660,4024.26,4024.765,4023.35,4023.42
1785264840,4023.415,4023.7,4021.715,4022.795
1785265020,4022.805,4023.39,4022.415,4023.15
1785265200,4023.19,4023.68,4022.53,4023.64
1785265380,4023.63,4025.445,4023.58,4025.335
1785265560,4025.345,4025.935,4024.44,4025.52
1785265740,4025.515,4025.83,4023.66,4024.485
1785265920,4024.48,4024.9,4023.815,4024.195
1785266100,4024.185,4025.315,4024.095,4025.11
1785266280,4025.115,4025.12,4023.5,4023.775
1785266460,4023.765,4023.88,4022.995,4023.37
1785266640,4023.38,4023.58,4021.935,4022.54
1785266820,4022.53,4023.85,4022.085,4023.45
1785267000,4023.49,4026.26,4023.12,4025.8
1785267180,4025.885,4027.89,4025.46,4026.275
1785267360,4026.275,4026.445,4024.45,4024.59
1785267540,4024.595,4025.665,4024.48,4025.315
1785267720,4025.32,4026.32,4024.835,4026.315
1785267900,4026.32,4027.495,4026.255,4026.635
1785268080,4026.65,4027.6,4025.52,4025.655
1785268260,4025.65,4027.325,4025.48,4027.325
1785268440,4027.335,4027.995,4026.54,4027.53
1785268620,4027.465,4028.07,4026.165,4026.465
1785268800,4026.455,4026.56,4024.205,4024.265
1785268980,4024.27,4024.555,4023,4023.775
1785269160,4023.77,4023.9,4022.6,4023.065
1785269340,4023.085,4024.11,4023.015,4023.6
1785269520,4023.595,4024.795,4023.575,4023.7
1785269700,4023.68,4025.575,4023.645,4025.295
1785269880,4025.3,4026.735,4025.3,4026.495
1785270060,4026.58,4026.725,4025.595,4025.6
1785270240,4025.61,4026.96,4025.61,4026.235
1785270420,4026.255,4027.845,4026.255,4027.41
1785270600,4027.42,4028.235,4027.41,4027.84
1785270780,4027.85,4029.04,4027.71,4029.035
1785270960,4029.03,4030.035,4027.44,4027.91
1785271140,4027.915,4029.87,4027.625,4028.575
1785271320,4028.58,4030.33,4028.58,4029.97
1785271500,4030.005,4030.555,4029.445,4030.14
1785271680,4030.165,4030.34,4026.565,4027.545
1785271860,4027.555,4027.98,4026.895,4027.935
1785272040,4027.95,4029.225,4027.895,4029.08
1785272220,4029.07,4029.15,4028.42,4028.67
1785276180,4026.565,4027.275,4026.255,4027.245
1785276360,4027.145,4027.46,4026.105,4027.105
1785276540,4027.11,4028.165,4026.44,4026.64
1785276720,4026.69,4027.445,4024.525,4024.535
1785276900,4024.685,4025.295,4023.445,4023.45
1785277080,4023.5,4023.655,4020.885,4020.955
1785277260,4021.015,4021.325,4018.39,4018.475
1785277440,4018.5,4018.965,4017.415,4018.605
1785277620,4018.595,4021.27,4018.52,4021
1785277800,4021.025,4021.265,4013.975,4014.675
1785277980,4014.735,4017.95,4014.2,4015.775
1785278160,4015.79,4016.985,4014.475,4014.82
1785278340,4014.935,4018.175,4014.365,4017.57
1785278520,4017.56,4018.925,4017.32,4018.545
1785278700,4018.48,4018.55,4015.365,4016.495
1785278880,4016.49,4018.05,4016.295,4016.5
1785279060,4016.45,4019.18,4016.205,4017.7
1785279240,4017.695,4018.9,4016.965,4018.86
1785279420,4018.875,4019.815,4018.34,4018.44
1785279600,4018.45,4018.79,4017.78,4018.68
1785279780,4018.685,4018.885,4016.48,4016.63
1785279960,4016.545,4019.295,4016.465,4019.235
1785280140,4019.25,4021.76,4018.295,4021.76
1785280320,4021.78,4023.24,4021.31,4022.165
1785280500,4022.15,4022.245,4017.565,4018.565
1785280680,4018.585,4018.595,4015.69,4017.82
1785280860,4017.89,4018.92,4017.11,4018.68
1785281040,4019.04,4019.71,4015.21,4018.425
1785281220,4018.38,4019.485,4017.295,4018.72
1785281400,4018.775,4020.015,4018.42,4018.525
1785281580,4018.58,4019.78,4017.475,4019.62
1785281760,4019.615,4020.38,4019.365,4020.195
1785281940,4020.19,4020.43,4018.83,4018.925
1785282120,4018.985,4023.52,4018.235,4022.82
1785282300,4022.84,4023.245,4019.94,4020.43
1785282480,4020.445,4023.31,4019.085,4022.66
1785282660,4022.685,4024.395,4020.93,4023.59
1785282840,4023.58,4024.695,4022.915,4024.05
1785283020,4024.04,4026.345,4023.905,4024.945
1785283200,4024.99,4026.265,4017.57,4020.17
1785283380,4020.165,4022.63,4020.005,4021.14
1785283560,4021.155,4024.45,4018.9,4019.555
1785283740,4019.56,4020.705,4017.68,4020.385
1785283920,4020.39,4022.185,4019.73,4020.755
1785284100,4020.685,4026.075,4020.64,4024.715
1785284280,4024.745,4026.505,4023.815,4025.335
1785284460,4025.335,4029.815,4023.975,4024.93
1785284640,4024.895,4026.855,4023.915,4024.505
1785284820,4024.48,4025.185,4022.39,4022.625
1785285000,4022.62,4023.59,4021.485,4023.16
1785285180,4023.1,4025.24,4022.705,4023.865
1785285360,4023.84,4027.995,4023.38,4026.205
1785285540,4026.225,4026.62,4024.125,4025.025
1785285720,4024.96,4026.235,4024.42,4026.085
1785285900,4025.955,4026.105,4022.325,4024.375
1785286080,4024.425,4024.865,4021.065,4022.69
1785286260,4022.685,4023.545,4021.875,4022.91
1785286440,4022.935,4024.12,4020.885,4020.95
1785286620,4020.945,4023.61,4020.57,4022.08
1785286800,4022.075,4022.075,4015.23,4015.99
1785286980,4015.995,4016.46,4010.41,4012.89
1785287160,4012.885,4015.61,4011.67,4013.415
1785287340,4013.46,4018.025,4013.235,4015.82
1785287520,4015.815,4016.705,4011.875,4013.37
1785287700,4013.345,4016.56,4011.78,4015.945
1785287880,4015.995,4017.885,4014.19,4016.1
1785288060,4016.17,4016.52,4013.82,4015.575
1785288240,4015.63,4017.735,4014.535,4016.865
1785288420,4016.9,4020.46,4016.695,4018.635
1785288600,4018.62,4021.925,4015.18,4021.28
1785288780,4021.17,4025.135,4018.815,4024.395
1785288960,4024.39,4028.31,4023.665,4027.1
1785289140,4027.115,4030.675,4027.015,4028.25
1785289320,4028.255,4029.29,4025.8,4027.715
1785289500,4027.765,4028.61,4024.755,4026.14
1785289680,4026.19,4027.045,4024.145,4025.24
1785289860,4025.26,4025.435,4022.105,4023.105
1785290040,4023.165,4025.8,4022.855,4025.425
1785290220,4025.405,4026.435,4024.145,4026.16
1785290400,4026.165,4029.165,4025.735,4028.275
1785290580,4028.405,4029.32,4026.67,4026.825
1785290760,4026.835,4027.71,4023.265,4024.615
1785290940,4024.655,4027.855,4024.285,4026.46
1785291120,4026.635,4028.34,4026.57,4028.325
1785291300,4028.36,4030.31,4027.625,4027.7
1785291480,4027.695,4028,4026.545,4027.61
1785291660,4027.635,4033.835,4027.34,4033.62
1785291840,4033.655,4035.51,4031.975,4031.98
1785292020,4031.995,4033.17,4030.88,4033.17
1785292200,4033.105,4036.8,4031.115,4031.215
1785292380,4031.325,4032.735,4030.665,4031.49
1785292560,4031.48,4033.865,4031.48,4033.585
1785292740,4033.785,4038.08,4033.785,4036.65
1785292920,4036.645,4036.66,4034.5,4035.05
1785293100,4034.945,4035.35,4032.625,4032.975
1785293280,4033.015,4033.875,4032.06,4033.305
1785293460,4033.3,4033.3,4029.245,4030.17
1785293640,4030.185,4032.015,4029.36,4031.54
1785293820,4031.525,4032.41,4029.385,4029.435
1785294000,4029.42,4031.33,4029.095,4030.015
1785294180,4030.05,4030.32,4028.255,4030.07
1785294360,4030.115,4032.84,4029.435,4030.935
1785294540,4030.875,4031.13,4028.78,4029.315
1785294720,4029.295,4029.585,4027.415,4027.86
1785294900,4027.885,4028.045,4026.335,4027.695
1785295080,4027.66,4028.96,4027.115,4028.145
1785295260,4028.195,4028.3,4026.16,4026.5
1785295440,4026.48,4028.435,4025.755,4026.905
1785295620,4026.9,4027.945,4026.68,4027.26
1785295800,4027.25,4027.25,4024.77,4025.165
1785295980,4025.135,4028.385,4024.765,4028.38
1785296160,4028.25,4029.69,4026.845,4027.97
1785296340,4027.975,4028.455,4025.44,4025.925
1785296520,4025.94,4026.28,4025.255,4026.22
1785296700,4026.21,4027.05,4025.605,4026.82
1785296880,4026.8,4026.9,4025.665,4026
1785297060,4026.005,4026.365,4024.965,4024.975
1785297240,4024.81,4024.995,4023.85,4024.165
1785297420,4024.19,4024.515,4023.25,4023.73
1785297600,4023.74,4025.09,4021.88,4023.245
1785297780,4023.24,4023.45,4021.785,4021.785
1785297960,4021.755,4023.225,4021.525,4022.835
1785298140,4022.83,4023.375,4022.235,4022.505
1785298320,4022.495,4023.26,4021.52,4021.91
1785298500,4021.935,4022.3,4020.655,4022.06
1785298680,4022.07,4022.585,4021.035,4022.585
1785298860,4022.56,4023.835,4022.225,4023.26
1785299040,4023.27,4025.635,4023.27,4024.515
1785299220,4024.43,4025.12,4023.1,4023.71
1785299400,4023.665,4025.72,4023.585,4025.34
1785299580,4025.31,4027.195,4024.91,4026.14
1785299760,4026.175,4026.605,4025.345,4025.67
1785299940,4025.7,4026.845,4024.79,4026.215
1785300120,4026.16,4027.44,4025.785,4027.25
1785300300,4027.265,4027.51,4025.86,4025.875
1785300480,4025.86,4026.6,4023.62,4026.11
1785300660,4026.105,4027.11,4025.51,4025.94
1785300840,4025.925,4027.845,4025.86,4026.76
1785301020,4026.84,4027.54,4026.07,4027.4
1785301200,4027.425,4029.38,4026.735,4028.795
1785301380,4028.84,4029.58,4027.01,4027.645
1785301560,4027.695,4028.74,4027.42,4028.73
1785301740,4028.735,4031.64,4026.88,4031.405
1785301920,4031.415,4031.835,4030.235,4030.655
1785302100,4030.62,4030.625,4027.59,4028.26
1785302280,4028.285,4028.74,4027.155,4028.575
1785302460,4028.565,4031.155,4027.56,4030.91
1785302640,4030.92,4031.46,4030.09,4030.255
1785302820,4030.285,4030.995,4029.91,4030.6
1785303000,4030.545,4034.625,4030.115,4030.65
1785303180,4030.68,4032.86,4030.66,4032.09
1785303360,4032.125,4033.07,4029.855,4031.48
1785303540,4031.475,4033.7,4031.305,4033.39
1785303720,4033.44,4039.825,4033.43,4039.225
1785303900,4039.235,4040.15,4034.98,4034.98
1785304080,4034.995,4035.47,4033.425,4034.695
1785304260,4034.655,4036.19,4033.995,4034.595
1785304440,4034.62,4034.75,4031.655,4031.84
1785304620,4031.85,4034.89,4031.8,4033.135
1785304800,4033.14,4037.595,4033.08,4035.735
1785304980,4035.83,4037.505,4035.14,4037.39
1785305160,4037.375,4037.505,4035.335,4035.345
1785305340,4035.29,4037.665,4034.44,4037.195
1785305520,4037.145,4038.345,4036.08,4037.465
1785305700,4037.435,4039.655,4037.3,4039.385
1785305880,4039.39,4040.135,4037.09,4037.115
1785306060,4037.13,4039.67,4035.91,4039.625
1785306240,4039.635,4043.225,4039.63,4041.07
1785306420,4041.08,4041.715,4040.59,4041.065
1785306600,4041.08,4042.885,4040.86,4042.74
1785306780,4042.745,4044.845,4042.36,4043.585
1785306960,4043.575,4044.725,4042.165,4043.08
1785307140,4043.295,4044.01,4042.48,4042.61
1785307320,4042.76,4043.075,4041.53,4042.83
1785307500,4042.825,4043.035,4041.79,4042.205
1785307680,4042.2,4042.69,4039.705,4042.58
1785307860,4042.59,4042.635,4041.24,4041.555
1785308040,4041.5,4041.735,4040.695,4041.065
1785308220,4041.115,4042.385,4040.74,4041.25
1785308400,4041.2,4044.485,4041.2,4043.91
1785308580,4043.905,4044.11,4042.02,4043.405
1785308760,4043.395,4044.97,4042.95,4042.95
1785308940,4043.015,4046.195,4042.94,4045.835
1785309120,4045.86,4046.67,4044.87,4045.51
1785309300,4045.505,4045.905,4044.205,4045.87
1785309480,4045.875,4046.255,4045.245,4046.115
1785309660,4046.125,4047.88,4046.02,4046.465
1785309840,4046.465,4047.315,4045.31,4045.92
1785310020,4045.99,4046.15,4044.65,4046.11
1785310200,4046.075,4046.23,4044.705,4045.55
1785310380,4045.555,4046.81,4045.23,4046.15
1785310560,4046.16,4047.515,4046.15,4046.89
1785310740,4046.895,4047.5,4045.67,4046.995
1785310920,4047.05,4047.255,4045.92,4045.92
1785311100,4045.91,4046.945,4045.365,4045.83
1785311280,4045.81,4045.81,4043.55,4043.81
1785311460,4043.815,4044.805,4042.72,4043.225
1785311640,4043.175,4044.03,4042.79,4043.94
1785311820,4043.965,4044.315,4042.73,4043.825
1785312000,4043.82,4044.555,4042.74,4043.115
1785312180,4043.28,4044.305,4042.645,4043.56
1785312360,4043.555,4043.805,4042.52,4042.72
1785312540,4042.725,4042.725,4040.12,4040.345
1785312720,4040.375,4040.61,4039.105,4039.105
1785312900,4039.115,4042.155,4039.115,4041.85
1785313080,4041.84,4041.995,4039.695,4039.95
1785313260,4039.955,4040.35,4038.71,4039.065
1785313440,4039.08,4039.535,4035.775,4035.93
1785313620,4035.965,4037.69,4035.67,4037.235
1785313800,4037.25,4037.88,4035.8,4037.555
1785313980,4037.53,4037.615,4035.91,4036.82
1785314160,4036.825,4039.025,4036.725,4038.74
1785314340,4038.69,4039.26,4037.45,4038.035
1785314520,4038.095,4039.35,4037.815,4038.415
1785314700,4038.465,4040.225,4038.085,4039.405
1785314880,4039.345,4039.515,4037.245,4038.06
1785315060,4038.07,4039.37,4037.725,4039.135
1785315240,4039.14,4040.225,4038.48,4038.79
1785315420,4038.615,4039.39,4037.125,4037.64
1785315600,4037.73,4038.38,4036.335,4037.13
1785315780,4037.11,4037.915,4036.68,4037.03
1785315960,4037.02,4037.915,4035.815,4036.5
1785316140,4036.495,4037.96,4036.485,4036.67
1785316320,4036.715,4037.135,4035.58,4036.4
1785316500,4036.335,4037.345,4036.02,4037.08
1785316680,4037.105,4037.85,4035.89,4036.04
1785316860,4035.99,4036.435,4033.835,4034.485
1785317040,4034.475,4035.29,4033.95,4033.95
1785317220,4033.96,4034.325,4033.55,4033.915
1785317400,4033.9,4034.345,4031.36,4032.985
1785317580,4032.955,4034.685,4032.44,4033.765
1785317760,4033.755,4034.92,4033.325,4034.735
1785317940,4034.755,4034.8,4032.45,4034.205
1785318120,4034.2,4035.04,4033.82,4034.48
1785318300,4034.435,4035.715,4034.195,4035.015
1785318480,4035.04,4036.42,4034.31,4036.38
1785318660,4036.395,4036.46,4034.985,4035.295
1785318840,4035.23,4035.94,4033.58,4033.61
1785319020,4033.58,4033.615,4031.95,4032.695
1785319200,4032.68,4033.7,4032.005,4033.005
1785319380,4033,4034.245,4032.15,4033.09
1785319560,4033.065,4033.775,4031.265,4032.49
1785319740,4032.52,4033.58,4031.995,4032.12
1785319920,4032.125,4033.19,4030.93,4032.01
1785320100,4031.99,4032.05,4030.315,4030.445
1785320280,4030.45,4032.945,4030.25,4031.88
1785320460,4031.85,4031.975,4031.14,4031.42
1785320640,4031.43,4031.81,4030.2,4031.705
1785320820,4031.765,4033.43,4031.46,4033.21
1785321000,4033.165,4034.57,4033.01,4033.37
1785321180,4033.38,4034.54,4031.985,4032.19
1785321360,4032.245,4032.245,4029.46,4029.7
1785321540,4029.725,4030.49,4028.155,4028.575
1785321720,4028.57,4028.805,4026.355,4027.44
1785321900,4027.435,4027.715,4026.535,4027.26
1785322080,4027.27,4028.135,4026.76,4028.11
1785322260,4028.09,4028.665,4026.065,4026.52
1785322440,4026.49,4027.04,4026.085,4026.775
1785322620,4026.65,4027.68,4026.44,4027.535
1785322800,4027.555,4029.45,4027.05,4028.49
1785322980,4028.505,4028.755,4027.39,4027.39
1785323160,4027.37,4027.37,4025.105,4026.595
1785323340,4026.6,4028.3,4025.76,4027.64
1785323520,4027.665,4029.74,4027.47,4029.725
1785323700,4029.86,4030.05,4028.42,4029.955
1785323880,4029.94,4033.01,4029.89,4032.985
1785324060,4032.97,4033.235,4031.955,4032.49
1785324240,4032.495,4032.96,4031.88,4031.91
1785324420,4031.825,4033.59,4031.77,4032.935
1785324600,4032.95,4033.135,4031.345,4031.4
1785324780,4031.49,4032.27,4030.365,4030.845
1785324960,4030.855,4031.68,4030.15,4031.68
1785325140,4031.74,4032.105,4031.16,4031.78
1785325320,4031.82,4032.34,4030.63,4030.99
1785325500,4031,4033.78,4030.62,4033.31
1785325680,4033.3,4036.195,4032.68,4033.56
1785325860,4033.565,4034.84,4032.44,4033.115
1785326040,4033.125,4033.51,4031.605,4032.53
1785326220,4032.505,4032.845,4031.19,4032.845
1785326400,4032.85,4033.5,4030.495,4030.575
1785326580,4030.59,4031.365,4030.37,4030.865
1785326760,4030.92,4031.45,4029.84,4030.555
1785326940,4030.57,4031.135,4028.785,4029.455
1785327120,4029.445,4029.525,4026.105,4027.22
1785327300,4027.225,4027.71,4019.45,4022.39
1785327480,4022.37,4023.595,4017.38,4017.43
1785327660,4017.4,4019.55,4014.44,4017.715
1785327840,4017.725,4017.765,4014.645,4016.245
1785328020,4016.295,4017.34,4012.7,4013.29
1785328200,4013.175,4016.875,4009.39,4015.925
1785328380,4015.86,4019.39,4014.68,4018.065
1785328560,4018.06,4020.725,4017.06,4019.815
1785328740,4019.76,4022.68,4017.47,4019.015
1785328920,4019.045,4021.345,4018.915,4021.15
1785329100,4021.105,4023.23,4019.615,4022.6
1785329280,4022.56,4022.855,4020.035,4021.08
1785329460,4021.035,4022.28,4019.035,4021.205
1785329640,4021.23,4023.61,4020.84,4023.16
1785329820,4023.195,4023.815,4021.54,4022.65
1785330000,4022.82,4026.565,4021.87,4023.58
1785330180,4023.545,4023.55,4016.92,4017.87
1785330360,4017.89,4018.6,4016.24,4016.34
1785330540,4016.335,4019.01,4015.55,4016.39
1785330720,4016.425,4017.615,4015.22,4015.78
1785330900,4015.775,4018.405,4014.19,4017.235
1785331080,4017.285,4018.665,4015.82,4016.515
1785331260,4016.535,4023.24,4016.535,4022.265
1785331440,4022.26,4022.535,4019.88,4022.48
1785331620,4022.485,4023.06,4013.68,4014.725
1785331800,4014.735,4016.09,4011.805,4012.5
1785331980,4012.45,4017.845,4010.265,4017.245
1785332160,4017.24,4018.12,4014.2,4014.87
1785332340,4014.855,4016.465,4013.075,4015.16
1785332520,4015.135,4015.855,4012.85,4013.64
1785332700,4013.62,4014.17,4011.145,4013.2
1785332880,4013.245,4015.99,4011.4,4011.4
1785333060,4011.395,4012.17,4007.055,4009.95
1785333240,4009.965,4010.045,4004.66,4004.87
1785333420,4004.75,4008.455,4002.6,4007.445
1785333600,4007.455,4008.845,4002.405,4003.18
1785333780,4003.17,4006.83,4001.125,4004.855
1785333960,4004.85,4006.78,3999.035,3999.81
1785334140,3999.795,4001.785,3998.275,3999.545
1785334320,3999.54,4000.345,3996.055,3999.46
1785334500,3999.415,4003.905,3999.04,4002.74
1785334680,4002.75,4009.225,4002.75,4008.295
1785334860,4008.315,4009.835,4007.42,4008.835
1785335040,4008.86,4010.215,4005.775,4005.945
1785335220,4005.935,4007.685,4003.58,4005.665
1785335400,4005.675,4008.615,4004.04,4007.545
1785335580,4007.535,4009.42,4005.7,4006.585
1785335760,4006.59,4007.4,4005.46,4005.645
1785335940,4005.67,4006.68,4003.185,4005.76
1785336120,4005.745,4005.745,3999.09,4001.275
1785336300,4001.195,4002.59,3998.44,4001.3
1785336480,4001.225,4002.525,3998.46,4002.015
1785336660,4002.065,4005.54,4000.895,4005.325
1785336840,4005.44,4005.79,4003.86,4004.565
1785337020,4004.65,4005.855,4002.48,4004.875
1785337200,4004.93,4007.78,4003.4,4006.19
1785337380,4006.14,4009.26,4005.93,4008.575
1785337560,4008.535,4008.935,4006.52,4006.935
1785337740,4006.865,4009.8,4005.87,4007.05
1785337920,4007,4007.84,4005.845,4006.93
1785338100,4006.975,4008.695,4006.465,4006.93
1785338280,4007.005,4007.555,4004.47,4005.345
1785338460,4005.32,4010.165,4003.815,4010.04
1785338640,4010.035,4010.385,4008.18,4008.94
1785338820,4008.945,4011.365,4008.555,4010.72
1785339000,4010.795,4012.37,4009.835,4011.57
1785339180,4011.67,4013.68,4009.985,4011.415
1785339360,4011.43,4012.495,4008.38,4008.59
1785339540,4008.605,4009.46,4007.3,4009.045
1785339720,4008.975,4010.69,4007.26,4010.69
1785339900,4010.645,4011.865,4009.475,4010.87
1785340080,4010.85,4013.815,4010.365,4012.39
1785340260,4012.395,4013.325,4010.835,4012.115
1785340440,4012.1,4013.305,4009.755,4010.535
1785340620,4010.57,4010.64,4008.36,4009.975
1785340800,4010.015,4011.84,4007.63,4009.555
1785340980,4009.56,4010.265,4007.845,4009.99
1785341160,4009.995,4015.675,4009.945,4014.98
1785341340,4014.935,4015.73,4011.335,4011.475
1785341520,4011.46,4012.02,4009.525,4009.525
1785341700,4009.485,4009.485,4007.84,4008.925
1785341880,4008.92,4013.82,4008.86,4013.785
1785342060,4013.795,4017.59,4013.42,4014.545
1785342240,4014.555,4016.565,4014.27,4016.155
1785342420,4016.06,4017.29,4015.105,4016.595
1785342600,4016.585,4017.295,4015.065,4016.05
1785342780,4016.06,4019.145,4015.895,4016.835
1785342960,4016.775,4018.17,4015.195,4016.425
1785343140,4016.43,4017.755,4016.225,4017.045
1785343320,4016.965,4017.555,4015.905,4017.1
1785343500,4017.055,4017.16,4015.285,4016.635
1785343680,4016.645,4019.41,4016.355,4019.41
1785343860,4019.455,4023.695,4018.835,4022.94
1785344040,4022.98,4031.945,4022.945,4031.705
1785344220,4031.72,4032.915,4026.745,4027.46
1785344400,4027.455,4033.115,4027.405,4030.565
1785344580,4030.6,4037.735,4030.6,4036.745
1785344760,4036.77,4041.31,4036.77,4040.765
1785344940,4040.78,4042.125,4037.615,4041.94
1785345120,4041.94,4050.745,4041.09,4042.205
1785345300,4042.22,4047.915,4040.795,4046.155
1785345480,4046.145,4048.47,4044.205,4046.965
1785345660,4046.99,4050.63,4046.555,4049.41
1785345840,4049.39,4049.39,4043.035,4044.295
1785346020,4044.285,4044.46,4037.375,4039.245
1785346200,4039.24,4041.965,4037.745,4041.24
1785346380,4041.235,4041.24,4036.735,4036.885
1785346560,4036.88,4040.565,4036.335,4040.565
1785346740,4040.56,4043.595,4040.145,4043.165
1785346920,4043.265,4047.475,4043.125,4045.84
1785347100,4045.885,4047.915,4044.905,4045.305
1785347280,4045.315,4048.155,4045.245,4046.65
1785347460,4046.645,4046.92,4044.985,4046.245
1785347640,4046.235,4046.315,4042.1,4042.88
1785347820,4042.875,4044.745,4041.41,4044.285
1785348000,4044.29,4085.815,4042.775,4072.455
1785348180,4072.46,4076.9,4065.18,4076.115
1785348360,4076.1,4083.15,4075.785,4077.815
1785348540,4077.84,4080.535,4072.1,4079.205
1785348720,4079.275,4086.225,4076.32,4081.105
1785348900,4081.115,4083.96,4072.13,4075.205
1785349080,4075.295,4075.72,4068.91,4071.455
1785349260,4071.35,4072.465,4067.245,4067.985
1785349440,4067.995,4068.58,4064.945,4065.45
1785349620,4065.47,4067.945,4064.01,4067.93
1785349800,4067.92,4072.79,4052.175,4060.11
1785349980,4060.05,4062.555,4053.6,4055.845
1785350160,4055.935,4068.58,4054.545,4066.265
1785350340,4066.31,4080.43,4064.42,4076.23
1785350520,4076.23,4086.99,4075.555,4083.39
1785350700,4083.47,4094.245,4082.05,4088.7
1785350880,4088.7,4101.075,4084.63,4095.84
1785351060,4095.855,4105.665,4095.085,4104.705
1785351240,4104.7,4110.12,4101.55,4108.185
1785351420,4108.235,4109.51,4101.165,4106.75
1785351600,4106.74,4116.415,4104.275,4110.165
1785351780,4110.175,4112.51,4099.255,4100.22
1785351960,4100.215,4104.38,4093.8,4094.815
1785352140,4094.785,4098.225,4090.125,4096.755
1785352320,4096.74,4102.32,4095.945,4099.63
1785352500,4099.65,4104.72,4097.645,4100.07
1785352680,4100.115,4104.72,4092.585,4094.315
1785352860,4094.145,4095.085,4085.165,4086.59
1785353040,4086.615,4089.67,4081.54,4083.975
1785353220,4083.945,4086.005,4080.93,4084.265
1785353400,4084.195,4088.69,4080.13,4081.325
1785353580,4081.35,4082.38,4067.12,4070.81
1785353760,4070.79,4075.98,4066.12,4068.535
1785353940,4068.545,4072.57,4065.415,4070.025
1785354120,4069.975,4073.355,4067.185,4069.42
1785354300,4069.385,4072.14,4066.09,4068.21
1785354480,4068.18,4071.925,4067.215,4069.095
1785354660,4069.185,4069.225,4064.295,4064.975
1785354840,4064.945,4065.77,4052.995,4053.53
1785355020,4053.545,4055.155,4044.375,4044.74
1785355200,4044.74,4052.98,4042.955,4047.575
1785355380,4047.495,4053.935,4045.68,4051.64
1785355560,4051.63,4053.825,4049.925,4051.89
1785355740,4051.895,4053.89,4049.315,4053.66
1785355920,4053.67,4056.185,4051.68,4052.14
1785356100,4052.17,4052.185,4048.875,4051.2
1785356280,4051.205,4051.69,4045.505,4046.035
1785356460,4046.055,4050.88,4043.95,4049.035
1785356640,4049.025,4051.11,4047.745,4050.225
1785356820,4050.12,4057.54,4049.59,4055.895
1785357000,4055.835,4056.86,4054.185,4056.65
1785357180,4056.67,4060.065,4056.205,4058.99
1785357360,4058.995,4062.835,4058.895,4062.155
1785357540,4062.145,4066.43,4061.92,4066.42
1785357720,4066.345,4069.475,4065.825,4067.285
1785357900,4067.265,4070.125,4065.53,4068.025
1785358080,4067.99,4070.195,4063.555,4065.805
1785358260,4065.84,4066.57,4064.555,4065.82
1785358440,4065.755,4067.32,4064.205,4067.26
1785358620,4067.305,4067.305,4065.175,4066.34
1785362580,4074.84,4075.05,4071.265,4071.425
1785362760,4071.425,4072.92,4064.505,4068.135
1785362940,4068.06,4073.675,4067.53,4073.41
1785363120,4073.36,4077.825,4072.73,4076.295
1785363300,4076.27,4077.575,4074.81,4075.35
1785363480,4075.325,4075.355,4073.7,4074.315
1785363660,4074.3,4074.86,4072.945,4074.78
1785363840,4075.08,4075.3,4072.99,4073.225
1785364020,4073.21,4075.3,4072.605,4075
1785364200,4074.985,4076.195,4072.96,4073.95
1785364380,4073.945,4077.675,4073.06,4077.615
1785364560,4077.62,4078.93,4076.34,4076.34
1785364740,4076.345,4077.255,4075.555,4076.615
1785364920,4076.7,4081.45,4076.415,4081.41
1785365100,4081.5,4084.415,4079.885,4082.575
1785365280,4082.475,4085.935,4081.545,4085.275
1785365460,4085.25,4085.805,4084.265,4085.005
1785365640,4084.99,4090.21,4084.4,4089.485
1785365820,4089.48,4090.65,4086.59,4088.58
1785366000,4088.61,4091.695,4088.375,4091.56
1785366180,4091.55,4095.705,4091.405,4094.625
1785366360,4094.615,4100.485,4094.6,4099.925
1785366540,4099.92,4099.92,4092.62,4093.435
1785366720,4093.44,4094.835,4090.59,4091.7
1785366900,4091.76,4092.355,4090.505,4091.765
1785367080,4091.76,4094.495,4091.55,4093.05
1785367260,4092.935,4094.86,4091.86,4093.425
1785367440,4093.47,4094.575,4090.725,4094.18
1785367620,4094.13,4094.24,4092.06,4093.59
1785367800,4093.595,4094.205,4090.9,4093.465
1785367980,4093.55,4093.985,4092.225,4093.82
1785368160,4093.815,4094.58,4093.13,4093.755
1785368340,4093.745,4093.755,4090.475,4091.595
1785368520,4091.585,4092.115,4089.235,4090.19
1785368700,4090.21,4092.445,4088.74,4091.65
1785368880,4091.675,4093.01,4089.765,4090.26
1785369060,4090.21,4091.215,4087.275,4087.54
1785369240,4087.565,4088.62,4085.725,4087.975
1785369420,4087.875,4087.875,4084.4,4084.59
1785369600,4084.625,4086.735,4082.645,4083.43
1785369780,4083.485,4083.705,4079.77,4081.205
1785369960,4081.2,4085.53,4081.105,4082.91
1785370140,4082.895,4083.72,4079.18,4079.705
1785370320,4079.71,4083.17,4079.69,4081.465
1785370500,4081.585,4083.735,4080.255,4080.31
1785370680,4080.305,4081.36,4075.4,4076.805
1785370860,4076.925,4080.265,4076.755,4079.765
1785371040,4079.78,4080.85,4074.175,4074.895
1785371220,4074.9,4076.81,4073.02,4075.355
1785371400,4075.385,4077,4072.905,4073.585
1785371580,4073.605,4075.465,4071.585,4072.545
1785371760,4072.57,4073.415,4069.81,4070.19
1785371940,4070.16,4071.11,4068.195,4069.895
1785372120,4069.905,4070.16,4065.065,4066.225
1785372300,4066.21,4068.245,4064.96,4065.62
1785372480,4065.605,4067.76,4065.23,4066.365
1785372660,4066.265,4068.08,4065.345,4067.415
1785372840,4067.4,4068.82,4066.965,4068.305
1785373020,4068.275,4073.025,4067.925,4072.27
1785373200,4072.285,4084.075,4070.36,4081.56
1785373380,4081.575,4090.415,4079.875,4088.735
1785373560,4088.725,4092.955,4087.96,4091.295
1785373740,4091.375,4092.015,4084.55,4084.94
1785373920,4084.935,4084.935,4074.74,4075.52
1785374100,4075.485,4078.73,4074.09,4074.635
1785374280,4074.64,4077.225,4073.4,4074.835
1785374460,4074.77,4079.87,4073.95,4078.215
1785374640,4078.22,4083.62,4078.135,4083.27
1785374820,4083.26,4084.85,4080.305,4081.27
1785375000,4081.3,4086.285,4080.74,4085.955
1785375180,4086.01,4088.13,4085.13,4086.86
1785375360,4086.69,4087.6,4084.46,4086.7
1785375540,4086.695,4089.73,4085.845,4089.29
1785375720,4089.34,4089.89,4086.515,4086.785
1785375900,4086.855,4088.055,4084.75,4085.06
1785376080,4085.075,4089.94,4084.015,4087.81
1785376260,4087.83,4090.275,4087.32,4087.6
1785376440,4087.59,4091.155,4086.975,4087.645
1785376620,4087.625,4088.2,4084.005,4084.59
1785376800,4084.46,4090.45,4084.42,4087.475
1785376980,4087.555,4089.805,4087.555,4088.18
1785377160,4088.22,4090.255,4087.94,4088.64
1785377340,4088.635,4089.02,4084.795,4086.345
1785377520,4086.335,4086.74,4082.335,4082.535
1785377700,4082.55,4082.775,4080.075,4080.86
1785377880,4080.715,4083.78,4080.105,4081.725
1785378060,4081.685,4082.82,4080.76,4082.325
1785378240,4082.43,4083.465,4080.29,4080.32
1785378420,4080.38,4083.695,4080.38,4082.725
1785378600,4082.715,4082.82,4076.175,4076.175
1785378780,4076.145,4078.02,4075.445,4077.94
1785378960,4077.975,4078.44,4074.615,4075.875
1785379140,4075.87,4078.955,4075.655,4076.215
1785379320,4076.2,4077.325,4073.7,4076.86
1785379500,4076.875,4077.005,4074.79,4075.84
1785379680,4075.94,4076.875,4072.4,4072.735
1785379860,4072.75,4074.775,4071.64,4072.445
1785380040,4072.49,4072.515,4069.02,4070.015
1785380220,4070.025,4070.21,4063.435,4063.71
1785380400,4063.705,4068.955,4062.61,4068.585
1785380580,4068.58,4070.025,4068.01,4069.9
1785380760,4069.88,4070.345,4065.4,4065.4
1785380940,4065.345,4065.79,4063.85,4064.045
1785381120,4064.07,4064.115,4060.495,4063.125
1785381300,4063.12,4064.175,4060.575,4061.14
1785381480,4061.12,4061.37,4056.455,4057.305
1785381660,4057.26,4057.955,4055.535,4057.845
1785381840,4057.89,4058.365,4055.855,4056.795
1785382020,4056.785,4056.96,4052.74,4054.01
1785382200,4054.02,4055.495,4051.8,4053.375
1785382380,4053.37,4055.245,4052.425,4054.9
1785382560,4054.88,4056.12,4050.81,4052.285
1785382740,4052.29,4054.05,4050.85,4053.17
1785382920,4053.21,4053.87,4052.1,4052.505
1785383100,4052.5,4056.9,4052.32,4055.55
1785383280,4055.555,4058.73,4054.84,4058.73
1785383460,4058.725,4059.635,4058.36,4058.63
1785383640,4058.72,4059.38,4057.86,4059.29
1785383820,4059.23,4059.865,4056.83,4058.88
1785384000,4058.94,4060.385,4058.04,4059.6
1785384180,4059.54,4060.235,4055.625,4056.12
1785384360,4056.17,4057.16,4054.65,4057.075
1785384540,4057.105,4057.23,4053,4053.33
1785384720,4053.38,4054.975,4053.155,4053.45
1785384900,4053.425,4055.015,4053.29,4053.81
1785385080,4053.77,4054.17,4051.135,4053.05
1785385260,4053.005,4054,4051.845,4052.595
1785385440,4052.605,4054.015,4052.27,4053.96
1785385620,4053.955,4055.475,4053.34,4054.105
1785385800,4054.125,4054.125,4052.055,4052.105
1785385980,4052.13,4052.995,4051.645,4051.945
1785386160,4051.91,4052.23,4049.725,4050.18
1785386340,4050.235,4050.44,4048.095,4048.14
1785386520,4048.18,4050.49,4047.775,4048.88
1785386700,4048.845,4052.045,4048.625,4049.51
1785386880,4049.42,4049.42,4045.92,4046.415
1785387060,4046.42,4048.445,4046.34,4048.03
1785387240,4048.005,4048.28,4046.11,4046.65
1785387420,4046.57,4047.335,4044.34,4046.045
1785387600,4046.05,4046.205,4041.83,4042.805
1785387780,4042.785,4045.835,4041.95,4043.405
1785387960,4043.39,4044.82,4042.01,4044.215
1785388140,4044.2,4045.685,4044.13,4044.385
1785388320,4044.405,4046.08,4044.05,4045.895
1785388500,4045.9,4046.37,4042.25,4042.445
1785388680,4042.44,4043.945,4037.6,4043.775
1785388860,4043.815,4044.71,4041.41,4044.27
1785389040,4044.265,4045.05,4043.035,4043.68
1785389220,4043.715,4047.385,4043.715,4047.005
1785389400,4046.955,4051.445,4045.34,4047.19
1785389580,4047.205,4049.75,4042.535,4043.605
1785389760,4043.555,4044.625,4028.69,4032.805
1785389940,4032.755,4036.65,4029.77,4035.46
1785390120,4035.445,4037.24,4032.295,4033.325
1785390300,4033.32,4038.57,4031.305,4033.5
1785390480,4033.515,4034.98,4030.54,4034.03
1785390660,4034.025,4035.31,4030.63,4030.96
1785390840,4031.025,4035.62,4030.05,4035.355
1785391020,4035.35,4036.37,4032.585,4033.82
1785391200,4033.725,4038.5,4033.67,4036.45
1785391380,4036.455,4039.505,4035.395,4039.065
1785391560,4039.035,4039.035,4034.995,4037.49
1785391740,4037.52,4038.83,4033.42,4034.655
1785391920,4034.645,4034.88,4031.39,4032.435
1785392100,4032.425,4033.9,4030.885,4033.64
1785392280,4033.55,4035.265,4031.63,4033.865
1785392460,4033.88,4039.545,4033.825,4038.34
1785392640,4038.3,4038.69,4034.585,4035.27
1785392820,4035.315,4035.34,4029.4,4033.215
1785393000,4033.265,4036.42,4031.015,4035.905
1785393180,4035.96,4036.745,4034.135,4034.94
1785393360,4034.925,4036.995,4034.13,4036.045
1785393540,4036.05,4037.3,4034.25,4036.285
1785393720,4036.215,4038.285,4035.11,4035.745
1785393900,4035.76,4037.735,4034.26,4036.32
1785394080,4036.305,4036.925,4034.19,4036.18
1785394260,4036.205,4040.63,4036.205,4039.735
1785394440,4039.73,4040.255,4036.025,4036.095
1785394620,4036.105,4036.93,4035.29,4036.54
1785394800,4036.57,4046.145,4035.41,4045.195
1785394980,4045.145,4047.97,4042.52,4044.04
1785395160,4044.05,4045.73,4043.515,4043.605
1785395340,4043.595,4046.56,4043.185,4045.88
1785395520,4045.93,4047.75,4044.02,4046.91
1785395700,4046.92,4050.58,4046.66,4049.11
1785395880,4049.09,4051.43,4045.71,4045.83
1785396060,4045.92,4046.835,4044.515,4046.405
1785396240,4046.415,4048.205,4045.075,4046.02
1785396420,4045.975,4046.695,4043.015,4045.965
1785396600,4045.975,4046.175,4040.525,4040.75
1785396780,4040.795,4042.435,4040.22,4041.46
1785396960,4041.375,4041.575,4036.065,4037.1
1785397140,4037.095,4044.355,4037.095,4043.04
1785397320,4043.03,4047.365,4042.47,4045.88
1785397500,4045.875,4046.58,4041.82,4041.835
1785397680,4041.89,4043.655,4040.51,4042.435
1785397860,4042.41,4045.535,4041.75,4045.45
1785398040,4045.49,4045.525,4038.155,4038.265
1785398220,4038.29,4041.11,4038.215,4038.935
1785398400,4038.825,4040.485,4036.81,4039.43
1785398580,4039.445,4048.77,4038.295,4048.16
1785398760,4048.13,4053.675,4047.375,4050.64
1785398940,4050.65,4052.745,4049.395,4052.15
1785399120,4052.155,4056.32,4051.93,4053.31
1785399300,4053.295,4056.37,4052.27,4054.91
1785399480,4054.885,4058.455,4053.445,4057.34
1785399660,4057.345,4063.6,4056.75,4063.285
1785399840,4063.155,4065.17,4059.99,4064.515
1785400020,4064.485,4068.525,4063.94,4064.54
1785400200,4064.48,4073.01,4063.54,4070.07
1785400380,4070.025,4070.41,4066.11,4066.815
1785400560,4066.805,4071.86,4064.65,4065.17
1785400740,4065.195,4066.29,4063.055,4064.045
1785400920,4064.065,4066.81,4063.59,4065.905
1785401100,4065.9,4070.97,4065.795,4070.09
1785401280,4070.085,4070.155,4062.835,4063.31
1785401460,4063.315,4064.42,4059.885,4060.29
1785401640,4060.3,4061.555,4059.475,4059.875
1785401820,4059.945,4062.095,4059.87,4061.49
1785402000,4061.485,4066.49,4060.305,4065.585
1785402180,4065.58,4067.49,4065.15,4066.985
1785402360,4066.975,4068.995,4065.925,4067.455
1785402540,4067.475,4068.945,4065.44,4066.98
1785402720,4067.025,4068.995,4064.895,4066.025
1785402900,4066.05,4066.9,4064.54,4065.79
1785403080,4065.84,4068.005,4065.51,4067.925
1785403260,4068.04,4072.375,4066.95,4070.115
1785403440,4070.075,4072.505,4068.74,4070.585
1785403620,4070.61,4072.21,4067.14,4067.53
1785403800,4067.525,4068.16,4060.515,4061.53
1785403980,4061.525,4066.69,4061.155,4065.715
1785404160,4065.705,4069.34,4065.53,4066.045
1785404340,4066.04,4066.57,4064.425,4064.59
1785404520,4064.555,4066.075,4064.535,4065.635
1785404700,4065.67,4066.745,4063.865,4066.415
1785404880,4066.425,4071.095,4066.425,4070.3
1785405060,4070.31,4073.155,4069.205,4069.415
1785405240,4069.42,4069.675,4064.76,4065.08
1785405420,4064.965,4065.79,4062.34,4063.405
1785405600,4063.495,4068.105,4063.065,4066.99
1785405780,4066.945,4067.905,4064.575,4065.705
1785405960,4065.69,4070.795,4065.69,4070.44
1785406140,4070.445,4074.855,4069.13,4069.155
1785406320,4069.15,4069.15,4064.29,4068.43
1785406500,4068.425,4077.66,4067.82,4074.055
1785406680,4073.885,4076.74,4073.8,4075.775
1785406860,4075.77,4077.7,4074.33,4075.615
1785407040,4075.605,4077.74,4074.9,4076
1785407220,4076.02,4077.18,4075.31,4076.52
1785407400,4076.4,4079.09,4075.165,4077.53
1785407580,4077.485,4080.655,4076.81,4079.71
1785407760,4079.76,4081.475,4077.08,4077.11
1785407940,4077.14,4081.695,4076.81,4079.645
1785408120,4079.595,4082.785,4078.955,4081.275
1785408300,4081.31,4083.23,4080.325,4081.795
1785408480,4081.8,4082.005,4079.24,4080.625
1785408660,4080.59,4080.59,4078.085,4079.28
1785408840,4079.275,4080.205,4078.235,4079.32
1785409020,4079.315,4079.96,4078.11,4078.155
1785409200,4078.105,4080.13,4077.7,4078.29
1785409380,4078.28,4081.1,4078.08,4079.965
1785409560,4079.985,4082.755,4079.445,4080.765
1785409740,4080.65,4082.87,4080.52,4082.69
1785409920,4082.68,4082.945,4078.765,4079.695
1785410100,4079.69,4081.94,4079.07,4080.935
1785410280,4080.93,4081.16,4077.265,4077.38
1785410460,4077.375,4080.17,4076.67,4079.785
1785410640,4079.78,4081.72,4077.135,4077.22
1785410820,4077.265,4078.045,4076.645,4077.89
1785411000,4078.1,4078.735,4076.23,4076.815
1785411180,4076.81,4078.175,4076.535,4077.755
1785411360,4077.775,4079.3,4077.505,4079.205
1785411540,4079.22,4079.585,4076.98,4078.295
1785411720,4078.33,4079.475,4077.415,4077.595
1785411900,4077.61,4077.95,4075.77,4076.86
1785412080,4076.885,4078.075,4076.295,4077.565
1785412260,4077.56,4079.495,4077.005,4078.9
1785412440,4078.915,4080.845,4078.61,4078.83
1785412620,4078.825,4079.785,4076.745,4077.815
1785412800,4077.79,4078.685,4074.78,4076.15
1785412980,4076.165,4081.365,4076.12,4081
1785413160,4081.05,4082.555,4079.88,4082.165
1785413340,4082.215,4082.53,4075.9,4076.095
1785413520,4076.105,4080.37,4074.95,4078.855
1785413700,4078.88,4078.985,4073.91,4074.895
1785413880,4074.97,4075.51,4072.73,4073.4
1785414060,4073.425,4075.545,4071.75,4074.5
1785414240,4074.515,4081.45,4074.265,4081.005
1785414420,4080.965,4080.965,4076.535,4076.81
1785414600,4076.865,4086.785,4071.92,4074.675
1785414780,4074.685,4075.945,4071.82,4075.925
1785414960,4075.985,4077.53,4072.005,4076.36
1785415140,4076.355,4081.205,4073.96,4077.945
1785415320,4077.97,4081.84,4074.805,4077.245
1785415500,4077.225,4079.41,4073.19,4074.27
1785415680,4074.275,4077.105,4073.74,4074.295
1785415860,4074.255,4074.305,4067.285,4067.685
1785416040,4067.7,4071.93,4067.7,4070.65
1785416220,4070.635,4073.82,4069.01,4069.03
1785416400,4069.04,4074.08,4065.315,4071.425
1785416580,4071.46,4072.34,4066.53,4068.81
1785416760,4068.965,4076.73,4066.68,4076.575
1785416940,4076.57,4076.725,4069.98,4071.725
1785417120,4071.735,4076.785,4071.175,4076.73
1785417300,4076.735,4077.45,4074.46,4075.62
1785417480,4075.625,4076.065,4072.165,4075.745
1785417660,4075.72,4084.08,4075.72,4081.875
1785417840,4081.88,4082.855,4078.2,4078.71
1785418020,4078.655,4080.35,4074.18,4080.01
1785418200,4079.995,4081.875,4076.605,4077.345
1785418380,4077.425,4081.54,4074.96,4078.475
1785418560,4078.46,4098.765,4077.905,4098.16
1785418740,4098.155,4098.56,4085.16,4091.31
1785418920,4091.29,4096.315,4088.14,4088.875
1785419100,4088.895,4097.56,4085.63,4097.485
1785419280,4097.51,4101.54,4092.105,4095.26
1785419460,4095.385,4103.065,4093.855,4100.29
1785419640,4100.305,4104.61,4099.465,4103.63
1785419820,4103.67,4112.825,4101.08,4112.34
1785420000,4112.415,4120.495,4108.145,4112.78
1785420180,4112.79,4113,4105.4,4106.38
1785420360,4106.385,4106.63,4094.11,4095.575
1785420540,4095.69,4102.525,4095.675,4102.15
1785420720,4102.155,4102.175,4096.365,4098.325
1785420900,4098.29,4100.295,4096.36,4098.215
1785421080,4098.2,4098.44,4087.88,4090.19
1785421260,4090.2,4098.57,4087.195,4097.61
1785421440,4097.665,4098.59,4087.25,4089.325
1785421620,4089.3,4096.345,4089.3,4096.315
1785421800,4096.33,4099.15,4094.9,4098.8
1785421980,4098.75,4102.95,4098.09,4100.935
1785422160,4100.93,4105.91,4100.375,4104.07
1785422340,4104.1,4108.46,4103.56,4106.285
1785422520,4106.3,4111.325,4105.845,4110.725
1785422700,4110.68,4113.255,4102.15,4102.785
1785422880,4102.83,4105.68,4098.91,4099.72
1785423060,4099.76,4102.43,4098.61,4100.015
1785423240,4099.935,4100.97,4097.19,4099.025
1785423420,4099.035,4101.03,4096.64,4100.01
1785423600,4100.075,4100.215,4096.455,4098.945
1785423780,4098.985,4100.27,4096.52,4097.28
1785423960,4097.43,4098.525,4089.895,4091.915
1785424140,4091.99,4091.99,4087.675,4088.065
1785424320,4088.015,4088.05,4083.27,4085.735
1785424500,4085.645,4095.025,4084.99,4093.43
1785424680,4093.415,4097.315,4093.2,4095.84
1785424860,4095.83,4097.16,4092.29,4094.13
1785425040,4094.125,4095.44,4092.145,4095.44
1785425220,4095.445,4096.88,4093.76,4096.11
1785425400,4096.105,4097.35,4092.61,4096.97
1785425580,4096.975,4100.2,4096.725,4098.18
1785425760,4098.24,4100.855,4098.16,4099.085
1785425940,4099.075,4102.03,4098.515,4101.51
1785426120,4101.515,4106.975,4100.69,4105.555
1785426300,4105.57,4106.645,4103.605,4105.575
1785426480,4105.63,4106.975,4104.7,4105.615
1785426660,4105.62,4108.125,4105.17,4105.72
1785426840,4105.73,4110.23,4105.205,4108.465
1785427020,4108.52,4109.045,4107.015,4108.25
1785427200,4108.2,4112.975,4107.86,4112.12
1785427380,4112.13,4115.93,4111.905,4112.66
1785427560,4112.655,4113.855,4111.205,4112.845
1785427740,4112.815,4113.04,4109.175,4111.355
1785427920,4111.395,4115.97,4110.765,4114.195
1785428100,4114.095,4115.805,4113.915,4115.76
1785428280,4115.75,4116.065,4113.595,4114.385
1785428460,4114.375,4116.125,4113.785,4115.995
1785428640,4115.975,4119.285,4115.935,4117.605
1785428820,4117.615,4117.715,4115.6,4116
1785429000,4115.995,4116.42,4114.205,4115.5
1785429180,4115.495,4115.95,4112.79,4113.925
1785429360,4113.945,4114.5,4111.05,4111.055
1785429540,4111.065,4111.975,4109.465,4111.67
1785429720,4111.7,4112.01,4108.305,4108.535
1785429900,4108.53,4108.945,4107.26,4107.69
1785430080,4107.685,4109.93,4107.675,4109.63
1785430260,4109.55,4110.26,4107.35,4107.5
1785430440,4107.435,4110.55,4106.645,4110.53
1785430620,4110.565,4110.785,4109.06,4110.78
1785430800,4110.75,4111.325,4107.66,4108.195
1785430980,4108.19,4108.485,4106.795,4108.275
1785431160,4108.28,4108.78,4107.635,4107.865
1785431340,4107.875,4108.655,4106.63,4108.13
1785431520,4108.155,4108.3,4104.855,4104.945
1785431700,4104.93,4106.68,4103.89,4106.245
1785431880,4106.235,4106.96,4105.34,4106.07
1785432060,4106.08,4108.06,4104.685,4107.18
1785432240,4107.185,4108.28,4104.72,4104.985
1785432420,4104.995,4106.05,4098.505,4101.65
1785432600,4101.64,4102.53,4100.325,4101.47
1785432780,4101.47,4101.985,4100.055,4100.485
1785432960,4100.5,4108.235,4100.305,4103.895
1785433140,4103.925,4106.82,4102.715,4106.08
1785433320,4106.09,4106.61,4103.235,4106.08
1785433500,4106.145,4108.57,4105.35,4106.435
1785433680,4106.4,4107.41,4103.11,4103.64
1785433860,4103.625,4104.53,4102.78,4102.8
1785434040,4102.905,4104.11,4101.25,4103.35
1785434220,4103.355,4103.825,4102.445,4102.765
1785434400,4102.75,4105.775,4102.75,4105
1785434580,4105.005,4106.545,4104.505,4106.13
1785434760,4106.16,4106.39,4104.535,4105.155
1785434940,4105.16,4106.86,4104.96,4106.555
1785435120,4106.56,4106.89,4105.83,4106.525
1785435300,4106.505,4106.8,4103.785,4104.34
1785435480,4104.345,4105.23,4103.825,4104.875
1785435660,4104.865,4105.435,4101.355,4103.08
1785435840,4103.065,4103.065,4100.75,4101.51
1785436020,4101.515,4103.68,4101.335,4103.49
1785436200,4103.45,4105.71,4102.965,4105.415
1785436380,4105.41,4107.855,4104.885,4105.135
1785436560,4105.13,4106.435,4104.93,4105.625
1785436740,4105.63,4105.825,4104.32,4104.325
1785436920,4104.32,4105.015,4103.925,4104.81
1785437100,4104.82,4105.175,4103.2,4103.32
1785437280,4103.31,4103.31,4100.455,4101.17
1785437460,4101.18,4101.4,4099.73,4099.85
1785437640,4099.86,4100.145,4098.79,4099.475
1785437820,4099.465,4100.16,4098.785,4099.74
1785438000,4099.745,4102.675,4098.77,4102.145
1785438180,4102.15,4104.35,4101.665,4103.415
1785438360,4103.405,4105.34,4102.71,4103.94
1785438540,4103.95,4105.645,4103.05,4103.22
1785438720,4103.195,4105.575,4103.03,4104.64
1785438900,4104.62,4112.425,4102.96,4112.215
1785439080,4112.23,4113.055,4109.495,4110.69
1785439260,4110.685,4111.645,4110.515,4110.92
1785439440,4110.925,4114.915,4109.945,4114.075
1785439620,4114.085,4114.67,4112.4,4112.915
1785439800,4112.94,4113.915,4112.455,4112.52
1785439980,4112.54,4115.375,4112.54,4113.805
1785440160,4113.8,4113.81,4112.195,4113.24
1785440340,4113.245,4114.145,4112.085,4112.11
1785440520,4112.13,4113.74,4111.505,4112.3
1785440700,4112.285,4112.925,4111.22,4112.29
1785440880,4112.295,4113.245,4111.91,4112.72
1785441060,4112.705,4112.935,4109.805,4110.05
1785441240,4110.045,4111.195,4109.33,4109.945
1785441420,4109.94,4112.735,4109.345,4112.065
1785441600,4112.2,4115.625,4110.045,4115.125
1785441780,4115.075,4117.515,4114.9,4114.98
1785441960,4114.89,4115.4,4113.74,4114.455
1785442140,4114.45,4115.605,4114.04,4114.045
1785442320,4114.055,4114.6,4112.99,4113.96
1785442500,4113.985,4114.99,4113.48,4113.895
1785442680,4113.855,4114.535,4112.375,4113.525
1785442860,4113.54,4113.715,4112.585,4112.91
1785443040,4112.91,4114.145,4112.82,4113.92
1785443220,4113.905,4114.015,4111.71,4111.935
1785443400,4111.935,4112.64,4107.665,4109.205
1785443580,4109.2,4109.48,4106.91,4107.03
1785443760,4107.05,4107.785,4106.39,4107.045
1785443940,4107.04,4107.305,4106.135,4106.425
1785444120,4106.44,4107.3,4102.41,4102.87
1785444300,4102.905,4103.645,4101.41,4101.595
1785444480,4101.625,4102.64,4099.235,4100.38
1785444660,4100.365,4102.65,4100.245,4102.48
1785444840,4102.41,4103.24,4100.885,4103.025
1785445020,4102.965,4103.885,4102.575,4103.27
1785448980,4103.36,4103.825,4102.63,4103.37
1785449160,4103.345,4105.235,4103.245,4104.91
1785449340,4104.945,4106.605,4104.735,4105.715
1785449520,4105.66,4107.97,4105.35,4107.01
1785449700,4106.99,4108.655,4106.65,4107.375
1785449880,4107.365,4108.525,4107.245,4108.03
1785450060,4107.99,4108.295,4107.54,4107.63
1785450240,4107.595,4108.715,4107.475,4108.335
1785450420,4108.325,4108.425,4107.06,4107.905
1785450600,4107.855,4108.34,4107.155,4108.02
1785450780,4108.07,4108.68,4107.61,4108.585
1785450960,4108.58,4110.31,4108.385,4110.025
1785451140,4110.005,4110.69,4109.8,4110.1
1785451320,4110.09,4110.58,4109.62,4110.405
1785451500,4110.53,4111.105,4109.2,4109.87
1785451680,4109.86,4111.175,4109.825,4110.655
1785451860,4110.605,4111.215,4110.33,4110.645
1785452040,4110.65,4111.455,4109.72,4110.14
1785452220,4110.135,4110.245,4109.27,4109.385
1785452400,4109.335,4111.49,4109.335,4111.055
1785452580,4110.955,4112.01,4110.22,4111.775
1785452760,4111.9,4111.9,4109.99,4110.015
1785452940,4110.03,4110.03,4107.435,4107.5
1785453120,4107.485,4107.925,4106.595,4107.46
1785453300,4107.415,4107.575,4106.33,4107.02
1785453480,4106.97,4107.52,4105.045,4105.045
1785453660,4105.02,4107.13,4104.595,4106.58
1785453840,4106.605,4106.785,4105.72,4106.205
1785454020,4106.255,4106.285,4104.06,4104.41
1785454200,4104.405,4105.285,4103.64,4105.135
1785454380,4105.11,4105.135,4102.99,4103.435
1785454560,4103.485,4104.895,4102.345,4104.315
1785454740,4104.31,4107.59,4103.885,4106.805
1785454920,4106.8,4106.9,4105.05,4106.055
1785455100,4106.115,4110.145,4106.115,4109.305
1785455280,4109.365,4109.745,4106.63,4106.695
1785455460,4106.675,4109.3,4106.635,4107.06
1785455640,4107.065,4107.4,4106.2,4106.765
1785455820,4106.73,4107.285,4105.535,4105.985
1785456000,4106.065,4107.225,4101.69,4102.45
1785456180,4102.435,4105.93,4102.39,4103.605
1785456360,4103.615,4104.055,4101.59,4102.85
1785456540,4102.865,4104.05,4102.07,4102.115
1785456720,4102.12,4102.495,4100.805,4101.405
1785456900,4101.365,4102.915,4100.255,4100.705
1785457080,4100.605,4102.265,4100.185,4100.53
1785457260,4100.525,4103.195,4098.75,4103.005
1785457440,4103.045,4103.725,4099.98,4100.125
1785457620,4100.055,4100.105,4096.24,4096.58
1785457800,4096.53,4097.605,4094.655,4095.4
1785457980,4095.3,4095.3,4092.82,4093.685
1785458160,4093.7,4093.77,4092.095,4092.35
1785458340,4092.345,4093.005,4090.585,4091.98
1785458520,4091.985,4093.595,4091.325,4093.165
1785458700,4093.12,4093.53,4090.745,4092.39
1785458880,4092.48,4094.435,4092.185,4094.21
1785459060,4094.255,4095.445,4093.48,4094.515
1785459240,4094.465,4095.125,4093.17,4093.955
1785459420,4094.005,4096.15,4092.61,4094.855
1785459600,4094.835,4101.5,4094.835,4100.295
1785459780,4100.32,4101.495,4095.58,4098.165
1785459960,4098.245,4101.71,4096.21,4099.775
1785460140,4099.8,4100.04,4093.655,4093.81
1785460320,4093.825,4094.985,4088.705,4088.94
1785460500,4088.965,4091.455,4086.63,4091.355
1785460680,4091.42,4094.98,4090.255,4094.96
1785460860,4094.965,4095.045,4091.695,4092.88
1785461040,4092.865,4094.435,4091.065,4094.415
1785461220,4094.37,4094.66,4090.655,4092.03
1785461400,4092.095,4092.145,4087.795,4088.505
1785461580,4088.455,4089.115,4086.89,4087.755
1785461760,4087.715,4087.81,4084.935,4085.04
1785461940,4085.045,4087.05,4083.965,4086.065
1785462120,4086.155,4087.39,4085.21,4085.71
1785462300,4085.65,4089.46,4084.915,4086.58
1785462480,4086.63,4086.675,4082.15,4082.855
1785462660,4082.845,4085.765,4082.77,4085.05
1785462840,4085.02,4087.485,4084.03,4087.065
1785463020,4086.98,4087.3,4084.325,4084.325
1785463200,4084.39,4086.44,4081.78,4082.29
1785463380,4082.285,4087.155,4082.2,4087.045
1785463560,4087.05,4089.145,4086.46,4086.745
1785463740,4086.83,4090.405,4086.74,4089.475
1785463920,4089.34,4089.71,4085.365,4085.575
1785464100,4085.58,4085.58,4081.58,4083.905
1785464280,4083.84,4084.305,4082.055,4083.32
1785464460,4083.38,4083.97,4082.495,4083.16
1785464640,4083.185,4083.59,4081.57,4082.63
1785464820,4082.675,4083.16,4081.75,4082.21
1785465000,4082.13,4084.375,4081.165,4083.98
1785465180,4084.04,4084.05,4081.185,4081.775
1785465360,4081.795,4082.45,4081.22,4082.285
1785465540,4082.315,4082.77,4079.755,4080.64
1785465720,4080.655,4080.655,4075.355,4075.375
1785465900,4075.37,4077.745,4074.69,4077.035
1785466080,4077.17,4078.105,4075.535,4076.56
1785466260,4076.55,4077.685,4074.27,4077.185
1785466440,4077.215,4078.245,4076.65,4076.965
1785466620,4076.93,4078.575,4076.165,4076.275
1785466800,4076.07,4076.27,4074.8,4075.18
1785466980,4075.165,4075.51,4073.46,4074.77
1785467160,4074.705,4076.065,4074.115,4075.49
1785467340,4075.465,4076.52,4073.045,4073.955
1785467520,4073.98,4074.1,4072.145,4073.585
1785467700,4073.585,4074.035,4072.795,4073.375
1785467880,4073.37,4074.38,4072.42,4073.31
1785468060,4073.3,4074.44,4072.76,4073.345
1785468240,4073.35,4074.635,4072.56,4073.495
1785468420,4073.445,4076.305,4072.83,4075.48
1785468600,4075.5,4076.815,4075.205,4076.155
1785468780,4076.145,4077.19,4075.2,4075.66
1785468960,4075.665,4078.395,4075.545,4078.32
1785469140,4078.375,4079.65,4076.185,4076.245
1785469320,4076.28,4076.7,4075.445,4076.47
1785469500,4076.43,4077.545,4076.43,4077.31
1785469680,4077.26,4077.26,4075.66,4076.18
1785469860,4076.17,4076.825,4075.36,4075.65
1785470040,4075.745,4075.745,4074.53,4074.9
1785470220,4074.92,4075.58,4074.305,4075.14
1785470400,4075.07,4076.005,4074.24,4075
1785470580,4075.005,4075.755,4074.035,4074.285
1785470760,4074.235,4075,4073.695,4074.21
1785470940,4074.205,4075.79,4073.485,4074.46
1785471120,4074.465,4077.14,4073.32,4076.94
1785471300,4076.925,4077.935,4076.435,4076.905
1785471480,4076.86,4076.965,4074.6,4075.36
1785471660,4075.31,4076.87,4074.59,4076.66
1785471840,4076.69,4079.115,4076.69,4077.885
1785472020,4077.9,4080.105,4077.625,4080.075
1785472200,4080.09,4080.585,4079.345,4080.46
1785472380,4080.54,4081.255,4079.545,4081.145
1785472560,4081.155,4081.355,4080.11,4080.24
1785472740,4080.325,4081.535,4079.73,4080.05
1785472920,4080.045,4080.225,4079.29,4079.345
1785473100,4079.265,4079.65,4078.17,4078.35
1785473280,4078.295,4078.36,4074.79,4075.755
1785473460,4075.76,4077.41,4075.605,4077.36
1785473640,4077.41,4079,4077.31,4078.465
1785473820,4078.49,4080.215,4078.345,4080.16
1785474000,4080.17,4082.11,4079.955,4081
1785474180,4081.07,4082.755,4080.99,4082.685
1785474360,4082.735,4083.315,4081.135,4081.58
1785474540,4081.585,4082.385,4081.075,4081.18
1785474720,4081.19,4081.515,4079.75,4079.91
1785474900,4079.975,4082.295,4079.54,4082.21
1785475080,4082.14,4082.355,4081.195,4081.64
1785475260,4081.6,4081.935,4080.52,4081.86
1785475440,4081.745,4083.04,4080.175,4080.735
1785475620,4080.76,4081.49,4080.76,4080.975
1785475800,4080.955,4081.835,4079.57,4080.635
1785475980,4080.665,4081.17,4078.985,4081.13
1785476160,4081.12,4081.265,4077.46,4077.87
1785476340,4077.88,4080.13,4077.335,4077.485
1785476520,4077.48,4078.93,4075.9,4076.445
1785476700,4076.44,4076.44,4073.675,4074.465
1785476880,4074.5,4076.46,4074.36,4074.72
1785477060,4074.73,4075.745,4073.44,4075.73
1785477240,4075.715,4076.205,4074.135,4074.775
1785477420,4074.765,4075.29,4073.555,4074.43
1785477600,4074.45,4075.71,4072.785,4073.27
1785477780,4073.2,4080.74,4072.955,4080.395
1785477960,4080.385,4081.82,4080.305,4081.37
1785478140,4081.36,4082.775,4080.395,4082.76
1785478320,4082.795,4082.895,4081.41,4082.445
1785478500,4082.44,4087.025,4081.18,4086.455
1785478680,4086.425,4087.665,4085.815,4086.065
1785478860,4086.07,4087.555,4082.595,4082.675
1785479040,4082.69,4084.335,4082.14,4083.955
1785479220,4083.965,4086.35,4083.945,4084.965
1785479400,4084.97,4085.09,4082.07,4082.275
1785479580,4082.075,4082.075,4077.535,4079.195
1785479760,4079.175,4080.155,4077.695,4077.85
1785479940,4077.815,4079.27,4077.275,4078.64
1785480120,4078.65,4079.335,4077.71,4078.245
1785480300,4078.24,4081.755,4077.17,4080.08
1785480480,4080.065,4080.28,4076.57,4077.315
1785480660,4077.325,4078.91,4077.125,4078.4
1785480840,4078.395,4079.455,4077.685,4078.905
1785481020,4078.91,4079.31,4077.645,4077.765
1785481200,4077.735,4078.04,4075.63,4076.385
1785481380,4076.395,4078.335,4075.55,4078.125
1785481560,4078.135,4079.035,4077.375,4078.025
1785481740,4078.03,4079.3,4076.855,4077.215
1785481920,4077.21,4077.89,4075.445,4077.525
1785482100,4077.52,4079.01,4076.41,4077.88
1785482280,4077.845,4079.315,4076.61,4076.7
1785482460,4076.635,4077.05,4074.64,4076.225
1785482640,4076.215,4076.4,4074.35,4074.86
1785482820,4074.865,4076.075,4072.13,4072.725
1785483000,4072.8,4073.05,4070.735,4071.095
1785483180,4071.08,4072.38,4069.25,4069.935
1785483360,4069.93,4071.89,4068.16,4071.71
1785483540,4071.68,4073.375,4071.305,4073.01
1785483720,4073.04,4073.925,4071.76,4072.255
1785483900,4072.365,4073.99,4071.405,4072.855
1785484080,4072.775,4074.415,4069.79,4070.12
1785484260,4070.055,4071.625,4069.635,4071.325
1785484440,4071.315,4071.6,4070.105,4071.015
1785484620,4070.985,4071.87,4067.62,4067.81
1785484800,4067.795,4067.89,4065.445,4065.945
1785484980,4065.92,4066.815,4062.765,4063.76
1785485160,4063.775,4065.49,4062.915,4064.485
1785485340,4064.49,4065.375,4062.795,4063.46
1785485520,4063.61,4063.77,4061.245,4062.255
1785485700,4062.25,4063.66,4061.065,4062.235
1785485880,4062.22,4067.39,4061.67,4065.08
1785486060,4065.09,4065.56,4061.185,4061.27
1785486240,4061.265,4062.57,4059.03,4059.26
1785486420,4059.24,4059.795,4057.98,4058.615
1785486600,4058.605,4059.63,4056.13,4057.25
1785486780,4057.15,4059.47,4054.175,4059.415
1785486960,4059.425,4060.29,4057.77,4059.45
1785487140,4059.46,4061.645,4058.535,4058.555
1785487320,4058.67,4060.985,4058.25,4059.445
1785487500,4059.44,4062.055,4057.95,4062.015
1785487680,4062.01,4062.94,4060.235,4061.43
1785487860,4061.37,4062.015,4059.41,4060.02
1785488040,4060.015,4063.36,4058.225,4062.555
1785488220,4062.315,4064.6,4060.98,4060.98
1785488400,4060.895,4064.115,4060.795,4063.17
1785488580,4063.16,4063.87,4058.9,4060.235
1785488760,4060.24,4062.075,4058.795,4058.795
1785488940,4058.89,4059.485,4056.645,4056.95
1785489120,4056.92,4058.19,4055.04,4056.955
1785489300,4056.865,4057.36,4055.145,4055.565
1785489480,4055.68,4057.305,4054.62,4057.28
1785489660,4057.295,4057.625,4052.66,4053.155
1785489840,4053.18,4053.425,4051.73,4052.17
1785490020,4052.18,4053.48,4051.53,4052.565
1785490200,4052.57,4054.85,4051.84,4053.05
1785490380,4053.005,4053.05,4050.455,4050.905
1785490560,4050.92,4051.405,4050.315,4050.845
1785490740,4050.835,4052.63,4050.63,4052.17
1785490920,4052.165,4053.325,4051.58,4053.305
1785491100,4053.285,4055.695,4052.375,4055.355
1785491280,4055.345,4057.16,4054.775,4056.67
1785491460,4056.675,4057.355,4056.185,4056.35
1785491640,4056.345,4056.835,4054.895,4055.385
1785491820,4055.295,4055.41,4054.055,4055.25
1785492000,4055.185,4056.475,4053.37,4055.57
1785492180,4055.58,4056.64,4055.305,4056.565
1785492360,4056.57,4058.435,4056.195,4056.465
1785492540,4056.485,4058.375,4056.485,4056.71
1785492720,4056.675,4057.33,4055.635,4055.875
1785492900,4055.91,4056.03,4052.55,4053.12
1785493080,4053.095,4053.765,4052.69,4053.34
1785493260,4053.35,4055.04,4053.135,4054.425
1785493440,4054.3,4054.735,4052.015,4053.505
1785493620,4053.5,4053.71,4052.515,4053.315
1785493800,4053.265,4056.565,4052.94,4055.45
1785493980,4055.42,4055.79,4054.765,4055.41
1785494160,4055.415,4056.55,4053.08,4053.635
1785494340,4053.63,4054.74,4053.15,4053.555
1785494520,4053.64,4055.57,4053.595,4054.76
1785494700,4054.755,4057.115,4054.505,4056.72
1785494880,4056.71,4056.71,4055.475,4055.945
1785495060,4055.935,4055.935,4054.38,4054.535
1785495240,4054.615,4055.345,4054.035,4055.345
1785495420,4055.295,4055.465,4053.725,4054.565
1785495600,4054.58,4054.905,4052.17,4053.425
1785495780,4053.43,4056.035,4053.185,4054.115
1785495960,4054.1,4057.77,4054,4057.68
1785496140,4057.685,4059.515,4056.815,4058.915
1785496320,4058.88,4058.93,4056.85,4057.095
1785496500,4057.175,4058.835,4054.28,4056.835
1785496680,4056.85,4058.16,4056.22,4056.72
1785496860,4056.67,4059.65,4056.485,4059.605
1785497040,4059.61,4061.15,4059.31,4059.91
1785497220,4059.945,4060.55,4057.875,4058.97
1785497400,4058.98,4058.98,4053.98,4054.59
1785497580,4054.71,4055.825,4053.62,4055.42
1785497760,4055.31,4055.675,4052.94,4053.32
1785497940,4053.335,4053.57,4051.72,4052.155
1785498120,4052.15,4052.545,4050.69,4052.225
1785498300,4052.155,4053.195,4051.345,4052.9
1785498480,4052.96,4053.58,4052.295,4052.94
1785498660,4053,4054.255,4052.38,4053.935
1785498840,4053.95,4055.255,4053.95,4055.11
1785499020,4055.125,4055.525,4053.455,4053.84
1785499200,4053.83,4055.25,4052.56,4055.01
1785499380,4054.98,4058.605,4054.31,4057.96
1785499560,4057.97,4059.25,4057.12,4057.415
1785499740,4057.39,4058.09,4055.625,4056.385
1785499920,4056.425,4059.475,4056.21,4059.32
1785500100,4059.325,4059.495,4055.805,4056.025
1785500280,4056.02,4058.67,4054.46,4054.74
1785500460,4054.75,4055.18,4050.07,4051.095
1785500640,4051.09,4052.43,4050.23,4051.595
1785500820,4051.665,4051.905,4047.16,4047.415
1785501000,4047.38,4051.55,4044.915,4049.08
1785501180,4048.96,4050.565,4047.045,4050.405
1785501360,4050.42,4051.705,4044.85,4045.945
1785501540,4045.93,4047.1,4043.745,4045.14
1785501720,4045.145,4045.625,4042.745,4044.75
1785501900,4044.705,4045.635,4043.34,4045.03
1785502080,4045.015,4045.64,4041.22,4042.035
1785502260,4042.02,4046.45,4041.03,4046.3
1785502440,4046.36,4046.515,4043.295,4043.435
1785502620,4043.445,4044.625,4040.575,4040.765
1785502800,4040.75,4042.08,4036.44,4041.685
1785502980,4041.74,4042.84,4035.485,4036.925
1785503160,4036.82,4038.84,4036.02,4038.065
1785503340,4038.01,4038.92,4034.98,4036.055
1785503520,4036.005,4037.71,4034.805,4036.405
1785503700,4036.435,4038.16,4035.695,4037.47
1785503880,4037.46,4038.56,4035.87,4037.565
1785504060,4037.49,4047.035,4037.49,4044.455
1785504240,4044.445,4045.785,4041.305,4041.985
1785504420,4041.98,4044.035,4040.385,4042.665
1785504600,4042.58,4043.885,4036.555,4039.02
1785504780,4039.01,4039.85,4032.855,4033.285
1785504960,4033.305,4037.29,4031.13,4032.335
1785505140,4032.34,4032.695,4026.65,4028.34
1785505320,4028.315,4030.05,4022.545,4025.155
1785505500,4025.205,4028.715,4024.02,4027.325
1785505680,4027.315,4027.81,4022.13,4025.42
1785505860,4025.385,4027.215,4022.4,4026.58
1785506040,4026.57,4031.615,4026.07,4031.185
1785506220,4031.505,4032.405,4025.51,4025.51
1785506400,4025.41,4032.57,4025.205,4031.815
1785506580,4031.785,4032.39,4028.505,4029.64
1785506760,4029.635,4030.1,4020.975,4021.74
1785506940,4021.8,4029.21,4021.635,4028.445
1785507120,4028.5,4032.535,4027.39,4032.25
1785507300,4032.21,4034.96,4029.925,4033.27
1785507480,4033.345,4035.22,4031.57,4034.34
1785507660,4034.32,4038.645,4034.21,4035.745
1785507840,4035.825,4040.21,4034,4039.275
1785508020,4039.34,4040.28,4037.83,4038.925
1785508200,4038.905,4039.87,4036.765,4038.64
1785508380,4038.645,4042.185,4038.255,4041.965
1785508560,4041.97,4042.645,4039.98,4039.985
1785508740,4039.995,4043.19,4039.455,4042.58
1785508920,4042.565,4043.21,4040.3,4041.48
1785509100,4041.52,4043.17,4041.075,4041.835
1785509280,4041.88,4045.655,4041.5,4044.345
1785509460,4044.335,4049.055,4044.095,4048.47
1785509640,4048.46,4048.69,4045.055,4046.485
1785509820,4046.52,4050.435,4046.045,4049.315
1785510000,4049.345,4050.9,4045.525,4048.57
1785510180,4048.585,4049.645,4044.5,4044.8
1785510360,4044.975,4049.32,4044.555,4047.175
1785510540,4047.225,4047.645,4043.32,4043.495
1785510720,4043.545,4047.56,4042.81,4046.96
1785510900,4046.955,4052.695,4042.22,4043.165
1785511080,4043.21,4046.38,4043.21,4043.64
1785511260,4043.625,4044.195,4042.12,4043.45
1785511440,4043.47,4044.805,4042.215,4043.095
1785511620,4043.085,4044.045,4040.24,4041.295
1785511800,4041.295,4042.41,4038.65,4039.395
1785511980,4039.425,4039.425,4036.82,4039.145
1785512160,4039.135,4042.985,4038.475,4042.055
1785512340,4042.065,4043.675,4041.455,4042.43
1785512520,4042.4,4042.69,4040.72,4042.32
1785512700,4042.35,4042.985,4040.745,4041.16
1785512880,4041.21,4043.015,4039.89,4042.635
1785513060,4042.61,4046.225,4041.96,4044.625
1785513240,4044.685,4046.825,4044.255,4045.115
1785513420,4045.075,4046.38,4044.84,4045.58
1785513600,4045.585,4046.3,4043.625,4043.825
1785513780,4043.875,4045.305,4042.905,4043.02
1785513960,4042.97,4043.355,4041.34,4043.14
1785514140,4043.145,4046.615,4043.07,4046.345
1785514320,4046.36,4046.98,4044.875,4046.395
1785514500,4046.415,4046.81,4043.18,4045.6
1785514680,4045.61,4046.485,4044.685,4045.645
1785514860,4045.635,4046.9,4045.105,4045.935
1785515040,4045.94,4047.715,4044.475,4047.305
1785515220,4047.26,4048.52,4046.24,4047.55
1785515400,4047.56,4049.495,4047.13,4048.645
1785515580,4048.65,4049.625,4048.535,4049.34
1785515760,4049.37,4049.995,4047.81,4048.235
1785515940,4048.185,4048.595,4043.415,4043.415
1785516120,4043.355,4043.445,4041.3,4042.615
1785516300,4042.68,4044.675,4042.27,4043.49
1785516480,4043.515,4045.09,4042.855,4044.69
1785516660,4044.695,4045.17,4044.185,4044.71
1785516840,4044.74,4045.27,4042.265,4043
1785517020,4043.005,4044.015,4042.855,4043.415
1785517200,4043.41,4045.795,4043.09,4044.975
1785517380,4044.995,4045.285,4042.545,4044.385
1785517560,4044.39,4044.39,4042.535,4043.1
1785517740,4043.065,4043.24,4041.6,4042.5
1785517920,4042.515,4046.45,4041.87,4045.615
1785518100,4045.62,4046.655,4044.895,4046.575
1785518280,4046.59,4047.3,4045.73,4046.235
1785518460,4046.225,4046.505,4045.04,4046.205
1785518640,4046.255,4048.705,4045.025,4045.98
1785518820,4046.025,4053.485,4045.795,4050.525
1785519000,4050.755,4053.325,4049.395,4053.13
1785519180,4053.125,4053.125,4047.755,4050.185
1785519360,4050.19,4051.545,4049.225,4049.69
1785519540,4049.615,4052.28,4049.455,4051.035
1785519720,4051.015,4052.095,4049.9,4051.98
1785519900,4051.995,4054.075,4050.365,4052.675
1785520080,4052.725,4054.8,4051.185,4053.135
1785520260,4053.15,4054.805,4053.015,4054.04
1785520440,4054.03,4054.515,4052.505,4054.25
1785520620,4054.24,4054.24,4053.155,4053.66
1785520800,4053.665,4055.245,4052.635,4053.95
1785520980,4053.965,4054.42,4051.48,4051.675
1785521160,4051.715,4052.605,4051.23,4051.57
1785521340,4051.565,4051.78,4048.31,4048.355
1785521520,4048.35,4049.25,4047.18,4048.23
1785521700,4048.24,4050.605,4047.725,4050.27
1785521880,4050.245,4050.735,4049.615,4050.12
1785522060,4050.135,4050.855,4049.39,4050.625
1785522240,4050.585,4051.81,4050.22,4050.675
1785522420,4050.595,4051.285,4050.145,4051.145
1785522600,4051.115,4051.515,4049.57,4049.93
1785522780,4049.915,4050.17,4048.085,4048.375
1785522960,4048.39,4050.805,4048.39,4050.75
1785523140,4050.755,4051.765,4049.955,4050.97
1785523320,4050.98,4051.3,4049.48,4049.545
1785523500,4049.525,4049.67,4048.25,4048.735
1785523680,4048.75,4051.68,4048.58,4051.475
1785523860,4051.495,4051.63,4050.095,4050.48
1785524040,4050.515,4051.215,4050.165,4050.36
1785524220,4050.35,4050.915,4049.41,4050.82
1785524400,4050.785,4052.98,4049.21,4049.275
1785524580,4049.23,4049.65,4048.755,4048.78
1785524760,4048.805,4049.58,4048.25,4049.49
1785524940,4049.48,4050.085,4047.35,4047.375
1785525120,4047.365,4048.345,4046.955,4048.09
1785525300,4048.095,4048.42,4047.195,4047.67
1785525480,4047.825,4049.135,4047.68,4048.525
1785525660,4048.485,4049.875,4048.03,4049.045
1785525840,4049.02,4050.025,4048.92,4049.71
1785526020,4049.69,4050.645,4049.68,4050.61
1785526200,4050.585,4051.15,4049.035,4049.405
1785526380,4049.45,4051.5,4049.065,4051.265
1785526560,4051.27,4051.56,4050.18,4050.29
1785526740,4050.285,4050.87,4049.68,4050.73
1785526920,4050.74,4054.77,4050.315,4054.19
1785527100,4054.185,4055.665,4053.71,4053.76
1785527280,4053.735,4055.25,4052.71,4052.98
1785527460,4052.99,4053.04,4050.965,4052.315
1785527640,4052.37,4052.845,4050.195,4051.205
1785527820,4051.185,4052.64,4050.685,4050.935
1785528000,4050.915,4051.88,4049.83,4050
1785528180,4050,4050.605,4046.8,4047.035
1785528360,4046.995,4047.3,4045.285,4046.61
1785528540,4046.605,4048.14,4046.28,4047.135
1785528720,4047.14,4048.005,4046.64,4047.995
1785528900,4048.01,4048.175,4046.45,4047.425
1785529080,4047.415,4048.595,4047.34,4048.455
1785529260,4048.42,4048.56,4047.47,4048.455
1785529440,4048.435,4049.05,4047.115,4047.345
1785529620,4047.28,4048.265,4046.595,4048.205
1785529800,4048.045,4050.065,4047.35,4049.665
1785529980,4049.66,4052.21,4049.66,4052.21
1785530160,4052.2,4053.105,4051.245,4051.55
1785530340,4051.565,4052.375,4050.885,4052.32
1785530520,4052.325,4052.375,4050.725,4051.315
1785530700,4051.335,4052.55,4051.095,4051.625
1785530880,4051.645,4052.14,4050.735,4052.025
1785531060,4051.975,4052.155,4045.225,4048.255
1785531240,4048.27,4049.07,4043.38,4044.345
1785531420,4044.39,4045.69,4043.04,4045.165
1785708180,4075.055,4077.595,4071.54,4077.33
1785708360,4077.22,4077.8,4073.795,4073.795
1785708540,4073.785,4077.745,4073.785,4077.49
1785708720,4077.515,4078.785,4076.39,4076.56
1785708900,4076.565,4077.31,4071.81,4071.82
1785709080,4071.93,4071.995,4067.485,4069.22
1785709260,4069.25,4070.265,4066.535,4066.855
1785709440,4066.98,4067.46,4063.965,4064.79
1785709620,4064.8,4067.365,4064.54,4066.03
1785709800,4066.045,4067.525,4065.18,4066.355
1785709980,4066.45,4068.555,4064.595,4066.5
1785710160,4066.525,4066.68,4064.165,4065.215
1785710340,4065.21,4067.79,4065.21,4066.965
1785710520,4066.995,4068.12,4066.635,4066.86
1785710700,4066.805,4067.215,4065.095,4065.67
1785710880,4065.76,4066.24,4064.46,4064.525
1785711060,4064.415,4066.28,4063.8,4065.665
1785711240,4065.76,4065.775,4064.15,4065.47
1785711420,4065.475,4065.86,4063.515,4063.755
1785711600,4063.705,4065.315,4063.31,4064.515
1785711780,4064.455,4066.19,4063.955,4064.07
1785711960,4064.085,4065.91,4063.915,4065.14
1785712140,4065.005,4065.535,4063.3,4064.085
1785712320,4064.09,4067.275,4063.875,4066.585
1785712500,4066.575,4069.55,4066.25,4069.55
1785712680,4069.53,4072.475,4068.935,4070.88
1785712860,4070.865,4070.915,4067.9,4070.64
1785713040,4070.655,4072.48,4070.64,4071.965
1785713220,4071.95,4072.77,4071.62,4072.19
1785713400,4072.2,4072.5,4070.26,4070.275
1785713580,4070.29,4070.635,4069.655,4069.97
1785713760,4069.975,4071.06,4069.97,4070.365
1785713940,4070.345,4070.345,4068.915,4068.97
1785714120,4068.965,4070.2,4068.04,4069.795
1785714300,4069.775,4072.61,4068.495,4069.845
1785714480,4069.835,4074.015,4068.34,4072.375
1785714660,4072.38,4072.915,4070.335,4072.685
1785714840,4072.765,4075.055,4071.83,4073.915
1785715020,4073.9,4075.09,4073.115,4075.065
1785715200,4075.07,4079.185,4074.87,4076.905
1785715380,4076.92,4078.64,4076.205,4078.21
1785715560,4078.195,4078.535,4073.965,4074.805
1785715740,4074.8,4074.835,4071.96,4072.935
1785715920,4072.905,4072.915,4070.085,4072.105
1785716100,4072,4073.015,4069.875,4070.44
1785716280,4070.54,4071.34,4068.335,4068.76
1785716460,4068.785,4069.15,4066.815,4068
1785716640,4068.005,4068.175,4063.025,4063.545
1785716820,4063.69,4066.975,4061.48,4064.435
1785717000,4064.445,4070.125,4064.17,4066.02
1785717180,4066.095,4067.1,4063.115,4063.595
1785717360,4063.61,4064.74,4060.685,4061.38
1785717540,4061.41,4061.565,4058.14,4059.93
1785717720,4059.925,4060.48,4057.02,4058.31
1785717900,4058.29,4060.45,4056.33,4057.49
1785718080,4057.51,4060.72,4057.33,4059.42
1785718260,4059.415,4060.61,4057.555,4060.47
1785718440,4060.46,4060.87,4057.835,4058.215
1785718620,4058.22,4059.695,4055.88,4057.35
1785718800,4057.355,4063.7,4052.09,4058.09
1785718980,4058.02,4061.435,4055.355,4061.02
1785719160,4061.035,4061.85,4056.62,4060.42
1785719340,4060.47,4061.57,4056.83,4057.51
1785719520,4057.6,4057.835,4051.465,4052.34
1785719700,4052.38,4053.82,4047.345,4048.835
1785719880,4048.855,4051.33,4047.67,4050.855
1785720060,4050.815,4052.09,4049.3,4051.86
1785720240,4051.945,4055.33,4051.18,4053.36
1785720420,4053.375,4054.815,4052.46,4052.86
1785720600,4052.875,4054.05,4050.155,4051.45
1785720780,4051.455,4055.51,4050.69,4055.385
1785720960,4055.395,4057.245,4052.685,4052.86
1785721140,4052.88,4054.32,4051.08,4051.63
1785721320,4051.705,4051.795,4047.49,4051.325
1785721500,4051.37,4053.355,4050.145,4053.225
1785721680,4053.245,4055.495,4053.205,4054.18
1785721860,4054.265,4055.7,4052.01,4052.065
1785722040,4052.02,4056.145,4050.18,4054.34
1785722220,4054.335,4057.485,4053.745,4056.77
1785722400,4056.775,4061.02,4056.725,4059.885
1785722580,4059.875,4061.04,4058.75,4060.21
1785722760,4060.26,4060.57,4056.44,4056.925
1785722940,4056.825,4057.54,4055.25,4055.505
1785723120,4055.785,4056.265,4053.315,4055.785
1785723300,4055.735,4055.735,4052.11,4055.7
1785723480,4055.695,4060.86,4054.875,4058.855
1785723660,4058.85,4059.21,4055.865,4055.865
1785723840,4055.88,4056.26,4054.675,4054.77
1785724020,4054.73,4058.8,4054.365,4058.23
1785724200,4058.305,4059.7,4053.795,4054.45
1785724380,4054.395,4057.08,4054.265,4054.975
1785724560,4054.985,4056.38,4052.46,4055.91
1785724740,4055.86,4060.875,4055.39,4057.77
1785724920,4057.765,4060.46,4057.455,4059.695
1785725100,4059.7,4061.8,4058.57,4060.525
1785725280,4060.535,4067.275,4060.435,4064.425
1785725460,4064.48,4065.06,4062.695,4063.22
1785725640,4063.225,4063.73,4060.87,4062.74
1785725820,4062.79,4064.6,4062.365,4062.605
1785726000,4062.51,4063.72,4061.03,4062.87
1785726180,4062.825,4065.595,4062.335,4065.09
1785726360,4065.14,4065.305,4062.62,4062.825
1785726540,4062.755,4065.09,4062.39,4064.415
1785726720,4064.43,4064.77,4063.75,4064.425
1785726900,4064.385,4066.52,4063.3,4065.445
1785727080,4065.45,4068.1,4065.37,4066.525
1785727260,4066.53,4066.61,4061.63,4063.515
1785727440,4063.48,4065.3,4061.735,4064.14
1785727620,4064.26,4064.91,4062.965,4063.925
1785727800,4063.97,4064.695,4062.515,4064.29
1785727980,4064.26,4064.98,4061.805,4062.26
1785728160,4062.295,4062.85,4061.39,4062.46
1785728340,4062.53,4063.79,4061.84,4062.06
1785728520,4062.11,4062.68,4060.785,4060.815
1785728700,4060.82,4061.15,4059.5,4060.925
1785728880,4060.895,4063.47,4060.76,4063.395
1785729060,4063.41,4065.98,4062.26,4064.49
1785729240,4064.39,4066.96,4063.95,4064.5
1785729420,4064.47,4065.48,4064.295,4065.115
1785729600,4065.145,4066.3,4064.365,4065.785
1785729780,4065.66,4067.18,4065.09,4066.4
1785729960,4066.425,4068.375,4066.2,4066.955
1785730140,4066.965,4067.535,4065.25,4065.595
1785730320,4065.6,4066.74,4065.43,4066.68
1785730500,4066.69,4070.285,4066.165,4068.42
1785730680,4068.415,4069.935,4067.905,4069.73
1785730860,4069.775,4071.16,4068.995,4068.995
1785731040,4069.015,4070,4068.16,4068.545
1785731220,4068.54,4068.725,4067.885,4068.295
1785731400,4068.295,4071.21,4068.295,4070.905
1785731580,4070.78,4071.18,4070.25,4070.945
1785731760,4070.94,4071.375,4068.58,4069.71
1785731940,4069.705,4070.115,4068.945,4069.3
1785732120,4069.305,4070.755,4069.1,4070.68
1785732300,4070.645,4070.925,4069.02,4069.105
1785732480,4069.18,4072.055,4069.18,4071.03
1785732660,4070.97,4071.005,4067.875,4067.89
1785732840,4067.895,4068.42,4067.48,4067.545
1785733020,4067.57,4067.645,4064,4064.045
1785733200,4063.99,4065.31,4062.945,4065.2
1785733380,4065.3,4065.3,4061.5,4061.5
1785733560,4061.545,4063.07,4060.865,4061.63
1785733740,4061.67,4062.03,4057.17,4057.34
1785733920,4057.37,4058.105,4056.85,4057.675
1785734100,4057.65,4058.18,4054.17,4056.58
1785734280,4056.595,4057.66,4055.98,4057.635
1785734460,4057.595,4058.275,4057.165,4057.96
1785734640,4057.9,4062.815,4057.66,4062.095
1785734820,4062.09,4062.09,4060.1,4060.5
1785735000,4060.35,4060.845,4058.75,4059.57
1785735180,4059.59,4060.505,4055.69,4056.795
1785735360,4056.845,4059.48,4055.26,4059.075
1785735540,4059.07,4060.32,4056.505,4059.9
1785735720,4059.915,4064.865,4059.66,4063.53
1785735900,4063.575,4063.79,4060.855,4061.015
1785736080,4061.01,4061.3,4058.875,4059.9
1785736260,4059.89,4063.58,4059.45,4063.525
1785736440,4063.54,4066.17,4063.495,4066.05
1785736620,4066.035,4070.045,4065.58,4069.035
1785736800,4069.03,4070.68,4068.105,4069.98
1785736980,4070.035,4071.275,4067.56,4070.355
1785737160,4070.35,4070.425,4067.235,4067.77
1785737340,4067.825,4068.27,4066.47,4067.41
1785737520,4067.43,4067.44,4066.115,4066.175
1785737700,4066.16,4068.66,4065.55,4068.335
1785737880,4068.26,4070.1,4068.05,4068.83
1785738060,4068.825,4071.515,4067.745,4070.285
1785738240,4070.275,4072.185,4066.55,4066.715
1785738420,4066.72,4069.45,4066.17,4068.605
1785738600,4068.62,4068.95,4065.715,4066.2
1785738780,4066.195,4066.785,4060.51,4064.69
1785738960,4064.715,4067.1,4064.71,4066.875
1785739140,4066.88,4067.645,4065.205,4065.32
1785739320,4065.325,4066.365,4064.535,4065.575
1785739500,4065.425,4067.005,4064.67,4065.925
1785739680,4065.91,4065.91,4063.115,4063.76
1785739860,4063.765,4065.26,4062.83,4063.64
1785740040,4063.635,4064.84,4063.265,4064.62
1785740220,4064.635,4066.45,4063.65,4063.94
1785740400,4063.95,4065.305,4061.43,4062.215
1785740580,4062.125,4062.46,4059.745,4061.485
1785740760,4061.54,4062.255,4059.665,4061.94
1785740940,4061.99,4064.61,4061.905,4062.77
1785741120,4062.76,4064.185,4061.455,4061.595
1785741300,4061.515,4062.305,4054.895,4055.305
1785741480,4055.215,4056.655,4052.19,4053.36
1785741660,4053.35,4056.365,4053.04,4054.98
1785741840,4054.97,4058.555,4054.49,4058.39
1785742020,4058.395,4059.045,4058.005,4058.17
1785742200,4058.195,4059.72,4057.595,4059.485
1785742380,4059.435,4061.29,4059.015,4060.575
1785742560,4060.625,4060.89,4056.685,4058.455
1785742740,4058.46,4060.34,4058.355,4058.505
1785742920,4058.55,4059.78,4058.32,4059.77
1785743100,4059.775,4060.72,4058.52,4058.825
1785743280,4058.835,4061.29,4058.615,4059.685
1785743460,4059.7,4062.615,4059.275,4061.855
1785743640,4061.865,4063.425,4061.105,4061.505
1785743820,4061.515,4061.885,4060.855,4061.155
1785744000,4061.1,4061.595,4059.305,4059.34
1785744180,4059.335,4061.615,4058.485,4060.405
1785744360,4060.41,4061.26,4059.615,4060.37
1785744540,4060.33,4061.83,4059.78,4060.92
1785744720,4060.94,4062.26,4060.115,4061.96
1785744900,4061.955,4062.595,4058.82,4059.005
1785745080,4059.015,4059.48,4057.085,4058.44
1785745260,4058.32,4059.5,4058.165,4059.015
1785745440,4058.86,4060.46,4057.605,4057.645
1785745620,4057.635,4057.705,4054.335,4056.24
1785745800,4056.235,4058.32,4054.895,4058.31
1785745980,4058.2,4059.24,4055.255,4058.995
1785746160,4058.98,4059.51,4057.565,4058.835
1785746340,4058.825,4060.81,4058.49,4059.085
1785746520,4059.095,4060.19,4058.175,4058.46
1785746700,4058.485,4059.095,4057.67,4058.235
1785746880,4058.205,4060.045,4057.84,4059.13
1785747060,4059.05,4059.855,4057.815,4058.9
1785747240,4058.955,4061.155,4058.91,4060.03
1785747420,4060.025,4060.24,4058.665,4059.42
1785747600,4059.43,4060.515,4057.71,4058.39
1785747780,4058.38,4058.885,4057.305,4058.175
1785747960,4058.205,4059.51,4057.465,4058.485
1785748140,4058.58,4060.32,4058.47,4059.98
1785748320,4059.92,4062.21,4059.85,4061.65
1785748500,4061.565,4061.645,4058.985,4059.36
1785748680,4059.355,4059.81,4058.25,4058.875
1785748860,4058.855,4059.04,4052.79,4052.79
1785749040,4052.8,4056.245,4052.725,4053.53
1785749220,4053.49,4054.045,4052.25,4052.62
1785749400,4052.645,4053.455,4047.245,4048.62
1785749580,4048.61,4049.645,4046.685,4049.535
1785749760,4049.565,4052.765,4049.1,4051.425
1785749940,4051.37,4053.435,4051.055,4052.695
1785750120,4052.705,4054.835,4051.475,4053.57
1785750300,4053.565,4055.665,4053.42,4054.755
1785750480,4054.77,4058.03,4054.715,4057.11
1785750660,4057.115,4058.28,4055.865,4056.79
1785750840,4056.78,4057.93,4056.395,4057.695
1785751020,4057.68,4057.855,4054.58,4055.355
1785751200,4055.375,4055.805,4053.2,4055.4
1785751380,4055.475,4056.75,4053.89,4054.84
1785751560,4054.82,4055.53,4053.755,4054.295
1785751740,4054.3,4056.33,4053.585,4055.42
1785751920,4055.43,4057.07,4055.4,4056.295
1785752100,4056.265,4057.13,4054.105,4054.435
1785752280,4054.425,4055.675,4053.955,4055.295
1785752460,4055.3,4055.43,4052.66,4053.755
1785752640,4053.75,4054.335,4051.91,4053.455
1785752820,4053.45,4054.94,4053.14,4053.495
1785753000,4053.535,4053.76,4050.06,4050.285
1785753180,4050.32,4052.35,4050.235,4050.98
1785753360,4050.99,4052.67,4050.99,4051.55
1785753540,4051.635,4052.665,4050.12,4051.22
1785753720,4051.17,4051.32,4048.73,4049.29
1785753900,4049.305,4050.79,4048.56,4049.02
1785754080,4049.005,4049.585,4047.315,4047.78
1785754260,4047.875,4048.93,4045.84,4048.87
1785754440,4048.84,4049.59,4047.415,4047.71
1785754620,4047.695,4049.53,4046.805,4049.495
1785754800,4049.485,4050.075,4047.58,4049.385
1785754980,4049.35,4052.925,4049.29,4052.435
1785755160,4052.415,4052.415,4049.34,4049.995
1785755340,4050.025,4051,4049.185,4049.295
1785755520,4049.345,4050.505,4048.07,4049.875
1785755700,4049.8,4049.875,4047.09,4048.715
1785755880,4048.815,4049.435,4047.125,4047.66
1785756060,4047.665,4048.42,4045.57,4046.665
1785756240,4046.62,4050.03,4046.58,4050.02
1785756420,4049.945,4050.09,4048.36,4048.505
1785756600,4048.485,4049.495,4048.015,4049.455
1785756780,4049.42,4051.555,4049.39,4050.41
1785756960,4050.415,4052.25,4049.98,4051.35
1785757140,4051.41,4053.515,4051.04,4053.515
1785757320,4053.665,4055.085,4052.805,4053.56
1785757500,4053.545,4055.495,4052.72,4055.48
1785757680,4055.5,4062.175,4054.99,4061.99
1785757860,4061.98,4063.245,4060.14,4060.77
1785758040,4060.765,4061.85,4059.875,4060.745
1785758220,4060.72,4062.84,4060.71,4062.505
1785758400,4062.465,4064.74,4060.965,4061.11
1785758580,4061.1,4061.54,4059.04,4059.17
1785758760,4059.225,4060.32,4058.34,4059.245
1785758940,4059.23,4060.325,4057.17,4058.005
1785759120,4057.99,4058.8,4054.75,4056.02
1785759300,4056.06,4056.565,4055.15,4055.805
1785759480,4055.78,4056.53,4048.725,4052.86
1785759660,4052.84,4053.905,4051.44,4052.12
1785759840,4052.175,4053.46,4051.105,4051.555
1785760020,4051.325,4052.94,4050.375,4050.985
1785760200,4051.025,4053.005,4048.04,4048.96
1785760380,4048.97,4052.655,4048.92,4050.68
1785760560,4050.725,4051.535,4045.885,4046.28
1785760740,4046.245,4047.585,4043.1,4044.49
1785760920,4044.49,4045.335,4042.34,4045.165
1785761100,4045.16,4046.695,4044.84,4045.32
1785761280,4045.345,4045.835,4043.695,4044.2
1785761460,4044.17,4045.735,4043.445,4045.675
1785761640,4045.66,4048.09,4045.075,4047.525
1785761820,4047.53,4049.07,4046.79,4047.85
1785762000,4047.865,4053.855,4041.045,4041.915
1785762180,4041.905,4045.97,4041.08,4045.97
1785762360,4045.985,4046.16,4041.925,4044.515
1785762540,4044.54,4045.29,4041.6,4044.35
1785762720,4044.305,4044.525,4038.945,4038.99
1785762900,4039.005,4040.66,4037.13,4037.985
1785763080,4037.945,4039.06,4034.505,4036.28
1785763260,4036.255,4036.75,4032.985,4033.9
1785763440,4033.89,4035.565,4031.63,4033.95
1785763620,4033.97,4035.05,4032.42,4034.35
1785763800,4034.26,4035.715,4030.195,4030.58
1785763980,4030.59,4032.365,4027.495,4027.965
1785764160,4027.895,4028.695,4019.24,4025.975
1785764340,4025.96,4032.18,4024.69,4031.875
1785764520,4031.89,4033.92,4031.66,4032.165
1785764700,4032.195,4035.525,4028.695,4030.4
1785764880,4030.3,4033.035,4029.085,4031.165
1785765060,4031.205,4033.03,4028.465,4030.625
1785765240,4030.645,4031.625,4028.59,4030.375
1785765420,4030.495,4034.145,4030.375,4032.35
1785765600,4031.91,4036.165,4027.95,4035.14
1785765780,4035.125,4035.195,4028.425,4030.97
1785765960,4031.04,4032.45,4029.065,4029.48
1785766140,4029.49,4030.575,4026.75,4030.415
1785766320,4030.43,4034.635,4028.325,4033.44
1785766500,4033.33,4035.04,4031.63,4031.985
1785766680,4032,4034.385,4029.915,4033.015
1785766860,4033.005,4035.745,4032.675,4035.06
1785767040,4035.045,4035.94,4033.565,4035.135
1785767220,4035.155,4036.12,4032.505,4032.685
1785767400,4032.61,4035.37,4032.1,4034.225
1785767580,4034.23,4037.85,4034.23,4034.965
1785767760,4034.975,4036.39,4033.45,4033.81
1785767940,4033.875,4037.32,4032.21,4037.18
1785768120,4037.26,4038.22,4036.26,4036.485
1785768300,4036.645,4036.93,4034.985,4035.6
1785768480,4035.605,4037.12,4034.02,4036.73
1785768660,4036.725,4036.795,4033.79,4036.355
1785768840,4036.32,4038.52,4035.265,4038.08
1785769020,4038.16,4039.16,4035.945,4036.375
1785769200,4036.475,4036.74,4034.42,4035.045
1785769380,4035,4035.01,4030.96,4031.28
1785769560,4031.365,4037.245,4030.54,4036.685
1785769740,4036.725,4036.885,4034.15,4034.425
1785769920,4034.4,4034.84,4032.22,4033.435
1785770100,4033.395,4037.435,4033.34,4036.105
1785770280,4036.13,4037.98,4036.095,4037.935
1785770460,4037.95,4038.52,4035.955,4037.275
1785770640,4037.295,4038.475,4034.24,4035.05
1785770820,4035.1,4035.705,4030.73,4032.805
1785771000,4032.81,4034.69,4031.945,4031.955
1785771180,4031.905,4034.59,4031.1,4034.59
1785771360,4034.535,4036.665,4034.11,4036.28
1785771540,4036.285,4038.28,4036.04,4036.98
1785771720,4037.035,4039.025,4036.465,4036.905
1785771900,4037.06,4041.03,4036.835,4038.68
1785772080,4038.675,4039.23,4037.435,4038.685
1785772260,4038.72,4040.065,4038.52,4039.02
1785772440,4038.87,4039.09,4035.46,4036.69
1785772620,4036.735,4037.345,4036.01,4036.135
1785772800,4036.14,4037.185,4035.52,4036.945
1785772980,4036.855,4037.735,4035.765,4036.56
1785773160,4036.51,4036.74,4035.07,4035.76
1785773340,4035.66,4036.82,4034.805,4036.015
1785773520,4036.03,4036.68,4035.375,4036.635
1785773700,4036.63,4037.82,4035.31,4036.535
1785773880,4036.485,4036.94,4035.475,4036.76
1785774060,4036.785,4036.99,4034.965,4036.39
1785774240,4036.325,4038.73,4036.295,4037.14
1785774420,4037.145,4038.365,4036.875,4037.075
1785774600,4036.975,4037.81,4035.66,4037.14
1785774780,4037.225,4037.98,4036.67,4037.05
1785774960,4037.045,4038.86,4036.745,4037.34
1785775140,4037.335,4039.145,4036.29,4039.02
1785775320,4038.98,4039.335,4037.81,4038.725
1785775500,4038.82,4038.885,4037.64,4037.805
1785775680,4037.775,4038.265,4036.82,4037.14
1785775860,4037.135,4038.13,4035.75,4036.135
1785776040,4036.13,4037.215,4036,4036.305
1785776220,4036.335,4037.835,4036.06,4037.03
1785776400,4037.06,4037.71,4035.25,4035.705
1785776580,4035.515,4035.77,4033.365,4034.37
1785776760,4034.38,4034.84,4033.935,4034.64
1785776940,4034.695,4035.23,4034.145,4034.425
1785777120,4034.47,4034.925,4033.96,4034.435
1785777300,4034.43,4035.47,4034.36,4035.47
1785777480,4035.425,4037.8,4034.49,4034.565
1785777660,4034.54,4035.955,4034.235,4034.5
1785777840,4034.435,4036.415,4034.24,4036.27
1785778020,4036.305,4036.55,4033.99,4034.42
1785778200,4034.53,4035.395,4034.16,4034.49
1785778380,4034.54,4035.48,4034.375,4035.39
1785778560,4035.415,4037.005,4035.3,4036.03
1785778740,4036.035,4036.63,4035.355,4035.98
1785778920,4035.945,4036.61,4035.39,4036.09
1785779100,4036.11,4036.47,4035.305,4035.56
1785779280,4035.555,4035.82,4032.735,4032.815
1785779460,4032.75,4032.95,4030.755,4031.01
1785779640,4031.02,4031.47,4030.39,4030.83
1785779820,4030.855,4031.325,4030.27,4030.57
1785780000,4030.62,4032.385,4029.675,4032.355
1785780180,4032.35,4033.49,4030.99,4032.885
1785780360,4032.955,4034.15,4032.405,4034.03
1785780540,4034.04,4038.695,4034.04,4036.755
1785780720,4036.81,4036.995,4034.995,4035.14
1785780900,4035.185,4038.495,4035.06,4037.715
1785781080,4037.805,4039.025,4036.89,4037.26
1785781260,4037.16,4038.64,4036.96,4038.595
1785781440,4038.515,4038.535,4036.38,4037.855
1785781620,4037.815,4038.095,4036.77,4038.005
1785781800,4037.95,4038.525,4037.21,4038.135
1785781980,4038.12,4038.36,4036.655,4038.36
1785782160,4038.41,4038.61,4037.31,4038.185
1785782340,4038.18,4038.63,4037.6,4038.63
1785782520,4038.615,4041.61,4038.165,4041.55
1785782700,4041.495,4042.67,4040.65,4041.11
1785782880,4041.115,4042.955,4040.645,4042.26
1785783060,4042.275,4043.965,4042.07,4043.72
1785783240,4043.77,4045.12,4043.74,4044.215
1785783420,4044.195,4044.325,4043.1,4043.535
1785783600,4043.53,4048.565,4043.485,4047.925
1785783780,4047.78,4048.595,4046.68,4048.05
1785783960,4048.045,4049.57,4046,4046.955
1785784140,4046.97,4048.38,4045.42,4048.1
1785784320,4048.135,4048.275,4045.965,4046.345
1785784500,4046.345,4049.085,4046.345,4048.25
1785784680,4048.295,4049.56,4047.985,4049.46
1785784860,4049.45,4052.655,4049.205,4052.465
1785785040,4052.505,4054.35,4052.495,4053.875
1785785220,4053.87,4054.38,4052.175,4053.025
1785785400,4053.07,4055.815,4052.08,4052.81
1785785580,4052.845,4055.05,4052.285,4054.375
1785785760,4054.42,4054.55,4053.315,4053.88
1785785940,4053.915,4054.87,4053.275,4054.205
1785786120,4054.205,4054.475,4052.925,4054.11
1785786300,4054.145,4055.495,4052.655,4055.16
1785786480,4055.135,4055.7,4054.115,4054.455
1785786660,4054.495,4055.53,4054.405,4054.805
1785786840,4054.745,4055.01,4051.835,4053.02
1785787020,4053.085,4053.33,4051.72,4052.08
1785787200,4052.145,4052.235,4050.325,4051.37
1785787380,4051.39,4052.125,4050.615,4051.61
1785787560,4051.645,4052.265,4050.865,4052.265
1785787740,4052.3,4052.365,4051.385,4051.98
1785787920,4052.02,4053.06,4052.02,4052.745
1785788100,4052.755,4052.78,4052.165,4052.35
1785788280,4052.4,4052.615,4051.64,4051.645
1785788460,4051.64,4052.055,4051.635,4051.905
1785788640,4051.93,4055.995,4051.91,4054.68
1785788820,4054.685,4054.88,4053.55,4054.495
1785789000,4054.555,4057.015,4054.09,4056.455
1785789180,4056.445,4058.215,4056.415,4057.045
1785789360,4057.04,4057.96,4057.04,4057.49
1785789540,4057.495,4057.685,4056.75,4056.89
1785789720,4056.885,4057.09,4056.145,4056.37
1785789900,4056.315,4056.84,4056.015,4056.62
1785790080,4056.535,4057.295,4056.105,4056.43
1785790260,4056.455,4057.06,4054.54,4054.54
1785790440,4054.545,4056.12,4054.545,4055.165
1785790620,4055.115,4055.575,4054.92,4055.33
1785794580,4052.12,4052.24,4051.215,4051.495
1785794760,4051.485,4051.585,4049.04,4051.115
1785794940,4051.135,4051.87,4049.92,4051.2
1785795120,4051.28,4051.52,4050.455,4051.305
1785795300,4051.315,4052.135,4050.725,4052.135
1785795480,4052.15,4052.15,4050.77,4051.41
1785795660,4051.39,4052.36,4051.37,4052.295
1785795840,4052.3,4052.805,4051.06,4051.23
1785796020,4051.28,4052.305,4051.07,4052.285
1785796200,4052.28,4052.85,4051.73,4051.945
1785796380,4051.95,4053.58,4051.945,4052.795
1785796560,4052.765,4053.445,4052.49,4053.29
1785796740,4053.285,4053.455,4052.74,4053.015
1785796920,4053.02,4053.4,4052.63,4052.82
1785797100,4052.815,4053.275,4052.75,4052.975
1785797280,4052.94,4053.155,4051.22,4051.67
1785797460,4051.655,4052.52,4051.535,4052.065
1785797640,4052.005,4053.195,4051.325,4052.935
1785797820,4052.945,4053.52,4052.435,4052.765
1785798000,4052.725,4053.945,4052.08,4052.145
1785798180,4052.08,4053.09,4051.52,4052.745
1785798360,4052.71,4055.22,4052.71,4052.905
1785798540,4052.95,4052.98,4050.22,4051.79
1785798720,4051.805,4052.01,4051.48,4051.53
1785798900,4051.505,4052.04,4050.88,4051.25
1785799080,4051.2,4052.935,4050.72,4052.8
1785799260,4052.79,4054.75,4052.335,4052.41
1785799440,4052.415,4052.91,4051.075,4051.665
1785799620,4051.66,4052.54,4051.32,4051.805
1785799800,4051.815,4052,4051.205,4051.375
1785799980,4051.5,4052.095,4051.335,4051.4
1785800160,4051.41,4052.9,4051.28,4052.445
1785800340,4052.45,4052.625,4051.52,4051.75
1785800520,4051.765,4052.83,4051.695,4052.475
1785800700,4052.435,4053.93,4051.38,4053.775
1785800880,4053.795,4054.19,4051.59,4052.005
1785801060,4052,4052.905,4051.995,4052.835
1785801240,4052.795,4053.24,4052.305,4053.04
1785801420,4053.07,4053.99,4052.755,4053.96
1785801600,4053.93,4063.61,4053.06,4059.695
1785801780,4059.76,4061.125,4058.52,4059.84
1785801960,4059.845,4063.635,4059.425,4063.635
1785802140,4063.56,4069.465,4063.315,4066.62
1785802320,4066.61,4067.175,4063.155,4063.715
1785802500,4063.59,4064.545,4062.195,4062.635
1785802680,4062.575,4063.625,4060.245,4060.465
1785802860,4060.46,4060.88,4058.17,4058.655
1785803040,4058.71,4060.73,4058.395,4060.695
1785803220,4060.72,4061.085,4059.085,4059.145
1785803400,4059.17,4060.745,4057.92,4060.465
1785803580,4060.355,4060.835,4059.12,4059.135
1785803760,4059.125,4059.435,4057.38,4057.405
1785803940,4057.33,4058.595,4056.255,4056.55
1785804120,4056.575,4056.94,4055.705,4056.62
1785804300,4056.645,4057.155,4055.435,4056.605
1785804480,4056.445,4058.08,4056.025,4057.485
1785804660,4057.425,4057.585,4054.495,4055.57
1785804840,4055.605,4056.32,4053.335,4053.71
1785805020,4053.515,4053.515,4048.64,4049.425
1785805200,4049.345,4050.85,4046.65,4046.855
1785805380,4046.775,4048.86,4044.965,4044.965
1785805560,4044.955,4045.62,4042.72,4044.935
1785805740,4044.885,4047.47,4043.345,4047.445
1785805920,4047.395,4048.59,4046.775,4047.025
1785806100,4047.045,4050.155,4047.045,4049.78
1785806280,4049.805,4050.61,4049.385,4050.285
1785806460,4050.325,4050.785,4047.975,4050.125
1785806640,4050.205,4052.65,4048.46,4049.245
1785806820,4049.375,4050.06,4048.22,4049.36
1785807000,4049.395,4051.725,4049.23,4050.645
1785807180,4050.63,4053.12,4048.575,4051.84
1785807360,4051.89,4056.125,4051.81,4055.125
1785807540,4055.215,4057.74,4052.325,4057.205
1785807720,4057.215,4060.375,4055.855,4059.36
1785807900,4059.375,4060.87,4058.22,4059.005
1785808080,4058.995,4059.27,4056.945,4057.085
1785808260,4057.09,4061.97,4056.715,4060.875
1785808440,4060.88,4061.395,4058.83,4059.03
1785808620,4059.015,4060.315,4058.215,4058.82
1785808800,4058.825,4061.3,4057.085,4058.49
1785808980,4058.51,4058.655,4056.445,4056.805
1785809160,4056.75,4057.705,4055.74,4056.83
1785809340,4056.925,4058.03,4056.23,4058.005
1785809520,4057.945,4059.22,4057.105,4058.365
1785809700,4058.41,4059.575,4057.78,4058.12
1785809880,4058.195,4059.47,4057.73,4058.065
1785810060,4058.05,4059.96,4057.09,4057.145
1785810240,4057.16,4058.11,4056.425,4057.725
1785810420,4057.71,4058.025,4055.88,4056.88
1785810600,4056.925,4060.155,4055.62,4057.8
1785810780,4057.805,4060.515,4057.45,4059.265
1785810960,4059.315,4063.27,4058.275,4062.895
1785811140,4062.935,4065.235,4062.03,4062.68
1785811320,4062.67,4063.48,4060.22,4061.885
1785811500,4061.865,4062.475,4060.75,4061.38
1785811680,4061.375,4062.385,4060.26,4061.39
1785811860,4061.385,4061.93,4060.485,4061.57
1785812040,4061.58,4061.695,4059.74,4060.525
1785812220,4060.505,4060.635,4058.195,4059.08
1785812400,4059,4060.8,4058.785,4059.975
1785812580,4060.115,4060.265,4056.785,4057.01
1785812760,4057.005,4058.215,4056.54,4057.89
1785812940,4057.87,4060.585,4057.87,4059.5
1785813120,4059.39,4059.675,4057.59,4058.11
1785813300,4058.15,4061.16,4058.005,4060.72
1785813480,4060.61,4061.52,4059.81,4061.26
1785813660,4061.245,4061.855,4058.92,4058.92
1785813840,4058.92,4060.525,4058.46,4058.705
1785814020,4058.64,4059.43,4057.715,4057.815
1785814200,4057.81,4057.99,4055.87,4056.73
1785814380,4056.78,4058.89,4056.64,4057.13
1785814560,4057.225,4057.69,4056.34,4056.65
1785814740,4056.8,4056.8,4054.965,4055.45
1785814920,4055.425,4055.425,4052.705,4052.94
1785815100,4052.91,4053.605,4052.505,4053.51
1785815280,4053.49,4054.74,4053.24,4054.635
1785815460,4054.52,4055.505,4054.495,4055.29
1785815640,4055.15,4055.63,4054.66,4055.305
1785815820,4055.27,4055.27,4052.25,4052.56
1785816000,4052.61,4053.16,4051.25,4052.905
1785816180,4052.895,4053.395,4051.845,4052.815
1785816360,4052.765,4054.2,4052.605,4054.145
1785816540,4054.245,4054.925,4053.81,4054.615
1785816720,4054.585,4056.97,4054.275,4056.935
1785816900,4057,4059.425,4057,4058.965
1785817080,4058.98,4059.685,4056.155,4056.255
1785817260,4056.205,4058.25,4056.055,4057.405
1785817440,4057.48,4060.615,4056.845,4060.21
1785817620,4060.23,4061.76,4059.78,4061.52
1785817800,4061.57,4063.515,4060.655,4063.46
1785817980,4063.465,4064.37,4061.515,4062.705
1785818160,4062.695,4062.95,4061.97,4062.82
1785818340,4062.885,4064.11,4062.43,4062.995
1785818520,4062.985,4063.25,4062.315,4062.815
1785818700,4062.82,4065.485,4062.62,4064.58
1785818880,4064.5,4066.425,4064.395,4065.115
1785819060,4065.13,4065.13,4063.42,4064.87
1785819240,4064.865,4065.41,4064.14,4064.685
1785819420,4064.64,4065.665,4062.825,4063.765
1785819600,4063.785,4064.825,4063.15,4064
1785819780,4063.93,4064.14,4061.61,4063.075
1785819960,4063.085,4063.21,4060.63,4060.705
1785820140,4060.805,4061.085,4059.625,4059.885
1785820320,4059.855,4059.965,4057.2,4058.075
1785820500,4058.035,4059.69,4057.48,4059.235
1785820680,4059.395,4062.73,4059.395,4061.985
1785820860,4061.97,4062.6,4061.12,4061.425
1785821040,4061.45,4064.04,4061.425,4063.205
1785821220,4063.19,4063.72,4062.43,4063.36
1785821400,4063.315,4067.835,4063.125,4065.005
1785821580,4065.01,4065.225,4061.76,4062.25
1785821760,4062.24,4062.43,4059.945,4060.505
1785821940,4060.51,4061.97,4059.29,4060.93
1785822120,4060.885,4063.295,4060.445,4062.955
1785822300,4063.005,4064.495,4062.08,4062.62
1785822480,4062.625,4063.075,4060.455,4061.2
1785822660,4061.13,4061.895,4060.045,4060.1
1785822840,4060.11,4060.92,4058.775,4059.02
1785823020,4059.025,4063.265,4059.025,4061.975
1785823200,4061.96,4066,4061.875,4064.445
1785823380,4064.5,4066.035,4063.615,4064.83
1785823560,4064.86,4066.215,4063.345,4063.355
1785823740,4063.405,4064.345,4062.92,4063.325
1785823920,4063.31,4065.525,4062.93,4064.34
1785824100,4064.215,4064.54,4062.495,4062.885
1785824280,4062.825,4063.84,4061.715,4063.52
1785824460,4063.515,4065.03,4063.255,4064.555
1785824640,4064.56,4064.66,4062.315,4062.315
1785824820,4062.3,4062.76,4059.55,4059.89
1785825000,4059.895,4060.01,4057.07,4057.555
1785825180,4057.58,4058.05,4056.535,4057.37
1785825360,4057.365,4057.705,4055.7,4056.845
1785825540,4056.85,4058.385,4056.005,4057.84
1785825720,4057.845,4060.195,4057.845,4060.16
1785825900,4060.18,4062.71,4060.08,4061.005
1785826080,4060.795,4062.975,4060.795,4062.285
1785826260,4062.325,4063.085,4061.305,4062.18
1785826440,4062.175,4062.175,4058.855,4059.83
1785826620,4059.84,4063.85,4059.84,4063.515
1785826800,4063.58,4065.58,4062.415,4064.01
1785826980,4063.935,4065.855,4063.53,4065.305
1785827160,4065.3,4065.895,4064.14,4064.93
1785827340,4064.915,4065.655,4063.915,4065.445
1785827520,4065.46,4065.49,4060.845,4061.07
1785827700,4061.055,4062.515,4060.94,4062.08
1785827880,4062.105,4065.55,4062.105,4064.07
1785828060,4064.08,4064.925,4062.64,4064.725
1785828240,4064.765,4065.62,4064.085,4064.52
1785828420,4064.55,4064.56,4062.665,4063.015
1785828600,4063.03,4065.145,4062.875,4065.085
1785828780,4065.1,4066.79,4064.395,4064.615
1785828960,4064.595,4066.7,4062.415,4062.525
1785829140,4062.54,4064.955,4061.505,4064.1
1785829320,4064.08,4064.18,4062.375,4062.855
1785829500,4062.86,4063.935,4062.27,4063.915
1785829680,4063.815,4064.945,4063.225,4064.1
1785829860,4064.105,4066.21,4063.99,4064.98
1785830040,4065.005,4065.465,4063.955,4064.825
1785830220,4064.87,4065.72,4064.73,4065.535
1785830400,4065.635,4068.425,4064.58,4067.68
1785830580,4067.71,4072.97,4067.43,4069.17
1785830760,4069.19,4071.135,4069.17,4070.225
1785830940,4070.185,4071.32,4068.31,4070.59
1785831120,4070.57,4071.09,4068.1,4068.165
1785831300,4068.15,4068.755,4067.105,4067.425
1785831480,4067.465,4068.13,4066.495,4067.205
1785831660,4067.215,4067.255,4061.64,4062.445
1785831840,4062.465,4062.965,4060.965,4061.89
1785832020,4061.88,4063.625,4060.44,4063.505
1785832200,4063.44,4064.515,4061.345,4061.485
1785832380,4061.52,4064.59,4061.135,4063.43
1785832560,4063.47,4063.485,4059.545,4059.94
1785832740,4059.945,4060.265,4058.47,4058.615
1785832920,4058.59,4059.975,4058.54,4059.45
1785833100,4059.39,4059.66,4056.14,4056.995
1785833280,4057.01,4057.455,4055.835,4056.795
1785833460,4056.82,4057.21,4055.24,4056.82
1785833640,4056.785,4056.93,4054.75,4054.75
1785833820,4054.7,4055.81,4054.455,4055.19
1785834000,4055.16,4055.505,4053.68,4054.11
1785834180,4054.1,4054.1,4052.55,4052.935
1785834360,4052.93,4052.96,4050.675,4050.79
1785834540,4050.815,4052.235,4048.67,4048.875
1785834720,4048.87,4051.42,4048.83,4050.835
1785834900,4050.79,4051.59,4049.895,4051.105
1785835080,4051.11,4052.23,4050.5,4050.915
1785835260,4050.975,4051.16,4048.74,4050.52
1785835440,4050.53,4051.35,4050.045,4051.08
1785835620,4051.07,4051.97,4049.645,4050.44
1785835800,4050.475,4051.08,4049.05,4050.745
1785835980,4050.73,4051.395,4046.255,4047.415
1785836160,4047.43,4048.185,4047,4047.25
1785836340,4047.275,4049.535,4047.09,4049.53
1785836520,4049.54,4050.625,4049.13,4050.51
1785836700,4050.46,4050.525,4048.175,4049.405
1785836880,4049.47,4051.095,4049.47,4049.64
1785837060,4049.615,4049.745,4047.9,4048.53
1785837240,4048.57,4048.93,4047.52,4048.55
1785837420,4048.54,4049.935,4048.495,4049.93
1785837600,4049.935,4049.95,4048.475,4049.525
1785837780,4049.52,4049.93,4048.575,4049.075
1785837960,4049.095,4049.22,4047.42,4047.72
1785838140,4047.69,4048.545,4047.025,4048.425
1785838320,4048.41,4049.45,4048.235,4049.145
1785838500,4049.13,4049.755,4045.62,4045.8
1785838680,4045.795,4048.56,4045.755,4048.045
1785838860,4048.08,4049.425,4047.945,4048.005
1785839040,4047.99,4049.535,4047.42,4049.23
1785839220,4049.35,4050.07,4048.785,4049.13
1785839400,4049.185,4051.555,4049.13,4051.155
1785839580,4051.13,4051.66,4049.73,4050.425
1785839760,4050.395,4050.68,4048.93,4049.305
1785839940,4049.315,4050,4048.7,4049.805
1785840120,4049.72,4054.25,4046.645,4052.8
1785840300,4052.765,4060.61,4052.475,4059.55
1785840480,4059.775,4060.84,4055.685,4056.015
1785840660,4056.02,4056.905,4054.08,4054.13
1785840840,4054.125,4056.21,4053.47,4055.17
1785841020,4055.14,4055.255,4053.38,4053.99
1785841200,4053.995,4055.67,4052.53,4053.655
1785841380,4053.675,4055.81,4053.54,4053.54
1785841560,4053.535,4054.185,4052.44,4053.855
1785841740,4053.86,4056.295,4053.41,4055.94
1785841920,4055.955,4058.93,4055.9,4056.89
1785842100,4056.9,4058,4056.355,4057.085
1785842280,4057.065,4057.355,4055.565,4056.445
1785842460,4056.535,4058.89,4056.455,4058.815
1785842640,4058.825,4060.255,4058.25,4058.745
1785842820,4058.795,4061.07,4058.615,4060.97
1785843000,4060.985,4065.1,4060.11,4064.765
1785843180,4064.815,4064.84,4062.01,4062.82
1785843360,4062.86,4063.215,4061.25,4062.3
1785843540,4062.23,4064.51,4060.4,4060.945
1785843720,4060.94,4070.405,4059.92,4069.715
1785843900,4069.675,4074.27,4067.17,4073.585
1785844080,4073.61,4079.945,4073.61,4076.08
1785844260,4076.075,4084.345,4074.645,4076.56
1785844440,4076.545,4077.14,4070.365,4071.84
1785844620,4071.85,4075.62,4069.265,4074.995
1785844800,4075.055,4076.03,4065.96,4069.515
1785844980,4069.53,4070.46,4067.48,4069.53
1785845160,4069.51,4069.605,4062.925,4063.92
1785845340,4063.955,4065.375,4062.175,4063.96
1785845520,4063.925,4064.47,4061.115,4062.185
1785845700,4062.22,4064.7,4061.165,4063.8
1785845880,4063.82,4067.965,4063.28,4066.77
1785846060,4066.685,4068.98,4066.115,4068.52
1785846240,4068.525,4070.32,4066.47,4067.96
1785846420,4067.945,4069.84,4066.385,4068.235
1785846600,4068.215,4075.275,4068.215,4074.065
1785846780,4074.115,4083.44,4072.715,4083.395
1785846960,4083.525,4083.74,4079.25,4080.475
1785847140,4080.515,4084.56,4080.46,4081.33
1785847320,4081.36,4083.585,4077.995,4078.015
1785847500,4078.115,4079.3,4076.245,4078.26
1785847680,4078.24,4078.625,4075.48,4077.165
1785847860,4077.175,4077.75,4073.55,4073.665
1785848040,4073.65,4075.765,4073.37,4073.945
1785848220,4073.875,4073.925,4069.565,4070.945
1785848400,4070.925,4071.76,4066.975,4067.415
1785848580,4067.455,4067.85,4062.655,4063.295
1785848760,4063.335,4066.02,4061.23,4064.175
1785848940,4064.14,4066.535,4063.585,4063.935
1785849120,4063.855,4064.975,4062.175,4064.015
1785849300,4063.915,4065.555,4062.5,4063.43
1785849480,4063.435,4074.165,4062.865,4072.93
1785849660,4072.925,4091.44,4070.79,4087.76
1785849840,4087.765,4090.24,4078.795,4079.72
1785850020,4079.765,4081.4,4077.565,4078.65
1785850200,4078.58,4084.795,4076.045,4077.37
1785850380,4077.365,4087.65,4076.585,4087.12
1785850560,4087.125,4089.025,4083.07,4086
1785850740,4086.02,4091.83,4085.32,4088.71
1785850920,4088.735,4089.675,4083.305,4083.305
1785851100,4083.29,4086.44,4081.945,4086.38
1785851280,4086.375,4093.88,4086.22,4091.085
1785851460,4091.05,4092.115,4086.75,4089.555
1785851640,4089.485,4089.91,4084.075,4086.3
1785851820,4086.31,4086.34,4083.355,4083.955
1785852000,4083.995,4088.815,4083.18,4087.765
1785852180,4087.79,4090.535,4086.505,4087.83
1785852360,4087.815,4090.62,4085.495,4090.33
1785852540,4090.34,4090.85,4088.685,4090.33
1785852720,4090.415,4091.495,4088.435,4090.265
1785852900,4090.255,4092.075,4083.065,4083.29
1785853080,4083.285,4085.68,4081.855,4084.14
1785853260,4084.135,4084.77,4080.75,4081.695
1785853440,4081.71,4084.435,4081.375,4084.41
1785853620,4084.405,4086.935,4083.625,4083.85
1785853800,4083.835,4086.785,4079.89,4085.765
1785853980,4085.755,4086.42,4076.385,4078.94
1785854160,4078.99,4084.43,4074.55,4077.805
1785854340,4077.73,4080.945,4076.76,4079.44
1785854520,4079.455,4080.395,4076.86,4079.76
1785854700,4079.75,4081.285,4078.205,4079.115
1785854880,4079.095,4083.63,4077.79,4082.835
1785855060,4082.72,4084.005,4081.77,4082.005
1785855240,4081.955,4084.65,4081.435,4082.715
1785855420,4082.725,4084.905,4081.925,4083.64
1785855600,4083.645,4084.06,4081.69,4082.235
1785855780,4082.23,4083.17,4080.835,4081.47
1785855960,4081.435,4083.4,4079.835,4081.2
1785856140,4081.22,4085.665,4080.775,4085.215
1785856320,4085.23,4085.695,4083.825,4084.145
1785856500,4084.23,4084.47,4077.265,4077.58
1785856680,4077.57,4078.025,4076.02,4076.77
1785856860,4076.745,4077.8,4074.735,4075.725
1785857040,4075.715,4077.48,4075.415,4077.3
1785857220,4077.315,4078.585,4076.15,4078.52
1785857400,4078.465,4080.185,4077.96,4078.71
1785857580,4078.685,4079.265,4076.605,4077.905
1785857760,4077.84,4087.1,4077.345,4084.07
1785857940,4084.075,4087.36,4082.99,4085.255
1785858120,4085.295,4085.575,4083.56,4084.01
1785858300,4083.96,4085.675,4082.83,4082.84
1785858480,4082.825,4086.76,4082.765,4086.13
1785858660,4086.14,4088.01,4084.55,4087.155
1785858840,4087.165,4088.885,4085.975,4087.52
1785859020,4087.5,4088.325,4086.89,4087.35
1785859200,4087.44,4088.565,4085.875,4087.17
1785859380,4087.195,4087.655,4084.605,4084.775
1785859560,4084.865,4086.945,4084.475,4086.355
1785859740,4086.36,4087.425,4084.98,4085.045
1785859920,4085.095,4086.825,4084.44,4085.155
1785860100,4085.145,4085.72,4084.555,4085.455
1785860280,4085.445,4085.525,4083.195,4084.465
1785860460,4084.41,4086.685,4084.14,4086.6
1785860640,4086.63,4088.775,4086.11,4088.675
1785860820,4088.665,4089.95,4087.66,4087.665
1785861000,4087.73,4088.555,4086.86,4087.365
1785861180,4087.39,4088.415,4087.155,4087.25
1785861360,4087.255,4087.255,4084.985,4085.055
1785861540,4085.195,4086.07,4085.195,4086.06
1785861720,4086.055,4089.425,4085.95,4089.13
1785861900,4089.12,4091.155,4088.78,4089.955
1785862080,4089.865,4093.685,4089.695,4092.485
1785862260,4092.49,4093.19,4091.315,4091.515
1785862440,4091.48,4092.99,4090.33,4092.895
1785862620,4092.79,4093.65,4092.47,4093.41
1785862800,4093.36,4097.82,4092.59,4097.395
1785862980,4097.39,4105.47,4097.35,4105.005
1785863160,4104.96,4106.475,4100.325,4100.625
1785863340,4100.565,4100.815,4098.065,4099.24
1785863520,4099.265,4101.66,4098.745,4100.105
1785863700,4100.145,4101.31,4097.805,4100.045
1785863880,4100.04,4100.955,4097.17,4098.285
1785864060,4098.325,4100.075,4098.11,4100.055
1785864240,4100.055,4100.795,4097.53,4097.55
1785864420,4097.545,4097.96,4094.32,4094.8
1785864600,4094.795,4094.94,4091.765,4094.305
1785864780,4094.335,4094.655,4092.755,4094.655
1785864960,4094.66,4095.8,4094.535,4095.16
1785865140,4095.145,4096.27,4093.905,4094.635
1785865320,4094.57,4095.75,4094.175,4095.575
1785865500,4095.495,4096.495,4094.33,4094.5
1785865680,4094.47,4095.045,4092.565,4092.62
1785865860,4092.58,4092.675,4090.09,4090.29
1785866040,4090.245,4091.1,4088.965,4089.695
1785866220,4089.685,4089.685,4086.205,4086.21
1785866400,4086.18,4087.855,4084.995,4087.135
1785866580,4087.14,4088.86,4086.075,4088.75
1785866760,4088.745,4089.06,4087.94,4088.125
1785866940,4088.12,4088.865,4086.46,4087.41
1785867120,4087.42,4088.795,4086.85,4088.795
1785867300,4088.655,4088.83,4087.305,4087.49
1785867480,4087.39,4088.145,4086.135,4087.34
1785867660,4087.31,4088.945,4086.31,4088.005
1785867840,4088.05,4088.225,4086.785,4087.145
1785868020,4087.095,4087.22,4084.53,4084.725
1785868200,4084.765,4085.905,4084.535,4084.87
1785868380,4084.895,4084.895,4082.77,4083.075
1785868560,4083.095,4083.505,4079.535,4079.865
1785868740,4079.935,4080.215,4077.595,4078.59
1785868920,4078.725,4078.745,4076.295,4076.66
1785869100,4076.65,4077.295,4075.285,4076.735
1785869280,4076.745,4080.965,4076.61,4080.59
1785869460,4080.56,4080.73,4078.65,4080.12
1785869640,4080.115,4081.305,4079.13,4081.275
1785869820,4081.27,4081.295,4079.48,4079.945
1785870000,4079.995,4082.2,4078.86,4081.405
1785870180,4081.355,4081.755,4080.085,4080.62
1785870360,4080.595,4083.05,4080.18,4083.025
1785870540,4083.005,4084.345,4082.89,4083.875
1785870720,4083.855,4084.32,4081.735,4081.76
1785870900,4081.75,4084.085,4081.37,4083.32
1785871080,4083.3,4084.86,4083.265,4083.865
1785871260,4083.835,4084.465,4081.935,4082.71
1785871440,4082.655,4082.655,4079.84,4080.25
1785871620,4080.275,4080.51,4079.465,4080.33
1785871800,4080.315,4080.785,4078.98,4079.13
1785871980,4079.11,4080.855,4078.99,4080.4
1785872160,4080.36,4081.355,4080.2,4080.32
1785872340,4080.35,4082.58,4080.29,4081.79
1785872520,4081.795,4082.485,4081.045,4081.53
1785872700,4081.49,4082.365,4080.705,4081.085
1785872880,4081.08,4081.08,4079.135,4079.685
1785873060,4079.62,4080.1,4077.89,4078.49
1785873240,4078.43,4078.555,4076.39,4077.11
1785873420,4077.115,4079.54,4076.965,4078.615
1785873600,4078.61,4079.575,4078.33,4079.355
1785873780,4079.29,4079.29,4078.375,4079
1785873960,4078.995,4079.795,4078.67,4079.405
1785874140,4079.41,4080.295,4078.225,4079.775
1785874320,4079.765,4079.865,4078.555,4079.05
1785874500,4078.985,4078.985,4077.03,4077.075
1785874680,4077.115,4077.115,4074.82,4075.31
1785874860,4075.37,4075.655,4074.7,4074.82
1785875040,4074.775,4075.93,4074.69,4075.67
1785875220,4075.66,4076.66,4074.875,4075.625
1785875400,4075.6,4076.41,4075.44,4076.395
1785875580,4076.345,4077.445,4076.11,4077.235
1785875760,4077.24,4077.885,4076.91,4077.225
1785875940,4077.3,4078.645,4076.87,4078.035
1785876120,4078.07,4078.26,4077.45,4077.72
1785876300,4077.7,4077.7,4076.7,4077.14
1785876480,4077.135,4077.915,4076.205,4077.815
1785876660,4077.78,4078.33,4076.675,4077.23
1785876840,4077.14,4078.055,4076.83,4077.95
1785877020,4077.96,4078.125,4076.955,4077.055
1785880980,4078.39,4078.755,4077.515,4078.195
1785881160,4078.205,4078.225,4076.57,4077.01
1785881340,4077.18,4077.89,4076.915,4077.89
1785881520,4077.88,4077.88,4076.6,4077.035
1785881700,4076.87,4077.605,4075.88,4076.265
1785881880,4076.21,4078.035,4075.755,4076.855
1785882060,4076.825,4077.895,4075.96,4076.605
1785882240,4076.615,4078.495,4076.405,4077.77
1785882420,4077.79,4080.07,4077.79,4079.875
1785882600,4079.965,4080.465,4079.36,4080.34
1785882780,4080.38,4081.905,4080.21,4081.905
1785882960,4082.06,4084.19,4081.96,4083.93
1785883140,4083.97,4085.87,4083.81,4084.93
1785883320,4084.775,4085.085,4082.76,4084.11
1785883500,4084.105,4084.61,4081.285,4083.165
1785883680,4083.185,4083.96,4081.475,4083.24
1785883860,4083.215,4083.94,4080.495,4080.715
1785884040,4080.72,4081.88,4078.595,4078.86
1785884220,4078.81,4078.94,4075.735,4075.805
1785884400,4075.89,4077.205,4069.08,4069.96
1785884580,4069.975,4071.23,4068.64,4070.97
1785884760,4070.965,4071.87,4069.635,4070.525
1785884940,4070.515,4073.14,4070.135,4070.615
1785885120,4070.58,4074.28,4069.495,4073.73
1785885300,4073.755,4074.925,4073.03,4074.415
1785885480,4074.27,4074.95,4070.96,4071.525
1785885660,4071.54,4071.585,4069.425,4069.8
1785885840,4069.95,4070.005,4065.33,4066.205
1785886020,4066.195,4068.935,4066.195,4067.23
1785886200,4067.235,4070.27,4066.095,4069.295
1785886380,4069.32,4069.895,4067.96,4069.02
1785886560,4069.025,4069.77,4068.01,4069.555
1785886740,4069.56,4069.795,4068.75,4069.54
1785886920,4069.53,4070.17,4068.83,4069.425
1785887100,4069.485,4070.285,4069.245,4070.165
1785887280,4070.16,4072.17,4069.695,4072.025
1785887460,4072.035,4072.39,4071.505,4072.175
1785887640,4072.18,4072.65,4071.6,4072.11
1785887820,4072.15,4073.77,4072.08,4072.605
1785888000,4072.6,4074.305,4070.505,4073.435
1785888180,4073.415,4074.225,4072.585,4073.6
1785888360,4073.565,4074.24,4072.765,4073.285
1785888540,4073.28,4073.845,4071.465,4072.295
1785888720,4072.28,4073.295,4071.695,4071.885
1785888900,4071.885,4074.05,4071.495,4074.03
1785889080,4073.98,4075.89,4073.795,4074.305
1785889260,4074.35,4077.815,4074.005,4077.67
1785889440,4077.63,4078.405,4076.225,4077.955
1785889620,4077.95,4078.95,4077.75,4078.605
1785889800,4078.61,4081.11,4078.585,4079.335
1785889980,4079.37,4081.92,4078.75,4081.46
1785890160,4081.44,4083.18,4080.535,4080.845
1785890340,4080.835,4081.715,4079.56,4080.07
1785890520,4080.205,4080.63,4078.16,4078.265
1785890700,4078.33,4079.2,4077.845,4078.485
1785890880,4078.49,4080.73,4078.045,4080.01
1785891060,4079.995,4083.02,4079.67,4082.345
1785891240,4082.355,4083.63,4081.595,4082.895
1785891420,4082.9,4083.105,4081.7,4082.55
1785891600,4082.57,4085.655,4077.995,4079.915
1785891780,4079.95,4082.05,4077.725,4080.87
1785891960,4080.925,4083.44,4080.09,4081.515
1785892140,4081.54,4087.105,4081.075,4084.04
1785892320,4084.16,4086.655,4083.33,4085.895
1785892500,4085.91,4088.635,4085.085,4087.27
1785892680,4087.275,4088.055,4085.54,4087.445
1785892860,4087.435,4088.36,4086.13,4087.68
1785893040,4087.655,4087.655,4083.625,4083.625
1785893220,4083.73,4084.71,4082.785,4084.555
1785893400,4084.605,4086.47,4083.005,4083.82
1785893580,4083.825,4087.55,4080.33,4087.55
1785893760,4087.53,4089.76,4087.53,4089.295
1785893940,4089.29,4092.44,4089.165,4091.985
1785894120,4092.015,4093.22,4091.46,4093.04
1785894300,4093.115,4094.9,4092.74,4093.465
1785894480,4093.57,4095.05,4092.99,4094.195
1785894660,4094.235,4095.7,4093.33,4094.42
1785894840,4094.42,4100.38,4094.32,4099.965
1785895020,4099.945,4102.58,4099.36,4101.43
1785895200,4101.44,4102.865,4097.92,4098.135
1785895380,4098.17,4099.6,4096.52,4097.03
1785895560,4097.075,4098.835,4096.57,4097.825
1785895740,4097.82,4100.585,4097.02,4099.24
1785895920,4099.255,4100.49,4098.975,4100.085
1785896100,4100.14,4100.955,4097.195,4097.89
1785896280,4097.885,4103.54,4095.42,4102.85
1785896460,4102.805,4103.565,4100.65,4102.855
1785896640,4102.86,4108.66,4102.31,4106.185
1785896820,4106.2,4106.64,4102.705,4103.51
1785897000,4103.725,4108.27,4101.53,4107.5
1785897180,4107.505,4112.805,4105.675,4112.28
1785897360,4112.29,4121.945,4112.045,4117.605
1785897540,4117.615,4128.04,4116.89,4127.3
1785897720,4127.28,4128.965,4124.6,4128.44
1785897900,4128.445,4131.065,4126.33,4129.49
1785898080,4129.475,4131.61,4128.655,4128.79
1785898260,4128.915,4129.38,4124.65,4127.74
1785898440,4127.84,4135.435,4127.79,4134.595
1785898620,4134.605,4135.2,4129.105,4129.195
1785898800,4129.2,4130.675,4126.92,4128.475
1785898980,4128.56,4130.255,4127.24,4129.105
1785899160,4129.11,4135.48,4128.11,4133.53
1785899340,4133.48,4136.07,4132.43,4135.05
1785899520,4135.04,4136.24,4133.535,4136.04
1785899700,4136.09,4136.69,4131.445,4131.87
1785899880,4131.845,4132.235,4130.505,4131.02
1785900060,4131.015,4132.845,4130.34,4131.555
1785900240,4131.565,4132.86,4130.53,4130.665
1785900420,4130.67,4132.425,4129.89,4130.565
1785900600,4130.56,4130.935,4128.71,4129.625
1785900780,4129.705,4130.3,4127.635,4127.915
1785900960,4127.945,4129.14,4127.595,4127.875
1785901140,4127.885,4128.955,4127.51,4128.045
1785901320,4128.035,4128.815,4127.605,4128.745
1785901500,4128.75,4130.365,4128.71,4129.455
1785901680,4129.505,4129.59,4127.55,4128.11
1785901860,4128.105,4128.455,4127.545,4127.84
1785902040,4127.855,4128.84,4127.58,4128.74
1785902220,4128.745,4129.535,4128.21,4128.33
1785902400,4128.335,4133.865,4128.26,4133.805
1785902580,4133.815,4136.44,4133.64,4135.3
1785902760,4135.285,4139.995,4135.11,4139.555
1785902940,4139.625,4140.545,4137.83,4140.42
1785903120,4140.425,4141.505,4137.92,4138.495
1785903300,4138.515,4140.56,4137.895,4138.375
1785903480,4138.385,4141.17,4138.385,4140.13
1785903660,4140.135,4140.945,4138.925,4139.175
1785903840,4139.225,4140.17,4138.145,4139.845
1785904020,4139.795,4139.9,4138.04,4138.585
1785904200,4138.735,4138.775,4136.985,4138.59
1785904380,4138.53,4138.53,4136.585,4136.585
1785904560,4136.53,4137.095,4134.195,4134.735
1785904740,4134.68,4136.365,4133.4,4135.54
1785904920,4135.565,4136.35,4134.46,4134.645
1785905100,4134.625,4135.685,4134.25,4134.66
1785905280,4134.715,4134.715,4132.355,4133.33
1785905460,4133.295,4134.26,4132.63,4133.555
1785905640,4133.54,4136.195,4133.34,4135.455
1785905820,4135.46,4135.915,4134.43,4135.595
1785906000,4135.575,4136.35,4134.885,4136.135
1785906180,4136.13,4137.345,4135.055,4136.795
1785906360,4136.77,4138.17,4135.99,4136.4
1785906540,4136.38,4137.245,4135.68,4136.91
1785906720,4136.905,4138.085,4136.535,4137.265
1785906900,4137.235,4137.515,4135.41,4135.705
1785907080,4135.76,4139.66,4135.76,4139.475
1785907260,4139.44,4141.085,4138.83,4140.18
1785907440,4140.115,4142.215,4139.03,4139.92
1785907620,4139.86,4139.86,4138.315,4139.63
1785907800,4139.71,4144.385,4139.71,4139.89
1785907980,4139.905,4148.215,4139.875,4145.51
1785908160,4145.455,4154.245,4145.14,4153.455
1785908340,4153.445,4154.74,4149.51,4153.41
1785908520,4153.335,4159.405,4151.805,4157.385
1785908700,4157.365,4171.62,4157.02,4164.59
1785908880,4164.57,4168.315,4160.16,4167.355
1785909060,4167.37,4173.1,4166.9,4168.885
1785909240,4169.01,4171.78,4166.38,4166.655
1785909420,4166.66,4167.915,4161.445,4161.545
1785909600,4161.535,4166.475,4161.235,4161.975
1785909780,4161.925,4163.555,4160.3,4161.34
1785909960,4161.35,4167.07,4160.76,4166.82
1785910140,4166.875,4171.52,4166.175,4171.245
1785910320,4171.235,4174.45,4170.865,4173.3
1785910500,4173.32,4173.49,4168.095,4168.175
1785910680,4168.19,4169.395,4166.135,4167.25
1785910860,4167.27,4167.87,4161.31,4165.56
1785911040,4165.61,4166.15,4163.785,4164.895
1785911220,4164.9,4169.085,4164.75,4168.85
1785911400,4168.845,4170.89,4167.145,4170.705
1785911580,4170.69,4176.68,4170.015,4175.69
1785911760,4175.685,4178.565,4174.57,4174.935
1785911940,4174.945,4177.275,4173.985,4174.95
1785912120,4174.965,4176.82,4172.865,4175.85
1785912300,4175.845,4176.545,4172.61,4172.97
1785912480,4172.95,4176.44,4172.42,4175
1785912660,4174.91,4176.725,4173.085,4173.415
1785912840,4173.44,4178.17,4173.11,4176.835
1785913020,4176.77,4178.49,4176.225,4177.565
1785913200,4177.645,4179.555,4173.98,4175.235
1785913380,4175.21,4175.65,4169.065,4170.755
1785913560,4170.75,4172.615,4168.96,4169.87
1785913740,4169.835,4171.865,4168.815,4169.1
1785913920,4169.095,4169.645,4166.335,4166.41
1785914100,4166.415,4168.975,4166.07,4167.715
1785914280,4167.73,4169.365,4166.07,4168.37
1785914460,4168.365,4168.895,4166.625,4167.335
1785914640,4167.345,4169.295,4165.235,4165.285
1785914820,4165.31,4166.015,4163.09,4164.3
1785915000,4164.345,4165.47,4163.095,4163.6
1785915180,4163.605,4164.905,4162.71,4162.795
1785915360,4162.845,4165.265,4162.225,4164.985
1785915540,4165.005,4166.6,4164.49,4165.015
1785915720,4165,4166.88,4164.98,4166.765
1785915900,4166.77,4168.825,4166.015,4166.275
1785916080,4166.235,4166.965,4164.29,4166.315
1785916260,4166.31,4167.88,4165.295,4165.535
1785916440,4165.6,4170.17,4164.88,4170.17
1785916620,4170.195,4172.13,4169.74,4170.81
1785916800,4170.8,4172.68,4169.195,4169.6
1785916980,4169.63,4170.74,4169.11,4169.51
1785917160,4169.545,4170.61,4168.24,4169.44
1785917340,4169.445,4170.375,4168.425,4168.75
1785917520,4168.765,4169.5,4164.99,4165.595
1785917700,4165.62,4168.245,4165.485,4166.945
1785917880,4166.93,4167.335,4165.67,4166.07
1785918060,4166.065,4166.94,4162.85,4163.01
1785918240,4163.035,4163.53,4162.18,4163.28
1785918420,4163.29,4165.11,4162.82,4164.46
1785918600,4164.47,4165.26,4162.825,4164.835
1785918780,4164.855,4166.03,4163.53,4164.6
1785918960,4164.545,4165.785,4163.89,4164.365
1785919140,4164.39,4164.74,4161.495,4163.02
1785919320,4163.035,4167.24,4162.965,4166.205
1785919500,4166.225,4166.34,4159.98,4162.85
1785919680,4162.87,4163.6,4160.36,4160.405
1785919860,4160.415,4161.82,4160.145,4161.79
1785920040,4161.81,4161.87,4160.25,4160.7
1785920220,4160.695,4161.035,4159.045,4160.515
1785920400,4160.64,4164.635,4160.51,4163.195
1785920580,4163.165,4165.445,4162.945,4164.96
1785920760,4165.005,4167.17,4164.195,4166.01
1785920940,4166.035,4166.275,4163.335,4163.555
1785921120,4163.54,4164.34,4162.145,4162.955
1785921300,4162.935,4162.955,4160.72,4162.245
1785921480,4162.255,4162.705,4159.41,4160.44
1785921660,4160.455,4160.455,4155.275,4158.085
1785921840,4158.09,4158.475,4156.415,4156.63
1785922020,4156.645,4158.535,4156.19,4157.69
1785922200,4157.75,4158.645,4154.445,4157.365
1785922380,4157.355,4157.58,4155.31,4156.06
1785922560,4156.185,4159.2,4154.495,4158.7
1785922740,4158.725,4158.965,4155.245,4156.005
1785922920,4156.02,4158.4,4156.015,4158.28
1785923100,4158.275,4158.865,4157.3,4157.505
1785923280,4157.49,4158.315,4156.53,4157.115
1785923460,4157.12,4158.175,4156.35,4157.315
1785923640,4157.29,4158.24,4153.195,4153.325
1785923820,4153.37,4159.26,4153.145,4157.98
1785924000,4157.97,4158.01,4152.98,4153.4
1785924180,4153.405,4153.75,4152.04,4153.555
1785924360,4153.535,4153.84,4152.415,4152.45
1785924540,4152.445,4153.49,4152.245,4152.725
1785924720,4152.665,4152.995,4150.42,4151.19
1785924900,4151.225,4153.69,4150.28,4153.06
1785925080,4153.04,4158.14,4152.92,4156.285
1785925260,4156.23,4156.985,4155.47,4156.21
1785925440,4156.19,4158.645,4155.235,4157.315
1785925620,4157.275,4158.39,4155.85,4156.85
1785925800,4156.865,4157.775,4155.005,4157.675
1785925980,4157.74,4157.895,4153.925,4154.335
1785926160,4154.325,4156.26,4153.875,4156.125
1785926340,4156.17,4156.965,4154.79,4156.77
1785926520,4156.76,4156.76,4154.095,4155.155
1785926700,4155.225,4156.665,4155.08,4155.145
1785926880,4155.075,4155.645,4154.11,4155.045
1785927060,4154.97,4156.165,4154.05,4155.795
1785927240,4155.805,4160.155,4155.47,4159.02
1785927420,4159.015,4161.495,4158.795,4161.42
1785927600,4161.455,4162.88,4160.85,4162.77
1785927780,4162.76,4164.925,4161.89,4164.575
1785927960,4164.575,4165.285,4163.825,4164.5
1785928140,4164.505,4169.525,4164.32,4169.09
1785928320,4169.085,4171.045,4168.34,4170.995
1785928500,4170.985,4173.925,4170.03,4171.145
1785928680,4171.12,4172.955,4170.885,4172.65
1785928860,4172.695,4173.26,4169.735,4170.805
1785929040,4170.78,4172.37,4169.48,4170.77
1785929220,4170.825,4180.82,4170.825,4176.07
1785929400,4176.08,4180.695,4174.155,4180.195
1785929580,4180.25,4182.685,4178.905,4182.03
1785929760,4182.045,4187.735,4182.045,4185.815
1785929940,4185.83,4186.645,4182.685,4184.71
1785930120,4184.705,4188.59,4184.415,4184.785
1785930300,4184.815,4186.495,4182.995,4184.72
1785930480,4184.715,4187.51,4184.3,4187.195
1785930660,4187.235,4189.29,4186.65,4188.925
1785930840,4188.97,4190.22,4188.195,4189.775
1785931020,4189.745,4192.625,4188.875,4188.93
1785931200,4188.945,4193.505,4188.91,4191.235
1785931380,4191.23,4197.39,4190.98,4196.66
1785931560,4196.655,4199.32,4195.515,4197.84
1785931740,4197.835,4199.945,4196.825,4197.76
1785931920,4197.82,4199.905,4196.945,4197.675
1785932100,4197.73,4207.68,4197.675,4205.71
1785932280,4205.74,4210.08,4204.09,4209.015
1785932460,4209,4213.54,4208.73,4210.475
1785932640,4210.525,4212.065,4207.24,4208.585
1785932820,4208.6,4210.94,4205.045,4205.335
1785933000,4205.4,4209.035,4197.825,4199.02
1785933180,4199.035,4201.285,4198.405,4200.405
1785933360,4200.42,4204.245,4199.325,4201.92
1785933540,4201.925,4202.25,4195.775,4196.335
1785933720,4196.37,4197.045,4192.82,4194.64
1785933900,4194.655,4194.995,4191.055,4193.35
1785934080,4193.265,4195.7,4191.34,4191.57
1785934260,4191.57,4191.84,4187.095,4187.73
1785934440,4187.75,4188.735,4186.325,4186.35
1785934620,4186.385,4186.625,4183.305,4183.985
1785934800,4183.965,4191.345,4183.795,4191.18
1785934980,4191.135,4195.44,4190.855,4195.435
1785935160,4195.415,4197.27,4191.29,4195.005
1785935340,4194.985,4196.075,4191.495,4191.505
1785935520,4191.53,4191.75,4187.02,4188.075
1785935700,4188.05,4189.535,4186.645,4188.055
1785935880,4188.065,4192.255,4185.77,4191.52
1785936060,4191.495,4197.755,4191.315,4195.92
1785936240,4195.905,4197.12,4193.585,4194.785
1785936420,4194.775,4198.245,4193.485,4197.125
1785936600,4197.15,4201.305,4194.835,4200.26
1785936780,4200.265,4203.92,4198.835,4199.21
1785936960,4199.195,4199.335,4192.67,4195.79
1785937140,4195.905,4204.76,4193.27,4200.21
1785937320,4200.11,4201.345,4197.415,4197.53
1785937500,4197.545,4199.455,4193.035,4193.775
1785937680,4193.77,4194.88,4189.59,4191.105
1785937860,4191.2,4201.065,4190.355,4199.695
1785938040,4199.695,4202.285,4199.655,4201.865
1785938220,4201.86,4206.845,4201.175,4206.17
1785938400,4206.11,4208.905,4203.67,4208.845
1785938580,4208.83,4219.4,4206.065,4217.165
1785938760,4217.15,4227.145,4216.665,4225.22
1785938940,4225.195,4234.915,4225.095,4233.44
1785939120,4233.43,4234.25,4225.835,4229.655
1785939300,4229.65,4231.93,4226.68,4229.72
1785939480,4229.74,4238.895,4229.74,4237.83
1785939660,4237.825,4238.41,4230.695,4231.68
1785939840,4231.695,4238.985,4231.54,4236.715
1785940020,4236.71,4240.58,4235.18,4236.865
1785940200,4236.88,4242.365,4234.175,4234.72
1785940380,4234.605,4236.95,4229.36,4231.475
1785940560,4231.48,4232.995,4228.805,4232.125
1785940740,4232.195,4234.115,4229.885,4232.475
1785940920,4232.5,4243.705,4232.5,4243.34
1785941100,4243.43,4244,4241.295,4243.195
1785941280,4243.175,4247.64,4242.19,4245.59
1785941460,4245.5,4245.605,4233.345,4235.52
1785941640,4235.51,4243.135,4234.66,4242.93
1785941820,4242.92,4245.965,4242.615,4244.26
1785942000,4244.3,4257.675,4242.795,4255.925
1785942180,4255.945,4259.87,4255.43,4257.425
1785942360,4257.435,4258.36,4251.835,4255.185
1785942540,4255.18,4261.06,4253.99,4260.56
1785942720,4260.57,4260.65,4257.75,4258.195
1785942900,4258.145,4258.635,4253.875,4254.31
1785943080,4254.265,4260.07,4250.275,4259.765
1785943260,4259.755,4262.07,4258.445,4260.57
1785943440,4260.545,4265.29,4259.87,4265.005
1785943620,4264.995,4265.235,4257.36,4257.715
1785943800,4257.695,4259.26,4254.75,4258.72
1785943980,4258.715,4259.455,4254.36,4256.11
1785944160,4256.155,4259.835,4255.01,4258.995
1785944340,4259.04,4259.22,4255.39,4256.975
1785944520,4256.96,4256.96,4252.58,4255.96
1785944700,4255.94,4255.97,4249.9,4251.265
1785944880,4251.245,4253.39,4245.51,4246.135
1785945060,4246.145,4247.43,4241.605,4242.495
1785945240,4242.48,4243.775,4237.43,4237.705
1785945420,4237.665,4237.825,4232.375,4233.025
1785945600,4233.03,4234.555,4228.08,4230.85
1785945780,4230.78,4230.795,4224.89,4230.38
1785945960,4230.39,4234.915,4229.32,4233.2
1785946140,4233.21,4236.455,4232.84,4234.04
1785946320,4234.05,4234.48,4231.92,4234.48
1785946500,4234.445,4236.995,4232.84,4236.21
1785946680,4236.255,4236.58,4233.175,4235.655
1785946860,4235.63,4240.74,4234.94,4239.935
1785947040,4239.95,4241.56,4237.985,4240.575
1785947220,4240.65,4241.755,4239.355,4241.34
1785947400,4241.395,4243.64,4239.13,4239.98
1785947580,4239.975,4241.605,4239.26,4241.43
1785947760,4241.415,4245.825,4241.35,4244.86
1785947940,4244.92,4247.075,4243.725,4245.74
1785948120,4245.725,4246.42,4243.445,4244.745
1785948300,4244.785,4245.67,4241.135,4241.89
1785948480,4241.895,4243.855,4241.205,4243.265
1785948660,4243.27,4247.48,4242.545,4245.985
1785948840,4245.9,4245.9,4238.445,4239.105
1785949020,4239.1,4242.81,4238.925,4242.26
1785949200,4242.33,4242.965,4239.32,4240.26
1785949380,4240.27,4244.495,4240.04,4244.38
1785949560,4244.34,4244.34,4242.035,4242.215
1785949740,4242.215,4244.24,4241.235,4244.24
1785949920,4244.18,4244.18,4241.42,4242.15
1785950100,4242.08,4242.08,4239.71,4240.47
1785950280,4240.39,4240.905,4237.78,4239.13
1785950460,4239.12,4239.59,4237,4237.955
1785950640,4237.76,4240.545,4237.17,4238.55
1785950820,4238.555,4246.68,4238.555,4244.915
1785951000,4244.92,4244.92,4241.03,4242.505
1785951180,4242.48,4248.73,4241.965,4248.19
1785951360,4248.175,4250.015,4246.08,4249.68
1785951540,4249.69,4250.99,4248.375,4248.465
1785951720,4248.46,4250.27,4247.885,4248.355
1785951900,4248.315,4249.875,4247.575,4249.59
1785952080,4249.62,4250.95,4248.56,4249.785
1785952260,4249.815,4250.415,4248.735,4249.44
1785952440,4249.415,4251.795,4249.33,4251.75
1785952620,4251.755,4252.555,4250.17,4250.36
1785952800,4249.95,4254.48,4249.26,4252.94
1785952980,4252.965,4255,4251.725,4254.865
1785953160,4254.905,4257.485,4254.62,4255.865
1785953340,4255.87,4257.615,4254.39,4256.99
1785953520,4256.985,4257.17,4253.14,4253.265
1785953700,4253.275,4256.475,4253.035,4255.8
1785953880,4255.755,4259.65,4255.535,4259.5
1785954060,4259.505,4268.09,4259.34,4266.455
1785954240,4266.51,4267.125,4262.195,4262.74
1785954420,4262.735,4263.895,4262.42,4263
1785954600,4263.02,4263.86,4258.585,4259.015
1785954780,4258.995,4258.995,4254.66,4257.57
1785954960,4257.575,4258.335,4255.865,4257.935
1785955140,4257.945,4260.465,4257.155,4258.985
1785955320,4259.005,4260.53,4258.445,4259.455
1785955500,4259.46,4261.68,4259.26,4259.515
1785955680,4259.51,4262.625,4258.175,4262.045
1785955860,4262.055,4262.775,4260.455,4262.385
1785956040,4262.485,4263.71,4261.58,4262.59
1785956220,4262.585,4263.145,4260.69,4260.985
1785956400,4261,4262.27,4259.4,4260.09
1785956580,4260.05,4262.205,4259.665,4261.47
1785956760,4261.5,4261.84,4258.835,4258.905
1785956940,4258.93,4258.96,4256.235,4257.54
1785957120,4257.545,4259.115,4257.305,4258.21
1785957300,4258.245,4258.38,4254.78,4255.69
1785957480,4255.725,4256.135,4250.835,4251.495
1785957660,4251.505,4255.66,4250.58,4254.57
1785957840,4254.595,4256.145,4254.165,4255.69
1785958020,4255.72,4255.855,4252.87,4252.975
1785958200,4253.085,4254.265,4249.67,4251.375
1785958380,4251.42,4251.72,4248.455,4250.205
1785958560,4250.26,4251.065,4248.68,4250.42
1785958740,4250.405,4253.165,4249.37,4252.405
1785958920,4252.42,4253.645,4251.58,4253.25
1785959100,4253.105,4253.62,4250.355,4250.455
1785959280,4250.45,4250.52,4247.245,4247.415
1785959460,4247.43,4249.845,4247.365,4247.72
1785959640,4247.73,4249.355,4246.955,4248.89
1785959820,4248.895,4249.305,4246.405,4247.13
1785960000,4247.08,4249.645,4246.79,4248.59
1785960180,4248.54,4249.05,4247.485,4248.68
1785960360,4248.715,4249.045,4247.075,4247.63
1785960540,4247.67,4248.46,4247.015,4248.07
1785960720,4248.06,4249.695,4247.675,4249.23
1785960900,4249.35,4249.76,4245.605,4245.865
1785961080,4245.885,4246.695,4245.55,4245.985
1785961260,4245.98,4246.725,4245.635,4246.39
1785961440,4246.325,4247.32,4245.655,4246.445
1785961620,4246.5,4246.975,4245.71,4246.305
1785961800,4246.26,4247.64,4245.925,4247.64
1785961980,4247.59,4249.6,4247.49,4249.015
1785962160,4249.055,4249.065,4246.71,4247.235
1785962340,4247.255,4247.535,4246.495,4246.54
1785962520,4246.47,4246.675,4245.23,4245.545
1785962700,4245.48,4245.655,4243.79,4243.975
1785962880,4244.07,4245.5,4243.935,4244.5
1785963060,4244.565,4244.965,4243.945,4244.425
1785963240,4244.35,4245.21,4243.06,4245.05
1785963420,4245.1,4247.335,4244.715,4247.275
1785967380,4249.5,4249.615,4246.63,4247.155
1785967560,4247.045,4249.715,4245.825,4248.095
1785967740,4248.15,4248.515,4246.495,4248.3
1785967920,4248.325,4248.375,4246.735,4247.795
1785968100,4247.79,4248.555,4247.33,4247.76
1785968280,4247.745,4248.365,4247.11,4248.06
1785968460,4247.855,4248.42,4246.99,4247.845
1785968640,4247.935,4248.965,4247.345,4247.525
1785968820,4247.59,4248.825,4247.445,4248.05
1785969000,4247.955,4250.105,4247.635,4249.095
1785969180,4249.1,4250.37,4249.07,4250.14
1785969360,4250.12,4250.275,4249.235,4249.295
1785969540,4249.275,4250.035,4249.155,4249.26
1785969720,4249.285,4249.615,4248.085,4248.345
1785969900,4248.325,4249.13,4247.82,4249.13
1785970080,4249.14,4249.28,4248.195,4248.66
1785970260,4248.665,4249.35,4248.195,4248.755
1785970440,4248.74,4248.965,4248.085,4248.38
1785970620,4248.475,4250.385,4248.09,4250.045
1785970800,4250.055,4251.595,4249.12,4251.595
1785970980,4251.58,4254.43,4251.075,4254.27
1785971160,4254.275,4254.61,4251.9,4251.915
1785971340,4251.865,4254.08,4251.625,4254.08
1785971520,4254.065,4258.37,4252.985,4256.31
1785971700,4256.26,4259.56,4256.075,4258.65
1785971880,4258.605,4260.98,4257.94,4258.515
1785972060,4258.445,4262.88,4257.955,4262.295
1785972240,4262.31,4262.7,4260.51,4262.3
1785972420,4262.29,4264.3,4261.085,4263.62
1785972600,4263.64,4263.94,4262.175,4262.315
1785972780,4262.31,4274.83,4261.305,4274.23
1785972960,4274.17,4279.945,4271.73,4278.29
1785973140,4278.415,4280.66,4276.505,4278.5
1785973320,4278.485,4282.05,4277.67,4280.73
1785973500,4280.705,4280.915,4272.955,4272.995
1785973680,4272.98,4276.15,4272.155,4274.95
1785973860,4274.895,4277.11,4273.655,4275.98
1785974040,4275.985,4276.91,4274.825,4276.46
1785974220,4276.53,4279.93,4274.33,4278.305
1785974400,4278.315,4278.315,4265.13,4267.73
1785974580,4267.725,4270.15,4264.895,4267.835
1785974760,4267.915,4277.36,4266.24,4277
1785974940,4276.99,4276.99,4268.075,4268.62
1785975120,4268.61,4271.5,4264.64,4270.915
1785975300,4270.995,4277.05,4270.995,4274.74
1785975480,4274.745,4281.935,4272.415,4275.51
1785975660,4275.545,4283.84,4273.645,4283.295
1785975840,4283.445,4284.755,4281.13,4281.67
1785976020,4281.62,4282.17,4272.215,4274.185
1785976200,4274.15,4279.345,4273.98,4278.51
1785976380,4278.56,4291.02,4278.455,4286.04
1785976560,4286.045,4290.34,4282.925,4288
1785976740,4287.92,4289.42,4285.19,4287.885
1785976920,4287.805,4288.845,4284.4,4286.375
1785977100,4286.395,4295.615,4286.395,4291.575
1785977280,4291.52,4293.815,4286.22,4293.42
1785977460,4293.405,4295.24,4291.3,4294.925
1785977640,4294.675,4300.39,4294.445,4295.58
1785977820,4295.56,4298.635,4293.9,4294.985
1785978000,4294.99,4302.74,4293.365,4298.515
1785978180,4298.54,4298.86,4287.99,4288.78
1785978360,4288.765,4298.49,4286.92,4297.045
1785978540,4297.06,4298.635,4285.89,4286.28
1785978720,4286.385,4286.385,4280.365,4284.915
1785978900,4284.92,4288.045,4283.42,4286.73
1785979080,4286.725,4286.89,4279.54,4279.57
1785979260,4279.72,4280.51,4272.98,4274.94
1785979440,4274.73,4285.87,4274.25,4285.58
1785979620,4285.575,4286.075,4273.73,4276.2
1785979800,4276.21,4286.55,4275.84,4284.09
1785979980,4284.08,4285.055,4280.795,4282.21
1785980160,4282.275,4293.225,4281.715,4292.4
1785980340,4292.42,4297.39,4288.47,4289.715
1785980520,4289.71,4291.165,4287.64,4287.68
1785980700,4287.635,4291.51,4282.945,4287.935
1785980880,4287.89,4297.415,4287.3,4294.455
1785981060,4294.45,4296.76,4289.815,4291.355
1785981240,4291.35,4291.65,4286.785,4287.66
1785981420,4287.555,4288.375,4285.025,4286.64
1785981600,4286.405,4291.68,4283.515,4290.955
1785981780,4291.01,4304.31,4290.425,4301.015
1785981960,4300.89,4304.165,4299.16,4299.515
1785982140,4299.53,4302.84,4292.545,4293.2
1785982320,4293.17,4298.885,4293.13,4295.205
1785982500,4295.22,4300.23,4295.09,4298.54
1785982680,4298.525,4298.84,4292.72,4293.41
1785982860,4293.39,4295.115,4292.495,4294.335
1785983040,4294.48,4295.265,4291.915,4292.825
1785983220,4292.815,4295.245,4291.98,4292.285
1785983400,4292.275,4292.49,4282.74,4283.6
1785983580,4283.7,4286.825,4282.535,4286.495
1785983760,4286.505,4287.47,4284.17,4286.795
1785983940,4286.77,4288.505,4281.26,4283.735
1785984120,4283.775,4286.005,4281.12,4285.91
1785984300,4285.92,4287.33,4281.335,4281.915
1785984480,4281.95,4282.545,4274.93,4278.92
1785984660,4278.97,4280.835,4276.71,4276.855
1785984840,4276.86,4280.195,4276.845,4277.675
1785985020,4277.64,4279.765,4277.1,4278.71
1785985200,4278.735,4278.735,4275.435,4276.575
1785985380,4276.65,4280.175,4275.64,4279.585
1785985560,4279.535,4280.535,4278.14,4278.96
1785985740,4279.02,4280.95,4277.015,4279.595
1785985920,4279.57,4279.57,4273.92,4274.05
1785986100,4274.035,4274.035,4264.63,4265.795
1785986280,4265.87,4267.605,4264.5,4266.435
1785986460,4266.52,4267.405,4264.555,4264.725
1785986640,4264.75,4265.855,4261.41,4262.365
1785986820,4262.385,4266.275,4260.92,4266.26
1785987000,4266.245,4266.75,4263.92,4264.895
1785987180,4264.89,4266.665,4263.34,4265.665
1785987360,4265.605,4267.01,4263.88,4264.67
1785987540,4264.645,4265.08,4261.82,4263.22
1785987720,4263.265,4264.245,4261.575,4262.9
1785987900,4262.905,4263.47,4260.5,4262.105
1785988080,4262.095,4263.65,4260.48,4261.53
1785988260,4261.64,4264.415,4261.64,4263.29
1785988440,4263.27,4264.355,4262.76,4264.125
1785988620,4264.095,4265.86,4263.445,4265.795
1785988800,4265.78,4266.735,4262.3,4262.965
1785988980,4262.95,4266.005,4262.815,4263.385
1785989160,4263.375,4267.27,4263.31,4266.535
1785989340,4266.505,4267.12,4265.405,4265.54
1785989520,4265.535,4266.23,4262.72,4263.425
1785989700,4263.44,4263.905,4262.28,4263
1785989880,4262.95,4263.81,4260.805,4261.325
1785990060,4261.47,4263.455,4261.255,4262.22
1785990240,4262.215,4262.35,4260.25,4261.15
1785990420,4261.13,4261.13,4253.045,4255.51
1785990600,4255.5,4259.22,4255.445,4257.985
1785990780,4258.005,4260.065,4256.33,4259.955
1785990960,4259.965,4261.185,4259.535,4260.09
1785991140,4260.105,4260.66,4258.45,4259.65
1785991320,4259.66,4261.3,4257.885,4259.25
1785991500,4259.285,4260.35,4258.88,4260.285
1785991680,4260.3,4262.57,4259.785,4262.41
1785991860,4262.45,4263.065,4258.265,4259.425
1785992040,4259.455,4262.605,4259.455,4262.295
1785992220,4262.32,4262.765,4262.145,4262.265
1785992400,4262.1,4264.55,4261.305,4264.365
1785992580,4264.345,4265.44,4259.39,4260.425
1785992760,4260.275,4260.65,4258.965,4260.095
1785992940,4260.06,4260.65,4256.56,4257.345
1785993120,4257.35,4259.805,4257.28,4259.58
1785993300,4259.605,4259.635,4256.925,4258.26
1785993480,4258.28,4258.48,4256.11,4256.935
1785993660,4257.03,4257.52,4253.83,4254.55
1785993840,4254.58,4255.3,4253.215,4254.84
1785994020,4254.955,4255.64,4253.845,4254.03
1785994200,4254.08,4254.08,4247.355,4248.44
1785994380,4248.515,4261.65,4247.24,4260.615
1785994560,4260.55,4262.075,4256.99,4261.755
1785994740,4261.515,4263.63,4261.16,4263.48
1785994920,4263.53,4266.09,4262.485,4263.745
1785995100,4263.725,4266.76,4263.11,4266.035
1785995280,4266.02,4266.205,4262.21,4265.27
1785995460,4265.275,4268.675,4265.02,4267.24
1785995640,4267.25,4267.275,4264.28,4265.32
1785995820,4265.31,4267.91,4265.285,4267.345
1785996000,4267.325,4268.64,4265.415,4268.445
1785996180,4268.405,4268.6,4266.835,4267.885
1785996360,4267.83,4268.12,4265.195,4265.305
1785996540,4265.21,4265.21,4260,4260.33
1785996720,4260.38,4261.085,4256.76,4260.48
1785996900,4260.485,4261.37,4256.1,4256.175
1785997080,4256.18,4260.145,4254.745,4256.895
1785997260,4256.89,4258.36,4255.43,4258.2
1785997440,4258.205,4259.145,4255.76,4257.465
1785997620,4257.365,4258.105,4255.775,4257.66
1785997800,4257.605,4258.095,4254.535,4256.44
1785997980,4256.41,4256.71,4253.83,4255.37
1785998160,4255.375,4255.375,4253.01,4253.27
1785998340,4253.265,4254.15,4249.39,4251.925
1785998520,4251.915,4256.885,4251.84,4256.85
1785998700,4256.805,4258.335,4255.94,4256.645
1785998880,4256.67,4256.785,4254.04,4254.735
1785999060,4254.65,4254.87,4252.58,4253.3
1785999240,4253.33,4253.705,4251.18,4253.21
1785999420,4253.285,4256.505,4252.62,4256.225
1785999600,4256.22,4256.285,4253.335,4254.015
1785999780,4253.985,4257.1,4253.985,4256.935
1785999960,4256.885,4260.255,4255.865,4259.46
1786000140,4259.325,4261.855,4258.98,4261.755
1786000320,4261.745,4263.89,4261.7,4263.34
1786000500,4263.375,4263.715,4261.495,4261.86
1786000680,4261.9,4265.47,4260.945,4261.07
1786000860,4261.065,4261.395,4258.385,4261.05
1786001040,4261.07,4264.15,4261.07,4262.87
1786001220,4262.915,4263.84,4261.555,4261.93
1786001400,4261.925,4262.085,4260.23,4261.29
1786001580,4261.295,4261.51,4258.88,4259.025
1786001760,4259.01,4259.595,4257.295,4258.545
1786001940,4258.615,4258.64,4256.615,4257.42
1786002120,4257.415,4257.595,4254.79,4255.025
1786002300,4255.085,4257.025,4253.185,4256.755
1786002480,4256.75,4257.33,4253.53,4254.945
1786002660,4254.93,4257.55,4252.6,4257.55
1786002840,4257.505,4261.33,4257.205,4258.9
1786003020,4258.92,4262.97,4258.49,4262.79
1786003200,4262.96,4265.845,4262.51,4264.055
1786003380,4264.065,4264.455,4260.345,4262.105
1786003560,4262.12,4264.325,4261.53,4264.23
1786003740,4264.24,4268.235,4263.57,4266.9
1786003920,4266.885,4269.49,4265.895,4269.025
1786004100,4269,4270.205,4268.115,4268.7
1786004280,4268.715,4270.605,4267.345,4267.345
1786004460,4267.335,4268.945,4264.695,4264.7
1786004640,4264.715,4267.455,4263.73,4265.99
1786004820,4266.04,4269.45,4266.04,4267.965
1786005000,4267.975,4273.825,4266.69,4272.535
1786005180,4272.54,4275.08,4271.885,4274.95
1786005360,4274.955,4275.035,4270.945,4271.56
1786005540,4271.565,4274.285,4270.8,4271.28
1786005720,4271.25,4273.595,4270.775,4273.37
1786005900,4273.415,4275.6,4271.395,4271.555
1786006080,4271.335,4277.45,4270.615,4273.74
1786006260,4273.68,4276.505,4272.85,4275.145
1786006440,4275.165,4276.31,4274.575,4275.225
1786006620,4275.245,4278.915,4275.155,4278.33
1786006800,4278.405,4283.745,4277.49,4282.22
1786006980,4282.155,4282.83,4278.485,4279.53
1786007160,4279.51,4279.755,4276.09,4276.825
1786007340,4276.82,4278.765,4276.295,4277.085
1786007520,4277.07,4279.96,4276.62,4279.96
1786007700,4280.11,4283.45,4279.825,4281.69
1786007880,4281.685,4282.955,4280.7,4280.795
1786008060,4280.77,4284.885,4280.77,4284.09
1786008240,4284.085,4284.395,4280.43,4280.705
1786008420,4280.7,4283.51,4278.665,4283.5
1786008600,4283.465,4284.385,4279.67,4280.65
1786008780,4280.66,4280.85,4277.49,4278.185
1786008960,4278.18,4278.73,4276.25,4276.555
1786009140,4276.55,4279.185,4274.715,4274.715
1786009320,4274.705,4275.68,4271.905,4271.935
1786009500,4272.005,4275.5,4271.96,4274.955
1786009680,4274.935,4276.315,4274.09,4274.34
1786009860,4274.32,4274.925,4273.25,4273.875
1786010040,4273.855,4273.87,4271.27,4271.925
1786010220,4271.95,4273.37,4271.725,4273.16
1786010400,4273.11,4273.53,4270.92,4273.53
1786010580,4273.54,4273.7,4269.72,4270.695
1786010760,4270.66,4271.525,4269.485,4270.235
1786010940,4270.245,4271.48,4268.9,4269.425
1786011120,4269.345,4270.54,4268.63,4269.655
1786011300,4269.63,4269.63,4267.3,4268.35
1786011480,4268.4,4269.565,4268.06,4269.175
1786011660,4269.165,4270.22,4267.85,4270.2
1786011840,4270.21,4271.05,4268.61,4268.81
1786012020,4268.84,4270.305,4267.89,4269.39
1786012200,4269.485,4269.61,4266.635,4269.61
1786012380,4269.66,4269.885,4267.765,4268.44
1786012560,4268.445,4269.18,4267.555,4269.13
1786012740,4269.145,4269.7,4266.675,4266.715
1786012920,4266.73,4267.465,4264.545,4265.475
1786013100,4265.525,4268.14,4264.82,4267.905
1786013280,4267.96,4270.41,4267.825,4269.86
1786013460,4269.87,4270.65,4269.035,4270.645
1786013640,4270.615,4271.635,4270.195,4270.215
1786013820,4270.17,4271.62,4269.365,4270.915
1786014000,4270.91,4273.31,4270.735,4272.505
1786014180,4272.59,4273.405,4268.12,4269.77
1786014360,4269.755,4270.145,4266.68,4269.22
1786014540,4269.215,4269.215,4266.915,4267.315
1786014720,4267.345,4269.235,4267.045,4269.125
1786014900,4269.19,4271.635,4268.27,4269.19
1786015080,4269.125,4269.13,4264.115,4265.855
1786015260,4265.835,4265.88,4261.1,4261.29
1786015440,4261.31,4262.885,4260.355,4262.56
1786015620,4262.47,4264.39,4261.995,4264.39
1786015800,4264.415,4267.055,4263.355,4264.95
1786015980,4264.83,4265.84,4263.47,4265.575
1786016160,4265.65,4267.09,4262.77,4263.575
1786016340,4263.55,4263.55,4259.935,4261.27
1786016520,4261.26,4261.79,4260.02,4260.74
1786016700,4260.76,4260.965,4256.765,4258.645
1786016880,4258.64,4258.64,4255.475,4257.37
1786017060,4257.375,4258.83,4254.26,4256.035
1786017240,4256.03,4261.885,4255.08,4261.865
1786017420,4261.88,4263.775,4261.08,4263.3
1786017600,4263.305,4264.34,4260.775,4261.925
1786017780,4261.92,4265.755,4261.92,4262.99
1786017960,4263.01,4263.635,4258.8,4259.135
1786018140,4259.18,4259.505,4255.675,4256.625
1786018320,4256.615,4258.555,4256.32,4256.405
1786018500,4256.42,4257.22,4253.315,4255.335
1786018680,4255.34,4263.11,4254.875,4262.815
1786018860,4262.825,4262.855,4259.585,4261.85
1786019040,4261.865,4262.25,4256.805,4258.82
1786019220,4258.84,4261.67,4258.21,4261.62
1786019400,4261.97,4270.265,4258.245,4270.01
1786019580,4270.12,4270.71,4266.455,4270.71
1786019760,4270.605,4271.115,4267.26,4269.545
1786019940,4269.49,4270.875,4268.275,4268.985
1786020120,4268.98,4269.27,4266.33,4266.985
1786020300,4267.055,4267.625,4262.57,4263.48
1786020480,4263.47,4263.585,4253.015,4255.56
1786020660,4255.555,4255.865,4251.58,4253.195
1786020840,4253.36,4254.825,4249.87,4250.345
1786021020,4250.37,4251.995,4249.145,4250.27
1786021200,4250.235,4255.93,4249.885,4251.62
1786021380,4251.675,4253.995,4245.955,4248.125
1786021560,4248.135,4248.635,4238.965,4240.805
1786021740,4240.875,4242.2,4230.46,4235.06
1786021920,4235.035,4239.765,4232.445,4238.605
1786022100,4238.555,4240.355,4236.01,4237.94
1786022280,4237.73,4247.535,4236.57,4247.15
1786022460,4247.17,4248.26,4243.64,4243.94
1786022640,4243.935,4245.51,4240.43,4245.145
1786022820,4245.185,4248.325,4244.63,4247.835
1786023000,4247.855,4251.935,4245.905,4250.31
1786023180,4250.305,4254.555,4248.58,4254.365
1786023360,4254.4,4265.31,4253.59,4261.915
1786023540,4261.81,4268.205,4257.68,4267.27
1786023720,4267.25,4274.29,4266.79,4270.16
1786023900,4270.13,4270.19,4265.83,4267.98
1786024080,4267.975,4270.325,4262.845,4265.08
1786024260,4265.02,4268.055,4262.43,4264.885
1786024440,4264.925,4269.65,4263.44,4267.725
1786024620,4267.75,4269.545,4265.58,4267.025
1786024800,4267.025,4271.59,4265.26,4268.57
1786024980,4268.6,4269.785,4264.355,4268.495
1786025160,4268.41,4271.53,4265.295,4270.035
1786025340,4270.04,4275.44,4264.12,4273.52
1786025520,4273.52,4275.305,4267.155,4268.26
1786025700,4268.27,4268.635,4260.465,4263.21
1786025880,4263.185,4267.44,4263.095,4264.175
1786026060,4264.18,4265.365,4261.855,4263.83
1786026240,4263.8,4264.26,4260.255,4262.965
1786026420,4262.93,4269.01,4261.595,4265.35
1786026600,4265.355,4270.29,4265.355,4268.94
1786026780,4268.915,4274.81,4267.09,4274
1786026960,4273.995,4274.74,4271.66,4272.505
1786027140,4272.525,4273.94,4269.8,4273.615
1786027320,4273.675,4274.945,4272.48,4273.635
1786027500,4273.63,4275.37,4269.25,4269.86
1786027680,4269.88,4270.5,4262.78,4264.915
1786027860,4264.875,4268.605,4264.875,4267.845
1786028040,4267.84,4272.665,4267.34,4269.655
1786028220,4269.65,4273.27,4267.425,4273.055
1786028400,4273.065,4274.39,4268.8,4269.76
1786028580,4269.77,4272.065,4269.31,4270.235
1786028760,4270.24,4271.76,4267.875,4269.335
1786028940,4269.24,4269.81,4264.38,4264.64
1786029120,4264.63,4264.69,4261.975,4263.885
1786029300,4263.965,4263.965,4256.435,4258.46
1786029480,4258.445,4258.445,4254.79,4256.305
1786029660,4256.3,4258.33,4250.725,4252.9
1786029840,4252.98,4259.49,4252.705,4258.635
1786030020,4258.585,4259.285,4254.45,4254.995
1786030200,4255.025,4255.73,4251.86,4253.39
1786030380,4253.385,4254.12,4247.445,4247.865
1786030560,4247.85,4252.195,4246.07,4252.14
1786030740,4252.055,4253.24,4249.96,4252.225
1786030920,4252.215,4252.995,4248.26,4251.595
1786031100,4251.645,4251.8,4248.74,4249.185
1786031280,4249.165,4250.38,4247.485,4249.47
1786031460,4249.435,4249.46,4240.285,4241.38
1786031640,4241.435,4241.93,4229.505,4233.365
1786031820,4233.41,4237.91,4233.345,4233.82
1786032000,4233.815,4238.385,4232.475,4238.325
1786032180,4238.265,4241.66,4234.21,4240.525
1786032360,4240.525,4243.18,4236.755,4242.15
1786032540,4242.165,4242.595,4238.415,4238.495
1786032720,4238.485,4239.285,4230.84,4232.97
1786032900,4232.945,4233.03,4224.835,4226.905
1786033080,4226.805,4230.58,4224.78,4226.85
1786033260,4226.89,4228.185,4224.56,4225.29
1786033440,4225.355,4228.175,4223.505,4227.24
1786033620,4227.275,4230.585,4226.58,4230.23
1786033800,4230.185,4233.97,4230.15,4232.82
1786033980,4232.815,4234.085,4231.61,4233.06
1786034160,4233.015,4236.225,4231.965,4235.085
1786034340,4235.1,4235.665,4232.745,4234.58
1786034520,4234.575,4234.81,4232.275,4233.71
1786034700,4233.715,4234.605,4231.9,4233.84
1786034880,4233.86,4237.955,4233.25,4237.7
1786035060,4237.675,4238.2,4235.365,4235.735
1786035240,4235.795,4241.74,4235.795,4241.46
1786035420,4241.33,4242.615,4240.215,4241.525
1786035600,4241.51,4243.305,4239.54,4240.53
1786035780,4240.515,4242.715,4240.285,4242.25
1786035960,4242.2,4242.93,4240.915,4241.21
1786036140,4241.205,4244.615,4240.975,4243.05
1786036320,4243.065,4243.685,4240.87,4240.945
1786036500,4240.98,4241.035,4239.235,4239.975
1786036680,4239.985,4242.47,4239.985,4242.03
1786036860,4242.015,4242.1,4238.545,4239.535
1786037040,4239.545,4242.63,4239.23,4242.435
1786037220,4242.455,4242.745,4239.435,4241.76
1786037400,4241.785,4242.045,4239.105,4240.655
1786037580,4240.66,4241.66,4239.88,4240.86
1786037760,4240.875,4243.58,4238.605,4242.79
1786037940,4242.785,4243.225,4241.425,4242.345
1786038120,4242.36,4243.33,4241.91,4242.04
1786038300,4242.095,4242.18,4240.455,4240.595
1786038480,4240.605,4243.545,4240.605,4242.405
1786038660,4242.45,4248.04,4242.45,4247.53
1786038840,4247.515,4248.2,4245.875,4246.645
1786039020,4246.635,4247.285,4245.69,4247.27
1786039200,4247.345,4247.595,4245.015,4245.175
1786039380,4245.125,4247.22,4244.18,4246.785
1786039560,4246.775,4248.495,4246.53,4248.225
1786039740,4248.23,4249.165,4246.88,4247.255
1786039920,4247.275,4248.315,4246.465,4246.92
1786040100,4246.975,4249.15,4246.195,4248.265
1786040280,4248.27,4249.61,4247.615,4249.535
1786040460,4249.55,4249.74,4246.995,4247.17
1786040640,4247.185,4248.315,4247.06,4248.085
1786040820,4248.05,4248.34,4246.38,4246.84
1786041000,4246.785,4247.93,4244.835,4244.835
1786041180,4244.885,4245.125,4242.695,4243.17
1786041360,4243.19,4244.64,4243.09,4243.385
1786041540,4243.335,4243.82,4241.385,4241.445
1786041720,4241.47,4242.375,4240.755,4241.855
1786041900,4241.86,4243.18,4241.64,4242.48
1786042080,4242.475,4245.745,4242.475,4245.265
1786042260,4245.49,4245.535,4243.16,4243.33
1786042440,4243.395,4243.565,4240.815,4242.49
1786042620,4242.475,4243.58,4242.175,4243.535
1786042800,4243.56,4248.64,4243.1,4247.67
1786042980,4247.65,4249.075,4247.16,4247.235
1786043160,4247.24,4249.065,4247.04,4248.705
1786043340,4248.695,4251.385,4248.29,4250.555
1786043520,4250.52,4250.59,4247.31,4247.57
1786043700,4247.47,4248.6,4246.55,4247.1
1786043880,4247.205,4247.46,4245.29,4246.26
1786044060,4246.305,4247.27,4245.115,4245.205
1786044240,4245.145,4245.195,4236.71,4238.65
1786044420,4238.56,4239.225,4235.245,4237.465
1786044600,4237.48,4238.175,4235.605,4237.335
1786044780,4237.28,4239.79,4235.88,4238.045
1786044960,4238.05,4238.805,4236.255,4238.4
1786045140,4238.39,4238.49,4234.29,4234.64
1786045320,4234.69,4235.235,4233.12,4234.77
1786045500,4234.76,4239.295,4234.76,4238.5
1786045680,4238.45,4239.535,4237.245,4238.95
1786045860,4238.96,4250.34,4238.595,4249.27
1786046040,4249.3,4250.845,4243.985,4247.89
1786046220,4247.885,4249.255,4246.355,4248.95
1786046400,4248.81,4250.215,4246.395,4246.755
1786046580,4246.71,4247.55,4246.09,4246.77
1786046760,4246.73,4247.255,4245.68,4245.82
1786046940,4245.795,4246.765,4244.985,4245.435
1786047120,4245.44,4245.69,4242.835,4244.555
1786047300,4244.55,4245.61,4243.775,4244.885
1786047480,4244.93,4245.025,4243.29,4243.405
1786047660,4243.4,4244.855,4242.66,4243.615
1786047840,4243.565,4243.825,4240.925,4241.06
1786048020,4241.18,4241.94,4240.005,4241.9
1786048200,4241.935,4241.935,4240.895,4241.155
1786048380,4241.07,4242.31,4240.95,4242.285
1786048560,4242.19,4242.5,4240.12,4240.315
1786048740,4240.265,4240.5,4237.035,4237.38
1786048920,4237.33,4237.34,4235.105,4235.365
1786049100,4235.155,4239,4234.78,4237.945
1786049280,4237.98,4238.255,4235.97,4238.155
1786049460,4238.27,4240.115,4238.26,4239.675
1786049640,4239.625,4242.065,4239.625,4240.125
1786049820,4240.145,4240.945,4240.145,4240.75
1786053780,4236.61,4238.575,4236.61,4238.575
1786053960,4238.625,4238.68,4236.605,4238.19
1786054140,4238.195,4238.32,4237.155,4237.23
1786054320,4237.17,4239.195,4236.85,4239.195
1786054500,4239.2,4241.105,4239.12,4240.955
1786054680,4240.85,4241.71,4240.2,4240.515
1786054860,4240.46,4241.625,4239.77,4241.605
1786055040,4241.66,4242.69,4241.23,4242.67
1786055220,4242.78,4243.5,4241.58,4242.39
1786055400,4242.395,4243.445,4242.1,4242.91
1786055580,4242.915,4243.065,4240.78,4240.835
1786055760,4240.79,4240.895,4240.305,4240.68
1786055940,4240.79,4240.98,4240.005,4240.715
1786056120,4240.665,4241.43,4239.03,4239.37
1786056300,4239.36,4241.39,4238.885,4241.265
1786056480,4241.26,4241.975,4241.15,4241.825
1786056660,4241.82,4242.885,4241.03,4242.32
1786056840,4242.315,4242.375,4240.945,4241.03
1786057020,4241.025,4241.44,4240.825,4240.83
1786057200,4240.555,4243.06,4240.42,4242.545
1786057380,4242.43,4244.055,4240.36,4243.69
1786057560,4243.615,4245.785,4243.425,4244.415
1786057740,4244.34,4244.34,4243.23,4244.05
1786057920,4243.98,4245.395,4243.835,4245.37
1786058100,4245.34,4245.79,4244.79,4245.545
1786058280,4245.555,4246.215,4245.455,4245.86
1786058460,4245.805,4246.225,4245.805,4245.995
1786058640,4245.965,4246.265,4245.48,4245.99
1786058820,4245.985,4246.08,4243.19,4245.405
1786059000,4245.415,4247.555,4245.265,4247.535
1786059180,4247.56,4248.84,4246.89,4247.465
1786059360,4247.48,4247.77,4247.07,4247.57
1786059540,4247.39,4247.47,4245.775,4246.64
1786059720,4246.69,4247.955,4244.95,4246.725
1786059900,4246.735,4248.435,4245.88,4248.435
1786060080,4248.385,4249.985,4247.64,4249.395
1786060260,4249.385,4252.31,4249.16,4251.505
1786060440,4251.625,4253.245,4250.665,4251.83
1786060620,4251.865,4252.8,4251.45,4252.425
1786060800,4252.42,4253.015,4247.55,4248.975
1786060980,4248.96,4251.04,4248.935,4250.905
1786061160,4250.89,4251.125,4249.02,4250.335
1786061340,4250.365,4250.755,4246.045,4246.385
1786061520,4246.375,4246.52,4243.525,4245
1786061700,4244.98,4246.35,4241.95,4243.39
1786061880,4243.38,4244.785,4241.425,4244.73
1786062060,4244.705,4245.625,4241.44,4241.62
1786062240,4241.665,4241.845,4239.255,4240.06
1786062420,4240.045,4244.22,4239.915,4244.025
1786062600,4244.02,4244.03,4241.005,4242.26
1786062780,4242.305,4242.975,4238.82,4238.885
1786062960,4238.83,4242.725,4235.78,4237.145
1786063140,4237.15,4237.24,4230.395,4234
1786063320,4234.005,4235.53,4231.185,4234.89
1786063500,4234.87,4237.06,4233.785,4233.83
1786063680,4233.81,4235.045,4231.395,4234.85
1786063860,4234.885,4235.23,4233.225,4233.84
1786064040,4233.92,4234.59,4230.78,4231.395
1786064220,4231.25,4233.135,4229.875,4232.9
1786064400,4232.925,4243.305,4231.59,4238
1786064580,4238.01,4243.27,4236.24,4242.045
1786064760,4242.03,4246.87,4240.945,4244.135
1786064940,4244.14,4244.14,4241.09,4242
1786065120,4242.09,4245.275,4240.645,4244.34
1786065300,4244.405,4246.42,4243.53,4245.035
1786065480,4244.97,4245.97,4243.325,4244.62
1786065660,4244.65,4250.32,4241.995,4243.725
1786065840,4243.74,4244.6,4240.245,4241.855
1786066020,4241.86,4246.045,4241.645,4243.48
1786066200,4243.485,4245.19,4239.335,4244.12
1786066380,4244.12,4245.415,4241.31,4243.235
1786066560,4243.23,4245.32,4241.775,4242.225
1786066740,4242.23,4250.245,4242.11,4249.63
1786066920,4249.64,4258.905,4248.965,4256.905
1786067100,4256.9,4258.815,4252.94,4253.765
1786067280,4253.74,4254.73,4251.965,4252.805
1786067460,4252.8,4255.38,4252.595,4254.255
1786067640,4254.28,4256.115,4253.78,4256.02
1786067820,4256.03,4259.365,4255.15,4256.97
1786068000,4256.955,4261.575,4256.245,4260.69
1786068180,4260.665,4261.785,4260.065,4260.9
1786068360,4260.81,4261.365,4258.52,4258.56
1786068540,4258.535,4259.4,4257.445,4259.07
1786068720,4259.06,4259.8,4258.405,4258.8
1786068900,4258.79,4261.15,4258.25,4260.635
1786069080,4260.61,4260.725,4257.63,4257.765
1786069260,4257.77,4260.435,4257.56,4260.325
1786069440,4260.29,4260.97,4259.495,4260.275
1786069620,4260.32,4261.355,4259.895,4260.92
1786069800,4261,4261.73,4257.395,4257.995
1786069980,4258.05,4258.97,4254.845,4255.305
1786070160,4255.37,4255.48,4252.055,4253.87
1786070340,4253.885,4254.825,4251.115,4254.56
1786070520,4254.555,4255.245,4249.805,4249.805
1786070700,4249.81,4251.25,4247.21,4250.32
1786070880,4250.31,4252.5,4250.01,4251.755
1786071060,4251.75,4255.775,4251.525,4253.495
1786071240,4253.41,4256.185,4252.805,4254.88
1786071420,4254.87,4254.995,4249.89,4250.36
1786071600,4250.39,4255.02,4249.57,4254.59
1786071780,4254.56,4259.505,4254.475,4257.895
1786071960,4257.89,4258.555,4256.22,4257.72
1786072140,4257.71,4257.965,4252.895,4255.15
1786072320,4255.3,4256.775,4254.455,4254.82
1786072500,4254.75,4255.875,4252.94,4254.125
1786072680,4254.165,4255.03,4252.825,4253.87
1786072860,4253.865,4256.435,4251.935,4254.84
1786073040,4254.705,4258,4254.37,4256.425
1786073220,4256.42,4258.885,4256.335,4258.775
1786073400,4258.765,4261.4,4258.61,4259.735
1786073580,4259.685,4259.84,4257.725,4258.335
1786073760,4258.325,4261.04,4258.115,4260.545
1786073940,4260.635,4260.79,4259.89,4259.89
1786074120,4259.935,4261.19,4259.905,4260.8
1786074300,4260.785,4261.215,4259.475,4260.825
1786074480,4260.835,4261.64,4259.4,4260.795
1786074660,4260.745,4261.155,4259.285,4259.35
1786074840,4259.415,4261.12,4259.415,4260.85
1786075020,4260.835,4266.545,4260.82,4266.265
1786075200,4266.245,4269.215,4262.815,4262.985
1786075380,4262.945,4267.9,4262.24,4267.595
1786075560,4267.59,4267.59,4264.65,4267
1786075740,4266.855,4267.725,4264.845,4266.685
1786075920,4266.695,4267.715,4263.98,4266.125
1786076100,4266.12,4267.515,4263.145,4263.3
1786076280,4263.28,4263.685,4261.945,4262.87
1786076460,4262.865,4268.455,4262.45,4266.695
1786076640,4266.665,4267.645,4264.035,4264.53
1786076820,4264.48,4267.14,4264.43,4265.11
1786077000,4264.99,4268.635,4263.76,4267.15
1786077180,4267.12,4268.57,4266.25,4267.25
1786077360,4267.2,4268.235,4264.69,4264.82
1786077540,4264.86,4264.87,4262.915,4263.48
1786077720,4263.53,4266.235,4260.81,4264.055
1786077900,4264.09,4264.105,4262.485,4262.535
1786078080,4262.495,4266.295,4262.385,4266.045
1786078260,4266.025,4266.31,4265.385,4265.875
1786078440,4265.87,4267.38,4265.485,4267.14
1786078620,4267.25,4267.385,4264.905,4265.045
1786078800,4264.995,4265.485,4263.505,4264
1786078980,4264.185,4266.585,4263.085,4263.42
1786079160,4263.415,4265.795,4262.1,4264.75
1786079340,4264.705,4270.93,4264.5,4269.775
1786079520,4269.72,4271.55,4268.24,4269.31
1786079700,4269.28,4270.6,4268.07,4268.515
1786079880,4268.525,4269.835,4267.59,4267.86
1786080060,4267.855,4270.78,4266.74,4266.815
1786080240,4266.81,4267.885,4265.64,4266.225
1786080420,4266.17,4266.78,4264.795,4266.76
1786080600,4266.8,4271.72,4266.09,4271.555
1786080780,4271.53,4277.545,4271.1,4277.065
1786080960,4277.055,4277.145,4273.065,4275.37
1786081140,4275.36,4275.875,4271.725,4272.185
1786081320,4272.19,4272.46,4270.725,4271.56
1786081500,4271.545,4275.22,4271.545,4273.91
1786081680,4273.865,4279.64,4273.255,4278.75
1786081860,4278.67,4279.745,4274.29,4274.29
1786082040,4274.275,4280.445,4273.76,4279.18
1786082220,4279.185,4280.635,4278.27,4278.815
1786082400,4278.875,4280.84,4278.535,4279.26
1786082580,4279.24,4284.455,4278.605,4282.12
1786082760,4282.145,4283.915,4281.635,4282.14
1786082940,4282.135,4288.645,4281.585,4288.645
1786083120,4288.585,4291.52,4285.975,4286.775
1786083300,4286.755,4288.03,4284.095,4287.525
1786083480,4287.52,4290.495,4287.155,4289.315
1786083660,4289.325,4291.49,4288.58,4289.995
1786083840,4290.01,4290.395,4284.58,4285.01
1786084020,4284.96,4285.285,4283.26,4283.435
1786084200,4283.445,4285.33,4280.24,4284.905
1786084380,4284.895,4287.66,4284.72,4286.335
1786084560,4286.34,4293.805,4286.34,4292.245
1786084740,4292.215,4294.385,4291.235,4293.99
1786084920,4294.01,4294.93,4291.58,4292.2
1786085100,4292.205,4293.805,4291.605,4293.44
1786085280,4293.465,4294.66,4288.915,4290.81
1786085460,4290.82,4295.245,4290.82,4294.86
1786085640,4294.855,4296.205,4293.485,4295.525
1786085820,4295.535,4298.945,4294.93,4297.275
1786086000,4297.3,4298.095,4292.985,4293.77
1786086180,4293.77,4295.625,4291.17,4291.59
1786086360,4291.6,4293.345,4290.46,4291.345
1786086540,4291.34,4293.275,4290.6,4291.255
1786086720,4291.235,4291.96,4290.365,4291.31
1786086900,4291.325,4292.19,4289.17,4292.025
1786087080,4292.04,4292.51,4290.9,4291.815
1786087260,4291.83,4292.84,4289.35,4289.505
1786087440,4289.505,4289.68,4285.965,4286.26
1786087620,4286.265,4287.095,4284.72,4285.475
1786087800,4285.47,4287.295,4283.92,4286.335
1786087980,4286.33,4288.88,4285.76,4288.4
1786088160,4288.39,4288.66,4286.725,4287.27
1786088340,4287.295,4287.58,4284.86,4287.215
1786088520,4287.21,4288.13,4284.435,4285.295
1786088700,4285.245,4287.08,4283.555,4284.605
1786088880,4284.615,4286.595,4282.99,4284.47
1786089060,4284.515,4287.02,4284.435,4286.14
1786089240,4286.075,4290.505,4285.865,4289.77
1786089420,4289.745,4291.325,4289.16,4290.18
1786089600,4290.17,4293.2,4289.13,4293.2
1786089780,4293.175,4294.12,4292.135,4293.49
1786089960,4293.495,4296.49,4292.915,4294.53
1786090140,4294.535,4296.355,4294.075,4295.855
1786090320,4295.835,4300.605,4294.925,4299.805
1786090500,4299.81,4300.805,4297.875,4298.18
1786090680,4298.165,4298.885,4295.495,4295.55
1786090860,4295.565,4296.425,4294.115,4294.115
1786091040,4294.215,4296.665,4293.435,4294.42
1786091220,4294.4,4295.825,4293.505,4295.12
1786091400,4295.155,4300.74,4294.14,4300.5
1786091580,4300.445,4316.735,4299.235,4308.74
1786091760,4308.72,4309.33,4301.145,4305.585
1786091940,4305.61,4309.42,4304.52,4308.165
1786092120,4308.105,4310.19,4307.985,4309.25
1786092300,4309.36,4311.67,4307.5,4308.425
1786092480,4308.43,4308.595,4305.715,4306.175
1786092660,4306.21,4307.865,4304.8,4304.975
1786092840,4305.03,4308.08,4303.445,4305.855
1786093020,4305.845,4307.06,4303.34,4306.245
1786093200,4306.25,4307.435,4304.655,4306.14
1786093380,4306.09,4307.455,4304.905,4305.935
1786093560,4305.915,4307.39,4304.8,4305.69
1786093740,4305.655,4307.26,4304.8,4305.725
1786093920,4305.765,4307.36,4304.89,4306.065
1786094100,4306.055,4307.22,4304.855,4306.455
1786094280,4306.475,4308.11,4306.23,4307.515
1786094460,4307.53,4310.11,4307.24,4309.36
1786094640,4309.385,4311.1,4308.295,4309.055
1786094820,4309.06,4309.195,4305.64,4306.96
1786095000,4307.005,4308.3,4302.29,4303.76
1786095180,4303.9,4305.67,4302.72,4304.5
1786095360,4304.495,4307.76,4304.02,4307.76
1786095540,4307.755,4312.29,4307.275,4312.23
1786095720,4312.28,4318.48,4311.665,4317.525
1786095900,4317.605,4320.865,4317.535,4318.385
1786096080,4318.39,4319.21,4315.19,4318.805
1786096260,4318.8,4319.905,4316.64,4317.75
1786096440,4317.745,4319.51,4316.045,4316.57
1786096620,4316.565,4316.96,4314.425,4316.08
1786096800,4316.075,4318.38,4314.965,4315.32
1786096980,4315.33,4319.385,4314.895,4315.01
1786097160,4314.95,4315.23,4312.355,4313.06
1786097340,4313.065,4313.915,4310.49,4310.79
1786097520,4310.775,4311.525,4308.09,4308.29
1786097700,4308.28,4310.625,4308.205,4310.04
1786097880,4309.99,4314.11,4308.845,4311.33
1786098060,4311.355,4313.38,4310.88,4313.09
1786098240,4312.96,4314.375,4312.085,4312.49
1786098420,4312.48,4314.48,4312.48,4313.785
1786098600,4313.815,4316.79,4313.2,4314.42
1786098780,4314.425,4315.965,4314.235,4315.81
1786098960,4315.815,4318.105,4315.815,4317.835
1786099140,4317.83,4318.315,4315.43,4316.135
1786099320,4316.185,4318.285,4316.095,4316.875
1786099500,4316.885,4318.63,4316.58,4318.34
1786099680,4318.295,4320.67,4318.14,4320.345
1786099860,4320.235,4320.435,4317.56,4318.095
1786100040,4318.09,4320.695,4316.46,4317.36
1786100220,4317.365,4317.93,4316.465,4316.97
1786100400,4316.965,4320.88,4316.9,4318.86
1786100580,4318.865,4324.44,4318.525,4322.745
1786100760,4322.77,4325.87,4321.77,4325.435
1786100940,4325.415,4326.405,4322.915,4323.935
1786101120,4323.925,4325.585,4319.715,4320.39
1786101300,4320.385,4320.475,4317.71,4318.73
1786101480,4318.79,4323.695,4317.29,4322.82
1786101660,4322.81,4324.92,4321.44,4324.77
1786101840,4324.765,4326.615,4324.275,4325.9
1786102020,4325.95,4327.405,4324.095,4325.07
1786102200,4325.14,4327.745,4325.1,4326.345
1786102380,4326.355,4327.565,4323.64,4324.27
1786102560,4324.285,4324.29,4320.825,4323.21
1786102740,4323.23,4324.755,4322.73,4324.495
1786102920,4324.515,4325.63,4322.145,4322.885
1786103100,4322.805,4324.55,4322.385,4323.945
1786103280,4323.965,4326.42,4323.035,4326.31
1786103460,4326.305,4326.305,4320.89,4324.27
1786103640,4324.255,4327.025,4324.085,4326.435
1786103820,4326.425,4326.93,4320.87,4321.245
1786104000,4321.24,4324.635,4319.085,4324.495
1786104180,4324.49,4325.55,4317.21,4317.29
1786104360,4317.24,4318.89,4315.42,4315.99
1786104540,4315.995,4322.895,4315.705,4322.67
1786104720,4322.63,4322.9,4314.975,4315.16
1786104900,4315.14,4315.845,4312.07,4314.33
1786105080,4314.325,4317.44,4313.57,4314.685
1786105260,4314.71,4315.575,4312.19,4313.335
1786105440,4313.395,4313.915,4310.28,4310.84
1786105620,4310.855,4315.505,4301.015,4309.88
1786105800,4309.94,4361.86,4309.905,4354.445
1786105980,4354.49,4364.745,4351.175,4359.355
1786106160,4359.36,4363.795,4351.84,4356.045
1786106340,4356,4367.39,4355.455,4366.92
1786106520,4366.8,4370.8,4364.06,4367.055
1786106700,4367.1,4371.665,4366.71,4370.75
1786106880,4370.75,4371.84,4364.91,4368.6
1786107060,4368.625,4371.17,4363.545,4367.275
1786107240,4367.345,4371.105,4357.045,4357.44
1786107420,4357.505,4361.565,4355.655,4361.425
1786107600,4361.415,4364.365,4350.89,4352.525
1786107780,4352.475,4354.77,4347.36,4349.49
1786107960,4349.455,4352.765,4346.125,4351.36
1786108140,4351.38,4351.985,4346.61,4347.985
1786108320,4348.04,4350.295,4346.59,4347.99
1786108500,4348.005,4349.61,4340.695,4341.19
1786108680,4341.185,4350.735,4338.98,4349.98
1786108860,4349.905,4352.595,4347.6,4350.455
1786109040,4350.425,4355.77,4348.6,4355.555
1786109220,4355.535,4358.115,4353.065,4356.4
1786109400,4356.395,4359.785,4352.14,4356.285
1786109580,4356.28,4358.24,4350.8,4354.145
1786109760,4354.13,4363.515,4350.97,4362.465
1786109940,4362.33,4367.125,4360.62,4367.12
1786110120,4367.135,4368.01,4358.215,4358.55
1786110300,4358.545,4360.035,4352.11,4357.77
1786110480,4357.69,4359.725,4352.395,4354.335
1786110660,4354.32,4358.575,4353.815,4354.955
1786110840,4354.915,4357.2,4346.31,4346.795
1786111020,4346.79,4348.325,4342.37,4348.255
1786111200,4348.265,4349.065,4338.405,4340.845
1786111380,4340.84,4342.16,4330.89,4333.99
1786111560,4334.035,4338.45,4330.765,4335.155
1786111740,4335.255,4342.005,4333.575,4333.67
1786111920,4333.64,4334.84,4327.455,4334.595
1786112100,4334.6,4341.425,4330.515,4341.255
1786112280,4341.115,4347.3,4341.02,4345.935
1786112460,4345.93,4350.575,4344.86,4350.57
1786112640,4350.565,4352.175,4348.055,4349.77
1786112820,4349.8,4353.025,4348.07,4348.865
1786113000,4348.875,4349.885,4343.945,4345.995
1786113180,4345.99,4350.68,4345.11,4347.055
1786113360,4347.05,4349.09,4344.065,4344.53
1786113540,4344.515,4350.275,4342.91,4349.6
1786113720,4349.575,4350.075,4342.22,4344.185
1786113900,4344.235,4347.085,4343.17,4344.355
1786114080,4344.35,4347.315,4340.335,4347.315
1786114260,4347.385,4349.015,4344.16,4346.405
1786114440,4346.4,4347.21,4343.585,4344.75
1786114620,4344.8,4344.98,4340.51,4341.605
1786114800,4341.615,4349.115,4340.385,4344.265
1786114980,4344.26,4347.215,4343.955,4346.125
1786115160,4346.07,4350.63,4344.96,4349.62
1786115340,4349.64,4353.465,4346.61,4347.915
1786115520,4347.935,4356.08,4347.575,4355.53
1786115700,4355.53,4357.035,4352.48,4356.105
1786115880,4356.055,4357.155,4353.34,4355.715
1786116060,4355.705,4358.545,4354.585,4358.545
1786116240,4358.535,4358.535,4355.38,4356.31
1786116420,4356.315,4356.315,4351.22,4351.495
1786116600,4351.51,4353.295,4347.235,4350.185
1786116780,4350.19,4351.13,4348.155,4350.645
1786116960,4350.64,4353.985,4349.645,4352.705
1786117140,4352.7,4353.685,4348.69,4350.01
1786117320,4350.02,4351.085,4348.785,4349.6
1786117500,4349.64,4351.395,4348.615,4350.525
1786117680,4350.545,4351.865,4348.79,4349.48
1786117860,4349.485,4349.485,4340.43,4341.28
1786118040,4341.29,4344.49,4339.895,4343.85
1786118220,4343.875,4345.265,4340.62,4341.13
1786118400,4341.185,4341.96,4338.735,4340.68
1786118580,4340.76,4345.845,4338.94,4345.18
1786118760,4345.235,4349.11,4344.575,4348.87
1786118940,4348.88,4349.72,4345.375,4345.765
1786119120,4345.755,4347.905,4343.6,4347.46
1786119300,4347.45,4348.12,4345.39,4345.48
1786119480,4345.47,4349.745,4342.06,4345.28
1786119660,4345.285,4345.92,4340.105,4340.165
1786119840,4340.245,4340.285,4334.42,4336.095
1786120020,4336.115,4337.885,4334.85,4337.655
1786120200,4337.645,4339.245,4332.74,4339.15
1786120380,4339.14,4339.35,4336.055,4338.535
1786120560,4338.5,4341.365,4336.48,4341.18
1786120740,4341.17,4342.13,4339.605,4341.04
1786120920,4341.025,4341.025,4336.965,4338.735
1786121100,4338.73,4342.31,4338.25,4338.88
1786121280,4338.845,4341.385,4335.825,4337.82
1786121460,4337.83,4337.91,4333.34,4335.63
1786121640,4335.685,4336.03,4330.12,4330.23
1786121820,4330.16,4331.525,4329.28,4329.305
1786122000,4329.3,4334.035,4327.865,4333.725
1786122180,4333.71,4337.035,4332.88,4336.77
1786122360,4336.775,4338.585,4335.73,4337.155
1786122540,4337.14,4337.715,4334.995,4335.875
1786122720,4335.575,4336.645,4335.055,4335.75
1786122900,4335.675,4336.485,4333.905,4335.275
1786123080,4335.25,4336.64,4334.815,4336.18
1786123260,4336.165,4338.9,4334.25,4338.745
1786123440,4338.75,4339.975,4337.055,4338.77
1786123620,4338.77,4342.255,4338.4,4339.735
1786123800,4339.71,4340.075,4335.35,4335.64
1786123980,4335.6,4340.205,4332.185,4332.91
1786124160,4332.895,4335.02,4329.845,4334.36
1786124340,4334.355,4336.845,4333.78,4336.375
1786124520,4336.38,4338.355,4336.23,4336.275
1786124700,4336.27,4337.575,4335.035,4336.02
1786124880,4336.01,4339.88,4335.38,4339.5
1786125060,4339.505,4341.62,4338.75,4341.31
1786125240,4341.315,4342.96,4340.47,4342.205
1786125420,4342.2,4343.15,4339.905,4340.275
1786125600,4340.325,4341.145,4339.095,4340.27
1786125780,4340.21,4341.69,4339.19,4341.375
1786125960,4341.425,4343.03,4340.555,4341.39
1786126140,4341.4,4342.665,4340.405,4340.605
1786126320,4340.655,4340.97,4334.905,4335.06
1786126500,4335.08,4338.035,4335.055,4337.675
1786126680,4337.665,4337.965,4332.685,4334.135
1786126860,4334.175,4335.135,4332.255,4332.9
1786127040,4332.85,4334.93,4332.355,4334.225
1786127220,4334.235,4335.73,4332.39,4334.535
1786127400,4334.565,4337.46,4333.875,4337.45
1786127580,4337.455,4338.52,4336.395,4338.37
1786127760,4338.365,4339.08,4336.895,4337.25
1786127940,4337.26,4338.285,4336.23,4337.04
1786128120,4337.055,4337.06,4333.43,4334.355
1786128300,4334.315,4337.555,4334.045,4336.915
1786128480,4336.91,4337.6,4336.04,4337.065
1786128660,4337.05,4337.125,4334.065,4334.885
1786128840,4334.875,4335.475,4334.165,4334.945
1786129020,4334.955,4335.755,4333.22,4335.695
1786129200,4335.7,4344.89,4335.565,4340.74
1786129380,4340.735,4342.23,4338.775,4340.975
1786129560,4340.965,4343.155,4340.78,4342.525
1786129740,4342.52,4345.795,4342.17,4344.745
1786129920,4344.715,4344.87,4343.39,4343.57
1786130100,4343.585,4350.12,4342.995,4346.695
1786130280,4346.69,4349.795,4345.97,4349.5
1786130460,4349.49,4350.41,4347.765,4349.135
1786130640,4349.155,4350.32,4347.525,4347.825
1786130820,4347.815,4348.905,4347.07,4348.63
1786131000,4348.6,4348.875,4345.365,4346.3
1786131180,4346.31,4347,4344.94,4344.985
1786131360,4344.975,4346.76,4344.355,4345.33
1786131540,4345.315,4347.255,4344.675,4346.95
1786131720,4346.945,4348.45,4346.825,4347.96
1786131900,4347.95,4349.535,4347.765,4348.68
1786132080,4348.675,4349.425,4347.16,4348.9
1786132260,4348.865,4349.425,4344.34,4344.485
1786132440,4344.555,4344.56,4340.17,4340.54
1786132620,4340.59,4345.705,4340.09,4344.08
1786132800,4344.12,4345.38,4342.825,4344.05
1786132980,4343.98,4344.54,4343.36,4344.54
1786133160,4344.62,4344.66,4342.345,4343.32
1786133340,4343.325,4343.395,4338.14,4339.525
1786133520,4339.465,4342.705,4339.39,4342.54
1786133700,4342.525,4343.035,4340.51,4341.07
1786133880,4341.065,4341.39,4339,4339.185
1786134060,4339.23,4339.99,4338.87,4339.04
1786134240,4339.055,4340.08,4337.94,4338.26
1786134420,4338.205,4339.445,4337.21,4337.855
1786134600,4337.82,4337.86,4336.015,4336.93
1786134780,4336.965,4340.505,4336.265,4340.09
1786134960,4340.095,4340.88,4339.02,4340.88
1786135140,4340.765,4342.38,4340.65,4341.835
1786135320,4341.78,4341.81,4340.395,4341.525
1786135500,4341.39,4341.71,4340.235,4340.53
1786135680,4340.45,4340.615,4339.085,4340.37
1786135860,4340.375,4341.28,4339.76,4340.74
1786136040,4340.495,4341.71,4340.08,4341.46
1786136220,4341.405,4343.46,4341.09,4341.935
1786312980,4340.28,4340.56,4337.425,4338.32
1786313160,4338.19,4338.9,4334.605,4336.87
1786313340,4336.98,4344.89,4336.95,4344.425
1786313520,4344.49,4346.235,4342.83,4343.645
1786313700,4343.6,4344.755,4342.235,4343.615
1786313880,4343.65,4343.735,4339.685,4339.995
1786314060,4340.05,4340.85,4338.425,4339.435
1786314240,4339.48,4343.96,4338.805,4343.81
1786314420,4343.78,4344,4342.325,4343.76
1786314600,4343.765,4345.265,4343.135,4343.42
1786314780,4343.445,4344.225,4340.855,4341.635
1786314960,4341.63,4341.855,4340.085,4340.995
1786315140,4341.06,4342.505,4341.06,4341.96
1786315320,4341.955,4342.28,4340.325,4340.33
1786315500,4340.315,4341.725,4340.06,4341.625
1786315680,4341.54,4344.11,4341.065,4343.755
1786315860,4343.815,4343.935,4342.015,4342.115
1786316040,4342.12,4342.655,4341.425,4341.455
1786316220,4341.515,4342.625,4341.43,4341.59
1786316400,4341.605,4344.59,4341.15,4344.525
1786316580,4344.535,4347.665,4344.255,4345.565
1786316760,4345.57,4347.68,4345.225,4346.605
1786316940,4346.63,4346.76,4345.88,4345.975
1786317120,4345.98,4347.555,4345.67,4346.45
1786317300,4346.465,4347.245,4346.385,4346.46
1786317480,4346.455,4346.455,4344.12,4345.545
1786317660,4345.55,4348.805,4345.55,4348.405
1786317840,4348.39,4348.975,4347.32,4348.685
1786318020,4348.67,4349.11,4346.03,4346.385
1786318200,4346.31,4347.375,4341.625,4343.26
1786318380,4343.27,4343.395,4340.28,4341.835
1786318560,4341.685,4343.01,4340.175,4340.5
1786318740,4340.485,4343.23,4340.465,4342.095
1786318920,4342.06,4342.505,4341.45,4342.35
1786319100,4342.365,4343.55,4341.48,4342.22
1786319280,4342.33,4343.035,4341.075,4341.26
1786319460,4341.23,4343.045,4341,4342.315
1786319640,4342.32,4342.32,4336.015,4336.065
1786319820,4336.08,4336.555,4332.32,4333.115
1786320000,4333.075,4339.34,4332.81,4338.83
1786320180,4338.8,4342.69,4338.785,4341.94
1786320360,4341.91,4343.775,4339.975,4342.525
1786320540,4342.52,4343.775,4339.895,4339.895
1786320720,4339.825,4347.215,4339.805,4344.4
1786320900,4344.51,4345.365,4339.295,4341.52
1786321080,4341.545,4345.955,4341.38,4342.03
1786321260,4342.035,4342.05,4339.48,4339.995
1786321440,4340.06,4341.11,4337.36,4339.55
1786321620,4339.54,4339.85,4337.39,4337.78
1786321800,4337.7,4339.43,4336.62,4337.295
1786321980,4337.28,4337.44,4334.52,4334.52
1786322160,4334.515,4336.73,4333.74,4336.73
1786322340,4336.725,4338.355,4335.015,4335.925
1786322520,4335.91,4336.985,4333.82,4334.47
1786322700,4334.5,4336.345,4333.76,4334.72
1786322880,4334.77,4337.49,4333.54,4336.12
1786323060,4336.11,4337.515,4334.36,4335.375
1786323240,4335.36,4335.935,4330.98,4332.14
1786323420,4332.125,4332.92,4330.84,4332.21
1786323600,4332.27,4338.735,4327.165,4337.045
1786323780,4337.05,4340.655,4322.67,4322.89
1786323960,4322.92,4327.34,4322.515,4324.17
1786324140,4324.165,4327.3,4322.235,4323.26
1786324320,4323.265,4325.325,4322.055,4322.975
1786324500,4322.965,4326.38,4321.695,4321.73
1786324680,4321.725,4325.575,4321.68,4322.21
1786324860,4322.175,4327.915,4321.52,4326.63
1786325040,4326.64,4328.3,4323.21,4323.24
1786325220,4323.18,4323.18,4316.47,4316.515
1786325400,4316.48,4317.715,4313.96,4315.235
1786325580,4315.195,4321.24,4314.665,4319.17
1786325760,4319.19,4319.86,4316.59,4317.3
1786325940,4317.385,4318.62,4313.43,4313.975
1786326120,4313.97,4318.02,4313.97,4317.465
1786326300,4317.455,4319.595,4316.1,4317.18
1786326480,4317.175,4323.01,4316.675,4322.37
1786326660,4322.38,4323.62,4319.16,4320.49
1786326840,4320.475,4321.925,4319.045,4320.32
1786327020,4320.355,4324.27,4317.8,4322.67
1786327200,4322.695,4323.395,4319.965,4321.315
1786327380,4321.26,4323.335,4319.16,4319.315
1786327560,4319.055,4324.16,4318.79,4322.12
1786327740,4322.135,4325.015,4321.805,4325.005
1786327920,4325.05,4325.935,4321.49,4324.68
1786328100,4324.685,4325.375,4323.595,4324.54
1786328280,4324.465,4326.22,4324.12,4325.16
1786328460,4325.15,4327.995,4324.795,4327.3
1786328640,4327.325,4328.22,4326.59,4328.22
1786328820,4328.25,4332.405,4328.225,4330.94
1786329000,4330.93,4332.345,4324.725,4329.48
1786329180,4329.495,4330.18,4327.46,4327.86
1786329360,4327.99,4328.345,4325.075,4325.56
1786329540,4325.555,4326.255,4323.28,4326.255
1786329720,4326.245,4330.105,4325.57,4326.51
1786329900,4326.58,4327.325,4321.68,4323.34
1786330080,4323.345,4325.01,4321.54,4323.895
1786330260,4323.835,4323.895,4319.59,4320.505
1786330440,4320.51,4321.165,4319.66,4320.49
1786330620,4320.495,4322.335,4318.81,4319.735
1786330800,4319.72,4321.395,4318.175,4319.535
1786330980,4319.51,4319.81,4318.285,4318.57
1786331160,4318.545,4319.925,4318.08,4318.96
1786331340,4318.94,4320.375,4317.805,4319.04
1786331520,4319.06,4320.36,4317.9,4320.165
1786331700,4320.18,4322.895,4319.695,4322.23
1786331880,4322.24,4325.385,4320.74,4324.995
1786332060,4324.905,4325.83,4323.96,4325.46
1786332240,4325.445,4326.655,4323.485,4324.575
1786332420,4324.56,4328.445,4324.39,4327.355
1786332600,4327.34,4328.445,4325.82,4326.885
1786332780,4326.92,4328.76,4326.75,4328.12
1786332960,4328.14,4330.025,4325.87,4326.02
1786333140,4326.05,4327.16,4325.13,4325.435
1786333320,4325.525,4326.08,4324.9,4325.28
1786333500,4325.23,4327.5,4324.2,4326.59
1786333680,4326.6,4327.845,4326.015,4327.595
1786333860,4327.675,4327.855,4326.41,4327.79
1786334040,4327.815,4328.04,4326.36,4326.46
1786334220,4326.455,4328.035,4326.265,4326.735
1786334400,4326.79,4328.425,4324.475,4324.915
1786334580,4324.91,4326.72,4323.21,4325.155
1786334760,4325.125,4327.325,4323.56,4326.96
1786334940,4327.01,4331.3,4326.515,4331.215
1786335120,4331.26,4332.86,4330.56,4332.45
1786335300,4332.49,4333.52,4330.915,4331.205
1786335480,4331,4335.065,4330.895,4334.945
1786335660,4335,4337.59,4334.82,4336.69
1786335840,4336.67,4337.745,4335.715,4335.89
1786336020,4335.905,4336.475,4334.04,4334.875
1786336200,4334.825,4334.915,4333.315,4333.745
1786336380,4333.88,4336.325,4333.195,4335.565
1786336560,4335.615,4336.305,4334.305,4335.36
1786336740,4335.355,4335.355,4330.02,4330.04
1786336920,4330.045,4332.525,4329.99,4332.41
1786337100,4332.405,4335.75,4332.145,4335.285
1786337280,4335.28,4335.52,4333.465,4334.385
1786337460,4334.17,4336.17,4333.555,4336.055
1786337640,4336.005,4338.335,4335.83,4338.3
1786337820,4338.29,4339.64,4336.56,4339.535
1786338000,4339.475,4339.85,4335.105,4335.8
1786338180,4335.77,4338.515,4335.42,4338.31
1786338360,4338.365,4339.14,4336.53,4336.755
1786338540,4336.74,4337.385,4335.51,4335.545
1786338720,4335.595,4335.78,4333.485,4335.07
1786338900,4335.095,4336.47,4333.93,4334.4
1786339080,4334.465,4335.465,4332.88,4335.265
1786339260,4335.27,4336.53,4334.95,4336.125
1786339440,4336.135,4336.235,4333.795,4334.125
1786339620,4334.115,4334.75,4333.495,4333.97
1786339800,4333.925,4338.145,4331.74,4335.895
1786339980,4335.885,4341.98,4335.585,4338.875
1786340160,4339.08,4341.15,4338.615,4340.05
1786340340,4340.035,4344.425,4339.895,4342.43
1786340520,4342.425,4344.01,4338.605,4343.73
1786340700,4343.725,4345.75,4340.75,4345.22
1786340880,4345.06,4348.09,4344.94,4347.995
1786341060,4347.895,4352.41,4347.7,4350.955
1786341240,4350.95,4351.05,4345.245,4349.09
1786341420,4349.075,4349.605,4347.345,4347.405
1786341600,4347.475,4347.595,4344.555,4345.515
1786341780,4345.52,4346.65,4341.97,4344.9
1786341960,4344.91,4345.98,4343.885,4345.195
1786342140,4345.12,4348.595,4345.09,4348.51
1786342320,4348.515,4350.295,4347.275,4347.34
1786342500,4347.31,4349.81,4346.105,4346.835
1786342680,4346.795,4346.85,4342.715,4344.305
1786342860,4344.3,4345.235,4342.705,4345.055
1786343040,4345.085,4345.68,4343.625,4344.035
1786343220,4344.03,4348.515,4344.03,4348.43
1786343400,4348.42,4349.12,4346.72,4347.795
1786343580,4347.79,4349.55,4347.125,4347.51
1786343760,4347.5,4349.99,4346.15,4346.58
1786343940,4346.53,4349.255,4346.12,4348.05
1786344120,4348.045,4356.1,4347.83,4355.37
1786344300,4355.375,4358.485,4355.185,4356.87
1786344480,4356.93,4358.505,4356.145,4356.365
1786344660,4356.26,4357.465,4355.69,4356.25
1786344840,4356.27,4358.58,4355.985,4358.39
1786345020,4358.395,4359.935,4358.085,4358.31
1786345200,4358.22,4358.965,4353.765,4354.585
1786345380,4354.57,4356.18,4354.32,4355.04
1786345560,4354.995,4357.23,4354.545,4355.71
1786345740,4355.7,4355.92,4352.7,4353.22
1786345920,4353.205,4353.56,4350.23,4351.29
1786346100,4351.295,4356.365,4350.645,4356.09
1786346280,4356.11,4357.1,4353.055,4353.36
1786346460,4353.35,4356.825,4352.15,4356.525
1786346640,4356.515,4359.03,4353.555,4353.555
1786346820,4353.645,4355.79,4352.24,4355.145
1786347000,4355.095,4355.17,4352.61,4353.63
1786347180,4353.635,4355.87,4352.91,4354.91
1786347360,4354.785,4358.58,4354.025,4358.565
1786347540,4358.585,4360.1,4356.425,4357.43
1786347720,4357.415,4359.53,4357.345,4359.475
1786347900,4359.46,4362.06,4358.135,4359.925
1786348080,4359.905,4360.145,4356.91,4357.4
1786348260,4357.38,4358.425,4355.455,4355.72
1786348440,4355.7,4356.225,4354.775,4355.415
1786348620,4355.425,4356.43,4355.015,4355.46
1786348800,4355.445,4356.175,4354.145,4355.64
1786348980,4355.635,4356.465,4354.15,4355.815
1786349160,4355.8,4356.095,4353.255,4353.825
1786349340,4353.85,4354,4351.645,4352.85
1786349520,4352.92,4354.69,4352.57,4354.635
1786349700,4354.7,4355.345,4353.605,4354.295
1786349880,4354.305,4355.73,4353.465,4353.97
1786350060,4353.85,4354.8,4353.26,4354.06
1786350240,4354.025,4354.445,4352.37,4354.285
1786350420,4354.365,4356.44,4354.205,4355.715
1786350600,4355.675,4356.76,4351.875,4351.935
1786350780,4351.94,4352.475,4349.12,4350.46
1786350960,4350.47,4350.885,4349.57,4349.62
1786351140,4349.57,4349.905,4347.115,4347.94
1786351320,4347.93,4347.985,4345.8,4346.315
1786351500,4346.31,4349.13,4345.67,4348.345
1786351680,4348.33,4349.025,4344.955,4345.68
1786351860,4345.675,4348.375,4345.185,4347.03
1786352040,4347.025,4347.22,4343.905,4346.42
1786352220,4346.38,4348.475,4345.35,4346.65
1786352400,4346.715,4348.035,4345.75,4347.675
1786352580,4347.68,4349.125,4346.77,4349.04
1786352760,4349.055,4349.055,4345.875,4346.66
1786352940,4346.665,4350.06,4346.475,4349.715
1786353120,4349.77,4350.07,4347.92,4349.835
1786353300,4349.845,4349.92,4347.875,4348.305
1786353480,4348.325,4348.9,4346.175,4347.07
1786353660,4347.095,4348.7,4347.07,4348.21
1786353840,4348.195,4348.9,4347.48,4348.565
1786354020,4348.465,4348.675,4344.8,4346.985
1786354200,4346.945,4346.945,4341.925,4342.925
1786354380,4342.98,4345.905,4342.055,4343.315
1786354560,4343.305,4343.54,4340.395,4341.585
1786354740,4341.605,4344.22,4341.6,4343.795
1786354920,4343.79,4344.38,4343.445,4344.275
1786355100,4344.16,4344.805,4343.2,4344.21
1786355280,4344.19,4345.44,4341.035,4341.26
1786355460,4341.34,4342.085,4340.915,4341.975
1786355640,4342.065,4343.395,4342,4342.445
1786355820,4342.35,4342.775,4341.195,4341.29
1786356000,4341.34,4341.34,4339.5,4339.8
1786356180,4339.845,4340.785,4339.295,4340.635
1786356360,4340.64,4341.54,4339.97,4340.365
1786356540,4340.315,4341.635,4339.635,4340.005
1786356720,4340.025,4340.895,4339.6,4340.735
1786356900,4340.715,4341.055,4339.93,4340.35
1786357080,4340.39,4342.39,4339.41,4341.635
1786357260,4341.64,4344.275,4341,4343.555
1786357440,4343.56,4343.785,4342.305,4342.765
1786357620,4342.775,4343.795,4341.915,4343.66
1786357800,4343.665,4344.18,4341.765,4341.775
1786357980,4341.78,4342.385,4340.455,4340.81
1786358160,4340.78,4341.13,4338.455,4340.095
1786358340,4340.13,4341.305,4338.525,4338.665
1786358520,4338.65,4339.275,4337.805,4337.94
1786358700,4337.91,4339.485,4337.57,4338.09
1786358880,4338.07,4339.345,4337.68,4339.075
1786359060,4339.05,4340.68,4337.835,4338.025
1786359240,4338.12,4339.465,4337.47,4338.575
1786359420,4338.595,4339.355,4335.45,4335.75
1786359600,4335.78,4336.825,4334.87,4336.49
1786359780,4336.59,4336.6,4334.47,4335.04
1786359960,4335.16,4335.74,4333.805,4334.135
1786360140,4334.245,4334.455,4333.275,4333.6
1786360320,4333.595,4334.155,4329.43,4331.655
1786360500,4331.45,4331.54,4329.53,4330.015
1786360680,4330.15,4330.88,4329.045,4329.185
1786360860,4329.225,4333.345,4329.14,4333.105
1786361040,4333.11,4336.45,4333,4335.2
1786361220,4335.17,4335.875,4333.61,4334.7
1786361400,4334.69,4339.145,4334.595,4338.605
1786361580,4338.58,4338.685,4336.085,4336.085
1786361760,4336.095,4338.46,4335.625,4338.45
1786361940,4338.49,4339.535,4336.865,4337.32
1786362120,4337.285,4338.065,4336.53,4337.4
1786362300,4337.45,4338.02,4336.265,4336.265
1786362480,4336.2,4336.815,4332.12,4334.275
1786362660,4334.27,4336.18,4334.25,4335.895
1786362840,4335.9,4335.955,4334.28,4334.4
1786363020,4334.385,4336.265,4333.615,4335.12
1786363200,4335.095,4335.18,4332.655,4333.595
1786363380,4333.63,4334.94,4332.925,4333.925
1786363560,4333.93,4337.635,4332.3,4334.565
1786363740,4334.575,4335.66,4332.645,4332.755
1786363920,4332.765,4333.745,4331.215,4331.925
1786364100,4331.98,4332.735,4329.06,4330.36
1786364280,4330.375,4331.175,4328.525,4330.03
1786364460,4330.02,4330.235,4326.855,4327.155
1786364640,4327.165,4327.89,4324.125,4325.68
1786364820,4325.66,4328.12,4325.25,4327.82
1786365000,4327.745,4331.54,4326.43,4330.6
1786365180,4330.59,4331.015,4326.645,4328.38
1786365360,4328.425,4332.47,4328.385,4331.875
1786365540,4331.87,4332.71,4329.785,4332.325
1786365720,4332.245,4332.5,4329.1,4329.22
1786365900,4329.225,4332.16,4328.815,4331.685
1786366080,4331.785,4333.345,4329.775,4330.045
1786366260,4330.09,4333.07,4329.745,4331.3
1786366440,4331.31,4335.68,4330.52,4334.805
1786366620,4334.675,4335.66,4332.15,4332.625
1786366800,4332.66,4334.65,4326.045,4326.845
1786366980,4326.815,4331.485,4326.815,4330.725
1786367160,4330.73,4332.29,4329.92,4330.97
1786367340,4330.95,4337.225,4330.67,4336.9
1786367520,4336.875,4337.935,4334.965,4337.345
1786367700,4337.355,4337.715,4335.32,4337.135
1786367880,4337.13,4337.135,4334.255,4334.81
1786368060,4334.77,4336.655,4329.335,4330.325
1786368240,4330.315,4334.36,4329.08,4333.74
1786368420,4333.76,4335.425,4332.58,4335.115
1786368600,4335.19,4338.245,4332.14,4336.31
1786368780,4336.3,4338.805,4334.98,4337.585
1786368960,4337.59,4340.165,4336.505,4338.61
1786369140,4338.6,4339.11,4335.03,4336.43
1786369320,4336.4,4336.86,4330.105,4331.035
1786369500,4331.04,4332.08,4325.015,4329.45
1786369680,4329.435,4331.19,4325.875,4327.295
1786369860,4327.28,4327.495,4321.2,4324.755
1786370040,4324.75,4324.935,4321.14,4321.43
1786370220,4321.435,4321.68,4316.675,4317.985
1786370400,4317.98,4325.64,4317.965,4324.805
1786370580,4324.845,4325.17,4321.765,4321.905
1786370760,4321.97,4326.37,4321.735,4324.75
1786370940,4324.78,4327.755,4324.16,4326.79
1786371120,4326.865,4331.13,4326.44,4330.195
1786371300,4330.205,4333.26,4328.565,4333.17
1786371480,4333.14,4336.415,4333.045,4334.785
1786371660,4334.79,4340.17,4332.39,4339.455
1786371840,4339.465,4345.77,4337.045,4345.44
1786372020,4345.49,4348.185,4344.655,4345.62
1786372200,4345.645,4352.04,4345.57,4348.67
1786372380,4348.675,4348.675,4345.325,4345.35
1786372560,4345.445,4349.08,4344.725,4346.36
1786372740,4346.355,4349.89,4345.135,4349.315
1786372920,4349.31,4350.185,4347.83,4349.48
1786373100,4349.49,4350.715,4347.635,4347.805
1786373280,4347.83,4348.18,4344.665,4344.995
1786373460,4344.975,4345.985,4343.665,4343.955
1786373640,4344.095,4345.685,4342.655,4344.465
1786373820,4344.45,4345.65,4343.19,4345.435
1786374000,4345.6,4346.87,4343.53,4344.865
1786374180,4344.86,4349.425,4344.615,4346.985
1786374360,4347.01,4352.09,4345.445,4345.445
1786374540,4345.45,4347.745,4343.325,4346.05
1786374720,4346.02,4347.335,4345.715,4346.985
1786374900,4346.97,4350.265,4345.905,4349.93
1786375080,4349.925,4352.435,4348.885,4351.785
1786375260,4351.78,4351.78,4349.065,4349.705
1786375440,4349.69,4350.405,4347.305,4347.93
1786375620,4347.955,4351.305,4347.685,4349.245
1786375800,4349.26,4351.545,4348.7,4349.905
1786375980,4349.92,4351.945,4347.895,4350.99
1786376160,4350.975,4351.845,4349.91,4350.86
1786376340,4350.835,4351.395,4348.735,4350.625
1786376520,4350.63,4351.595,4349.57,4350.315
1786376700,4350.295,4351.97,4348.645,4351.97
1786376880,4351.985,4354.18,4351.73,4353.935
1786377060,4353.925,4357.515,4353.785,4356.375
1786377240,4356.38,4357.935,4356.255,4356.975
1786377420,4356.99,4359.545,4356.665,4358.51
1786377600,4358.53,4363.07,4358.38,4363.07
1786377780,4363.05,4364.1,4357.915,4358.6
1786377960,4358.595,4361.545,4356.835,4360.36
1786378140,4360.355,4364.8,4360.355,4364.45
1786378320,4364.47,4364.595,4361.21,4361.425
1786378500,4361.44,4363.135,4360.93,4362.02
1786378680,4362.005,4364.04,4361.425,4363.825
1786378860,4363.79,4364.235,4361.68,4362.685
1786379040,4362.68,4364.59,4362.59,4362.86
1786379220,4362.87,4363.755,4361.64,4362.695
1786379400,4362.7,4363.005,4349.19,4356.165
1786379580,4356.18,4359.16,4353.99,4358.625
1786379760,4358.59,4358.79,4357.31,4357.78
1786379940,4357.78,4357.965,4352.99,4353.16
1786380120,4353.14,4353.445,4351.095,4351.785
1786380300,4351.835,4355.165,4351.705,4354.75
1786380480,4354.74,4354.745,4352.115,4353.325
1786380660,4353.3,4354.11,4352.165,4352.685
1786380840,4352.635,4354.095,4352.135,4353.32
1786381020,4353.3,4357.025,4353.09,4356.845
1786381200,4356.855,4357.69,4356.285,4356.445
1786381380,4356.385,4356.66,4353.325,4353.63
1786381560,4353.645,4355.695,4351.75,4355.52
1786381740,4355.525,4357.315,4355.25,4356.835
1786381920,4356.85,4358.28,4356.635,4357.115
1786382100,4356.99,4358.27,4356.455,4357.96
1786382280,4357.99,4358.575,4356.55,4357.8
1786382460,4357.805,4360.255,4357.615,4359.955
1786382640,4359.975,4360.41,4358.725,4358.925
1786382820,4358.935,4361.27,4358.935,4361.14
1786383000,4361.085,4361.655,4359.66,4361.54
1786383180,4361.545,4363.49,4361.42,4362.965
1786383360,4362.975,4363.975,4362.37,4363.97
1786383540,4363.965,4365.315,4362.635,4363.215
1786383720,4363.205,4363.815,4359.565,4360.38
1786383900,4360.375,4360.375,4357.83,4358.89
1786384080,4358.905,4361.3,4357.935,4360.42
1786384260,4360.46,4360.885,4359.205,4359.32
1786384440,4359.35,4359.635,4357.655,4357.95
1786384620,4357.935,4360.31,4357.89,4360.23
1786384800,4360.3,4363.96,4359.84,4362.855
1786384980,4362.915,4365.075,4362.145,4365.03
1786385160,4365.02,4365.315,4363.53,4363.59
1786385340,4363.585,4364.625,4363.355,4364.075
1786385520,4364.085,4364.225,4363.07,4363.195
1786385700,4363.22,4364.12,4361.505,4363.615
1786385880,4363.64,4364.315,4362.405,4363.24
1786386060,4363.225,4364.29,4362.925,4364.29
1786386240,4364.305,4367.22,4364.035,4365.225
1786386420,4365.27,4366.91,4365.025,4365.9
1786386600,4365.935,4380.18,4365.17,4374.785
1786386780,4374.655,4380.695,4373.72,4377.815
1786386960,4377.81,4381.305,4377.385,4380.8
1786387140,4380.83,4383.05,4379.87,4382.735
1786387320,4382.73,4382.88,4379.55,4379.72
1786387500,4379.745,4379.875,4373.46,4376.67
1786387680,4376.58,4378.44,4376.295,4378.055
1786387860,4378.005,4379.225,4375.07,4375.62
1786388040,4375.56,4378.67,4375.315,4378.22
1786388220,4378.225,4379.17,4377.965,4378.49
1786388400,4378.495,4381.045,4378.495,4379.9
1786388580,4379.985,4382.625,4379.675,4382.52
1786388760,4382.555,4382.96,4381.595,4382.405
1786388940,4382.42,4382.71,4380.69,4382.19
1786389120,4382.175,4382.855,4381.635,4382.115
1786389300,4382.12,4383.005,4381.83,4382.62
1786389480,4382.615,4383.47,4381.37,4383.35
1786389660,4383.36,4385.655,4383.34,4385.065
1786389840,4385.05,4390.29,4385.01,4389.02
1786390020,4389,4391.665,4388.54,4390.81
1786390200,4390.845,4394.115,4387.59,4389.14
1786390380,4389.17,4389.425,4384.42,4385.375
1786390560,4385.395,4388.135,4385.275,4387.995
1786390740,4387.925,4390.76,4387.45,4389.615
1786390920,4389.61,4390.88,4387.135,4388.265
1786391100,4388.275,4390.795,4387.36,4390.545
1786391280,4390.555,4395.05,4390.26,4393.45
1786391460,4393.475,4395.385,4391.37,4392.215
1786391640,4392.175,4393.365,4387.985,4388.72
1786391820,4388.735,4390.055,4387.49,4388.555
1786392000,4388.55,4390.57,4388.035,4388.93
1786392180,4388.98,4389.05,4388.315,4388.475
1786392360,4388.505,4388.505,4386.535,4387.315
1786392540,4387.33,4387.695,4386.005,4387.615
1786392720,4387.63,4390.75,4387.63,4389.275
1786392900,4389.31,4390.85,4389.31,4390.685
1786393080,4390.675,4391.4,4388.445,4388.78
1786393260,4388.77,4388.77,4386.63,4387.27
1786393440,4387.37,4388.97,4387.37,4388.655
1786393620,4388.65,4392.06,4388.65,4391.09
1786393800,4391.1,4392.135,4390.615,4391.05
1786393980,4391.045,4391.555,4390.885,4391.15
1786394160,4391.155,4391.175,4390.125,4390.615
1786394340,4390.56,4391.44,4390.06,4391.14
1786394520,4391.135,4391.33,4389.95,4389.95
1786394700,4389.92,4390.77,4389.295,4389.295
1786394880,4389.3,4390.035,4388.87,4390.035
1786395060,4390.02,4390.705,4389.495,4390.035
1786395240,4390.06,4390.065,4388.765,4389.34
1786395420,4389.275,4390.4,4389.015,4390.235
1786399380,4389.775,4390.93,4389.34,4390.195
1786399560,4390.205,4391.77,4389.98,4390.635
1786399740,4390.655,4392.95,4390.155,4391.965
1786399920,4391.985,4392.555,4390.76,4391.37
1786400100,4391.35,4392.64,4390.925,4392.265
1786400280,4392.32,4392.495,4391.66,4392.09
1786400460,4392.095,4393.405,4392.08,4392.965
1786400640,4392.94,4393.58,4391.77,4392.41
1786400820,4392.42,4392.58,4391.99,4392.09
1786401000,4392.14,4393.225,4392.085,4392.185
1786401180,4392.105,4393.715,4392.095,4393.355
1786401360,4393.475,4394.19,4393.045,4394.135
1786401540,4394.08,4394.17,4393.575,4393.675
1786401720,4393.595,4396.225,4393.595,4395.36
1786401900,4395.355,4398.48,4395.3,4398.36
1786402080,4398.35,4398.77,4397.29,4398.42
1786402260,4398.415,4399.68,4398.28,4399.46
1786402440,4399.465,4401.065,4398.85,4399.37
1786402620,4399.375,4400.605,4398.78,4399.895
1786402800,4399.935,4402,4399.05,4399.585
1786402980,4399.595,4401.205,4397.725,4400.935
1786403160,4400.905,4402.25,4398.185,4398.49
1786403340,4398.415,4398.5,4395.77,4396.26
1786403520,4396.255,4397.54,4396.205,4397.46
1786403700,4397.425,4397.485,4394.7,4395.375
1786403880,4395.39,4396.185,4394.765,4395.065
1786404060,4395.09,4396.02,4394.855,4395.075
1786404240,4395.07,4396.02,4394.845,4395.335
1786404420,4395.37,4395.485,4394.75,4395.47
1786404600,4395.465,4396.195,4395.38,4395.79
1786404780,4395.78,4397.485,4395.305,4397.42
1786404960,4397.44,4398.925,4397.4,4398.44
1786405140,4398.445,4398.915,4397.72,4398.665
1786405320,4398.69,4398.97,4398.19,4398.79
1786405500,4398.775,4399.24,4396.92,4398.34
1786405680,4398.325,4398.345,4396.465,4397.08
1786405860,4397.135,4398.32,4396.52,4397.505
1786406040,4397.575,4401.58,4397.555,4401.48
1786406220,4401.42,4402.715,4400.68,4402.355
1786406400,4402.41,4403.765,4396.44,4397.9
1786406580,4397.925,4404.905,4397.73,4403.745
1786406760,4403.76,4404.93,4402.96,4404.92
1786406940,4404.9,4409.125,4404.5,4407.9
1786407120,4407.895,4407.895,4404.03,4405.695
1786407300,4405.67,4408.16,4404.735,4405.935
1786407480,4405.95,4407.855,4405.335,4407.805
1786407660,4407.8,4411.52,4407.54,4410.96
1786407840,4410.96,4414.66,4410.69,4414.515
1786408020,4414.52,4416.36,4412.07,4414.08
1786408200,4414.1,4414.155,4411.45,4412.54
1786408380,4412.555,4413.275,4411.37,4413.12
1786408560,4413.08,4413.59,4410.455,4410.82
1786408740,4410.935,4413.49,4407.615,4408.965
1786408920,4408.955,4414.285,4408.45,4414.265
1786409100,4414.28,4419.335,4412.72,4412.965
1786409280,4412.925,4413.335,4410.095,4412.025
1786409460,4412.03,4412.99,4411.865,4412.13
1786409640,4412.175,4412.28,4409.765,4411.4
1786409820,4411.445,4412,4408.435,4409.495
1786410000,4409.49,4410.06,4393.91,4394.84
1786410180,4394.945,4403,4393.78,4402.72
1786410360,4402.67,4409.51,4401.7,4406.29
1786410540,4406.32,4415.26,4405.22,4415.13
1786410720,4415.15,4415.435,4412.265,4414.77
1786410900,4414.78,4419.85,4412.845,4415.96
1786411080,4415.95,4418,4413.485,4417.475
1786411260,4417.45,4420.38,4415.255,4415.545
1786411440,4415.58,4416.2,4413.71,4415.24
1786411620,4415.31,4419.57,4414.44,4419.425
1786411800,4419.43,4421.19,4418.36,4420.645
1786411980,4420.635,4421.51,4418.77,4419.715
1786412160,4419.7,4420.69,4416.505,4418.365
1786412340,4418.36,4422.365,4417.285,4417.785
1786412520,4417.765,4421.055,4415.185,4415.305
1786412700,4415.425,4422.93,4414.7,4421.84
1786412880,4421.845,4428.035,4420.675,4426.6
1786413060,4426.6,4431.04,4425.25,4430.6
1786413240,4430.605,4434.265,4429.63,4432.28
1786413420,4432.285,4432.92,4429.12,4429.815
1786413600,4429.705,4429.915,4425.07,4426.745
1786413780,4426.71,4427.78,4423.605,4426.2
1786413960,4426.205,4429.665,4424.215,4424.94
1786414140,4424.91,4427.425,4421.79,4427.185
1786414320,4427.235,4434.59,4426.79,4433.995
1786414500,4434.02,4435.245,4432.11,4432.845
1786414680,4432.855,4434.08,4429.705,4430.435
1786414860,4430.335,4431.92,4427.445,4427.705
1786415040,4427.755,4429.51,4426.205,4428.96
1786415220,4428.985,4430.415,4428.165,4428.63
1786415400,4428.635,4429.305,4425.655,4427.08
1786415580,4427.125,4427.36,4423.64,4423.64
1786415760,4423.615,4424.015,4415.245,4415.53
1786415940,4415.465,4420.77,4414.02,4420.09
1786416120,4420.095,4421.375,4418.31,4418.615
1786416300,4418.63,4419.2,4415.105,4416.15
1786416480,4416.2,4417.595,4413.405,4413.985
1786416660,4413.99,4414.44,4409.495,4410.845
1786416840,4410.905,4413.015,4408.09,4412.46
1786417020,4412.495,4412.9,4409.54,4410.975
1786417200,4410.96,4414.45,4410.34,4413.97
1786417380,4413.955,4414.03,4412.045,4413.775
1786417560,4413.785,4414.34,4409.835,4413.485
1786417740,4413.455,4415.115,4412.445,4413.81
1786417920,4413.74,4415.46,4412.94,4413.57
1786418100,4413.61,4415.67,4413.005,4414.61
1786418280,4414.61,4418.365,4414.61,4417.5
1786418460,4417.455,4417.675,4414.615,4415.65
1786418640,4415.56,4419.895,4414.495,4419.45
1786418820,4419.35,4420.86,4418.165,4420.48
1786419000,4420.38,4421.675,4419.475,4419.94
1786419180,4419.915,4420.2,4418.575,4419.49
1786419360,4419.48,4420.065,4418.42,4418.65
1786419540,4418.665,4419.89,4418.195,4419.66
1786419720,4419.615,4419.865,4415.7,4416.135
1786419900,4416.13,4418.615,4415.015,4415.98
1786420080,4416.06,4416.625,4414.225,4415.995
1786420260,4416,4419,4414.275,4418.01
1786420440,4417.895,4418.145,4416.39,4416.405
1786420620,4416.325,4417.96,4416.295,4416.9
1786420800,4416.895,4419.61,4416.56,4419.435
1786420980,4419.44,4419.685,4417.585,4418.045
1786421160,4417.995,4418.15,4414.54,4414.89
1786421340,4414.825,4415.115,4412.19,4413.13
1786421520,4413.285,4414.205,4412.45,4414.03
1786421700,4414.045,4415.325,4412.665,4414.09
1786421880,4414.145,4415.865,4411.02,4411.4
1786422060,4411.5,4412.725,4409.975,4412.39
1786422240,4412.415,4414.055,4410.985,4412.055
1786422420,4412.025,4415.63,4411.515,4415.39
1786422600,4415.385,4418.765,4411.125,4418.695
1786422780,4418.595,4420.5,4412.72,4413.61
1786422960,4413.66,4413.98,4410.465,4413.91
1786423140,4414.005,4414.775,4411.785,4411.86
1786423320,4411.87,4412.22,4408.345,4410.22
1786423500,4410.225,4411.595,4409.24,4410.895
1786423680,4410.845,4410.845,4406.58,4407.12
1786423860,4407.185,4408.265,4405.7,4408.06
1786424040,4408.08,4408.19,4403.49,4406.055
1786424220,4406.12,4409.455,4405.285,4409.005
1786424400,4408.995,4409.15,4405.755,4406.28
1786424580,4406.37,4406.97,4402.82,4402.97
1786424760,4402.975,4406.13,4402.7,4405.915
1786424940,4405.93,4406.57,4401.605,4402.045
1786425120,4402.095,4402.865,4399.345,4402.26
1786425300,4402.16,4402.265,4398.935,4399.855
1786425480,4399.94,4400.1,4396.79,4397.425
1786425660,4397.56,4399.855,4396.425,4398.04
1786425840,4398.025,4398.535,4390.88,4392.9
1786426020,4392.905,4394.22,4390.875,4392.42
1786426200,4392.05,4392.235,4372.695,4374.01
1786426380,4374.075,4385.185,4373.775,4383.495
1786426560,4383.37,4385.915,4381.13,4381.21
1786426740,4381.205,4382.22,4376.41,4377.63
1786426920,4377.705,4379.605,4373.48,4377.28
1786427100,4377.295,4378.34,4372.315,4378.24
1786427280,4378.185,4378.185,4369.015,4370.07
1786427460,4370.065,4373.585,4368.21,4371.945
1786427640,4371.94,4371.94,4367.52,4370.795
1786427820,4370.82,4375.585,4370.82,4375.47
1786428000,4375.47,4379.3,4371.83,4378.755
1786428180,4378.585,4380.995,4378.31,4378.735
1786428360,4378.725,4381.91,4378.72,4381.85
1786428540,4381.79,4382.7,4377.285,4381.395
1786428720,4381.28,4382.16,4372.795,4372.885
1786428900,4372.875,4375.81,4371.72,4375.275
1786429080,4375.285,4376.235,4367.605,4370.69
1786429260,4370.69,4374.605,4368.8,4372.76
1786429440,4372.735,4374.595,4370.275,4372.72
1786429620,4372.7,4373.18,4362.09,4363.58
1786429800,4363.59,4367.965,4361.655,4361.75
1786429980,4361.85,4365.27,4359.865,4362.265
1786430160,4362.225,4368.38,4360.725,4367.195
1786430340,4367.3,4369.45,4366.855,4367.51
1786430520,4367.48,4368.02,4363.2,4363.67
1786430700,4363.815,4366.995,4362.69,4366.565
1786430880,4366.615,4367.46,4366.125,4367.045
1786431060,4367.05,4367.68,4362.84,4362.86
1786431240,4362.855,4364.585,4359.675,4364.29
1786431420,4364.39,4366.405,4363.8,4366.315
1786431600,4366.335,4367.97,4364.78,4366.18
1786431780,4366.16,4366.64,4361.915,4362.75
1786431960,4362.72,4364.875,4361.41,4363.445
1786432140,4363.465,4363.975,4361.29,4361.835
1786432320,4361.83,4364.885,4361.5,4363.28
1786432500,4363.275,4363.6,4360.695,4360.935
1786432680,4360.83,4362.08,4358.025,4361.675
1786432860,4361.655,4361.805,4357.51,4359.22
1786433040,4359.14,4366.015,4358.985,4365.35
1786433220,4365.32,4365.375,4362.84,4363.045
1786433400,4363.115,4364.89,4358.725,4361.36
1786433580,4361.33,4362.99,4360.695,4362.705
1786433760,4362.715,4363.62,4360.2,4360.33
1786433940,4360.325,4360.71,4356.845,4357.365
1786434120,4357.38,4358.81,4356.93,4358.725
1786434300,4358.825,4359.445,4357.635,4359.125
1786434480,4359.075,4359.85,4357.89,4359.23
1786434660,4359.165,4361.635,4358.34,4360.2
1786434840,4360.175,4360.845,4357.93,4358.34
1786435020,4358.365,4358.615,4356.7,4357.655
1786435200,4357.635,4362.145,4357,4361.955
1786435380,4361.96,4365.645,4361.955,4365.535
1786435560,4365.5,4366.755,4364.33,4366.055
1786435740,4366.02,4366.74,4364.685,4365.785
1786435920,4365.725,4365.775,4364.055,4365.175
1786436100,4365.18,4365.765,4361.285,4361.54
1786436280,4361.555,4363.935,4360.215,4360.82
1786436460,4360.835,4364.27,4359.14,4363.305
1786436640,4363.31,4368.235,4363.165,4368.025
1786436820,4368.03,4369.91,4367.585,4369.38
1786437000,4369.265,4371.685,4368.89,4370.54
1786437180,4370.49,4372.545,4368.92,4371.95
1786437360,4371.965,4373.57,4371.465,4373.425
1786437540,4373.435,4375.65,4373.3,4375.125
1786437720,4375.12,4376.075,4374.25,4374.91
1786437900,4374.935,4375.64,4373.825,4373.825
1786438080,4373.89,4376.735,4372.595,4375.87
1786438260,4375.805,4376.765,4372.575,4372.82
1786438440,4372.815,4373.165,4371.105,4371.49
1786438620,4371.43,4371.45,4369.27,4369.29
1786438800,4369.245,4371.44,4367.675,4371.095
1786438980,4371.09,4372.52,4370.36,4372.35
1786439160,4372.235,4372.625,4370.72,4371.185
1786439340,4371.17,4373.175,4370.42,4371.595
1786439520,4371.58,4373.025,4371.31,4372.61
1786439700,4372.62,4373.355,4371.275,4372.84
1786439880,4372.845,4375.655,4372.225,4375.225
1786440060,4375.23,4375.35,4370.795,4373.29
1786440240,4373.315,4373.87,4370.805,4372.38
1786440420,4372.395,4375.645,4371.74,4372.045
1786440600,4372.02,4375.16,4370.17,4374.65
1786440780,4374.66,4374.89,4372.825,4373.605
1786440960,4373.61,4374.785,4372.055,4374.78
1786441140,4374.83,4374.895,4373.07,4374.225
1786441320,4374.24,4374.315,4370.58,4370.58
1786441500,4370.585,4372.78,4370.51,4372.77
1786441680,4372.745,4374.845,4372.145,4372.395
1786441860,4372.465,4373.185,4371.2,4372.98
1786442040,4373.04,4373.14,4371.225,4371.865
1786442220,4371.885,4373.085,4371.885,4372.505
1786442400,4372.57,4374.35,4371.37,4371.745
1786442580,4371.74,4373.5,4371.505,4373.455
1786442760,4373.515,4374.945,4372.71,4373.875
1786442940,4373.895,4376.18,4373.475,4375.32
1786443120,4375.315,4375.365,4373.215,4373.265
1786443300,4373.38,4375.135,4373.2,4374.91
1786443480,4374.89,4374.91,4372.425,4372.88
1786443660,4372.89,4378.095,4372.76,4376.305
1786443840,4376.285,4381.435,4376.09,4378.855
1786444020,4378.835,4381.955,4378.125,4378.46
1786444200,4378.425,4381.05,4378.36,4379.76
1786444380,4379.785,4379.82,4378.245,4378.865
1786444560,4378.875,4380.04,4378.875,4379.04
1786444740,4379.03,4379.095,4377.79,4378.305
1786444920,4378.325,4378.7,4377.025,4377.835
1786445100,4377.81,4380.5,4377.72,4380.015
1786445280,4380.005,4382.015,4379.035,4381.495
1786445460,4381.49,4381.72,4380.455,4380.86
1786445640,4380.845,4381.645,4379.78,4379.985
1786445820,4379.98,4382.77,4379.145,4382.56
1786446000,4382.485,4391.985,4380.565,4390.23
1786446180,4390.21,4393.11,4387.27,4392.115
1786446360,4392.08,4392.095,4388.905,4391.75
1786446540,4391.73,4392.11,4389.39,4390.045
1786446720,4390.04,4392.665,4388.075,4391.62
1786446900,4391.725,4392.56,4388.81,4389.83
1786447080,4389.835,4391.405,4388.35,4388.48
1786447260,4388.465,4388.855,4385.605,4385.95
1786447440,4385.915,4388.62,4385.29,4388.11
1786447620,4388.095,4388.385,4386.67,4387.48
1786447800,4387.51,4388.27,4385.485,4386.46
1786447980,4386.515,4387.205,4385.925,4386.565
1786448160,4386.56,4387.255,4384.5,4384.63
1786448340,4384.605,4385.485,4383.465,4383.715
1786448520,4383.725,4386.48,4383.19,4386.24
1786448700,4386.215,4389.23,4385.71,4387.58
1786448880,4387.58,4388.215,4386.22,4387.025
1786449060,4387.005,4390.055,4384.995,4387.58
1786449240,4387.68,4388.525,4385.84,4387.305
1786449420,4387.21,4388.745,4387.125,4387.8
1786449600,4387.8,4387.945,4383.875,4384.01
1786449780,4383.995,4390.155,4383.9,4389.91
1786449960,4389.905,4395.48,4388.75,4394.515
1786450140,4394.62,4395.99,4391.735,4392.515
1786450320,4392.52,4397.63,4392.355,4397.025
1786450500,4397.07,4397.87,4392.845,4393.5
1786450680,4393.56,4398.36,4393.18,4398.18
1786450860,4398.165,4399.8,4388.48,4388.845
1786451040,4388.77,4391.13,4387.645,4390.94
1786451220,4390.925,4393.295,4389.505,4391.36
1786451400,4391.425,4395.4,4389.35,4394.74
1786451580,4394.7,4395.115,4388.905,4390.585
1786451760,4390.505,4392.31,4389.2,4390.81
1786451940,4390.835,4395.445,4389.045,4395.42
1786452120,4395.355,4398.73,4394.12,4398.725
1786452300,4398.74,4400.185,4395.47,4397.17
1786452480,4397.19,4398.375,4395.53,4396.2
1786452660,4396.16,4398.1,4393.06,4394.07
1786452840,4394.05,4394.505,4392.96,4394.485
1786453020,4394.5,4394.87,4392.19,4392.53
1786453200,4392.52,4398.87,4391.965,4397.77
1786453380,4397.83,4399.425,4392.28,4394.63
1786453560,4394.64,4397.26,4393.68,4396.275
1786453740,4396.195,4400.98,4395.48,4399.45
1786453920,4399.335,4399.68,4393.79,4393.84
1786454100,4393.835,4393.835,4389.63,4393.195
1786454280,4393.22,4398.12,4392.64,4396.815
1786454460,4396.835,4400.875,4395.785,4398.08
1786454640,4398.065,4400.005,4395.78,4399.89
1786454820,4399.875,4400.22,4397.06,4397.91
1786455000,4397.92,4400.15,4393.96,4394.93
1786455180,4394.905,4396.165,4388.99,4390.35
1786455360,4390.355,4399.72,4389.59,4396.32
1786455540,4396.355,4401.84,4395.81,4400.295
1786455720,4400.27,4401.395,4398.275,4399.78
1786455900,4399.915,4404.29,4397.01,4397.48
1786456080,4397.485,4397.485,4392.505,4392.675
1786456260,4392.56,4395.305,4388.87,4388.975
1786456440,4389.03,4394.615,4384.645,4393.49
1786456620,4393.52,4394.475,4388.78,4389.5
1786456800,4389.35,4390.11,4383.335,4385.44
1786456980,4385.375,4387.085,4381.29,4385.335
1786457160,4385.345,4386.22,4382.91,4383.13
1786457340,4383.23,4387.18,4382.725,4385.625
1786457520,4385.75,4387.045,4382.215,4387.005
1786457700,4386.985,4390.265,4385.065,4389.245
1786457880,4389.195,4389.46,4382.79,4388.255
1786458060,4388.275,4388.68,4381.645,4383.7
1786458240,4383.695,4385.66,4382.015,4384.98
1786458420,4384.965,4387.76,4383.41,4384
1786458600,4384.055,4388.385,4384.055,4386.465
1786458780,4386.495,4391.4,4386.325,4391.305
1786458960,4391.35,4392.76,4390.185,4392.06
1786459140,4392.015,4393.34,4390.74,4393.34
1786459320,4393.28,4395.32,4392.84,4393.5
1786459500,4393.525,4396.045,4392.865,4394.435
1786459680,4394.43,4394.935,4391.87,4393.45
1786459860,4393.445,4395.535,4392.545,4392.565
1786460040,4392.585,4397.99,4392.17,4396.01
1786460220,4396,4396.235,4392.88,4394.125
1786460400,4394.175,4397.98,4392.985,4397.195
1786460580,4397.19,4398.83,4396.395,4396.73
1786460760,4396.715,4396.925,4390.135,4390.8
1786460940,4390.79,4392.35,4389.285,4391.89
1786461120,4391.895,4396.02,4391.895,4392.365
1786461300,4392.37,4392.37,4386.8,4387.9
1786461480,4387.88,4388.37,4382.265,4386.205
1786461660,4386.21,4389.685,4386.16,4387.675
1786461840,4387.78,4387.78,4382.02,4383.835
1786462020,4383.795,4387.735,4383.585,4386.87
1786462200,4386.895,4387.1,4383.805,4385.325
1786462380,4385.27,4386.11,4376.71,4377.95
1786462560,4377.93,4378.19,4374.045,4375.005
1786462740,4375.025,4375.225,4369.15,4371.65
1786462920,4371.66,4376.31,4371.06,4375.925
1786463100,4375.915,4378.15,4375.035,4376.065
1786463280,4376.045,4377.995,4375.63,4377.45
1786463460,4377.385,4377.445,4375.545,4376.905
1786463640,4376.875,4382.245,4375.895,4382.245
1786463820,4382.24,4383.95,4379.79,4383.905
1786464000,4383.92,4384.95,4382.345,4383.22
1786464180,4383.225,4383.79,4380.135,4381.16
1786464360,4381.14,4381.145,4378.78,4380.37
1786464540,4380.385,4381.68,4379.355,4380.7
1786464720,4380.695,4381.685,4378.765,4379.535
1786464900,4379.64,4381.475,4379.35,4380.9
1786465080,4380.905,4381.15,4378.52,4379.93
1786465260,4380.04,4383.065,4379.535,4382.075
1786465440,4382.07,4382.4,4380.635,4380.64
1786465620,4380.635,4383.49,4380.635,4383.105
1786465800,4383.1,4383.16,4379.335,4379.55
1786465980,4379.545,4384.675,4379.53,4384.11
1786466160,4384.1,4384.94,4382.935,4383.275
1786466340,4383.3,4384.76,4382.975,4384.52
1786466520,4384.565,4385.9,4384.14,4384.81
1786466700,4384.815,4385.62,4382.6,4383.09
1786466880,4383.155,4383.68,4381.43,4382.24
1786467060,4382.32,4382.5,4381.115,4381.41
1786467240,4381.415,4383.215,4381.22,4382.9
1786467420,4382.905,4385.22,4382.905,4383.46
1786467600,4383.5,4385.515,4382.515,4383.065
1786467780,4383.06,4384.05,4382.295,4382.38
1786467960,4382.365,4385.765,4381.77,4384.795
1786468140,4384.785,4384.945,4382.885,4383.24
1786468320,4383.27,4383.71,4381.165,4381.165
1786468500,4381.245,4383.92,4380.21,4383.58
1786468680,4383.59,4384.51,4381.91,4384.175
1786468860,4384.18,4384.305,4379.94,4380.74
1786469040,4380.685,4381.985,4379.995,4381.3
1786469220,4381.295,4383.395,4379.035,4381.485
1786469400,4381.565,4382.095,4377.35,4378.345
1786469580,4378.35,4378.795,4375.915,4377.185
1786469760,4377.18,4377.29,4374.39,4376.92
1786469940,4376.925,4378.15,4375.93,4377.12
1786470120,4377.115,4378.32,4376.23,4376.32
1786470300,4376.285,4376.99,4375.065,4376.935
1786470480,4376.945,4377.72,4376.285,4376.495
1786470660,4376.465,4376.495,4373.965,4373.99
1786470840,4373.975,4374.13,4371.72,4371.72
1786471020,4371.725,4371.93,4368.935,4369.19
1786471200,4369.225,4369.405,4363.71,4365.305
1786471380,4365.255,4367.04,4364.365,4365.09
1786471560,4365.065,4367.045,4361.12,4361.865
1786471740,4361.835,4364.215,4360.295,4363.965
1786471920,4363.92,4364.195,4362.32,4363.825
1786472100,4363.765,4366.155,4363.655,4365.275
1786472280,4365.26,4367.39,4363.86,4363.92
1786472460,4363.915,4365.21,4362.225,4364.12
1786472640,4364.11,4365.64,4363.815,4364.625
1786472820,4364.655,4365.135,4360.495,4361.415
1786473000,4361.4,4365.235,4361.225,4364.935
1786473180,4364.925,4368.645,4364.875,4368.605
1786473360,4368.62,4371.22,4368.005,4371.14
1786473540,4371.11,4371.225,4368.805,4369.34
1786473720,4369.345,4371.785,4369.34,4371.09
1786473900,4371.1,4372.69,4370.82,4371.62
1786474080,4371.67,4372.28,4371.255,4371.535
1786474260,4371.5,4372.475,4371.415,4371.95
1786474440,4371.94,4372.195,4370.115,4371.345
1786474620,4371.36,4371.815,4370.945,4371.59
1786474800,4371.655,4372.29,4369.84,4370.335
1786474980,4370.34,4371.315,4365.16,4365.855
1786475160,4365.845,4366.565,4363.68,4364.27
1786475340,4364.42,4366.895,4363.59,4366.545
1786475520,4366.52,4367.495,4363.5,4363.945
1786475700,4363.95,4364.775,4362.805,4362.99
1786475880,4363.07,4364.755,4361.265,4364.185
1786476060,4364.19,4366.54,4362.87,4365.935
1786476240,4365.92,4370.095,4365.295,4369.62
1786476420,4369.64,4370.995,4368.64,4370.465
1786476600,4370.47,4374.28,4370.465,4372.945
1786476780,4372.9,4373.475,4369.165,4369.195
1786476960,4369.245,4370.325,4368.445,4369.735
1786477140,4369.74,4370.865,4369.135,4369.29
1786477320,4369.28,4369.415,4366.48,4367.645
1786477500,4367.685,4368.65,4366.78,4366.815
1786477680,4366.815,4370.85,4366.66,4369.55
1786477860,4369.51,4370.365,4366.325,4367.085
1786478040,4367.025,4373.075,4366.76,4372.465
1786478220,4372.47,4373.41,4370.415,4370.745
1786478400,4370.78,4371.145,4368.56,4368.76
1786478580,4368.83,4370.565,4368.825,4369.78
1786478760,4369.88,4370.085,4368.995,4370.015
1786478940,4370.11,4371.225,4370.06,4370.575
1786479120,4370.565,4371.03,4370.355,4370.42
1786479300,4370.445,4370.49,4368.4,4368.455
1786479480,4368.54,4368.59,4367.75,4368.11
1786479660,4368.13,4369.21,4368.005,4368.825
1786479840,4368.845,4370.395,4368.825,4370.325
1786480020,4370.32,4371.115,4369.14,4370.2
1786480200,4370.27,4370.47,4369.73,4370.085
1786480380,4370.07,4370.18,4368.965,4369.475
1786480560,4369.4,4369.745,4368.8,4369.725
1786480740,4369.7,4369.71,4368.24,4368.435
1786480920,4368.43,4368.435,4367.48,4367.525
1786481100,4367.47,4367.855,4367.33,4367.395
1786481280,4367.325,4367.94,4367.25,4367.755
1786481460,4367.705,4368.01,4367.18,4367.39
1786481640,4367.44,4368.925,4367.325,4368.405
1786481820,4368.44,4368.475,4367.665,4368.245
1786485780,4372.355,4373.6,4372.115,4373.445
1786485960,4373.43,4374.59,4373.425,4373.96
1786486140,4374.205,4375.135,4373.82,4374.805
1786486320,4374.79,4375.49,4373.9,4373.995
1786486500,4374.035,4374.595,4373.46,4374.305
1786486680,4374.35,4376.475,4374.275,4376.135
1786486860,4376.075,4376.925,4375.2,4375.25
1786487040,4375.435,4376.71,4375.335,4376.21
1786487220,4376.275,4377.215,4376.02,4376.72
1786487400,4376.71,4378.145,4376.46,4377.825
1786487580,4377.82,4377.965,4376.105,4376.365
1786487760,4376.375,4377.325,4376.375,4376.875
1786487940,4376.925,4376.925,4376.12,4376.305
1786488120,4376.3,4376.38,4374.88,4376.35
1786488300,4376.38,4378.265,4376.375,4377.26
1786488480,4377.27,4378.52,4373.865,4374.195
1786488660,4374.185,4374.425,4371.09,4374.075
1786488840,4374.08,4375.035,4368.595,4368.82
1786489020,4368.825,4370.745,4367.28,4369.2
1786489200,4369.19,4369.825,4366.215,4367.465
1786489380,4367.525,4369.4,4363.36,4364.36
1786489560,4364.365,4369.815,4362.655,4366.145
1786489740,4366.045,4368.675,4364.365,4367.73
1786489920,4367.785,4369.895,4365.58,4366.58
1786490100,4366.425,4371.475,4365.265,4369.7
1786490280,4369.73,4373.05,4369.345,4372.9
1786490460,4372.88,4374.77,4371.47,4372.645
1786490640,4372.695,4373.495,4368.385,4370.99
1786490820,4370.965,4374.14,4370.19,4373.06
1786491000,4373.01,4373.055,4368.465,4368.675
1786491180,4368.625,4368.765,4366.76,4367.77
1786491360,4367.72,4368.78,4367.65,4368.64
1786491540,4368.495,4368.495,4367.66,4368.045
1786491720,4368.065,4368.435,4367.635,4367.975
1786491900,4367.995,4370.645,4367.995,4369.665
1786492080,4369.65,4369.665,4368.255,4369.155
1786492260,4369.15,4369.74,4368.435,4369.22
1786492440,4369.235,4371.685,4369.115,4371.26
1786492620,4371.28,4372.075,4370.475,4371.645
1786492800,4371.65,4371.685,4366.54,4368.855
1786492980,4368.805,4370.895,4368.28,4369.63
1786493160,4369.665,4371.165,4367.91,4370.415
1786493340,4370.365,4371.68,4369.965,4370.895
1786493520,4370.98,4379.495,4370.585,4378.17
1786493700,4378.105,4378.465,4374.25,4376.305
1786493880,4376.105,4380.805,4375.96,4379.395
1786494060,4379.245,4380.025,4377.685,4378.83
1786494240,4378.815,4379.315,4378.015,4378.1
1786494420,4378.105,4381.205,4377.885,4380.675
1786494600,4380.66,4383.405,4379.32,4382.795
1786494780,4382.55,4382.76,4380.84,4381.815
1786494960,4381.81,4383.8,4381.035,4381.25
1786495140,4381.195,4383.265,4380.785,4382.315
1786495320,4382.365,4383.065,4381.125,4382.955
1786495500,4382.94,4383.28,4381.155,4381.55
1786495680,4381.505,4382.315,4380.815,4380.845
1786495860,4380.835,4381.025,4379.66,4379.82
1786496040,4379.865,4380.06,4377.595,4379.08
1786496220,4379.085,4381.595,4378.87,4380.5
1786496400,4380.585,4384.26,4378.445,4380.81
1786496580,4380.85,4386.66,4380.675,4386.66
1786496760,4386.67,4387.71,4384.47,4385.77
1786496940,4385.875,4389.99,4385.59,4389.765
1786497120,4389.775,4390.775,4389.54,4390.405
1786497300,4390.54,4391.98,4386.73,4390.175
1786497480,4390.17,4394.165,4387.96,4393.61
1786497660,4393.655,4393.855,4389.425,4390.56
1786497840,4390.51,4391.22,4389.775,4390.3
1786498020,4390.295,4391.875,4390.12,4390.65
1786498200,4390.63,4391.455,4387.02,4387.825
1786498380,4387.915,4388.01,4385.225,4385.79
1786498560,4385.775,4391.385,4385.715,4386.875
1786498740,4386.88,4389.365,4386.52,4388.355
1786498920,4388.36,4393.315,4388.17,4393.15
1786499100,4393.18,4394.56,4391.22,4394.275
1786499280,4394.28,4397.04,4394.265,4396.975
1786499460,4397.025,4397.42,4395.145,4395.365
1786499640,4395.385,4396.035,4393.355,4393.63
1786499820,4393.595,4397.35,4393.58,4396.5
1786500000,4396.505,4397,4394.31,4396.52
1786500180,4396.55,4396.99,4394.21,4396.05
1786500360,4396.055,4397.24,4395.335,4397.215
1786500540,4397.255,4399.745,4396.675,4398.66
1786500720,4398.655,4404.7,4397.93,4401.84
1786500900,4401.825,4403.235,4399.54,4401.87
1786501080,4401.945,4402.645,4400.775,4401.59
1786501260,4401.625,4403.82,4400.795,4403.78
1786501440,4403.775,4403.775,4402.01,4402.015
1786501620,4402.01,4402.78,4401.025,4402.105
1786501800,4402.11,4403.425,4398.325,4398.945
1786501980,4398.955,4399.585,4397.895,4399.005
1786502160,4399.01,4399.98,4397.655,4399.29
1786502340,4399.3,4403.46,4398.5,4403.09
1786502520,4403.07,4408.315,4402.86,4405.46
1786502700,4405.45,4411.16,4405.235,4410.74
1786502880,4410.725,4412.6,4408.255,4412.33
1786503060,4412.335,4414.25,4411.17,4413.595
1786503240,4413.605,4414.5,4411.345,4412.02
1786503420,4412.02,4413.065,4411.11,4411.32
1786503600,4411.355,4414.345,4411.125,4411.835
1786503780,4411.84,4411.96,4408.585,4409.535
1786503960,4409.56,4416.25,4409.56,4413
1786504140,4413.03,4414.59,4412.5,4414.385
1786504320,4414.36,4414.625,4410.605,4410.895
1786504500,4410.85,4410.9,4406.54,4406.985
1786504680,4406.99,4407.64,4405.815,4406.21
1786504860,4406.215,4407.475,4404.53,4406.885
1786505040,4406.88,4407.895,4406.475,4407.36
1786505220,4407.365,4408.19,4406.085,4407.41
1786505400,4407.34,4408.675,4406,4406.065
1786505580,4406.04,4406.72,4404.865,4405.935
1786505760,4405.945,4406.71,4404.355,4404.435
1786505940,4404.43,4404.615,4403.255,4403.5
1786506120,4403.505,4404.025,4401.285,4401.375
1786506300,4401.38,4403.345,4401.22,4402.455
1786506480,4402.465,4403.08,4402,4402.6
1786506660,4402.5,4403.955,4402.15,4402.785
1786506840,4402.79,4402.93,4401.065,4401.2
1786507020,4401.195,4402.42,4401.19,4402.36
1786507200,4402.365,4403.01,4401.48,4402
1786507380,4402.005,4403.425,4401.775,4401.89
1786507560,4401.84,4401.905,4400.52,4400.78
1786507740,4400.84,4401.1,4398.265,4398.725
1786507920,4398.775,4398.815,4396.7,4397.54
1786508100,4397.53,4397.53,4395.61,4396.58
1786508280,4396.62,4397.475,4396.165,4397.45
1786508460,4397.455,4398.675,4397.275,4397.825
1786508640,4397.795,4398.99,4397.105,4398.33
1786508820,4398.31,4399.53,4397.995,4399.175
1786509000,4399.18,4399.3,4397.33,4397.98
1786509180,4398.04,4399.79,4397.485,4398.75
1786509360,4398.735,4399.92,4398.06,4399.505
1786509540,4399.51,4399.765,4395.44,4397.71
1786509720,4397.655,4400.295,4397.335,4400.26
1786509900,4400.27,4401.595,4399.7,4401.44
1786510080,4401.42,4402.44,4400.84,4401.53
1786510260,4401.51,4401.94,4400.29,4400.38
1786510440,4400.42,4400.42,4399.25,4399.96
1786510620,4399.97,4401.33,4399.955,4401.175
1786510800,4401.125,4402.19,4400.675,4400.95
1786510980,4400.96,4403.27,4400.32,4402.76
1786511160,4402.77,4403.84,4400.895,4403.39
1786511340,4403.44,4404.79,4403.06,4404.16
1786511520,4404.085,4404.88,4401.03,4401.03
1786511700,4401.02,4401.085,4398.11,4398.25
1786511880,4398.29,4399.385,4395.815,4396.145
1786512060,4396.21,4396.895,4392.58,4393.735
1786512240,4393.74,4396.06,4393.655,4395.58
1786512420,4395.585,4395.88,4392.79,4392.79
1786512600,4392.555,4397.21,4389.335,4394.625
1786512780,4394.61,4394.61,4390.85,4392.88
1786512960,4392.695,4395.175,4391.615,4394.385
1786513140,4394.34,4394.685,4391.06,4391.675
1786513320,4391.63,4391.865,4388.095,4388.105
1786513500,4388.09,4389.4,4385.64,4386.925
1786513680,4386.88,4387.44,4385.095,4385.8
1786513860,4385.815,4387.02,4384.02,4387.02
1786514040,4386.975,4391.24,4386.87,4390.355
1786514220,4390.405,4394.16,4390.185,4391.025
1786514400,4391.01,4393.1,4388.285,4388.585
1786514580,4388.58,4389.24,4386.515,4387.215
1786514760,4387.23,4388.205,4385.33,4385.925
1786514940,4385.905,4387.785,4385.235,4386.94
1786515120,4386.88,4388.555,4385.84,4387.26
1786515300,4387.235,4390.005,4385.85,4389.805
1786515480,4389.855,4390.39,4388.35,4389.045
1786515660,4388.95,4390.585,4387.93,4388.49
1786515840,4388.44,4390.22,4388.24,4388.795
1786516020,4388.755,4390.105,4387.215,4389.875
1786516200,4389.865,4390.545,4388.835,4389.475
1786516380,4389.435,4390.545,4388.54,4389.025
1786516560,4389.035,4394.095,4388.775,4393.2
1786516740,4393.22,4397.485,4393.16,4396.66
1786516920,4396.67,4397.035,4394.08,4394.67
1786517100,4394.68,4399.135,4394.675,4398.5
1786517280,4398.49,4401.515,4398.105,4401.19
1786517460,4401.17,4403.335,4400.515,4401.515
1786517640,4401.435,4406.445,4401.015,4406.21
1786517820,4406.195,4406.25,4403.015,4403.545
1786518000,4403.535,4406.165,4402.04,4404.15
1786518180,4404.485,4404.795,4400.985,4401.23
1786518360,4401.235,4403.3,4401.235,4401.635
1786518540,4401.655,4404.81,4401.155,4404.59
1786518720,4404.615,4406.16,4401.455,4401.585
1786518900,4401.61,4401.695,4399.11,4399.42
1786519080,4399.41,4399.935,4398.345,4398.71
1786519260,4398.735,4399.95,4398.47,4399.715
1786519440,4399.635,4401.03,4399.43,4400.455
1786519620,4400.46,4402.895,4400.45,4402.555
1786519800,4402.535,4403.97,4401.555,4403.83
1786519980,4403.78,4405.72,4403.485,4404.735
1786520160,4404.665,4406.1,4404.44,4405.35
1786520340,4405.395,4407.6,4405.35,4406.56
1786520520,4406.495,4408.54,4406.475,4407.85
1786520700,4407.845,4408.545,4406.205,4407.04
1786520880,4407.025,4409.89,4407.025,4408.13
1786521060,4408.195,4410.145,4407.775,4408.735
1786521240,4408.7,4409.19,4405.225,4405.255
1786521420,4405.29,4406.46,4404.87,4406.355
1786521600,4406.355,4409.42,4405.995,4408.925
1786521780,4409.025,4410.325,4408.33,4409.605
1786521960,4409.61,4410.545,4408.065,4408.53
1786522140,4408.505,4409.55,4407.385,4408.605
1786522320,4408.595,4409.325,4408.095,4408.675
1786522500,4408.605,4408.71,4406.63,4407.04
1786522680,4407.035,4409.35,4407.035,4408.72
1786522860,4408.805,4409.525,4407.85,4409.2
1786523040,4409.175,4409.175,4406.645,4406.945
1786523220,4406.99,4407.76,4405.745,4407.115
1786523400,4407.105,4407.675,4405.765,4405.96
1786523580,4406.045,4407.015,4405.045,4405.075
1786523760,4405.13,4406.71,4404.82,4406.29
1786523940,4406.3,4406.395,4404.56,4405.375
1786524120,4405.37,4406.45,4405.23,4406.24
1786524300,4406.23,4406.235,4402.935,4403.2
1786524480,4403.225,4405.2,4402.94,4404.795
1786524660,4404.805,4405.015,4403.555,4404.165
1786524840,4404.175,4404.27,4402.64,4403.575
1786525020,4403.5,4403.565,4401.8,4401.895
1786525200,4401.95,4405.365,4401.925,4405.365
1786525380,4405.355,4408.095,4404.88,4407.15
1786525560,4407.13,4408.88,4406.99,4407.535
1786525740,4407.595,4411.59,4407.345,4411.205
1786525920,4411.15,4413.215,4410.645,4413.045
1786526100,4413.13,4417.985,4412.58,4415.5
1786526280,4415.49,4416.01,4413.83,4414.335
1786526460,4414.37,4422.01,4413.545,4421.37
1786526640,4421.34,4424.46,4417.595,4417.88
1786526820,4417.84,4417.865,4413.125,4413.315
1786527000,4413.215,4415.9,4412.06,4415.585
1786527180,4415.58,4415.96,4412.72,4413.16
1786527360,4413.105,4416.275,4412.815,4415.675
1786527540,4415.615,4417.24,4414.985,4415.985
1786527720,4416.03,4416.495,4413.24,4413.795
1786527900,4413.86,4414.13,4412.705,4413.465
1786528080,4413.46,4416.785,4412.515,4416.44
1786528260,4416.39,4416.39,4411.52,4411.865
1786528440,4411.845,4413.235,4410.945,4412.79
1786528620,4412.735,4416.62,4412.715,4416.055
1786528800,4416.09,4416.41,4414.78,4414.82
1786528980,4414.8,4417.075,4414.68,4416.665
1786529160,4416.65,4417.625,4415.54,4415.77
1786529340,4415.71,4419.12,4415.565,4418.85
1786529520,4418.825,4419.36,4417.255,4417.905
1786529700,4417.975,4419.31,4417.5,4418.44
1786529880,4418.415,4420.375,4418.11,4419.98
1786530060,4419.97,4420.26,4419.035,4419.785
1786530240,4419.82,4420.21,4418.1,4419.755
1786530420,4419.765,4421.025,4419.46,4419.795
1786530600,4419.63,4420.035,4417.53,4418.66
1786530780,4418.64,4418.64,4415.58,4416.03
1786530960,4416,4416.43,4414.135,4414.23
1786531140,4414.24,4414.97,4412.89,4414.2
1786531320,4414.155,4415.285,4413.47,4414.835
1786531500,4414.745,4415.8,4413.85,4414.395
1786531680,4414.4,4414.64,4407.575,4409.145
1786531860,4409.19,4411.08,4408.865,4410.945
1786532040,4410.95,4412.39,4410.035,4411.52
1786532220,4411.5,4412.945,4410.885,4412.88
1786532400,4412.885,4415.415,4412.675,4413.105
1786532580,4413.055,4413.44,4409.465,4410.44
1786532760,4410.465,4411.73,4409.53,4411.415
1786532940,4411.365,4411.52,4409.69,4410.38
1786533120,4410.295,4411.48,4407.995,4408.1
1786533300,4408.15,4410.13,4408.085,4409.29
1786533480,4409.29,4410.91,4409.125,4410.65
1786533660,4410.655,4411.21,4409.97,4411.08
1786533840,4411.06,4412.075,4410.385,4411.92
1786534020,4411.91,4416.805,4411.745,4415.105
1786534200,4415.06,4415.925,4414.355,4415.115
1786534380,4415.09,4415.445,4413.02,4413.41
1786534560,4413.405,4413.66,4410.305,4411.8
1786534740,4411.75,4414.01,4411.21,4413.415
1786534920,4413.42,4413.455,4412.225,4413.305
1786535100,4413.285,4414.295,4412.835,4414.065
1786535280,4414.07,4414.14,4412.775,4413.22
1786535460,4413.265,4414.485,4412.775,4414.055
1786535640,4414.025,4415.635,4413.555,4414.195
1786535820,4414.215,4414.215,4412.73,4412.935
1786536000,4412.955,4413.235,4410.27,4410.95
1786536180,4410.955,4410.98,4407.325,4407.5
1786536360,4407.48,4409.48,4407.03,4408.365
1786536540,4408.36,4409.35,4406.485,4409.145
1786536720,4409.17,4409.56,4407.375,4408.87
1786536900,4408.745,4409.22,4406.875,4408.02
1786537080,4407.965,4409.815,4407.21,4408.275
1786537260,4408.285,4409.855,4405.18,4408.56
1786537440,4408.565,4409.39,4404.855,4408.945
1786537620,4408.935,4427.625,4408.79,4427.49
1786537800,4427.57,4432.58,4382.485,4417.445
1786537980,4417.44,4431.965,4415.525,4416.715
1786538160,4416.675,4426.735,4416.63,4424
1786538340,4424.01,4430.07,4423.31,4427.615
1786538520,4427.635,4438.305,4426.695,4428.425
1786538700,4428.405,4428.415,4416.75,4421.355
1786538880,4421.36,4426.965,4420.71,4424.73
1786539060,4424.67,4428.915,4422.45,4427.455
1786539240,4427.45,4429.825,4426.47,4429.78
1786539420,4429.77,4438.115,4429.715,4437.37
1786539600,4437.37,4441.315,4426.75,4433.42
1786539780,4433.43,4435.755,4429.43,4430.36
1786539960,4430.385,4434.055,4427.77,4431.295
1786540140,4431.315,4431.39,4427.345,4429.605
1786540320,4429.655,4430.31,4420.835,4421.95
1786540500,4422.015,4428.93,4421.1,4428.51
1786540680,4428.525,4429.1,4422.96,4424.985
1786540860,4424.9,4425.745,4417.915,4419.425
1786541040,4419.42,4419.985,4414.595,4418.45
1786541220,4418.43,4419.46,4416.155,4418.575
1786541400,4418.585,4421.08,4414.375,4416.835
1786541580,4416.815,4419.235,4412.6,4416.4
1786541760,4416.405,4419.96,4413.52,4415.21
1786541940,4415.17,4415.25,4408.65,4413.535
1786542120,4413.525,4420.285,4410.71,4416.57
1786542300,4416.565,4425.825,4415.465,4423.78
1786542480,4423.79,4429.45,4423.78,4428
1786542660,4427.99,4433.225,4426.8,4433.185
1786542840,4433.18,4434.035,4428.645,4430.15
1786543020,4430.105,4432.47,4426.995,4427.53
1786543200,4427.535,4429.16,4421.08,4422.645
1786543380,4422.665,4428.71,4422.245,4427.405
1786543560,4427.4,4430.14,4426.205,4428.365
1786543740,4428.355,4434.415,4427.52,4434.26
1786543920,4434.245,4434.87,4431.675,4431.84
1786544100,4431.835,4436.835,4429.975,4434.895
1786544280,4434.92,4437.6,4433.985,4435.92
1786544460,4435.91,4439.75,4435.05,4435.475
1786544640,4435.48,4437.37,4430.985,4434
1786544820,4434.045,4437.285,4430.39,4431.63
1786545000,4431.64,4436.255,4419.43,4427.11
1786545180,4427.12,4429.27,4416.545,4419.9
1786545360,4419.895,4423.32,4418.315,4419.2
1786545540,4419.155,4422.115,4416.705,4419.035
1786545720,4419.01,4425.56,4417.22,4425.13
1786545900,4425.16,4432.525,4422.94,4422.985
1786546080,4422.98,4424.635,4420.355,4421.84
1786546260,4421.785,4421.88,4416.62,4420.87
1786546440,4420.915,4424.195,4419.16,4420.465
1786546620,4420.51,4423.325,4420.135,4422.16
1786546800,4422.245,4423.525,4418.755,4420.795
1786546980,4420.625,4422.96,4415.045,4416.83
1786547160,4416.76,4423.245,4415.99,4420.885
1786547340,4420.845,4423.935,4420.17,4423.915
1786547520,4423.93,4430.14,4423.895,4426.645
1786547700,4426.67,4427.1,4423.635,4423.635
1786547880,4423.63,4426.21,4422.31,4425.965
1786548060,4425.935,4428.17,4424.895,4426.04
1786548240,4426.025,4426.885,4423.585,4424.445
1786548420,4424.425,4425.12,4419.76,4421.69
1786548600,4421.71,4425.565,4421.395,4423.015
1786548780,4423.005,4423.44,4418.065,4419.045
1786548960,4418.945,4421.205,4416.945,4420.83
1786549140,4420.82,4422,4418.215,4420.09
1786549320,4420.085,4421.755,4417.08,4418.185
1786549500,4418.18,4418.55,4415.465,4416.575
1786549680,4416.535,4417.055,4414.205,4414.41
1786549860,4414.35,4416.515,4411.145,4416.365
1786550040,4416.41,4419.89,4415.705,4419.4
1786550220,4419.5,4422.52,4419.5,4421.17
1786550400,4421.145,4425.85,4420.33,4421.905
1786550580,4421.87,4422.27,4418.355,4421.5
1786550760,4421.48,4422.01,4418.19,4419.205
1786550940,4419.19,4420.87,4416.84,4420.52
1786551120,4420.515,4424.325,4419.94,4423.56
1786551300,4423.54,4425.115,4422.75,4424.36
1786551480,4424.36,4426.3,4424.025,4424.135
1786551660,4424.075,4425.56,4423.83,4425.465
1786551840,4425.46,4426.57,4423.815,4423.815
1786552020,4423.835,4423.845,4422.44,4423.25
1786552200,4423.23,4423.92,4418.805,4418.905
1786552380,4418.895,4419.285,4411.57,4414.73
1786552560,4414.745,4416.14,4413.58,4414.795
1786552740,4414.805,4415.86,4413.265,4414.495
1786552920,4414.45,4414.995,4409.435,4411.08
1786553100,4411.07,4411.43,4406.46,4406.575
1786553280,4406.52,4406.57,4402.05,4404.03
1786553460,4404.04,4406.23,4402.335,4406.23
1786553640,4406.2,4406.35,4396.575,4398.495
1786553820,4398.395,4403.2,4398.395,4401.68
1786554000,4401.685,4405.555,4400.05,4405.1
1786554180,4404.975,4405.38,4402.39,4404.8
1786554360,4404.815,4407.65,4403.76,4406.435
1786554540,4406.405,4407.705,4404.7,4405.245
1786554720,4405.205,4405.72,4403.365,4403.815
1786554900,4403.82,4404.43,4402.195,4403
1786555080,4403.005,4405.7,4402.14,4405.465
1786555260,4405.45,4409.67,4404.785,4408.96
1786555440,4409.035,4409.885,4405.425,4407.635
1786555620,4407.615,4409.08,4406.38,4406.655
1786555800,4406.72,4409.645,4406.095,4409.6
1786555980,4409.62,4410.835,4409.62,4410.71
1786556160,4410.715,4411.575,4405.15,4405.265
1786556340,4405.315,4405.895,4403.205,4404.565
1786556520,4404.56,4405.005,4401.435,4402.05
1786556700,4402.055,4403.995,4401.7,4403.44
1786556880,4403.48,4404.125,4402.9,4403.94
1786557060,4403.95,4405.68,4401.34,4401.34
1786557240,4401.305,4401.765,4399.89,4401.765
1786557420,4401.77,4401.905,4399.135,4399.62
1786557600,4399.625,4399.64,4396.575,4397.5
1786557780,4397.495,4399.59,4396.925,4399.32
1786557960,4399.32,4403.295,4399.2,4402.655
1786558140,4402.645,4406.77,4402.42,4405.595
1786558320,4405.625,4406.505,4405.375,4405.92
1786558500,4405.99,4407.64,4404.73,4407.135
1786558680,4407.12,4408.415,4406.56,4407.62
1786558860,4407.59,4410.59,4407.475,4410.035
1786559040,4410.01,4411.17,4409.295,4410.795
1786559220,4410.76,4411.33,4407.475,4408.655
1786559400,4408.64,4411.43,4408.06,4411.43
1786559580,4411.335,4413.2,4410.965,4412.53
1786559760,4412.5,4412.77,4411.07,4411.21
1786559940,4411.11,4412.03,4410.54,4411.68
1786560120,4411.735,4413.84,4411.205,4413.775
1786560300,4413.745,4415.79,4413.465,4414.3
1786560480,4414.26,4418.005,4413.9,4415.545
1786560660,4415.55,4416.005,4414.155,4414.155
1786560840,4414.16,4414.43,4413.28,4413.455
1786561020,4413.355,4413.69,4412.905,4413.165
1786561200,4413.185,4417.18,4412.97,4415.48
1786561380,4415.525,4418.08,4415.465,4417.995
1786561560,4417.94,4418.475,4415.345,4415.705
1786561740,4415.655,4416.575,4415.09,4416.005
1786561920,4416.065,4416.915,4415.65,4416.49
1786562100,4416.45,4417.655,4416.07,4417.465
1786562280,4417.515,4418.115,4416.425,4416.9
1786562460,4416.885,4417.725,4416.2,4417.35
1786562640,4417.345,4417.5,4415.795,4416.24
1786562820,4416.34,4417.22,4415.79,4416.865
1786563000,4416.895,4416.925,4414.95,4414.95
1786563180,4414.935,4414.935,4413.43,4413.735
1786563360,4413.65,4413.78,4411.435,4411.585
1786563540,4411.635,4413.24,4411.495,4412.245
1786563720,4412.27,4413.535,4411.44,4413.335
1786563900,4413.285,4413.675,4411.545,4412.46
1786564080,4412.47,4412.93,4408.335,4410.985
1786564260,4411.045,4413.285,4410.5,4410.855
1786564440,4410.85,4413.605,4410.83,4413.06
1786564620,4413.015,4414.23,4411.44,4414.08
1786564800,4413.99,4414.37,4411.765,4413.455
1786564980,4413.35,4413.715,4411.16,4411.375
1786565160,4411.435,4412.02,4410.99,4411.045
1786565340,4411.24,4411.24,4410.005,4410.005
1786565520,4410,4410,4408.83,4409.08
1786565700,4409.095,4410.02,4408.415,4408.565
1786565880,4408.545,4408.86,4407.19,4407.28
1786566060,4407.41,4407.64,4406.725,4407.24
1786566240,4407.245,4408.38,4407.11,4407.47
1786566420,4407.455,4408.84,4407.245,4407.925
1786566600,4407.885,4407.92,4407.195,4407.585
1786566780,4407.69,4407.915,4406.88,4407.45
1786566960,4407.44,4408.895,4407.36,4408.44
1786567140,4408.55,4408.77,4408.06,4408.375
1786567320,4408.225,4408.225,4407.43,4408.05
1786567500,4408.13,4408.46,4407.05,4407.48
1786567680,4407.43,4408.89,4407.24,4408.535
1786567860,4408.485,4408.75,4407.755,4407.89
1786568040,4407.83,4408.63,4406.755,4407.84
1786568220,4407.79,4409.035,4407.635,4408.525
1786572180,4405.785,4405.8,4402.835,4403.81
1786572360,4403.785,4404.885,4403.56,4403.975
1786572540,4403.875,4404.525,4403.58,4403.85
1786572720,4403.905,4404.035,4402.565,4403.27
1786572900,4403.235,4403.29,4401.77,4401.94
1786573080,4401.92,4402.67,4401.65,4402.08
1786573260,4402.075,4403.02,4401.835,4402.36
1786573440,4402.33,4402.955,4398.9,4399.285
1786573620,4399.28,4400.13,4398.43,4399.485
1786573800,4399.48,4402.01,4399.08,4401.185
1786573980,4401.3,4401.465,4399.35,4399.43
1786574160,4399.48,4400.185,4398.865,4399.37
1786574340,4399.375,4400.365,4399.1,4400.23
1786574520,4400.295,4400.62,4399.98,4400.11
1786574700,4400.29,4401.41,4399.885,4400.74
1786574880,4400.725,4401.255,4400.485,4400.915
1786575060,4400.94,4402.035,4400.73,4401.9
1786575240,4401.85,4402.505,4401.72,4402.25
1786575420,4402.305,4403.135,4401.795,4401.835
1786575600,4401.925,4403.695,4401.875,4403.64
1786575780,4403.63,4404.53,4403.18,4403.38
1786575960,4403.31,4405.455,4403.31,4404.825
1786576140,4404.82,4406.105,4404.64,4405.72
1786576320,4405.685,4406,4405.48,4405.74
1786576500,4405.755,4407.77,4405.705,4407.3
1786576680,4407.35,4408.08,4407.185,4408.02
1786576860,4408.01,4408.535,4407.555,4408.315
1786577040,4408.305,4409.85,4407.57,4408.915
1786577220,4408.925,4410.03,4408.345,4408.425
1786577400,4408.46,4409.27,4408.325,4408.605
1786577580,4408.66,4410.54,4408.49,4409.11
1786577760,4409.14,4409.625,4408.11,4408.2
1786577940,4408.15,4408.445,4407.285,4407.83
1786578120,4407.73,4409.19,4407.48,4408.655
1786578300,4408.745,4410.1,4408.69,4409.61
1786578480,4409.555,4409.63,4408.03,4408.865
1786578660,4408.8,4410.42,4408.26,4410.345
1786578840,4410.355,4411.94,4410.09,4411.4
1786579020,4411.32,4414.62,4411.32,4414.515
1786579200,4414.565,4417.89,4413.06,4417.105
1786579380,4417.115,4419.525,4415.31,4417.475
1786579560,4417.46,4421.74,4417.285,4421.74
1786579740,4421.68,4422.37,4418.835,4420.2
1786579920,4420.28,4421.35,4419.26,4419.26
1786580100,4419.395,4427.625,4419.36,4426.5
1786580280,4426.505,4432.37,4426.265,4430.38
1786580460,4430.31,4437.545,4430.265,4437.05
1786580640,4436.98,4437.005,4428.535,4429.595
1786580820,4429.5,4430.615,4427.22,4428.43
1786581000,4428.37,4430.365,4424.6,4430.005
1786581180,4429.955,4449.83,4429.285,4441.35
1786581360,4441.4,4445.585,4437.03,4437.98
1786581540,4438,4439.73,4437.205,4438.25
1786581720,4438.21,4440.735,4437.805,4440.225
1786581900,4440.205,4440.335,4436.99,4438.255
1786582080,4438.265,4440.045,4428.83,4430.155
1786582260,4430.15,4432.705,4429.67,4432.445
1786582440,4432.43,4432.795,4428.17,4429.64
1786582620,4429.65,4429.85,4424.175,4427.76
1786582800,4427.71,4432.73,4422.835,4431.32
1786582980,4431.335,4434.745,4427.63,4434.565
1786583160,4434.65,4435.44,4432.37,4433.47
1786583340,4433.485,4435.04,4430.835,4430.985
1786583520,4430.93,4434.48,4428.815,4430.035
1786583700,4430.075,4435.35,4429.91,4432.445
1786583880,4432.42,4432.51,4423.58,4423.8
1786584060,4423.605,4424.49,4419.105,4423.15
1786584240,4423.02,4423.805,4420.74,4421.595
1786584420,4421.6,4422.285,4419.245,4419.425
1786584600,4419.395,4429.125,4419.045,4428.39
1786584780,4428.4,4430.34,4426.32,4429.185
1786584960,4429.18,4430.075,4424.535,4424.635
1786585140,4424.645,4426.7,4421.135,4422.34
1786585320,4422.315,4422.775,4417.865,4419.335
1786585500,4419.28,4419.28,4410.495,4410.95
1786585680,4410.94,4414.275,4410.56,4412.88
1786585860,4412.96,4415.01,4409.485,4414.92
1786586040,4414.88,4416.165,4410.86,4411.005
1786586220,4411.015,4412.365,4406.33,4408.55
1786586400,4408.5,4410.345,4405.81,4407.365
1786586580,4407.31,4409.95,4406.42,4408.92
1786586760,4408.98,4410.835,4405.56,4410.83
1786586940,4410.785,4414.245,4410.62,4412.52
1786587120,4412.43,4413.425,4410.26,4410.875
1786587300,4410.86,4412.185,4410.155,4411.235
1786587480,4411.26,4412.62,4410.435,4411.955
1786587660,4411.95,4412.295,4408.325,4408.47
1786587840,4408.34,4408.975,4405.87,4407.77
1786588020,4407.715,4408.965,4406.45,4406.68
1786588200,4406.58,4406.58,4402.225,4402.615
1786588380,4402.59,4404.03,4400.44,4402.515
1786588560,4402.49,4405.36,4399.135,4404.66
1786588740,4404.65,4409.23,4404.525,4407.6
1786588920,4407.565,4410.285,4406.67,4410.285
1786589100,4410.29,4410.385,4407.285,4409.23
1786589280,4409.205,4410.74,4409.205,4410.14
1786589460,4410.13,4410.415,4408.405,4408.86
1786589640,4408.855,4409.075,4405.56,4406.775
1786589820,4406.785,4408.145,4406.725,4407.215
1786590000,4407.145,4411.115,4406.86,4410.78
1786590180,4410.73,4412.29,4409.815,4410.845
1786590360,4410.83,4411.05,4408.275,4408.285
1786590540,4408.29,4410.125,4404.04,4405.58
1786590720,4405.57,4407.335,4405.38,4407.11
1786590900,4407.095,4407.845,4405.51,4406.645
1786591080,4406.69,4410.275,4406.395,4407.285
1786591260,4407.29,4409.205,4407.13,4408.385
1786591440,4408.37,4409.8,4407.78,4408.4
1786591620,4408.47,4410.225,4408.055,4409.26
1786591800,4409.34,4410.525,4409.245,4409.95
1786591980,4409.955,4410.56,4409.06,4409.59
1786592160,4409.585,4410.3,4408.91,4409.31
1786592340,4409.265,4409.455,4407.175,4407.75
1786592520,4407.735,4408.005,4405.525,4406.015
1786592700,4406,4407.68,4405.075,4406.11
1786592880,4406.065,4406.62,4404.07,4405.6
1786593060,4405.545,4406.1,4403.84,4403.885
1786593240,4403.89,4403.97,4400.45,4401.005
1786593420,4401,4401.075,4398.78,4400.3
1786593600,4400.235,4400.525,4394.76,4399.595
1786593780,4399.64,4400.11,4395.27,4395.75
1786593960,4395.72,4397.445,4395.3,4396.02
1786594140,4396.055,4396.78,4391.615,4393.12
1786594320,4393.12,4395.835,4393.09,4394.59
1786594500,4394.595,4395.97,4393.615,4394.61
1786594680,4394.62,4395.33,4393.415,4394.545
1786594860,4394.535,4395.125,4392.56,4394.995
1786595040,4394.98,4399.265,4394.98,4398.58
1786595220,4398.595,4398.835,4397.425,4398.23
1786595400,4398.275,4399.59,4397.89,4398.815
1786595580,4398.78,4399.125,4397.315,4398.005
1786595760,4398.015,4399.485,4397.95,4398.065
1786595940,4398.07,4399.305,4397,4399.215
1786596120,4399.27,4399.455,4395.2,4395.945
1786596300,4395.9,4398.95,4395.78,4396.95
1786596480,4396.955,4398.445,4395.38,4395.65
1786596660,4395.585,4397.785,4395.325,4397.19
1786596840,4397.18,4397.91,4396.28,4397.62
1786597020,4397.605,4398.62,4397.375,4397.825
1786597200,4397.85,4397.98,4393.075,4396.085
1786597380,4396.09,4397.65,4393.685,4395.145
1786597560,4395.15,4397.235,4394.685,4396.045
1786597740,4396.095,4399.655,4394.505,4399.335
1786597920,4399.315,4404.735,4398.95,4404.61
1786598100,4404.63,4405.75,4400.88,4402.315
1786598280,4402.3,4404.235,4400.795,4402.485
1786598460,4402.48,4403.75,4402.24,4402.6
1786598640,4402.66,4406.945,4402.395,4406.945
1786598820,4407.025,4407.31,4405.6,4406.31
1786599000,4406.48,4407.12,4394.37,4395.785
1786599180,4395.74,4398.745,4393.505,4398.08
1786599360,4398.11,4399.475,4396.985,4398.62
1786599540,4398.585,4401.01,4392.905,4395.305
1786599720,4395.295,4395.295,4386.39,4387.745
1786599900,4387.67,4389.515,4383.225,4385.4
1786600080,4385.35,4387.78,4384.45,4386.96
1786600260,4386.895,4389.305,4384.71,4384.875
1786600440,4384.82,4386.205,4383.06,4385.815
1786600620,4385.865,4386.485,4380.63,4383.06
1786600800,4383.12,4385.68,4382.315,4382.74
1786600980,4382.765,4384.455,4375.53,4378.06
1786601160,4378.075,4379.38,4375.755,4377.075
1786601340,4377.06,4380.785,4376.64,4378.685
1786601520,4378.745,4379.29,4375.1,4375.97
1786601700,4375.975,4378.545,4375.21,4377.655
1786601880,4377.625,4378.29,4374.49,4377.605
1786602060,4377.595,4377.65,4374.28,4375.865
1786602240,4375.86,4378.855,4375.66,4375.845
1786602420,4375.855,4377.815,4374.46,4376.12
1786602600,4375.955,4378.64,4374.23,4377.025
1786602780,4376.905,4376.905,4370.06,4372.655
1786602960,4372.665,4372.705,4369.035,4369.88
1786603140,4370.07,4374.015,4370.07,4373.42
1786603320,4373.475,4374.74,4372,4374.3
1786603500,4374.285,4377.725,4374.18,4377.51
1786603680,4377.415,4379.92,4377.175,4379.575
1786603860,4379.55,4380.395,4378.765,4380.015
1786604040,4379.985,4381.69,4379.705,4380.92
1786604220,4380.925,4381.605,4379.615,4381.06
1786604400,4380.955,4381.84,4378.295,4379.725
1786604580,4379.735,4381.56,4378.905,4379.44
1786604760,4379.395,4380.1,4377.45,4379.295
1786604940,4379.365,4379.98,4377.235,4377.535
1786605120,4377.545,4379.055,4375.095,4376.965
1786605300,4377.03,4377.805,4374.65,4375.53
1786605480,4375.535,4376.065,4373.77,4375.85
1786605660,4375.87,4376.915,4374.58,4376.735
1786605840,4376.72,4377.215,4374.765,4376.09
1786606020,4376.095,4377.42,4375.305,4376.59
1786606200,4376.575,4377.42,4373.49,4373.895
1786606380,4373.9,4375.255,4372.24,4375.2
1786606560,4375.23,4376.76,4373.75,4374.085
1786606740,4374.05,4376.91,4373.635,4376.885
1786606920,4376.925,4378.79,4376.295,4378.66
1786607100,4378.655,4378.87,4373.995,4374.73
1786607280,4374.735,4376.7,4370.035,4373.355
1786607460,4373.43,4373.775,4371.69,4373.49
1786607640,4373.495,4373.79,4369.405,4370.19
1786607820,4370.17,4370.92,4369.445,4369.93
1786608000,4369.935,4370.715,4367.115,4368.71
1786608180,4368.715,4368.86,4365.63,4368.38
1786608360,4368.435,4369.865,4366.065,4367.35
1786608540,4367.44,4367.53,4364.17,4364.375
1786608720,4364.28,4368.07,4364.27,4366.165
1786608900,4366.075,4368.09,4365.59,4366.425
1786609080,4366.41,4367.36,4365.005,4366.94
1786609260,4366.86,4370.175,4366.685,4368.995
1786609440,4369.005,4372.5,4368.89,4372.42
1786609620,4372.435,4373.665,4370.56,4372.915
1786609800,4372.925,4374.48,4372.07,4373.545
1786609980,4373.525,4375.895,4372.885,4375.415
1786610160,4375.41,4375.68,4373.615,4375.455
1786610340,4375.625,4375.65,4373.53,4374.62
1786610520,4374.615,4375.455,4373.64,4373.735
1786610700,4373.755,4375.995,4373.515,4375.75
1786610880,4375.745,4379.355,4375.645,4378.14
1786611060,4378.01,4378.365,4375.445,4375.58
1786611240,4375.555,4377.23,4375,4376.205
1786611420,4376.215,4376.73,4375.14,4376.025
1786611600,4375.995,4377,4374.415,4374.65
1786611780,4374.665,4374.985,4373.03,4373.21
1786611960,4373.185,4378.205,4372.605,4377.835
1786612140,4377.84,4378.01,4376.51,4377.06
1786612320,4377.065,4378.48,4376.875,4376.965
1786612500,4376.935,4379.165,4376.34,4378.115
1786612680,4378.02,4381.975,4377.74,4381.235
1786612860,4381.255,4382.18,4379.465,4379.56
1786613040,4379.54,4380.855,4378.09,4380.855
1786613220,4380.86,4382.315,4379.77,4379.88
1786613400,4379.865,4381.425,4379.655,4380.945
1786613580,4380.85,4381.635,4380.155,4381.48
1786613760,4381.47,4381.705,4380.24,4380.92
1786613940,4380.865,4381.755,4378.8,4379.17
1786614120,4379.165,4380.625,4379.165,4380.045
1786614300,4379.96,4380.72,4378.775,4379.255
1786614480,4379.25,4380.395,4378.505,4379.32
1786614660,4379.325,4380.85,4379,4380.14
1786614840,4380.135,4382.62,4379.885,4381.7
1786615020,4381.705,4384.92,4381.425,4384.635
1786615200,4384.66,4385.38,4383.86,4384.6
1786615380,4384.59,4385.22,4383.555,4385.065
1786615560,4385.06,4385.43,4383.95,4384.555
1786615740,4384.535,4385.005,4383.305,4384.045
1786615920,4383.94,4384.035,4381.51,4381.63
1786616100,4381.64,4383.49,4381.64,4383.475
1786616280,4383.42,4385.925,4383.41,4385.335
1786616460,4385.17,4386.485,4383.845,4384.685
1786616640,4384.68,4386.56,4384.25,4385.97
1786616820,4385.975,4387.67,4385.73,4387.195
1786617000,4387.135,4387.87,4385.705,4385.745
1786617180,4385.76,4386.205,4384.57,4386.105
1786617360,4386.065,4389.185,4386.045,4388.67
1786617540,4388.64,4389.055,4388.075,4388.545
1786617720,4388.535,4390.61,4388.015,4390.555
1786617900,4390.585,4390.585,4388.25,4388.93
1786618080,4388.83,4392.79,4388.74,4392.735
1786618260,4392.725,4393.86,4391.8,4393.27
1786618440,4393.275,4393.52,4391.19,4392.135
1786618620,4392.09,4393.005,4391.66,4392.245
1786618800,4392.215,4392.995,4389.88,4390.36
1786618980,4390.28,4390.595,4388.47,4389.99
1786619160,4389.94,4391.73,4389.92,4391.37
1786619340,4391.42,4391.86,4390.28,4391.79
1786619520,4391.8,4394.49,4391.52,4394.38
1786619700,4394.395,4396.715,4392.765,4393.11
1786619880,4393.01,4394.4,4392.865,4393.63
1786620060,4393.61,4394.3,4391.295,4392.28
1786620240,4392.285,4393.095,4391.14,4391.71
1786620420,4391.67,4391.735,4388.14,4388.165
1786620600,4388.255,4389.21,4387.815,4388.33
1786620780,4388.39,4390.02,4386.92,4388.195
1786620960,4388.2,4389.195,4388.07,4388.715
1786621140,4388.72,4389.3,4385.005,4385.06
1786621320,4385.05,4387.245,4383.83,4384.07
1786621500,4383.975,4385.835,4383.2,4383.99
1786621680,4384.065,4385.26,4383.27,4384.64
1786621860,4384.635,4385.41,4384.095,4384.895
1786622040,4384.9,4385.315,4382.99,4385.01
1786622220,4385.005,4388.24,4384.575,4387.865
1786622400,4387.8,4388.27,4386.035,4387.115
1786622580,4387.09,4388.52,4385.81,4387.97
1786622760,4387.965,4391.635,4387.525,4391.575
1786622940,4391.57,4391.775,4388.325,4390.52
1786623120,4390.58,4390.95,4388.135,4389.16
1786623300,4389.19,4389.71,4385.06,4386.63
1786623480,4386.675,4390,4384.865,4389.245
1786623660,4389.265,4389.29,4384.675,4386.515
1786623840,4386.5,4386.86,4384.385,4385.97
1786624020,4385.98,4392.99,4384.165,4391.145
1786624200,4391.135,4401.47,4380.88,4381.26
1786624380,4381.285,4392.77,4381.27,4391.325
1786624560,4391.28,4392.095,4386.445,4389.585
1786624740,4389.595,4391.52,4385.805,4391.52
1786624920,4391.44,4394.4,4390.02,4392.085
1786625100,4392.14,4396.325,4391.69,4396.07
1786625280,4396.06,4397.355,4393.565,4393.895
1786625460,4393.9,4397.135,4392.84,4395.125
1786625640,4395.12,4395.845,4393.035,4393.055
1786625820,4393.05,4401.9,4393.05,4401.82
1786626000,4401.745,4402.215,4391.62,4393.565
1786626180,4393.57,4396.25,4391.89,4395.555
1786626360,4395.605,4398.175,4392.065,4396.64
1786626540,4396.715,4396.95,4392.45,4393.93
1786626720,4393.97,4394.72,4391.12,4394.07
1786626900,4394.085,4395.445,4392.23,4394.75
1786627080,4394.795,4395.07,4390.76,4394.24
1786627260,4394.205,4395.39,4391.18,4392.29
1786627440,4392.3,4392.3,4386.035,4388.155
1786627620,4388.12,4390.1,4383.98,4385.185
1786627800,4385.22,4389.92,4381.275,4384.73
1786627980,4384.855,4386.63,4377.14,4379.275
1786628160,4379.435,4381.525,4375.43,4378.22
1786628340,4378.23,4384.11,4376.555,4376.94
1786628520,4376.92,4381.68,4376.725,4379.425
1786628700,4379.435,4382.76,4375.895,4382.605
1786628880,4382.545,4383.06,4375.74,4377.14
1786629060,4377.17,4378.225,4370.84,4371.635
1786629240,4371.775,4377.895,4371.365,4375.58
1786629420,4375.645,4378.475,4372.305,4373.045
1786629600,4373.055,4378.965,4371.805,4374.89
1786629780,4374.77,4376.03,4370.075,4375.26
1786629960,4375.31,4378.765,4369.835,4369.91
1786630140,4369.92,4372.35,4367.045,4368.13
1786630320,4368.15,4372.165,4366.76,4371.035
1786630500,4371.06,4377.685,4369.285,4376.745
1786630680,4376.74,4378.21,4372.815,4376
1786630860,4376.005,4378.155,4370.97,4371
1786631040,4370.965,4376.375,4370.76,4374.38
1786631220,4374.305,4374.585,4367.765,4367.875
1786631400,4367.795,4373.275,4357.395,4371.65
1786631580,4371.615,4376.665,4370.88,4376.46
1786631760,4376.415,4377.68,4372.125,4374.345
1786631940,4374.365,4379.28,4374.13,4377.84
1786632120,4377.855,4381.89,4377.02,4381.29
1786632300,4381.365,4384.005,4381.105,4383.065
1786632480,4383.12,4387.19,4382.585,4382.67
1786632660,4382.835,4387.02,4382.615,4385
1786632840,4384.99,4385.335,4383.25,4384.865
1786633020,4384.84,4386.93,4383.335,4383.705
1786633200,4383.725,4385.73,4381.84,4382.02
1786633380,4382.055,4382.43,4374.735,4374.805
1786633560,4374.835,4375.855,4371.73,4372.745
1786633740,4372.725,4372.8,4368.75,4370.825
1786633920,4370.815,4370.815,4368.415,4369.835
1786634100,4369.77,4370.67,4366.66,4367.095
1786634280,4366.995,4368.865,4363.695,4367.66
1786634460,4367.675,4370.505,4366.655,4369.535
1786634640,4369.595,4372.69,4369.16,4372.57
1786634820,4372.575,4374.135,4363.7,4365.385
1786635000,4365.39,4365.485,4359.54,4360.87
1786635180,4360.925,4363.565,4357.755,4362.92
1786635360,4363.015,4369.32,4362.895,4369.18
1786635540,4369.13,4371.625,4368.04,4370.655
1786635720,4370.65,4371.455,4368.24,4368.425
1786635900,4368.455,4370.885,4368.28,4370.67
1786636080,4370.685,4370.79,4367.785,4369.465
1786636260,4369.485,4369.56,4365.62,4365.925
1786636440,4365.955,4368.08,4365.355,4367.97
1786636620,4367.955,4368.245,4363.38,4365.145
1786636800,4365.13,4367.515,4364.255,4365.71
1786636980,4365.715,4366.015,4360.79,4362.285
1786637160,4362.3,4363.525,4360.63,4361.03
1786637340,4361,4361,4355.87,4359.31
1786637520,4359.315,4359.36,4354.13,4355.27
1786637700,4355.33,4355.795,4351.51,4353.345
1786637880,4353.335,4355.825,4351.355,4355.7
1786638060,4355.73,4357.155,4354.03,4355.04
1786638240,4355.045,4360.585,4354.93,4357.12
1786638420,4357.11,4362.89,4356.7,4362.59
1786638600,4362.575,4366.405,4362.57,4364.945
1786638780,4364.89,4366.835,4364.2,4365.53
1786638960,4365.55,4366.085,4363.51,4364.66
1786639140,4364.56,4364.695,4363.075,4363.945
1786639320,4364.015,4367.245,4363.65,4365.74
1786639500,4365.77,4367.625,4365.77,4366.71
1786639680,4366.725,4366.99,4365.455,4365.98
1786639860,4366.01,4366.13,4364.125,4364.875
1786640040,4364.87,4367.37,4364.57,4367.33
1786640220,4367.41,4368.5,4366.33,4367
1786640400,4367.055,4369.345,4366.785,4366.785
1786640580,4366.835,4367.685,4365.05,4367.46
1786640760,4367.49,4372.62,4367.445,4371.06
1786640940,4371.135,4373.235,4370.665,4372.77
1786641120,4372.82,4373.435,4371.17,4371.535
1786641300,4371.595,4371.935,4366.455,4366.51
1786641480,4366.495,4368.53,4366.205,4367.635
1786641660,4367.59,4369.385,4367.52,4367.655
1786641840,4367.69,4369.395,4367.175,4367.68
1786642020,4367.73,4368.07,4362.48,4363.23
1786642200,4363.255,4364.485,4361.085,4362.395
1786642380,4362.4,4362.765,4359.95,4361.2
1786642560,4361.195,4362.475,4360.625,4361.82
1786642740,4361.81,4362.28,4359.985,4360.485
1786642920,4360.51,4360.87,4355.81,4357.315
1786643100,4357.345,4359.935,4357.215,4358.515
1786643280,4358.46,4360.18,4358.35,4360.105
1786643460,4360.01,4360.04,4357.38,4357.865
1786643640,4357.86,4358.67,4356.26,4356.635
1786643820,4356.63,4357.005,4355.835,4356.06
1786644000,4356.05,4360.175,4355.925,4358.88
1786644180,4358.885,4360.16,4357.035,4359.045
1786644360,4359.025,4359.63,4357.415,4358.675
1786644540,4358.665,4360.135,4358.125,4359.785
1786644720,4359.84,4362.875,4359.73,4361.985
1786644900,4361.99,4362.425,4360.9,4362.12
1786645080,4362.135,4363.73,4361.77,4362.345
1786645260,4362.355,4362.635,4359.93,4360.245
1786645440,4360.23,4360.23,4354.935,4355.99
1786645620,4356.035,4358.38,4355.655,4357.67
1786645800,4357.63,4359.685,4356.74,4357.15
1786645980,4357.145,4358.845,4356.435,4358.505
1786646160,4358.475,4360.135,4358.3,4359.755
1786646340,4359.745,4360.635,4357.875,4358.24
1786646520,4358.3,4358.63,4357.46,4358.04
1786646700,4358.035,4358.37,4357.18,4357.64
1786646880,4357.69,4357.69,4355.79,4355.795
1786647060,4355.865,4356.41,4354.75,4355.7
1786647240,4355.735,4357.895,4355.735,4357.255
1786647420,4357.34,4357.75,4356.725,4357.045
1786647600,4357.125,4358.135,4356.16,4357.81
1786647780,4357.835,4358.97,4357.825,4358
1786647960,4358.005,4358.185,4353.185,4353.675
1786648140,4353.69,4354.195,4352.4,4352.89
1786648320,4352.905,4353.785,4346.24,4346.8
1786648500,4346.785,4348.63,4343.65,4347.985
1786648680,4348.01,4348.875,4345.925,4347.555
1786648860,4347.595,4349,4346.41,4348.915
1786649040,4348.93,4351.455,4348.48,4350.15
1786649220,4350.175,4351.79,4349.69,4351.745
1786649400,4351.685,4352.005,4349.76,4350.13
1786649580,4350.14,4352.16,4350.14,4351.055
1786649760,4351.11,4353.83,4350.775,4353.675
1786649940,4353.725,4354.31,4351.605,4352.035
1786650120,4352.075,4353.18,4350.795,4351.445
1786650300,4351.465,4351.545,4347.915,4348.285
1786650480,4348.3,4350.24,4347.685,4349.105
1786650660,4349.1,4350.575,4349,4349.8
1786650840,4349.755,4350.885,4348.37,4349.035
1786651020,4349.015,4350.63,4348.08,4350.255
1786651200,4350.235,4350.7,4346.985,4347.73
1786651380,4347.74,4348.9,4347.08,4348.9
1786651560,4348.84,4349.885,4347.99,4349.53
1786651740,4349.545,4350.62,4349.285,4350.1
1786651920,4350.055,4350.45,4349.41,4350.45
1786652100,4350.495,4351.5,4350.075,4350.815
1786652280,4350.8,4350.87,4350.17,4350.325
1786652460,4350.26,4350.395,4349.34,4349.63
1786652640,4349.635,4352.04,4349.46,4352.02
1786652820,4352.01,4352.28,4351.52,4351.775
1786653000,4351.77,4351.895,4349.11,4349.17
1786653180,4349.2,4349.625,4348.13,4349.49
1786653360,4349.5,4350.035,4348.51,4349.055
1786653540,4349.125,4349.62,4348.43,4349.365
1786653720,4349.32,4350.66,4349.32,4349.64
1786653900,4349.535,4350.32,4349.4,4350.185
1786654080,4350.18,4350.89,4349.72,4350.015
1786654260,4350.065,4350.175,4348.895,4349.195
1786654440,4349.16,4350.685,4348.78,4350.03
1786654620,4349.985,4351.27,4349.83,4351.27
1786658580,4353.405,4354.025,4353.09,4353.865
1786658760,4353.875,4356.975,4353.755,4356.72
1786658940,4356.715,4357.09,4355.515,4355.835
1786659120,4355.795,4356.2,4353.805,4354.325
1786659300,4354.35,4354.705,4353.25,4353.265
1786659480,4353.27,4355.3,4353.015,4354.91
1786659660,4354.905,4356.28,4353.775,4356.28
1786659840,4356.3,4357.27,4355.865,4356.83
1786660020,4356.835,4358.005,4356.555,4357.37
1786660200,4357.335,4357.655,4356.68,4357.13
1786660380,4357.125,4360.355,4355.965,4359.535
1786660560,4359.44,4360.975,4359.175,4360.625
1786660740,4360.645,4362.945,4360.585,4361.445
1786660920,4361.395,4362.13,4359.765,4360.54
1786661100,4360.545,4361.26,4358.585,4359.325
1786661280,4359.355,4360.225,4355.05,4356.68
1786661460,4356.445,4357.16,4354.525,4355.475
1786661640,4355.48,4357.72,4354.995,4355.07
1786661820,4355.15,4355.86,4353.415,4354.91
1786662000,4354.92,4355.52,4352.345,4353.235
1786662180,4353.26,4353.325,4349.315,4351.15
1786662360,4351.13,4355.015,4351.015,4355.015
1786662540,4355.21,4359.825,4355.21,4357.755
1786662720,4357.75,4360.765,4354.555,4360.755
1786662900,4360.75,4361.19,4358.605,4360.71
1786663080,4360.765,4361.4,4356.985,4358.41
1786663260,4358.43,4360.185,4357.95,4359.485
1786663440,4359.5,4362.365,4358.975,4362.02
1786663620,4361.96,4363.22,4359.76,4363.185
1786663800,4363.17,4363.69,4361.68,4361.825
1786663980,4361.835,4362.205,4361.025,4361.085
1786664160,4361.025,4361.345,4360.095,4360.415
1786664340,4360.42,4362.23,4358.715,4359.285
1786664520,4359.24,4360.73,4358.865,4360.465
1786664700,4360.545,4364.45,4359.515,4364.235
1786664880,4364.23,4364.23,4359.79,4359.92
1786665060,4359.97,4360.85,4358.14,4358.175
1786665240,4358.275,4359.55,4357.19,4359.22
1786665420,4359.27,4359.555,4356.475,4356.475
1786665600,4356.46,4362.045,4355.695,4360.93
1786665780,4360.94,4361.78,4356.695,4356.89
1786665960,4356.825,4357.12,4354.1,4356.165
1786666140,4356.085,4358.315,4353.705,4354.47
1786666320,4354.28,4354.835,4350.595,4352.22
1786666500,4352.315,4352.33,4348.035,4349.425
1786666680,4349.44,4350.705,4348.625,4349.375
1786666860,4349.495,4349.845,4345.585,4346.35
1786667040,4346.355,4347.93,4339.78,4342.11
1786667220,4342.09,4344.17,4339.48,4339.515
1786667400,4339.515,4342.985,4337.31,4342.22
1786667580,4342.215,4347.005,4339.525,4343.84
1786667760,4343.83,4344.04,4335.885,4336.25
1786667940,4336.235,4337.57,4334.61,4335.77
1786668120,4335.745,4340.485,4334.825,4339.86
1786668300,4339.835,4342.93,4336.575,4337.285
1786668480,4337.23,4337.535,4329.42,4336.44
1786668660,4336.49,4337.96,4334.53,4335.795
1786668840,4335.745,4341.19,4335.745,4340.875
1786669020,4340.88,4342.195,4338.865,4341.095
1786669200,4341.085,4341.325,4329.735,4331.245
1786669380,4331.305,4332.385,4329.355,4331.245
1786669560,4331.375,4334,4329.475,4329.79
1786669740,4329.635,4329.9,4322.14,4324.9
1786669920,4324.89,4326.46,4322.705,4324.275
1786670100,4324.34,4326.11,4321.63,4322.16
1786670280,4322.075,4323.655,4317.735,4323.18
1786670460,4323.23,4325.875,4318.355,4319.585
1786670640,4319.535,4321.29,4315.01,4319.3
1786670820,4319.315,4322.015,4317.94,4319.715
1786671000,4319.81,4319.825,4313.25,4313.635
1786671180,4313.66,4315.24,4313.365,4314.385
1786671360,4314.46,4319.38,4313,4318.285
1786671540,4318.31,4320.47,4318.31,4319.995
1786671720,4319.98,4321.63,4318.89,4319.72
1786671900,4319.7,4323.43,4317.015,4317.465
1786672080,4317.195,4317.195,4314.255,4315.815
1786672260,4315.85,4318.695,4312.22,4318.25
1786672440,4318.21,4321.68,4317.46,4320.445
1786672620,4320.42,4321.33,4316.6,4318.255
1786672800,4318.26,4322.94,4317.395,4321.615
1786672980,4321.595,4322.65,4315.975,4317.71
1786673160,4317.705,4319.74,4317.025,4317.955
1786673340,4317.89,4318.465,4313.325,4313.325
1786673520,4313.245,4314.24,4311.27,4312.54
1786673700,4312.545,4317.45,4312.52,4314.96
1786673880,4314.91,4317.75,4312.91,4316.645
1786674060,4316.71,4316.985,4315.005,4316
1786674240,4315.985,4317.21,4315.365,4316.825
1786674420,4316.92,4318.415,4312.87,4313.135
1786674600,4313.07,4321.415,4312.4,4320.69
1786674780,4320.64,4321.72,4311.645,4321.395
1786674960,4321.38,4322.635,4319.145,4319.145
1786675140,4319.135,4321.86,4319.12,4319.715
1786675320,4319.7,4322.355,4318.17,4321.25
1786675500,4321.175,4322.08,4315.155,4315.45
1786675680,4315.505,4318.36,4314.1,4318.2
1786675860,4318.315,4318.455,4316.46,4316.795
1786676040,4316.785,4316.865,4313.96,4313.965
1786676220,4313.975,4316.115,4312.93,4315.84
1786676400,4315.76,4317.56,4313.835,4317.45
1786676580,4317.455,4320.94,4315.48,4319.83
1786676760,4319.895,4323.405,4319.26,4320.69
1786676940,4320.775,4320.94,4319.095,4319.205
1786677120,4319.195,4323.88,4318.755,4320.17
1786677300,4320.22,4322.86,4319.915,4322.545
1786677480,4322.595,4324.08,4322.075,4323.27
1786677660,4323.25,4326.13,4323.25,4324.625
1786677840,4324.645,4325.93,4324.42,4325.845
1786678020,4325.895,4326.295,4325.27,4325.825
1786678200,4325.775,4326.405,4325.125,4325.945
1786678380,4326.04,4328.015,4326.03,4327.27
1786678560,4327.265,4328.465,4326.205,4326.22
1786678740,4326.225,4326.885,4325.585,4326.06
1786678920,4326.095,4326.13,4325.39,4325.76
1786679100,4325.77,4326.755,4325.695,4326.4
1786679280,4326.27,4326.92,4326.06,4326.37
1786679460,4326.32,4326.44,4324.475,4324.835
1786679640,4324.86,4325.14,4323.66,4324.105
1786679820,4324.135,4324.895,4323.61,4323.66
1786680000,4323.67,4324.9,4323.275,4323.93
1786680180,4323.94,4324.3,4322.855,4324
1786680360,4323.99,4325,4323.445,4324.45
1786680540,4324.44,4325.13,4323.355,4325.13
1786680720,4325.16,4327.44,4324.625,4326.095
1786680900,4326.08,4327.765,4325.585,4327.3
1786681080,4327.315,4328.225,4326.62,4327.52
1786681260,4327.44,4327.585,4326.245,4327.08
1786681440,4327.065,4327.335,4326.645,4327.295
1786681620,4327.34,4327.43,4325.21,4325.27
1786681800,4325.295,4325.885,4323.48,4324.39
1786681980,4324.28,4325.535,4323.69,4324.915
1786682160,4324.9,4325.825,4324.365,4325.545
1786682340,4325.56,4326.625,4324.985,4326.045
1786682520,4326.05,4326.21,4325.31,4325.355
1786682700,4325.295,4325.315,4324.16,4324.855
1786682880,4324.85,4325.325,4323.89,4324.83
1786683060,4324.85,4325.31,4324.625,4325.105
1786683240,4325.11,4325.565,4324.3,4325.155
1786683420,4325.165,4327.02,4325.155,4327.015
1786683600,4327.055,4327.135,4323.82,4324.755
1786683780,4324.765,4326.09,4322.965,4323.195
1786683960,4323.22,4323.275,4321.175,4321.43
1786684140,4321.41,4322.055,4319.47,4321.395
1786684320,4321.38,4322.455,4320.275,4320.37
1786684500,4320.375,4320.6,4318.575,4319.63
1786684680,4319.645,4319.675,4317.91,4319.495
1786684860,4319.48,4319.56,4317.215,4317.675
1786685040,4317.665,4319.115,4317.34,4318.31
1786685220,4318.25,4319.65,4318.25,4318.48
1786685400,4318.405,4318.405,4311.04,4315.82
1786685580,4315.92,4318.675,4314.53,4318.62
1786685760,4318.6,4325.03,4317.52,4323.195
1786685940,4323.145,4324.61,4321.275,4322.98
1786686120,4322.89,4323.52,4317.625,4317.82
1786686300,4317.875,4322.515,4317.595,4321.275
1786686480,4321.365,4327.72,4321.05,4327.445
1786686660,4327.455,4329.475,4327.005,4329.33
1786686840,4329.31,4331.875,4328.215,4330.82
1786687020,4330.83,4333.67,4329.43,4333.67
1786687200,4333.62,4334.755,4331.88,4334.485
1786687380,4334.28,4336.82,4333.635,4334.81
1786687560,4334.89,4335.645,4329.865,4330.8
1786687740,4330.86,4332.21,4329.63,4332.025
1786687920,4332.035,4334.155,4331.685,4332.57
1786688100,4332.55,4333.685,4331.34,4333.385
1786688280,4333.36,4333.36,4328.72,4328.915
1786688460,4328.975,4332.385,4328.365,4332.325
1786688640,4332.34,4332.515,4330.5,4331.7
1786688820,4331.645,4332.29,4329.23,4329.26
1786689000,4329.27,4330.52,4328.7,4329.89
1786689180,4329.88,4330.515,4328.215,4328.995
1786689360,4328.945,4330.225,4328.38,4329.87
1786689540,4329.855,4330.57,4328.05,4330.22
1786689720,4330.215,4333.225,4329.9,4333.225
1786689900,4333.235,4335.65,4332.78,4334.55
1786690080,4334.45,4335.57,4333.025,4334.37
1786690260,4334.375,4335.36,4333.87,4334.77
1786690440,4334.645,4335.125,4333.695,4334.52
1786690620,4334.51,4335.95,4334.025,4335.785
1786690800,4335.76,4335.82,4333.02,4334.82
1786690980,4334.835,4337.51,4334.365,4334.475
1786691160,4334.605,4335.04,4333.83,4333.845
1786691340,4333.84,4335,4333.34,4334.77
1786691520,4334.73,4335.015,4331.245,4331.31
1786691700,4331.39,4333.535,4331.29,4333.335
1786691880,4333.34,4333.595,4331.435,4331.75
1786692060,4331.755,4335.09,4329.81,4333.055
1786692240,4333.13,4336.66,4332.95,4333.475
1786692420,4333.505,4334.26,4331.915,4332.04
1786692600,4332.06,4333.725,4331.61,4333.105
1786692780,4333.11,4335.37,4332.755,4335.27
1786692960,4335.285,4336.385,4334.75,4335.185
1786693140,4335.22,4339.33,4335.135,4339.325
1786693320,4339.275,4340.31,4337.755,4339.835
1786693500,4339.72,4343.425,4339.435,4340.49
1786693680,4340.495,4343.325,4340.065,4342.875
1786693860,4342.97,4343.18,4341.57,4342.88
1786694040,4342.86,4343.645,4341.81,4342.5
1786694220,4342.55,4345.385,4342.06,4343.83
1786694400,4343.855,4348.13,4343.305,4343.815
1786694580,4343.86,4344.1,4341.935,4342.765
1786694760,4342.8,4344.965,4342.645,4344.29
1786694940,4344.305,4346.42,4344.21,4345.635
1786695120,4345.61,4347.97,4344.325,4347.8
1786695300,4347.76,4349.345,4347.14,4348.895
1786695480,4348.88,4348.88,4345.02,4345.285
1786695660,4345.29,4345.665,4343.57,4344.705
1786695840,4344.685,4345.15,4343.73,4344.02
1786696020,4343.985,4345.82,4343.865,4345.735
1786696200,4345.785,4346.7,4344.605,4344.835
1786696380,4344.86,4345.295,4344.355,4345.035
1786696560,4345.06,4349.25,4345.06,4347.855
1786696740,4347.915,4349.375,4347.44,4348.035
1786696920,4348.02,4348.315,4343.64,4343.77
1786697100,4343.785,4344.9,4342.88,4344.24
1786697280,4344.335,4344.78,4343.755,4344.595
1786697460,4344.745,4347.735,4344.32,4347.105
1786697640,4347.165,4349.845,4346.815,4349.095
1786697820,4348.975,4349.075,4347.27,4348.605
1786698000,4348.555,4348.935,4347.415,4348.005
1786698180,4348.095,4348.535,4346.855,4347.07
1786698360,4347.12,4348.41,4346.14,4347.72
1786698540,4347.725,4349.54,4347.725,4349.315
1786698720,4349.255,4350.985,4348.545,4350.845
1786698900,4350.91,4352.09,4350.475,4350.585
1786699080,4350.685,4351.615,4348.855,4351.29
1786699260,4351.295,4352.575,4350.18,4350.425
1786699440,4350.54,4354.3,4349.95,4352.97
1786699620,4352.945,4352.96,4350.005,4351.77
1786699800,4351.8,4352.91,4350.065,4352.525
1786699980,4352.54,4354.31,4352.385,4353.975
1786700160,4353.985,4354.54,4352.36,4352.41
1786700340,4352.43,4353.45,4351.93,4353.355
1786700520,4353.38,4353.545,4352.205,4353.545
1786700700,4353.55,4354.705,4352.96,4353.115
1786700880,4353.035,4355.49,4352.755,4354.85
1786701060,4354.645,4354.705,4353.235,4354.665
1786701240,4354.685,4355.575,4353.875,4355.07
1786701420,4355.08,4357.525,4354.415,4357.17
1786701600,4357.175,4357.52,4355.905,4356.81
1786701780,4356.675,4357.4,4356.48,4356.8
1786701960,4356.805,4358.76,4356.045,4356.77
1786702140,4356.825,4357.615,4355.375,4356.54
1786702320,4356.525,4357.015,4354.065,4354.575
1786702500,4354.67,4355.415,4353.28,4353.965
1786702680,4353.95,4354.1,4351.955,4353.385
1786702860,4353.39,4354.44,4352.54,4354.02
1786703040,4354.045,4354.36,4351.02,4351.53
1786703220,4351.695,4351.89,4350.16,4351.395
1786703400,4351.55,4351.595,4348.855,4348.99
1786703580,4348.98,4350.08,4348.31,4349.68
1786703760,4349.655,4350.235,4348.89,4349.24
1786703940,4349.255,4350.6,4348.67,4350.115
1786704120,4350.065,4352.035,4349.045,4352.025
1786704300,4351.98,4352.65,4351.405,4352.325
1786704480,4352.32,4352.635,4351.285,4352.52
1786704660,4352.575,4353.675,4351.145,4351.31
1786704840,4351.305,4351.395,4349.41,4349.41
1786705020,4349.39,4349.905,4348.095,4349.425
1786705200,4349.47,4351.08,4348.63,4350.765
1786705380,4350.725,4350.795,4349.03,4349.69
1786705560,4349.7,4351.635,4349.38,4351.565
1786705740,4351.4,4351.585,4350.63,4351.415
1786705920,4351.405,4351.735,4349.995,4350.64
1786706100,4350.65,4355,4350.65,4354.515
1786706280,4354.535,4356.145,4353.74,4355.98
1786706460,4355.975,4356.82,4353.5,4354.015
1786706640,4354.06,4355.71,4353.21,4355.69
1786706820,4355.685,4357.105,4355.45,4356.755
1786707000,4356.76,4360.605,4356.505,4358.2
1786707180,4358.19,4362.205,4357.94,4361.885
1786707360,4361.805,4362.665,4360.275,4362.54
1786707540,4362.56,4363.46,4361.48,4362.475
1786707720,4362.49,4363.52,4362.23,4362.44
1786707900,4362.445,4363.235,4361.095,4361.66
1786708080,4361.76,4365.775,4361.19,4364.86
1786708260,4364.88,4368.28,4364.185,4367.785
1786708440,4367.765,4367.765,4365.82,4365.955
1786708620,4365.97,4369.46,4365.61,4369.195
1786708800,4369.19,4374.265,4369.045,4373.855
1786708980,4373.88,4375.415,4372.84,4374.375
1786709160,4374.38,4376.83,4373.115,4373.82
1786709340,4373.77,4374.055,4370.065,4370.43
1786709520,4370.495,4372.29,4365.79,4371.85
1786709700,4371.915,4372.375,4369.76,4370.49
1786709880,4370.48,4377.26,4370.075,4376.685
1786710060,4376.67,4379.83,4375.775,4379.18
1786710240,4379.05,4380.495,4378.315,4378.54
1786710420,4378.555,4380.745,4377.39,4379.9
1786710600,4379.87,4386.965,4377.36,4383.2
1786710780,4383.195,4384.49,4380.095,4380.275
1786710960,4380.25,4380.25,4377.04,4377.06
1786711140,4377.055,4377.99,4372.825,4373.335
1786711320,4373.495,4374.465,4372.16,4372.91
1786711500,4373,4373.69,4370.96,4373.1
1786711680,4373.105,4377.015,4373.035,4373.91
1786711860,4373.905,4376.475,4372.765,4375.85
1786712040,4375.855,4377.885,4373.51,4373.71
1786712220,4373.555,4374.795,4372.7,4373.725
1786712400,4373.785,4375.54,4370.32,4373.325
1786712580,4373.39,4379.115,4373.39,4377.455
1786712760,4377.41,4380.265,4376.225,4376.89
1786712940,4376.91,4381.02,4376.805,4379
1786713120,4378.98,4380.61,4374.84,4375.07
1786713300,4375.085,4380.66,4375.085,4379.235
1786713480,4379.255,4381.435,4377.695,4380.66
1786713660,4380.685,4384.745,4379.585,4384.725
1786713840,4384.7,4386.66,4383.775,4386.05
1786714020,4386.09,4386.385,4384.02,4384.68
1786714200,4384.745,4390.47,4383.83,4389.82
1786714380,4389.825,4393.7,4387.51,4392.385
1786714560,4392.415,4396.875,4391.18,4396.695
1786714740,4396.745,4397.06,4390.57,4391.02
1786714920,4391.03,4396.28,4390.885,4393.895
1786715100,4393.88,4394.735,4387.385,4389.835
1786715280,4389.83,4390.65,4386.335,4387.77
1786715460,4387.83,4388.155,4383.62,4384.915
1786715640,4384.82,4386.325,4382.99,4384.055
1786715820,4384.065,4385.88,4382.995,4384.68
1786716000,4384.62,4393.065,4384.275,4389.7
1786716180,4389.67,4392.645,4387.86,4391.03
1786716360,4391.015,4391.99,4389.41,4389.995
1786716540,4389.965,4391.455,4387.145,4389.975
1786716720,4389.96,4393.215,4389.27,4390.585
1786716900,4390.565,4392.27,4388.625,4391.24
1786717080,4391.27,4391.605,4385.25,4385.595
1786717260,4385.615,4390.175,4385.48,4390.12
1786717440,4390.095,4394.745,4389.91,4392.2
1786717620,4392.19,4393.835,4390.435,4390.72
1786717800,4390.705,4391.665,4388.41,4389.865
1786717980,4389.86,4390.145,4384.37,4385.575
1786718160,4385.595,4387.05,4384.145,4385.725
1786718340,4385.755,4387.305,4383.545,4383.67
1786718520,4383.68,4385.03,4381.585,4384.395
1786718700,4384.41,4384.645,4378.885,4380.97
1786718880,4380.985,4382.515,4379.585,4379.865
1786719060,4379.885,4383.205,4379.61,4382.895
1786719240,4382.875,4383.085,4379.945,4380.165
1786719420,4380.17,4382.64,4379.885,4381.445
1786719600,4381.47,4387.85,4381.15,4387.095
1786719780,4387.105,4390.815,4386.19,4386.88
1786719960,4386.875,4389.27,4386.835,4387.425
1786720140,4387.42,4389.3,4385.58,4388.075
1786720320,4388.08,4394.205,4387.49,4392.17
1786720500,4392.175,4393.92,4387.665,4391.185
1786720680,4391.195,4391.195,4385.895,4386.82
1786720860,4386.77,4387.185,4383.8,4385.73
1786721040,4385.71,4385.895,4379.075,4380.72
1786721220,4380.6,4385.17,4380.095,4384.95
1786721400,4384.955,4389.05,4384.04,4385.115
1786721580,4385.155,4389.565,4384.99,4388.845
1786721760,4388.86,4390.035,4386.875,4386.945
1786721940,4386.895,4388.91,4386.785,4388.84
1786722120,4388.815,4389.915,4386.735,4389.615
1786722300,4389.62,4394.785,4389.435,4393.94
1786722480,4393.925,4394.755,4391.765,4392.08
1786722660,4392.07,4393.145,4391.295,4392.155
1786722840,4392.15,4393.065,4390.115,4392.57
1786723020,4392.565,4392.585,4390.885,4391.695
1786723200,4391.7,4396.845,4391.64,4393.065
1786723380,4393.085,4393.405,4390.915,4392.785
1786723560,4392.78,4393.2,4390.945,4391.03
1786723740,4391.04,4391.055,4388.88,4389.44
1786723920,4389.45,4390.465,4389.005,4389.79
1786724100,4389.77,4392,4389.42,4391.95
1786724280,4391.945,4393.02,4390.895,4392.74
1786724460,4392.735,4393.075,4390.655,4390.755
1786724640,4390.815,4390.84,4387.615,4387.74
1786724820,4387.795,4388.145,4387.025,4387.635
1786725000,4387.61,4387.735,4382.98,4383.11
1786725180,4383.12,4384.865,4380.415,4384.775
1786725360,4384.77,4387.97,4384.71,4387.84
1786725540,4387.76,4389.12,4385.77,4386.77
1786725720,4386.805,4387.645,4385.82,4385.92
1786725900,4385.93,4386.96,4385.415,4386.36
1786726080,4386.37,4387.165,4385.54,4386.025
1786726260,4386.01,4387.57,4385.765,4386.09
1786726440,4386.07,4386.69,4384.91,4385.585
1786726620,4385.565,4386.38,4385.18,4386.015
1786726800,4386.105,4386.53,4383.19,4383.205
1786726980,4383.2,4384.42,4382.965,4382.965
1786727160,4382.98,4383.19,4381.52,4382.545
1786727340,4382.535,4382.635,4381.675,4381.68
1786727520,4381.685,4382.4,4380.415,4382.39
1786727700,4382.4,4384.81,4381.505,4381.615
1786727880,4381.66,4382.755,4379.87,4382.115
1786728060,4382.12,4382.575,4381.65,4382.02
1786728240,4382.065,4382.415,4380.48,4381.17
1786728420,4381.11,4381.785,4379.365,4379.54
1786728600,4379.41,4382.435,4379.41,4381.565
1786728780,4381.55,4382.835,4380.685,4380.915
1786728960,4380.92,4381.555,4379.495,4380.4
1786729140,4380.33,4380.725,4379.355,4380.24
1786729320,4380.245,4380.43,4377.19,4377.825
1786729500,4377.81,4378.015,4376.475,4376.695
1786729680,4376.7,4377.66,4376.47,4376.795
1786729860,4376.81,4379.16,4376.745,4378.45
1786730040,4378.48,4378.815,4377.57,4377.615
1786730220,4377.565,4378.605,4377.25,4378.59
1786730400,4378.585,4378.92,4376.585,4376.905
1786730580,4376.835,4381.8,4376.8,4381.75
1786730760,4381.755,4381.755,4379.35,4379.77
1786730940,4379.73,4380.93,4378.52,4379.09
1786731120,4379.08,4379.1,4377.04,4377.46
1786731300,4377.44,4378.78,4377.09,4378.605
1786731480,4378.52,4379.385,4377.855,4379.105
1786731660,4379.095,4380.4,4379.09,4379.635
1786731840,4379.58,4380.195,4379.13,4379.64
1786732020,4379.595,4380.56,4377.995,4379.42
1786732200,4379.48,4379.815,4377.39,4378.23
1786732380,4378.28,4378.765,4377.665,4378.565
1786732560,4378.465,4381.85,4378.465,4381.595
1786732740,4381.575,4382.84,4381.46,4381.745
1786732920,4381.75,4382.18,4376.37,4376.54
1786733100,4376.565,4377.01,4371.005,4373.975
1786733280,4373.97,4375.12,4373.76,4373.975
1786733460,4373.905,4375.74,4373.515,4374.23
1786733640,4374.225,4374.225,4372.965,4373.69
1786733820,4373.645,4374.41,4372.97,4373.6
1786734000,4373.525,4373.89,4372.635,4373.325
1786734180,4373.275,4373.65,4372.115,4373.09
1786734360,4373.155,4375.09,4372.605,4375.045
1786734540,4375.06,4377.225,4375.025,4376.815
1786734720,4376.805,4377.285,4375.9,4376.035
1786734900,4375.985,4376.62,4374.71,4375.565
1786735080,4375.56,4375.905,4374.655,4375.8
1786735260,4375.765,4377.045,4375.735,4376.735
1786735440,4376.725,4377.91,4375.79,4377.67
1786735620,4377.64,4377.98,4376.61,4377.395
1786735800,4377.365,4378.09,4377.14,4377.425
1786735980,4377.405,4377.87,4376.72,4377.6
1786736160,4377.62,4378.31,4376.345,4376.995
1786736340,4376.99,4377.575,4376.175,4377.225
1786736520,4377.235,4377.28,4375.685,4375.685
1786736700,4375.7,4376.06,4375.265,4375.4
1786736880,4375.41,4376.83,4375.25,4376.46
1786737060,4376.47,4379.99,4376.14,4379.24
1786737240,4379.255,4379.46,4373.55,4375.755
1786737420,4375.76,4376.48,4374.885,4376.23
1786737600,4376.22,4376.22,4373.97,4374.72
1786737780,4374.745,4374.925,4372.885,4373.08
1786737960,4373.135,4373.805,4372.405,4373.805
1786738140,4373.825,4374,4371.495,4372.16
1786738320,4372.13,4373.05,4371.675,4372.81
1786738500,4372.845,4373.87,4372.845,4373.795
1786738680,4373.81,4373.835,4373.31,4373.42
1786738860,4373.24,4374.1,4372.54,4373.015
1786739040,4373.095,4374.97,4372.78,4374.75
1786739220,4374.785,4374.86,4373.905,4374.86
1786739400,4374.8,4374.885,4374.06,4374.36
1786739580,4374.355,4374.885,4373.815,4374.735
1786739760,4374.705,4376.375,4373.985,4375.585
1786739940,4375.575,4377.005,4375.53,4376.175
1786740120,4376.14,4376.305,4374.84,4375.72
1786740300,4375.67,4376.115,4375.33,4375.615
1786740480,4375.565,4375.955,4375.005,4375.4
1786740660,4375.43,4375.95,4375.3,4375.335
1786740840,4375.26,4376.28,4375.255,4375.83
1786741020,4375.855,4376.875,4375.18,4376.82
1786917780,4372.68,4375.95,4372.525,4374.68
1786917960,4374.62,4376.525,4372.31,4375.95
1786918140,4376.01,4378.36,4375.405,4377.48
1786918320,4377.535,4378.94,4374.4,4375.865
1786918500,4375.83,4376.11,4373.935,4374.235
1786918680,4374.38,4374.915,4372.795,4373.74
1786918860,4373.78,4375.27,4373.055,4373.945
1786919040,4373.945,4375.375,4372.985,4374.875
1786919220,4374.825,4375.49,4374.265,4374.655
1786919400,4374.68,4377.2,4374.68,4377.06
1786919580,4377.055,4378.245,4376.69,4377.24
1786919760,4377.225,4377.905,4376.975,4377.49
1786919940,4377.485,4379.185,4377.485,4378.205
1786920120,4378.21,4378.69,4376.99,4378.055
1786920300,4378.045,4380.68,4377.945,4379.635
1786920480,4379.68,4381.31,4379.455,4381.14
1786920660,4381.065,4384.525,4380.865,4384.005
1786920840,4383.975,4385.135,4382.78,4385.095
1786921020,4385.09,4386.86,4384.5,4386.04
1786921200,4386,4386.345,4380.495,4384.895
1786921380,4384.865,4384.9,4381.37,4382.015
1786921560,4382.02,4382.36,4381.075,4381.775
1786921740,4381.795,4383.345,4381.69,4382.75
1786921920,4382.725,4383.025,4379.59,4379.865
1786922100,4379.835,4381.045,4379.66,4380.44
1786922280,4380.425,4380.705,4378.46,4380.01
1786922460,4380.015,4380.925,4375.255,4376.39
1786922640,4376.42,4376.66,4374.24,4376.65
1786922820,4376.57,4376.575,4372.685,4374.87
1786923000,4374.92,4375.425,4370.29,4372.49
1786923180,4372.655,4373.405,4368.7,4368.87
1786923360,4368.92,4369.8,4367.29,4369.8
1786923540,4369.805,4371.955,4367.91,4368.755
1786923720,4368.74,4369.44,4368.325,4368.445
1786923900,4368.44,4372.27,4368.32,4372.26
1786924080,4372.24,4373.955,4371.705,4371.76
1786924260,4371.66,4372.545,4370.585,4371.72
1786924440,4371.65,4372.73,4370.275,4371.445
1786924620,4371.44,4372.455,4369.635,4370.235
1786924800,4370.315,4374.07,4368.1,4373.45
1786924980,4373.495,4375.97,4372.345,4373.1
1786925160,4373.115,4376.105,4372.53,4375.56
1786925340,4375.48,4378.81,4372.245,4376.215
1786925520,4376,4379.6,4375.815,4378.92
1786925700,4378.91,4386.21,4378.6,4385.8
1786925880,4385.85,4388.41,4383.79,4387.75
1786926060,4387.63,4388.11,4383.975,4384.825
1786926240,4384.795,4389.4,4384.795,4388.315
1786926420,4388.305,4391.08,4386.945,4389.89
1786926600,4389.87,4394.5,4389.49,4393.63
1786926780,4393.615,4393.725,4391.865,4392.04
1786926960,4392.045,4392.24,4388.705,4389.185
1786927140,4389.175,4390.08,4387.61,4390.08
1786927320,4390.195,4397.84,4389.855,4396.1
1786927500,4396.07,4396.545,4394.55,4395.975
1786927680,4395.935,4397.37,4394.6,4396.18
1786927860,4396.185,4398.845,4394.69,4397.99
1786928040,4397.975,4398.42,4397.125,4398.255
1786928220,4398.26,4402.015,4397.74,4401.005
1786928400,4400.995,4407.51,4399.135,4402.92
1786928580,4402.89,4409.26,4402.145,4405.79
1786928760,4405.85,4411.765,4405.525,4409.79
1786928940,4409.855,4410.065,4404.305,4406.255
1786929120,4406.31,4411.915,4405.485,4409.215
1786929300,4409.22,4410.005,4406.165,4409.505
1786929480,4409.46,4410.56,4407.68,4409.36
1786929660,4409.34,4415.235,4408.9,4415.185
1786929840,4415.125,4416.55,4408.09,4408.61
1786930020,4408.655,4410.575,4406.43,4407.265
1786930200,4407.32,4408.18,4404.28,4406.96
1786930380,4406.955,4407.64,4399.92,4402.815
1786930560,4402.785,4403.315,4399.115,4400.12
1786930740,4400.155,4401.67,4397.635,4397.68
1786930920,4397.735,4403.71,4397.52,4403.535
1786931100,4403.52,4403.925,4396.85,4397.06
1786931280,4397.15,4397.87,4392.055,4394.87
1786931460,4394.895,4399.01,4393.05,4396.79
1786931640,4396.74,4397.76,4394.725,4394.955
1786931820,4395.04,4396.18,4393.23,4395.755
1786932000,4395.75,4398.315,4395.08,4396.815
1786932180,4396.8,4397.46,4394.87,4396.63
1786932360,4396.575,4397.195,4392.645,4395.94
1786932540,4395.93,4396.195,4392.63,4394.63
1786932720,4394.485,4395.43,4393.095,4394.42
1786932900,4394.405,4395.825,4392.39,4394.205
1786933080,4394.175,4395.4,4392.33,4393.085
1786933260,4393.005,4395.06,4389.87,4394.83
1786933440,4394.825,4397.155,4393.705,4396.965
1786933620,4396.79,4397.7,4394.935,4395.48
1786933800,4395.525,4398.225,4395.49,4397.09
1786933980,4397.08,4397.44,4392.1,4394.55
1786934160,4394.58,4395.57,4392.84,4393.335
1786934340,4393.34,4394.37,4389.755,4393.735
1786934520,4393.63,4395.295,4392.945,4393.05
1786934700,4393.04,4393.385,4390.665,4392.56
1786934880,4392.565,4392.835,4391.06,4392.12
1786935060,4392.05,4392.79,4390.19,4391.09
1786935240,4391.215,4392.66,4388.455,4392.345
1786935420,4392.205,4393.545,4391.83,4393.255
1786935600,4393.25,4394.885,4392.96,4393.625
1786935780,4393.685,4394.275,4392.08,4392.08
1786935960,4392.075,4394.04,4391.685,4392.355
1786936140,4392.245,4392.305,4388.7,4389.25
1786936320,4389.245,4390.405,4389.035,4390.405
1786936500,4390.49,4391.025,4388.285,4390.48
1786936680,4390.485,4391.705,4389.765,4391.35
1786936860,4391.38,4391.745,4389.955,4391.2
1786937040,4391.16,4391.45,4388.83,4388.935
1786937220,4388.93,4393.7,4388.695,4393.08
1786937400,4393.125,4395.64,4391.15,4394.975
1786937580,4395,4395.225,4393.3,4393.96
1786937760,4393.97,4395.23,4392.455,4393.96
1786937940,4393.99,4395.845,4393.51,4395.345
1786938120,4395.295,4397.215,4394.99,4395.195
1786938300,4395.185,4395.67,4393.695,4393.745
1786938480,4393.74,4395.405,4392.955,4394.85
1786938660,4394.865,4395.24,4394.295,4394.935
1786938840,4394.905,4395.615,4394.28,4394.365
1786939020,4394.35,4397.69,4393.95,4397.045
1786939200,4397.035,4399.635,4396.56,4396.63
1786939380,4396.715,4398.63,4396.705,4396.795
1786939560,4396.72,4398.875,4396.43,4397.91
1786939740,4397.915,4399.505,4397.19,4398.125
1786939920,4398.12,4399.58,4398.12,4398.445
1786940100,4398.495,4398.945,4397.2,4397.7
1786940280,4397.725,4397.775,4395.68,4395.915
1786940460,4395.915,4395.915,4393.015,4393.65
1786940640,4393.655,4394.315,4392.405,4393.405
1786940820,4393.38,4393.705,4390.235,4391.045
1786941000,4391.055,4391.625,4389.015,4390.145
1786941180,4390.025,4392.14,4389.87,4390.725
1786941360,4390.71,4393.965,4390.5,4392.265
1786941540,4392.44,4394.905,4391.95,4393.69
1786941720,4393.635,4396.7,4391.95,4395.695
1786941900,4395.815,4397.825,4395.315,4397.165
1786942080,4396.92,4397.935,4394.93,4395.18
1786942260,4395.17,4396.81,4394.87,4395.995
1786942440,4395.975,4395.98,4393.135,4393.71
1786942620,4393.67,4394.205,4389.885,4390.86
1786942800,4390.78,4392.625,4390.01,4392.195
1786942980,4392.25,4393.06,4389.95,4390.555
1786943160,4390.57,4393.355,4390.555,4392.675
1786943340,4392.67,4392.87,4390.465,4390.47
1786943520,4390.495,4391.23,4386.98,4387.7
1786943700,4387.7,4390.795,4386.94,4389.99
1786943880,4390.045,4394.15,4390.045,4392.165
1786944060,4392.175,4397.01,4392.025,4395.77
1786944240,4395.78,4397.345,4394.58,4396.465
1786944420,4396.37,4399.53,4396.37,4399.485
1786944600,4399.455,4401.475,4396.225,4400.51
1786944780,4400.375,4400.55,4392.625,4393.56
1786944960,4393.53,4396.365,4392.125,4395.43
1786945140,4395.52,4396.93,4393.715,4396.78
1786945320,4396.69,4396.785,4393.935,4395.665
1786945500,4395.715,4395.955,4392.345,4395.725
1786945680,4395.73,4397.62,4394.205,4395.55
1786945860,4395.595,4396.185,4394.285,4394.31
1786946040,4394.195,4396.15,4392.585,4393.94
1786946220,4393.99,4395.565,4393.22,4394.86
1786946400,4394.855,4398.3,4394.78,4396.78
1786946580,4396.785,4397.82,4394.82,4397.195
1786946760,4397.2,4398.115,4396.365,4396.85
1786946940,4396.845,4397.615,4392.935,4394.285
1786947120,4394.17,4397.73,4392.97,4396.985
1786947300,4396.985,4396.985,4394.335,4394.435
1786947480,4394.43,4396.265,4392.815,4395.67
1786947660,4395.66,4397.145,4394.28,4395.795
1786947840,4395.815,4398.13,4394.675,4396.79
1786948020,4396.795,4400.22,4395.475,4398.555
1786948200,4398.48,4398.785,4395.025,4395.44
1786948380,4395.49,4396.315,4394.195,4394.565
1786948560,4394.56,4395.78,4393.66,4394.455
1786948740,4394.47,4395.58,4393.79,4393.955
1786948920,4393.97,4396.5,4393.72,4396.31
1786949100,4396.315,4400.19,4396.315,4399.04
1786949280,4399.03,4401.575,4398.405,4401.195
1786949460,4401.225,4404.71,4400.885,4403.225
1786949640,4403.235,4403.485,4401.195,4402.5
1786949820,4402.475,4403.455,4402.055,4403.17
1786950000,4403.085,4404.14,4402,4403.12
1786950180,4403.2,4403.645,4400.405,4401.14
1786950360,4401.135,4402.135,4399.44,4400.9
1786950540,4401.085,4401.44,4399.74,4399.87
1786950720,4399.86,4399.86,4396.08,4396.45
1786950900,4396.49,4398.18,4396.435,4397.605
1786951080,4397.51,4399.335,4396.55,4397.11
1786951260,4397.165,4397.84,4396.215,4397.19
1786951440,4397.15,4398.91,4396.405,4398.23
1786951620,4398.125,4405.295,4398.115,4405.055
1786951800,4405.12,4408.11,4404.66,4406.385
1786951980,4406.38,4408.955,4405.21,4407.15
1786952160,4407.05,4411.32,4406.69,4407.29
1786952340,4407.275,4409.775,4406.95,4409.48
1786952520,4409.495,4410.975,4409.315,4409.34
1786952700,4409.39,4410.01,4407.205,4408.395
1786952880,4408.39,4409.4,4407.35,4407.89
1786953060,4407.885,4408.32,4403.885,4404.68
1786953240,4404.625,4405.94,4403.5,4404.785
1786953420,4404.735,4405.89,4404.28,4405.19
1786953600,4405.195,4405.195,4400.565,4401.63
1786953780,4401.6,4401.615,4399.595,4399.79
1786953960,4399.73,4400.37,4397.575,4399.3
1786954140,4399.305,4400.6,4398.315,4400.42
1786954320,4400.435,4403,4400.435,4403
1786954500,4402.965,4403.975,4401.3,4401.41
1786954680,4401.445,4402.095,4400.575,4402.085
1786954860,4402.13,4403.215,4402,4402.185
1786955040,4402.23,4403.08,4401.715,4402.165
1786955220,4402.2,4403.36,4401.035,4401.88
1786955400,4401.915,4402.17,4399.905,4400
1786955580,4400.04,4400.965,4399.575,4399.985
1786955760,4399.98,4402.255,4399.095,4401.84
1786955940,4401.91,4401.92,4398.77,4399.065
1786956120,4399.06,4399.1,4396.125,4396.465
1786956300,4396.45,4397.065,4395.09,4396.395
1786956480,4396.43,4396.46,4394.72,4395.04
1786956660,4395.055,4395.56,4392.885,4393.33
1786956840,4393.32,4394.445,4392.69,4394.425
1786957020,4394.33,4396.05,4393.835,4395.18
1786957200,4395.19,4395.785,4393.43,4394.73
1786957380,4394.725,4396.495,4394.59,4396.295
1786957560,4396.36,4398.155,4396.31,4397.64
1786957740,4397.645,4400.475,4397.585,4400.25
1786957920,4400.22,4400.625,4398.835,4399.155
1786958100,4399.19,4399.96,4397.05,4398.195
1786958280,4398.145,4398.86,4397.485,4398.275
1786958460,4398.285,4398.56,4396.485,4397.69
1786958640,4397.68,4398.225,4396.295,4397.545
1786958820,4397.55,4398.195,4395.71,4396.99
1786959000,4397.005,4397.62,4394.52,4395.605
1786959180,4395.625,4396.97,4395.055,4396.24
1786959360,4396.06,4397.105,4395.19,4395.275
1786959540,4395.295,4396.06,4393.535,4396.02
1786959720,4396.015,4396.41,4394.08,4394.215
1786959900,4394.23,4395.17,4392.55,4394.135
1786960080,4394.16,4395.79,4394.01,4395.525
1786960260,4395.59,4395.925,4392.975,4394.25
1786960440,4394.175,4394.895,4393.26,4394.205
1786960620,4394.19,4395.695,4393.565,4395.62
1786960800,4395.655,4395.99,4393.255,4393.49
1786960980,4393.6,4395.79,4393.43,4395.79
1786961160,4395.84,4396.325,4394.485,4395.57
1786961340,4395.56,4395.92,4394.055,4394.815
1786961520,4394.81,4396.46,4394.59,4396.02
1786961700,4395.97,4398.325,4395.855,4397.835
1786961880,4397.85,4400.05,4395.055,4397.2
1786962060,4397.13,4397.13,4395.125,4395.67
1786962240,4395.72,4397.075,4392.03,4393.38
1786962420,4393.365,4405.6,4392.03,4405.145
1786962600,4405.06,4405.97,4397.905,4399.41
1786962780,4399.395,4399.395,4396.995,4397.73
1786962960,4397.775,4398.095,4395.595,4396.4
1786963140,4396.495,4398.59,4395.355,4398.43
1786963320,4398.435,4398.97,4397.645,4398.27
1786963500,4398.285,4399.04,4398,4398.26
1786963680,4398.115,4399.4,4396.4,4398.285
1786963860,4398.305,4398.7,4397.15,4397.33
1786964040,4397.255,4398.855,4397.01,4398.465
1786964220,4398.515,4399.675,4398.24,4399.08
1786964400,4399.115,4401.24,4397.97,4400.805
1786964580,4400.825,4402.465,4400.32,4400.66
1786964760,4400.645,4402.805,4400.29,4402.72
1786964940,4402.725,4404.14,4401.645,4401.91
1786965120,4401.925,4402.98,4399.685,4399.78
1786965300,4399.875,4400.085,4398.465,4398.55
1786965480,4398.445,4401.545,4397.14,4401.015
1786965660,4400.96,4404.21,4400.605,4402.655
1786965840,4402.66,4404.7,4402.25,4404.335
1786966020,4404.355,4404.61,4402.78,4403.53
1786966200,4403.65,4404.325,4402.335,4402.795
1786966380,4402.82,4404.98,4402.82,4403.845
1786966560,4403.76,4404.55,4402.68,4403.86
1786966740,4403.855,4404.81,4401.33,4401.65
1786966920,4401.655,4402.2,4399.115,4399.54
1786967100,4399.555,4400.7,4399.155,4399.905
1786967280,4399.95,4400.08,4396.615,4398.695
1786967460,4398.705,4398.76,4395.46,4396.43
1786967640,4396.39,4397.605,4396.05,4396.98
1786967820,4396.975,4397.52,4395.805,4396.75
1786968000,4396.755,4397.65,4393.77,4395.745
1786968180,4395.76,4396.66,4392.985,4394.42
1786968360,4394.465,4395.25,4392.37,4393.805
1786968540,4393.81,4394.805,4391.7,4393.37
1786968720,4393.325,4395.205,4392.675,4393.92
1786968900,4394,4395.705,4393.115,4394.72
1786969080,4394.665,4398.82,4393.6,4395.965
1786969260,4396.04,4396.225,4392.73,4393.635
1786969440,4393.625,4393.66,4381.995,4385.18
1786969620,4385.135,4390.215,4383.71,4385.985
1786969800,4385.755,4390.47,4384.155,4386.105
1786969980,4386.13,4389.425,4385.005,4387.21
1786970160,4387.195,4387.195,4382.325,4382.955
1786970340,4382.99,4383.385,4380.87,4381.995
1786970520,4382.015,4382.115,4378.45,4378.45
1786970700,4378.455,4379.985,4377.355,4378.825
1786970880,4378.82,4381.115,4377.805,4381
1786971060,4380.99,4385.05,4380.205,4383.36
1786971240,4383.37,4385.68,4383.16,4385.22
1786971420,4385.245,4386.555,4383.995,4384.935
1786971600,4385.015,4388.48,4382.505,4382.83
1786971780,4382.89,4385.79,4381.94,4384.26
1786971960,4384.265,4386.205,4382.94,4384.275
1786972140,4384.24,4388.46,4384.2,4387.895
1786972320,4387.865,4389.645,4386.225,4386.425
1786972500,4386.49,4386.86,4382.38,4383.965
1786972680,4383.875,4387.35,4383.865,4387.315
1786972860,4387.31,4389.03,4385.94,4386.155
1786973040,4386.15,4388.545,4385.35,4386.97
1786973220,4386.94,4387.54,4385.94,4386.28
1786973400,4386.27,4389.34,4385.865,4388.855
1786973580,4388.805,4390.4,4386.84,4386.97
1786973760,4387.015,4392.105,4386.165,4391.625
1786973940,4391.62,4391.845,4385.115,4387.595
1786974120,4387.615,4388.875,4384.88,4385.79
1786974300,4385.81,4389.86,4384.68,4387.9
1786974480,4387.905,4398.28,4387.905,4397.005
1786974660,4397.015,4407.56,4396.925,4405.625
1786974840,4405.53,4408.695,4401.35,4408.695
1786975020,4408.665,4416.31,4407.59,4408.645
1786975200,4408.695,4410.12,4404.41,4406.41
1786975380,4406.415,4408.75,4405.28,4406.735
1786975560,4406.74,4408.215,4405.18,4405.755
1786975740,4405.765,4406.135,4403.805,4404.035
1786975920,4404.03,4412.845,4404.03,4412.36
1786976100,4412.355,4417.715,4411.905,4416.605
1786976280,4416.585,4420.98,4415.55,4418.29
1786976460,4418.305,4426.48,4418,4425.58
1786976640,4425.58,4427.6,4421.155,4421.405
1786976820,4421.37,4422.09,4415.85,4418.2
1786977000,4418.235,4424.12,4418.155,4424.12
1786977180,4424.125,4424.71,4421.76,4421.84
1786977360,4421.895,4422.755,4416.67,4417.22
1786977540,4417.18,4421.695,4416.545,4419.14
1786977720,4419.13,4421.295,4417.29,4417.415
1786977900,4417.49,4417.85,4413.97,4416.115
1786978080,4416.215,4421.16,4415.545,4420.72
1786978260,4420.665,4420.935,4417.24,4417.905
1786978440,4417.915,4418.425,4414.67,4414.94
1786978620,4414.905,4417.48,4414.85,4417.48
1786978800,4417.485,4418.91,4415.335,4418.805
1786978980,4418.71,4419.825,4416.27,4418.75
1786979160,4418.79,4419.85,4416.605,4417.9
1786979340,4417.88,4420.84,4416.04,4420.84
1786979520,4420.835,4422.39,4420.5,4421.29
1786979700,4421.295,4423.275,4420.355,4420.745
1786979880,4420.735,4423.585,4419.59,4422.915
1786980060,4422.9,4423.915,4421.58,4423.675
1786980240,4423.665,4424.285,4420.865,4422.62
1786980420,4422.61,4426.08,4422.29,4425.635
1786980600,4425.7,4426.595,4421.37,4423.565
1786980780,4423.57,4423.76,4421.66,4422.475
1786980960,4422.535,4423.935,4420.195,4422.8
1786981140,4422.795,4423.59,4420.625,4420.815
1786981320,4420.795,4422.125,4419.01,4419.44
1786981500,4419.405,4422.11,4417.835,4421.65
1786981680,4421.635,4424.44,4421.54,4424.08
1786981860,4424.095,4425.79,4423.265,4425.47
1786982040,4425.46,4427.85,4425.315,4427.67
1786982220,4427.68,4427.84,4425.94,4427.615
1786982400,4427.63,4428.23,4424.775,4424.99
1786982580,4424.995,4426.175,4423.985,4425.15
1786982760,4425.145,4428.125,4424.245,4427.235
1786982940,4427.205,4428.89,4426.61,4427.085
1786983120,4427.105,4427.105,4425.73,4426.045
1786983300,4426.085,4427.54,4425.83,4426.175
1786983480,4426.205,4426.58,4424.86,4426.105
1786983660,4426.075,4427.75,4425.005,4425.6
1786983840,4425.625,4425.725,4423.7,4424.275
1786984020,4424.26,4424.995,4423.05,4424.9
1786984200,4424.95,4425.45,4422.835,4422.845
1786984380,4422.865,4424.525,4422.78,4424.295
1786984560,4424.305,4427.13,4424.305,4426.365
1786984740,4426.42,4426.89,4425.58,4425.685
1786984920,4425.675,4426.41,4424.435,4424.705
1786985100,4424.685,4424.9,4423.24,4423.52
1786985280,4423.525,4425.46,4422.675,4425.02
1786985460,4425.035,4425.665,4422.79,4423.32
1786985640,4423.325,4425.465,4422.75,4424.88
1786985820,4424.805,4425.36,4423.845,4424.245
1786986000,4424.255,4426.23,4423.645,4425.985
1786986180,4425.845,4426.21,4422.815,4422.86
1786986360,4422.865,4423.125,4421.245,4421.685
1786986540,4421.705,4423.055,4421.705,4422.05
1786986720,4422.105,4423.45,4421.775,4422.915
1786986900,4422.95,4423.26,4420.625,4420.995
1786987080,4421.01,4421.985,4418.69,4419.22
1786987260,4419.265,4420.355,4416.795,4417.09
1786987440,4417.055,4417.51,4413.98,4415.165
1786987620,4415.18,4417.51,4413.45,4416.76
1786987800,4416.62,4418.955,4414.035,4418.06
1786987980,4418.055,4418.275,4415.29,4415.84
1786988160,4415.845,4416.75,4414.32,4414.82
1786988340,4414.805,4414.825,4411.205,4413.04
1786988520,4413.03,4417.6,4413.005,4417.58
1786988700,4417.585,4420.395,4417.29,4418.39
1786988880,4418.425,4420.625,4418.3,4420.02
1786989060,4420.025,4420.34,4417.915,4417.995
1786989240,4418.005,4418.83,4415.295,4415.38
1786989420,4415.38,4415.38,4413.325,4413.765
1786989600,4413.765,4414.555,4412.275,4412.53
1786989780,4412.45,4412.45,4410.365,4411.47
1786989960,4411.49,4413.17,4411.16,4412.035
1786990140,4412.02,4412.17,4410.2,4410.85
1786990320,4410.83,4413.86,4410.815,4413.755
1786990500,4413.825,4415.365,4413.48,4415.245
1786990680,4415.23,4416.255,4413.145,4413.235
1786990860,4413.2,4415.51,4412.43,4412.985
1786991040,4412.925,4412.925,4407.27,4409.78
1786991220,4409.74,4409.895,4404.895,4406.39
1786991400,4406.405,4407.06,4401.265,4404.07
1786991580,4404.075,4404.235,4398.205,4401.865
1786991760,4401.855,4402.555,4399.405,4401.18
1786991940,4401.175,4403.66,4401.115,4402.81
1786992120,4402.74,4404.9,4401.485,4401.51
1786992300,4401.49,4403.535,4400.265,4402.775
1786992480,4402.78,4406.85,4402.525,4405.425
1786992660,4405.43,4407.67,4405.23,4407.03
1786992840,4407.065,4407.375,4406.24,4406.465
1786993020,4406.48,4406.945,4405.93,4406.77
1786993200,4406.68,4407.41,4402.145,4403.795
1786993380,4403.68,4404.555,4400.72,4400.72
1786993560,4400.73,4403.4,4400.405,4402.945
1786993740,4402.95,4405.56,4402.39,4405.56
1786993920,4405.545,4408.675,4405.2,4408.675
1786994100,4408.785,4414.895,4408.77,4414.09
1786994280,4414.09,4416.455,4413.905,4415.375
1786994460,4415.39,4416.95,4414.97,4416.27
1786994640,4416.255,4417.525,4415.845,4416.415
1786994820,4416.395,4416.805,4414.535,4414.565
1786995000,4414.545,4416.675,4414.215,4415.31
1786995180,4415.36,4417.31,4415.165,4416.415
1786995360,4416.42,4416.725,4415.15,4416.12
1786995540,4416.11,4416.985,4415.645,4416.55
1786995720,4416.5,4420.54,4416.385,4419.445
1786995900,4419.43,4419.81,4418.59,4419.73
1786996080,4419.715,4421.055,4416.655,4417.08
1786996260,4417.175,4418.66,4416.675,4418.455
1786996440,4418.49,4419.165,4417.73,4418.905
1786996620,4418.92,4420.99,4418.655,4419.965
1786996800,4419.935,4421.47,4418.555,4419.365
1786996980,4419.345,4419.345,4417.415,4417.46
1786997160,4417.465,4417.975,4416.665,4417.24
1786997340,4417.245,4417.86,4416.775,4417.24
1786997520,4417.135,4418.11,4416.83,4417.885
1786997700,4417.9,4418.12,4417.34,4418.025
1786997880,4418.005,4418.145,4417.535,4417.73
1786998060,4417.735,4417.91,4417.4,4417.425
1786998240,4417.3,4417.3,4415.33,4415.65
1786998420,4415.645,4415.645,4414.92,4415.11
1786998600,4415.095,4415.64,4414.89,4415.46
1786998780,4415.47,4415.555,4414.87,4414.905
1786998960,4414.925,4415.415,4414.8,4415.37
1786999140,4415.315,4415.61,4414.61,4415.22
1786999320,4415.2,4416.005,4415.13,4415.47
1786999500,4415.45,4416.72,4415.13,4415.745
1786999680,4415.755,4416.195,4415.53,4415.925
1786999860,4415.87,4415.9,4415.31,4415.325
1787000040,4415.31,4416.415,4415.31,4416.395
1787000220,4416.425,4416.705,4415.96,4416.68
1787004180,4416.205,4416.465,4415.71,4416.32
1787004360,4416.13,4416.35,4414.835,4415.41
1787004540,4415.425,4416.685,4415.195,4416.335
1787004720,4416.36,4416.945,4416.105,4416.73
1787004900,4416.715,4417.28,4415.94,4416.16
1787005080,4416.165,4416.765,4415.65,4416.31
1787005260,4416.245,4416.25,4415.305,4415.415
1787005440,4415.53,4415.635,4413.475,4413.49
1787005620,4413.485,4413.655,4412,4412.5
1787005800,4412.42,4413.41,4411.665,4412.33
1787005980,4412.335,4413.07,4411.935,4412.865
1787006160,4412.88,4414.725,4412.76,4413.45
1787006340,4413.48,4414.185,4412.985,4413.965
1787006520,4413.93,4415.69,4413.83,4414.645
1787006700,4414.625,4415.11,4414.17,4414.925
1787006880,4414.87,4416.355,4414.685,4415.16
1787007060,4415.165,4415.4,4413.89,4413.89
1787007240,4413.94,4413.95,4411.85,4412.2
1787007420,4412.205,4412.21,4410.49,4411.87
1787007600,4411.92,4412.96,4409.89,4411.9
1787007780,4411.915,4413.715,4411.915,4413.6
1787007960,4413.615,4414.47,4413.055,4414.135
1787008140,4414.15,4414.48,4413.48,4414.19
1787008320,4414.135,4415.055,4413.57,4414.88
1787008500,4415,4418.375,4414.975,4416.885
1787008680,4416.915,4418.345,4416.59,4417.755
1787008860,4417.75,4418.25,4416.57,4417.14
1787009040,4417.145,4421.02,4416.53,4420.725
1787009220,4420.675,4421.87,4419.74,4420.38
1787009400,4420.315,4422.27,4420.065,4421.715
1787009580,4421.72,4422.34,4420.5,4421.77
1787009760,4421.81,4422.42,4421.46,4422.17
1787009940,4422.07,4422.07,4420.165,4420.49
1787010120,4420.47,4422.89,4420.445,4422.73
1787010300,4422.665,4423.14,4421.7,4422.475
1787010480,4422.48,4424.11,4422.18,4423.305
1787010660,4423.3,4424.365,4422.58,4423.39
1787010840,4423.34,4424.38,4422.915,4423.65
1787011020,4423.675,4426.305,4423.255,4426.12
1787011200,4426.095,4430.14,4420.295,4420.36
1787011380,4420.425,4426.3,4419.255,4424.025
1787011560,4424,4425.035,4422.055,4422.075
1787011740,4422.12,4422.555,4419.23,4420.525
1787011920,4420.46,4422.545,4419.06,4421.89
1787012100,4421.93,4426.29,4420.995,4425.85
1787012280,4425.84,4428.16,4422.945,4423.705
1787012460,4423.755,4430.995,4423.555,4430.385
1787012640,4430.465,4431.585,4425.205,4428.02
1787012820,4428.035,4431.565,4427.685,4431.15
1787013000,4431.185,4431.725,4428.285,4429.25
1787013180,4429.275,4432.325,4429.255,4431.14
1787013360,4431.145,4433.46,4430.735,4432.715
1787013540,4432.745,4433.725,4428.915,4429.515
1787013720,4429.54,4430.02,4428.59,4429.58
1787013900,4429.735,4430.35,4428.46,4428.995
1787014080,4429.005,4430.08,4428.515,4429.465
1787014260,4429.45,4430.43,4429.02,4429.34
1787014440,4429.275,4430.615,4428.52,4430.065
1787014620,4430.055,4434.88,4428.83,4434.435
1787014800,4434.455,4436.23,4429.085,4433.98
1787014980,4433.92,4435.145,4429.985,4434.82
1787015160,4434.755,4436.125,4430.54,4430.855
1787015340,4430.885,4431.745,4428.79,4430.225
1787015520,4430.315,4431.03,4428.59,4429.21
1787015700,4429.205,4430.935,4425.2,4425.245
1787015880,4425.24,4426.63,4422.77,4425.055
1787016060,4425.1,4425.265,4422.085,4424.16
1787016240,4424.155,4424.49,4420.285,4423.705
1787016420,4423.66,4425.98,4423.55,4425.025
1787016600,4425.08,4426.305,4422.315,4423.16
1787016780,4423.155,4423.76,4421.2,4422.32
1787016960,4422.355,4423.7,4421.355,4421.505
1787017140,4421.55,4421.855,4418.39,4418.525
1787017320,4418.375,4419.49,4411.705,4411.705
1787017500,4411.74,4412.175,4405.075,4409.27
1787017680,4409.385,4409.535,4404.32,4407.175
1787017860,4407.05,4408.715,4404.47,4405.85
1787018040,4405.855,4409.485,4405.12,4408.35
1787018220,4408.305,4409.155,4407.38,4408.185
1787018400,4408.01,4408.39,4400.965,4401.5
1787018580,4401.54,4404.165,4400.95,4401.755
1787018760,4401.805,4402.75,4399.74,4400.455
1787018940,4400.495,4401.77,4398.48,4398.865
1787019120,4399.065,4402.85,4398.89,4401.115
1787019300,4401.015,4404.625,4400.215,4402.345
1787019480,4402.35,4405.51,4402.205,4403.655
1787019660,4403.66,4404.245,4401.75,4404.02
1787019840,4404.01,4405.38,4403.77,4404.355
1787020020,4404.34,4404.515,4402.17,4402.35
1787020200,4402.4,4402.755,4399.08,4400.8
1787020380,4400.81,4400.995,4395.29,4396.74
1787020560,4396.77,4399.905,4396.755,4399.105
1787020740,4399.1,4399.755,4394.295,4394.52
1787020920,4394.54,4395.075,4394.175,4394.985
1787021100,4394.995,4395.9,4394.335,4395.365
1787021280,4395.465,4398.285,4394.415,4396.44
1787021460,4396.39,4398.555,4395.695,4398.23
1787021640,4398.225,4400.715,4397.155,4399.04
1787021820,4399.02,4400.32,4397.925,4399.985
1787022000,4400,4404.16,4399.94,4403.425
1787022180,4403.385,4404.175,4401.19,4402.79
1787022360,4402.75,4402.75,4400.02,4400.145
1787022540,4400.095,4402.71,4398.865,4399.785
1787022720,4399.815,4401.5,4399.12,4401.5
1787022900,4401.525,4402.115,4396.715,4396.715
1787023080,4396.775,4398.67,4395.58,4397.145
1787023260,4397.14,4397.46,4394.495,4394.66
1787023440,4394.67,4396.595,4394.48,4396.51
1787023620,4396.5,4397.665,4395.585,4397.27
1787023800,4397.275,4397.355,4395.695,4396.1
1787023980,4396.115,4397.055,4396.085,4396.58
1787024160,4396.58,4397.015,4395.29,4395.655
1787024340,4395.675,4395.795,4394.74,4395.2
1787024520,4395.205,4396,4394.565,4394.92
1787024700,4394.87,4395.175,4394.44,4395.035
1787024880,4395.025,4395.08,4392.295,4393.01
1787025060,4393.035,4393.945,4391.81,4393.54
1787025240,4393.49,4393.49,4390.83,4391.145
1787025420,4391.175,4392.575,4390.63,4391.965
1787025600,4391.98,4392.05,4390.125,4392.03
1787025780,4391.99,4392.035,4390.485,4391.27
1787025960,4391.295,4392.265,4389.91,4390.275
1787026140,4390.335,4392.745,4390.335,4391.875
1787026320,4391.86,4392.975,4391.355,4392.385
1787026500,4392.43,4393.76,4392.055,4392.16
1787026680,4392.155,4393.215,4390.94,4391.175
1787026860,4391.195,4392.44,4390.8,4391.455
1787027040,4391.45,4392.85,4391.4,4392.235
1787027220,4392.23,4392.985,4391.72,4392.51
1787027400,4392.505,4394.15,4392.2,4392.38
1787027580,4392.25,4393.27,4391.55,4392.82
1787027760,4392.965,4392.985,4389.805,4390.26
1787027940,4390.22,4392.915,4389.02,4392.625
1787028120,4392.62,4394.53,4392.62,4393.65
1787028300,4393.61,4393.9,4392.33,4392.965
1787028480,4392.995,4395.23,4392.725,4394.965
1787028660,4394.945,4394.95,4393.83,4394.84
1787028840,4394.825,4395.505,4394.3,4395.405
1787029020,4395.525,4395.58,4393.105,4393.69
1787029200,4393.66,4393.81,4391.305,4391.34
1787029380,4391.345,4393.415,4391.145,4392.95
1787029560,4392.925,4394.235,4392.155,4394.055
1787029740,4394.045,4394.23,4391.165,4391.535
1787029920,4391.55,4392.045,4391.095,4391.43
1787030100,4391.46,4393.795,4391.235,4393.645
1787030280,4393.635,4395.57,4393.285,4395.335
1787030460,4395.33,4395.965,4394.5,4395.575
1787030640,4395.585,4396.08,4394.6,4394.815
1787030820,4394.79,4395.115,4391.435,4391.475
1787031000,4391.455,4391.655,4386.185,4388.96
1787031180,4388.985,4390.765,4386.75,4389.235
1787031360,4389.125,4391.075,4389.01,4389.9
1787031540,4389.885,4391.195,4388.75,4390.45
1787031720,4390.43,4394.285,4389.68,4393.75
1787031900,4393.765,4394.97,4393.115,4394.665
1787032080,4394.66,4397.66,4394.155,4396.505
1787032260,4396.465,4396.655,4394.16,4396.51
1787032440,4396.46,4396.815,4395.35,4396.255
1787032620,4396.29,4396.94,4393.995,4394.465
1787032800,4394.43,4394.465,4390.42,4392.775
1787032980,4392.73,4392.775,4389.06,4389.68
1787033160,4389.7,4391.37,4387.755,4391.235
1787033340,4391.225,4394.915,4391.18,4394.74
1787033520,4394.72,4395.42,4394.105,4395.395
1787033700,4395.39,4396.51,4393.72,4394.985
1787033880,4394.865,4397.23,4394.805,4397.035
1787034060,4397,4397.685,4394.455,4396.83
1787034240,4396.875,4398.66,4396.785,4398.2
1787034420,4398.23,4400,4398.23,4399.65
1787034600,4399.665,4400.395,4398,4398.625
1787034780,4398.655,4398.9,4395.3,4395.81
1787034960,4395.805,4397.69,4395.63,4396.845
1787035140,4396.89,4397.905,4396.43,4397.68
1787035320,4397.635,4398.85,4396.735,4397.23
1787035500,4397.295,4399.465,4397.295,4399.19
1787035680,4399.185,4399.325,4397.42,4397.84
1787035860,4397.89,4398.78,4397.64,4398.415
1787036040,4398.305,4399.065,4397.325,4398.23
1787036220,4398.24,4398.935,4397.365,4398.93
1787036400,4398.92,4399.73,4396.85,4399.195
1787036580,4399.24,4400.95,4398.995,4400.09
1787036760,4399.97,4400.435,4397.65,4398.025
1787036940,4398.005,4399.3,4397.01,4398.52
1787037120,4398.48,4399.36,4396.975,4397.6
1787037300,4397.585,4400.76,4397.48,4399.14
1787037480,4399.11,4400.835,4399.035,4400.5
1787037660,4400.535,4401.025,4399.815,4400.605
1787037840,4400.615,4403.33,4400.615,4402.395
1787038020,4402.43,4403.55,4401.375,4403.255
1787038200,4403.26,4403.735,4400.355,4400.915
1787038380,4400.885,4400.915,4396.395,4399
1787038560,4399.045,4402.745,4398.945,4402.62
1787038740,4402.665,4403.68,4401.64,4403.02
1787038920,4402.97,4403.045,4400.32,4401.56
1787039100,4401.66,4402.85,4401.66,4401.935
1787039280,4401.93,4401.93,4399.69,4399.79
1787039460,4399.695,4400.535,4398.39,4398.485
1787039640,4398.535,4398.935,4397.055,4397.25
1787039820,4397.2,4397.5,4395.495,4395.71
1787040000,4395.825,4396.33,4394.455,4395.14
1787040180,4395.05,4395.375,4392.765,4392.985
1787040360,4392.95,4393.355,4389.96,4391.59
1787040540,4391.585,4391.88,4388.125,4390.435
1787040720,4390.445,4394.855,4390.16,4392.755
1787040900,4392.755,4393.605,4391.8,4393.18
1787041080,4393.11,4393.545,4391.535,4392.16
1787041260,4392.165,4392.66,4386.91,4388.195
1787041440,4388.18,4388.975,4387.45,4388.4
1787041620,4388.41,4389.79,4387.675,4389.625
1787041800,4389.635,4392.84,4389.415,4392.61
1787041980,4392.58,4397.775,4392.42,4397.685
1787042160,4397.705,4398.14,4395.765,4396.27
1787042340,4396.26,4398.775,4396.22,4398.175
1787042520,4398.22,4398.585,4396.545,4396.59
1787042700,4396.595,4396.935,4395.445,4395.485
1787042880,4395.48,4395.69,4391.625,4392.405
1787043060,4392.415,4393.545,4391.545,4393.125
1787043240,4393.13,4394.745,4392.425,4393.165
1787043420,4393.155,4393.825,4392.5,4393.44
1787043600,4393.385,4394.01,4392.185,4393.19
1787043780,4393.15,4393.49,4391.96,4392.04
1787043960,4392.06,4392.52,4391.215,4392.015
1787044140,4392.035,4392.675,4391.28,4392.67
1787044320,4392.635,4393.66,4391.825,4392.83
1787044500,4392.78,4392.88,4391.035,4391.46
1787044680,4391.465,4391.985,4390.625,4390.725
1787044860,4390.72,4391.3,4389.07,4390.75
1787045040,4390.705,4390.855,4388.885,4389.84
1787045220,4389.83,4391.52,4388.69,4389.37
1787045400,4389.305,4391.71,4389.245,4390.945
1787045580,4390.98,4395.08,4390.82,4393.97
1787045760,4394.005,4394.465,4391.68,4391.68
1787045940,4391.685,4391.77,4388.295,4389.115
1787046120,4389.12,4389.24,4387.28,4388.44
1787046300,4388.405,4390.205,4387.03,4389.875
1787046480,4389.94,4393.855,4388.99,4393.195
1787046660,4393.24,4394.275,4393.13,4393.485
1787046840,4393.525,4394.97,4392.895,4394.095
1787047020,4394.045,4394.34,4393.3,4393.32
1787047200,4393.375,4395.08,4392.265,4394.98
1787047380,4394.93,4395.835,4393.695,4394.08
1787047560,4393.98,4394.48,4392.535,4392.875
1787047740,4392.89,4394.03,4392.715,4393.475
1787047920,4393.485,4394.9,4393.08,4394.665
1787048100,4394.62,4395.32,4394.19,4394.56
1787048280,4394.51,4396.33,4394.28,4395.25
1787048460,4395.285,4395.285,4391.76,4391.915
1787048640,4391.945,4392.07,4389.8,4390.85
1787048820,4390.84,4392.26,4390.53,4392.025
1787049000,4392.02,4393.985,4391.685,4393.23
1787049180,4393.13,4394.315,4393.05,4394.15
1787049360,4394.135,4397.26,4393.6,4396.215
1787049540,4396.23,4398.255,4396.135,4397.59
1787049720,4397.675,4398.72,4397.22,4398.655
1787049900,4398.67,4399.68,4398.45,4399.02
1787050080,4399.095,4399.6,4398.17,4399.28
1787050260,4399.18,4399.18,4396.765,4397.235
1787050440,4397.225,4397.46,4396.43,4396.95
1787050620,4396.9,4397.73,4396.815,4397.63
1787050800,4397.705,4399.055,4396.66,4398.125
1787050980,4398.13,4398.13,4393.62,4394.39
1787051160,4394.275,4394.665,4392.585,4394.665
1787051340,4394.64,4394.64,4392.06,4392.35
1787051520,4392.345,4394.13,4392.25,4393.65
1787051700,4393.64,4394.76,4392.44,4392.635
1787051880,4392.425,4393.975,4392.17,4392.745
1787052060,4392.58,4393.21,4391.225,4391.435
1787052240,4391.45,4391.665,4390.19,4391.35
1787052420,4391.31,4391.88,4389.71,4390.145
1787052600,4390.135,4392,4389.805,4390.19
1787052780,4390.18,4390.46,4388.675,4390.3
1787052960,4390.35,4391.455,4389.39,4390.545
1787053140,4390.54,4392.58,4389.655,4391.455
1787053320,4391.435,4392.425,4390.775,4391.04
1787053500,4390.99,4393.805,4390.83,4393.53
1787053680,4393.46,4393.775,4392.045,4392.71
1787053860,4392.74,4393.165,4389.915,4390.78
1787054040,4390.765,4392.555,4390.47,4392.505
1787054220,4392.51,4396.885,4392.5,4396.07
1787054400,4396.21,4396.275,4391.57,4392.78
1787054580,4392.835,4397.14,4392.55,4396.935
1787054760,4396.88,4397.035,4391.49,4391.775
1787054940,4391.78,4392.21,4389.67,4391.285
1787055120,4391.28,4393.55,4390.36,4393.305
1787055300,4393.335,4393.855,4391.645,4392.135
1787055480,4392.02,4399.105,4391.715,4398.825
1787055660,4398.83,4400.85,4397.16,4397.825
1787055840,4397.82,4399.11,4393.335,4394.265
1787056020,4394.32,4395.99,4391.95,4395.305
1787056200,4395.355,4398.035,4392.33,4396.01
1787056380,4396.22,4397.855,4395.495,4397.39
1787056560,4397.31,4397.76,4392.84,4393.95
1787056740,4393.96,4394.82,4391.07,4392.275
1787056920,4392.315,4393.26,4391.56,4392.28
1787057100,4392.29,4396.645,4392.28,4395.665
1787057280,4395.62,4397.02,4394.61,4395.95
1787057460,4395.94,4396.645,4394.205,4395.035
1787057640,4394.875,4394.99,4390.83,4392.73
1787057820,4392.71,4395.815,4392.42,4394.225
1787058000,4394.23,4396.195,4390.415,4391.17
1787058180,4391.15,4397.49,4390.89,4395.84
1787058360,4395.835,4395.975,4389.01,4389.665
1787058540,4389.66,4391.465,4388.385,4390.98
1787058720,4390.965,4396.095,4390.42,4395.895
1787058900,4395.865,4396.195,4388.54,4390.65
1787059080,4390.55,4393.335,4390.055,4392.825
1787059260,4392.845,4393.585,4388.32,4389.31
1787059440,4389.375,4391.36,4388.315,4389.37
1787059620,4389.275,4392.44,4388.49,4389.035
1787059800,4389.025,4396.06,4376.195,4394.71
1787059980,4394.645,4400.125,4391.46,4397.595
1787060160,4397.585,4403.26,4396.89,4402.42
1787060340,4402.44,4406.9,4400.69,4402.905
1787060520,4402.925,4404.92,4399.645,4401.165
1787060700,4401.18,4402.27,4391.63,4396.57
1787060880,4396.575,4398.33,4393.87,4397.535
1787061060,4397.545,4398,4389.995,4391.23
1787061240,4391.235,4393.01,4389.535,4392.925
1787061420,4392.895,4395.155,4391.71,4394.695
1787061600,4394.705,4403.425,4393.33,4402.74
1787061780,4402.715,4406.48,4402.175,4403.775
1787061960,4403.815,4404.325,4397.835,4400.49
1787062140,4400.53,4401.375,4392.075,4393.54
1787062320,4393.55,4395.985,4391.285,4393.29
1787062500,4393.35,4401.32,4392.975,4398.485
1787062680,4398.495,4405.1,4397.495,4398.99
1787062860,4398.91,4399.405,4396.175,4397.545
1787063040,4397.54,4398.885,4395.77,4396.63
1787063220,4396.625,4397.265,4392.38,4394.225
1787063400,4394.22,4394.365,4385.35,4394.04
1787063580,4393.995,4396.395,4387.695,4388.09
1787063760,4388.165,4390.23,4386.095,4387.505
1787063940,4387.495,4388.045,4379.41,4384.625
1787064120,4384.62,4385.095,4377.865,4379.785
1787064300,4379.815,4385.53,4378.12,4385.48
1787064480,4385.485,4389.03,4384.61,4387.3
1787064660,4387.33,4388.46,4372.725,4378.3
1787064840,4378.31,4383.19,4375.24,4377.915
1787065020,4377.765,4378.125,4363.775,4366.685
1787065200,4366.725,4372.085,4365.815,4368.235
1787065380,4368.23,4377.795,4367.31,4375.815
1787065560,4375.785,4376.55,4368.94,4370.105
1787065740,4370.115,4370.15,4364.015,4365.725
1787065920,4365.81,4368.47,4358.56,4360.11
1787066100,4360.09,4365.34,4359.125,4363.805
1787066280,4363.745,4364.12,4352.93,4354.94
1787066460,4354.945,4357.24,4352.16,4355.88
1787066640,4355.865,4357.77,4351.765,4356.595
1787066820,4356.615,4361.065,4354.06,4355.105
1787067000,4355.09,4362.14,4354.655,4356.985
1787067180,4356.96,4362.195,4356.685,4360.345
1787067360,4360.355,4361.935,4356.74,4361.485
1787067540,4361.585,4362.49,4359.565,4361.03
1787067720,4361.035,4361.735,4356.765,4358.82
1787067900,4358.96,4362.755,4358.96,4361.225
1787068080,4361.23,4365.195,4360.655,4362.63
1787068260,4362.635,4366.765,4362.17,4365.32
1787068440,4365.275,4365.985,4363.42,4363.61
1787068620,4363.635,4365.23,4363.635,4364.925
1787068800,4364.92,4368.81,4364.92,4367.395
1787068980,4367.415,4369.325,4367.055,4369.065
1787069160,4369.055,4371.095,4366.77,4370.995
1787069340,4371.06,4371.73,4368.88,4370.5
1787069520,4370.485,4370.485,4367.535,4367.78
1787069700,4367.755,4368.455,4364.62,4366.16
1787069880,4366.155,4369.76,4364.765,4369.015
1787070060,4369.07,4369.69,4366.61,4367.84
1787070240,4367.835,4369.24,4366.505,4366.59
1787070420,4366.58,4366.85,4363.58,4364.205
1787070600,4364.275,4366.855,4363.355,4364.68
1787070780,4364.675,4367.17,4363.475,4365.305
1787070960,4365.29,4366.925,4363.125,4366.14
1787071140,4366.22,4368.705,4365.095,4367.75
1787071320,4367.81,4368.25,4365.545,4367.565
1787071500,4367.57,4367.905,4364.645,4364.79
1787071680,4364.77,4365.26,4363.16,4364.135
1787071860,4364.075,4367.63,4363.75,4367.015
1787072040,4367.01,4368.895,4365.36,4365.71
1787072220,4365.71,4365.835,4363.19,4363.83
1787072400,4363.805,4365.84,4363.73,4364.755
1787072580,4364.775,4366.095,4363.68,4365.605
1787072760,4365.655,4366.36,4364.82,4365.995
1787072940,4366.005,4366.63,4365.25,4365.315
1787073120,4365.305,4367.26,4364.88,4367.06
1787073300,4367.095,4368.355,4365.365,4365.555
1787073480,4365.605,4366.32,4363.21,4365.275
1787073660,4365.265,4367.215,4364.47,4366.825
1787073840,4366.84,4368.325,4364.655,4365.61
1787074020,4365.6,4366.315,4363.825,4365.405
1787074200,4365.405,4365.46,4361.375,4365.315
1787074380,4365.31,4366.345,4364.205,4364.705
1787074560,4364.73,4365.2,4360.99,4362.805
1787074740,4362.815,4365.135,4362.495,4363.42
1787074920,4363.425,4363.44,4358.705,4358.705
1787075100,4358.735,4360.53,4358.385,4358.76
1787075280,4358.75,4359.845,4357.04,4359.59
1787075460,4359.585,4359.74,4358.305,4358.735
1787075640,4358.76,4359.185,4357.365,4357.93
1787075820,4357.88,4358.425,4356.85,4357.725
1787076000,4357.755,4357.965,4355.49,4355.65
1787076180,4355.635,4356.09,4352.705,4353.97
1787076360,4353.945,4355.845,4352.855,4354.16
1787076540,4354.175,4356.15,4353.045,4353.76
1787076720,4353.74,4358.21,4352.97,4357.885
1787076900,4357.905,4358.365,4356.815,4358
1787077080,4358.025,4359.5,4357.865,4359.075
1787077260,4359.07,4359.335,4355.775,4356.04
1787077440,4355.99,4358.535,4355.815,4358.37
1787077620,4358.36,4361.12,4357.775,4360.35
1787077800,4360.37,4360.715,4358.93,4359.23
1787077980,4359.225,4360.295,4358.06,4359.805
1787078160,4359.79,4360.375,4358.365,4359.13
1787078340,4359.145,4360.165,4356.17,4356.39
1787078520,4356.365,4356.795,4353.585,4354.34
1787078700,4354.335,4355.635,4354.09,4355.275
1787078880,4355.28,4355.39,4352.905,4354.64
1787079060,4354.655,4355.26,4354.215,4354.72
1787079240,4354.715,4356.12,4354.02,4354.29
1787079420,4354.275,4355.02,4354.04,4354.43
1787079600,4354.43,4358.045,4354.15,4357.49
1787079780,4357.48,4358.14,4354.61,4356.35
1787079960,4356.36,4357.085,4355.505,4356.87
1787080140,4356.865,4358.59,4354.695,4357.1
1787080320,4357.065,4357.585,4355.52,4357.1
1787080500,4357.065,4358.76,4356.945,4357.095
1787080680,4357.075,4357.36,4353.88,4354.115
1787080860,4354.09,4356.48,4352.785,4353.92
1787081040,4353.9,4354.64,4352.54,4354.27
1787081220,4354.265,4355.94,4353.69,4354.865
1787081400,4354.97,4356.82,4353.91,4356.045
1787081580,4356.1,4356.445,4353.705,4354.055
1787081760,4354.055,4355.595,4353.57,4355.41
1787081940,4355.435,4357.78,4354.82,4357.665
1787082120,4357.79,4357.84,4349.725,4349.985
1787082300,4349.99,4353.455,4348.785,4350.43
1787082480,4350.425,4350.425,4343.93,4345.8
1787082660,4345.855,4345.865,4342.37,4344.35
1787082840,4344.34,4346.475,4342.385,4342.845
1787083020,4342.8,4346.39,4338.395,4345.785
1787083200,4345.705,4346.665,4343.485,4346.015
1787083380,4345.98,4346.085,4342.86,4344.12
1787083560,4344.095,4344.385,4342.53,4342.745
1787083740,4342.89,4343.715,4342.145,4342.485
1787083920,4342.495,4343.555,4340.825,4342.02
1787084100,4342.015,4342.35,4339.87,4341.945
1787084280,4341.905,4342.22,4338.565,4338.77
1787084460,4338.765,4339.15,4333.585,4337.97
1787084640,4337.995,4338.83,4336.965,4337.29
1787084820,4337.285,4338.65,4336.655,4337.93
1787085000,4337.975,4339.055,4336.61,4338.69
1787085180,4338.695,4339.765,4338.695,4339.13
1787085360,4339.11,4339.11,4337.505,4338.5
1787085540,4338.595,4338.745,4336.505,4336.68
1787085720,4336.65,4337.08,4331.69,4332.335
1787085900,4332.345,4333.41,4329.265,4329.405
1787086080,4329.345,4333.21,4329.345,4331.915
1787086260,4331.965,4333.35,4330.09,4333.06
1787086440,4333.05,4335.17,4332.625,4333.515
1787086620,4333.54,4335.435,4333.445,4334.575
1787090580,4341.965,4343.83,4341.63,4341.63
1787090760,4341.625,4343.59,4341.62,4342.985
1787090940,4343.01,4343.625,4342.125,4343.335
1787091120,4343.385,4343.42,4340.385,4341.065
1787091300,4341.375,4342.395,4339.515,4340.27
1787091480,4340.265,4340.845,4337.935,4339.685
1787091660,4339.7,4340.13,4333.935,4335.175
1787091840,4335.2,4339.37,4334.11,4335.54
1787092020,4335.485,4336.74,4334.565,4336.35
1787092200,4336.38,4336.595,4335.24,4335.505
1787092380,4335.555,4336.56,4335.09,4336.11
1787092560,4336.1,4336.52,4334.085,4335.185
1787092740,4335.19,4335.435,4332.77,4333.835
1787092920,4333.875,4334.875,4333.25,4334.025
1787093100,4334.015,4335,4333.345,4333.895
1787093280,4333.885,4334.925,4333.565,4334.615
1787093460,4334.645,4335.16,4333.865,4334.945
1787093640,4335.02,4335.705,4334.075,4334.73
1787093820,4334.75,4334.765,4333.195,4333.83
1787094000,4334.045,4336.15,4332.78,4336.015
1787094180,4336.01,4337.495,4335.57,4337.475
1787094360,4337.425,4338.45,4335.33,4335.33
1787094540,4335.29,4335.56,4333.27,4333.82
1787094720,4333.79,4334.67,4332.675,4334.12
1787094900,4334.08,4335.03,4332.645,4333.845
1787095080,4333.83,4333.93,4332.18,4333.45
1787095260,4333.44,4337.51,4332.575,4333.05
1787095440,4332.87,4334.285,4330.91,4332.075
1787095620,4332.125,4332.705,4330.085,4330.555
1787095800,4330.535,4332.765,4330.025,4330.44
1787095980,4330.5,4332.03,4327.27,4330.695
1787096160,4330.64,4331.13,4328.865,4329.07
1787096340,4329.085,4329.895,4327.365,4328.245
1787096520,4328.28,4330.44,4328.27,4329.885
1787096700,4329.99,4332.37,4329.6,4330.365
1787096880,4330.39,4331.49,4330.065,4330.4
1787097060,4330.38,4334,4329.975,4333.455
1787097240,4333.45,4334.415,4331.495,4332.06
1787097420,4332.055,4333.37,4331.985,4333.105
1787097600,4333.14,4339.19,4331.635,4337.93
1787097780,4337.96,4340.72,4335.4,4336.38
1787097960,4336.37,4340.825,4336.37,4340.405
1787098140,4340.365,4341.55,4338.19,4340.55
1787098320,4340.54,4345.055,4340.135,4343.13
1787098500,4343.125,4346.225,4342.87,4345.16
1787098680,4345.145,4346.495,4342.45,4342.765
1787098860,4342.815,4346.24,4341.55,4344.8
1787099040,4344.735,4344.885,4341.415,4343.03
1787099220,4343.045,4343.735,4339.115,4343.065
1787099400,4343.075,4345.84,4342.595,4344.145
1787099580,4344.08,4344.08,4339.745,4343.045
1787099760,4342.985,4347.12,4341.435,4346.245
1787099940,4346.145,4346.94,4343.355,4346.405
1787100120,4346.32,4347.42,4343.285,4343.875
1787100300,4343.795,4344.8,4342.74,4343.27
1787100480,4343.275,4344.21,4342.49,4343.135
1787100660,4343.18,4345.025,4342.015,4344.215
1787100840,4344.22,4344.73,4337.455,4337.515
1787101020,4337.625,4342.295,4337.11,4338.155
1787101200,4338.015,4340.05,4324.68,4330.04
1787101380,4330,4337.525,4326.92,4337.165
1787101560,4337.18,4342.77,4335.955,4342.73
1787101740,4342.7,4342.805,4337.13,4339.04
1787101920,4338.94,4344.155,4338.395,4344.015
1787102100,4344,4346.415,4337.83,4340.575
1787102280,4340.58,4341.2,4334.78,4339.49
1787102460,4339.39,4339.5,4333.145,4336.84
1787102640,4336.82,4339.565,4335.445,4337.33
1787102820,4337.32,4342.555,4337.135,4342.28
1787103000,4342.38,4346.96,4342.31,4345.09
1787103180,4345.175,4351.78,4344.675,4351.04
1787103360,4351.035,4356.44,4350.56,4355.37
1787103540,4355.355,4357.765,4354.75,4356.45
1787103720,4356.44,4357.405,4354.32,4355.635
1787103900,4355.655,4356.81,4352.96,4354.105
1787104080,4354.095,4354.095,4350.675,4353.48
1787104260,4353.43,4354.665,4352.13,4352.925
1787104440,4352.89,4356.035,4352.72,4354.345
1787104620,4354.17,4356.855,4352.745,4356.63
1787104800,4356.72,4357.365,4353,4353.215
1787104980,4353.24,4357.285,4351.805,4357.065
1787105160,4357.055,4357.17,4352.955,4355.32
1787105340,4355.26,4356.195,4354.525,4355.035
1787105520,4355.085,4355.555,4352.695,4353.69
1787105700,4353.775,4359.535,4352.605,4357.06
1787105880,4357.065,4361.19,4355.745,4359.71
1787106060,4359.74,4361.885,4359.74,4361.775
1787106240,4361.72,4362.165,4359.735,4360.62
1787106420,4360.69,4361.245,4359.27,4359.735
1787106600,4359.725,4360.32,4356.32,4356.535
1787106780,4356.56,4358.08,4355.775,4357.51
1787106960,4357.545,4358.455,4354.53,4355.62
1787107140,4355.625,4357.475,4354.36,4357.355
1787107320,4357.445,4358.46,4355.25,4355.395
1787107500,4355.405,4357.365,4354.255,4355.295
1787107680,4355.31,4356.59,4354.655,4356.47
1787107860,4356.45,4356.585,4352.995,4354.725
1787108040,4354.585,4354.87,4351.545,4351.84
1787108220,4351.865,4355.22,4351.865,4355.085
1787108400,4355.055,4355.755,4352.8,4354.51
1787108580,4354.495,4356.325,4353.325,4353.49
1787108760,4353.525,4354.505,4352.04,4353.745
1787108940,4353.73,4354.975,4352.43,4354.955
1787109120,4355.08,4355.38,4353.68,4354.625
1787109300,4354.77,4356.21,4352.245,4352.745
1787109480,4352.74,4353.605,4351.96,4353.385
1787109660,4353.39,4354.895,4353.015,4354.385
1787109840,4354.475,4357.235,4354.29,4356.4
1787110020,4356.45,4358.015,4356.32,4357.15
1787110200,4357.175,4358.45,4356.265,4357.06
1787110380,4356.96,4358.055,4356.035,4357.685
1787110560,4357.74,4360.51,4357.385,4360.435
1787110740,4360.255,4360.42,4357.275,4357.4
1787110920,4357.46,4358.93,4357.14,4358.715
1787111100,4358.685,4359.02,4357.195,4357.56
1787111280,4357.64,4358.54,4356.425,4358.4
1787111460,4358.39,4358.4,4356.75,4356.895
1787111640,4356.84,4356.84,4355.725,4356.01
1787111820,4356.035,4356.16,4354.82,4355.06
1787112000,4355.15,4356.29,4354.97,4355.8
1787112180,4355.9,4355.965,4353.235,4354.635
1787112360,4354.655,4354.955,4353.825,4354.125
1787112540,4354.12,4355,4353.655,4354.4
1787112720,4354.385,4354.89,4353.725,4354.795
1787112900,4354.785,4355.09,4350.185,4350.6
1787113080,4350.615,4353.02,4350.29,4351.15
1787113260,4351.13,4352.955,4350.925,4352.735
1787113440,4352.72,4352.93,4350.72,4351.215
1787113620,4351.2,4351.46,4350.395,4351.28
1787113800,4351.32,4352.19,4350.225,4350.64
1787113980,4350.555,4350.935,4349.29,4350.425
1787114160,4350.415,4350.735,4347.15,4347.415
1787114340,4347.525,4347.93,4346.44,4347.015
1787114520,4347.01,4347.19,4345.125,4346.67
1787114700,4346.645,4347.055,4346.075,4346.13
1787114880,4346.135,4347.18,4345.22,4345.22
1787115060,4345.23,4345.81,4344.005,4344.965
1787115240,4344.955,4346.68,4344.735,4345.02
1787115420,4345.07,4348.575,4344.665,4348.555
1787115600,4348.53,4350.865,4347.485,4347.955
1787115780,4347.87,4347.925,4346.29,4347.11
1787115960,4347.15,4347.15,4343.085,4343.62
1787116140,4343.625,4343.63,4339.535,4339.975
1787116320,4339.99,4340.14,4338.885,4339.02
1787116500,4339.025,4339.745,4336.945,4337.385
1787116680,4337.38,4339.405,4336.795,4338.24
1787116860,4338.4,4342.32,4338.4,4342.255
1787117040,4342.265,4342.8,4340.555,4341.895
1787117220,4341.9,4345.44,4341.615,4345.365
1787117400,4345.5,4345.56,4338.62,4339.275
1787117580,4339.23,4342.545,4336.845,4338.945
1787117760,4338.845,4341.7,4337.395,4339.665
1787117940,4339.655,4343.195,4339.575,4341.605
1787118120,4341.6,4343.725,4340.095,4342.365
1787118300,4342.335,4342.36,4335.25,4336.545
1787118480,4336.395,4338.61,4335.475,4337.115
1787118660,4337.09,4338.405,4335.19,4337.175
1787118840,4337.165,4337.305,4335.175,4337.265
1787119020,4337.25,4338.91,4335.675,4335.695
1787119200,4335.635,4341.4,4335.415,4339.235
1787119380,4339.24,4339.565,4335.54,4338.51
1787119560,4338.525,4339.535,4335.43,4338.925
1787119740,4338.945,4341.96,4338.245,4340.43
1787119920,4340.33,4340.7,4337.085,4337.5
1787120100,4337.36,4344.775,4337.01,4343.73
1787120280,4343.68,4348.435,4343.675,4347.105
1787120460,4347.11,4348.47,4344.955,4346.365
1787120640,4346.35,4347.49,4343.64,4343.685
1787120820,4343.69,4343.87,4340.645,4343.365
1787121000,4343.3,4343.415,4337.28,4338.66
1787121180,4338.65,4340.235,4337.755,4339.795
1787121360,4339.74,4345.735,4339.59,4343
1787121540,4342.99,4344.39,4341.83,4342.72
1787121720,4342.74,4343.99,4341.545,4342
1787121900,4341.995,4343.93,4340.87,4343.275
1787122080,4343.32,4345.495,4342.16,4345.115
1787122260,4345.125,4347.155,4344.665,4347.015
1787122440,4347.01,4349.015,4347.01,4347.865
1787122620,4347.855,4349.465,4347.335,4349.15
1787122800,4349.095,4351.33,4347.54,4350.845
1787122980,4350.79,4351.235,4347.825,4348.855
1787123160,4348.685,4352.365,4348.375,4352.115
1787123340,4352.12,4353.57,4351.375,4351.935
1787123520,4351.95,4352.015,4349.945,4350.605
1787123700,4350.585,4350.61,4347.54,4349.155
1787123880,4349.215,4351.98,4348.715,4350.31
1787124060,4350.28,4354.94,4349.16,4354.56
1787124240,4354.6,4356.855,4352.9,4356.795
1787124420,4356.78,4357.155,4355.2,4356.905
1787124600,4356.91,4360.975,4356.335,4358.735
1787124780,4358.745,4360.885,4358.62,4360.665
1787124960,4360.68,4363.34,4357.49,4358.645
1787125140,4358.715,4358.89,4356.585,4356.805
1787125320,4356.755,4356.805,4352.845,4354.505
1787125500,4354.465,4355.885,4354.29,4354.615
1787125680,4354.62,4357.34,4354.605,4356.12
1787125860,4356.125,4357.805,4355.69,4355.93
1787126040,4355.925,4356.305,4355.04,4355.25
1787126220,4355.32,4356.45,4354.65,4354.905
1787126400,4354.805,4357.28,4351.105,4353.95
1787126580,4354.05,4358.08,4353.4,4356.7
1787126760,4356.68,4360.235,4356.185,4358.265
1787126940,4358.255,4362.985,4358.225,4361.6
1787127120,4361.58,4361.825,4360.025,4361.725
1787127300,4361.72,4362.585,4360.525,4361.525
1787127480,4361.585,4361.895,4358.615,4358.62
1787127660,4358.61,4358.715,4357.42,4358.215
1787127840,4358.225,4361.235,4357.74,4359.535
1787128020,4359.53,4361.145,4358.335,4361.085
1787128200,4361.1,4361.385,4357.485,4357.68
1787128380,4357.695,4357.82,4356.475,4357.445
1787128560,4357.465,4361.02,4357.465,4360.13
1787128740,4360.15,4361.635,4359.06,4361.575
1787128920,4361.59,4363.11,4360.44,4362.66
1787129100,4362.69,4363.2,4360.74,4361.925
1787129280,4361.92,4362.285,4360.29,4360.87
1787129460,4360.86,4360.86,4358.64,4359.04
1787129640,4359.045,4359.045,4355.555,4356.55
1787129820,4356.53,4356.735,4354.875,4355.735
1787130000,4355.66,4356.13,4355.11,4355.91
1787130180,4355.82,4359.995,4355.795,4357.62
1787130360,4357.615,4357.86,4355.625,4356.265
1787130540,4356.25,4357.865,4355.49,4356.22
1787130720,4356.235,4356.72,4355.585,4356.46
1787130900,4356.465,4356.735,4354.415,4354.62
1787131080,4354.55,4355.38,4353.45,4354.865
1787131260,4354.865,4356.675,4354.605,4355.14
1787131440,4355.13,4357.5,4355.09,4355.44
1787131620,4355.45,4356.685,4353.93,4356.645
1787131800,4356.615,4357.76,4355.595,4356.81
1787131980,4356.795,4357.34,4355.435,4356.89
1787132160,4357,4357.385,4356.035,4356.97
1787132340,4356.98,4360.35,4356.69,4360.155
1787132520,4360.175,4361.135,4358.745,4358.865
1787132700,4358.81,4359.795,4358.325,4359.525
1787132880,4359.53,4361.01,4359.38,4359.505
1787133060,4359.5,4359.575,4358.125,4359.15
1787133240,4359.13,4361.495,4358.65,4359.54
1787133420,4359.535,4362.095,4359.13,4362.025
1787133600,4362.045,4363.37,4360.325,4361.1
1787133780,4361.115,4361.5,4359.755,4360.675
1787133960,4360.6,4362.83,4360.5,4362.365
1787134140,4362.39,4362.495,4360.92,4361.755
1787134320,4361.735,4364.235,4361.67,4363.795
1787134500,4363.85,4368.04,4363.54,4367.965
1787134680,4368,4368.82,4367.105,4367.8
1787134860,4367.845,4369.2,4366.82,4368.465
1787135040,4368.455,4368.855,4367.21,4367.73
1787135220,4367.68,4369.09,4366.725,4368.785
1787135400,4368.86,4369.585,4366.645,4367.12
1787135580,4367.065,4367.575,4365.9,4367.405
1787135760,4367.365,4367.705,4366.965,4366.965
1787135940,4366.995,4368.445,4366.54,4368.37
1787136120,4368.38,4368.525,4367.31,4368.09
1787136300,4368.155,4368.57,4367.455,4368.48
1787136480,4368.485,4369.515,4367.945,4368.18
1787136660,4368.165,4368.63,4367.16,4367.285
1787136840,4367.33,4367.765,4366.55,4367.11
1787137020,4367.08,4368.01,4366.33,4367.41
1787137200,4367.435,4370.795,4367.435,4370.6
1787137380,4370.655,4372.945,4369.715,4372.63
1787137560,4372.625,4373.7,4371.62,4372.895
1787137740,4372.905,4373.085,4370.75,4372.435
1787137920,4372.44,4374.19,4372.115,4373.445
1787138100,4373.455,4374.12,4369.645,4369.88
1787138280,4369.935,4370.93,4369.695,4370.01
1787138460,4370.03,4371.31,4368.955,4370.585
1787138640,4370.75,4372.985,4370.575,4372.985
1787138820,4372.99,4373.4,4370.96,4371.035
1787139000,4371.04,4371.765,4368.86,4369.955
1787139180,4370,4370.23,4368.565,4369.645
1787139360,4369.615,4369.725,4367.91,4369.25
1787139540,4369.18,4369.325,4364.205,4364.275
1787139720,4364.31,4365.195,4363.305,4363.79
1787139900,4363.78,4366.755,4363.565,4366.535
1787140080,4366.545,4367.795,4365.655,4365.99
1787140260,4365.995,4366.025,4363.805,4365.41
1787140440,4365.4,4366.675,4365.395,4365.885
1787140620,4365.845,4366.51,4364.18,4364.655
1787140800,4364.65,4365.365,4362.67,4363.01
1787140980,4363.06,4365.755,4362.115,4365.075
1787141160,4365.095,4367.65,4364.63,4367.295
1787141340,4367.345,4369.83,4366.595,4369.83
1787141520,4369.76,4370.83,4367.705,4368.4
1787141700,4368.575,4370.33,4367.095,4367.55
1787141880,4367.53,4371.845,4366.12,4370.875
1787142060,4370.91,4373.6,4369.555,4369.62
1787142240,4369.64,4371.225,4368,4368.585
1787142420,4368.61,4371.24,4367.865,4369.385
1787142600,4369.39,4374.48,4368.745,4373.805
1787142780,4373.85,4388.605,4373.58,4387.32
1787142960,4387.335,4415.59,4386.205,4415.345
1787143140,4415.41,4420.61,4409,4410.01
1787143320,4410,4417.805,4406.54,4417.685
1787143500,4417.775,4421.305,4411.525,4412.54
1787143680,4412.525,4420.375,4412.11,4413.61
1787143860,4413.56,4425.415,4411.51,4424.515
1787144040,4424.52,4440.25,4421.585,4437.935
1787144220,4437.87,4442.47,4435.375,4438.87
1787144400,4438.875,4442.13,4431.015,4431.1
1787144580,4431.225,4432.79,4427.245,4427.345
1787144760,4427.37,4437.145,4424.285,4436.695
1787144940,4436.775,4445.605,4436.775,4443.36
1787145120,4443.305,4460.885,4443.2,4456.15
1787145300,4456.155,4464.25,4455.84,4463.255
1787145480,4463.205,4463.33,4456.83,4458.85
1787145660,4458.83,4462.2,4454.85,4459.385
1787145840,4459.395,4461.305,4457.64,4459.775
1787146020,4459.79,4460.7,4455.22,4458.17
1787146200,4458.14,4465.615,4455.4,4463.94
1787146380,4463.935,4466.29,4451.66,4452.04
1787146560,4452.05,4456.705,4442.33,4455.79
1787146740,4455.82,4460.21,4453.34,4454.73
1787146920,4454.735,4464.555,4450.1,4460.71
1787147100,4460.7,4462.055,4454.685,4455.01
1787147280,4455.03,4455.42,4446.65,4447.155
1787147460,4447.15,4456.45,4445.13,4453.83
1787147640,4453.84,4456.56,4451.49,4455.155
1787147820,4455.145,4463.34,4454.655,4459.6
1787148000,4459.59,4461.735,4455.22,4457.285
1787148180,4457.305,4464.91,4457.01,4460.725
1787148360,4460.72,4471.295,4460.72,4468.155
1787148540,4468.15,4473.94,4467.11,4470.39
1787148720,4470.43,4475.62,4469.24,4473.995
1787148900,4474.005,4478.395,4471.585,4473.505
1787149080,4473.53,4476.455,4470.34,4473.47
1787149260,4473.41,4478.25,4472.365,4478.15
1787149440,4478.08,4485.1,4476.885,4484.665
1787149620,4484.625,4488.08,4484.41,4486.065
1787149800,4486.1,4491.425,4485.04,4488.75
1787149980,4488.715,4491.27,4483.92,4490.595
1787150160,4490.545,4491.5,4486.71,4489.8
1787150340,4489.86,4494.69,4487.26,4492.875
1787150520,4492.945,4498.73,4488.845,4489.585
1787150700,4489.58,4489.66,4479.35,4480.37
1787150880,4480.375,4482.185,4478.155,4480.215
1787151060,4480.26,4487.025,4480.24,4483.33
1787151240,4483.34,4489.64,4482.465,4489.05
1787151420,4489.045,4489.685,4486.705,4488.245
1787151600,4488.215,4488.49,4481.23,4481.745
1787151780,4481.735,4486.14,4481.725,4484.815
1787151960,4484.78,4487.205,4483.895,4484.45
1787152140,4484.455,4484.475,4479.895,4481.195
1787152320,4481.28,4487.83,4481.035,4485.48
1787152500,4485.565,4487.51,4483.845,4485.275
1787152680,4485.245,4488.09,4483.91,4485.82
1787152860,4485.785,4486.74,4483.555,4484.135
1787153040,4484.185,4484.29,4478.355,4481.445
1787153220,4481.395,4484.82,4479.705,4483.94
1787153400,4483.875,4484.355,4480.36,4483.27
1787153580,4483.28,4486.225,4483.175,4485.715
1787153760,4485.685,4488.48,4485.655,4486.59
1787153940,4486.595,4488,4484.9,4486.61
1787154120,4486.6,4492.525,4486.565,4490.29
1787154300,4490.285,4494.07,4489.895,4491.945
1787154480,4491.955,4494.465,4488.965,4489.19
1787154660,4489.21,4492.9,4488.695,4491.745
1787154840,4491.755,4493.415,4490.82,4493.31
1787155020,4493.3,4493.93,4491.005,4493.87
1787155200,4493.9,4497.555,4493.305,4495.8
1787155380,4495.76,4496.98,4492.69,4493.27
1787155560,4493.275,4496.91,4491.2,4496.78
1787155740,4496.755,4498.76,4496.275,4498.435
1787155920,4498.385,4499.175,4496.81,4497.8
1787156100,4497.785,4499.425,4497.08,4497.635
1787156280,4497.655,4498.735,4494.5,4494.59
1787156460,4494.575,4496.045,4493.555,4495.755
1787156640,4495.71,4496.84,4491.69,4492.815
1787156820,4492.79,4493.695,4490.655,4491.2
1787157000,4491.265,4494.81,4490.72,4494.78
1787157180,4494.8,4495.825,4493.59,4494.64
1787157360,4494.625,4495.91,4492.19,4495.64
1787157540,4495.625,4496.535,4493.855,4494.905
1787157720,4494.895,4496.42,4494.135,4495.16
1787157900,4495.09,4496.93,4493.895,4494.24
1787158080,4494.19,4495.65,4493.57,4494.935
1787158260,4495.005,4497.98,4494.43,4495.07
1787158440,4495.09,4495.195,4493.48,4494.33
1787158620,4494.35,4495.38,4493.295,4493.395
1787158800,4493.52,4499.1,4493.49,4497.29
1787158980,4497.295,4497.71,4495.385,4496.335
1787159160,4496.37,4497.19,4491.52,4492.7
1787159340,4492.745,4494.645,4489.34,4490.295
1787159520,4490.28,4493.395,4489.055,4492.57
1787159700,4492.675,4492.865,4489.57,4490.155
1787159880,4490.16,4490.545,4487.135,4488.31
1787160060,4488.35,4490.53,4487.945,4489.505
1787160240,4489.53,4490.37,4487.74,4488.11
1787160420,4488.115,4488.455,4486.24,4488.03
1787160600,4488.045,4488.98,4484.44,4487.04
1787160780,4487.055,4489.18,4486.345,4487.09
1787160960,4487.11,4490.04,4487.09,4488.865
1787161140,4488.87,4490.915,4487.095,4490.82
1787161320,4490.84,4491.695,4488.7,4488.745
1787161500,4488.725,4489.575,4487.805,4488.165
1787161680,4488.2,4489.2,4487.68,4488.32
1787161860,4488.315,4488.815,4485.68,4486.53
1787162040,4486.535,4486.92,4484.645,4485.54
1787162220,4485.535,4486.965,4484.425,4486.965
1787162400,4486.96,4494.015,4485.625,4493.305
1787162580,4493.3,4496.745,4487.48,4489.495
1787162760,4489.505,4490.655,4486.27,4489.84
1787162940,4489.8,4489.945,4486.185,4487.625
1787163120,4487.655,4490.405,4487.495,4488
1787163300,4487.995,4488,4482.47,4482.48
1787163480,4482.555,4486.03,4482.405,4483.515
1787163660,4483.525,4484.775,4481.46,4481.925
1787163840,4481.965,4482.58,4477.605,4478.595
1787164020,4478.62,4479.555,4472.915,4475.555
1787164200,4475.605,4476.92,4472.18,4476.745
1787164380,4476.71,4482.62,4476.27,4481.315
1787164560,4481.295,4482.44,4478.8,4480.875
1787164740,4480.855,4491.82,4480.79,4489.9
1787164920,4489.91,4491.82,4489.24,4490.64
1787165100,4490.65,4491.25,4489.58,4489.94
1787165280,4490,4492.555,4490,4492.29
1787165460,4492.28,4496.095,4491.69,4495.66
1787165640,4495.535,4497.215,4493.925,4494.79
1787165820,4494.805,4495.975,4494.33,4495.185
1787166000,4495.15,4498.475,4494.49,4495.225
1787166180,4495.24,4498.53,4494.63,4497.615
1787166360,4497.635,4504.365,4495.305,4503.325
1787166540,4503.225,4505.735,4502.21,4503.895
1787166720,4503.885,4505.685,4502.37,4503.225
1787166900,4503.215,4506.115,4503.035,4504.33
1787167080,4504.37,4506.27,4503.225,4503.635
1787167260,4503.66,4504.56,4502.635,4504.495
1787167440,4504.5,4506.465,4503.795,4505.06
1787167620,4505.02,4507.78,4503.375,4507.09
1787167800,4507.08,4509.185,4505.915,4508.675
1787167980,4508.685,4510.855,4508.5,4510.04
1787168160,4509.99,4510.46,4503.735,4505.665
1787168340,4505.65,4507.805,4504.33,4504.755
1787168520,4504.745,4507.14,4502.185,4507.12
1787168700,4507.045,4508.025,4505.32,4507.16
1787168880,4507.175,4512.09,4506.895,4511.085
1787169060,4511.08,4512.125,4508.87,4508.895
1787169240,4508.91,4512.27,4508.41,4511.345
1787169420,4511.305,4512.075,4508.595,4511.31
1787169600,4511.265,4511.825,4509.345,4509.38
1787169780,4509.565,4510.435,4508.415,4508.435
1787169960,4508.42,4510.26,4507.91,4509.67
1787170140,4509.625,4512.08,4509.08,4510.085
1787170320,4510.09,4510.3,4505.165,4506.8
1787170500,4506.805,4509.16,4506.405,4508.54
1787170680,4508.45,4512.39,4508.145,4512
1787170860,4511.895,4512.84,4510.855,4512.225
1787171040,4512.205,4522.19,4512.085,4521.18
1787171220,4521.185,4521.52,4517.395,4518.58
1787171400,4518.5,4521.76,4518.065,4521.135
1787171580,4521.085,4523.755,4520.4,4521.2
1787171760,4521.22,4521.48,4518.795,4519.215
1787171940,4519.07,4520.655,4518.83,4519.89
1787172120,4519.88,4520.885,4519,4519.54
1787172300,4519.62,4522.13,4519.58,4521.52
1787172480,4521.46,4523.375,4520.655,4522.415
1787172660,4522.375,4523.145,4521.94,4522.38
1787172840,4522.36,4524.34,4521.925,4523.56
1787173020,4523.605,4523.74,4522.33,4523.05
1787176980,4521.405,4522.73,4520.74,4521.97
1787177160,4521.95,4523.72,4520.53,4521.305
1787177340,4521.28,4521.42,4518.995,4519.765
1787177520,4519.77,4521.805,4519.58,4519.995
1787177700,4519.99,4520.89,4519.49,4519.495
1787177880,4519.51,4520.61,4519.1,4519.495
1787178060,4519.51,4521.395,4519.19,4520.21
1787178240,4520.29,4521.615,4519.875,4520.005
1787178420,4520.01,4521.005,4519.57,4520.86
1787178600,4520.895,4522.045,4518.34,4518.705
1787178780,4518.795,4520.005,4518.125,4519.145
1787178960,4519.18,4519.54,4518.22,4518.65
1787179140,4518.635,4519.585,4517.655,4518.71
1787179320,4518.8,4519.26,4517.945,4518.54
1787179500,4518.49,4520.215,4517.885,4520.045
1787179680,4520.055,4521.3,4519.65,4520.84
1787179860,4520.835,4521.895,4518.985,4519.085
1787180040,4519.15,4520.1,4518.845,4519.435
1787180220,4519.47,4519.875,4516.415,4518.915
1787180400,4518.98,4523.86,4517.485,4518.19
1787180580,4518.55,4523.055,4517.76,4522.745
1787180760,4522.725,4523.72,4521.235,4521.255
1787180940,4521.25,4522.13,4519.955,4520.115
1787181120,4520.155,4520.66,4519.455,4519.465
1787181300,4519.46,4520.11,4518.28,4519.8
1787181480,4519.82,4520.12,4518.61,4519.335
1787181660,4519.35,4520.155,4515.345,4517.11
1787181840,4517.23,4519.245,4516.82,4516.85
1787182020,4516.945,4518.38,4516.04,4517.685
1787182200,4517.705,4518.2,4516.465,4516.95
1787182380,4516.96,4517.365,4514.215,4514.43
1787182560,4514.49,4516.245,4513.865,4514.38
1787182740,4514.375,4514.925,4513.725,4514.28
1787182920,4514.285,4515.36,4513.68,4514.46
1787183100,4514.54,4517.555,4514.445,4515.64
1787183280,4515.645,4515.815,4514.11,4514.675
1787183460,4514.66,4515.21,4512.4,4512.77
1787183640,4512.87,4513.62,4511.535,4512.225
1787183820,4512.22,4512.635,4511.36,4511.74
1787184000,4511.69,4516.87,4510.3,4515.665
1787184180,4515.775,4518.84,4514.03,4516.975
1787184360,4516.92,4517.85,4514.075,4517.03
1787184540,4517.02,4518.245,4512.655,4514.625
1787184720,4514.575,4516.42,4513.1,4516.26
1787184900,4516.295,4520.685,4514.085,4520.6
1787185080,4520.59,4521.44,4514.96,4515.27
1787185260,4515.265,4515.325,4510.165,4510.725
1787185440,4510.69,4512.04,4510.215,4510.745
1787185620,4510.75,4512.63,4508.505,4510.445
1787185800,4510.425,4513.395,4509.485,4510.97
1787185980,4511,4512.065,4508.77,4509.125
1787186160,4509.175,4511.7,4509.175,4510.01
1787186340,4510.045,4510.175,4505.63,4505.63
1787186520,4505.76,4507.42,4503.835,4505.93
1787186700,4505.925,4507.785,4504.625,4506.855
1787186880,4506.885,4510.245,4505.85,4508.155
1787187060,4508.13,4508.6,4505.045,4507.595
1787187240,4507.54,4507.54,4504.705,4506.165
1787187420,4506.18,4510.4,4504.02,4504.68
1787187600,4504.705,4510.22,4495.69,4495.745
1787187780,4495.675,4496.705,4492.57,4494.23
1787187960,4494.275,4499.78,4491.765,4497.31
1787188140,4497.325,4499.195,4492.89,4493.035
1787188320,4493.01,4495.585,4492.27,4493.26
1787188500,4493.255,4499.49,4493.185,4496.07
1787188680,4496.105,4502.245,4495.4,4501.47
1787188860,4501.475,4503.555,4500.76,4501.295
1787189040,4501.395,4502.57,4497.65,4498.32
1787189220,4498.315,4503.265,4497.94,4500.475
1787189400,4500.485,4501.33,4495.375,4499.035
1787189580,4498.945,4501.225,4497.075,4498.41
1787189760,4498.39,4498.935,4495.965,4497.985
1787189940,4497.925,4499.435,4493.7,4496.11
1787190120,4496.125,4496.255,4493.385,4493.875
1787190300,4493.8,4495.575,4492.495,4492.645
1787190480,4492.605,4493.405,4488.975,4490.34
1787190660,4490.345,4490.37,4485.66,4486.23
1787190840,4486.24,4487.68,4484.48,4487.38
1787191020,4487.395,4490.9,4485.38,4489.88
1787191200,4489.89,4495.75,4488.68,4494.785
1787191380,4494.6,4499.16,4493.91,4497.82
1787191560,4497.795,4498.67,4494.18,4494.855
1787191740,4494.91,4498.685,4494.77,4497.74
1787191920,4497.545,4499.76,4497.18,4497.87
1787192100,4497.795,4497.91,4495.255,4496.265
1787192280,4496.27,4496.32,4489.465,4489.875
1787192460,4489.895,4493.33,4489.5,4492.935
1787192640,4492.94,4495.125,4491.955,4492.315
1787192820,4492.32,4493.315,4491.25,4493.075
1787193000,4493.09,4494.66,4490.94,4493.945
1787193180,4493.82,4494.045,4490.58,4491.64
1787193360,4491.685,4493.92,4490.36,4492.31
1787193540,4492.325,4493.96,4490.66,4493.955
1787193720,4493.95,4493.99,4490.255,4490.655
1787193900,4490.66,4492.11,4490.46,4491.415
1787194080,4491.4,4493.48,4488.86,4493.47
1787194260,4493.45,4493.505,4490.61,4491.76
1787194440,4491.84,4494.96,4491.2,4491.39
1787194620,4491.37,4492.645,4490.395,4490.825
1787194800,4490.83,4496.38,4490.83,4495.25
1787194980,4495.21,4496.825,4494.04,4496.7
1787195160,4496.715,4497,4494.11,4494.78
1787195340,4494.84,4494.84,4488.05,4489.515
1787195520,4489.455,4492.84,4489.14,4492.775
1787195700,4492.74,4493.085,4490.59,4491.895
1787195880,4491.91,4494.12,4490.555,4492.885
1787196060,4492.895,4496.225,4492.25,4494.745
1787196240,4494.76,4496.65,4494.12,4494.66
1787196420,4494.665,4494.885,4493.19,4493.57
1787196600,4493.565,4496.76,4492.325,4495.555
1787196780,4495.605,4498.5,4495.35,4496.28
1787196960,4496.345,4496.585,4494.775,4496.285
1787197140,4496.28,4498.595,4496.135,4497.015
1787197320,4497.035,4498.75,4496.135,4498.005
1787197500,4497.925,4498.52,4497.11,4497.575
1787197680,4497.61,4498.505,4496.82,4497.22
1787197860,4497.225,4500.345,4497.225,4499.22
1787198040,4499.27,4501.255,4499.185,4500.02
1787198220,4500.005,4500.265,4498.035,4498.925
1787198400,4498.95,4499.345,4497.47,4498.735
1787198580,4498.74,4498.74,4495.065,4496.565
1787198760,4496.56,4497.925,4495.92,4497.83
1787198940,4497.68,4497.68,4496.595,4496.895
1787199120,4496.92,4497.645,4496.15,4496.635
1787199300,4496.645,4497.175,4495.205,4496.79
1787199480,4496.915,4497.375,4495.235,4495.59
1787199660,4495.595,4496.865,4494.29,4495.045
1787199840,4495.04,4495.625,4494.375,4494.785
1787200020,4494.855,4495.13,4489.825,4489.965
1787200200,4489.995,4490.965,4488.19,4488.535
1787200380,4488.545,4489.155,4486.835,4488.155
1787200560,4488.245,4488.605,4486.395,4486.88
1787200740,4486.93,4488.915,4486.54,4488.18
1787200920,4488.135,4488.385,4486.945,4487.37
1787201100,4487.385,4489.08,4487.165,4489.08
1787201280,4489.315,4490.695,4488.77,4490.255
1787201460,4490.22,4491.585,4489.81,4490.765
1787201640,4490.77,4491.63,4489.095,4490.12
1787201820,4490.065,4490.355,4488.15,4488.63
1787202000,4488.64,4490.345,4488.305,4490.01
1787202180,4490.045,4492.905,4489.88,4492.55
1787202360,4492.415,4494.135,4491.73,4492.075
1787202540,4492.145,4492.16,4490.19,4490.315
1787202720,4490.345,4490.595,4484.19,4485.645
1787202900,4485.655,4487.08,4484.87,4486.63
1787203080,4486.61,4486.875,4484.325,4484.62
1787203260,4484.625,4486.69,4484.235,4486.69
1787203440,4486.64,4487.13,4485.105,4485.31
1787203620,4485.185,4485.77,4482.94,4483.395
1787203800,4483.38,4486.195,4481.635,4482.705
1787203980,4482.725,4483.365,4479.655,4480.77
1787204160,4480.78,4481.69,4478.155,4479.45
1787204340,4479.5,4480.97,4478.33,4480.405
1787204520,4480.46,4482.445,4480.025,4480.8
1787204700,4480.775,4481.59,4479.25,4481.23
1787204880,4481.22,4481.845,4480.435,4481.105
1787205060,4481.1,4481.47,4478.53,4478.935
1787205240,4478.925,4480.685,4478.075,4479.15
1787205420,4479.045,4483.38,4478.945,4481.425
1787205600,4481.35,4484.88,4480.17,4484.475
1787205780,4484.48,4490.21,4483.82,4490.085
1787205960,4490.09,4490.99,4487.95,4489.95
1787206140,4490,4493.105,4489.985,4491.2
1787206320,4491.185,4493.53,4490.41,4492.97
1787206500,4492.975,4496.065,4492.15,4495.765
1787206680,4495.81,4495.81,4491.845,4493.605
1787206860,4493.61,4494.225,4492.34,4492.99
1787207040,4493.025,4494.515,4492.59,4494.05
1787207220,4494,4495.655,4493.445,4494.17
1787207400,4494.165,4495.245,4492.33,4494.27
1787207580,4494.245,4495.475,4493.02,4494.96
1787207760,4494.94,4495.255,4493.95,4494.435
1787207940,4494.41,4494.46,4492.86,4493.57
1787208120,4493.59,4493.91,4491.96,4492.575
1787208300,4492.59,4495.41,4492.59,4494.275
1787208480,4494.235,4494.565,4491.34,4492.535
1787208660,4492.545,4493.45,4491.89,4492.315
1787208840,4492.29,4493.095,4491.345,4492.07
1787209020,4492.065,4494.415,4491.835,4493.935
1787209200,4493.89,4494.01,4488.12,4488.735
1787209380,4488.73,4489.185,4487.435,4488.03
1787209560,4488.035,4490.36,4487.725,4490.155
1787209740,4490.2,4490.895,4489.245,4489.885
1787209920,4489.89,4490.425,4487.31,4488
1787210100,4487.96,4490.585,4487.595,4488.29
1787210280,4488.265,4488.32,4486.675,4487.05
1787210460,4487.1,4488.21,4486.185,4486.7
1787210640,4486.695,4487.28,4485.075,4485.14
1787210820,4485.135,4485.535,4483.765,4484.17
1787211000,4484.185,4486.295,4483.645,4484.99
1787211180,4484.975,4491.325,4484.615,4490.33
1787211360,4490.17,4491.415,4489.755,4490.87
1787211540,4490.85,4493.395,4489.265,4492.585
1787211720,4492.6,4493.645,4489.36,4491.385
1787211900,4491.38,4494.145,4490.13,4490.885
1787212080,4490.855,4491.065,4488.545,4489.32
1787212260,4489.305,4490.73,4488.36,4489.715
1787212440,4489.755,4492.59,4489.485,4492.165
1787212620,4492.16,4492.16,4489.425,4491.105
1787212800,4491.105,4493.55,4490.835,4491.615
1787212980,4491.62,4495.2,4491.45,4491.49
1787213160,4491.485,4494.555,4491.225,4493.22
1787213340,4493.19,4495.415,4491.925,4492.45
1787213520,4492.445,4494.76,4492.025,4494.495
1787213700,4494.5,4498.445,4494.17,4497.26
1787213880,4497.255,4498.78,4495.795,4495.99
1787214060,4495.985,4497.7,4495.015,4497.525
1787214240,4497.505,4498.275,4492.65,4492.69
1787214420,4492.58,4492.58,4490.16,4491.56
1787214600,4491.555,4492.01,4487.34,4488.235
1787214780,4488.19,4495.295,4488.075,4494.275
1787214960,4494.225,4495.475,4493.775,4494.235
1787215140,4494.22,4494.22,4490.19,4490.5
1787215320,4490.555,4493.11,4490.355,4490.67
1787215500,4490.665,4491.805,4488.26,4488.715
1787215680,4488.765,4489.465,4487.72,4489.45
1787215860,4489.455,4490.965,4488.695,4490.86
1787216040,4490.825,4492.245,4489.025,4489.42
1787216220,4489.395,4489.89,4487.695,4489.35
1787216400,4489.39,4489.89,4488.465,4489.47
1787216580,4489.45,4491.48,4489.005,4489.37
1787216760,4489.365,4493.34,4489.055,4491.955
1787216940,4491.97,4494.295,4491.34,4492.365
1787217120,4492.415,4492.93,4491.43,4492.425
1787217300,4492.375,4493.995,4490.84,4491.26
1787217480,4491.29,4491.71,4488.395,4489.01
1787217660,4489.14,4493.085,4489.065,4490.775
1787217840,4490.8,4491.15,4489.135,4489.155
1787218020,4489.16,4490.95,4488.245,4490.05
1787218200,4490.1,4490.715,4487.9,4489.505
1787218380,4489.345,4489.695,4486.645,4486.835
1787218560,4486.94,4488.64,4484.71,4484.84
1787218740,4484.835,4487.93,4484.7,4486.635
1787218920,4486.695,4490.485,4486.565,4489.335
1787219100,4489.235,4489.235,4485.9,4486.28
1787219280,4486.13,4486.705,4485.065,4485.42
1787219460,4485.415,4485.705,4482.785,4483.085
1787219640,4483.105,4484.125,4482.005,4482.745
1787219820,4482.79,4484.855,4482.255,4482.735
1787220000,4482.75,4483.445,4480.865,4483.285
1787220180,4483.34,4487.115,4483.34,4486.44
1787220360,4486.43,4487.505,4486.255,4487.25
1787220540,4487.31,4490.16,4487.31,4489.025
1787220720,4489.06,4491.46,4488.7,4490.635
1787220900,4490.71,4491.715,4490.205,4491.29
1787221080,4491.155,4491.815,4488.255,4488.805
1787221260,4488.78,4488.785,4486.605,4486.905
1787221440,4486.855,4490.995,4486.495,4490.89
1787221620,4490.915,4494.375,4490.57,4494.025
1787221800,4493.985,4495.145,4493.48,4494.265
1787221980,4494.185,4494.715,4492.495,4492.625
1787222160,4492.63,4494.735,4490.74,4491.33
1787222340,4491.235,4491.555,4490.07,4490.55
1787222520,4490.64,4491.29,4490.19,4491.27
1787222700,4491.28,4491.37,4488.74,4490.73
1787222880,4490.695,4490.855,4489.585,4490.42
1787223060,4490.43,4490.47,4488.61,4488.84
1787223240,4488.885,4488.885,4487.54,4488.07
1787223420,4488.06,4490.545,4488.06,4490.18
1787223600,4490.21,4491.34,4487.675,4490.425
1787223780,4490.37,4490.68,4486.19,4487.595
1787223960,4487.6,4488.235,4485.755,4487.25
1787224140,4487.27,4487.635,4485.29,4486.285
1787224320,4486.28,4487.29,4482.795,4485.23
1787224500,4485.175,4485.81,4482.405,4482.55
1787224680,4482.485,4483.815,4481.315,4483.8
1787224860,4483.815,4485.76,4482.935,4485.61
1787225040,4485.615,4489.9,4485.225,4487.575
1787225220,4487.58,4488.56,4484.24,4484.315
1787225400,4484.36,4486.07,4483.135,4484.96
1787225580,4485.075,4486.985,4482.79,4486.665
1787225760,4486.655,4486.71,4480.155,4480.695
1787225940,4480.725,4482.825,4476.91,4478.84
1787226120,4478.965,4479.02,4474.345,4474.965
1787226300,4474.985,4475.785,4467.77,4470.18
1787226480,4470.13,4473.125,4465.89,4470.76
1787226660,4470.78,4471.005,4467.255,4468.505
1787226840,4468.56,4471.435,4466.16,4468.035
1787227020,4468.005,4468.53,4465.57,4467.175
1787227200,4467.18,4467.43,4458.105,4459.415
1787227380,4459.425,4460.975,4454.11,4456.26
1787227560,4456.27,4458.46,4450.745,4456.035
1787227740,4456,4461.29,4454.965,4460.705
1787227920,4460.72,4466.415,4460.07,4462.64
1787228100,4462.635,4466.43,4462.305,4466.315
1787228280,4466.28,4467.945,4462.095,4462.095
1787228460,4462.075,4465.205,4461.93,4464.585
1787228640,4464.56,4466.86,4457.065,4458.845
1787228820,4458.835,4460.71,4458.09,4459.86
1787229000,4460.375,4461.145,4453.82,4455.385
1787229180,4455.395,4456.81,4451.205,4454.41
1787229360,4454.37,4460.485,4451.92,4459.39
1787229540,4459.375,4465.915,4458.735,4464.04
1787229720,4464.025,4467.32,4460.15,4466.825
1787229900,4466.8,4469.275,4464.17,4468.41
1787230080,4468.45,4471.78,4468.125,4471.665
1787230260,4471.635,4475.445,4471.635,4472.285
1787230440,4472.255,4474.03,4471.73,4473.785
1787230620,4473.78,4477.1,4473.165,4474.855
1787230800,4474.875,4484.62,4473.715,4481.98
1787230980,4481.97,4482.425,4476.505,4478.27
1787231160,4478.285,4479.2,4474.185,4474.8
1787231340,4474.825,4475.935,4472.395,4473.01
1787231520,4473.005,4475.565,4471.89,4472.83
1787231700,4472.82,4475.45,4471.04,4474.915
1787231880,4475.16,4476.755,4473.725,4474.17
1787232060,4474.28,4476.725,4471.53,4474.305
1787232240,4474.32,4475.195,4471.255,4473.235
1787232420,4473.25,4474.475,4470.285,4471.87
1787232600,4471.91,4477.425,4469.35,4472.795
1787232780,4472.805,4485.83,4470.195,4483.795
1787232960,4483.78,4485.575,4478.97,4484.295
1787233140,4484.305,4486.635,4477.88,4484.885
1787233320,4484.885,4488.02,4483.48,4486.59
1787233500,4486.605,4489.335,4480.9,4483.425
1787233680,4483.42,4484.3,4480.12,4483.015
1787233860,4483.045,4486.595,4481.285,4483.19
1787234040,4483.185,4486.83,4481.995,4482.45
1787234220,4482.5,4482.875,4479.405,4481.715
1787234400,4481.705,4490.715,4481.605,4487.545
1787234580,4487.54,4487.695,4482.135,4482.45
1787234760,4482.46,4486.68,4480.87,4484.74
1787234940,4484.735,4488.99,4483.375,4486.89
1787235120,4486.86,4489.155,4484.035,4485.12
1787235300,4485.11,4489.605,4483.79,4487.59
1787235480,4487.575,4489.135,4481.79,4487.4
1787235660,4487.42,4491.59,4486.7,4491.53
1787235840,4491.52,4494.055,4488.03,4489.11
1787236020,4489.13,4493.18,4486.81,4491.8
1787236200,4491.81,4495.485,4491.81,4494.955
1787236380,4494.93,4498.33,4493.115,4497.77
1787236560,4497.59,4500.795,4495.625,4496.42
1787236740,4496.38,4497.37,4493.895,4494.05
1787236920,4494.12,4501.2,4493.925,4499.245
1787237100,4499.165,4505.9,4498.695,4504.15
1787237280,4504.155,4508.97,4503.96,4507.335
1787237460,4507.4,4510.58,4504.775,4508.725
1787237640,4508.74,4512.245,4507.89,4512.14
1787237820,4512.22,4516.315,4512.075,4516.06
1787238000,4516.145,4536.165,4515.135,4525.535
1787238180,4525.525,4536.68,4523.8,4529.035
1787238360,4529.03,4532.545,4524.025,4529.92
1787238540,4529.925,4530.125,4521.715,4525.185
1787238720,4525.19,4537.405,4524.085,4535.135
1787238900,4535.11,4540.065,4530.535,4539.825
1787239080,4539.785,4541.045,4533.99,4534.61
1787239260,4534.615,4534.635,4523.63,4524.485
1787239440,4524.54,4531.215,4523.765,4530.04
1787239620,4530.025,4534.275,4528.565,4532.5
1787239800,4532.48,4533.89,4525.64,4528.71
1787239980,4528.64,4529.19,4522.155,4522.235
1787240160,4522.29,4524.865,4520.24,4521.165
1787240340,4521.16,4521.185,4514.135,4515.09
1787240520,4515.11,4519.665,4508.76,4511.645
1787240700,4511.635,4519.63,4510.955,4519.2
1787240880,4519.21,4521.635,4518.195,4519.19
1787241060,4519.195,4519.915,4515.835,4518.225
1787241240,4518.24,4521.335,4517.61,4521.29
1787241420,4521.295,4524.29,4520.36,4521.735
1787241600,4521.755,4524.885,4521.265,4523.96
1787241780,4523.945,4524.275,4518.94,4519.965
1787241960,4519.945,4521.34,4518.7,4520.295
1787242140,4520.37,4520.59,4516.065,4516.2
1787242320,4516.195,4516.255,4510.505,4511.34
1787242500,4511.35,4511.515,4508.64,4510.52
1787242680,4510.525,4513.275,4509.17,4511.89
1787242860,4511.91,4512.57,4509.42,4509.965
1787243040,4509.98,4513.055,4507.885,4508.48
1787243220,4508.46,4509.63,4505.49,4509.42
1787243400,4509.425,4509.72,4502.825,4504.71
1787243580,4504.715,4511.29,4504.535,4510.95
1787243760,4510.935,4512.805,4507.485,4508.815
1787243940,4508.73,4510.34,4507.04,4509.295
1787244120,4509.29,4510.09,4507.63,4509.395
1787244300,4509.395,4512.61,4507.53,4511.885
1787244480,4511.89,4513.75,4510.515,4511.685
1787244660,4511.68,4512.25,4508.775,4510.635
1787244840,4510.705,4510.845,4508.93,4509.425
1787245020,4509.45,4511.245,4507.915,4510.07
1787245200,4510.1,4514.125,4509.98,4511.145
1787245380,4511.18,4512.45,4510.425,4511.34
1787245560,4511.405,4511.835,4507.79,4508.765
1787245740,4508.77,4510.66,4507.845,4508.81
1787245920,4508.865,4510.685,4507.905,4509.465
1787246100,4509.455,4511.405,4507.895,4511.07
1787246280,4511.065,4511.295,4508.34,4510.545
1787246460,4510.56,4514.365,4510.515,4512.025
1787246640,4512.015,4513.34,4510.345,4512.645
1787246820,4512.65,4516.71,4509.395,4513.05
1787247000,4513.06,4516.905,4510.965,4516.475
1787247180,4516.44,4518.77,4516.15,4516.89
1787247360,4516.875,4517.415,4516.03,4517.32
1787247540,4517.305,4518.015,4516.165,4516.695
1787247720,4516.67,4518.41,4516.375,4518.29
1787247900,4518.275,4520.305,4517.265,4519.355
1787248080,4519.64,4520.315,4518.645,4519.32
1787248260,4519.29,4519.48,4517.155,4517.83
1787248440,4517.845,4519.2,4517.505,4519.055
1787248620,4519.045,4520.485,4518.855,4520.025
1787248800,4520.06,4521.14,4518.35,4520.55
1787248980,4520.59,4522.615,4520.59,4521.27
1787249160,4521.215,4521.665,4514.89,4515.76
1787249340,4515.715,4516.71,4512.695,4513.075
1787249520,4513,4513.44,4509.345,4510.85
1787249700,4510.835,4512.22,4508.395,4510.07
1787249880,4510.06,4516.42,4508.985,4515.755
1787250060,4515.715,4518.225,4515.555,4516.065
1787250240,4516.075,4519.31,4515.88,4518.995
1787250420,4519.01,4520.295,4518.35,4519.075
1787250600,4518.885,4521.47,4518.6,4521.015
1787250780,4520.99,4521.025,4518.99,4519.915
1787250960,4519.865,4523.5,4519.365,4521.975
1787251140,4521.995,4522.145,4520.39,4521.21
1787251320,4521.205,4522.05,4519.865,4520.195
1787251500,4520.2,4520.725,4517.99,4519.3
1787251680,4519.28,4522.53,4518.835,4522.465
1787251860,4522.445,4525.365,4522.44,4523.93
1787252040,4523.94,4524.965,4523.4,4523.87
1787252220,4523.87,4524.155,4521.325,4522.08
1787252400,4522.065,4522.1,4518.19,4521.255
1787252580,4521.25,4522.615,4520.54,4522
1787252760,4522.005,4525.71,4521.7,4525.28
1787252940,4525.31,4526.435,4524.355,4524.81
1787253120,4524.875,4528.13,4524.87,4527.66
1787253300,4527.65,4529.445,4527.52,4527.715
1787253480,4527.72,4528.345,4525.1,4525.245
1787253660,4525.235,4528.145,4523.84,4528.05
1787253840,4528.045,4528.165,4525.64,4525.66
1787254020,4525.665,4525.925,4522.78,4522.885
1787254200,4522.875,4524.605,4522.1,4524.5
1787254380,4524.52,4524.62,4523.155,4524.58
1787254560,4524.605,4529.73,4523.67,4528.14
1787254740,4528.12,4529.275,4527.285,4528.015
1787254920,4528.02,4528.8,4526.225,4526.225
1787255100,4526.23,4528.44,4525.02,4526.05
1787255280,4525.81,4531.26,4525.755,4530.96
1787255460,4531.02,4531.855,4528.095,4531.405
1787255640,4531.43,4532.235,4528.195,4529.04
1787255820,4529.02,4529.105,4526.99,4528.745
1787256000,4528.755,4529.205,4525.995,4527.07
1787256180,4527.12,4528.365,4526.85,4527.015
1787256360,4527.03,4527.075,4522.65,4523.175
1787256540,4523.17,4524.8,4522.925,4524.435
1787256720,4524.43,4525.055,4522.49,4522.64
1787256900,4522.645,4522.895,4521.04,4521.51
1787257080,4521.5,4522.18,4521.26,4521.97
1787257260,4521.965,4522.03,4520.715,4521.395
1787257440,4521.45,4522.35,4520.455,4520.515
1787257620,4520.54,4522.03,4520.51,4520.97
1787257800,4521.025,4521.16,4519.32,4519.32
1787257980,4519.31,4519.31,4516.835,4517.805
1787258160,4517.71,4518.69,4517.445,4518.04
1787258340,4518.025,4518.74,4517.38,4518.335
1787258520,4518.35,4518.905,4518.035,4518.27
1787258700,4518.32,4519.125,4518.18,4518.38
1787258880,4518.395,4519.26,4518.055,4518.885
1787259060,4518.88,4521.37,4518.65,4520.74
1787259240,4520.765,4520.905,4518.955,4519.25
1787259420,4519.2,4519.53,4518.9,4518.955
1787263380,4519.545,4520.71,4519.345,4520.71
1787263560,4520.52,4520.8,4519.355,4519.61
1787263740,4519.715,4519.715,4517.04,4519.625
1787263920,4519.64,4519.705,4518.2,4518.51
1787264100,4518.505,4520.16,4518.505,4520.04
1787264280,4519.99,4520.2,4519.555,4519.88
1787264460,4519.865,4519.885,4517.98,4518.24
1787264640,4518.255,4519.585,4518.21,4519.24
1787264820,4519.27,4520.945,4518.89,4519.73
1787265000,4519.74,4520.12,4518.38,4519.315
1787265180,4519.265,4520.44,4519.24,4520.025
1787265360,4520.085,4522.66,4520.035,4522.165
1787265540,4521.955,4522.54,4521.325,4522.4
1787265720,4522.405,4523.71,4522.175,4522.815
1787265900,4522.78,4523.64,4519.665,4520.39
1787266080,4520.385,4522.47,4519.715,4522.455
1787266260,4522.435,4524.42,4522.255,4524.3
1787266440,4524.18,4524.325,4523.25,4524.135
1787266620,4524.035,4524.415,4523.69,4524.225
1787266800,4524.215,4527.605,4523.52,4527.315
1787266980,4527.265,4530.175,4526.96,4529.96
1787267160,4530.035,4530.34,4525.02,4525.175
1787267340,4525.18,4529.405,4524.99,4528.99
1787267520,4528.86,4533.05,4528.86,4531.88
1787267700,4531.875,4531.955,4529.405,4530.655
1787267880,4530.66,4532.22,4530.1,4530.14
1787268060,4530.06,4530.325,4528.23,4529.105
1787268240,4529.115,4530.48,4527.195,4527.385
1787268420,4527.435,4529.155,4522.585,4527.14
1787268600,4527.27,4528.79,4522.18,4524.445
1787268780,4524.595,4524.77,4522.34,4522.7
1787268960,4522.71,4524.4,4520.99,4524.34
1787269140,4524.295,4524.975,4523.285,4524.605
1787269320,4524.595,4524.96,4523.75,4524.605
1787269500,4524.565,4525.575,4523.2,4525.345
1787269680,4525.35,4527.865,4525.005,4527.34
1787269860,4527.245,4527.62,4525.98,4527.27
1787270040,4527.355,4528.25,4526.1,4526.74
1787270220,4526.735,4527.725,4526.025,4526.405
